sku;designation_final;measurement_final;weight_final;decision;reason;qa_validated;occurrences;engines;source_ids;source_pages;qa_summary_json;import_decision;import_reason
135M55009/1;STRAP 75 X20;;0.06 KGM;import;qa_ok_importar_found;true;16;12V4000M53, 16V4000M73, 16V4000M73L, 20V4000M93, 20V4000M93L;RB-12V4000M53-000732, RB-12V4000M53-003863, RB-16V4000M73-000794, RB-16V4000M73-003988, RB-16V4000M73-007182, RB-16V4000M73-010388, RB-16V4000M73L-000658, RB-16V4000M73L-003988, RB-16V4000M73L-006476, RB-16V4000M73L-008985, RB-20V4000M93-000821, RB-20V4000M93-004534, RB-20V4000M93-008247, RB-20V4000M93-011960, RB-20V4000M93L-000765, RB-20V4000M93L-004336;111, 466, 131, 485, 839, 1194, 117, 602, 947, 1290, 130, 526, 922, 1318, 1230, 1607;"{""total_rows"":16,""count_ok_importar"":16,""count_ok_eliminar"":0,""count_pending"":0,""count_review_action"":0,""count_other"":0}";import;qa_ok_importar_found
635H22706/2;SWITCH E-STOP 45MM W/ SELF MONITORING CO;;148,900 G;import;qa_ok_importar_found;true;32;12V4000M40A, 12V4000M53, 12V4000M70, 16V4000M61, 16V4000M73, 16V4000M73L, 16V4000M90, 20V4000M93, 20V4000M93L;RB-12V4000M40A-002281, RB-12V4000M53-002862, RB-12V4000M53-002865, RB-12V4000M53-006013, RB-12V4000M53-006016, RB-12V4000M70-002483, RB-12V4000M70-002484, RB-12V4000M70-004987, RB-12V4000M70-004988, RB-16V4000M61-002097, RB-16V4000M61-002098, RB-16V4000M61-005033, RB-16V4000M61-005034, RB-16V4000M73-002655, RB-16V4000M73-005849, RB-16V4000M73-009055, RB-16V4000M73-012255, RB-16V4000M73L-002362, RB-16V4000M73L-005517, RB-16V4000M73L-008033, RB-16V4000M73L-010538, RB-16V4000M90-002139, RB-20V4000M93-003050, RB-20V4000M93-003053, RB-20V4000M93-006763, RB-20V4000M93-006766, RB-20V4000M93-010476, RB-20V4000M93-010479, RB-20V4000M93-014189, RB-20V4000M93-014192, RB-20V4000M93L-003314, RB-20V4000M93L-006968;346, 338, 701, 334, 671, 807, 320, 674, 1029, 1383, 337, 799, 1142, 1477, 303, 342, 343, 738, 739, 1134, 1135, 1530, 1531, 1466, 1850;"{""total_rows"":32,""count_ok_importar"":32,""count_ok_eliminar"":0,""count_pending"":0,""count_review_action"":0,""count_other"":0}";import;qa_ok_importar_found
000000002970;HEX SCREW;M 12 X 70;0.065 KGM;import;qa_ok_importar_found;true;36;12V4000M53, 16V4000M73, 16V4000M73L, 20V4000M93, 20V4000M93L;RB-12V4000M53-001756, RB-12V4000M53-002173, RB-12V4000M53-004887, RB-12V4000M53-005304, RB-16V4000M73-002313, RB-16V4000M73-002449, RB-16V4000M73-005507, RB-16V4000M73-005643, RB-16V4000M73-008713, RB-16V4000M73-008849, RB-16V4000M73-011913, RB-16V4000M73-012049, RB-16V4000M73L-001650, RB-16V4000M73L-001882, RB-16V4000M73L-004981, RB-16V4000M73L-005213, RB-16V4000M73L-007469, RB-16V4000M73L-007701, RB-16V4000M73L-009975, RB-16V4000M73L-010205, RB-20V4000M93-002711, RB-20V4000M93-002753, RB-20V4000M93-002843, RB-20V4000M93-006424, RB-20V4000M93-006466, RB-20V4000M93-006556, RB-20V4000M93-010137, RB-20V4000M93-010179, RB-20V4000M93-010269, RB-20V4000M93-013850, RB-20V4000M93-013892, RB-20V4000M93-013982, RB-20V4000M93L-002746, RB-20V4000M93L-002893, RB-20V4000M93L-006376, RB-20V4000M93L-006523;228, 261, 583, 616, 277, 293, 631, 647, 986, 1002, 1340, 1356, 238, 255, 724, 741, 1069, 1086, 1405, 1422, 292, 300, 309, 688, 696, 705, 1084, 1092, 1101, 1480, 1488, 1497, 1400, 1418, 1780, 1798;"{""total_rows"":36,""count_ok_importar"":36,""count_ok_eliminar"":0,""count_pending"":0,""count_review_action"":0,""count_other"":0}";import;qa_ok_importar_found
000000003326;HEX SCREW;M 10 X 35;0.027 KGM;import;qa_ok_importar_found;true;132;12V4000M40A, 12V4000M53, 12V4000M70, 16V4000M61, 16V4000M73, 16V4000M73L, 16V4000M90, 20V4000M93, 20V4000M93L;RB-12V4000M40A-000553, RB-12V4000M53-000020, RB-12V4000M53-000733, RB-12V4000M53-001160, RB-12V4000M53-001166, RB-12V4000M53-001293, RB-12V4000M53-001413, RB-12V4000M53-002088, RB-12V4000M53-002224, RB-12V4000M53-003159, RB-12V4000M53-003864, RB-12V4000M53-004291, RB-12V4000M53-004297, RB-12V4000M53-004424, RB-12V4000M53-004544, RB-12V4000M53-005219, RB-12V4000M53-005355, RB-12V4000M70-000540, RB-12V4000M70-000570, RB-12V4000M70-002303, RB-12V4000M70-002359, RB-12V4000M70-003099, RB-12V4000M70-003129, RB-12V4000M70-004807, RB-12V4000M70-004863, RB-16V4000M61-000014, RB-16V4000M61-000499, RB-16V4000M61-002271, RB-16V4000M61-003124, RB-16V4000M61-003610, RB-16V4000M61-005207, RB-16V4000M73-001131, RB-16V4000M73-001207, RB-16V4000M73-001334, RB-16V4000M73-001571, RB-16V4000M73-002105, RB-16V4000M73-002399, RB-16V4000M73-002428, RB-16V4000M73-002454, RB-16V4000M73-004325, RB-16V4000M73-004401, RB-16V4000M73-004528, RB-16V4000M73-004765, RB-16V4000M73-005299, RB-16V4000M73-005593, RB-16V4000M73-005622, RB-16V4000M73-005648, RB-16V4000M73-007519, RB-16V4000M73-007595, RB-16V4000M73-007722, RB-16V4000M73-007971, RB-16V4000M73-008505, RB-16V4000M73-008799, RB-16V4000M73-008828, RB-16V4000M73-008854, RB-16V4000M73-010725, RB-16V4000M73-010801, RB-16V4000M73-010928, RB-16V4000M73-011177, RB-16V4000M73-011705, RB-16V4000M73-011999, RB-16V4000M73-012028, RB-16V4000M73-012054, RB-16V4000M73L-000968, RB-16V4000M73L-001033, RB-16V4000M73L-001381, RB-16V4000M73L-001705, RB-16V4000M73L-001885, RB-16V4000M73L-001978, RB-16V4000M73L-004299, RB-16V4000M73L-004364, RB-16V4000M73L-004712, RB-16V4000M73L-005036, RB-16V4000M73L-005216, RB-16V4000M73L-005309, RB-16V4000M73L-006787, RB-16V4000M73L-006852, RB-16V4000M73L-007200, RB-16V4000M73L-007524, RB-16V4000M73L-007704, RB-16V4000M73L-007797, RB-16V4000M73L-009293, RB-16V4000M73L-009358, RB-16V4000M73L-009706, RB-16V4000M73L-010030, RB-16V4000M73L-010208, RB-16V4000M73L-010303, RB-16V4000M90-000014, RB-16V4000M90-000608, RB-16V4000M90-000638, RB-20V4000M93-001576, RB-20V4000M93-001785, RB-20V4000M93-002314, RB-20V4000M93-002793, RB-20V4000M93-002809, RB-20V4000M93-002822, RB-20V4000M93-002848, RB-20V4000M93-005289, RB-20V4000M93-005498, RB-20V4000M93-006027, RB-20V4000M93-006506, RB-20V4000M93-006522, RB-20V4000M93-006535, RB-20V4000M93-006561, RB-20V4000M93-009002, RB-20V4000M93-009211, RB-20V4000M93-009740, RB-20V4000M93-010219, RB-20V4000M93-010235, RB-20V4000M93-010248, RB-20V4000M93-010274, RB-20V4000M93-012715, RB-20V4000M93-012924, RB-20V4000M93-013453, RB-20V4000M93-013932, RB-20V4000M93-013948, RB-20V4000M93-013961, RB-20V4000M93-013987, RB-20V4000M93L-001437, RB-20V4000M93L-001926, RB-20V4000M93L-002354, RB-20V4000M93L-002839, RB-20V4000M93L-002855, RB-20V4000M93L-002868, RB-20V4000M93L-002898, RB-20V4000M93L-005008, RB-20V4000M93L-005556, RB-20V4000M93L-005984, RB-20V4000M93L-006469, RB-20V4000M93L-006485, RB-20V4000M93L-006498, RB-20V4000M93L-006528;104, 22, 111, 160, 163, 174, 194, 249, 265, 377, 466, 515, 518, 529, 549, 604, 620, 113, 114, 318, 319, 452, 453, 655, 656, 12, 95, 349, 519, 602, 818, 168, 180, 189, 216, 267, 287, 288, 293, 522, 534, 543, 570, 621, 641, 642, 647, 876, 888, 897, 925, 976, 996, 997, 1002, 1231, 1243, 1252, 1280, 1330, 1350, 1351, 1356, 153, 169, 207, 243, 255, 263, 639, 693, 729, 741, 749, 984, 1000, 1038, 1074, 1086, 1094, 1325, 1340, 1376, 1410, 1422, 1430, 17, 119, 120, 206, 233, 276, 302, 303, 309, 629, 672, 698, 699, 705, 998, 1025, 1068, 1095, 1101, 1394, 1421, 1464, 1490, 1491, 1497, 1294, 1343, 1384, 1411, 1412, 1418, 1671, 1723, 1764, 1791, 1792, 1798;"{""total_rows"":132,""count_ok_importar"":132,""count_ok_eliminar"":0,""count_pending"":0,""count_review_action"":0,""count_other"":0}";import;qa_ok_importar_found
000000004744;HEX NUT;M 12;0.014 KGM;import;qa_ok_importar_found;true;54;12V4000M53, 16V4000M73, 16V4000M73L, 20V4000M93, 20V4000M93L;RB-12V4000M53-000993, RB-12V4000M53-001345, RB-12V4000M53-001792, RB-12V4000M53-002051, RB-12V4000M53-004124, RB-12V4000M53-004476, RB-12V4000M53-004923, RB-12V4000M53-005182, RB-16V4000M73-000312, RB-16V4000M73-001005, RB-16V4000M73-001177, RB-16V4000M73-001882, RB-16V4000M73-003506, RB-16V4000M73-004199, RB-16V4000M73-004371, RB-16V4000M73-005076, RB-16V4000M73-006700, RB-16V4000M73-007393, RB-16V4000M73-007565, RB-16V4000M73-008282, RB-16V4000M73-009906, RB-16V4000M73-010599, RB-16V4000M73-010771, RB-16V4000M73-011482, RB-16V4000M73L-000244, RB-16V4000M73L-000851, RB-16V4000M73L-001005, RB-16V4000M73L-001931, RB-16V4000M73L-003574, RB-16V4000M73L-004181, RB-16V4000M73L-004336, RB-16V4000M73L-005262, RB-16V4000M73L-006062, RB-16V4000M73L-006669, RB-16V4000M73L-006824, RB-16V4000M73L-007750, RB-16V4000M73L-008571, RB-16V4000M73L-009176, RB-16V4000M73L-009330, RB-16V4000M73L-010256, RB-20V4000M93-001156, RB-20V4000M93-002222, RB-20V4000M93-004869, RB-20V4000M93-005935, RB-20V4000M93-008582, RB-20V4000M93-009648, RB-20V4000M93-012295, RB-20V4000M93-013361, RB-20V4000M93L-000298, RB-20V4000M93L-001093, RB-20V4000M93L-002218, RB-20V4000M93L-003832, RB-20V4000M93L-004664, RB-20V4000M93L-005848;138, 184, 234, 247, 493, 539, 589, 602, 55, 151, 175, 248, 409, 505, 529, 763, 859, 883, 957, 1118, 1214, 1238, 1311, 43, 136, 161, 260, 528, 621, 647, 746, 873, 966, 992, 1091, 1216, 1308, 1333, 1427, 156, 268, 552, 664, 948, 1060, 1344, 1456, 1152, 1254, 1371, 1525, 1631, 1751;"{""total_rows"":54,""count_ok_importar"":54,""count_ok_eliminar"":0,""count_pending"":0,""count_review_action"":0,""count_other"":0}";import;qa_ok_importar_found
41458;LEAD SEAL;0,5 - 0,3;1 KG;import;qa_ok_importar_found;true;5;12V4000M40A, 12V4000M70, 16V4000M61;RB-12V4000M40A-002729, RB-12V4000M70-002547, RB-12V4000M70-005051, RB-16V4000M61-002393, RB-16V4000M61-005329;404, 343, 680, 363, 832;"{""total_rows"":5,""count_ok_importar"":5,""count_ok_eliminar"":0,""count_pending"":0,""count_review_action"":0,""count_other"":0}";import;qa_ok_importar_found
50667;GREASE;1 TIN = 1 KG;1.116 KGM;import;qa_ok_importar_found;true;3;12V4000M40A, 16V4000M90;RB-12V4000M40A-000897, RB-12V4000M40A-000921, RB-16V4000M90-001123;154, 157, 168;"{""total_rows"":3,""count_ok_importar"":3,""count_ok_eliminar"":0,""count_pending"":0,""count_review_action"":0,""count_other"":0}";import;qa_ok_importar_found
0000100070;MANIFOLD;;1.347 KGM;import;qa_ok_importar_found;true;6;12V4000M40A, 12V4000M70, 16V4000M61, 16V4000M90;RB-12V4000M40A-000142, RB-12V4000M70-000155, RB-12V4000M70-002714, RB-16V4000M61-000139, RB-16V4000M61-003249, RB-16V4000M90-000150;29, 41, 380, 28, 535, 34;"{""total_rows"":6,""count_ok_importar"":6,""count_ok_eliminar"":0,""count_pending"":0,""count_review_action"":0,""count_other"":0}";import;qa_ok_importar_found
0000352500;DAMPER;;87,000 kg;import;qa_ok_importar_found;true;6;12V4000M40A, 12V4000M70, 16V4000M61, 16V4000M90;RB-12V4000M40A-000286, RB-12V4000M70-000288, RB-12V4000M70-002847, RB-16V4000M61-000262, RB-16V4000M61-003372, RB-16V4000M90-000296;51, 62, 401, 46, 553, 56;"{""total_rows"":6,""count_ok_importar"":6,""count_ok_eliminar"":0,""count_pending"":0,""count_review_action"":0,""count_other"":0}";import;qa_ok_importar_found
0000787949;VALVE FLOW RESTRICTOR;;408,600 G;import;qa_ok_importar_found;true;1;12V4000M40A;RB-12V4000M40A-000455;92;"{""total_rows"":1,""count_ok_importar"":1,""count_ok_eliminar"":0,""count_pending"":0,""count_review_action"":0,""count_other"":0}";import;qa_ok_importar_found
0000983018;ACTUATING CYLINDER;;1,285 KG;import;qa_ok_importar_found;true;10;16V4000M73L, 20V4000M93L;RB-16V4000M73L-000918, RB-16V4000M73L-001113, RB-16V4000M73L-004249, RB-16V4000M73L-004444, RB-16V4000M73L-006737, RB-16V4000M73L-006932, RB-20V4000M93L-001176, RB-20V4000M93L-001534, RB-20V4000M93L-004747, RB-20V4000M93L-005105;149, 174, 635, 660, 980, 1005, 1267, 1298, 1644, 1675;"{""total_rows"":10,""count_ok_importar"":10,""count_ok_eliminar"":0,""count_pending"":0,""count_review_action"":0,""count_other"":0}";import;qa_ok_importar_found
0001400182;BELLOWS TURBO EXHAUS T TUBE;;15.166 kg;import;qa_ok_importar_found;true;1;16V4000M90;RB-16V4000M90-001174;172;"{""total_rows"":1,""count_ok_importar"":1,""count_ok_eliminar"":0,""count_pending"":0,""count_review_action"":0,""count_other"":0}";import;qa_ok_importar_found
0001400182/31;EXHAUST PIPE BELLOWS LR ACCEPTANCE;;13,740 KG;import;qa_ok_importar_found;true;2;16V4000M61;RB-16V4000M61-001023, RB-16V4000M61-004098;168, 671;"{""total_rows"":2,""count_ok_importar"":2,""count_ok_eliminar"":0,""count_pending"":0,""count_review_action"":0,""count_other"":0}";import;qa_ok_importar_found
0001501150;ALT ASM F50301-120A/28V AVF-HUNGARY;;15.970 kg;import;qa_ok_importar_found;true;1;16V4000M90;RB-16V4000M90-001931;266;"{""total_rows"":1,""count_ok_importar"":1,""count_ok_eliminar"":0,""count_pending"":0,""count_review_action"":0,""count_other"":0}";import;qa_ok_importar_found
0001501927;COUPLING;;2.692 kg;import;qa_ok_importar_found;true;1;16V4000M90;RB-16V4000M90-001932;266;"{""total_rows"":1,""count_ok_importar"":1,""count_ok_eliminar"":0,""count_pending"":0,""count_review_action"":0,""count_other"":0}";import;qa_ok_importar_found
0001880846;PLATE;;0.74 KGM;import;qa_ok_importar_found;true;6;12V4000M40A, 12V4000M70, 16V4000M61, 16V4000M90;RB-12V4000M40A-001267, RB-12V4000M70-001525, RB-12V4000M70-004029, RB-16V4000M61-001324, RB-16V4000M61-004400, RB-16V4000M90-001388;208, 222, 559, 205, 707, 200;"{""total_rows"":6,""count_ok_importar"":6,""count_ok_eliminar"":0,""count_pending"":0,""count_review_action"":0,""count_other"":0}";import;qa_ok_importar_found
0002035583;BELLOWS RUBBER 125 DN 210 BOLT CIRCLE;STD EL 145 MM , DN 125 MM;10,954 KG;import;qa_ok_importar_found;true;7;12V4000M40A, 12V4000M53, 12V4000M70, 16V4000M61;RB-12V4000M40A-002038, RB-12V4000M53-002395, RB-12V4000M53-005528, RB-12V4000M70-002205, RB-12V4000M70-004709, RB-16V4000M61-001913, RB-16V4000M61-004970;310, 297, 654, 309, 646, 301, 792;"{""total_rows"":7,""count_ok_importar"":7,""count_ok_eliminar"":0,""count_pending"":0,""count_review_action"":0,""count_other"":0}";import;qa_ok_importar_found
0002035683;RUBBER BELLOWS;STD EL 145 MM,DN 150 MM;13.8 KGM;import;qa_ok_importar_found;true;1;20V4000M93L;RB-20V4000M93L-006748;1834;"{""total_rows"":1,""count_ok_importar"":1,""count_ok_eliminar"":0,""count_pending"":0,""count_review_action"":0,""count_other"":0}";import;qa_ok_importar_found
0002039496;PREHEATING UNIT;;63.975 kg;import;qa_ok_importar_found;true;1;20V4000M93L;RB-20V4000M93L-005927;1760;"{""total_rows"":1,""count_ok_importar"":1,""count_ok_eliminar"":0,""count_pending"":0,""count_review_action"":0,""count_other"":0}";import;qa_ok_importar_found
0002041620;FILTER HEAD;;;import;qa_ok_importar_found;true;2;20V4000M93L;RB-20V4000M93L-002286, RB-20V4000M93L-005916;1376, 1756;"{""total_rows"":2,""count_ok_importar"":2,""count_ok_eliminar"":0,""count_pending"":0,""count_review_action"":0,""count_other"":0}";import;qa_ok_importar_found
5132155;SEAL RING;;20.000 g;import;qa_ok_importar_found;true;2;12V4000M40A, 16V4000M90;RB-12V4000M40A-001799, RB-16V4000M90-001801;267, 242;"{""total_rows"":2,""count_ok_importar"":2,""count_ok_eliminar"":0,""count_pending"":0,""count_review_action"":0,""count_other"":0}";import;qa_ok_importar_found
05132155;SEALING RING;;0.019 KGM;import;qa_ok_importar_found;true;7;12V4000M53, 12V4000M70, 16V4000M61, 20V4000M93L;RB-12V4000M53-002196, RB-12V4000M53-005327, RB-12V4000M70-001991, RB-12V4000M70-004495, RB-16V4000M61-001692, RB-16V4000M61-004768, RB-20V4000M93L-007199;264, 619, 269, 606, 251, 752, 1876;"{""total_rows"":7,""count_ok_importar"":7,""count_ok_eliminar"":0,""count_pending"":0,""count_review_action"":0,""count_other"":0}";import;qa_ok_importar_found
0005313789;AUDIBLE ALARM;D=52MM;105.000 g;import;qa_ok_importar_found;true;1;16V4000M90;RB-16V4000M90-002530;355;"{""total_rows"":1,""count_ok_importar"":1,""count_ok_eliminar"":0,""count_pending"":0,""count_review_action"":0,""count_other"":0}";import;qa_ok_importar_found
0005330732;HANDLE;A=88, H=32, D=8;;import;qa_ok_importar_found;true;2;12V4000M40A;RB-12V4000M40A-002367, RB-12V4000M40A-002635;358, 388;"{""total_rows"":2,""count_ok_importar"":2,""count_ok_eliminar"":0,""count_pending"":0,""count_review_action"":0,""count_other"":0}";import;qa_ok_importar_found
0005336343;PIPE;T-ABZWEIG 17-17-17;26.400 g;import;qa_ok_importar_found;true;8;12V4000M40A, 16V4000M61, 16V4000M90, 20V4000M93L;RB-12V4000M40A-002297, RB-16V4000M61-002114, RB-16V4000M61-005050, RB-16V4000M90-002155, RB-20V4000M93L-003332, RB-20V4000M93L-003394, RB-20V4000M93L-006986, RB-20V4000M93L-007048;348, 340, 809, 305, 1469, 1472, 1853, 1856;"{""total_rows"":8,""count_ok_importar"":8,""count_ok_eliminar"":0,""count_pending"":0,""count_review_action"":0,""count_other"":0}";import;qa_ok_importar_found
0005353703;LEVEL MONITOR;M18X1,5, L=124, ET=50, 9-36VDC;185,000 g;import;qa_ok_importar_found;true;2;12V4000M70;RB-12V4000M70-000702, RB-12V4000M70-003261;121, 460;"{""total_rows"":2,""count_ok_importar"":2,""count_ok_eliminar"":0,""count_pending"":0,""count_review_action"":0,""count_other"":0}";import;qa_ok_importar_found
0005356430;TEMPERATURE SENSOR;M14X1,5, L=29, STECKER DIN72585,;0.045 KGM;import;qa_ok_importar_found;true;115;12V4000M40A, 12V4000M53, 12V4000M70, 16V4000M61, 16V4000M73, 16V4000M73L, 16V4000M90, 20V4000M93, 20V4000M93L;RB-12V4000M40A-002091, RB-12V4000M40A-002275, RB-12V4000M53-002845, RB-12V4000M53-002846, RB-12V4000M53-002847, RB-12V4000M53-002848, RB-12V4000M53-002873, RB-12V4000M53-005996, RB-12V4000M53-005997, RB-12V4000M53-005998, RB-12V4000M53-005999, RB-12V4000M53-006024, RB-12V4000M70-002214, RB-12V4000M70-002470, RB-12V4000M70-002471, RB-12V4000M70-002472, RB-12V4000M70-002473, RB-12V4000M70-002474, RB-12V4000M70-004718, RB-12V4000M70-004974, RB-12V4000M70-004975, RB-12V4000M70-004976, RB-12V4000M70-004977, RB-12V4000M70-004978, RB-16V4000M61-002067, RB-16V4000M61-002090, RB-16V4000M61-005003, RB-16V4000M61-005026, RB-16V4000M73-002642, RB-16V4000M73-002658, RB-16V4000M73-002671, RB-16V4000M73-005836, RB-16V4000M73-005852, RB-16V4000M73-005865, RB-16V4000M73-009042, RB-16V4000M73-009058, RB-16V4000M73-009071, RB-16V4000M73-012242, RB-16V4000M73-012258, RB-16V4000M73-012271, RB-16V4000M73L-002352, RB-16V4000M73L-005507, RB-16V4000M73L-008023, RB-16V4000M73L-010528, RB-16V4000M90-002128, RB-20V4000M93-003031, RB-20V4000M93-003032, RB-20V4000M93-003033, RB-20V4000M93-003034, RB-20V4000M93-003035, RB-20V4000M93-003058, RB-20V4000M93-003080, RB-20V4000M93-003081, RB-20V4000M93-003082, RB-20V4000M93-003083, RB-20V4000M93-003084, RB-20V4000M93-003085, RB-20V4000M93-003086, RB-20V4000M93-003087, RB-20V4000M93-003088, RB-20V4000M93-003089, RB-20V4000M93-006744, RB-20V4000M93-006745, RB-20V4000M93-006746, RB-20V4000M93-006747, RB-20V4000M93-006748, RB-20V4000M93-006771, RB-20V4000M93-006793, RB-20V4000M93-006794, RB-20V4000M93-006795, RB-20V4000M93-006796, RB-20V4000M93-006797, RB-20V4000M93-006798, RB-20V4000M93-006799, RB-20V4000M93-006800, RB-20V4000M93-006801, RB-20V4000M93-006802, RB-20V4000M93-010457, RB-20V4000M93-010458, RB-20V4000M93-010459, RB-20V4000M93-010460, RB-20V4000M93-010461, RB-20V4000M93-010484, RB-20V4000M93-010506, RB-20V4000M93-010507, RB-20V4000M93-010508, RB-20V4000M93-010509, RB-20V4000M93-010510, RB-20V4000M93-010511, RB-20V4000M93-010512, RB-20V4000M93-010513, RB-20V4000M93-010514, RB-20V4000M93-010515, RB-20V4000M93-014170, RB-20V4000M93-014171, RB-20V4000M93-014172, RB-20V4000M93-014173, RB-20V4000M93-014174, RB-20V4000M93-014197, RB-20V4000M93-014219, RB-20V4000M93-014220, RB-20V4000M93-014221, RB-20V4000M93-014222, RB-20V4000M93-014223, RB-20V4000M93-014224, RB-20V4000M93-014225, RB-20V4000M93-014226, RB-20V4000M93-014227, RB-20V4000M93-014228, RB-20V4000M93L-003307, RB-20V4000M93L-003317, RB-20V4000M93L-003326, RB-20V4000M93L-006961, RB-20V4000M93L-006971, RB-20V4000M93L-006980;328, 345, 338, 339, 701, 702, 314, 334, 651, 671, 337, 803, 806, 319, 320, 673, 674, 1028, 1029, 1382, 1383, 799, 1142, 1477, 302, 342, 343, 738, 739, 1134, 1135, 1530, 1531, 1466, 1850;"{""total_rows"":115,""count_ok_importar"":115,""count_ok_eliminar"":0,""count_pending"":0,""count_review_action"":0,""count_other"":0}";import;qa_ok_importar_found
0009902164;THREADED NIPPLE;M30X 1,5 / M32 X1,5;151.400 g;import;qa_ok_importar_found;true;15;16V4000M73, 16V4000M73L, 16V4000M90, 20V4000M93, 20V4000M93L;RB-16V4000M73-000753, RB-16V4000M73-003947, RB-16V4000M73-007141, RB-16V4000M73-010347, RB-16V4000M73L-000630, RB-16V4000M73L-003960, RB-16V4000M73L-006448, RB-16V4000M73L-008957, RB-16V4000M90-000763, RB-20V4000M93-000792, RB-20V4000M93-004505, RB-20V4000M93-008218, RB-20V4000M93-011931, RB-20V4000M93L-000732, RB-20V4000M93L-004303;125, 479, 833, 1188, 113, 598, 943, 1286, 124, 521, 917, 1313, 1224, 1601;"{""total_rows"":15,""count_ok_importar"":15,""count_ok_eliminar"":0,""count_pending"":0,""count_review_action"":0,""count_other"":0}";import;qa_ok_importar_found
0010107351;INJECTOR;;1,001 KG;import;qa_ok_importar_found;true;1;12V4000M40A;RB-12V4000M40A-000436;88;"{""total_rows"":1,""count_ok_importar"":1,""count_ok_eliminar"":0,""count_pending"":0,""count_review_action"":0,""count_other"":0}";import;qa_ok_importar_found
0011809501;OIL PRELUBE PMP 3 PHASE 26 L/MIN 50/60;3~ 230/400V 50/60HZ P(KW)0,75;17,380 KG;import;qa_ok_importar_found;true;10;12V4000M40A, 16V4000M61, 16V4000M73L, 16V4000M90, 20V4000M93L;RB-12V4000M40A-001129, RB-16V4000M61-001163, RB-16V4000M61-004239, RB-16V4000M73L-001391, RB-16V4000M73L-004722, RB-16V4000M73L-007210, RB-16V4000M73L-009716, RB-16V4000M90-001211, RB-20V4000M93L-001879, RB-20V4000M93L-005509;190, 185, 687, 210, 696, 1041, 1378, 180, 1337, 1717;"{""total_rows"":10,""count_ok_importar"":10,""count_ok_eliminar"":0,""count_pending"":0,""count_review_action"":0,""count_other"":0}";import;qa_ok_importar_found
0012030596;PREHEATER;;46,200 KG;import;qa_ok_importar_found;true;1;12V4000M40A;RB-12V4000M40A-001673;253;"{""total_rows"":1,""count_ok_importar"":1,""count_ok_eliminar"":0,""count_pending"":0,""count_review_action"":0,""count_other"":0}";import;qa_ok_importar_found
0015318481;ATTACHING ELEMENT;TYP MB 3 A;;import;qa_ok_importar_found;true;1;12V4000M40A;RB-12V4000M40A-002644;388;"{""total_rows"":1,""count_ok_importar"":1,""count_ok_eliminar"":0,""count_pending"":0,""count_review_action"":0,""count_other"":0}";import;qa_ok_importar_found
0019971871;UNION REDUCTION 1.5 IN X M52X2 AIR STRTR;;0.605 KGM;import;qa_ok_importar_found;true;2;20V4000M93L;RB-20V4000M93L-001608, RB-20V4000M93L-005238;1312, 1692;"{""total_rows"":2,""count_ok_importar"":2,""count_ok_eliminar"":0,""count_pending"":0,""count_review_action"":0,""count_other"":0}";import;qa_ok_importar_found
0021803301;OIL PUMP;;23.84 KGM;import;qa_ok_importar_found;true;3;12V4000M40A, 12V4000M70;RB-12V4000M40A-001160, RB-12V4000M70-001372, RB-12V4000M70-003876;195, 205, 542;"{""total_rows"":3,""count_ok_importar"":3,""count_ok_eliminar"":0,""count_pending"":0,""count_review_action"":0,""count_other"":0}";import;qa_ok_importar_found
23511991;GASKET;;100.000 g;import;qa_ok_importar_found;true;1;20V4000M93L;RB-20V4000M93L-007197;1876;"{""total_rows"":1,""count_ok_importar"":1,""count_ok_eliminar"":0,""count_pending"":0,""count_review_action"":0,""count_other"":0}";import;qa_ok_importar_found
23522269;GASKET;;224.000 g;import;qa_ok_importar_found;true;1;20V4000M93L;RB-20V4000M93L-007198;1876;"{""total_rows"":1,""count_ok_importar"":1,""count_ok_eliminar"":0,""count_pending"":0,""count_review_action"":0,""count_other"":0}";import;qa_ok_importar_found
23523779;HOSE;25.4X368.3;203.600 g;import;qa_ok_importar_found;true;6;20V4000M93, 20V4000M93L;RB-20V4000M93-000237, RB-20V4000M93-003950, RB-20V4000M93-007663, RB-20V4000M93-011376, RB-20V4000M93L-000234, RB-20V4000M93L-003768;41, 437, 833, 1229, 1143, 1516;"{""total_rows"":6,""count_ok_importar"":6,""count_ok_eliminar"":0,""count_pending"":0,""count_review_action"":0,""count_other"":0}";import;qa_ok_importar_found
23529480;PUMP ASM;SEPARATE CIRCUIT KEEL;3.976 kg;import;qa_ok_importar_found;true;1;20V4000M93L;RB-20V4000M93L-007202;1876;"{""total_rows"":1,""count_ok_importar"":1,""count_ok_eliminar"":0,""count_pending"":0,""count_review_action"":0,""count_other"":0}";import;qa_ok_importar_found
23540304;GASKET KIT;;71,400 g;import;qa_ok_importar_found;true;8;12V4000M40A, 12V4000M53, 12V4000M70, 16V4000M61, 16V4000M90;RB-12V4000M40A-001245, RB-12V4000M53-001450, RB-12V4000M53-004581, RB-12V4000M70-001503, RB-12V4000M70-004007, RB-16V4000M61-001302, RB-16V4000M61-004378, RB-16V4000M90-001366;203, 198, 553, 217, 554, 200, 702, 195;"{""total_rows"":8,""count_ok_importar"":8,""count_ok_eliminar"":0,""count_pending"":0,""count_review_action"":0,""count_other"":0}";import;qa_ok_importar_found
23540432;FILTER 4 LITER CENTRIFUGAL SPINNER OIL;;22.000 kg;import;qa_ok_importar_found;true;14;16V4000M73, 16V4000M73L, 20V4000M93, 20V4000M93L;RB-16V4000M73-001713, RB-16V4000M73-004907, RB-16V4000M73-008113, RB-16V4000M73-011313, RB-16V4000M73L-001546, RB-16V4000M73L-004877, RB-16V4000M73L-007365, RB-16V4000M73L-009871, RB-20V4000M93-001927, RB-20V4000M93-005640, RB-20V4000M93-009353, RB-20V4000M93-013066, RB-20V4000M93L-002064, RB-20V4000M93L-005694;227, 581, 936, 1290, 224, 710, 1055, 1392, 241, 637, 1033, 1429, 1352, 1732;"{""total_rows"":14,""count_ok_importar"":14,""count_ok_eliminar"":0,""count_pending"":0,""count_review_action"":0,""count_other"":0}";import;qa_ok_importar_found
23540465;PAPER ELEMENT;1 ST. GLEICH 1 PAPIERSTREIFEN;0.002 kg;import;qa_ok_importar_found;true;14;16V4000M73, 16V4000M73L, 20V4000M93, 20V4000M93L;RB-16V4000M73-001730, RB-16V4000M73-004924, RB-16V4000M73-008130, RB-16V4000M73-011330, RB-16V4000M73L-001563, RB-16V4000M73L-004894, RB-16V4000M73L-007382, RB-16V4000M73L-009888, RB-20V4000M93-001944, RB-20V4000M93-005657, RB-20V4000M93-009370, RB-20V4000M93-013083, RB-20V4000M93L-002081, RB-20V4000M93L-005711;229, 583, 938, 1292, 226, 712, 1057, 1394, 243, 639, 1035, 1431, 1354, 1734;"{""total_rows"":14,""count_ok_importar"":14,""count_ok_eliminar"":0,""count_pending"":0,""count_review_action"":0,""count_other"":0}";import;qa_ok_importar_found
25640456;ROTOR COVER;;;import;qa_ok_importar_found;true;2;20V4000M93L;RB-20V4000M93L-002075, RB-20V4000M93L-005705;1354, 1734;"{""total_rows"":2,""count_ok_importar"":2,""count_ok_eliminar"":0,""count_pending"":0,""count_review_action"":0,""count_other"":0}";import;qa_ok_importar_found
0035351731;PRESSURE SENSOR;"G1/4""A,SW27,L=64, 15BAR REL";95.000 g;import;qa_ok_importar_found;true;6;12V4000M40A, 16V4000M61, 16V4000M90, 20V4000M93L;RB-12V4000M40A-002265, RB-16V4000M61-002080, RB-16V4000M61-005016, RB-16V4000M90-002135, RB-20V4000M93L-003301, RB-20V4000M93L-006955;345, 337, 806, 303, 1466, 1850;"{""total_rows"":6,""count_ok_importar"":6,""count_ok_eliminar"":0,""count_pending"":0,""count_review_action"":0,""count_other"":0}";import;qa_ok_importar_found
0035352931;PRESSURE SENSOR;M18X 1,5,SW27,L=56, KEGEL- ORING;163,200 G;import;qa_ok_importar_found;true;5;16V4000M73L, 20V4000M93L;RB-16V4000M73L-002349, RB-16V4000M73L-005504, RB-16V4000M73L-008020, RB-20V4000M93L-003304, RB-20V4000M93L-006958;337, 799, 1142, 1466, 1850;"{""total_rows"":5,""count_ok_importar"":5,""count_ok_eliminar"":0,""count_pending"":0,""count_review_action"":0,""count_other"":0}";import;qa_ok_importar_found
0045315281;RETAINER FOR TERMINAL;B = 6 MM;0.003 KGM;import;qa_ok_importar_found;true;4;12V4000M40A, 16V4000M61;RB-12V4000M40A-002389, RB-12V4000M40A-002637, RB-16V4000M61-002025, RB-16V4000M61-002603;358, 388, 328, 401;"{""total_rows"":4,""count_ok_importar"":4,""count_ok_eliminar"":0,""count_pending"":0,""count_review_action"":0,""count_other"":0}";import;qa_ok_importar_found
0045358831;PRESSURE SENSOR;M14X1,5, SW=27, 0-6BAR_RELATIV,;113,600 G;import;qa_ok_importar_found;true;11;12V4000M40A, 16V4000M61, 16V4000M73L, 20V4000M93L;RB-12V4000M40A-001407, RB-12V4000M40A-002262, RB-16V4000M61-001390, RB-16V4000M61-002077, RB-16V4000M61-004466, RB-16V4000M61-005013, RB-16V4000M73L-001586, RB-16V4000M73L-004917, RB-16V4000M73L-007405, RB-20V4000M93L-002192, RB-20V4000M93L-005822;225, 345, 214, 337, 716, 806, 229, 715, 1060, 1364, 1744;"{""total_rows"":11,""count_ok_importar"":11,""count_ok_eliminar"":0,""count_pending"":0,""count_review_action"":0,""count_other"":0}";import;qa_ok_importar_found
0045358931;PRESSURE SENSOR;M14X1,5,SW=27,0-6BAR_RELATIV,;142,300 G;import;qa_ok_importar_found;true;13;12V4000M40A, 16V4000M61, 16V4000M73, 16V4000M73L, 20V4000M93L;RB-12V4000M40A-002093, RB-16V4000M61-002069, RB-16V4000M61-005005, RB-16V4000M73-002657, RB-16V4000M73-005851, RB-16V4000M73-009057, RB-16V4000M73-012257, RB-16V4000M73L-002363, RB-16V4000M73L-005518, RB-16V4000M73L-008034, RB-16V4000M73L-010539, RB-20V4000M93L-003316, RB-20V4000M93L-006970;328, 334, 803, 320, 674, 1029, 1383, 337, 799, 1142, 1477, 1466, 1850;"{""total_rows"":13,""count_ok_importar"":13,""count_ok_eliminar"":0,""count_pending"":0,""count_review_action"":0,""count_other"":0}";import;qa_ok_importar_found
0052031775;THERMAL ACTUATOR;;175,000 g;import;qa_ok_importar_found;true;2;12V4000M53;RB-12V4000M53-002195, RB-12V4000M53-005326;264, 619;"{""total_rows"":2,""count_ok_importar"":2,""count_ok_eliminar"":0,""count_pending"":0,""count_review_action"":0,""count_other"":0}";import;qa_ok_importar_found
0052031875;THERMAL ACTUATOR;;174,800 G;import;qa_ok_importar_found;true;8;12V4000M40A, 12V4000M53, 12V4000M70, 16V4000M61, 16V4000M90;RB-12V4000M40A-001798, RB-12V4000M53-002194, RB-12V4000M53-005325, RB-12V4000M70-001990, RB-12V4000M70-004494, RB-16V4000M61-001691, RB-16V4000M61-004767, RB-16V4000M90-001800;267, 264, 619, 269, 606, 251, 752, 242;"{""total_rows"":8,""count_ok_importar"":8,""count_ok_eliminar"":0,""count_pending"":0,""count_review_action"":0,""count_other"":0}";import;qa_ok_importar_found
0055345410;SWITCH;;11,800 G;import;qa_ok_importar_found;true;3;12V4000M40A;RB-12V4000M40A-002538, RB-12V4000M40A-002563, RB-12V4000M40A-002587;378, 379, 380;"{""total_rows"":3,""count_ok_importar"":3,""count_ok_eliminar"":0,""count_pending"":0,""count_review_action"":0,""count_other"":0}";import;qa_ok_importar_found
0065312481;TERMINAL;2X3POLIG, 125V/7,5A;0.003 KGM;import;qa_ok_importar_found;true;2;16V4000M90;RB-16V4000M90-002571, RB-16V4000M90-002650;365, 388;"{""total_rows"":2,""count_ok_importar"":2,""count_ok_eliminar"":0,""count_pending"":0,""count_review_action"":0,""count_other"":0}";import;qa_ok_importar_found
0065312581;TERMINAL;2X4POLIG, 125V/7,5A;4.000 g;import;qa_ok_importar_found;true;6;16V4000M61, 16V4000M90;RB-16V4000M61-003098, RB-16V4000M90-002553, RB-16V4000M90-002566, RB-16V4000M90-002573, RB-16V4000M90-002644, RB-16V4000M90-002856;498, 358, 363, 366, 387, 421;"{""total_rows"":6,""count_ok_importar"":6,""count_ok_eliminar"":0,""count_pending"":0,""count_review_action"":0,""count_other"":0}";import;qa_ok_importar_found
0065312781;SEPARABLE CONNECTOR;2X10POLIG, 125V/7,5A;3.000 g;import;qa_ok_importar_found;true;1;16V4000M90;RB-16V4000M90-002552;357;"{""total_rows"":1,""count_ok_importar"":1,""count_ok_eliminar"":0,""count_pending"":0,""count_review_action"":0,""count_other"":0}";import;qa_ok_importar_found
0065313225;CAPACITOR;63V, +50%-10%, 107,5X35,7MM,M8;2,000 g;import;qa_ok_importar_found;true;2;12V4000M70;RB-12V4000M70-002532, RB-12V4000M70-005036;343, 680;"{""total_rows"":2,""count_ok_importar"":2,""count_ok_eliminar"":0,""count_pending"":0,""count_review_action"":0,""count_other"":0}";import;qa_ok_importar_found
0065314481;SEPARABLE CONNECTOR;32X15,6X20,6, 2X7P. 125V/ 7,5A;5.000 g;import;qa_ok_importar_found;true;3;16V4000M61, 16V4000M90;RB-16V4000M61-003077, RB-16V4000M90-002562, RB-16V4000M90-002645;495, 361, 387;"{""total_rows"":3,""count_ok_importar"":3,""count_ok_eliminar"":0,""count_pending"":0,""count_review_action"":0,""count_other"":0}";import;qa_ok_importar_found
0095314348;INTEGRATED CIRCUIT;DIP-8, EEPROM_8KX8_SER,TWR_10MS,;;import;qa_ok_importar_found;true;6;12V4000M40A, 16V4000M61;RB-12V4000M40A-002456, RB-12V4000M40A-002477, RB-12V4000M40A-002674, RB-12V4000M40A-002743, RB-16V4000M61-002408, RB-16V4000M61-005344;360, 367, 390, 410, 368, 837;"{""total_rows"":6,""count_ok_importar"":6,""count_ok_eliminar"":0,""count_pending"":0,""count_review_action"":0,""count_other"":0}";import;qa_ok_importar_found
0105314680;CABLE;8X2,5MM2, + 1X2X0,75MM;0.46 KGM;import;qa_ok_importar_found;true;6;16V4000M73L;RB-16V4000M73L-002797, RB-16V4000M73L-002836, RB-16V4000M73L-002875, RB-16V4000M73L-011208, RB-16V4000M73L-011247, RB-16V4000M73L-011286;401, 404, 408, 1598, 1601, 1605;"{""total_rows"":6,""count_ok_importar"":6,""count_ok_eliminar"":0,""count_pending"":0,""count_review_action"":0,""count_other"":0}";import;qa_ok_importar_found
000125010521;WASHER;A 10,5;4.000 g;import;qa_ok_importar_found;true;14;16V4000M73, 16V4000M73L, 20V4000M93, 20V4000M93L;RB-16V4000M73-000763, RB-16V4000M73-003957, RB-16V4000M73-007151, RB-16V4000M73-010357, RB-16V4000M73L-000640, RB-16V4000M73L-003970, RB-16V4000M73L-006458, RB-16V4000M73L-008967, RB-20V4000M93-000802, RB-20V4000M93-004515, RB-20V4000M93-008228, RB-20V4000M93-011941, RB-20V4000M93L-000742, RB-20V4000M93L-004313;126, 480, 834, 1189, 114, 599, 944, 1287, 522, 918, 1314, 1225, 1602;"{""total_rows"":14,""count_ok_importar"":14,""count_ok_eliminar"":0,""count_pending"":0,""count_review_action"":0,""count_other"":0}";import;qa_ok_importar_found
0155315283;BAYONET COUPLING;"GR.16;26POL;PIN;AWG20";40 G;import;qa_ok_importar_found;true;4;12V4000M40A, 16V4000M61, 16V4000M90;RB-12V4000M40A-002294, RB-16V4000M61-002111, RB-16V4000M61-005047, RB-16V4000M90-002152;348, 340, 809, 305;"{""total_rows"":4,""count_ok_importar"":4,""count_ok_eliminar"":0,""count_pending"":0,""count_review_action"":0,""count_other"":0}";import;qa_ok_importar_found
0299976748;O-RING;183 X 4;13,800 g;import;qa_ok_importar_found;true;15;12V4000M40A, 12V4000M70, 16V4000M61, 16V4000M90;RB-12V4000M40A-000898, RB-12V4000M40A-000922, RB-12V4000M70-001180, RB-12V4000M70-001193, RB-12V4000M70-001208, RB-12V4000M70-003739, RB-12V4000M70-003752, RB-12V4000M70-003767, RB-16V4000M61-000950, RB-16V4000M61-000974, RB-16V4000M61-004025, RB-16V4000M61-004049, RB-16V4000M90-001095, RB-16V4000M90-001108, RB-16V4000M90-001124;154, 157, 180, 183, 519, 522, 156, 159, 660, 663, 164, 168;"{""total_rows"":15,""count_ok_importar"":15,""count_ok_eliminar"":0,""count_pending"":0,""count_review_action"":0,""count_other"":0}";import;qa_ok_importar_found
000472068000;RING SNAP;68 X 2,5;0.017 KGM;import;qa_ok_importar_found;true;4;12V4000M40A, 16V4000M90, 20V4000M93L;RB-12V4000M40A-000320, RB-16V4000M90-000352, RB-20V4000M93L-000425, RB-20V4000M93L-003959;58, 68, 1172, 1545;"{""total_rows"":4,""count_ok_importar"":4,""count_ok_eliminar"":0,""count_pending"":0,""count_review_action"":0,""count_other"":0}";import;qa_ok_importar_found
000580008001;EYE BOLT;M 8;56.000 g;import;qa_ok_importar_found;true;14;16V4000M73, 16V4000M73L, 20V4000M93, 20V4000M93L;RB-16V4000M73-000765, RB-16V4000M73-003959, RB-16V4000M73-007153, RB-16V4000M73-010359, RB-16V4000M73L-000642, RB-16V4000M73L-003972, RB-16V4000M73L-006460, RB-16V4000M73L-008969, RB-20V4000M93-000804, RB-20V4000M93-004517, RB-20V4000M93-008230, RB-20V4000M93-011943, RB-20V4000M93L-000745, RB-20V4000M93L-004316;126, 480, 834, 1189, 114, 599, 944, 1287, 522, 918, 1314, 1225, 1602;"{""total_rows"":14,""count_ok_importar"":14,""count_ok_eliminar"":0,""count_pending"":0,""count_review_action"":0,""count_other"":0}";import;qa_ok_importar_found
000908020001;PLUG;M 20 X 1,5;0.038 KGM;import;qa_ok_importar_found;true;6;12V4000M40A, 12V4000M70, 16V4000M61, 16V4000M90;RB-12V4000M40A-001913, RB-12V4000M70-002105, RB-12V4000M70-004609, RB-16V4000M61-001810, RB-16V4000M61-004886, RB-16V4000M90-001919;287, 624, 275, 774, 263;"{""total_rows"":6,""count_ok_importar"":6,""count_ok_eliminar"":0,""count_pending"":0,""count_review_action"":0,""count_other"":0}";import;qa_ok_importar_found
000912010118;SCREW;M 10 X130;85.500 g;import;qa_ok_importar_found;true;14;16V4000M73, 16V4000M73L, 20V4000M93, 20V4000M93L;RB-16V4000M73-000727, RB-16V4000M73-003921, RB-16V4000M73-007115, RB-16V4000M73-010321, RB-16V4000M73L-000606, RB-16V4000M73L-003936, RB-16V4000M73L-006424, RB-16V4000M73L-008933, RB-20V4000M93-000766, RB-20V4000M93-004479, RB-20V4000M93-008192, RB-20V4000M93-011905, RB-20V4000M93L-000707, RB-20V4000M93L-004278;124, 478, 832, 1187, 111, 596, 941, 1284, 520, 916, 1312, 1223, 1600;"{""total_rows"":14,""count_ok_importar"":14,""count_ok_eliminar"":0,""count_pending"":0,""count_review_action"":0,""count_other"":0}";import;qa_ok_importar_found
000934004013;NUT HEX S2000/4000;M 4;0.001 KGM;import;qa_ok_importar_found;true;1;12V4000M40A;RB-12V4000M40A-002358;357;"{""total_rows"":1,""count_ok_importar"":1,""count_ok_eliminar"":0,""count_pending"":0,""count_review_action"":0,""count_other"":0}";import;qa_ok_importar_found
000934012021;VPI - HEX NUT;M 12;;import;qa_ok_importar_found;true;2;12V4000M70;RB-12V4000M70-002146, RB-12V4000M70-004650;296, 633;"{""total_rows"":2,""count_ok_importar"":2,""count_ok_eliminar"":0,""count_pending"":0,""count_review_action"":0,""count_other"":0}";import;qa_ok_importar_found
000934022002;NUT HEX 10;M 22 X 1,5;0.065 KGM;import;qa_ok_importar_found;true;2;16V4000M73L;RB-16V4000M73L-007906, RB-16V4000M73L-010412;1119, 1454;"{""total_rows"":2,""count_ok_importar"":2,""count_ok_eliminar"":0,""count_pending"":0,""count_review_action"":0,""count_other"":0}";import;qa_ok_importar_found
000988020019;RING SHIM;20 X 28 X 2;0.001 KGM;import;qa_ok_importar_found;true;19;12V4000M70, 16V4000M61, 16V4000M73, 16V4000M73L, 16V4000M90, 20V4000M93, 20V4000M93L;RB-12V4000M70-000947, RB-12V4000M70-003506, RB-16V4000M61-000840, RB-16V4000M61-003915, RB-16V4000M73-001059, RB-16V4000M73-004253, RB-16V4000M73-007447, RB-16V4000M73-010653, RB-16V4000M73L-000904, RB-16V4000M73L-004235, RB-16V4000M73L-006723, RB-16V4000M73L-009229, RB-16V4000M90-000956, RB-20V4000M93-001231, RB-20V4000M93-004944, RB-20V4000M93-008657, RB-20V4000M93-012370, RB-20V4000M93L-001162, RB-20V4000M93L-004733;154, 493, 142, 646, 162, 516, 870, 1225, 149, 635, 980, 1321, 146, 170, 566, 962, 1358, 1267, 1644;"{""total_rows"":19,""count_ok_importar"":19,""count_ok_eliminar"":0,""count_pending"":0,""count_review_action"":0,""count_other"":0}";import;qa_ok_importar_found
3555420273;BUSHING FOR SPEED SENSOR;;0.006 KGM;import;qa_ok_importar_found;true;16;12V4000M53, 16V4000M73, 16V4000M73L, 20V4000M93, 20V4000M93L;RB-12V4000M53-001060, RB-12V4000M53-004191, RB-16V4000M73-001041, RB-16V4000M73-004235, RB-16V4000M73-007429, RB-16V4000M73-010635, RB-16V4000M73L-000888, RB-16V4000M73L-004219, RB-16V4000M73L-006707, RB-16V4000M73L-009213, RB-20V4000M93-001194, RB-20V4000M93-004907, RB-20V4000M93-008620, RB-20V4000M93-012333, RB-20V4000M93L-001131, RB-20V4000M93L-004702;149, 504, 159, 513, 867, 1222, 146, 632, 977, 1318, 167, 563, 959, 1355, 1265, 1642;"{""total_rows"":16,""count_ok_importar"":16,""count_ok_eliminar"":0,""count_pending"":0,""count_review_action"":0,""count_other"":0}";import;qa_ok_importar_found
5005317674;EPROM;56X26X16,;;import;qa_ok_importar_found;true;3;12V4000M40A, 16V4000M61;RB-12V4000M40A-002711, RB-16V4000M61-002375, RB-16V4000M61-005311;404, 363, 832;"{""total_rows"":3,""count_ok_importar"":3,""count_ok_eliminar"":0,""count_pending"":0,""count_review_action"":0,""count_other"":0}";import;qa_ok_importar_found
5005317674/77;EPROM ADJUSTED;EINGESTELLT KOMPL. M. MOTORDAT;10 G;import;qa_ok_importar_found;true;3;12V4000M40A, 16V4000M61;RB-12V4000M40A-002733, RB-16V4000M61-002398, RB-16V4000M61-005334;407, 365, 834;"{""total_rows"":3,""count_ok_importar"":3,""count_ok_eliminar"":0,""count_pending"":0,""count_review_action"":0,""count_other"":0}";import;qa_ok_importar_found
5045300897;PLUG-IN BOARD;BIB 2-01;27 G;import;qa_ok_importar_found;true;7;12V4000M70, 16V4000M61, 16V4000M73L, 16V4000M90;RB-12V4000M70-005187, RB-16V4000M61-002040, RB-16V4000M61-002559, RB-16V4000M73L-002261, RB-16V4000M73L-010989, RB-16V4000M90-002472, RB-16V4000M90-002539;718, 328, 393, 324, 1558, 336, 357;"{""total_rows"":7,""count_ok_importar"":7,""count_ok_eliminar"":0,""count_pending"":0,""count_review_action"":0,""count_other"":0}";import;qa_ok_importar_found
5045309892;PLUG-IN BOARD;IIB 1-01;15 G;import;qa_ok_importar_found;true;1;12V4000M40A;RB-12V4000M40A-002461;360;"{""total_rows"":1,""count_ok_importar"":1,""count_ok_eliminar"":0,""count_pending"":0,""count_review_action"":0,""count_other"":0}";import;qa_ok_importar_found
5105306263;PANEL FOR CONTROL PANEL;B.KLAR+FERNB+START+STOP+N.STOP;;import;qa_ok_importar_found;true;1;12V4000M40A;RB-12V4000M40A-002534;377;"{""total_rows"":1,""count_ok_importar"":1,""count_ok_eliminar"":0,""count_pending"":0,""count_review_action"":0,""count_other"":0}";import;qa_ok_importar_found
5105306662;PANEL MECHANICAL;;512 G;import;qa_ok_importar_found;true;2;12V4000M40A;RB-12V4000M40A-002519, RB-12V4000M40A-002533;373, 376;"{""total_rows"":2,""count_ok_importar"":2,""count_ok_eliminar"":0,""count_pending"":0,""count_review_action"":0,""count_other"":0}";import;qa_ok_importar_found
5105385875/S0002;DISPLAY BRIDGE CONTROL STAN;220X224X98, DIS 10-02;2,220 KG;import;qa_ok_importar_found;true;1;12V4000M40A;RB-12V4000M40A-002351;357;"{""total_rows"":1,""count_ok_importar"":1,""count_ok_eliminar"":0,""count_pending"":0,""count_review_action"":0,""count_other"":0}";import;qa_ok_importar_found
5110250052;WASHER;;8.000 g;import;qa_ok_importar_found;true;12;12V4000M40A, 16V4000M90, 20V4000M93L;RB-12V4000M40A-000689, RB-12V4000M40A-000745, RB-16V4000M90-000785, RB-16V4000M90-000837, RB-20V4000M93L-000842, RB-20V4000M93L-000908, RB-20V4000M93L-000968, RB-20V4000M93L-001028, RB-20V4000M93L-004413, RB-20V4000M93L-004479, RB-20V4000M93L-004539, RB-20V4000M93L-004599;121, 127, 128, 134, 1238, 1245, 1248, 1251, 1615, 1622, 1625, 1628;"{""total_rows"":12,""count_ok_importar"":12,""count_ok_eliminar"":0,""count_pending"":0,""count_review_action"":0,""count_other"":0}";import;qa_ok_importar_found
5110850560;RING SEAL;;5.700 g;import;qa_ok_importar_found;true;44;12V4000M53, 16V4000M73, 16V4000M73L, 20V4000M93, 20V4000M93L;RB-12V4000M53-000883, RB-12V4000M53-000935, RB-12V4000M53-004014, RB-12V4000M53-004066, RB-16V4000M73-000878, RB-16V4000M73-000944, RB-16V4000M73-004072, RB-16V4000M73-004138, RB-16V4000M73-007266, RB-16V4000M73-007332, RB-16V4000M73-010472, RB-16V4000M73-010538, RB-16V4000M73L-000726, RB-16V4000M73L-000791, RB-16V4000M73L-004056, RB-16V4000M73L-004121, RB-16V4000M73L-006544, RB-16V4000M73L-006609, RB-16V4000M73L-009053, RB-16V4000M73L-009118, RB-20V4000M93-000915, RB-20V4000M93-000981, RB-20V4000M93-001039, RB-20V4000M93-001097, RB-20V4000M93-004628, RB-20V4000M93-004694, RB-20V4000M93-004752, RB-20V4000M93-004810, RB-20V4000M93-008341, RB-20V4000M93-008407, RB-20V4000M93-008465, RB-20V4000M93-008523, RB-20V4000M93-012054, RB-20V4000M93-012120, RB-20V4000M93-012178, RB-20V4000M93-012236, RB-20V4000M93L-000845, RB-20V4000M93L-000911, RB-20V4000M93L-000971, RB-20V4000M93L-001031, RB-20V4000M93L-004416, RB-20V4000M93L-004482, RB-20V4000M93L-004542, RB-20V4000M93L-004602;128, 134, 483, 489, 140, 147, 494, 501, 848, 855, 1203, 1210, 126, 133, 611, 618, 956, 963, 1299, 1305, 150, 153, 536, 543, 546, 549, 932, 939, 942, 945, 1328, 1335, 1338, 1341, 1238, 1245, 1248, 1251, 1615, 1622, 1625, 1628;"{""total_rows"":44,""count_ok_importar"":44,""count_ok_eliminar"":0,""count_pending"":0,""count_review_action"":0,""count_other"":0}";import;qa_ok_importar_found
5110850960;RING SEAL ASM;;5,910 G;import;qa_ok_importar_found;true;12;12V4000M40A, 12V4000M70, 16V4000M61, 16V4000M90;RB-12V4000M40A-000692, RB-12V4000M40A-000748, RB-12V4000M70-000773, RB-12V4000M70-000814, RB-12V4000M70-003332, RB-12V4000M70-003373, RB-16V4000M61-000678, RB-16V4000M61-000730, RB-16V4000M61-003753, RB-16V4000M61-003805, RB-16V4000M90-000788, RB-16V4000M90-000840;121, 127, 130, 134, 469, 473, 116, 122, 620, 626, 128;"{""total_rows"":12,""count_ok_importar"":12,""count_ok_eliminar"":0,""count_pending"":0,""count_review_action"":0,""count_other"":0}";import;qa_ok_importar_found
5185301585/76;CONTROL CONSOLE NOT ADJUSTED;MIT DISPLAY-SOFTWARE 5.10;25 KG;import;qa_ok_importar_found;true;1;12V4000M40A;RB-12V4000M40A-002453;359;"{""total_rows"":1,""count_ok_importar"":1,""count_ok_eliminar"":0,""count_pending"":0,""count_review_action"":0,""count_other"":0}";import;qa_ok_importar_found
5185301585/77;CONTROL CONSOLE COMPLETE;MIT DISPLAY-SOFTWARE 5.10;;import;qa_ok_importar_found;true;1;12V4000M40A;RB-12V4000M40A-002454;359;"{""total_rows"":1,""count_ok_importar"":1,""count_ok_eliminar"":0,""count_pending"":0,""count_review_action"":0,""count_other"":0}";import;qa_ok_importar_found
5185302185/S0004;CONTROL CONSOLE IN ENGINE ROOM;MIT DISPLAY-SOFTWARE 5.10;26 KG;import;qa_ok_importar_found;true;1;12V4000M40A;RB-12V4000M40A-002321;353;"{""total_rows"":1,""count_ok_importar"":1,""count_ok_eliminar"":0,""count_pending"":0,""count_review_action"":0,""count_other"":0}";import;qa_ok_importar_found
5205304531;SENSOR FOR FUEL;M;182,400 G;import;qa_ok_importar_found;true;6;12V4000M40A, 12V4000M70, 16V4000M61, 16V4000M90;RB-12V4000M40A-002264, RB-12V4000M70-002458, RB-12V4000M70-004962, RB-16V4000M61-002079, RB-16V4000M61-005015, RB-16V4000M90-002134;345, 333, 670, 337, 806, 303;"{""total_rows"":6,""count_ok_importar"":6,""count_ok_eliminar"":0,""count_pending"":0,""count_review_action"":0,""count_other"":0}";import;qa_ok_importar_found
5240100264;OIL FILLER NECK;;4,280 KG;import;qa_ok_importar_found;true;1;12V4000M40A;RB-12V4000M40A-000047;17;"{""total_rows"":1,""count_ok_importar"":1,""count_ok_eliminar"":0,""count_pending"":0,""count_review_action"":0,""count_other"":0}";import;qa_ok_importar_found
5240101672;OIL DIPSTICK;;0.207 KGM;import;qa_ok_importar_found;true;17;16V4000M61, 16V4000M73, 16V4000M73L, 16V4000M90, 20V4000M93, 20V4000M93L;RB-16V4000M61-000050, RB-16V4000M61-003160, RB-16V4000M73-000074, RB-16V4000M73-003268, RB-16V4000M73-006462, RB-16V4000M73-009668, RB-16V4000M73L-000063, RB-16V4000M73L-003386, RB-16V4000M73L-005874, RB-16V4000M73L-008390, RB-16V4000M90-000044, RB-20V4000M93-000068, RB-20V4000M93-003781, RB-20V4000M93-007494, RB-20V4000M93-011207, RB-20V4000M93L-000067, RB-20V4000M93L-003601;17, 524, 29, 383, 737, 1092, 18, 503, 848, 1191, 21, 26, 422, 818, 1214, 1128, 1501;"{""total_rows"":17,""count_ok_importar"":17,""count_ok_eliminar"":0,""count_pending"":0,""count_review_action"":0,""count_other"":0}";import;qa_ok_importar_found
5240101933;EQUIPMENT RACK;;201 KG;import;qa_ok_importar_found;true;4;12V4000M40A, 16V4000M61, 16V4000M90;RB-12V4000M40A-000171, RB-16V4000M61-000165, RB-16V4000M61-003275, RB-16V4000M90-000181;36, 35, 542, 42;"{""total_rows"":4,""count_ok_importar"":4,""count_ok_eliminar"":0,""count_pending"":0,""count_review_action"":0,""count_other"":0}";import;qa_ok_importar_found
5240106920;CYLINDER HEAD;;47.250 kg;import;qa_ok_importar_found;true;2;12V4000M40A, 16V4000M90;RB-12V4000M40A-000338, RB-16V4000M90-000370;64, 74;"{""total_rows"":2,""count_ok_importar"":2,""count_ok_eliminar"":0,""count_pending"":0,""count_review_action"":0,""count_other"":0}";import;qa_ok_importar_found
5240110440;FILLER PIECE STRIP;;2,900 KG;import;qa_ok_importar_found;true;4;12V4000M40A, 16V4000M61, 16V4000M90;RB-12V4000M40A-000007, RB-16V4000M61-000005, RB-16V4000M61-003115, RB-16V4000M90-000005;13, 12, 519, 17;"{""total_rows"":4,""count_ok_importar"":4,""count_ok_eliminar"":0,""count_pending"":0,""count_review_action"":0,""count_other"":0}";import;qa_ok_importar_found
5240114410;CYLINDER LINER SIZE;;16,900 KG;import;qa_ok_importar_found;true;4;12V4000M40A, 16V4000M61, 16V4000M90;RB-12V4000M40A-000035, RB-16V4000M61-000032, RB-16V4000M61-003142, RB-16V4000M90-000032;14, 13, 520, 18;"{""total_rows"":4,""count_ok_importar"":4,""count_ok_eliminar"":0,""count_pending"":0,""count_review_action"":0,""count_other"":0}";import;qa_ok_importar_found
5240114510;CYLINDER LINER SIZE 2;;16,980 KG;import;qa_ok_importar_found;true;4;12V4000M40A, 16V4000M61, 16V4000M90;RB-12V4000M40A-000036, RB-16V4000M61-000033, RB-16V4000M61-003143, RB-16V4000M90-000033;14, 13, 520, 18;"{""total_rows"":4,""count_ok_importar"":4,""count_ok_eliminar"":0,""count_pending"":0,""count_review_action"":0,""count_other"":0}";import;qa_ok_importar_found
5240151302;HOUSING FRONT COVER;;;import;qa_ok_importar_found;true;4;12V4000M40A, 16V4000M61, 16V4000M90;RB-12V4000M40A-000188, RB-16V4000M61-000182, RB-16V4000M61-003292, RB-16V4000M90-000198;37, 36, 543, 43;"{""total_rows"":4,""count_ok_importar"":4,""count_ok_eliminar"":0,""count_pending"":0,""count_review_action"":0,""count_other"":0}";import;qa_ok_importar_found
5240160319;SEALING RING SIZE 0;;165.800 g;import;qa_ok_importar_found;true;22;12V4000M40A, 12V4000M53, 12V4000M70, 16V4000M61, 16V4000M73, 16V4000M73L, 16V4000M90, 20V4000M93, 20V4000M93L;RB-12V4000M40A-000339, RB-12V4000M53-000425, RB-12V4000M53-003556, RB-12V4000M70-000377, RB-12V4000M70-002936, RB-16V4000M61-000345, RB-16V4000M61-003455, RB-16V4000M73-000445, RB-16V4000M73-003639, RB-16V4000M73-006833, RB-16V4000M73-010039, RB-16V4000M73L-000376, RB-16V4000M73L-003706, RB-16V4000M73L-006194, RB-16V4000M73L-008703, RB-16V4000M90-000371, RB-20V4000M93-000456, RB-20V4000M93-004169, RB-20V4000M93-007882, RB-20V4000M93-011595, RB-20V4000M93L-000445, RB-20V4000M93L-003978;64, 73, 428, 78, 417, 62, 569, 80, 434, 788, 1143, 67, 552, 897, 1240, 74, 77, 473, 869, 1265, 1178, 1551;"{""total_rows"":22,""count_ok_importar"":22,""count_ok_eliminar"":0,""count_pending"":0,""count_review_action"":0,""count_other"":0}";import;qa_ok_importar_found
5240160905;CYLINDER HEAD COVER CHROMIUM-PLATED;;1,975 KG;import;qa_ok_importar_found;true;1;16V4000M61;RB-16V4000M61-003529;585;"{""total_rows"":1,""count_ok_importar"":1,""count_ok_eliminar"":0,""count_pending"":0,""count_review_action"":0,""count_other"":0}";import;qa_ok_importar_found
5240161005;COVER CYLINDER HEAD;;1.94 KGM;import;qa_ok_importar_found;true;4;12V4000M40A, 16V4000M61, 16V4000M90;RB-12V4000M40A-000411, RB-16V4000M61-000421, RB-16V4000M61-003532, RB-16V4000M90-000444;80, 79, 586, 90;"{""total_rows"":4,""count_ok_importar"":4,""count_ok_eliminar"":0,""count_pending"":0,""count_review_action"":0,""count_other"":0}";import;qa_ok_importar_found
5240161580;GASKET FOR CYLINDER HEAD;;230 G;import;qa_ok_importar_found;true;4;12V4000M40A, 16V4000M61, 16V4000M90;RB-12V4000M40A-000340, RB-16V4000M61-000346, RB-16V4000M61-003456, RB-16V4000M90-000372;64, 62, 569, 74;"{""total_rows"":4,""count_ok_importar"":4,""count_ok_eliminar"":0,""count_pending"":0,""count_review_action"":0,""count_other"":0}";import;qa_ok_importar_found
5240336101;CRANKSHAFT BEARING UPPER HALF;;370.000 g;import;qa_ok_importar_found;true;14;12V4000M40A, 16V4000M61, 16V4000M73, 16V4000M73L, 16V4000M90, 20V4000M93L;RB-12V4000M40A-000244, RB-16V4000M61-000231, RB-16V4000M61-003341, RB-16V4000M73-000355, RB-16V4000M73-003549, RB-16V4000M73-006743, RB-16V4000M73-009949, RB-16V4000M73L-000286, RB-16V4000M73L-003616, RB-16V4000M73L-006104, RB-16V4000M73L-008613, RB-16V4000M90-000255, RB-20V4000M93L-000341, RB-20V4000M93L-003875;45, 41, 548, 64, 418, 772, 1127, 51, 536, 881, 1224, 50, 1161, 1534;"{""total_rows"":14,""count_ok_importar"":14,""count_ok_eliminar"":0,""count_pending"":0,""count_review_action"":0,""count_other"":0}";import;qa_ok_importar_found
5240336201;CRANKSHAFT BEARING SIZE 0-1;;44.000 g;import;qa_ok_importar_found;true;14;12V4000M40A, 16V4000M61, 16V4000M73, 16V4000M73L, 16V4000M90, 20V4000M93L;RB-12V4000M40A-000246, RB-16V4000M61-000233, RB-16V4000M61-003343, RB-16V4000M73-000357, RB-16V4000M73-003551, RB-16V4000M73-006745, RB-16V4000M73-009951, RB-16V4000M73L-000288, RB-16V4000M73L-003618, RB-16V4000M73L-006106, RB-16V4000M73L-008615, RB-16V4000M90-000257, RB-20V4000M93L-000343, RB-20V4000M93L-003877;46, 42, 549, 64, 418, 772, 1127, 51, 536, 881, 1224, 1161, 1534;"{""total_rows"":14,""count_ok_importar"":14,""count_ok_eliminar"":0,""count_pending"":0,""count_review_action"":0,""count_other"":0}";import;qa_ok_importar_found
5240336301;CRANKSHAFT BEARING SIZE 0-2;;0.422 KGM;import;qa_ok_importar_found;true;14;12V4000M40A, 16V4000M61, 16V4000M73, 16V4000M73L, 16V4000M90, 20V4000M93L;RB-12V4000M40A-000248, RB-16V4000M61-000235, RB-16V4000M61-003345, RB-16V4000M73-000359, RB-16V4000M73-003553, RB-16V4000M73-006747, RB-16V4000M73-009953, RB-16V4000M73L-000290, RB-16V4000M73L-003620, RB-16V4000M73L-006108, RB-16V4000M73L-008617, RB-16V4000M90-000259, RB-20V4000M93L-000345, RB-20V4000M93L-003879;46, 42, 549, 64, 418, 772, 1127, 51, 536, 881, 1224, 1161, 1534;"{""total_rows"":14,""count_ok_importar"":14,""count_ok_eliminar"":0,""count_pending"":0,""count_review_action"":0,""count_other"":0}";import;qa_ok_importar_found
5240336401;CRANKSHAFT BEARING SIZE 0-3;;425.000 g;import;qa_ok_importar_found;true;14;12V4000M40A, 16V4000M61, 16V4000M73, 16V4000M73L, 16V4000M90, 20V4000M93L;RB-12V4000M40A-000250, RB-16V4000M61-000237, RB-16V4000M61-003347, RB-16V4000M73-000361, RB-16V4000M73-003555, RB-16V4000M73-006749, RB-16V4000M73-009955, RB-16V4000M73L-000292, RB-16V4000M73L-003622, RB-16V4000M73L-006110, RB-16V4000M73L-008619, RB-16V4000M90-000261, RB-20V4000M93L-000347, RB-20V4000M93L-003881;46, 42, 549, 64, 418, 772, 1127, 51, 536, 881, 1224, 1161, 1534;"{""total_rows"":14,""count_ok_importar"":14,""count_ok_eliminar"":0,""count_pending"":0,""count_review_action"":0,""count_other"":0}";import;qa_ok_importar_found
5240336501;CRANKSHAFT BEARING SIZE 1-0;;40.000 g;import;qa_ok_importar_found;true;14;12V4000M40A, 16V4000M61, 16V4000M73, 16V4000M73L, 16V4000M90, 20V4000M93L;RB-12V4000M40A-000252, RB-16V4000M61-000239, RB-16V4000M61-003349, RB-16V4000M73-000363, RB-16V4000M73-003557, RB-16V4000M73-006751, RB-16V4000M73-009957, RB-16V4000M73L-000294, RB-16V4000M73L-003624, RB-16V4000M73L-006112, RB-16V4000M73L-008621, RB-16V4000M90-000263, RB-20V4000M93L-000349, RB-20V4000M93L-003883;46, 42, 549, 64, 418, 772, 1127, 51, 536, 881, 1224, 1161, 1534;"{""total_rows"":14,""count_ok_importar"":14,""count_ok_eliminar"":0,""count_pending"":0,""count_review_action"":0,""count_other"":0}";import;qa_ok_importar_found
5240336601;CRANKSHAFT BEARING SIZE 1-1;;457,500 G;import;qa_ok_importar_found;true;14;12V4000M40A, 16V4000M61, 16V4000M73, 16V4000M73L, 16V4000M90, 20V4000M93L;RB-12V4000M40A-000254, RB-16V4000M61-000241, RB-16V4000M61-003351, RB-16V4000M73-000365, RB-16V4000M73-003559, RB-16V4000M73-006753, RB-16V4000M73-009959, RB-16V4000M73L-000296, RB-16V4000M73L-003626, RB-16V4000M73L-006114, RB-16V4000M73L-008623, RB-16V4000M90-000265, RB-20V4000M93L-000351, RB-20V4000M93L-003885;46, 42, 549, 64, 418, 772, 1127, 51, 536, 881, 1224, 1161, 1534;"{""total_rows"":14,""count_ok_importar"":14,""count_ok_eliminar"":0,""count_pending"":0,""count_review_action"":0,""count_other"":0}";import;qa_ok_importar_found
5240336701;CRANKSHAFT BEARING SIZE 1-2;;0.48 KGM;import;qa_ok_importar_found;true;14;12V4000M40A, 16V4000M61, 16V4000M73, 16V4000M73L, 16V4000M90, 20V4000M93L;RB-12V4000M40A-000256, RB-16V4000M61-000243, RB-16V4000M61-003353, RB-16V4000M73-000367, RB-16V4000M73-003561, RB-16V4000M73-006755, RB-16V4000M73-009961, RB-16V4000M73L-000298, RB-16V4000M73L-003628, RB-16V4000M73L-006116, RB-16V4000M73L-008625, RB-16V4000M90-000267, RB-20V4000M93L-000353, RB-20V4000M93L-003887;46, 42, 549, 64, 418, 772, 1127, 51, 536, 881, 1224, 1161, 1534;"{""total_rows"":14,""count_ok_importar"":14,""count_ok_eliminar"":0,""count_pending"":0,""count_review_action"":0,""count_other"":0}";import;qa_ok_importar_found
5240336801;CRANKSHAFT BEARING SIZE 1-3;;0.440 kg;import;qa_ok_importar_found;true;14;12V4000M40A, 16V4000M61, 16V4000M73, 16V4000M73L, 16V4000M90, 20V4000M93L;RB-12V4000M40A-000258, RB-16V4000M61-000245, RB-16V4000M61-003355, RB-16V4000M73-000369, RB-16V4000M73-003563, RB-16V4000M73-006757, RB-16V4000M73-009963, RB-16V4000M73L-000300, RB-16V4000M73L-003630, RB-16V4000M73L-006118, RB-16V4000M73L-008627, RB-16V4000M90-000269, RB-20V4000M93L-000355, RB-20V4000M93L-003889;46, 42, 549, 64, 418, 772, 1127, 51, 536, 881, 1224, 1161, 1534;"{""total_rows"":14,""count_ok_importar"":14,""count_ok_eliminar"":0,""count_pending"":0,""count_review_action"":0,""count_other"":0}";import;qa_ok_importar_found
5240336901;CRANKSHAFT BEARING SIZE 2-0;;0.42 KGM;import;qa_ok_importar_found;true;14;12V4000M40A, 16V4000M61, 16V4000M73, 16V4000M73L, 16V4000M90, 20V4000M93L;RB-12V4000M40A-000260, RB-16V4000M61-000247, RB-16V4000M61-003357, RB-16V4000M73-000371, RB-16V4000M73-003565, RB-16V4000M73-006759, RB-16V4000M73-009965, RB-16V4000M73L-000302, RB-16V4000M73L-003632, RB-16V4000M73L-006120, RB-16V4000M73L-008629, RB-16V4000M90-000271, RB-20V4000M93L-000357, RB-20V4000M93L-003891;46, 42, 549, 64, 418, 772, 1127, 51, 536, 881, 1224, 1161, 1534;"{""total_rows"":14,""count_ok_importar"":14,""count_ok_eliminar"":0,""count_pending"":0,""count_review_action"":0,""count_other"":0}";import;qa_ok_importar_found
5240337001;CRANKSHAFT BEARING SIZE 2-1;;470.000 g;import;qa_ok_importar_found;true;14;12V4000M40A, 16V4000M61, 16V4000M73, 16V4000M73L, 16V4000M90, 20V4000M93L;RB-12V4000M40A-000262, RB-16V4000M61-000249, RB-16V4000M61-003359, RB-16V4000M73-000373, RB-16V4000M73-003567, RB-16V4000M73-006761, RB-16V4000M73-009967, RB-16V4000M73L-000304, RB-16V4000M73L-003634, RB-16V4000M73L-006122, RB-16V4000M73L-008631, RB-16V4000M90-000273, RB-20V4000M93L-000359, RB-20V4000M93L-003893;46, 42, 549, 64, 418, 772, 1127, 51, 536, 881, 1224, 1161, 1534;"{""total_rows"":14,""count_ok_importar"":14,""count_ok_eliminar"":0,""count_pending"":0,""count_review_action"":0,""count_other"":0}";import;qa_ok_importar_found
5240337101;CRANKSHAFT BEARING SIZE 2-2;;580.000 g;import;qa_ok_importar_found;true;14;12V4000M40A, 16V4000M61, 16V4000M73, 16V4000M73L, 16V4000M90, 20V4000M93L;RB-12V4000M40A-000264, RB-16V4000M61-000251, RB-16V4000M61-003361, RB-16V4000M73-000375, RB-16V4000M73-003569, RB-16V4000M73-006763, RB-16V4000M73-009969, RB-16V4000M73L-000306, RB-16V4000M73L-003636, RB-16V4000M73L-006124, RB-16V4000M73L-008633, RB-16V4000M90-000275, RB-20V4000M93L-000361, RB-20V4000M93L-003895;46, 42, 549, 64, 418, 772, 1127, 51, 536, 881, 1224, 1161, 1534;"{""total_rows"":14,""count_ok_importar"":14,""count_ok_eliminar"":0,""count_pending"":0,""count_review_action"":0,""count_other"":0}";import;qa_ok_importar_found
5240337201;CRANKSHAFT BEARING SIZE 2-3;;840.000 g;import;qa_ok_importar_found;true;14;12V4000M40A, 16V4000M61, 16V4000M73, 16V4000M73L, 16V4000M90, 20V4000M93L;RB-12V4000M40A-000266, RB-16V4000M61-000253, RB-16V4000M61-003363, RB-16V4000M73-000377, RB-16V4000M73-003571, RB-16V4000M73-006765, RB-16V4000M73-009971, RB-16V4000M73L-000308, RB-16V4000M73L-003638, RB-16V4000M73L-006126, RB-16V4000M73L-008635, RB-16V4000M90-000277, RB-20V4000M93L-000363, RB-20V4000M93L-003897;46, 42, 549, 64, 418, 772, 1127, 51, 536, 881, 1224, 1161, 1534;"{""total_rows"":14,""count_ok_importar"":14,""count_ok_eliminar"":0,""count_pending"":0,""count_review_action"":0,""count_other"":0}";import;qa_ok_importar_found
5240500344;FLANGE ASM CAMSHAFT THRUST BEARING;;1.981 kg;import;qa_ok_importar_found;true;2;12V4000M40A, 16V4000M90;RB-12V4000M40A-000367, RB-16V4000M90-000401;69, 79;"{""total_rows"":2,""count_ok_importar"":2,""count_ok_eliminar"":0,""count_pending"":0,""count_review_action"":0,""count_other"":0}";import;qa_ok_importar_found
5240500434;ARM ROCKER EXHAUST;;1,230 KG;import;qa_ok_importar_found;true;4;12V4000M40A, 16V4000M61, 16V4000M90;RB-12V4000M40A-000377, RB-16V4000M61-000400, RB-16V4000M61-003510, RB-16V4000M90-000425;73, 74, 581, 86;"{""total_rows"":4,""count_ok_importar"":4,""count_ok_eliminar"":0,""count_pending"":0,""count_review_action"":0,""count_other"":0}";import;qa_ok_importar_found
5240500436;ROCKER SHAFT SUPPORT;;3,500 KG;import;qa_ok_importar_found;true;1;12V4000M40A;RB-12V4000M40A-000378;73;"{""total_rows"":1,""count_ok_importar"":1,""count_ok_eliminar"":0,""count_pending"":0,""count_review_action"":0,""count_other"":0}";import;qa_ok_importar_found
5240500705;IDLER GEAR;;17,760 KG;import;qa_ok_importar_found;true;4;12V4000M40A, 16V4000M61, 16V4000M90;RB-12V4000M40A-000190, RB-16V4000M61-000184, RB-16V4000M61-003294, RB-16V4000M90-000200;37, 36, 543, 43;"{""total_rows"":4,""count_ok_importar"":4,""count_ok_eliminar"":0,""count_pending"":0,""count_review_action"":0,""count_other"":0}";import;qa_ok_importar_found
5240500930;PUSHROD;;600.000 g;import;qa_ok_importar_found;true;6;12V4000M40A, 16V4000M61, 16V4000M90, 20V4000M93L;RB-12V4000M40A-000369, RB-16V4000M61-000378, RB-16V4000M61-003488, RB-16V4000M90-000403, RB-20V4000M93L-000477, RB-20V4000M93L-004011;69, 67, 574, 79, 1184, 1557;"{""total_rows"":6,""count_ok_importar"":6,""count_ok_eliminar"":0,""count_pending"":0,""count_review_action"":0,""count_other"":0}";import;qa_ok_importar_found
5240500933;RKR ARM ASM INTAKE GEN SET G23;;1,860 KG;import;qa_ok_importar_found;true;3;16V4000M61, 16V4000M90;RB-16V4000M61-000399, RB-16V4000M61-003509, RB-16V4000M90-000424;74, 581, 86;"{""total_rows"":3,""count_ok_importar"":3,""count_ok_eliminar"":0,""count_pending"":0,""count_review_action"":0,""count_other"":0}";import;qa_ok_importar_found
5240502135;SWING FOLL. INLET;;1.590 kg;import;qa_ok_importar_found;true;14;12V4000M40A, 16V4000M61, 16V4000M73, 16V4000M73L, 16V4000M90, 20V4000M93L;RB-12V4000M40A-000398, RB-16V4000M61-000385, RB-16V4000M61-003495, RB-16V4000M73-000492, RB-16V4000M73-003686, RB-16V4000M73-006880, RB-16V4000M73-010086, RB-16V4000M73L-000416, RB-16V4000M73L-003746, RB-16V4000M73L-006234, RB-16V4000M73L-008743, RB-16V4000M90-000410, RB-20V4000M93L-000486, RB-20V4000M93L-004020;77, 71, 578, 90, 444, 798, 1153, 562, 907, 1250, 83, 1188, 1561;"{""total_rows"":14,""count_ok_importar"":14,""count_ok_eliminar"":0,""count_pending"":0,""count_review_action"":0,""count_other"":0}";import;qa_ok_importar_found
5240502235;SWING FOLL. EXHAUST;;1,700 KG;import;qa_ok_importar_found;true;14;12V4000M40A, 16V4000M61, 16V4000M73, 16V4000M73L, 16V4000M90, 20V4000M93L;RB-12V4000M40A-000399, RB-16V4000M61-000386, RB-16V4000M61-003496, RB-16V4000M73-000493, RB-16V4000M73-003687, RB-16V4000M73-006881, RB-16V4000M73-010087, RB-16V4000M73L-000417, RB-16V4000M73L-003747, RB-16V4000M73L-006235, RB-16V4000M73L-008744, RB-16V4000M90-000411, RB-20V4000M93L-000487, RB-20V4000M93L-004021;77, 71, 578, 90, 444, 798, 1153, 562, 907, 1250, 83, 1188, 1561;"{""total_rows"":14,""count_ok_importar"":14,""count_ok_eliminar"":0,""count_pending"":0,""count_review_action"":0,""count_other"":0}";import;qa_ok_importar_found
5240502335;SWING FOLL.;;7.935 kg;import;qa_ok_importar_found;true;14;12V4000M40A, 16V4000M61, 16V4000M73, 16V4000M73L, 16V4000M90, 20V4000M93L;RB-12V4000M40A-000374, RB-16V4000M61-000383, RB-16V4000M61-003493, RB-16V4000M73-000490, RB-16V4000M73-003684, RB-16V4000M73-006878, RB-16V4000M73-010084, RB-16V4000M73L-000414, RB-16V4000M73L-003744, RB-16V4000M73L-006232, RB-16V4000M73L-008741, RB-16V4000M90-000408, RB-20V4000M93L-000484, RB-20V4000M93L-004018;72, 70, 577, 89, 443, 797, 1152, 76, 561, 906, 1249, 82, 1187, 1560;"{""total_rows"":14,""count_ok_importar"":14,""count_ok_eliminar"":0,""count_pending"":0,""count_review_action"":0,""count_other"":0}";import;qa_ok_importar_found
5240530120;VALVE SPRING OUTER;;0.147 KGM;import;qa_ok_importar_found;true;18;12V4000M40A, 12V4000M53, 12V4000M70, 16V4000M61, 16V4000M73L, 16V4000M90, 20V4000M93, 20V4000M93L;RB-12V4000M40A-000348, RB-12V4000M53-000436, RB-12V4000M53-003567, RB-12V4000M70-000389, RB-12V4000M70-002948, RB-16V4000M61-000355, RB-16V4000M61-003465, RB-16V4000M73L-000386, RB-16V4000M73L-003716, RB-16V4000M73L-006204, RB-16V4000M73L-008713, RB-16V4000M90-000381, RB-20V4000M93-000467, RB-20V4000M93-004180, RB-20V4000M93-007893, RB-20V4000M93-011606, RB-20V4000M93L-000454, RB-20V4000M93L-003988;65, 74, 429, 79, 418, 63, 570, 68, 553, 898, 1241, 75, 78, 474, 870, 1266, 1179, 1552;"{""total_rows"":18,""count_ok_importar"":18,""count_ok_eliminar"":0,""count_pending"":0,""count_review_action"":0,""count_other"":0}";import;qa_ok_importar_found
5240530125;RETAINER VALVE SPRING;;33.800 g;import;qa_ok_importar_found;true;22;12V4000M40A, 12V4000M53, 12V4000M70, 16V4000M61, 16V4000M73, 16V4000M73L, 16V4000M90, 20V4000M93, 20V4000M93L;RB-12V4000M40A-000349, RB-12V4000M53-000437, RB-12V4000M53-003568, RB-12V4000M70-000390, RB-12V4000M70-002949, RB-16V4000M61-000356, RB-16V4000M61-003466, RB-16V4000M73-000457, RB-16V4000M73-003651, RB-16V4000M73-006845, RB-16V4000M73-010051, RB-16V4000M73L-000387, RB-16V4000M73L-003717, RB-16V4000M73L-006205, RB-16V4000M73L-008714, RB-16V4000M90-000382, RB-20V4000M93-000468, RB-20V4000M93-004181, RB-20V4000M93-007894, RB-20V4000M93-011607, RB-20V4000M93L-000455, RB-20V4000M93L-003989;65, 74, 429, 79, 418, 63, 570, 81, 435, 789, 1144, 68, 553, 898, 1241, 75, 78, 474, 870, 1266, 1179, 1552;"{""total_rows"":22,""count_ok_importar"":22,""count_ok_eliminar"":0,""count_pending"":0,""count_review_action"":0,""count_other"":0}";import;qa_ok_importar_found
5240530530;VALVE GUIDE INSERT;D 19R6 / D10.6+0.05;0.134 KGM;import;qa_ok_importar_found;true;5;12V4000M53, 12V4000M70, 16V4000M90;RB-12V4000M53-000460, RB-12V4000M53-003591, RB-12V4000M70-000400, RB-12V4000M70-002959, RB-16V4000M90-000389;76, 431, 80, 419, 75;"{""total_rows"":5,""count_ok_importar"":5,""count_ok_eliminar"":0,""count_pending"":0,""count_review_action"":0,""count_other"":0}";import;qa_ok_importar_found
5240540101;ROLLER TAPPET;;0.34 KGM;import;qa_ok_importar_found;true;8;16V4000M73;RB-16V4000M73-000497, RB-16V4000M73-000501, RB-16V4000M73-003691, RB-16V4000M73-003695, RB-16V4000M73-006885, RB-16V4000M73-006889, RB-16V4000M73-010091, RB-16V4000M73-010095;91, 92, 445, 446, 799, 800, 1154, 1155;"{""total_rows"":8,""count_ok_importar"":8,""count_ok_eliminar"":0,""count_pending"":0,""count_review_action"":0,""count_other"":0}";import;qa_ok_importar_found
5240550018;ROLLER;;0.269 KGM;import;qa_ok_importar_found;true;20;12V4000M40A, 16V4000M61, 16V4000M73L, 16V4000M90, 20V4000M93L;RB-12V4000M40A-000403, RB-12V4000M40A-000408, RB-16V4000M61-000390, RB-16V4000M61-000395, RB-16V4000M61-003500, RB-16V4000M61-003505, RB-16V4000M73L-000421, RB-16V4000M73L-000427, RB-16V4000M73L-003751, RB-16V4000M73L-003757, RB-16V4000M73L-006239, RB-16V4000M73L-006245, RB-16V4000M73L-008748, RB-16V4000M73L-008754, RB-16V4000M90-000415, RB-16V4000M90-000420, RB-20V4000M93L-000491, RB-20V4000M93L-000496, RB-20V4000M93L-004025, RB-20V4000M93L-004030;78, 79, 72, 73, 579, 580, 563, 564, 908, 909, 1251, 1252, 84, 85, 1189, 1190, 1562, 1563;"{""total_rows"":20,""count_ok_importar"":20,""count_ok_eliminar"":0,""count_pending"":0,""count_review_action"":0,""count_other"":0}";import;qa_ok_importar_found
5240550210;BEARING PEDESTAL;;;import;qa_ok_importar_found;true;1;12V4000M40A;RB-12V4000M40A-000393;76;"{""total_rows"":1,""count_ok_importar"":1,""count_ok_eliminar"":0,""count_pending"":0,""count_review_action"":0,""count_other"":0}";import;qa_ok_importar_found
5240550320;BOLT ADJUSTING;;66 G;import;qa_ok_importar_found;true;8;12V4000M40A, 16V4000M61, 16V4000M90;RB-12V4000M40A-000386, RB-12V4000M40A-000391, RB-16V4000M61-000412, RB-16V4000M61-000417, RB-16V4000M61-003522, RB-16V4000M61-003527, RB-16V4000M90-000437, RB-16V4000M90-000442;74, 75, 76, 77, 583, 584, 88, 89;"{""total_rows"":8,""count_ok_importar"":8,""count_ok_eliminar"":0,""count_pending"":0,""count_review_action"":0,""count_other"":0}";import;qa_ok_importar_found
5240550501;ROCKER ARM FOLLOWER SWING INLET CAM;;;import;qa_ok_importar_found;true;14;12V4000M40A, 16V4000M61, 16V4000M73, 16V4000M73L, 16V4000M90, 20V4000M93L;RB-12V4000M40A-000401, RB-16V4000M61-000388, RB-16V4000M61-003498, RB-16V4000M73-000495, RB-16V4000M73-003689, RB-16V4000M73-006883, RB-16V4000M73-010089, RB-16V4000M73L-000419, RB-16V4000M73L-003749, RB-16V4000M73L-006237, RB-16V4000M73L-008746, RB-16V4000M90-000413, RB-20V4000M93L-000489, RB-20V4000M93L-004023;78, 72, 579, 91, 445, 799, 1154, 563, 908, 1251, 84, 1189, 1562;"{""total_rows"":14,""count_ok_importar"":14,""count_ok_eliminar"":0,""count_pending"":0,""count_review_action"":0,""count_other"":0}";import;qa_ok_importar_found
5240550601;ROCKER ARM FOLLOWER SWING EXHAUST CAM;;;import;qa_ok_importar_found;true;14;12V4000M40A, 16V4000M61, 16V4000M73, 16V4000M73L, 16V4000M90, 20V4000M93L;RB-12V4000M40A-000406, RB-16V4000M61-000393, RB-16V4000M61-003503, RB-16V4000M73-000499, RB-16V4000M73-003693, RB-16V4000M73-006887, RB-16V4000M73-010093, RB-16V4000M73L-000425, RB-16V4000M73L-003755, RB-16V4000M73L-006243, RB-16V4000M73L-008752, RB-16V4000M90-000418, RB-20V4000M93L-000494, RB-20V4000M93L-004028;79, 73, 580, 92, 446, 800, 1155, 564, 909, 1252, 85, 1190, 1563;"{""total_rows"":14,""count_ok_importar"":14,""count_ok_eliminar"":0,""count_pending"":0,""count_review_action"":0,""count_other"":0}";import;qa_ok_importar_found
5240550650;BUSHING;;30 G;import;qa_ok_importar_found;true;20;12V4000M40A, 16V4000M61, 16V4000M73L, 16V4000M90, 20V4000M93L;RB-12V4000M40A-000404, RB-12V4000M40A-000409, RB-16V4000M61-000391, RB-16V4000M61-000396, RB-16V4000M61-003501, RB-16V4000M61-003506, RB-16V4000M73L-000422, RB-16V4000M73L-000428, RB-16V4000M73L-003752, RB-16V4000M73L-003758, RB-16V4000M73L-006240, RB-16V4000M73L-006246, RB-16V4000M73L-008749, RB-16V4000M73L-008755, RB-16V4000M90-000416, RB-16V4000M90-000421, RB-20V4000M93L-000492, RB-20V4000M93L-000497, RB-20V4000M93L-004026, RB-20V4000M93L-004031;78, 79, 72, 73, 579, 580, 563, 564, 908, 909, 1251, 1252, 84, 85, 1189, 1190, 1562, 1563;"{""total_rows"":20,""count_ok_importar"":20,""count_ok_eliminar"":0,""count_pending"":0,""count_review_action"":0,""count_other"":0}";import;qa_ok_importar_found
5240550705;ROCKER SHAFT;;1.383 kg;import;qa_ok_importar_found;true;14;12V4000M40A, 16V4000M61, 16V4000M73, 16V4000M73L, 16V4000M90, 20V4000M93L;RB-12V4000M40A-000394, RB-16V4000M61-000406, RB-16V4000M61-003516, RB-16V4000M73-000511, RB-16V4000M73-003705, RB-16V4000M73-006899, RB-16V4000M73-010105, RB-16V4000M73L-000439, RB-16V4000M73L-003769, RB-16V4000M73L-006257, RB-16V4000M73L-008766, RB-16V4000M90-000431, RB-20V4000M93L-000507, RB-20V4000M93L-004041;76, 75, 582, 94, 448, 802, 1157, 81, 566, 911, 1254, 87, 1192, 1565;"{""total_rows"":14,""count_ok_importar"":14,""count_ok_eliminar"":0,""count_pending"":0,""count_review_action"":0,""count_other"":0}";import;qa_ok_importar_found
5240550801;ARM ROCKER INTAKE-03 GENSET C23;;;import;qa_ok_importar_found;true;13;16V4000M61, 16V4000M73, 16V4000M73L, 16V4000M90, 20V4000M93L;RB-16V4000M61-000409, RB-16V4000M61-003519, RB-16V4000M73-000514, RB-16V4000M73-003708, RB-16V4000M73-006902, RB-16V4000M73-010108, RB-16V4000M73L-000442, RB-16V4000M73L-003772, RB-16V4000M73L-006260, RB-16V4000M73L-008769, RB-16V4000M90-000434, RB-20V4000M93L-000510, RB-20V4000M93L-004044;76, 583, 95, 449, 803, 1158, 82, 567, 912, 1255, 88, 1193, 1566;"{""total_rows"":13,""count_ok_importar"":13,""count_ok_eliminar"":0,""count_pending"":0,""count_review_action"":0,""count_other"":0}";import;qa_ok_importar_found
5240551106;BRIDGE VALVE FLOATING;;287.000 g;import;qa_ok_importar_found;true;14;12V4000M40A, 16V4000M61, 16V4000M73, 16V4000M73L, 16V4000M90, 20V4000M93L;RB-12V4000M40A-000373, RB-16V4000M61-000382, RB-16V4000M61-003492, RB-16V4000M73-000489, RB-16V4000M73-003683, RB-16V4000M73-006877, RB-16V4000M73-010083, RB-16V4000M73L-000413, RB-16V4000M73L-003743, RB-16V4000M73L-006231, RB-16V4000M73L-008740, RB-16V4000M90-000407, RB-20V4000M93L-000483, RB-20V4000M93L-004017;72, 70, 577, 89, 443, 797, 1152, 76, 561, 906, 1249, 82, 1187, 1560;"{""total_rows"":14,""count_ok_importar"":14,""count_ok_eliminar"":0,""count_pending"":0,""count_review_action"":0,""count_other"":0}";import;qa_ok_importar_found
5240709632;FUEL RETURN LINE;;71 G;import;qa_ok_importar_found;true;4;12V4000M40A, 16V4000M61, 16V4000M90;RB-12V4000M40A-000612, RB-16V4000M61-000558, RB-16V4000M61-003669, RB-16V4000M90-000687;105, 96, 603, 121;"{""total_rows"":4,""count_ok_importar"":4,""count_ok_eliminar"":0,""count_pending"":0,""count_review_action"":0,""count_other"":0}";import;qa_ok_importar_found
5240780768;CONNECTING PIECE;;930 G;import;qa_ok_importar_found;true;4;12V4000M40A, 16V4000M61, 16V4000M90;RB-12V4000M40A-000453, RB-16V4000M61-000460, RB-16V4000M61-003571, RB-16V4000M90-000487;92, 90, 597, 102;"{""total_rows"":4,""count_ok_importar"":4,""count_ok_eliminar"":0,""count_pending"":0,""count_review_action"":0,""count_other"":0}";import;qa_ok_importar_found
5240900850;PUMP FUEL LOW PRESSURE (7.5 BAR);;5 KG;import;qa_ok_importar_found;true;6;12V4000M40A, 12V4000M70, 16V4000M61, 16V4000M90;RB-12V4000M40A-000549, RB-12V4000M70-000536, RB-12V4000M70-003095, RB-16V4000M61-000495, RB-16V4000M61-003606, RB-16V4000M90-000604;104, 113, 452, 95, 602, 119;"{""total_rows"":6,""count_ok_importar"":6,""count_ok_eliminar"":0,""count_pending"":0,""count_review_action"":0,""count_other"":0}";import;qa_ok_importar_found
5240901517;INTAKE HOUSING RIGHT;;9,980 kg;import;qa_ok_importar_found;true;5;12V4000M70, 16V4000M61, 16V4000M90;RB-12V4000M70-000939, RB-12V4000M70-003498, RB-16V4000M61-000833, RB-16V4000M61-003908, RB-16V4000M90-000949;154, 493, 142, 646, 146;"{""total_rows"":5,""count_ok_importar"":5,""count_ok_eliminar"":0,""count_pending"":0,""count_review_action"":0,""count_other"":0}";import;qa_ok_importar_found
5240901617;HOUSING ASM INTAKE A-BANK;;7.8 KGM;import;qa_ok_importar_found;true;5;12V4000M70, 16V4000M61, 16V4000M90;RB-12V4000M70-000914, RB-12V4000M70-003473, RB-16V4000M61-000808, RB-16V4000M61-003883, RB-16V4000M90-000923;151, 490, 139, 643, 143;"{""total_rows"":5,""count_ok_importar"":5,""count_ok_eliminar"":0,""count_pending"":0,""count_review_action"":0,""count_other"":0}";import;qa_ok_importar_found
5240910024;DRIVE ADAPTER LP FUEL PMP M12X1.5-6G THD;;0,068 G;import;qa_ok_importar_found;true;6;12V4000M40A, 12V4000M70, 16V4000M61, 16V4000M90;RB-12V4000M40A-000423, RB-12V4000M70-000464, RB-12V4000M70-003023, RB-16V4000M61-000433, RB-16V4000M61-003544, RB-16V4000M90-000457;83, 97, 436, 82, 589, 93;"{""total_rows"":6,""count_ok_importar"":6,""count_ok_eliminar"":0,""count_pending"":0,""count_review_action"":0,""count_other"":0}";import;qa_ok_importar_found
5240920024;ELBOW FOR FUEL;;665.000 g;import;qa_ok_importar_found;true;16;12V4000M53, 16V4000M73, 16V4000M73L, 20V4000M93, 20V4000M93L;RB-12V4000M53-000815, RB-12V4000M53-003946, RB-16V4000M73-000685, RB-16V4000M73-003879, RB-16V4000M73-007073, RB-16V4000M73-010279, RB-16V4000M73L-000576, RB-16V4000M73L-003906, RB-16V4000M73L-006394, RB-16V4000M73L-008903, RB-20V4000M93-000725, RB-20V4000M93-004438, RB-20V4000M93-008151, RB-20V4000M93-011864, RB-20V4000M93L-000674, RB-20V4000M93L-004208;117, 472, 119, 473, 827, 1182, 108, 593, 938, 1281, 515, 911, 1307, 1219, 1592;"{""total_rows"":16,""count_ok_importar"":16,""count_ok_eliminar"":0,""count_pending"":0,""count_review_action"":0,""count_other"":0}";import;qa_ok_importar_found
5240980010;FLAP;;1.288 kg;import;qa_ok_importar_found;true;21;12V4000M53, 12V4000M70, 16V4000M61, 16V4000M73, 16V4000M73L, 16V4000M90, 20V4000M93, 20V4000M93L;RB-12V4000M53-001124, RB-12V4000M53-004255, RB-12V4000M70-000973, RB-12V4000M70-003532, RB-16V4000M61-000865, RB-16V4000M61-003940, RB-16V4000M73-001091, RB-16V4000M73-004285, RB-16V4000M73-007479, RB-16V4000M73-010685, RB-16V4000M73L-000935, RB-16V4000M73L-004266, RB-16V4000M73L-006754, RB-16V4000M73L-009260, RB-16V4000M90-000982, RB-20V4000M93-001263, RB-20V4000M93-004976, RB-20V4000M93-008689, RB-20V4000M93-012402, RB-20V4000M93L-001194, RB-20V4000M93L-004765;154, 509, 156, 495, 144, 648, 164, 518, 872, 1227, 151, 637, 982, 1323, 148, 172, 568, 964, 1360, 1269, 1646;"{""total_rows"":21,""count_ok_importar"":21,""count_ok_eliminar"":0,""count_pending"":0,""count_review_action"":0,""count_other"":0}";import;qa_ok_importar_found
5240980111;SHAFT;;581.700 g;import;qa_ok_importar_found;true;13;16V4000M61, 16V4000M73, 16V4000M73L, 16V4000M90, 20V4000M93L;RB-16V4000M61-000837, RB-16V4000M61-003912, RB-16V4000M73-001056, RB-16V4000M73-004250, RB-16V4000M73-007444, RB-16V4000M73-010650, RB-16V4000M73L-000901, RB-16V4000M73L-004232, RB-16V4000M73L-006720, RB-16V4000M73L-009226, RB-16V4000M90-000953, RB-20V4000M93L-001159, RB-20V4000M93L-004730;142, 646, 162, 516, 870, 1225, 149, 635, 980, 1321, 146, 1267, 1644;"{""total_rows"":13,""count_ok_importar"":13,""count_ok_eliminar"":0,""count_pending"":0,""count_review_action"":0,""count_other"":0}";import;qa_ok_importar_found
5240980907;MANIFOLD INTAKE CHRG AIR CENTER;;8 KGM;import;qa_ok_importar_found;true;37;12V4000M40A, 12V4000M53, 12V4000M70, 16V4000M61, 16V4000M73, 16V4000M73L, 16V4000M90, 20V4000M93, 20V4000M93L;RB-12V4000M40A-000826, RB-12V4000M53-001128, RB-12V4000M53-001137, RB-12V4000M53-004259, RB-12V4000M53-004268, RB-12V4000M70-000985, RB-12V4000M70-000993, RB-12V4000M70-003544, RB-12V4000M70-003552, RB-16V4000M61-000877, RB-16V4000M61-003952, RB-16V4000M73-001151, RB-16V4000M73-001160, RB-16V4000M73-004345, RB-16V4000M73-004354, RB-16V4000M73-007539, RB-16V4000M73-007548, RB-16V4000M73-010745, RB-16V4000M73-010754, RB-16V4000M73L-000986, RB-16V4000M73L-004317, RB-16V4000M73L-006805, RB-16V4000M73L-009311, RB-16V4000M90-000993, RB-16V4000M90-001001, RB-20V4000M93-001318, RB-20V4000M93-001327, RB-20V4000M93-005031, RB-20V4000M93-005040, RB-20V4000M93-008744, RB-20V4000M93-008753, RB-20V4000M93-012457, RB-20V4000M93-012466, RB-20V4000M93L-001250, RB-20V4000M93L-001258, RB-20V4000M93L-004821, RB-20V4000M93L-004829;143, 158, 513, 161, 500, 149, 653, 173, 527, 881, 1236, 159, 645, 990, 1331, 153, 182, 578, 974, 1370, 1279, 1656;"{""total_rows"":37,""count_ok_importar"":37,""count_ok_eliminar"":0,""count_pending"":0,""count_review_action"":0,""count_other"":0}";import;qa_ok_importar_found
5240981107;MANIFOLD CHARGE AIR FRONT B-BANK;;8,600 KG;import;qa_ok_importar_found;true;4;12V4000M40A, 16V4000M61, 16V4000M90;RB-12V4000M40A-000833, RB-16V4000M61-000884, RB-16V4000M61-003959, RB-16V4000M90-001000;143, 149, 653, 153;"{""total_rows"":4,""count_ok_importar"":4,""count_ok_eliminar"":0,""count_pending"":0,""count_review_action"":0,""count_other"":0}";import;qa_ok_importar_found
5240981407;CHARGE-AIR PIPE END PIECE, LEFT;;7.700 kg;import;qa_ok_importar_found;true;22;12V4000M40A, 12V4000M53, 12V4000M70, 16V4000M61, 16V4000M73, 16V4000M73L, 16V4000M90, 20V4000M93, 20V4000M93L;RB-12V4000M40A-000825, RB-12V4000M53-001127, RB-12V4000M53-004258, RB-12V4000M70-000984, RB-12V4000M70-003543, RB-16V4000M61-000876, RB-16V4000M61-003951, RB-16V4000M73-001150, RB-16V4000M73-004344, RB-16V4000M73-007538, RB-16V4000M73-010744, RB-16V4000M73L-000985, RB-16V4000M73L-004316, RB-16V4000M73L-006804, RB-16V4000M73L-009310, RB-16V4000M90-000992, RB-20V4000M93-001317, RB-20V4000M93-005030, RB-20V4000M93-008743, RB-20V4000M93-012456, RB-20V4000M93L-001249, RB-20V4000M93L-004820;143, 158, 513, 161, 500, 149, 653, 173, 527, 881, 1236, 159, 645, 990, 1331, 153, 182, 578, 974, 1370, 1279, 1656;"{""total_rows"":22,""count_ok_importar"":22,""count_ok_eliminar"":0,""count_pending"":0,""count_review_action"":0,""count_other"":0}";import;qa_ok_importar_found
5241510133;SHAFT;;933,000 g;import;qa_ok_importar_found;true;3;12V4000M53, 16V4000M90;RB-12V4000M53-002352, RB-12V4000M53-005485, RB-16V4000M90-001968;285, 642, 269;"{""total_rows"":3,""count_ok_importar"":3,""count_ok_eliminar"":0,""count_pending"":0,""count_review_action"":0,""count_other"":0}";import;qa_ok_importar_found
5241534940;BRACKET OFFSET H:38;;94.400 g;import;qa_ok_importar_found;true;7;16V4000M73L, 20V4000M93L;RB-16V4000M73L-002549, RB-16V4000M73L-005704, RB-16V4000M73L-008220, RB-20V4000M93L-003250, RB-20V4000M93L-003267, RB-20V4000M93L-006904, RB-20V4000M93L-006921;356, 818, 1161, 1460, 1844;"{""total_rows"":7,""count_ok_importar"":7,""count_ok_eliminar"":0,""count_pending"":0,""count_review_action"":0,""count_other"":0}";import;qa_ok_importar_found
5242000474;BASE PLATE;;31,400 KG;import;qa_ok_importar_found;true;6;12V4000M40A, 12V4000M70, 16V4000M61, 16V4000M90;RB-12V4000M40A-001446, RB-12V4000M70-001661, RB-12V4000M70-004165, RB-16V4000M61-001429, RB-16V4000M61-004505, RB-16V4000M90-001739;230, 239, 576, 219, 721, 233;"{""total_rows"":6,""count_ok_importar"":6,""count_ok_eliminar"":0,""count_pending"":0,""count_review_action"":0,""count_other"":0}";import;qa_ok_importar_found
5242006152;CONDENSATE LINE INTERCOOLER, LEFT;;147,400 G;import;qa_ok_importar_found;true;1;12V4000M40A;RB-12V4000M40A-000781;131;"{""total_rows"":1,""count_ok_importar"":1,""count_ok_eliminar"":0,""count_pending"":0,""count_review_action"":0,""count_other"":0}";import;qa_ok_importar_found
5242032122;ELBOW;;;import;qa_ok_importar_found;true;6;12V4000M40A, 12V4000M70, 16V4000M61, 16V4000M90;RB-12V4000M40A-001633, RB-12V4000M70-001929, RB-12V4000M70-004433, RB-16V4000M61-001613, RB-16V4000M61-004689, RB-16V4000M90-001460;248, 261, 598, 240, 741, 212;"{""total_rows"":6,""count_ok_importar"":6,""count_ok_eliminar"":0,""count_pending"":0,""count_review_action"":0,""count_other"":0}";import;qa_ok_importar_found
5242032473;THERMOSTAT HOUSING;;;import;qa_ok_importar_found;true;6;12V4000M40A, 12V4000M70, 16V4000M61, 16V4000M90;RB-12V4000M40A-001810, RB-12V4000M70-002003, RB-12V4000M70-004507, RB-16V4000M61-001703, RB-16V4000M61-004779, RB-16V4000M90-001808;270, 272, 609, 254, 755, 244;"{""total_rows"":6,""count_ok_importar"":6,""count_ok_eliminar"":0,""count_pending"":0,""count_review_action"":0,""count_other"":0}";import;qa_ok_importar_found
5242032840;BRACKET L;;97.300 g;import;qa_ok_importar_found;true;2;20V4000M93L;RB-20V4000M93L-002329, RB-20V4000M93L-005959;1382, 1762;"{""total_rows"":2,""count_ok_importar"":2,""count_ok_eliminar"":0,""count_pending"":0,""count_review_action"":0,""count_other"":0}";import;qa_ok_importar_found
5242033573;HOUSING WATER DISTRIBUTION;;;import;qa_ok_importar_found;true;1;16V4000M90;RB-16V4000M90-001812;245;"{""total_rows"":1,""count_ok_importar"":1,""count_ok_eliminar"":0,""count_pending"":0,""count_review_action"":0,""count_other"":0}";import;qa_ok_importar_found
5242240509;SUPT ENG W/12MM HOLE FLYWHL HSG MT;;7,700 KG;import;qa_ok_importar_found;true;4;12V4000M40A, 16V4000M61, 16V4000M90;RB-12V4000M40A-001945, RB-16V4000M61-001846, RB-16V4000M61-004922, RB-16V4000M90-001995;295, 283, 782, 276;"{""total_rows"":4,""count_ok_importar"":4,""count_ok_eliminar"":0,""count_pending"":0,""count_review_action"":0,""count_other"":0}";import;qa_ok_importar_found
5242370902;ENGINE CARRIER;;24,380 KG;import;qa_ok_importar_found;true;1;12V4000M40A;RB-12V4000M40A-001938;294;"{""total_rows"":1,""count_ok_importar"":1,""count_ok_eliminar"":0,""count_pending"":0,""count_review_action"":0,""count_other"":0}";import;qa_ok_importar_found
5242370940;RETAINER;;2,690 KG;import;qa_ok_importar_found;true;22;12V4000M40A, 12V4000M53, 12V4000M70, 16V4000M61, 16V4000M73, 16V4000M73L, 16V4000M90, 20V4000M93, 20V4000M93L;RB-12V4000M40A-000311, RB-12V4000M53-000405, RB-12V4000M53-003536, RB-12V4000M70-000344, RB-12V4000M70-002903, RB-16V4000M61-000317, RB-16V4000M61-003427, RB-16V4000M73-000414, RB-16V4000M73-003608, RB-16V4000M73-006802, RB-16V4000M73-010008, RB-16V4000M73L-000345, RB-16V4000M73L-003675, RB-16V4000M73L-006163, RB-16V4000M73L-008672, RB-16V4000M90-000343, RB-20V4000M93-000425, RB-20V4000M93-004138, RB-20V4000M93-007851, RB-20V4000M93-011564, RB-20V4000M93L-000416, RB-20V4000M93L-003950;55, 66, 421, 70, 409, 54, 561, 71, 425, 779, 1134, 58, 543, 888, 1231, 65, 69, 465, 861, 1257, 1169, 1542;"{""total_rows"":22,""count_ok_importar"":22,""count_ok_eliminar"":0,""count_pending"":0,""count_review_action"":0,""count_other"":0}";import;qa_ok_importar_found
5249870051;FLAP SEAL;;1.273 g;import;qa_ok_importar_found;true;20;12V4000M53, 12V4000M70, 16V4000M61, 16V4000M73, 16V4000M73L, 20V4000M93, 20V4000M93L;RB-12V4000M53-001125, RB-12V4000M53-004256, RB-12V4000M70-000974, RB-12V4000M70-003533, RB-16V4000M61-000866, RB-16V4000M61-003941, RB-16V4000M73-001092, RB-16V4000M73-004286, RB-16V4000M73-007480, RB-16V4000M73-010686, RB-16V4000M73L-000936, RB-16V4000M73L-004267, RB-16V4000M73L-006755, RB-16V4000M73L-009261, RB-20V4000M93-001264, RB-20V4000M93-004977, RB-20V4000M93-008690, RB-20V4000M93-012403, RB-20V4000M93L-001195, RB-20V4000M93L-004766;154, 509, 156, 495, 144, 648, 164, 518, 872, 1227, 151, 637, 982, 1323, 172, 568, 964, 1360, 1269, 1646;"{""total_rows"":20,""count_ok_importar"":20,""count_ok_eliminar"":0,""count_pending"":0,""count_review_action"":0,""count_other"":0}";import;qa_ok_importar_found
5260100613;OIL PAN;;118 KG;import;qa_ok_importar_found;true;1;12V4000M40A;RB-12V4000M40A-000057;20;"{""total_rows"":1,""count_ok_importar"":1,""count_ok_eliminar"":0,""count_pending"":0,""count_review_action"":0,""count_other"":0}";import;qa_ok_importar_found
5260180002;COVER;;704 G;import;qa_ok_importar_found;true;1;12V4000M40A;RB-12V4000M40A-000159;31;"{""total_rows"":1,""count_ok_importar"":1,""count_ok_eliminar"":0,""count_pending"":0,""count_review_action"":0,""count_other"":0}";import;qa_ok_importar_found
5260300105;FLYWHEEL;;120.000 kg;import;qa_ok_importar_found;true;1;16V4000M90;RB-16V4000M90-000280;53;"{""total_rows"":1,""count_ok_importar"":1,""count_ok_eliminar"":0,""count_pending"":0,""count_review_action"":0,""count_other"":0}";import;qa_ok_importar_found
5260300105/31;FLYWHEEL;;120,000 kg;import;qa_ok_importar_found;true;4;12V4000M70, 16V4000M61;RB-12V4000M70-000282, RB-12V4000M70-002841, RB-16V4000M61-000256, RB-16V4000M61-003366;60, 399, 44, 551;"{""total_rows"":4,""count_ok_importar"":4,""count_ok_eliminar"":0,""count_pending"":0,""count_review_action"":0,""count_other"":0}";import;qa_ok_importar_found
5260300701;CRANKSHAFT W/O ACCEPT CERTIFIC;;498,000 kg;import;qa_ok_importar_found;true;3;12V4000M40A, 12V4000M70;RB-12V4000M40A-000214, RB-12V4000M70-000227, RB-12V4000M70-002786;43, 55, 394;"{""total_rows"":3,""count_ok_importar"":3,""count_ok_eliminar"":0,""count_pending"":0,""count_review_action"":0,""count_other"":0}";import;qa_ok_importar_found
5260300701/30;CRANKSHAFT GL ACCEPTANCE;;;import;qa_ok_importar_found;true;1;12V4000M40A;RB-12V4000M40A-000213;42;"{""total_rows"":1,""count_ok_importar"":1,""count_ok_eliminar"":0,""count_pending"":0,""count_review_action"":0,""count_other"":0}";import;qa_ok_importar_found
5260300701/31;CRANKSHAFT LR ACCEPTANCE;;498,000 kg;import;qa_ok_importar_found;true;2;12V4000M70;RB-12V4000M70-000226, RB-12V4000M70-002785;54, 393;"{""total_rows"":2,""count_ok_importar"":2,""count_ok_eliminar"":0,""count_pending"":0,""count_review_action"":0,""count_other"":0}";import;qa_ok_importar_found
5260500001;CAMSHAFT FOR 12V;;50,500 KG;import;qa_ok_importar_found;true;1;12V4000M40A;RB-12V4000M40A-000360;69;"{""total_rows"":1,""count_ok_importar"":1,""count_ok_eliminar"":0,""count_pending"":0,""count_review_action"":0,""count_other"":0}";import;qa_ok_importar_found
5260701101;HP FUEL PUMP;;62,000 kg;import;qa_ok_importar_found;true;5;12V4000M40A, 12V4000M70, 16V4000M61;RB-12V4000M40A-000415, RB-12V4000M70-000457, RB-12V4000M70-003016, RB-16V4000M61-000425, RB-16V4000M61-003536;82, 96, 435, 81, 588;"{""total_rows"":5,""count_ok_importar"":5,""count_ok_eliminar"":0,""count_pending"":0,""count_review_action"":0,""count_other"":0}";import;qa_ok_importar_found
5260980420/31;COOLER CHARGE AIR B-BANK RB;;83,000 kg;import;qa_ok_importar_found;true;4;12V4000M70, 16V4000M61;RB-12V4000M70-000877, RB-12V4000M70-003436, RB-16V4000M61-000790, RB-16V4000M61-003865;139, 478, 127, 631;"{""total_rows"":4,""count_ok_importar"":4,""count_ok_eliminar"":0,""count_pending"":0,""count_review_action"":0,""count_other"":0}";import;qa_ok_importar_found
5260980520/31;COOLER CHARGE AIR A-BANK LB;;117,000 kg;import;qa_ok_importar_found;true;4;12V4000M70, 16V4000M61;RB-12V4000M70-000843, RB-12V4000M70-003402, RB-16V4000M61-000765, RB-16V4000M61-003840;138, 477, 126, 630;"{""total_rows"":4,""count_ok_importar"":4,""count_ok_eliminar"":0,""count_pending"":0,""count_review_action"":0,""count_other"":0}";import;qa_ok_importar_found
5260981120;COOLER CHARGE AIR LE FT SIDE;;52,500 KG;import;qa_ok_importar_found;true;2;12V4000M40A, 16V4000M90;RB-12V4000M40A-000772, RB-16V4000M90-000868;131, 138;"{""total_rows"":2,""count_ok_importar"":2,""count_ok_eliminar"":0,""count_pending"":0,""count_review_action"":0,""count_other"":0}";import;qa_ok_importar_found
5260981220;COOLER CHARGE AIR B-BANK RB;;57.000 kg;import;qa_ok_importar_found;true;2;12V4000M40A, 16V4000M90;RB-12V4000M40A-000796, RB-16V4000M90-000900;131, 139;"{""total_rows"":2,""count_ok_importar"":2,""count_ok_eliminar"":0,""count_pending"":0,""count_review_action"":0,""count_other"":0}";import;qa_ok_importar_found
5261530037;SCREEN WIRE MTG STRIPS;;1.12 KGM;import;qa_ok_importar_found;true;5;12V4000M40A, 12V4000M70;RB-12V4000M40A-002110, RB-12V4000M70-002244, RB-12V4000M70-002255, RB-12V4000M70-004748, RB-12V4000M70-004759;331, 317, 318, 654, 655;"{""total_rows"":5,""count_ok_importar"":5,""count_ok_eliminar"":0,""count_pending"":0,""count_review_action"":0,""count_other"":0}";import;qa_ok_importar_found
5261800465/31;OIL COOLER LR ACCEPTANCE;;172.000 kg;import;qa_ok_importar_found;true;4;16V4000M73;RB-16V4000M73-001525, RB-16V4000M73-004719, RB-16V4000M73-007925, RB-16V4000M73-011131;209, 563, 918, 1273;"{""total_rows"":4,""count_ok_importar"":4,""count_ok_eliminar"":0,""count_pending"":0,""count_review_action"":0,""count_other"":0}";import;qa_ok_importar_found
5261800465/87;OIL COOLER WITH TEST CERT. 3.1;;172 KG;import;qa_ok_importar_found;true;4;16V4000M73L;RB-16V4000M73L-001347, RB-16V4000M73L-004678, RB-16V4000M73L-007166, RB-16V4000M73L-009672;204, 690, 1035, 1373;"{""total_rows"":4,""count_ok_importar"":4,""count_ok_eliminar"":0,""count_pending"":0,""count_review_action"":0,""count_other"":0}";import;qa_ok_importar_found
5262030539;FLANGE;;0.650 kg;import;qa_ok_importar_found;true;2;20V4000M93L;RB-20V4000M93L-001469, RB-20V4000M93L-005040;1294, 1671;"{""total_rows"":2,""count_ok_importar"":2,""count_ok_eliminar"":0,""count_pending"":0,""count_review_action"":0,""count_other"":0}";import;qa_ok_importar_found
5265300113;PLUG-IN BOARD;M;;import;qa_ok_importar_found;true;1;12V4000M40A;RB-12V4000M40A-002522;374;"{""total_rows"":1,""count_ok_importar"":1,""count_ok_eliminar"":0,""count_pending"":0,""count_review_action"":0,""count_other"":0}";import;qa_ok_importar_found
5265300213;PLUG-IN BOARD;;;import;qa_ok_importar_found;true;1;12V4000M40A;RB-12V4000M40A-002589;381;"{""total_rows"":1,""count_ok_importar"":1,""count_ok_eliminar"":0,""count_pending"":0,""count_review_action"":0,""count_other"":0}";import;qa_ok_importar_found
5270101805;BLK;;2.063 KG;import;qa_ok_importar_found;true;3;16V4000M61, 16V4000M90;RB-16V4000M61-000004, RB-16V4000M61-003114, RB-16V4000M90-000004;12, 519, 17;"{""total_rows"":3,""count_ok_importar"":3,""count_ok_eliminar"":0,""count_pending"":0,""count_review_action"":0,""count_other"":0}";import;qa_ok_importar_found
5270180331;VENT HOUSING;;31,480 KG;import;qa_ok_importar_found;true;6;12V4000M40A, 12V4000M70, 16V4000M61, 16V4000M90;RB-12V4000M40A-000148, RB-12V4000M70-000161, RB-12V4000M70-002720, RB-16V4000M61-000145, RB-16V4000M61-003255, RB-16V4000M90-000161;30, 42, 381, 29, 536, 36;"{""total_rows"":6,""count_ok_importar"":6,""count_ok_eliminar"":0,""count_pending"":0,""count_review_action"":0,""count_other"":0}";import;qa_ok_importar_found
5270300701/31;CRANKSHAFT;;;import;qa_ok_importar_found;true;2;16V4000M61;RB-16V4000M61-000206, RB-16V4000M61-003316;40, 547;"{""total_rows"":2,""count_ok_importar"":2,""count_ok_eliminar"":0,""count_pending"":0,""count_review_action"":0,""count_other"":0}";import;qa_ok_importar_found
5270500101;CAMSHAFT FOR 16V;;29,500 KG;import;qa_ok_importar_found;true;3;16V4000M61, 16V4000M90;RB-16V4000M61-000369, RB-16V4000M61-003479, RB-16V4000M90-000396;67, 574, 79;"{""total_rows"":3,""count_ok_importar"":3,""count_ok_eliminar"":0,""count_pending"":0,""count_review_action"":0,""count_other"":0}";import;qa_ok_importar_found
5270510101;CAMSHAFT;;;import;qa_ok_importar_found;true;3;16V4000M61, 16V4000M90;RB-16V4000M61-000379, RB-16V4000M61-003489, RB-16V4000M90-000404;68, 575, 80;"{""total_rows"":3,""count_ok_importar"":3,""count_ok_eliminar"":0,""count_pending"":0,""count_review_action"":0,""count_other"":0}";import;qa_ok_importar_found
5271400421;CARRIER HOUSNG COVER;;45 KG;import;qa_ok_importar_found;true;4;12V4000M40A, 16V4000M61, 16V4000M90;RB-12V4000M40A-000927, RB-16V4000M61-000979, RB-16V4000M61-004054, RB-16V4000M90-001130;157, 159, 663, 168;"{""total_rows"":4,""count_ok_importar"":4,""count_ok_eliminar"":0,""count_pending"":0,""count_review_action"":0,""count_other"":0}";import;qa_ok_importar_found
5271401118;CARRIER HOUSING;;62,700 KG;import;qa_ok_importar_found;true;4;12V4000M40A, 16V4000M61, 16V4000M90;RB-12V4000M40A-000919, RB-16V4000M61-000972, RB-16V4000M61-004047, RB-16V4000M90-001121;157, 159, 663, 168;"{""total_rows"":4,""count_ok_importar"":4,""count_ok_eliminar"":0,""count_pending"":0,""count_review_action"":0,""count_other"":0}";import;qa_ok_importar_found
5271401218;CARRIER HSG;;142 KG;import;qa_ok_importar_found;true;4;12V4000M40A, 16V4000M61, 16V4000M90;RB-12V4000M40A-000920, RB-16V4000M61-000973, RB-16V4000M61-004048, RB-16V4000M90-001122;157, 159, 663, 168;"{""total_rows"":4,""count_ok_importar"":4,""count_ok_eliminar"":0,""count_pending"":0,""count_review_action"":0,""count_other"":0}";import;qa_ok_importar_found
5271530037;SCREEN WIRE MTG STRIPS;;1,709 KG;import;qa_ok_importar_found;true;4;16V4000M61, 16V4000M90;RB-16V4000M61-002232, RB-16V4000M61-005168, RB-16V4000M90-002243, RB-16V4000M90-002254;348, 817, 317, 318;"{""total_rows"":4,""count_ok_importar"":4,""count_ok_eliminar"":0,""count_pending"":0,""count_review_action"":0,""count_other"":0}";import;qa_ok_importar_found
5272030822;ELBOW;;;import;qa_ok_importar_found;true;1;16V4000M90;RB-16V4000M90-001849;251;"{""total_rows"":1,""count_ok_importar"":1,""count_ok_eliminar"":0,""count_pending"":0,""count_review_action"":0,""count_other"":0}";import;qa_ok_importar_found
5275300813;PLUG-IN BOARD;;100 G;import;qa_ok_importar_found;true;4;16V4000M61, 16V4000M73L, 16V4000M90;RB-16V4000M61-002667, RB-16V4000M73L-003243, RB-16V4000M73L-011654, RB-16V4000M90-002739;405, 475, 1672, 403;"{""total_rows"":4,""count_ok_importar"":4,""count_ok_eliminar"":0,""count_pending"":0,""count_review_action"":0,""count_other"":0}";import;qa_ok_importar_found
5275302613;PLUG-IN BOARD;CRB 1-03;100,000 g;import;qa_ok_importar_found;true;5;12V4000M70, 16V4000M61, 16V4000M73L, 16V4000M90;RB-12V4000M70-005570, RB-16V4000M61-002670, RB-16V4000M73L-003246, RB-16V4000M73L-011657, RB-16V4000M90-002743;797, 405, 475, 1672, 403;"{""total_rows"":5,""count_ok_importar"":5,""count_ok_eliminar"":0,""count_pending"":0,""count_review_action"":0,""count_other"":0}";import;qa_ok_importar_found
5275303413;PLUG-IN BOARD;LMB4-01,;539 G;import;qa_ok_importar_found;true;4;12V4000M70, 16V4000M61, 16V4000M73L;RB-12V4000M70-005220, RB-16V4000M61-002463, RB-16V4000M73L-002661, RB-16V4000M73L-011072;735, 377, 380, 1577;"{""total_rows"":4,""count_ok_importar"":4,""count_ok_eliminar"":0,""count_pending"":0,""count_review_action"":0,""count_other"":0}";import;qa_ok_importar_found
5275303837;PROGRAMMING CONNECTR FOR MONITOR SYSTEM;;15.000 g;import;qa_ok_importar_found;true;1;16V4000M90;RB-16V4000M90-002565;362;"{""total_rows"":1,""count_ok_importar"":1,""count_ok_eliminar"":0,""count_pending"":0,""count_review_action"":0,""count_other"":0}";import;qa_ok_importar_found
5275304360;HOUSING;;;import;qa_ok_importar_found;true;3;12V4000M40A, 16V4000M61;RB-12V4000M40A-002737, RB-16V4000M61-002402, RB-16V4000M61-005338;409, 367, 836;"{""total_rows"":3,""count_ok_importar"":3,""count_ok_eliminar"":0,""count_pending"":0,""count_review_action"":0,""count_other"":0}";import;qa_ok_importar_found
5275304360/S0003;HOUSING;;3,440 KG;import;qa_ok_importar_found;true;3;12V4000M40A, 16V4000M61;RB-12V4000M40A-002734, RB-16V4000M61-002399, RB-16V4000M61-005335;408, 366, 835;"{""total_rows"":3,""count_ok_importar"":3,""count_ok_eliminar"":0,""count_pending"":0,""count_review_action"":0,""count_other"":0}";import;qa_ok_importar_found
5275305512;PLUG-IN BOARD;;;import;qa_ok_importar_found;true;3;12V4000M40A, 16V4000M61;RB-12V4000M40A-002755, RB-16V4000M61-002421, RB-16V4000M61-005357;411, 370, 839;"{""total_rows"":3,""count_ok_importar"":3,""count_ok_eliminar"":0,""count_pending"":0,""count_review_action"":0,""count_other"":0}";import;qa_ok_importar_found
5275305512/76;PLUG-IN BOARD NOT ADJUSTED;;73 G;import;qa_ok_importar_found;true;3;12V4000M40A, 16V4000M61;RB-12V4000M40A-002760, RB-16V4000M61-002426, RB-16V4000M61-005362;412, 371, 840;"{""total_rows"":3,""count_ok_importar"":3,""count_ok_eliminar"":0,""count_pending"":0,""count_review_action"":0,""count_other"":0}";import;qa_ok_importar_found
5275307654;GOVERNOR;455X277X91 (LXBXH);6,600 KG;import;qa_ok_importar_found;true;2;12V4000M40A, 16V4000M90;RB-12V4000M40A-002706, RB-16V4000M90-002444;403, 333;"{""total_rows"":2,""count_ok_importar"":2,""count_ok_eliminar"":0,""count_pending"":0,""count_review_action"":0,""count_other"":0}";import;qa_ok_importar_found
5275307654/76;GOVERNOR NOT ADJUSTED;6,600 KG MN EM FUER ET-LIEFERUNG;;import;qa_ok_importar_found;true;1;12V4000M40A;RB-12V4000M40A-002730;405;"{""total_rows"":1,""count_ok_importar"":1,""count_ok_eliminar"":0,""count_pending"":0,""count_review_action"":0,""count_other"":0}";import;qa_ok_importar_found
5275308412;PLUG-IN BOARD;;57 G;import;qa_ok_importar_found;true;5;12V4000M40A, 12V4000M70, 16V4000M61;RB-12V4000M40A-002731, RB-12V4000M70-002550, RB-12V4000M70-005054, RB-16V4000M61-002396, RB-16V4000M61-005332;406, 344, 681, 364, 833;"{""total_rows"":5,""count_ok_importar"":5,""count_ok_eliminar"":0,""count_pending"":0,""count_review_action"":0,""count_other"":0}";import;qa_ok_importar_found
5275308912;PLUG-IN BOARD;;17 G;import;qa_ok_importar_found;true;5;12V4000M70, 16V4000M61, 16V4000M73L, 16V4000M90;RB-12V4000M70-005568, RB-16V4000M61-002668, RB-16V4000M73L-003244, RB-16V4000M73L-011655, RB-16V4000M90-002741;797, 405, 475, 1672, 403;"{""total_rows"":5,""count_ok_importar"":5,""count_ok_eliminar"":0,""count_pending"":0,""count_review_action"":0,""count_other"":0}";import;qa_ok_importar_found
5275309837;VPI - PROG CONN FOR MON SYS;;5.000 g;import;qa_ok_importar_found;true;1;16V4000M90;RB-16V4000M90-002570;364;"{""total_rows"":1,""count_ok_importar"":1,""count_ok_eliminar"":0,""count_pending"":0,""count_review_action"":0,""count_other"":0}";import;qa_ok_importar_found
5280140002;OIL PAN;;480.000 kg;import;qa_ok_importar_found;true;2;20V4000M93L;RB-20V4000M93L-000088, RB-20V4000M93L-003622;1133, 1506;"{""total_rows"":2,""count_ok_importar"":2,""count_ok_eliminar"":0,""count_pending"":0,""count_review_action"":0,""count_other"":0}";import;qa_ok_importar_found
5280150031;INDICATOR DEAD CENTER;;0.25 KGM;import;qa_ok_importar_found;true;2;20V4000M93L;RB-20V4000M93L-000118, RB-20V4000M93L-003652;1138, 1511;"{""total_rows"":2,""count_ok_importar"":2,""count_ok_eliminar"":0,""count_pending"":0,""count_review_action"":0,""count_other"":0}";import;qa_ok_importar_found
5280330362;THRUST WASHER;;9.260 kg;import;qa_ok_importar_found;true;10;16V4000M73, 16V4000M73L, 20V4000M93L;RB-16V4000M73-000155, RB-16V4000M73-003349, RB-16V4000M73-006543, RB-16V4000M73-009749, RB-16V4000M73L-000129, RB-16V4000M73L-003459, RB-16V4000M73L-005947, RB-16V4000M73L-008456, RB-20V4000M93L-000152, RB-20V4000M93L-003686;39, 393, 747, 1102, 28, 513, 858, 1201, 1139, 1512;"{""total_rows"":10,""count_ok_importar"":10,""count_ok_eliminar"":0,""count_pending"":0,""count_review_action"":0,""count_other"":0}";import;qa_ok_importar_found
5280500044;THRUST BEARING FLANG FOR CAMSHAFT;;1.647 kg;import;qa_ok_importar_found;true;2;20V4000M93L;RB-20V4000M93L-000475, RB-20V4000M93L-004009;1184, 1557;"{""total_rows"":2,""count_ok_importar"":2,""count_ok_eliminar"":0,""count_pending"":0,""count_review_action"":0,""count_other"":0}";import;qa_ok_importar_found
5280510201;CAMSHAFT FREE END;;65.500 kg;import;qa_ok_importar_found;true;6;20V4000M93, 20V4000M93L;RB-20V4000M93-000505, RB-20V4000M93-004218, RB-20V4000M93-007931, RB-20V4000M93-011644, RB-20V4000M93L-000479, RB-20V4000M93L-004013;85, 481, 877, 1273, 1185, 1558;"{""total_rows"":6,""count_ok_importar"":6,""count_ok_eliminar"":0,""count_pending"":0,""count_review_action"":0,""count_other"":0}";import;qa_ok_importar_found
5281700102;VALVE AIR STARTER;;1.800 kg;import;qa_ok_importar_found;true;16;12V4000M70, 16V4000M73, 16V4000M73L, 20V4000M93, 20V4000M93L;RB-12V4000M70-001350, RB-12V4000M70-003854, RB-16V4000M73-001416, RB-16V4000M73-004610, RB-16V4000M73-007816, RB-16V4000M73-011022, RB-16V4000M73L-001210, RB-16V4000M73L-004541, RB-16V4000M73L-007029, RB-16V4000M73L-009535, RB-20V4000M93-001721, RB-20V4000M93-005434, RB-20V4000M93-009147, RB-20V4000M93-012860, RB-20V4000M93L-001664, RB-20V4000M93L-005294;200, 537, 554, 909, 1264, 190, 676, 1021, 1360, 218, 614, 1010, 1406, 1315, 1695;"{""total_rows"":16,""count_ok_importar"":16,""count_ok_eliminar"":0,""count_pending"":0,""count_review_action"":0,""count_other"":0}";import;qa_ok_importar_found
5281840509;COVER WATER DISTRIBUTION HOUSING;;314,700 g;import;qa_ok_importar_found;true;2;12V4000M53;RB-12V4000M53-001482, RB-12V4000M53-004613;204, 559;"{""total_rows"":2,""count_ok_importar"":2,""count_ok_eliminar"":0,""count_pending"":0,""count_review_action"":0,""count_other"":0}";import;qa_ok_importar_found
5281840609;FLANGE;;0.22 KGM;import;qa_ok_importar_found;true;14;16V4000M73, 16V4000M73L, 20V4000M93, 20V4000M93L;RB-16V4000M73-001702, RB-16V4000M73-004896, RB-16V4000M73-008102, RB-16V4000M73-011302, RB-16V4000M73L-001535, RB-16V4000M73L-004866, RB-16V4000M73L-007354, RB-16V4000M73L-009860, RB-20V4000M93-001916, RB-20V4000M93-005629, RB-20V4000M93-009342, RB-20V4000M93-013055, RB-20V4000M93L-002053, RB-20V4000M93L-005683;227, 581, 936, 1290, 224, 710, 1055, 1392, 241, 637, 1033, 1429, 1352, 1732;"{""total_rows"":14,""count_ok_importar"":14,""count_ok_eliminar"":0,""count_pending"":0,""count_review_action"":0,""count_other"":0}";import;qa_ok_importar_found
5285301983;MODULAR SYSTEM;;408 G;import;qa_ok_importar_found;true;3;12V4000M40A;RB-12V4000M40A-002455, RB-12V4000M40A-002476, RB-12V4000M40A-002673;360, 367, 390;"{""total_rows"":3,""count_ok_importar"":3,""count_ok_eliminar"":0,""count_pending"":0,""count_review_action"":0,""count_other"":0}";import;qa_ok_importar_found
5295300413;PLUG-IN BOARD;;50 G;import;qa_ok_importar_found;true;4;12V4000M70, 16V4000M61, 16V4000M73L;RB-12V4000M70-005283, RB-16V4000M61-001979, RB-16V4000M73L-002724, RB-16V4000M73L-011135;744, 320, 388, 1585;"{""total_rows"":4,""count_ok_importar"":4,""count_ok_eliminar"":0,""count_pending"":0,""count_review_action"":0,""count_other"":0}";import;qa_ok_importar_found
5295306812/76;PLUG-IN BOARD NOT ADJUSTED;;100 G;import;qa_ok_importar_found;true;2;12V4000M40A, 16V4000M61;RB-12V4000M40A-002049, RB-16V4000M61-002052;316, 330;"{""total_rows"":2,""count_ok_importar"":2,""count_ok_eliminar"":0,""count_pending"":0,""count_review_action"":0,""count_other"":0}";import;qa_ok_importar_found
5295306812/S0003;PLUG-IN BOARD;MPU27-01 MIT URLADER;32,600 G;import;qa_ok_importar_found;true;2;12V4000M40A, 16V4000M61;RB-12V4000M40A-002046, RB-16V4000M61-002038;315, 328;"{""total_rows"":2,""count_ok_importar"":2,""count_ok_eliminar"":0,""count_pending"":0,""count_review_action"":0,""count_other"":0}";import;qa_ok_importar_found
5295307212;PLUG-IN BOARD;MEM5-02;4,000 g;import;qa_ok_importar_found;true;4;12V4000M70, 16V4000M73L, 16V4000M90;RB-12V4000M70-005608, RB-16V4000M73L-003282, RB-16V4000M73L-011693, RB-16V4000M90-002781;799, 477, 1674, 405;"{""total_rows"":4,""count_ok_importar"":4,""count_ok_eliminar"":0,""count_pending"":0,""count_review_action"":0,""count_other"":0}";import;qa_ok_importar_found
5295308212/76;PLUG-IN BOARD NOT ADJUSTED;;108,500 G;import;qa_ok_importar_found;true;1;12V4000M40A;RB-12V4000M40A-002680;391;"{""total_rows"":1,""count_ok_importar"":1,""count_ok_eliminar"":0,""count_pending"":0,""count_review_action"":0,""count_other"":0}";import;qa_ok_importar_found
5295308212/S0001;PLUG-IN BOARD;MPU 23-03 /URL;50 G;import;qa_ok_importar_found;true;3;12V4000M40A;RB-12V4000M40A-002457, RB-12V4000M40A-002478, RB-12V4000M40A-002675;360, 367, 390;"{""total_rows"":3,""count_ok_importar"":3,""count_ok_eliminar"":0,""count_pending"":0,""count_review_action"":0,""count_other"":0}";import;qa_ok_importar_found
5295308612;PLUG-IN BOARD;BOB1-02;11 G;import;qa_ok_importar_found;true;2;12V4000M40A, 16V4000M61;RB-12V4000M40A-002677, RB-16V4000M61-002039;390, 328;"{""total_rows"":2,""count_ok_importar"":2,""count_ok_eliminar"":0,""count_pending"":0,""count_review_action"":0,""count_other"":0}";import;qa_ok_importar_found
5295308712;PLUG-IN BOARD;;200 G;import;qa_ok_importar_found;true;7;16V4000M61, 16V4000M73L, 16V4000M90;RB-16V4000M61-001959, RB-16V4000M61-002676, RB-16V4000M73L-003252, RB-16V4000M73L-011663, RB-16V4000M90-002538, RB-16V4000M90-002540, RB-16V4000M90-002749;314, 405, 475, 1672, 357, 403;"{""total_rows"":7,""count_ok_importar"":7,""count_ok_eliminar"":0,""count_pending"":0,""count_review_action"":0,""count_other"":0}";import;qa_ok_importar_found
5295309312;PLUG-IN BOARD;AIB 1-02;30 G;import;qa_ok_importar_found;true;9;12V4000M40A, 16V4000M61, 16V4000M73L, 16V4000M90;RB-12V4000M40A-002480, RB-16V4000M61-002560, RB-16V4000M61-002680, RB-16V4000M73L-002262, RB-16V4000M73L-003256, RB-16V4000M73L-010990, RB-16V4000M73L-011667, RB-16V4000M90-002473, RB-16V4000M90-002755;367, 393, 405, 324, 475, 1558, 1672, 336, 403;"{""total_rows"":9,""count_ok_importar"":9,""count_ok_eliminar"":0,""count_pending"":0,""count_review_action"":0,""count_other"":0}";import;qa_ok_importar_found
5295309312/78;PLUG-IN BOARD;;93,800 G;import;qa_ok_importar_found;true;6;12V4000M40A, 16V4000M61, 16V4000M73L, 16V4000M90;RB-12V4000M40A-002484, RB-16V4000M61-001961, RB-16V4000M61-002569, RB-16V4000M73L-002278, RB-16V4000M73L-011006, RB-16V4000M90-002488;368, 314, 395, 329, 1563, 341;"{""total_rows"":6,""count_ok_importar"":6,""count_ok_eliminar"":0,""count_pending"":0,""count_review_action"":0,""count_other"":0}";import;qa_ok_importar_found
5315460443;BRACKET H:41 S2000/S4000;;0.064 KGM;import;qa_ok_importar_found;true;26;12V4000M53, 16V4000M73, 16V4000M73L, 20V4000M93, 20V4000M93L;RB-12V4000M53-002569, RB-12V4000M53-005720, RB-16V4000M73-003129, RB-16V4000M73-006323, RB-16V4000M73-009529, RB-16V4000M73-012729, RB-16V4000M73L-002612, RB-16V4000M73L-005767, RB-16V4000M73L-008283, RB-16V4000M73L-010788, RB-20V4000M93-003395, RB-20V4000M93-003456, RB-20V4000M93-003596, RB-20V4000M93-007108, RB-20V4000M93-007169, RB-20V4000M93-007309, RB-20V4000M93-010821, RB-20V4000M93-010882, RB-20V4000M93-011022, RB-20V4000M93-014534, RB-20V4000M93-014595, RB-20V4000M93-014735, RB-20V4000M93L-003215, RB-20V4000M93L-003246, RB-20V4000M93L-006869, RB-20V4000M93L-006900;306, 669, 355, 709, 1064, 1418, 363, 825, 1168, 1503, 368, 370, 391, 764, 766, 787, 1160, 1162, 1183, 1556, 1558, 1579, 1459, 1460, 1843, 1844;"{""total_rows"":26,""count_ok_importar"":26,""count_ok_eliminar"":0,""count_pending"":0,""count_review_action"":0,""count_other"":0}";import;qa_ok_importar_found
5319971132;PLUG;M18X1.5;0.035 kg;import;qa_ok_importar_found;true;2;20V4000M93L;RB-20V4000M93L-001098, RB-20V4000M93L-004669;1254, 1631;"{""total_rows"":2,""count_ok_importar"":2,""count_ok_eliminar"":0,""count_pending"":0,""count_review_action"":0,""count_other"":0}";import;qa_ok_importar_found
5350980050;BUSHING;;0.19 KGM;import;qa_ok_importar_found;true;21;12V4000M53, 12V4000M70, 16V4000M61, 16V4000M73, 16V4000M73L, 16V4000M90, 20V4000M93, 20V4000M93L;RB-12V4000M53-001086, RB-12V4000M53-004217, RB-12V4000M70-000941, RB-12V4000M70-003500, RB-16V4000M61-000835, RB-16V4000M61-003910, RB-16V4000M73-001054, RB-16V4000M73-004248, RB-16V4000M73-007442, RB-16V4000M73-010648, RB-16V4000M73L-000899, RB-16V4000M73L-004230, RB-16V4000M73L-006718, RB-16V4000M73L-009224, RB-16V4000M90-000951, RB-20V4000M93-001225, RB-20V4000M93-004938, RB-20V4000M93-008651, RB-20V4000M93-012364, RB-20V4000M93L-001157, RB-20V4000M93L-004728;151, 506, 154, 493, 142, 646, 162, 516, 870, 1225, 149, 635, 980, 1321, 146, 170, 566, 962, 1358, 1267, 1644;"{""total_rows"":21,""count_ok_importar"":21,""count_ok_eliminar"":0,""count_pending"":0,""count_review_action"":0,""count_other"":0}";import;qa_ok_importar_found
5360520080;GASKET;;0.006 KGM;import;qa_ok_importar_found;true;22;12V4000M40A, 12V4000M53, 12V4000M70, 16V4000M61, 16V4000M73, 16V4000M73L, 16V4000M90, 20V4000M93, 20V4000M93L;RB-12V4000M40A-000174, RB-12V4000M53-000277, RB-12V4000M53-003408, RB-12V4000M70-000187, RB-12V4000M70-002746, RB-16V4000M61-000168, RB-16V4000M61-003278, RB-16V4000M73-000294, RB-16V4000M73-003488, RB-16V4000M73-006682, RB-16V4000M73-009888, RB-16V4000M73L-000226, RB-16V4000M73L-003556, RB-16V4000M73L-006044, RB-16V4000M73L-008553, RB-16V4000M90-000184, RB-20V4000M93-000289, RB-20V4000M93-004002, RB-20V4000M93-007715, RB-20V4000M93-011428, RB-20V4000M93L-000283, RB-20V4000M93L-003817;36, 47, 402, 48, 387, 35, 542, 52, 406, 760, 1115, 40, 525, 870, 1213, 42, 49, 445, 841, 1237, 1150, 1523;"{""total_rows"":22,""count_ok_importar"":22,""count_ok_eliminar"":0,""count_pending"":0,""count_review_action"":0,""count_other"":0}";import;qa_ok_importar_found
5360980118;ACTUATING CYLINDER;OHNE GABELKOPF;312,900 g;import;qa_ok_importar_found;true;5;12V4000M70, 16V4000M61, 16V4000M90;RB-12V4000M70-000976, RB-12V4000M70-003535, RB-16V4000M61-000868, RB-16V4000M61-003943, RB-16V4000M90-000984;157, 496, 145, 649, 149;"{""total_rows"":5,""count_ok_importar"":5,""count_ok_eliminar"":0,""count_pending"":0,""count_review_action"":0,""count_other"":0}";import;qa_ok_importar_found
5410100080;INSERT;FILTEREINSATZ ÖLABSCHEIDER;137 G;import;qa_ok_importar_found;true;4;12V4000M40A, 16V4000M61, 16V4000M90;RB-12V4000M40A-000163, RB-16V4000M61-000157, RB-16V4000M61-003267, RB-16V4000M90-000173;32, 31, 538, 38;"{""total_rows"":4,""count_ok_importar"":4,""count_ok_eliminar"":0,""count_pending"":0,""count_review_action"":0,""count_other"":0}";import;qa_ok_importar_found
5502030343;BRACKET;;56.900 g;import;qa_ok_importar_found;true;10;12V4000M53, 16V4000M73, 16V4000M73L;RB-12V4000M53-000221, RB-12V4000M53-003352, RB-16V4000M73-000221, RB-16V4000M73-003415, RB-16V4000M73-006609, RB-16V4000M73-009815, RB-16V4000M73L-000182, RB-16V4000M73L-003512, RB-16V4000M73L-006000, RB-16V4000M73L-008509;41, 396, 44, 398, 752, 1107, 32, 517, 862, 1205;"{""total_rows"":10,""count_ok_importar"":10,""count_ok_eliminar"":0,""count_pending"":0,""count_review_action"":0,""count_other"":0}";import;qa_ok_importar_found
5550540174;PIN;14X38;45 G;import;qa_ok_importar_found;true;20;12V4000M40A, 16V4000M61, 16V4000M73L, 16V4000M90, 20V4000M93L;RB-12V4000M40A-000405, RB-12V4000M40A-000410, RB-16V4000M61-000392, RB-16V4000M61-000397, RB-16V4000M61-003502, RB-16V4000M61-003507, RB-16V4000M73L-000423, RB-16V4000M73L-000429, RB-16V4000M73L-003753, RB-16V4000M73L-003759, RB-16V4000M73L-006241, RB-16V4000M73L-006247, RB-16V4000M73L-008750, RB-16V4000M73L-008756, RB-16V4000M90-000417, RB-16V4000M90-000422, RB-20V4000M93L-000493, RB-20V4000M93L-000498, RB-20V4000M93L-004027, RB-20V4000M93L-004032;78, 79, 72, 73, 579, 580, 563, 564, 908, 909, 1251, 1252, 84, 85, 1189, 1190, 1562, 1563;"{""total_rows"":20,""count_ok_importar"":20,""count_ok_eliminar"":0,""count_pending"":0,""count_review_action"":0,""count_other"":0}";import;qa_ok_importar_found
5550781241;BRACKET;;0.103 KGM;import;qa_ok_importar_found;true;12;20V4000M93, 20V4000M93L;RB-20V4000M93-002604, RB-20V4000M93-002612, RB-20V4000M93-006317, RB-20V4000M93-006325, RB-20V4000M93-010030, RB-20V4000M93-010038, RB-20V4000M93-013743, RB-20V4000M93-013751, RB-20V4000M93L-002644, RB-20V4000M93L-002652, RB-20V4000M93L-006274, RB-20V4000M93L-006282;288, 684, 1080, 1476, 1397, 1777;"{""total_rows"":12,""count_ok_importar"":12,""count_ok_eliminar"":0,""count_pending"":0,""count_review_action"":0,""count_other"":0}";import;qa_ok_importar_found
5564910150;BUSHING;8,5 X 20 X 22;0.044 KGM;import;qa_ok_importar_found;true;10;12V4000M53, 16V4000M73, 16V4000M73L;RB-12V4000M53-001670, RB-12V4000M53-004801, RB-16V4000M73-001816, RB-16V4000M73-005010, RB-16V4000M73-008216, RB-16V4000M73-011416, RB-16V4000M73L-001272, RB-16V4000M73L-004603, RB-16V4000M73L-007091, RB-16V4000M73L-009597;217, 572, 235, 589, 944, 1298, 196, 682, 1027, 1365;"{""total_rows"":10,""count_ok_importar"":10,""count_ok_eliminar"":0,""count_pending"":0,""count_review_action"":0,""count_other"":0}";import;qa_ok_importar_found
5590981750;FLANGE;;0.19 KGM;import;qa_ok_importar_found;true;21;12V4000M53, 12V4000M70, 16V4000M61, 16V4000M73, 16V4000M73L, 16V4000M90, 20V4000M93, 20V4000M93L;RB-12V4000M53-001093, RB-12V4000M53-004224, RB-12V4000M70-000948, RB-12V4000M70-003507, RB-16V4000M61-000841, RB-16V4000M61-003916, RB-16V4000M73-001060, RB-16V4000M73-004254, RB-16V4000M73-007448, RB-16V4000M73-010654, RB-16V4000M73L-000905, RB-16V4000M73L-004236, RB-16V4000M73L-006724, RB-16V4000M73L-009230, RB-16V4000M90-000957, RB-20V4000M93-001232, RB-20V4000M93-004945, RB-20V4000M93-008658, RB-20V4000M93-012371, RB-20V4000M93L-001163, RB-20V4000M93L-004734;151, 506, 154, 493, 142, 646, 162, 516, 870, 1225, 149, 635, 980, 1321, 146, 170, 566, 962, 1358, 1267, 1644;"{""total_rows"":21,""count_ok_importar"":21,""count_ok_eliminar"":0,""count_pending"":0,""count_review_action"":0,""count_other"":0}";import;qa_ok_importar_found
5840983726;BRACKET;;52.800 g;import;qa_ok_importar_found;true;14;16V4000M73, 16V4000M73L, 20V4000M93, 20V4000M93L;RB-16V4000M73-000812, RB-16V4000M73-004006, RB-16V4000M73-007200, RB-16V4000M73-010406, RB-16V4000M73L-000670, RB-16V4000M73L-004000, RB-16V4000M73L-006488, RB-16V4000M73L-008997, RB-20V4000M93-000839, RB-20V4000M93-004552, RB-20V4000M93-008265, RB-20V4000M93-011978, RB-20V4000M93L-000785, RB-20V4000M93L-004356;132, 486, 840, 1195, 117, 602, 947, 1290, 131, 527, 923, 1319, 1231, 1608;"{""total_rows"":14,""count_ok_importar"":14,""count_ok_eliminar"":0,""count_pending"":0,""count_review_action"":0,""count_other"":0}";import;qa_ok_importar_found
006885005005;KEY WOODRUFF A;A 5 X 5 X 28;0.005 KGM;import;qa_ok_importar_found;true;12;12V4000M40A, 12V4000M70, 16V4000M61, 16V4000M73L, 16V4000M90, 20V4000M93L;RB-12V4000M40A-001146, RB-12V4000M70-001426, RB-12V4000M70-003930, RB-16V4000M61-001180, RB-16V4000M61-004256, RB-16V4000M73L-001408, RB-16V4000M73L-004739, RB-16V4000M73L-007227, RB-16V4000M73L-009733, RB-16V4000M90-001228, RB-20V4000M93L-001896, RB-20V4000M93L-005526;192, 208, 545, 187, 689, 212, 698, 1043, 1380, 182, 1339, 1719;"{""total_rows"":12,""count_ok_importar"":12,""count_ok_eliminar"":0,""count_pending"":0,""count_review_action"":0,""count_other"":0}";import;qa_ok_importar_found
8499970035;GASKET;;0.07 KGM;import;qa_ok_importar_found;true;18;12V4000M40A, 12V4000M70, 16V4000M61, 16V4000M90;RB-12V4000M40A-001276, RB-12V4000M40A-001277, RB-12V4000M40A-001279, RB-12V4000M70-001534, RB-12V4000M70-001535, RB-12V4000M70-001537, RB-12V4000M70-004038, RB-12V4000M70-004039, RB-12V4000M70-004041, RB-16V4000M61-001332, RB-16V4000M61-001333, RB-16V4000M61-001335, RB-16V4000M61-004408, RB-16V4000M61-004409, RB-16V4000M61-004411, RB-16V4000M90-001396, RB-16V4000M90-001397, RB-16V4000M90-001399;209, 210, 211, 223, 224, 225, 560, 561, 562, 206, 207, 208, 708, 709, 710, 201, 202, 203;"{""total_rows"":18,""count_ok_importar"":18,""count_ok_eliminar"":0,""count_pending"":0,""count_review_action"":0,""count_other"":0}";import;qa_ok_importar_found
8599970023;SEALING RING;139 X 14;140,000 g;import;qa_ok_importar_found;true;4;12V4000M40A, 12V4000M70, 16V4000M90;RB-12V4000M40A-002032, RB-12V4000M70-002178, RB-12V4000M70-004682, RB-16V4000M90-002026;308, 303, 640, 280;"{""total_rows"":4,""count_ok_importar"":4,""count_ok_eliminar"":0,""count_pending"":0,""count_review_action"":0,""count_other"":0}";import;qa_ok_importar_found
8599970120;O-RING;17,12 X 2,62;50.000 g;import;qa_ok_importar_found;true;1;16V4000M90;RB-16V4000M90-000750;122;"{""total_rows"":1,""count_ok_importar"":1,""count_ok_eliminar"":0,""count_pending"":0,""count_review_action"":0,""count_other"":0}";import;qa_ok_importar_found
8690740389;SOLENOID;;2,060 KG;import;qa_ok_importar_found;true;6;12V4000M40A, 12V4000M70, 16V4000M61, 16V4000M90;RB-12V4000M40A-000429, RB-12V4000M70-000470, RB-12V4000M70-003029, RB-16V4000M61-000439, RB-16V4000M61-003550, RB-16V4000M90-000463;84, 98, 437, 83, 590, 94;"{""total_rows"":6,""count_ok_importar"":6,""count_ok_eliminar"":0,""count_pending"":0,""count_review_action"":0,""count_other"":0}";import;qa_ok_importar_found
8691800002;GEAR-TYPE PUMP;;5,500 KG;import;qa_ok_importar_found;true;10;12V4000M40A, 16V4000M61, 16V4000M73L, 16V4000M90, 20V4000M93L;RB-12V4000M40A-001134, RB-16V4000M61-001168, RB-16V4000M61-004244, RB-16V4000M73L-001396, RB-16V4000M73L-004727, RB-16V4000M73L-007215, RB-16V4000M73L-009721, RB-16V4000M90-001216, RB-20V4000M93L-001884, RB-20V4000M93L-005514;191, 186, 688, 211, 697, 1042, 1379, 181, 1338, 1718;"{""total_rows"":10,""count_ok_importar"":10,""count_ok_eliminar"":0,""count_pending"":0,""count_review_action"":0,""count_other"":0}";import;qa_ok_importar_found
8691840034;FILTERING SCREEN;WN281-65/90 200#M;187.200 g;import;qa_ok_importar_found;true;14;16V4000M73, 16V4000M73L, 20V4000M93, 20V4000M93L;RB-16V4000M73-001658, RB-16V4000M73-004852, RB-16V4000M73-008058, RB-16V4000M73-011260, RB-16V4000M73L-001493, RB-16V4000M73L-004824, RB-16V4000M73L-007312, RB-16V4000M73L-009818, RB-20V4000M93-001887, RB-20V4000M93-005600, RB-20V4000M93-009313, RB-20V4000M93-013026, RB-20V4000M93L-002024, RB-20V4000M93L-005654;222, 576, 931, 1286, 219, 705, 1050, 1387, 238, 634, 1030, 1426, 1349, 1729;"{""total_rows"":14,""count_ok_importar"":14,""count_ok_eliminar"":0,""count_pending"":0,""count_review_action"":0,""count_other"":0}";import;qa_ok_importar_found
8692030012;AUTOMATIC CUT-OUT;35 A;137.000 g;import;qa_ok_importar_found;true;2;20V4000M93L;RB-20V4000M93L-002307, RB-20V4000M93L-005937;1381, 1761;"{""total_rows"":2,""count_ok_importar"":2,""count_ok_eliminar"":0,""count_pending"":0,""count_review_action"":0,""count_other"":0}";import;qa_ok_importar_found
8692030031;PUMP;S40/60 - 50/60HZ IP55;8,800 KG;import;qa_ok_importar_found;true;2;12V4000M40A, 16V4000M61;RB-12V4000M40A-001674, RB-16V4000M61-004700;254, 744;"{""total_rows"":2,""count_ok_importar"":2,""count_ok_eliminar"":0,""count_pending"":0,""count_review_action"":0,""count_other"":0}";import;qa_ok_importar_found
8692030056;CONTROL;SCHALTST. 0 - 1;71,100 G;import;qa_ok_importar_found;true;9;12V4000M40A, 16V4000M61, 16V4000M73L, 20V4000M93L;RB-12V4000M40A-001686, RB-16V4000M61-001638, RB-16V4000M61-004714, RB-16V4000M73L-002212, RB-16V4000M73L-005474, RB-16V4000M73L-007990, RB-16V4000M73L-010496, RB-20V4000M93L-002313, RB-20V4000M93L-005943;254, 243, 744, 315, 794, 1137, 1472, 1381, 1761;"{""total_rows"":9,""count_ok_importar"":9,""count_ok_eliminar"":0,""count_pending"":0,""count_review_action"":0,""count_other"":0}";import;qa_ok_importar_found
8692030059;SWITCH;12 A;92 G;import;qa_ok_importar_found;true;7;12V4000M40A, 16V4000M61, 16V4000M73L;RB-12V4000M40A-001687, RB-16V4000M61-001639, RB-16V4000M61-004715, RB-16V4000M73L-002213, RB-16V4000M73L-005475, RB-16V4000M73L-007991, RB-16V4000M73L-010497;254, 243, 744, 315, 794, 1137, 1472;"{""total_rows"":7,""count_ok_importar"":7,""count_ok_eliminar"":0,""count_pending"":0,""count_review_action"":0,""count_other"":0}";import;qa_ok_importar_found
8692030152;CONTACTOR;0,45-0.63A;100 G;import;qa_ok_importar_found;true;9;12V4000M40A, 16V4000M61, 16V4000M73L, 20V4000M93L;RB-12V4000M40A-001685, RB-16V4000M61-001637, RB-16V4000M61-004713, RB-16V4000M73L-002211, RB-16V4000M73L-005473, RB-16V4000M73L-007989, RB-16V4000M73L-010495, RB-20V4000M93L-002312, RB-20V4000M93L-005942;254, 243, 744, 315, 794, 1137, 1472, 1381, 1761;"{""total_rows"":9,""count_ok_importar"":9,""count_ok_eliminar"":0,""count_pending"":0,""count_review_action"":0,""count_other"":0}";import;qa_ok_importar_found
8692030520;OVERCURRENT TRIP;0.37-0.55 A;130 G;import;qa_ok_importar_found;true;2;16V4000M61;RB-16V4000M61-001636, RB-16V4000M61-004712;243, 744;"{""total_rows"":2,""count_ok_importar"":2,""count_ok_eliminar"":0,""count_pending"":0,""count_review_action"":0,""count_other"":0}";import;qa_ok_importar_found
8699950012;CLAMP;;551,800 G;import;qa_ok_importar_found;true;4;12V4000M40A, 16V4000M61, 16V4000M90;RB-12V4000M40A-001246, RB-16V4000M61-001303, RB-16V4000M61-004379, RB-16V4000M90-001367;203, 200, 702, 195;"{""total_rows"":4,""count_ok_importar"":4,""count_ok_eliminar"":0,""count_pending"":0,""count_review_action"":0,""count_other"":0}";import;qa_ok_importar_found
8699970154;ADHESIVE;250 ML;869 G;import;qa_ok_importar_found;true;42;12V4000M40A, 12V4000M70, 16V4000M61, 16V4000M90;RB-12V4000M40A-001278, RB-12V4000M40A-001480, RB-12V4000M40A-001482, RB-12V4000M40A-001484, RB-12V4000M40A-001487, RB-12V4000M40A-001489, RB-12V4000M40A-001491, RB-12V4000M70-001536, RB-12V4000M70-001698, RB-12V4000M70-001700, RB-12V4000M70-001702, RB-12V4000M70-001705, RB-12V4000M70-001707, RB-12V4000M70-001711, RB-12V4000M70-004040, RB-12V4000M70-004202, RB-12V4000M70-004204, RB-12V4000M70-004206, RB-12V4000M70-004209, RB-12V4000M70-004211, RB-12V4000M70-004215, RB-16V4000M61-001334, RB-16V4000M61-001463, RB-16V4000M61-001465, RB-16V4000M61-001467, RB-16V4000M61-001470, RB-16V4000M61-001472, RB-16V4000M61-001474, RB-16V4000M61-004410, RB-16V4000M61-004539, RB-16V4000M61-004541, RB-16V4000M61-004543, RB-16V4000M61-004546, RB-16V4000M61-004548, RB-16V4000M61-004550, RB-16V4000M90-001398, RB-16V4000M90-001776, RB-16V4000M90-001778, RB-16V4000M90-001780, RB-16V4000M90-001783, RB-16V4000M90-001785, RB-16V4000M90-001789;210, 232, 233, 234, 235, 236, 237, 224, 241, 242, 243, 244, 245, 246, 561, 578, 579, 580, 581, 582, 583, 207, 221, 222, 223, 225, 226, 709, 723, 724, 725, 726, 727, 728, 202, 238, 239, 240;"{""total_rows"":42,""count_ok_importar"":42,""count_ok_eliminar"":0,""count_pending"":0,""count_review_action"":0,""count_other"":0}";import;qa_ok_importar_found
28200750053/0;SPACER BUSHING;;64,300 G;import;qa_ok_importar_found;true;9;12V4000M40A, 16V4000M73, 16V4000M73L;RB-12V4000M40A-001744, RB-16V4000M73-000531, RB-16V4000M73-003725, RB-16V4000M73-006919, RB-16V4000M73-010125, RB-16V4000M73L-000457, RB-16V4000M73L-003787, RB-16V4000M73L-006275, RB-16V4000M73L-008784;258, 100, 454, 808, 1163, 86, 571, 916, 1259;"{""total_rows"":9,""count_ok_importar"":9,""count_ok_eliminar"":0,""count_pending"":0,""count_review_action"":0,""count_other"":0}";import;qa_ok_importar_found
200988045000;RING SHIM;45 X 55 X 1,5;8.600 g;import;qa_ok_importar_found;true;22;12V4000M40A, 12V4000M53, 12V4000M70, 16V4000M61, 16V4000M73, 16V4000M73L, 16V4000M90, 20V4000M93, 20V4000M93L;RB-12V4000M40A-000379, RB-12V4000M53-000494, RB-12V4000M53-003625, RB-12V4000M70-000435, RB-12V4000M70-002994, RB-16V4000M61-000401, RB-16V4000M61-003511, RB-16V4000M73-000506, RB-16V4000M73-003700, RB-16V4000M73-006894, RB-16V4000M73-010100, RB-16V4000M73L-000434, RB-16V4000M73L-003764, RB-16V4000M73L-006252, RB-16V4000M73L-008761, RB-16V4000M90-000426, RB-20V4000M93-000526, RB-20V4000M93-004239, RB-20V4000M93-007952, RB-20V4000M93-011665, RB-20V4000M93L-000502, RB-20V4000M93L-004036;73, 87, 442, 90, 429, 74, 581, 93, 447, 801, 1156, 80, 565, 910, 1253, 86, 91, 487, 883, 1279, 1191, 1564;"{""total_rows"":22,""count_ok_importar"":22,""count_ok_eliminar"":0,""count_pending"":0,""count_review_action"":0,""count_other"":0}";import;qa_ok_importar_found
204017006007;HEX SCREW;M 6 X 40;0.009 KGM;import;qa_ok_importar_found;true;15;12V4000M53, 12V4000M70, 16V4000M61, 16V4000M90, 20V4000M93;RB-12V4000M53-002427, RB-12V4000M53-005578, RB-12V4000M70-001843, RB-12V4000M70-002315, RB-12V4000M70-004347, RB-12V4000M70-004819, RB-16V4000M61-001551, RB-16V4000M61-002279, RB-16V4000M61-004627, RB-16V4000M61-005215, RB-16V4000M90-001640, RB-20V4000M93-003617, RB-20V4000M93-007330, RB-20V4000M93-011043, RB-20V4000M93-014756;304, 667, 253, 319, 590, 656, 232, 349, 734, 818, 223, 392, 788, 1184, 1580;"{""total_rows"":15,""count_ok_importar"":15,""count_ok_eliminar"":0,""count_pending"":0,""count_review_action"":0,""count_other"":0}";import;qa_ok_importar_found
304014008002;HEX SCREW;M 8 X 65;0.025 KGM;import;qa_ok_importar_found;true;2;20V4000M93L;RB-20V4000M93L-002696, RB-20V4000M93L-006326;1398, 1778;"{""total_rows"":2,""count_ok_importar"":2,""count_ok_eliminar"":0,""count_pending"":0,""count_review_action"":0,""count_other"":0}";import;qa_ok_importar_found
304017010032;HEX SCREW;M 10 X 65;0.042 KGM;import;qa_ok_importar_found;true;48;12V4000M53, 16V4000M73, 16V4000M73L, 20V4000M93, 20V4000M93L;RB-12V4000M53-000540, RB-12V4000M53-000875, RB-12V4000M53-000991, RB-12V4000M53-003671, RB-12V4000M53-004006, RB-12V4000M53-004122, RB-16V4000M73-000552, RB-16V4000M73-000860, RB-16V4000M73-001003, RB-16V4000M73-003746, RB-16V4000M73-004054, RB-16V4000M73-004197, RB-16V4000M73-006940, RB-16V4000M73-007248, RB-16V4000M73-007391, RB-16V4000M73-010146, RB-16V4000M73-010454, RB-16V4000M73-010597, RB-16V4000M73L-000473, RB-16V4000M73L-000706, RB-16V4000M73L-000849, RB-16V4000M73L-003803, RB-16V4000M73L-004036, RB-16V4000M73L-004179, RB-16V4000M73L-006291, RB-16V4000M73L-006524, RB-16V4000M73L-006667, RB-16V4000M73L-008800, RB-16V4000M73L-009033, RB-16V4000M73L-009174, RB-20V4000M93-000572, RB-20V4000M93-000887, RB-20V4000M93-001154, RB-20V4000M93-004285, RB-20V4000M93-004600, RB-20V4000M93-004867, RB-20V4000M93-007998, RB-20V4000M93-008313, RB-20V4000M93-008580, RB-20V4000M93-011711, RB-20V4000M93-012026, RB-20V4000M93-012293, RB-20V4000M93L-000539, RB-20V4000M93L-000825, RB-20V4000M93L-001091, RB-20V4000M93L-004073, RB-20V4000M93L-004396, RB-20V4000M93L-004662;101, 127, 138, 456, 482, 493, 106, 151, 460, 492, 505, 814, 846, 859, 1169, 1201, 1214, 92, 123, 136, 577, 608, 621, 922, 953, 966, 1265, 1296, 1308, 105, 137, 156, 501, 533, 552, 897, 929, 948, 1293, 1325, 1344, 1203, 1235, 1254, 1576, 1612, 1631;"{""total_rows"":48,""count_ok_importar"":48,""count_ok_eliminar"":0,""count_pending"":0,""count_review_action"":0,""count_other"":0}";import;qa_ok_importar_found
304032016003;HEX NUT;M 16;0.034 KGM;import;qa_ok_importar_found;true;8;12V4000M53, 20V4000M93, 20V4000M93L;RB-12V4000M53-002098, RB-12V4000M53-005229, RB-20V4000M93-002216, RB-20V4000M93-005929, RB-20V4000M93-009642, RB-20V4000M93-013355, RB-20V4000M93L-002789, RB-20V4000M93L-006419;250, 605, 266, 662, 1058, 1454, 1406, 1786;"{""total_rows"":8,""count_ok_importar"":8,""count_ok_eliminar"":0,""count_pending"":0,""count_review_action"":0,""count_other"":0}";import;qa_ok_importar_found
304032020001;HEX NUT;M 20;0.063 KGM;import;qa_ok_importar_found;true;38;12V4000M53, 16V4000M73, 16V4000M73L, 20V4000M93, 20V4000M93L;RB-12V4000M53-002356, RB-12V4000M53-002365, RB-12V4000M53-005489, RB-12V4000M53-005498, RB-16V4000M73-002555, RB-16V4000M73-002564, RB-16V4000M73-005749, RB-16V4000M73-005758, RB-16V4000M73-008955, RB-16V4000M73-008964, RB-16V4000M73-012155, RB-16V4000M73-012164, RB-16V4000M73L-002052, RB-16V4000M73L-002061, RB-16V4000M73L-005383, RB-16V4000M73L-005392, RB-16V4000M73L-007865, RB-16V4000M73L-007874, RB-16V4000M73L-010371, RB-16V4000M73L-010380, RB-20V4000M93-002942, RB-20V4000M93-002951, RB-20V4000M93-003007, RB-20V4000M93-006655, RB-20V4000M93-006664, RB-20V4000M93-006720, RB-20V4000M93-010368, RB-20V4000M93-010377, RB-20V4000M93-010433, RB-20V4000M93-014081, RB-20V4000M93-014090, RB-20V4000M93-014146, RB-20V4000M93L-002880, RB-20V4000M93L-003019, RB-20V4000M93L-003024, RB-20V4000M93L-006510, RB-20V4000M93L-006649, RB-20V4000M93L-006654;287, 288, 644, 645, 303, 304, 657, 658, 1012, 1013, 1366, 1367, 284, 285, 770, 771, 1112, 1113, 1447, 1448, 322, 323, 335, 718, 719, 731, 1114, 1115, 1127, 1510, 1511, 1523, 1416, 1434, 1796, 1814;"{""total_rows"":38,""count_ok_importar"":38,""count_ok_eliminar"":0,""count_pending"":0,""count_review_action"":0,""count_other"":0}";import;qa_ok_importar_found
700368045011;RUBBER SLEEVE;45 X 80;0.1 KGM;import;qa_ok_importar_found;true;6;20V4000M93, 20V4000M93L;RB-20V4000M93-000249, RB-20V4000M93-003962, RB-20V4000M93-007675, RB-20V4000M93-011388, RB-20V4000M93L-000246, RB-20V4000M93L-003780;41, 437, 833, 1229, 1143, 1516;"{""total_rows"":6,""count_ok_importar"":6,""count_ok_eliminar"":0,""count_pending"":0,""count_review_action"":0,""count_other"":0}";import;qa_ok_importar_found
700386050002;SEAL OIL;A 50 X 72 X 8;0.031 KGM;import;qa_ok_importar_found;true;20;12V4000M40A, 12V4000M70, 16V4000M61, 16V4000M73, 16V4000M73L, 16V4000M90, 20V4000M93, 20V4000M93L;RB-12V4000M40A-001623, RB-12V4000M70-001919, RB-12V4000M70-004423, RB-16V4000M61-001603, RB-16V4000M61-004679, RB-16V4000M73-001906, RB-16V4000M73-005100, RB-16V4000M73-008306, RB-16V4000M73-011506, RB-16V4000M73L-001953, RB-16V4000M73L-005284, RB-16V4000M73L-007772, RB-16V4000M73L-010278, RB-16V4000M90-001475, RB-20V4000M93-002246, RB-20V4000M93-005959, RB-20V4000M93-009672, RB-20V4000M93-013385, RB-20V4000M93L-002242, RB-20V4000M93L-005872;247, 260, 597, 239, 740, 249, 603, 958, 1312, 261, 747, 1092, 1428, 213, 269, 665, 1061, 1457, 1372, 1752;"{""total_rows"":20,""count_ok_importar"":20,""count_ok_eliminar"":0,""count_pending"":0,""count_review_action"":0,""count_other"":0}";import;qa_ok_importar_found
700425000049;LABEL MTU ABGASTURBOLADER ID 39;39;3,900 G;import;qa_ok_importar_found;true;26;12V4000M40A, 12V4000M70, 16V4000M61, 16V4000M73L, 20V4000M93L;RB-12V4000M40A-000700, RB-12V4000M40A-000756, RB-12V4000M70-000781, RB-12V4000M70-000822, RB-12V4000M70-003340, RB-12V4000M70-003381, RB-16V4000M61-000685, RB-16V4000M61-000738, RB-16V4000M61-003760, RB-16V4000M61-003813, RB-16V4000M73L-000736, RB-16V4000M73L-000801, RB-16V4000M73L-004066, RB-16V4000M73L-004131, RB-16V4000M73L-006554, RB-16V4000M73L-006619, RB-16V4000M73L-009063, RB-16V4000M73L-009128, RB-20V4000M93L-000855, RB-20V4000M93L-000921, RB-20V4000M93L-000981, RB-20V4000M93L-001041, RB-20V4000M93L-004426, RB-20V4000M93L-004492, RB-20V4000M93L-004552, RB-20V4000M93L-004612;121, 127, 130, 134, 469, 473, 116, 122, 620, 626, 126, 133, 611, 618, 956, 963, 1299, 1305, 1238, 1245, 1248, 1251, 1615, 1622, 1625, 1628;"{""total_rows"":26,""count_ok_importar"":26,""count_ok_eliminar"":0,""count_pending"":0,""count_review_action"":0,""count_other"":0}";import;qa_ok_importar_found
700425000182;EMI-LABEL EMI INFO;66.8;;import;qa_ok_importar_found;true;22;12V4000M40A, 12V4000M53, 12V4000M70, 16V4000M61, 16V4000M73, 16V4000M73L, 16V4000M90, 20V4000M93, 20V4000M93L;RB-12V4000M40A-000002, RB-12V4000M53-000002, RB-12V4000M53-003141, RB-12V4000M70-000002, RB-12V4000M70-002561, RB-16V4000M61-000003, RB-16V4000M61-003113, RB-16V4000M73-000004, RB-16V4000M73-003198, RB-16V4000M73-006392, RB-16V4000M73-009598, RB-16V4000M73L-000004, RB-16V4000M73L-003327, RB-16V4000M73L-005815, RB-16V4000M73L-008331, RB-16V4000M90-000003, RB-20V4000M93-000002, RB-20V4000M93-003715, RB-20V4000M93-007428, RB-20V4000M93-011141, RB-20V4000M93L-000004, RB-20V4000M93L-003538;6, 16, 371, 355, 8, 515, 17, 725, 1080, 493, 838, 1181, 14, 412, 808, 1204, 1120, 1493;"{""total_rows"":22,""count_ok_importar"":22,""count_ok_eliminar"":0,""count_pending"":0,""count_review_action"":0,""count_other"":0}";import;qa_ok_importar_found
700425000235;PLATE F/TURBOCHARGER;39.1;3.000 g;import;qa_ok_importar_found;true;20;12V4000M53, 20V4000M93;RB-12V4000M53-000908, RB-12V4000M53-000960, RB-12V4000M53-004039, RB-12V4000M53-004091, RB-20V4000M93-000925, RB-20V4000M93-000991, RB-20V4000M93-001049, RB-20V4000M93-001107, RB-20V4000M93-004638, RB-20V4000M93-004704, RB-20V4000M93-004762, RB-20V4000M93-004820, RB-20V4000M93-008351, RB-20V4000M93-008417, RB-20V4000M93-008475, RB-20V4000M93-008533, RB-20V4000M93-012064, RB-20V4000M93-012130, RB-20V4000M93-012188, RB-20V4000M93-012246;129, 135, 484, 490, 140, 147, 150, 153, 536, 543, 546, 549, 932, 939, 942, 945, 1328, 1335, 1338, 1341;"{""total_rows"":20,""count_ok_importar"":20,""count_ok_eliminar"":0,""count_pending"":0,""count_review_action"":0,""count_other"":0}";import;qa_ok_importar_found
700429021001;O-RING;A 21 X 2;0.001 KGM;import;qa_ok_importar_found;true;20;12V4000M40A, 12V4000M53, 12V4000M70, 16V4000M73, 16V4000M73L, 16V4000M90, 20V4000M93, 20V4000M93L;RB-12V4000M40A-000441, RB-12V4000M53-000528, RB-12V4000M53-003659, RB-12V4000M70-000482, RB-12V4000M70-003041, RB-16V4000M73-000546, RB-16V4000M73-003740, RB-16V4000M73-006934, RB-16V4000M73-010140, RB-16V4000M73L-000467, RB-16V4000M73L-003797, RB-16V4000M73L-006285, RB-16V4000M73L-008794, RB-16V4000M90-000475, RB-20V4000M93-000565, RB-20V4000M93-004278, RB-20V4000M93-007991, RB-20V4000M93-011704, RB-20V4000M93L-000533, RB-20V4000M93L-004067;89, 98, 453, 103, 442, 104, 458, 812, 1167, 90, 575, 920, 1263, 99, 499, 895, 1291, 1201, 1574;"{""total_rows"":20,""count_ok_importar"":20,""count_ok_eliminar"":0,""count_pending"":0,""count_review_action"":0,""count_other"":0}";import;qa_ok_importar_found
700429030002;O-RING;A 30 X 4;0.003 KGM;import;qa_ok_importar_found;true;34;12V4000M40A, 12V4000M53, 12V4000M70, 16V4000M61, 16V4000M73, 16V4000M73L, 16V4000M90, 20V4000M93, 20V4000M93L;RB-12V4000M40A-000554, RB-12V4000M53-000671, RB-12V4000M53-000686, RB-12V4000M53-003802, RB-12V4000M53-003817, RB-12V4000M70-000541, RB-12V4000M70-003100, RB-16V4000M61-000500, RB-16V4000M61-003611, RB-16V4000M73-000634, RB-16V4000M73-000653, RB-16V4000M73-003828, RB-16V4000M73-003847, RB-16V4000M73-007022, RB-16V4000M73-007041, RB-16V4000M73-010228, RB-16V4000M73-010247, RB-16V4000M73L-000551, RB-16V4000M73L-003881, RB-16V4000M73L-006369, RB-16V4000M73L-008878, RB-16V4000M90-000609, RB-20V4000M93-000674, RB-20V4000M93-000693, RB-20V4000M93-004387, RB-20V4000M93-004406, RB-20V4000M93-008100, RB-20V4000M93-008119, RB-20V4000M93-011813, RB-20V4000M93-011832, RB-20V4000M93L-000626, RB-20V4000M93L-000645, RB-20V4000M93L-004160, RB-20V4000M93L-004179;104, 108, 463, 113, 452, 95, 602, 115, 116, 469, 470, 823, 824, 1178, 1179, 105, 590, 935, 1278, 119, 511, 512, 907, 908, 1303, 1304, 1215, 1216, 1588, 1589;"{""total_rows"":34,""count_ok_importar"":34,""count_ok_eliminar"":0,""count_pending"":0,""count_review_action"":0,""count_other"":0}";import;qa_ok_importar_found
700429033001;O-RING;A 33 X 5;0.004 KGM;import;qa_ok_importar_found;true;28;12V4000M40A, 12V4000M53, 12V4000M70, 16V4000M61, 16V4000M73, 16V4000M73L, 16V4000M90, 20V4000M93, 20V4000M93L;RB-12V4000M40A-000099, RB-12V4000M40A-000139, RB-12V4000M53-000125, RB-12V4000M53-003256, RB-12V4000M70-000108, RB-12V4000M70-000152, RB-12V4000M70-002667, RB-12V4000M70-002711, RB-16V4000M61-000096, RB-16V4000M61-000136, RB-16V4000M61-003206, RB-16V4000M61-003246, RB-16V4000M73-000133, RB-16V4000M73-003327, RB-16V4000M73-006521, RB-16V4000M73-009727, RB-16V4000M73L-000111, RB-16V4000M73L-003441, RB-16V4000M73L-005929, RB-16V4000M73L-008438, RB-16V4000M90-000103, RB-16V4000M90-000147, RB-20V4000M93-000133, RB-20V4000M93-003846, RB-20V4000M93-007559, RB-20V4000M93-011272, RB-20V4000M93L-000129, RB-20V4000M93L-003663;26, 29, 35, 390, 37, 41, 376, 380, 25, 28, 532, 535, 38, 392, 746, 1101, 27, 512, 857, 1200, 30, 34, 36, 432, 828, 1224, 1138, 1511;"{""total_rows"":28,""count_ok_importar"":28,""count_ok_eliminar"":0,""count_pending"":0,""count_review_action"":0,""count_other"":0}";import;qa_ok_importar_found
700429039000;O-RING;A 39,2 X 3;0.002 KGM;import;qa_ok_importar_found;true;13;12V4000M40A, 16V4000M61, 16V4000M73, 16V4000M73L, 20V4000M93L;RB-12V4000M40A-000354, RB-16V4000M61-000363, RB-16V4000M61-003473, RB-16V4000M73-000471, RB-16V4000M73-003665, RB-16V4000M73-006859, RB-16V4000M73-010065, RB-16V4000M73L-000395, RB-16V4000M73L-003725, RB-16V4000M73L-006213, RB-16V4000M73L-008722, RB-20V4000M93L-000463, RB-20V4000M93L-003997;65, 63, 570, 82, 436, 790, 1145, 69, 554, 899, 1242, 1180, 1553;"{""total_rows"":13,""count_ok_importar"":13,""count_ok_eliminar"":0,""count_pending"":0,""count_review_action"":0,""count_other"":0}";import;qa_ok_importar_found
700429070000;O-RING;A 70 X 5;0.01 KGM;import;qa_ok_importar_found;true;78;12V4000M40A, 12V4000M53, 12V4000M70, 16V4000M61, 16V4000M73, 16V4000M73L, 16V4000M90, 20V4000M93, 20V4000M93L;RB-12V4000M40A-000072, RB-12V4000M40A-000776, RB-12V4000M40A-000843, RB-12V4000M40A-000862, RB-12V4000M40A-000943, RB-12V4000M40A-001655, RB-12V4000M40A-001793, RB-12V4000M53-000107, RB-12V4000M53-002153, RB-12V4000M53-002161, RB-12V4000M53-002171, RB-12V4000M53-003238, RB-12V4000M53-005284, RB-12V4000M53-005292, RB-12V4000M53-005302, RB-12V4000M70-000078, RB-12V4000M70-000848, RB-12V4000M70-000881, RB-12V4000M70-000905, RB-12V4000M70-001010, RB-12V4000M70-001235, RB-12V4000M70-001951, RB-12V4000M70-001956, RB-12V4000M70-001957, RB-12V4000M70-001985, RB-12V4000M70-002637, RB-12V4000M70-003407, RB-12V4000M70-003440, RB-12V4000M70-003464, RB-12V4000M70-003569, RB-12V4000M70-003794, RB-12V4000M70-004455, RB-12V4000M70-004460, RB-12V4000M70-004461, RB-12V4000M70-004489, RB-16V4000M61-000069, RB-16V4000M61-000769, RB-16V4000M61-000799, RB-16V4000M61-000894, RB-16V4000M61-000995, RB-16V4000M61-001666, RB-16V4000M61-001686, RB-16V4000M61-003179, RB-16V4000M61-003844, RB-16V4000M61-003874, RB-16V4000M61-003969, RB-16V4000M61-004070, RB-16V4000M61-004742, RB-16V4000M61-004762, RB-16V4000M73-000114, RB-16V4000M73-002357, RB-16V4000M73-003308, RB-16V4000M73-005551, RB-16V4000M73-006502, RB-16V4000M73-008757, RB-16V4000M73-009708, RB-16V4000M73-011957, RB-16V4000M73L-000093, RB-16V4000M73L-001997, RB-16V4000M73L-003423, RB-16V4000M73L-005328, RB-16V4000M73L-005911, RB-16V4000M73L-007816, RB-16V4000M73L-008420, RB-16V4000M73L-010322, RB-16V4000M90-000068, RB-16V4000M90-000873, RB-16V4000M90-000905, RB-16V4000M90-001017, RB-16V4000M90-001039, RB-16V4000M90-001704, RB-16V4000M90-001795, RB-20V4000M93-002751, RB-20V4000M93-006464, RB-20V4000M93-010177, RB-20V4000M93-013890, RB-20V4000M93L-002797, RB-20V4000M93L-006427;20, 131, 143, 148, 157, 251, 267, 31, 257, 261, 386, 612, 616, 138, 139, 144, 162, 184, 264, 269, 370, 477, 478, 483, 501, 523, 601, 606, 19, 126, 132, 149, 159, 247, 526, 630, 636, 653, 663, 748, 752, 33, 285, 387, 639, 741, 994, 1096, 1348, 22, 507, 753, 852, 1098, 1195, 1434, 23, 154, 158, 228, 242, 300, 696, 1092, 1488, 1409, 1789;"{""total_rows"":78,""count_ok_importar"":78,""count_ok_eliminar"":0,""count_pending"":0,""count_review_action"":0,""count_other"":0}";import;qa_ok_importar_found
700429083000;O-RING;A 83 X 5;0.011 KGM;import;qa_ok_importar_found;true;195;12V4000M40A, 12V4000M53, 12V4000M70, 16V4000M61, 16V4000M73, 16V4000M73L, 16V4000M90, 20V4000M93, 20V4000M93L;RB-12V4000M40A-000177, RB-12V4000M40A-000193, RB-12V4000M40A-000551, RB-12V4000M40A-001789, RB-12V4000M53-000286, RB-12V4000M53-000306, RB-12V4000M53-000812, RB-12V4000M53-001202, RB-12V4000M53-002174, RB-12V4000M53-002209, RB-12V4000M53-002215, RB-12V4000M53-002218, RB-12V4000M53-002223, RB-12V4000M53-002229, RB-12V4000M53-003417, RB-12V4000M53-003437, RB-12V4000M53-003943, RB-12V4000M53-004333, RB-12V4000M53-005305, RB-12V4000M53-005340, RB-12V4000M53-005346, RB-12V4000M53-005349, RB-12V4000M53-005354, RB-12V4000M53-005360, RB-12V4000M70-000190, RB-12V4000M70-000206, RB-12V4000M70-000538, RB-12V4000M70-001981, RB-12V4000M70-001992, RB-12V4000M70-002749, RB-12V4000M70-002765, RB-12V4000M70-003097, RB-12V4000M70-004485, RB-12V4000M70-004496, RB-16V4000M61-000171, RB-16V4000M61-000187, RB-16V4000M61-000497, RB-16V4000M61-001682, RB-16V4000M61-003281, RB-16V4000M61-003297, RB-16V4000M61-003608, RB-16V4000M61-004758, RB-16V4000M73-000308, RB-16V4000M73-000328, RB-16V4000M73-000614, RB-16V4000M73-001243, RB-16V4000M73-001526, RB-16V4000M73-002360, RB-16V4000M73-002390, RB-16V4000M73-002395, RB-16V4000M73-002398, RB-16V4000M73-002403, RB-16V4000M73-002406, RB-16V4000M73-002411, RB-16V4000M73-003502, RB-16V4000M73-003522, RB-16V4000M73-003808, RB-16V4000M73-004437, RB-16V4000M73-004720, RB-16V4000M73-005554, RB-16V4000M73-005584, RB-16V4000M73-005589, RB-16V4000M73-005592, RB-16V4000M73-005597, RB-16V4000M73-005600, RB-16V4000M73-005605, RB-16V4000M73-006696, RB-16V4000M73-006716, RB-16V4000M73-007002, RB-16V4000M73-007631, RB-16V4000M73-007926, RB-16V4000M73-008760, RB-16V4000M73-008790, RB-16V4000M73-008795, RB-16V4000M73-008798, RB-16V4000M73-008803, RB-16V4000M73-008806, RB-16V4000M73-008811, RB-16V4000M73-009902, RB-16V4000M73-009922, RB-16V4000M73-010208, RB-16V4000M73-010837, RB-16V4000M73-011132, RB-16V4000M73-011960, RB-16V4000M73-011990, RB-16V4000M73-011995, RB-16V4000M73-011998, RB-16V4000M73-012003, RB-16V4000M73-012006, RB-16V4000M73-012011, RB-16V4000M73L-000240, RB-16V4000M73L-000260, RB-16V4000M73L-000532, RB-16V4000M73L-001055, RB-16V4000M73L-001348, RB-16V4000M73L-001698, RB-16V4000M73L-002000, RB-16V4000M73L-003570, RB-16V4000M73L-003590, RB-16V4000M73L-003862, RB-16V4000M73L-004386, RB-16V4000M73L-004679, RB-16V4000M73L-005029, RB-16V4000M73L-005331, RB-16V4000M73L-006058, RB-16V4000M73L-006078, RB-16V4000M73L-006350, RB-16V4000M73L-006874, RB-16V4000M73L-007167, RB-16V4000M73L-007517, RB-16V4000M73L-007819, RB-16V4000M73L-008567, RB-16V4000M73L-008587, RB-16V4000M73L-008859, RB-16V4000M73L-009380, RB-16V4000M73L-009673, RB-16V4000M73L-010023, RB-16V4000M73L-010325, RB-16V4000M90-000187, RB-16V4000M90-000203, RB-16V4000M90-000606, RB-16V4000M90-001791, RB-16V4000M90-001802, RB-20V4000M93-000301, RB-20V4000M93-000321, RB-20V4000M93-000654, RB-20V4000M93-001612, RB-20V4000M93-001946, RB-20V4000M93-002754, RB-20V4000M93-002784, RB-20V4000M93-002789, RB-20V4000M93-002792, RB-20V4000M93-002797, RB-20V4000M93-002800, RB-20V4000M93-002805, RB-20V4000M93-004014, RB-20V4000M93-004034, RB-20V4000M93-004367, RB-20V4000M93-005325, RB-20V4000M93-005659, RB-20V4000M93-006467, RB-20V4000M93-006497, RB-20V4000M93-006502, RB-20V4000M93-006505, RB-20V4000M93-006510, RB-20V4000M93-006513, RB-20V4000M93-006518, RB-20V4000M93-007727, RB-20V4000M93-007747, RB-20V4000M93-008080, RB-20V4000M93-009038, RB-20V4000M93-009372, RB-20V4000M93-010180, RB-20V4000M93-010210, RB-20V4000M93-010215, RB-20V4000M93-010218, RB-20V4000M93-010223, RB-20V4000M93-010226, RB-20V4000M93-010231, RB-20V4000M93-011440, RB-20V4000M93-011460, RB-20V4000M93-011793, RB-20V4000M93-012751, RB-20V4000M93-013085, RB-20V4000M93-013893, RB-20V4000M93-013923, RB-20V4000M93-013928, RB-20V4000M93-013931, RB-20V4000M93-013936, RB-20V4000M93-013939, RB-20V4000M93-013944, RB-20V4000M93L-000294, RB-20V4000M93L-000314, RB-20V4000M93L-000606, RB-20V4000M93L-001473, RB-20V4000M93L-002083, RB-20V4000M93L-002800, RB-20V4000M93L-002830, RB-20V4000M93L-002835, RB-20V4000M93L-002838, RB-20V4000M93L-002843, RB-20V4000M93L-002846, RB-20V4000M93L-002851, RB-20V4000M93L-003828, RB-20V4000M93L-003848, RB-20V4000M93L-004140, RB-20V4000M93L-005044, RB-20V4000M93L-005713, RB-20V4000M93L-006430, RB-20V4000M93L-006460, RB-20V4000M93L-006465, RB-20V4000M93L-006468, RB-20V4000M93L-006473, RB-20V4000M93L-006476, RB-20V4000M93L-006481;36, 37, 104, 267, 48, 49, 115, 163, 261, 264, 265, 403, 404, 470, 518, 616, 619, 620, 113, 269, 387, 388, 452, 606, 35, 95, 251, 542, 543, 602, 752, 55, 56, 180, 209, 285, 287, 288, 409, 410, 467, 534, 563, 639, 641, 642, 763, 764, 821, 888, 918, 994, 996, 997, 1118, 1119, 1176, 1243, 1273, 1348, 1350, 1351, 43, 44, 103, 169, 204, 243, 528, 529, 588, 655, 690, 729, 753, 873, 874, 933, 1000, 1035, 1074, 1098, 1216, 1217, 1276, 1340, 1373, 1410, 1434, 42, 119, 242, 52, 53, 206, 244, 300, 302, 303, 448, 449, 509, 640, 696, 698, 699, 844, 845, 905, 998, 1036, 1092, 1094, 1095, 1240, 1241, 1301, 1394, 1432, 1488, 1490, 1491, 1152, 1153, 1213, 1294, 1355, 1409, 1411, 1412, 1525, 1526, 1586, 1671, 1735, 1789, 1791, 1792;"{""total_rows"":195,""count_ok_importar"":195,""count_ok_eliminar"":0,""count_pending"":0,""count_review_action"":0,""count_other"":0}";import;qa_ok_importar_found
700429085002;O-RING;A 85 X 6;0.017 KGM;import;qa_ok_importar_found;true;114;12V4000M40A, 12V4000M53, 12V4000M70, 16V4000M61, 16V4000M73, 16V4000M73L, 16V4000M90, 20V4000M93, 20V4000M93L;RB-12V4000M40A-000844, RB-12V4000M40A-001476, RB-12V4000M40A-001639, RB-12V4000M40A-001644, RB-12V4000M53-000160, RB-12V4000M53-002236, RB-12V4000M53-002246, RB-12V4000M53-003291, RB-12V4000M53-005367, RB-12V4000M53-005377, RB-12V4000M70-001011, RB-12V4000M70-001694, RB-12V4000M70-001935, RB-12V4000M70-001940, RB-12V4000M70-003570, RB-12V4000M70-004198, RB-12V4000M70-004439, RB-12V4000M70-004444, RB-16V4000M61-000895, RB-16V4000M61-001459, RB-16V4000M61-001619, RB-16V4000M61-001655, RB-16V4000M61-003970, RB-16V4000M61-004535, RB-16V4000M61-004695, RB-16V4000M61-004731, RB-16V4000M73-000180, RB-16V4000M73-002109, RB-16V4000M73-002114, RB-16V4000M73-002385, RB-16V4000M73-002417, RB-16V4000M73-002425, RB-16V4000M73-003374, RB-16V4000M73-005303, RB-16V4000M73-005308, RB-16V4000M73-005579, RB-16V4000M73-005611, RB-16V4000M73-005619, RB-16V4000M73-006568, RB-16V4000M73-008509, RB-16V4000M73-008514, RB-16V4000M73-008785, RB-16V4000M73-008817, RB-16V4000M73-008825, RB-16V4000M73-009774, RB-16V4000M73-011709, RB-16V4000M73-011714, RB-16V4000M73-011985, RB-16V4000M73-012017, RB-16V4000M73-012025, RB-16V4000M73L-000154, RB-16V4000M73L-001694, RB-16V4000M73L-001981, RB-16V4000M73L-003484, RB-16V4000M73L-005025, RB-16V4000M73L-005312, RB-16V4000M73L-005972, RB-16V4000M73L-007513, RB-16V4000M73L-007800, RB-16V4000M73L-008481, RB-16V4000M73L-010019, RB-16V4000M73L-010307, RB-16V4000M90-001018, RB-16V4000M90-001486, RB-16V4000M90-001693, RB-16V4000M90-001772, RB-20V4000M93-000118, RB-20V4000M93-000186, RB-20V4000M93-002319, RB-20V4000M93-002324, RB-20V4000M93-002329, RB-20V4000M93-002779, RB-20V4000M93-002811, RB-20V4000M93-002819, RB-20V4000M93-003831, RB-20V4000M93-003899, RB-20V4000M93-006032, RB-20V4000M93-006037, RB-20V4000M93-006042, RB-20V4000M93-006492, RB-20V4000M93-006524, RB-20V4000M93-006532, RB-20V4000M93-007544, RB-20V4000M93-007612, RB-20V4000M93-009745, RB-20V4000M93-009750, RB-20V4000M93-009755, RB-20V4000M93-010205, RB-20V4000M93-010237, RB-20V4000M93-010245, RB-20V4000M93-011257, RB-20V4000M93-011325, RB-20V4000M93-013458, RB-20V4000M93-013463, RB-20V4000M93-013468, RB-20V4000M93-013918, RB-20V4000M93-013950, RB-20V4000M93-013958, RB-20V4000M93L-000106, RB-20V4000M93L-000183, RB-20V4000M93L-002359, RB-20V4000M93L-002364, RB-20V4000M93L-002369, RB-20V4000M93L-002825, RB-20V4000M93L-002857, RB-20V4000M93L-002865, RB-20V4000M93L-003640, RB-20V4000M93L-003717, RB-20V4000M93L-005989, RB-20V4000M93L-005994, RB-20V4000M93L-005999, RB-20V4000M93L-006455, RB-20V4000M93L-006487, RB-20V4000M93L-006495;143, 231, 249, 251, 40, 265, 395, 620, 162, 240, 262, 264, 501, 577, 599, 601, 149, 220, 241, 247, 653, 722, 742, 748, 43, 267, 287, 288, 397, 621, 641, 642, 751, 976, 996, 997, 1106, 1330, 1350, 1351, 32, 243, 263, 517, 729, 749, 862, 1074, 1094, 1205, 1410, 1430, 154, 214, 228, 234, 276, 302, 303, 428, 436, 672, 698, 699, 824, 832, 1068, 1095, 1220, 1228, 1464, 1490, 1491, 1133, 1142, 1384, 1411, 1412, 1506, 1515, 1764, 1791, 1792;"{""total_rows"":114,""count_ok_importar"":114,""count_ok_eliminar"":0,""count_pending"":0,""count_review_action"":0,""count_other"":0}";import;qa_ok_importar_found
700429194000;O-RING;194 X 4;15.000 g;import;qa_ok_importar_found;true;10;20V4000M93L;RB-20V4000M93L-001441, RB-20V4000M93L-001447, RB-20V4000M93L-001456, RB-20V4000M93L-001463, RB-20V4000M93L-001474, RB-20V4000M93L-005012, RB-20V4000M93L-005018, RB-20V4000M93L-005027, RB-20V4000M93L-005034, RB-20V4000M93L-005045;1294, 1671;"{""total_rows"":10,""count_ok_importar"":10,""count_ok_eliminar"":0,""count_pending"":0,""count_review_action"":0,""count_other"":0}";import;qa_ok_importar_found
700429244000;O-RING;244 X 4;20,000 g;import;qa_ok_importar_found;true;14;12V4000M40A, 12V4000M70, 16V4000M61, 16V4000M90;RB-12V4000M40A-000899, RB-12V4000M40A-000923, RB-12V4000M70-001181, RB-12V4000M70-001194, RB-12V4000M70-001209, RB-12V4000M70-003740, RB-12V4000M70-003753, RB-12V4000M70-003768, RB-16V4000M61-000951, RB-16V4000M61-000975, RB-16V4000M61-004026, RB-16V4000M61-004050, RB-16V4000M90-001096, RB-16V4000M90-001109;154, 157, 180, 183, 519, 522, 156, 159, 660, 663, 164;"{""total_rows"":14,""count_ok_importar"":14,""count_ok_eliminar"":0,""count_pending"":0,""count_review_action"":0,""count_other"":0}";import;qa_ok_importar_found
700429250000;O-RING;250 X 4;21.500 g;import;qa_ok_importar_found;true;2;20V4000M93L;RB-20V4000M93L-000521, RB-20V4000M93L-004055;1195, 1568;"{""total_rows"":2,""count_ok_importar"":2,""count_ok_eliminar"":0,""count_pending"":0,""count_review_action"":0,""count_other"":0}";import;qa_ok_importar_found
700429258000;O-RING;258 X 4;20.000 g;import;qa_ok_importar_found;true;10;20V4000M93L;RB-20V4000M93L-001442, RB-20V4000M93L-001448, RB-20V4000M93L-001457, RB-20V4000M93L-001464, RB-20V4000M93L-001475, RB-20V4000M93L-005013, RB-20V4000M93L-005019, RB-20V4000M93L-005028, RB-20V4000M93L-005035, RB-20V4000M93L-005046;1294, 1671;"{""total_rows"":10,""count_ok_importar"":10,""count_ok_eliminar"":0,""count_pending"":0,""count_review_action"":0,""count_other"":0}";import;qa_ok_importar_found
700500000861;END SLEEVE END SPLICE 1.5;E 1,5 - 8 (SCHWARZ);0.001 KGM;import;qa_ok_importar_found;true;1;12V4000M40A;RB-12V4000M40A-002330;354;"{""total_rows"":1,""count_ok_importar"":1,""count_ok_eliminar"":0,""count_pending"":0,""count_review_action"":0,""count_other"":0}";import;qa_ok_importar_found
735038020106;HOSE;1SC 19 CC 500;0.734 KGM;import;qa_ok_importar_found;true;3;12V4000M40A, 20V4000M93L;RB-12V4000M40A-001117, RB-20V4000M93L-001910, RB-20V4000M93L-005540;184, 1341, 1721;"{""total_rows"":3,""count_ok_importar"":3,""count_ok_eliminar"":0,""count_pending"":0,""count_review_action"":0,""count_other"":0}";import;qa_ok_importar_found
735038020112;HOSE;1SC 19 CC 800;0.89 KGM;import;qa_ok_importar_found;true;1;12V4000M40A;RB-12V4000M40A-000542;99;"{""total_rows"":1,""count_ok_importar"":1,""count_ok_eliminar"":0,""count_pending"":0,""count_review_action"":0,""count_other"":0}";import;qa_ok_importar_found
B00E50201528/77;MONITOR WITH SOFTWARE;;4.000 kg;import;qa_ok_importar_found;true;6;12V4000M53, 20V4000M93;RB-12V4000M53-003132, RB-12V4000M53-006283, RB-20V4000M93-003679, RB-20V4000M93-007392, RB-20V4000M93-011105, RB-20V4000M93-014820;363, 726, 398, 794, 1190, 1586;"{""total_rows"":6,""count_ok_importar"":6,""count_ok_eliminar"":0,""count_pending"":0,""count_review_action"":0,""count_other"":0}";import;qa_ok_importar_found
B00E50201528/S0002;MONITOR WITH SOFTWARE;;3.938 kg;import;qa_ok_importar_found;true;6;12V4000M53, 20V4000M93;RB-12V4000M53-003104, RB-12V4000M53-006255, RB-20V4000M93-003651, RB-20V4000M93-007364, RB-20V4000M93-011077, RB-20V4000M93-014790;361, 724, 396, 792, 1188, 1584;"{""total_rows"":6,""count_ok_importar"":6,""count_ok_eliminar"":0,""count_pending"":0,""count_review_action"":0,""count_other"":0}";import;qa_ok_importar_found
B00E50202170;AUDIBLE ALARM FOR MONITORING;169X160X128;668,700 G;import;qa_ok_importar_found;true;2;16V4000M73L;RB-16V4000M73L-002215, RB-16V4000M73L-010961;318, 1555;"{""total_rows"":2,""count_ok_importar"":2,""count_ok_eliminar"":0,""count_pending"":0,""count_review_action"":0,""count_other"":0}";import;qa_ok_importar_found
B00E50202634;CONTROL UNIT FOR DISPLAY PANEL;;268,000 g;import;qa_ok_importar_found;true;2;12V4000M53;RB-12V4000M53-006634, RB-12V4000M53-006723;821, 832;"{""total_rows"":2,""count_ok_importar"":2,""count_ok_eliminar"":0,""count_pending"":0,""count_review_action"":0,""count_other"":0}";import;qa_ok_importar_found
B00E50202636;FRONT PANEL FOR DISP./CONT. UNI;;27,000 g;import;qa_ok_importar_found;true;2;12V4000M53;RB-12V4000M53-006642, RB-12V4000M53-006731;821, 832;"{""total_rows"":2,""count_ok_importar"":2,""count_ok_eliminar"":0,""count_pending"":0,""count_review_action"":0,""count_other"":0}";import;qa_ok_importar_found
B00E50202738;HOUSING WITHOUT BASE PLATE;;700,000 g;import;qa_ok_importar_found;true;1;12V4000M70;RB-12V4000M70-005269;741;"{""total_rows"":1,""count_ok_importar"":1,""count_ok_eliminar"":0,""count_pending"":0,""count_review_action"":0,""count_other"":0}";import;qa_ok_importar_found
B00E50202739;HOUSING WITHOUT INTERLOCK SAM1-06;;1,347 g;import;qa_ok_importar_found;true;1;12V4000M70;RB-12V4000M70-005226;735;"{""total_rows"":1,""count_ok_importar"":1,""count_ok_eliminar"":0,""count_pending"":0,""count_review_action"":0,""count_other"":0}";import;qa_ok_importar_found
B00E50202855/S0001;BUS COUPLER FOR SYSTEM BUS;;1,600 kg;import;qa_ok_importar_found;true;1;12V4000M53;RB-12V4000M53-006413;771;"{""total_rows"":1,""count_ok_importar"":1,""count_ok_eliminar"":0,""count_pending"":0,""count_review_action"":0,""count_other"":0}";import;qa_ok_importar_found
B00E50203183;CONNECTING CABLE FOR SYSTEM BUS;L=4M;342,000 g;import;qa_ok_importar_found;true;1;12V4000M53;RB-12V4000M53-006453;782;"{""total_rows"":1,""count_ok_importar"":1,""count_ok_eliminar"":0,""count_pending"":0,""count_review_action"":0,""count_other"":0}";import;qa_ok_importar_found
B00E50203203;CONNECTING CABLE FOR SYSTEM BUS;L=4M;379,000 g;import;qa_ok_importar_found;true;1;12V4000M53;RB-12V4000M53-006458;784;"{""total_rows"":1,""count_ok_importar"":1,""count_ok_eliminar"":0,""count_pending"":0,""count_review_action"":0,""count_other"":0}";import;qa_ok_importar_found
B00E50203206;CONNECTING CABLE FOR SYSTEM BUS;L=6M;470,000 g;import;qa_ok_importar_found;true;1;12V4000M53;RB-12V4000M53-006462;786;"{""total_rows"":1,""count_ok_importar"":1,""count_ok_eliminar"":0,""count_pending"":0,""count_review_action"":0,""count_other"":0}";import;qa_ok_importar_found
B00E50203209;CONNECTING CABLE FOR SYSTEM BUS;L=10M;775,000 g;import;qa_ok_importar_found;true;1;12V4000M53;RB-12V4000M53-006466;788;"{""total_rows"":1,""count_ok_importar"":1,""count_ok_eliminar"":0,""count_pending"":0,""count_review_action"":0,""count_other"":0}";import;qa_ok_importar_found
B00E50203221;CONNECTING CABLE FOR SYSTEM BUS;L=30M;2,085 kg;import;qa_ok_importar_found;true;1;12V4000M53;RB-12V4000M53-006470;790;"{""total_rows"":1,""count_ok_importar"":1,""count_ok_eliminar"":0,""count_pending"":0,""count_review_action"":0,""count_other"":0}";import;qa_ok_importar_found
B00E50203234;CONNECTING CABLE FOR SYSTEM BUS;L=40M;2,740 kg;import;qa_ok_importar_found;true;1;12V4000M53;RB-12V4000M53-006474;792;"{""total_rows"":1,""count_ok_importar"":1,""count_ok_eliminar"":0,""count_pending"":0,""count_review_action"":0,""count_other"":0}";import;qa_ok_importar_found
B00E50203236;CONNECTING CABLE FOR SYSTEM BUS;L=60M;4,078 kg;import;qa_ok_importar_found;true;1;12V4000M53;RB-12V4000M53-006478;794;"{""total_rows"":1,""count_ok_importar"":1,""count_ok_eliminar"":0,""count_pending"":0,""count_review_action"":0,""count_other"":0}";import;qa_ok_importar_found
B00E50203511;PANEL ENGLISH;RCS-INDICATION-PAN;558,000 g;import;qa_ok_importar_found;true;1;12V4000M53;RB-12V4000M53-006721;830;"{""total_rows"":1,""count_ok_importar"":1,""count_ok_eliminar"":0,""count_pending"":0,""count_review_action"":0,""count_other"":0}";import;qa_ok_importar_found
B00E50203687;CONNECTING CABLE FOR SYSTEM BUS;L=30M;2,096 kg;import;qa_ok_importar_found;true;1;12V4000M53;RB-12V4000M53-006609;814;"{""total_rows"":1,""count_ok_importar"":1,""count_ok_eliminar"":0,""count_pending"":0,""count_review_action"":0,""count_other"":0}";import;qa_ok_importar_found
B00E50205356/S0001;CONTROL CONSOLE WITH DISPLAY;RAL 9003, MIT BESCHRIFTUNG;17,500 kg;import;qa_ok_importar_found;true;1;12V4000M53;RB-12V4000M53-006651;824;"{""total_rows"":1,""count_ok_importar"":1,""count_ok_eliminar"":0,""count_pending"":0,""count_review_action"":0,""count_other"":0}";import;qa_ok_importar_found
B00E51000051/S0001;NETWORK SWITCH FOR COPPER CABLES;HW: 05 / FW: 3.90 / SMCS 8GT;668,000 g;import;qa_ok_importar_found;true;1;12V4000M53;RB-12V4000M53-006631;819;"{""total_rows"":1,""count_ok_importar"":1,""count_ok_eliminar"":0,""count_pending"":0,""count_review_action"":0,""count_other"":0}";import;qa_ok_importar_found
B00E51000202;NETWORK SWITCH FOR COPPER CABLES;"HW05;FW3.90;VAR01_ED1_00";695,500 g;import;qa_ok_importar_found;true;1;12V4000M53;RB-12V4000M53-006630;818;"{""total_rows"":1,""count_ok_importar"":1,""count_ok_eliminar"":0,""count_pending"":0,""count_review_action"":0,""count_other"":0}";import;qa_ok_importar_found
E0010107351;INJECTOR;;800 G;import;qa_ok_importar_found;true;1;12V4000M40A;RB-12V4000M40A-000439;88;"{""total_rows"":1,""count_ok_importar"":1,""count_ok_eliminar"":0,""count_pending"":0,""count_review_action"":0,""count_other"":0}";import;qa_ok_importar_found
E23525323;FUEL PUMP ASM;;2.048 kg;import;qa_ok_importar_found;true;1;20V4000M93L;RB-20V4000M93L-007203;1876;"{""total_rows"":1,""count_ok_importar"":1,""count_ok_eliminar"":0,""count_pending"":0,""count_review_action"":0,""count_other"":0}";import;qa_ok_importar_found
E5260101605;CRANKCASE;;1.721,591;import;qa_ok_importar_found;true;3;12V4000M40A, 12V4000M70;RB-12V4000M40A-000022, RB-12V4000M70-000023, RB-12V4000M70-002582;13, 24, 363;"{""total_rows"":3,""count_ok_importar"":3,""count_ok_eliminar"":0,""count_pending"":0,""count_review_action"":0,""count_other"":0}";import;qa_ok_importar_found
E5260500001;CAMSHAFT;;50,000 kg;import;qa_ok_importar_found;true;3;12V4000M40A, 12V4000M70;RB-12V4000M40A-000361, RB-12V4000M70-000408, RB-12V4000M70-002967;69, 84, 423;"{""total_rows"":3,""count_ok_importar"":3,""count_ok_eliminar"":0,""count_pending"":0,""count_review_action"":0,""count_other"":0}";import;qa_ok_importar_found
E5260701101;HP PUMP;;62,000 kg;import;qa_ok_importar_found;true;5;12V4000M40A, 12V4000M70, 16V4000M61;RB-12V4000M40A-000419, RB-12V4000M70-000461, RB-12V4000M70-003020, RB-16V4000M61-000429, RB-16V4000M61-003540;82, 96, 435, 81, 588;"{""total_rows"":5,""count_ok_importar"":5,""count_ok_eliminar"":0,""count_pending"":0,""count_review_action"":0,""count_other"":0}";import;qa_ok_importar_found
E5260701201;HP PUMP;;60.000 kg;import;qa_ok_importar_found;true;1;16V4000M90;RB-16V4000M90-000453;92;"{""total_rows"":1,""count_ok_importar"":1,""count_ok_eliminar"":0,""count_pending"":0,""count_review_action"":0,""count_other"":0}";import;qa_ok_importar_found
E5270101805;CRANKCASE;;2.076 KG;import;qa_ok_importar_found;true;3;16V4000M61, 16V4000M90;RB-16V4000M61-000020, RB-16V4000M61-003130, RB-16V4000M90-000020;12, 519, 17;"{""total_rows"":3,""count_ok_importar"":3,""count_ok_eliminar"":0,""count_pending"":0,""count_review_action"":0,""count_other"":0}";import;qa_ok_importar_found
E5270500101;CAMSHAFT;;;import;qa_ok_importar_found;true;2;16V4000M61;RB-16V4000M61-000370, RB-16V4000M61-003480;67, 574;"{""total_rows"":2,""count_ok_importar"":2,""count_ok_eliminar"":0,""count_pending"":0,""count_review_action"":0,""count_other"":0}";import;qa_ok_importar_found
E5280500101;CAMSHAFT;;20.000 g;import;qa_ok_importar_found;true;6;20V4000M93, 20V4000M93L;RB-20V4000M93-000496, RB-20V4000M93-004209, RB-20V4000M93-007922, RB-20V4000M93-011635, RB-20V4000M93L-000470, RB-20V4000M93L-004004;84, 480, 876, 1272, 1184, 1557;"{""total_rows"":6,""count_ok_importar"":6,""count_ok_eliminar"":0,""count_pending"":0,""count_review_action"":0,""count_other"":0}";import;qa_ok_importar_found
EX52404100028;CYLINDER HEAD;;48,500 kg;import;qa_ok_importar_found;true;2;12V4000M70;RB-12V4000M70-000384, RB-12V4000M70-002943;78, 417;"{""total_rows"":2,""count_ok_importar"":2,""count_ok_eliminar"":0,""count_pending"":0,""count_review_action"":0,""count_other"":0}";import;qa_ok_importar_found
EX52407500023;INJECTOR;M EM;2 KG;import;qa_ok_importar_found;true;2;16V4000M61;RB-16V4000M61-000449, RB-16V4000M61-003560;87, 594;"{""total_rows"":2,""count_ok_importar"":2,""count_ok_eliminar"":0,""count_pending"":0,""count_review_action"":0,""count_other"":0}";import;qa_ok_importar_found
EX52407500024;INJECTOR;;2.592 kg;import;qa_ok_importar_found;true;1;16V4000M90;RB-16V4000M90-000473;98;"{""total_rows"":1,""count_ok_importar"":1,""count_ok_eliminar"":0,""count_pending"":0,""count_review_action"":0,""count_other"":0}";import;qa_ok_importar_found
EX52407500039;INJECTOR;;1,900 kg;import;qa_ok_importar_found;true;2;12V4000M70;RB-12V4000M70-000480, RB-12V4000M70-003039;102, 441;"{""total_rows"":2,""count_ok_importar"":2,""count_ok_eliminar"":0,""count_pending"":0,""count_review_action"":0,""count_other"":0}";import;qa_ok_importar_found
EX59401100066;CRANKCASE;;1.618,000;import;qa_ok_importar_found;true;2;12V4000M53;RB-12V4000M53-000034, RB-12V4000M53-003173;22, 377;"{""total_rows"":2,""count_ok_importar"":2,""count_ok_eliminar"":0,""count_pending"":0,""count_review_action"":0,""count_other"":0}";import;qa_ok_importar_found
EX59407500009;INJECTOR;;3.540 kg;import;qa_ok_importar_found;true;4;16V4000M73;RB-16V4000M73-000542, RB-16V4000M73-003736, RB-16V4000M73-006930, RB-16V4000M73-010136;103, 457, 811, 1166;"{""total_rows"":4,""count_ok_importar"":4,""count_ok_eliminar"":0,""count_pending"":0,""count_review_action"":0,""count_other"":0}";import;qa_ok_importar_found
EX59407500024;INJECTOR;;3,500 kg;import;qa_ok_importar_found;true;2;12V4000M53;RB-12V4000M53-000525, RB-12V4000M53-003656;97, 452;"{""total_rows"":2,""count_ok_importar"":2,""count_ok_eliminar"":0,""count_pending"":0,""count_review_action"":0,""count_other"":0}";import;qa_ok_importar_found
EX59507300003/87;HP PUMP;;81.000 kg;import;qa_ok_importar_found;true;4;16V4000M73;RB-16V4000M73-000540, RB-16V4000M73-003734, RB-16V4000M73-006928, RB-16V4000M73-010134;101, 455, 809, 1164;"{""total_rows"":4,""count_ok_importar"":4,""count_ok_eliminar"":0,""count_pending"":0,""count_review_action"":0,""count_other"":0}";import;qa_ok_importar_found
EX59611400024/87;INTERCOOLER WITH TEST CERT. 3.1;;;import;qa_ok_importar_found;true;4;20V4000M93;RB-20V4000M93-001166, RB-20V4000M93-004879, RB-20V4000M93-008592, RB-20V4000M93-012305;157, 553, 949, 1345;"{""total_rows"":4,""count_ok_importar"":4,""count_ok_eliminar"":0,""count_pending"":0,""count_review_action"":0,""count_other"":0}";import;qa_ok_importar_found
R0010107351;INJECTOR;;1,920 KG;import;qa_ok_importar_found;true;1;12V4000M40A;RB-12V4000M40A-000440;88;"{""total_rows"":1,""count_ok_importar"":1,""count_ok_eliminar"":0,""count_pending"":0,""count_review_action"":0,""count_other"":0}";import;qa_ok_importar_found
R23505886;OIL PUMP;;8.861 kg;import;qa_ok_importar_found;true;1;20V4000M93L;RB-20V4000M93L-007204;1876;"{""total_rows"":1,""count_ok_importar"":1,""count_ok_eliminar"":0,""count_pending"":0,""count_review_action"":0,""count_other"":0}";import;qa_ok_importar_found
R5260701101;HP PUMP;;64 G;import;qa_ok_importar_found;true;3;12V4000M40A, 16V4000M61;RB-12V4000M40A-000420, RB-16V4000M61-000430, RB-16V4000M61-003541;82, 81, 588;"{""total_rows"":3,""count_ok_importar"":3,""count_ok_eliminar"":0,""count_pending"":0,""count_review_action"":0,""count_other"":0}";import;qa_ok_importar_found
R5260701201;HP PUMP;;62.050 kg;import;qa_ok_importar_found;true;1;16V4000M90;RB-16V4000M90-000454;92;"{""total_rows"":1,""count_ok_importar"":1,""count_ok_eliminar"":0,""count_pending"":0,""count_review_action"":0,""count_other"":0}";import;qa_ok_importar_found
RX00040054/42;CONROD ASM;;9615.000 g;import;qa_ok_importar_found;true;14;12V4000M70, 16V4000M73, 16V4000M73L, 20V4000M93;RB-12V4000M70-000370, RB-12V4000M70-002929, RB-16V4000M73-000438, RB-16V4000M73-003632, RB-16V4000M73-006826, RB-16V4000M73-010032, RB-16V4000M73L-000369, RB-16V4000M73L-003699, RB-16V4000M73L-006187, RB-16V4000M73L-008696, RB-20V4000M93-000449, RB-20V4000M93-004162, RB-20V4000M93-007875, RB-20V4000M93-011588;75, 414, 76, 430, 784, 1139, 63, 548, 893, 1236, 74, 470, 866, 1262;"{""total_rows"":14,""count_ok_importar"":14,""count_ok_eliminar"":0,""count_pending"":0,""count_review_action"":0,""count_other"":0}";import;qa_ok_importar_found
RX00040057/42;CONROD ASM;;9,580 kg;import;qa_ok_importar_found;true;2;12V4000M53;RB-12V4000M53-000418, RB-12V4000M53-003549;70, 425;"{""total_rows"":2,""count_ok_importar"":2,""count_ok_eliminar"":0,""count_pending"":0,""count_review_action"":0,""count_other"":0}";import;qa_ok_importar_found
RX52404100028;CYLINDER HEAD W.VALVE + SEAT RING;;49.5 KGM;import;qa_ok_importar_found;true;4;12V4000M70, 16V4000M61;RB-12V4000M70-000383, RB-12V4000M70-002942, RB-16V4000M61-000350, RB-16V4000M61-003460;78, 417, 62, 569;"{""total_rows"":4,""count_ok_importar"":4,""count_ok_eliminar"":0,""count_pending"":0,""count_review_action"":0,""count_other"":0}";import;qa_ok_importar_found
RX52407500023;INJECTOR;M EM;2 KG;import;qa_ok_importar_found;true;2;16V4000M61;RB-16V4000M61-000450, RB-16V4000M61-003561;87, 594;"{""total_rows"":2,""count_ok_importar"":2,""count_ok_eliminar"":0,""count_pending"":0,""count_review_action"":0,""count_other"":0}";import;qa_ok_importar_found
RX52407500024;INJECTOR;;2.000 kg;import;qa_ok_importar_found;true;1;16V4000M90;RB-16V4000M90-000474;98;"{""total_rows"":1,""count_ok_importar"":1,""count_ok_eliminar"":0,""count_pending"":0,""count_review_action"":0,""count_other"":0}";import;qa_ok_importar_found
RX52407500039;INJECTOR;;1,900 kg;import;qa_ok_importar_found;true;2;12V4000M70;RB-12V4000M70-000481, RB-12V4000M70-003040;102, 441;"{""total_rows"":2,""count_ok_importar"":2,""count_ok_eliminar"":0,""count_pending"":0,""count_review_action"":0,""count_other"":0}";import;qa_ok_importar_found
RX52603800003/42;CONROD ASM;;12.700 kg;import;qa_ok_importar_found;true;14;12V4000M70, 16V4000M73, 16V4000M73L, 20V4000M93;RB-12V4000M70-000371, RB-12V4000M70-002930, RB-16V4000M73-000439, RB-16V4000M73-003633, RB-16V4000M73-006827, RB-16V4000M73-010033, RB-16V4000M73L-000370, RB-16V4000M73L-003700, RB-16V4000M73L-006188, RB-16V4000M73L-008697, RB-20V4000M93-000450, RB-20V4000M93-004163, RB-20V4000M93-007876, RB-20V4000M93-011589;75, 414, 76, 430, 784, 1139, 63, 548, 893, 1236, 74, 470, 866, 1262;"{""total_rows"":14,""count_ok_importar"":14,""count_ok_eliminar"":0,""count_pending"":0,""count_review_action"":0,""count_other"":0}";import;qa_ok_importar_found
RX59407500009;INJECTOR;;3.590 kg;import;qa_ok_importar_found;true;4;16V4000M73;RB-16V4000M73-000543, RB-16V4000M73-003737, RB-16V4000M73-006931, RB-16V4000M73-010137;103, 457, 811, 1166;"{""total_rows"":4,""count_ok_importar"":4,""count_ok_eliminar"":0,""count_pending"":0,""count_review_action"":0,""count_other"":0}";import;qa_ok_importar_found
RX59407500024;INJECTOR;;3,500 kg;import;qa_ok_importar_found;true;2;12V4000M53;RB-12V4000M53-000526, RB-12V4000M53-003657;97, 452;"{""total_rows"":2,""count_ok_importar"":2,""count_ok_eliminar"":0,""count_pending"":0,""count_review_action"":0,""count_other"":0}";import;qa_ok_importar_found
RX59507300003/87;HP PUMP;;80.000 kg;import;qa_ok_importar_found;true;4;16V4000M73;RB-16V4000M73-000539, RB-16V4000M73-003733, RB-16V4000M73-006927, RB-16V4000M73-010133;101, 455, 809, 1164;"{""total_rows"":4,""count_ok_importar"":4,""count_ok_eliminar"":0,""count_pending"":0,""count_review_action"":0,""count_other"":0}";import;qa_ok_importar_found
X00E50200133;HOUSING;;3.320 kg;import;qa_ok_importar_found;true;2;20V4000M93L;RB-20V4000M93L-003499, RB-20V4000M93L-007153;1479, 1863;"{""total_rows"":2,""count_ok_importar"":2,""count_ok_eliminar"":0,""count_pending"":0,""count_review_action"":0,""count_other"":0}";import;qa_ok_importar_found
X00E50200133/S0002;ENGINE MONITORING;EMU7-02 MIT URLADER 25MHZ;3.440 kg;import;qa_ok_importar_found;true;2;20V4000M93L;RB-20V4000M93L-003495, RB-20V4000M93L-007149;1478, 1862;"{""total_rows"":2,""count_ok_importar"":2,""count_ok_eliminar"":0,""count_pending"":0,""count_review_action"":0,""count_other"":0}";import;qa_ok_importar_found
X00E50200228;PLUG-IN BOARD;PSB 4-02;290 G;import;qa_ok_importar_found;true;5;12V4000M70, 16V4000M61, 16V4000M73L, 16V4000M90;RB-12V4000M70-005569, RB-16V4000M61-002669, RB-16V4000M73L-003245, RB-16V4000M73L-011656, RB-16V4000M90-002742;797, 405, 475, 1672, 403;"{""total_rows"":5,""count_ok_importar"":5,""count_ok_eliminar"":0,""count_pending"":0,""count_review_action"":0,""count_other"":0}";import;qa_ok_importar_found
X00E50200606;PRESSURE SENSOR;M14X1,5, SW=27 L=70;112 G;import;qa_ok_importar_found;true;6;16V4000M73L, 20V4000M93L;RB-16V4000M73L-002344, RB-16V4000M73L-005499, RB-16V4000M73L-008015, RB-16V4000M73L-010521, RB-20V4000M93L-003299, RB-20V4000M93L-006953;337, 799, 1142, 1477, 1466, 1850;"{""total_rows"":6,""count_ok_importar"":6,""count_ok_eliminar"":0,""count_pending"":0,""count_review_action"":0,""count_other"":0}";import;qa_ok_importar_found
X00E50200664;PLUG-IN BOARD;MPU23-04,;49 G;import;qa_ok_importar_found;true;1;12V4000M40A;RB-12V4000M40A-002471;363;"{""total_rows"":1,""count_ok_importar"":1,""count_ok_eliminar"":0,""count_pending"":0,""count_review_action"":0,""count_other"":0}";import;qa_ok_importar_found
X00E50200724;LEVEL MONITOR;WASSERSONDE, U=12 BIS 24V,;28.500 g;import;qa_ok_importar_found;true;4;16V4000M73;RB-16V4000M73-000778, RB-16V4000M73-003972, RB-16V4000M73-007166, RB-16V4000M73-010372;129, 483, 837, 1192;"{""total_rows"":4,""count_ok_importar"":4,""count_ok_eliminar"":0,""count_pending"":0,""count_review_action"":0,""count_other"":0}";import;qa_ok_importar_found
X00E50200899;AUDIBLE ALARM FOR MONITORING;152X152X128 (BXLXH);740 G;import;qa_ok_importar_found;true;1;12V4000M40A;RB-12V4000M40A-002687;397;"{""total_rows"":1,""count_ok_importar"":1,""count_ok_eliminar"":0,""count_pending"":0,""count_review_action"":0,""count_other"":0}";import;qa_ok_importar_found
X00E50201022;GOVERNOR;ECU7-04, 360X314X95 (LXBXH);5.500 kg;import;qa_ok_importar_found;true;2;20V4000M93L;RB-20V4000M93L-003501, RB-20V4000M93L-007155;1480, 1864;"{""total_rows"":2,""count_ok_importar"":2,""count_ok_eliminar"":0,""count_pending"":0,""count_review_action"":0,""count_other"":0}";import;qa_ok_importar_found
X00E50201022/76;GOVERNOR NOT ADJUSTED;ECU7-04;5.605 kg;import;qa_ok_importar_found;true;2;20V4000M93L;RB-20V4000M93L-003524, RB-20V4000M93L-007178;1482, 1866;"{""total_rows"":2,""count_ok_importar"":2,""count_ok_eliminar"":0,""count_pending"":0,""count_review_action"":0,""count_other"":0}";import;qa_ok_importar_found
X00E50201022/77;GOVERNOR ADJUSTED;ECU7-04;5.000 kg;import;qa_ok_importar_found;true;2;20V4000M93L;RB-20V4000M93L-003525, RB-20V4000M93L-007179;1482, 1866;"{""total_rows"":2,""count_ok_importar"":2,""count_ok_eliminar"":0,""count_pending"":0,""count_review_action"":0,""count_other"":0}";import;qa_ok_importar_found
X00E50201370;TEMPERATURE SENSOR;M14X1,5, 58MM, KABEL=1M,STECKER,;197.100 g;import;qa_ok_importar_found;true;16;12V4000M53, 16V4000M73, 16V4000M73L, 20V4000M93, 20V4000M93L;RB-12V4000M53-002849, RB-12V4000M53-006000, RB-16V4000M73-002643, RB-16V4000M73-005837, RB-16V4000M73-009043, RB-16V4000M73-012243, RB-16V4000M73L-002353, RB-16V4000M73L-005508, RB-16V4000M73L-008024, RB-16V4000M73L-010529, RB-20V4000M93-003036, RB-20V4000M93-006749, RB-20V4000M93-010462, RB-20V4000M93-014175, RB-20V4000M93L-003308, RB-20V4000M93L-006962;338, 701, 319, 673, 1028, 1382, 337, 799, 1142, 1477, 342, 738, 1134, 1530, 1466, 1850;"{""total_rows"":16,""count_ok_importar"":16,""count_ok_eliminar"":0,""count_pending"":0,""count_review_action"":0,""count_other"":0}";import;qa_ok_importar_found
X00E50201372;TEMPERATURE SENSOR;M14X1,5,110MM, KABEL=1M,STECKER,;175.000 g;import;qa_ok_importar_found;true;46;12V4000M40A, 12V4000M53, 12V4000M70, 16V4000M61, 16V4000M73, 16V4000M73L, 16V4000M90, 20V4000M93, 20V4000M93L;RB-12V4000M40A-002278, RB-12V4000M40A-002280, RB-12V4000M53-002842, RB-12V4000M53-002843, RB-12V4000M53-005993, RB-12V4000M53-005994, RB-12V4000M70-002478, RB-12V4000M70-002480, RB-12V4000M70-002482, RB-12V4000M70-004982, RB-12V4000M70-004984, RB-12V4000M70-004986, RB-16V4000M61-002093, RB-16V4000M61-002095, RB-16V4000M61-002096, RB-16V4000M61-005029, RB-16V4000M61-005031, RB-16V4000M61-005032, RB-16V4000M73-002641, RB-16V4000M73-005835, RB-16V4000M73-009041, RB-16V4000M73-012241, RB-16V4000M73L-002351, RB-16V4000M73L-005506, RB-16V4000M73L-008022, RB-16V4000M73L-010527, RB-16V4000M90-002132, RB-16V4000M90-002138, RB-20V4000M93-003027, RB-20V4000M93-003028, RB-20V4000M93-003029, RB-20V4000M93-003030, RB-20V4000M93-006740, RB-20V4000M93-006741, RB-20V4000M93-006742, RB-20V4000M93-006743, RB-20V4000M93-010453, RB-20V4000M93-010454, RB-20V4000M93-010455, RB-20V4000M93-010456, RB-20V4000M93-014166, RB-20V4000M93-014167, RB-20V4000M93-014168, RB-20V4000M93-014169, RB-20V4000M93L-003306, RB-20V4000M93L-006960;345, 346, 338, 701, 334, 671, 337, 806, 319, 673, 1028, 1382, 799, 1142, 1477, 302, 303, 342, 738, 1134, 1530, 1466, 1850;"{""total_rows"":46,""count_ok_importar"":46,""count_ok_eliminar"":0,""count_pending"":0,""count_review_action"":0,""count_other"":0}";import;qa_ok_importar_found
X00E50201981;PLUG-IN BOARD;IDB 3-01;405.000 g;import;qa_ok_importar_found;true;2;12V4000M40A, 16V4000M90;RB-12V4000M40A-002491, RB-16V4000M90-002610;370, 383;"{""total_rows"":2,""count_ok_importar"":2,""count_ok_eliminar"":0,""count_pending"":0,""count_review_action"":0,""count_other"":0}";import;qa_ok_importar_found
X00E50201986;PLUG-IN BOARD;IDB 4-01;498 G;import;qa_ok_importar_found;true;3;16V4000M73L, 16V4000M90;RB-16V4000M73L-003273, RB-16V4000M73L-011684, RB-16V4000M90-002772;477, 1674, 405;"{""total_rows"":3,""count_ok_importar"":3,""count_ok_eliminar"":0,""count_pending"":0,""count_review_action"":0,""count_other"":0}";import;qa_ok_importar_found
X00E50202224;PLUG-IN BOARD;COB3-03,;218 G;import;qa_ok_importar_found;true;1;12V4000M40A;RB-12V4000M40A-002463;361;"{""total_rows"":1,""count_ok_importar"":1,""count_ok_eliminar"":0,""count_pending"":0,""count_review_action"":0,""count_other"":0}";import;qa_ok_importar_found
X00E50202404;PLUG-IN BOARD;SAB2-03 (MB VON SAM);623 G;import;qa_ok_importar_found;true;5;12V4000M40A, 16V4000M61, 16V4000M73L;RB-12V4000M40A-002703, RB-16V4000M61-002496, RB-16V4000M61-002529, RB-16V4000M73L-002718, RB-16V4000M73L-011129;402, 383, 391, 387, 1584;"{""total_rows"":5,""count_ok_importar"":5,""count_ok_eliminar"":0,""count_pending"":0,""count_review_action"":0,""count_other"":0}";import;qa_ok_importar_found
X00E50202404/S0003;PLUG-IN BOARD;SAB2-03 (MB VON SAM);;import;qa_ok_importar_found;true;1;16V4000M61;RB-16V4000M61-002523;390;"{""total_rows"":1,""count_ok_importar"":1,""count_ok_eliminar"":0,""count_pending"":0,""count_review_action"":0,""count_other"":0}";import;qa_ok_importar_found
X00E50202753/S0002;HOUSING WITHOUT INTERLOCK;296X152X80 (LXBXH);1,330 KG;import;qa_ok_importar_found;true;1;16V4000M61;RB-16V4000M61-002611;402;"{""total_rows"":1,""count_ok_importar"":1,""count_ok_eliminar"":0,""count_pending"":0,""count_review_action"":0,""count_other"":0}";import;qa_ok_importar_found
X00E50202753/S0003;HOUSING WITHOUT INTERLOCK;296X152X80 (LXBXH);1,320 KG;import;qa_ok_importar_found;true;3;16V4000M61, 16V4000M73L;RB-16V4000M61-002469, RB-16V4000M73L-002667, RB-16V4000M73L-011078;377, 380, 1577;"{""total_rows"":3,""count_ok_importar"":3,""count_ok_eliminar"":0,""count_pending"":0,""count_review_action"":0,""count_other"":0}";import;qa_ok_importar_found
X00E50202754/S0003;HOUSING WITH INTERLOCK;360X314X95 (LXBXH);1.368 KG;import;qa_ok_importar_found;true;1;12V4000M40A;RB-12V4000M40A-002691;399;"{""total_rows"":1,""count_ok_importar"":1,""count_ok_eliminar"":0,""count_pending"":0,""count_review_action"":0,""count_other"":0}";import;qa_ok_importar_found
X00E50203036;LED YELLOW;D=5MM,L=9MM,LEUCHTFARBE=GELB,;0.001 KGM;import;qa_ok_importar_found;true;8;12V4000M40A, 12V4000M70, 16V4000M73L, 16V4000M90;RB-12V4000M40A-002516, RB-12V4000M40A-002530, RB-12V4000M40A-002597, RB-12V4000M70-005616, RB-16V4000M73L-003290, RB-16V4000M73L-011701, RB-16V4000M90-002635, RB-16V4000M90-002789;371, 375, 382, 801, 479, 1676, 384, 407;"{""total_rows"":8,""count_ok_importar"":8,""count_ok_eliminar"":0,""count_pending"":0,""count_review_action"":0,""count_other"":0}";import;qa_ok_importar_found
X00E50203517;CONNECTION INTERFACE;SAM 1-03 OHNE SOFTWARE;1,500 KG;import;qa_ok_importar_found;true;1;12V4000M40A;RB-12V4000M40A-002688;398;"{""total_rows"":1,""count_ok_importar"":1,""count_ok_eliminar"":0,""count_pending"":0,""count_review_action"":0,""count_other"":0}";import;qa_ok_importar_found
X00E50203604/S0002;DISPLAY UNLABELLED;360X270X65, DIS13-03,;1,880 kg;import;qa_ok_importar_found;true;4;12V4000M70, 16V4000M73L, 16V4000M90;RB-12V4000M70-005556, RB-16V4000M73L-003234, RB-16V4000M73L-011645, RB-16V4000M90-002729;797, 475, 1672, 403;"{""total_rows"":4,""count_ok_importar"":4,""count_ok_eliminar"":0,""count_pending"":0,""count_review_action"":0,""count_other"":0}";import;qa_ok_importar_found
X00E50203848;MALE CONNECTOR F. DATA TRANSM;"RJ45;4-POL;SET; IP20";30,000 g;import;qa_ok_importar_found;true;2;12V4000M53;RB-12V4000M53-006456, RB-12V4000M53-006612;783, 815;"{""total_rows"":2,""count_ok_importar"":2,""count_ok_eliminar"":0,""count_pending"":0,""count_review_action"":0,""count_other"":0}";import;qa_ok_importar_found
X00E50205138;CONNECTING CABLE F.CONNECTION PLATE;L=80M;;import;qa_ok_importar_found;true;2;16V4000M73L;RB-16V4000M73L-003192, RB-16V4000M73L-011603;464, 1661;"{""total_rows"":2,""count_ok_importar"":2,""count_ok_eliminar"":0,""count_pending"":0,""count_review_action"":0,""count_other"":0}";import;qa_ok_importar_found
X00E50205139;CONNECTING CABLE F.CONNECTION PLATE;L=80M;;import;qa_ok_importar_found;true;2;16V4000M73L;RB-16V4000M73L-003194, RB-16V4000M73L-011605;466, 1663;"{""total_rows"":2,""count_ok_importar"":2,""count_ok_eliminar"":0,""count_pending"":0,""count_review_action"":0,""count_other"":0}";import;qa_ok_importar_found
X00E50205140;CONNECTING CABLE F.CONNECTION PLATE;L=80M;;import;qa_ok_importar_found;true;2;16V4000M73L;RB-16V4000M73L-003196, RB-16V4000M73L-011607;468, 1665;"{""total_rows"":2,""count_ok_importar"":2,""count_ok_eliminar"":0,""count_pending"":0,""count_review_action"":0,""count_other"":0}";import;qa_ok_importar_found
X00E50205141;CONNECTING CABLE F.CONNECTION PLATE;L=80M;;import;qa_ok_importar_found;true;2;16V4000M73L;RB-16V4000M73L-003198, RB-16V4000M73L-011609;470, 1667;"{""total_rows"":2,""count_ok_importar"":2,""count_ok_eliminar"":0,""count_pending"":0,""count_review_action"":0,""count_other"":0}";import;qa_ok_importar_found
X00E50205167/S0001;DISPLAY UNLABELLED;"360X270X65; RAL 9003 GLATT";;import;qa_ok_importar_found;true;1;16V4000M61;RB-16V4000M61-002658;405;"{""total_rows"":1,""count_ok_importar"":1,""count_ok_eliminar"":0,""count_pending"":0,""count_review_action"":0,""count_other"":0}";import;qa_ok_importar_found
X00E50205261;GOVERNOR;ECU7-05, 360X314X95 (LXBXH);5.500 kg;import;qa_ok_importar_found;true;8;16V4000M73, 16V4000M73L;RB-16V4000M73-003164, RB-16V4000M73-006358, RB-16V4000M73-009564, RB-16V4000M73-012764, RB-16V4000M73L-002627, RB-16V4000M73L-005782, RB-16V4000M73L-008298, RB-16V4000M73L-010804;361, 715, 1070, 1424, 366, 828, 1171, 1506;"{""total_rows"":8,""count_ok_importar"":8,""count_ok_eliminar"":0,""count_pending"":0,""count_review_action"":0,""count_other"":0}";import;qa_ok_importar_found
X00E50205397;CONNECTING CABLE FOR CONTROL UNIT;M L=20M;;import;qa_ok_importar_found;true;1;16V4000M61;RB-16V4000M61-002712;413;"{""total_rows"":1,""count_ok_importar"":1,""count_ok_eliminar"":0,""count_pending"":0,""count_review_action"":0,""count_other"":0}";import;qa_ok_importar_found
X00E50206571;PLUG-IN BOARD;MPU29-05;155,000 g;import;qa_ok_importar_found;true;5;12V4000M70, 16V4000M61, 16V4000M73L, 16V4000M90;RB-12V4000M70-005196, RB-16V4000M61-001967, RB-16V4000M73L-002270, RB-16V4000M73L-010998, RB-16V4000M90-002481;720, 317, 326, 1560, 338;"{""total_rows"":5,""count_ok_importar"":5,""count_ok_eliminar"":0,""count_pending"":0,""count_review_action"":0,""count_other"":0}";import;qa_ok_importar_found
X00E50206571/S0001;PLUG-IN BOARD;MPU29-05 MIT URLADER;159 G;import;qa_ok_importar_found;true;13;12V4000M70, 16V4000M61, 16V4000M73L, 16V4000M90;RB-12V4000M70-005185, RB-12V4000M70-005584, RB-16V4000M61-001963, RB-16V4000M61-002557, RB-16V4000M61-002682, RB-16V4000M73L-002259, RB-16V4000M73L-003258, RB-16V4000M73L-010987, RB-16V4000M73L-011669, RB-16V4000M90-002470, RB-16V4000M90-002535, RB-16V4000M90-002757, RB-16V4000M90-002841;718, 797, 314, 393, 405, 323, 475, 1557, 1672, 336, 357, 403, 421;"{""total_rows"":13,""count_ok_importar"":13,""count_ok_eliminar"":0,""count_pending"":0,""count_review_action"":0,""count_other"":0}";import;qa_ok_importar_found
X00E50206616;GOVERNOR;455X277X91 (LXBXH);6,900 kg;import;qa_ok_importar_found;true;4;12V4000M70, 16V4000M61;RB-12V4000M70-002524, RB-12V4000M70-005028, RB-16V4000M61-002370, RB-16V4000M61-005306;341, 678, 361, 830;"{""total_rows"":4,""count_ok_importar"":4,""count_ok_eliminar"":0,""count_pending"":0,""count_review_action"":0,""count_other"":0}";import;qa_ok_importar_found
X00E50206616/76;GOVERNOR NOT ADJUSTED;ECU4-07;7,058 kg;import;qa_ok_importar_found;true;4;12V4000M70, 16V4000M61;RB-12V4000M70-002548, RB-12V4000M70-005052, RB-16V4000M61-002394, RB-16V4000M61-005330;343, 680, 363, 832;"{""total_rows"":4,""count_ok_importar"":4,""count_ok_eliminar"":0,""count_pending"":0,""count_review_action"":0,""count_other"":0}";import;qa_ok_importar_found
X00E50206616/77;GOVERNOR ADJUSTED;ECU4-07;5,000 kg;import;qa_ok_importar_found;true;4;12V4000M70, 16V4000M61;RB-12V4000M70-002549, RB-12V4000M70-005053, RB-16V4000M61-002395, RB-16V4000M61-005331;343, 680, 363, 832;"{""total_rows"":4,""count_ok_importar"":4,""count_ok_eliminar"":0,""count_pending"":0,""count_review_action"":0,""count_other"":0}";import;qa_ok_importar_found
X00E50206653;HOUSING;EMU7-03;3.320 kg;import;qa_ok_importar_found;true;14;12V4000M53, 16V4000M73, 16V4000M73L, 20V4000M93;RB-12V4000M53-003084, RB-12V4000M53-006235, RB-16V4000M73-003162, RB-16V4000M73-006356, RB-16V4000M73-009562, RB-16V4000M73-012762, RB-16V4000M73L-002219, RB-16V4000M73L-005480, RB-16V4000M73L-007996, RB-16V4000M73L-010502, RB-20V4000M93-003292, RB-20V4000M93-007005, RB-20V4000M93-010718, RB-20V4000M93-014431;357, 720, 360, 714, 1069, 1423, 320, 797, 1140, 1475, 362, 758, 1154, 1550;"{""total_rows"":14,""count_ok_importar"":14,""count_ok_eliminar"":0,""count_pending"":0,""count_review_action"":0,""count_other"":0}";import;qa_ok_importar_found
X00E50208275;CONNECTING CABLE FOR DISP./CONT. UNI;L=3M;692,000 g;import;qa_ok_importar_found;true;1;12V4000M53;RB-12V4000M53-006573;807;"{""total_rows"":1,""count_ok_importar"":1,""count_ok_eliminar"":0,""count_pending"":0,""count_review_action"":0,""count_other"":0}";import;qa_ok_importar_found
X00E50208277;CONNECTING CABLE FOR DISP./CONT. UNI;L=3M;581,200 g;import;qa_ok_importar_found;true;1;12V4000M53;RB-12V4000M53-006596;811;"{""total_rows"":1,""count_ok_importar"":1,""count_ok_eliminar"":0,""count_pending"":0,""count_review_action"":0,""count_other"":0}";import;qa_ok_importar_found
X00E50208279;CONNECTING CABLE FOR DISPLAY;L=0,6M;357,000 g;import;qa_ok_importar_found;true;1;12V4000M53;RB-12V4000M53-006595;810;"{""total_rows"":1,""count_ok_importar"":1,""count_ok_eliminar"":0,""count_pending"":0,""count_review_action"":0,""count_other"":0}";import;qa_ok_importar_found
X00E50208281;CONNECTING CABLE FOR EMERGENCY STOP;L=1,5M;102,500 g;import;qa_ok_importar_found;true;1;12V4000M53;RB-12V4000M53-006572;806;"{""total_rows"":1,""count_ok_importar"":1,""count_ok_eliminar"":0,""count_pending"":0,""count_review_action"":0,""count_other"":0}";import;qa_ok_importar_found
X00E50208471;BLIND PLUG;AB F. STRIKE SERIES;66,000 g;import;qa_ok_importar_found;true;1;12V4000M53;RB-12V4000M53-006668;826;"{""total_rows"":1,""count_ok_importar"":1,""count_ok_eliminar"":0,""count_pending"":0,""count_review_action"":0,""count_other"":0}";import;qa_ok_importar_found
X00E50209139;PROCESS UNIT FOR CONTROL PANEL;;10,000 kg;import;qa_ok_importar_found;true;1;12V4000M53;RB-12V4000M53-006663;826;"{""total_rows"":1,""count_ok_importar"":1,""count_ok_eliminar"":0,""count_pending"":0,""count_review_action"":0,""count_other"":0}";import;qa_ok_importar_found
X00E50209290;CONNECTOR KIT WITH MARKING;;60,000 g;import;qa_ok_importar_found;true;1;12V4000M53;RB-12V4000M53-006671;826;"{""total_rows"":1,""count_ok_importar"":1,""count_ok_eliminar"":0,""count_pending"":0,""count_review_action"":0,""count_other"":0}";import;qa_ok_importar_found
X00E50209351/S0001;ENGINE MONITORING;EMU1-01/D;3,289 kg;import;qa_ok_importar_found;true;2;12V4000M70;RB-12V4000M70-002553, RB-12V4000M70-005057;346, 683;"{""total_rows"":2,""count_ok_importar"":2,""count_ok_eliminar"":0,""count_pending"":0,""count_review_action"":0,""count_other"":0}";import;qa_ok_importar_found
X00E50209366;GOVERNOR;"ECU7-05/C; 360X314X95 (LXBXH)";5.500 kg;import;qa_ok_importar_found;true;6;12V4000M53, 20V4000M93;RB-12V4000M53-003059, RB-12V4000M53-006210, RB-20V4000M93-003288, RB-20V4000M93-007001, RB-20V4000M93-010714, RB-20V4000M93-014427;353, 716, 360, 756, 1152, 1548;"{""total_rows"":6,""count_ok_importar"":6,""count_ok_eliminar"":0,""count_pending"":0,""count_review_action"":0,""count_other"":0}";import;qa_ok_importar_found
X00E50209366/76;GOVERNOR NOT ADJUSTED;ECU7-05/C FUER ET-LIEFERUNG;5,000 kg;import;qa_ok_importar_found;true;2;12V4000M53;RB-12V4000M53-003079, RB-12V4000M53-006230;355, 718;"{""total_rows"":2,""count_ok_importar"":2,""count_ok_eliminar"":0,""count_pending"":0,""count_review_action"":0,""count_other"":0}";import;qa_ok_importar_found
X00E50209366/77;GOVERNOR ADJUSTED;ECU7-05/C FUER ET-KATALOG;5,000 kg;import;qa_ok_importar_found;true;2;12V4000M53;RB-12V4000M53-003080, RB-12V4000M53-006231;355, 718;"{""total_rows"":2,""count_ok_importar"":2,""count_ok_eliminar"":0,""count_pending"":0,""count_review_action"":0,""count_other"":0}";import;qa_ok_importar_found
X00E50209721;PLUG-IN BOARD;AIB1-02/A;30,000 g;import;qa_ok_importar_found;true;2;12V4000M70;RB-12V4000M70-005188, RB-12V4000M70-005582;718, 797;"{""total_rows"":2,""count_ok_importar"":2,""count_ok_eliminar"":0,""count_pending"":0,""count_review_action"":0,""count_other"":0}";import;qa_ok_importar_found
X00E50210004;CONTROL LEVER;"DUO;LANG;CAN OPEN;6 TAST.;MONO";1,600 kg;import;qa_ok_importar_found;true;1;12V4000M53;RB-12V4000M53-006739;834;"{""total_rows"":1,""count_ok_importar"":1,""count_ok_eliminar"":0,""count_pending"":0,""count_review_action"":0,""count_other"":0}";import;qa_ok_importar_found
X00E50210309;BUS COUPLER FOR SYSTEM BUS;FÜR FREMD-MCS;1,600 kg;import;qa_ok_importar_found;true;1;12V4000M53;RB-12V4000M53-006411;770;"{""total_rows"":1,""count_ok_importar"":1,""count_ok_eliminar"":0,""count_pending"":0,""count_review_action"":0,""count_other"":0}";import;qa_ok_importar_found
X00E50700428;WIRING HARNESS FOR ON-ENGINE SENSO;EMU-7 X12 M. E-ABGAS;4.125 kg;import;qa_ok_importar_found;true;4;16V4000M73;RB-16V4000M73-002630, RB-16V4000M73-005824, RB-16V4000M73-009030, RB-16V4000M73-012230;319, 673, 1028, 1382;"{""total_rows"":4,""count_ok_importar"":4,""count_ok_eliminar"":0,""count_pending"":0,""count_review_action"":0,""count_other"":0}";import;qa_ok_importar_found
X00001906;STARTER;;29.880 kg;import;qa_ok_importar_found;true;1;16V4000M90;RB-16V4000M90-001186;176;"{""total_rows"":1,""count_ok_importar"":1,""count_ok_eliminar"":0,""count_pending"":0,""count_review_action"":0,""count_other"":0}";import;qa_ok_importar_found
X00001910;STARTER;;29.880 kg;import;qa_ok_importar_found;true;1;16V4000M90;RB-16V4000M90-001187;176;"{""total_rows"":1,""count_ok_importar"":1,""count_ok_eliminar"":0,""count_pending"":0,""count_review_action"":0,""count_other"":0}";import;qa_ok_importar_found
X00003011;GASKET;;8,100 G;import;qa_ok_importar_found;true;5;16V4000M73L, 20V4000M93L;RB-16V4000M73L-001097, RB-16V4000M73L-004428, RB-16V4000M73L-006916, RB-20V4000M93L-001514, RB-20V4000M93L-005085;173, 659, 1004, 1297, 1674;"{""total_rows"":5,""count_ok_importar"":5,""count_ok_eliminar"":0,""count_pending"":0,""count_review_action"":0,""count_other"":0}";import;qa_ok_importar_found
X00003012;GASKET;;11 G;import;qa_ok_importar_found;true;5;16V4000M73L, 20V4000M93L;RB-16V4000M73L-001098, RB-16V4000M73L-004429, RB-16V4000M73L-006917, RB-20V4000M93L-001515, RB-20V4000M93L-005086;173, 659, 1004, 1297, 1674;"{""total_rows"":5,""count_ok_importar"":5,""count_ok_eliminar"":0,""count_pending"":0,""count_review_action"":0,""count_other"":0}";import;qa_ok_importar_found
X00003040;GASKET;;6 G;import;qa_ok_importar_found;true;5;16V4000M73L, 20V4000M93L;RB-16V4000M73L-001096, RB-16V4000M73L-004427, RB-16V4000M73L-006915, RB-20V4000M93L-001513, RB-20V4000M93L-005084;173, 659, 1004, 1297, 1674;"{""total_rows"":5,""count_ok_importar"":5,""count_ok_eliminar"":0,""count_pending"":0,""count_review_action"":0,""count_other"":0}";import;qa_ok_importar_found
X00003043;GASKET;;9 G;import;qa_ok_importar_found;true;5;16V4000M73L, 20V4000M93L;RB-16V4000M73L-001102, RB-16V4000M73L-004433, RB-16V4000M73L-006921, RB-20V4000M93L-001519, RB-20V4000M93L-005090;173, 659, 1004, 1297, 1674;"{""total_rows"":5,""count_ok_importar"":5,""count_ok_eliminar"":0,""count_pending"":0,""count_review_action"":0,""count_other"":0}";import;qa_ok_importar_found
X00003620;OIL FILTER ELEMENT;25MY / 3-LAG. MIT KENNFADEN;36 G;import;qa_ok_importar_found;true;6;16V4000M73L, 20V4000M93L;RB-16V4000M73L-001510, RB-16V4000M73L-004841, RB-16V4000M73L-007329, RB-16V4000M73L-009835, RB-20V4000M93L-002030, RB-20V4000M93L-005660;221, 707, 1052, 1389, 1350, 1730;"{""total_rows"":6,""count_ok_importar"":6,""count_ok_eliminar"":0,""count_pending"":0,""count_review_action"":0,""count_other"":0}";import;qa_ok_importar_found
X00005421/87;OIL COOLER WITH TEST CERT. 3.1;;230.000 kg;import;qa_ok_importar_found;true;2;20V4000M93L;RB-20V4000M93L-002082, RB-20V4000M93L-005712;1355, 1735;"{""total_rows"":2,""count_ok_importar"":2,""count_ok_eliminar"":0,""count_pending"":0,""count_review_action"":0,""count_other"":0}";import;qa_ok_importar_found
X00008369;PISTON;;12,700 KG;import;qa_ok_importar_found;true;4;12V4000M40A, 16V4000M61, 16V4000M90;RB-12V4000M40A-000314, RB-16V4000M61-000320, RB-16V4000M61-003430, RB-16V4000M90-000346;57, 56, 563, 67;"{""total_rows"":4,""count_ok_importar"":4,""count_ok_eliminar"":0,""count_pending"":0,""count_review_action"":0,""count_other"":0}";import;qa_ok_importar_found
X00008637;FLANGE;;7.680 kg;import;qa_ok_importar_found;true;1;16V4000M90;RB-16V4000M90-000324;60;"{""total_rows"":1,""count_ok_importar"":1,""count_ok_eliminar"":0,""count_pending"":0,""count_review_action"":0,""count_other"":0}";import;qa_ok_importar_found
X00009406;CYLINDER HEAD COVER;;2.500 kg;import;qa_ok_importar_found;true;6;16V4000M73L, 20V4000M93L;RB-16V4000M73L-000452, RB-16V4000M73L-003782, RB-16V4000M73L-006270, RB-16V4000M73L-008779, RB-20V4000M93L-000520, RB-20V4000M93L-004054;84, 569, 914, 1257, 1195, 1568;"{""total_rows"":6,""count_ok_importar"":6,""count_ok_eliminar"":0,""count_pending"":0,""count_review_action"":0,""count_other"":0}";import;qa_ok_importar_found
X00010021;CONTROL LEVER;125X157X65,2WELLEN,EMV-MOD.,LANG;1.200 kg;import;qa_ok_importar_found;true;1;16V4000M90;RB-16V4000M90-002836;419;"{""total_rows"":1,""count_ok_importar"":1,""count_ok_eliminar"":0,""count_pending"":0,""count_review_action"":0,""count_other"":0}";import;qa_ok_importar_found
X00010351;CONTROL CONSOLE IN ENGINE ROOM;360 X 270 X 180;12 KG;import;qa_ok_importar_found;true;4;12V4000M70, 16V4000M73L, 16V4000M90;RB-12V4000M70-005521, RB-16V4000M73L-003200, RB-16V4000M73L-011611, RB-16V4000M90-002694;795, 473, 1670, 401;"{""total_rows"":4,""count_ok_importar"":4,""count_ok_eliminar"":0,""count_pending"":0,""count_review_action"":0,""count_other"":0}";import;qa_ok_importar_found
X00010351/S0002;CONTROL CONSOLE IN ENGINE ROOM;360 X 270 X 180;9,577 kg;import;qa_ok_importar_found;true;2;12V4000M70, 16V4000M90;RB-12V4000M70-005520, RB-16V4000M90-002693;793, 399;"{""total_rows"":2,""count_ok_importar"":2,""count_ok_eliminar"":0,""count_pending"":0,""count_review_action"":0,""count_other"":0}";import;qa_ok_importar_found
X00010351/S0037;CONTROL CONSOLE F/ENGINE ROOM;360 X 270 X 180;12 KG;import;qa_ok_importar_found;true;2;16V4000M73L;RB-16V4000M73L-003199, RB-16V4000M73L-011610;472, 1669;"{""total_rows"":2,""count_ok_importar"":2,""count_ok_eliminar"":0,""count_pending"":0,""count_review_action"":0,""count_other"":0}";import;qa_ok_importar_found
X00011606;SOCKET-TERMINL STRIP;RM=3,5MM, 7,5A, 24 POLIG,;13 G;import;qa_ok_importar_found;true;4;12V4000M70, 16V4000M61, 16V4000M73L;RB-12V4000M70-005296, RB-16V4000M61-002507, RB-16V4000M73L-002737, RB-16V4000M73L-011148;748, 386, 392, 1589;"{""total_rows"":4,""count_ok_importar"":4,""count_ok_eliminar"":0,""count_pending"":0,""count_review_action"":0,""count_other"":0}";import;qa_ok_importar_found
X00012174;PMP ASM SEA WATER;;40,916 kg;import;qa_ok_importar_found;true;8;12V4000M40A, 12V4000M53, 12V4000M70, 16V4000M61, 16V4000M90;RB-12V4000M40A-001837, RB-12V4000M53-001787, RB-12V4000M53-004918, RB-12V4000M70-002024, RB-12V4000M70-004528, RB-16V4000M61-001711, RB-16V4000M61-004787, RB-16V4000M90-001821;279, 234, 589, 616, 260, 760, 250;"{""total_rows"":8,""count_ok_importar"":8,""count_ok_eliminar"":0,""count_pending"":0,""count_review_action"":0,""count_other"":0}";import;qa_ok_importar_found
X00012309/30;FLANGE;;29,800 KG;import;qa_ok_importar_found;true;1;12V4000M40A;RB-12V4000M40A-002006;305;"{""total_rows"":1,""count_ok_importar"":1,""count_ok_eliminar"":0,""count_pending"":0,""count_review_action"":0,""count_other"":0}";import;qa_ok_importar_found
X00013978;TERMINAL FOR CYLINDER HEAD;L=90MM, 250V/1500V/24A 2-POL.;25.000 g;import;qa_ok_importar_found;true;6;16V4000M73, 20V4000M93L;RB-16V4000M73-002784, RB-16V4000M73-005978, RB-16V4000M73-009184, RB-16V4000M73-012384, RB-20V4000M93L-003440, RB-20V4000M93L-007094;326, 680, 1035, 1389, 1473, 1857;"{""total_rows"":6,""count_ok_importar"":6,""count_ok_eliminar"":0,""count_pending"":0,""count_review_action"":0,""count_other"":0}";import;qa_ok_importar_found
X00018307;MAGNETIC NUT;M16X1.5 LH;0.091 KGM;import;qa_ok_importar_found;true;44;12V4000M53, 16V4000M73, 16V4000M73L, 20V4000M93, 20V4000M93L;RB-12V4000M53-000905, RB-12V4000M53-000957, RB-12V4000M53-004036, RB-12V4000M53-004088, RB-16V4000M73-000900, RB-16V4000M73-000966, RB-16V4000M73-004094, RB-16V4000M73-004160, RB-16V4000M73-007288, RB-16V4000M73-007354, RB-16V4000M73-010494, RB-16V4000M73-010560, RB-16V4000M73L-000748, RB-16V4000M73L-000813, RB-16V4000M73L-004078, RB-16V4000M73L-004143, RB-16V4000M73L-006566, RB-16V4000M73L-006631, RB-16V4000M73L-009075, RB-16V4000M73L-009140, RB-20V4000M93-000937, RB-20V4000M93-001003, RB-20V4000M93-001061, RB-20V4000M93-001119, RB-20V4000M93-004650, RB-20V4000M93-004716, RB-20V4000M93-004774, RB-20V4000M93-004832, RB-20V4000M93-008363, RB-20V4000M93-008429, RB-20V4000M93-008487, RB-20V4000M93-008545, RB-20V4000M93-012076, RB-20V4000M93-012142, RB-20V4000M93-012200, RB-20V4000M93-012258, RB-20V4000M93L-000866, RB-20V4000M93L-000932, RB-20V4000M93L-000992, RB-20V4000M93L-001052, RB-20V4000M93L-004437, RB-20V4000M93L-004503, RB-20V4000M93L-004563, RB-20V4000M93L-004623;128, 134, 483, 489, 140, 147, 494, 501, 848, 855, 1203, 1210, 126, 133, 611, 618, 956, 963, 1299, 1305, 150, 153, 536, 543, 546, 549, 932, 939, 942, 945, 1328, 1335, 1338, 1341, 1238, 1245, 1248, 1251, 1615, 1622, 1625, 1628;"{""total_rows"":44,""count_ok_importar"":44,""count_ok_eliminar"":0,""count_pending"":0,""count_review_action"":0,""count_other"":0}";import;qa_ok_importar_found
X00018621;R/SHFT SUPT;;3.600 kg;import;qa_ok_importar_found;true;13;16V4000M61, 16V4000M73, 16V4000M73L, 16V4000M90, 20V4000M93L;RB-16V4000M61-000398, RB-16V4000M61-003508, RB-16V4000M73-000503, RB-16V4000M73-003697, RB-16V4000M73-006891, RB-16V4000M73-010097, RB-16V4000M73L-000431, RB-16V4000M73L-003761, RB-16V4000M73L-006249, RB-16V4000M73L-008758, RB-16V4000M90-000423, RB-20V4000M93L-000499, RB-20V4000M93L-004033;74, 581, 93, 447, 801, 1156, 80, 565, 910, 1253, 86, 1191, 1564;"{""total_rows"":13,""count_ok_importar"":13,""count_ok_eliminar"":0,""count_pending"":0,""count_review_action"":0,""count_other"":0}";import;qa_ok_importar_found
X00018622;ROCKER SHAFT SUPPORT;;2.160 kg;import;qa_ok_importar_found;true;13;16V4000M61, 16V4000M73, 16V4000M73L, 16V4000M90, 20V4000M93L;RB-16V4000M61-000405, RB-16V4000M61-003515, RB-16V4000M73-000510, RB-16V4000M73-003704, RB-16V4000M73-006898, RB-16V4000M73-010104, RB-16V4000M73L-000438, RB-16V4000M73L-003768, RB-16V4000M73L-006256, RB-16V4000M73L-008765, RB-16V4000M90-000430, RB-20V4000M93L-000506, RB-20V4000M93L-004040;75, 582, 94, 448, 802, 1157, 81, 566, 911, 1254, 87, 1192, 1565;"{""total_rows"":13,""count_ok_importar"":13,""count_ok_eliminar"":0,""count_pending"":0,""count_review_action"":0,""count_other"":0}";import;qa_ok_importar_found
X00018636;RKR ARM ASM;;6,470 KG;import;qa_ok_importar_found;true;3;16V4000M61, 16V4000M90;RB-16V4000M61-000381, RB-16V4000M61-003491, RB-16V4000M90-000406;70, 577, 82;"{""total_rows"":3,""count_ok_importar"":3,""count_ok_eliminar"":0,""count_pending"":0,""count_review_action"":0,""count_other"":0}";import;qa_ok_importar_found
X00019778;STARTER FOR COMPRESSED AIR;;15,300 KG;import;qa_ok_importar_found;true;3;12V4000M40A, 16V4000M61;RB-12V4000M40A-000977, RB-16V4000M61-001032, RB-16V4000M61-004107;169, 172, 675;"{""total_rows"":3,""count_ok_importar"":3,""count_ok_eliminar"":0,""count_pending"":0,""count_review_action"":0,""count_other"":0}";import;qa_ok_importar_found
X00021061;PLUG-IN BOARD;"MEM8-01;";4 G;import;qa_ok_importar_found;true;1;16V4000M61;RB-16V4000M61-002858;455;"{""total_rows"":1,""count_ok_importar"":1,""count_ok_eliminar"":0,""count_pending"":0,""count_review_action"":0,""count_other"":0}";import;qa_ok_importar_found
X00021634;GEAR CAMSHAFT;;15,500 KG;import;qa_ok_importar_found;true;4;12V4000M40A, 16V4000M61, 16V4000M90;RB-12V4000M40A-000363, RB-16V4000M61-000372, RB-16V4000M61-003482, RB-16V4000M90-000397;69, 67, 574, 79;"{""total_rows"":4,""count_ok_importar"":4,""count_ok_eliminar"":0,""count_pending"":0,""count_review_action"":0,""count_other"":0}";import;qa_ok_importar_found
X00021750;GEAR;;1,770 KG;import;qa_ok_importar_found;true;14;12V4000M40A, 12V4000M53, 12V4000M70, 16V4000M61, 16V4000M90;RB-12V4000M40A-001619, RB-12V4000M40A-001868, RB-12V4000M53-001825, RB-12V4000M53-004956, RB-12V4000M70-001915, RB-12V4000M70-002059, RB-12V4000M70-004419, RB-12V4000M70-004563, RB-16V4000M61-001599, RB-16V4000M61-001742, RB-16V4000M61-004675, RB-16V4000M61-004818, RB-16V4000M90-001471, RB-16V4000M90-001858;247, 280, 235, 590, 260, 597, 617, 239, 261, 740, 761, 213, 252;"{""total_rows"":14,""count_ok_importar"":14,""count_ok_eliminar"":0,""count_pending"":0,""count_review_action"":0,""count_other"":0}";import;qa_ok_importar_found
X00021778;F/W HSG ASM;;246.500 kg;import;qa_ok_importar_found;true;14;16V4000M73, 16V4000M73L, 20V4000M93, 20V4000M93L;RB-16V4000M73-000121, RB-16V4000M73-003315, RB-16V4000M73-006509, RB-16V4000M73-009715, RB-16V4000M73L-000099, RB-16V4000M73L-003429, RB-16V4000M73L-005917, RB-16V4000M73L-008426, RB-20V4000M93-000121, RB-20V4000M93-003834, RB-20V4000M93-007547, RB-20V4000M93-011260, RB-20V4000M93L-000117, RB-20V4000M93L-003651;38, 392, 746, 1101, 27, 512, 857, 1200, 36, 432, 828, 1224, 1138, 1511;"{""total_rows"":14,""count_ok_importar"":14,""count_ok_eliminar"":0,""count_pending"":0,""count_review_action"":0,""count_other"":0}";import;qa_ok_importar_found
X00021778/75;FLYWHEEL HOUSING PRIMED;;165,000 kg;import;qa_ok_importar_found;true;2;12V4000M53;RB-12V4000M53-000113, RB-12V4000M53-003244;35, 390;"{""total_rows"":2,""count_ok_importar"":2,""count_ok_eliminar"":0,""count_pending"":0,""count_review_action"":0,""count_other"":0}";import;qa_ok_importar_found
X00026990;RAIL FUEL HIGH PRESS DOUBLE WALL A-BANK;;32.7 KGM;import;qa_ok_importar_found;true;8;16V4000M73, 16V4000M73L;RB-16V4000M73-000573, RB-16V4000M73-003767, RB-16V4000M73-006961, RB-16V4000M73-010167, RB-16V4000M73L-000492, RB-16V4000M73L-003822, RB-16V4000M73L-006310, RB-16V4000M73L-008819;106, 460, 814, 1169, 92, 577, 922, 1265;"{""total_rows"":8,""count_ok_importar"":8,""count_ok_eliminar"":0,""count_pending"":0,""count_review_action"":0,""count_other"":0}";import;qa_ok_importar_found
X00026991;RAIL FUEL HIGH PRESS DOUBLE WALL B-BANK;;54.500 kg;import;qa_ok_importar_found;true;8;16V4000M73, 16V4000M73L;RB-16V4000M73-000574, RB-16V4000M73-003768, RB-16V4000M73-006962, RB-16V4000M73-010168, RB-16V4000M73L-000493, RB-16V4000M73L-003823, RB-16V4000M73L-006311, RB-16V4000M73L-008820;106, 460, 814, 1169, 92, 577, 922, 1265;"{""total_rows"":8,""count_ok_importar"":8,""count_ok_eliminar"":0,""count_pending"":0,""count_review_action"":0,""count_other"":0}";import;qa_ok_importar_found
X00026992;HP ACCUMULATOR DOUBLE-WALLED, LEFT;;26.400 kg;import;qa_ok_importar_found;true;2;20V4000M93L;RB-20V4000M93L-000560, RB-20V4000M93L-004094;1203, 1576;"{""total_rows"":2,""count_ok_importar"":2,""count_ok_eliminar"":0,""count_pending"":0,""count_review_action"":0,""count_other"":0}";import;qa_ok_importar_found
X00026993;HP ACCUMULATOR DOUBLE-WALLED, RIGH;;26.400 kg;import;qa_ok_importar_found;true;2;20V4000M93L;RB-20V4000M93L-000561, RB-20V4000M93L-004095;1203, 1576;"{""total_rows"":2,""count_ok_importar"":2,""count_ok_eliminar"":0,""count_pending"":0,""count_review_action"":0,""count_other"":0}";import;qa_ok_importar_found
X00027068;TUBE FUEL DOUBLE WALL;;299.000 g;import;qa_ok_importar_found;true;2;20V4000M93L;RB-20V4000M93L-000562, RB-20V4000M93L-004096;1204, 1577;"{""total_rows"":2,""count_ok_importar"":2,""count_ok_eliminar"":0,""count_pending"":0,""count_review_action"":0,""count_other"":0}";import;qa_ok_importar_found
X00028593;PLATE FLANGE VIB DAMPER HSG;;19.360 kg;import;qa_ok_importar_found;true;8;16V4000M73, 16V4000M73L;RB-16V4000M73-000385, RB-16V4000M73-003579, RB-16V4000M73-006773, RB-16V4000M73-009979, RB-16V4000M73L-000316, RB-16V4000M73L-003646, RB-16V4000M73L-006134, RB-16V4000M73L-008643;68, 422, 776, 1131, 55, 540, 885, 1228;"{""total_rows"":8,""count_ok_importar"":8,""count_ok_eliminar"":0,""count_pending"":0,""count_review_action"":0,""count_other"":0}";import;qa_ok_importar_found
X00029037;CRANKSHAFT;;611.000 kg;import;qa_ok_importar_found;true;8;16V4000M73, 16V4000M73L;RB-16V4000M73-000349, RB-16V4000M73-003543, RB-16V4000M73-006737, RB-16V4000M73-009943, RB-16V4000M73L-000279, RB-16V4000M73L-003609, RB-16V4000M73L-006097, RB-16V4000M73L-008606;61, 415, 769, 1124, 48, 533, 878, 1221;"{""total_rows"":8,""count_ok_importar"":8,""count_ok_eliminar"":0,""count_pending"":0,""count_review_action"":0,""count_other"":0}";import;qa_ok_importar_found
X00029037/31;CRANKSHAFT LR ACCEPTANCE;;617.000 kg;import;qa_ok_importar_found;true;4;16V4000M73;RB-16V4000M73-000347, RB-16V4000M73-003541, RB-16V4000M73-006735, RB-16V4000M73-009941;60, 414, 768, 1123;"{""total_rows"":4,""count_ok_importar"":4,""count_ok_eliminar"":0,""count_pending"":0,""count_review_action"":0,""count_other"":0}";import;qa_ok_importar_found
X00030151/30;INTERMEDIATE FLANGE;;44,500 KG;import;qa_ok_importar_found;true;1;12V4000M40A;RB-12V4000M40A-002008;305;"{""total_rows"":1,""count_ok_importar"":1,""count_ok_eliminar"":0,""count_pending"":0,""count_review_action"":0,""count_other"":0}";import;qa_ok_importar_found
X00030152/30;RING;;10,360 KG;import;qa_ok_importar_found;true;1;12V4000M40A;RB-12V4000M40A-002009;305;"{""total_rows"":1,""count_ok_importar"":1,""count_ok_eliminar"":0,""count_pending"":0,""count_review_action"":0,""count_other"":0}";import;qa_ok_importar_found
X00030153/30;FLANGE;;14,600 KG;import;qa_ok_importar_found;true;1;12V4000M40A;RB-12V4000M40A-002012;305;"{""total_rows"":1,""count_ok_importar"":1,""count_ok_eliminar"":0,""count_pending"":0,""count_review_action"":0,""count_other"":0}";import;qa_ok_importar_found
X00031095;LEVEL MONITOR;OELSONDE,DYN.UB-VERHALTEN KL TAU;195,100 G;import;qa_ok_importar_found;true;4;12V4000M40A, 16V4000M61, 16V4000M90;RB-12V4000M40A-002277, RB-16V4000M61-002092, RB-16V4000M61-005028, RB-16V4000M90-002130;345, 337, 806, 302;"{""total_rows"":4,""count_ok_importar"":4,""count_ok_eliminar"":0,""count_pending"":0,""count_review_action"":0,""count_other"":0}";import;qa_ok_importar_found
X00031104;LEVEL MONITOR;WASSERSONDE DYN.UB-VERHALTEN;191 G;import;qa_ok_importar_found;true;4;12V4000M40A, 16V4000M61, 16V4000M90;RB-12V4000M40A-002260, RB-16V4000M61-002075, RB-16V4000M61-005011, RB-16V4000M90-002119;345, 337, 806, 302;"{""total_rows"":4,""count_ok_importar"":4,""count_ok_eliminar"":0,""count_pending"":0,""count_review_action"":0,""count_other"":0}";import;qa_ok_importar_found
X00031805;SEALING RING;A13X18,0X1,5;;import;qa_ok_importar_found;true;3;16V4000M73;RB-16V4000M73-001641, RB-16V4000M73-004835, RB-16V4000M73-008041;222, 576, 931;"{""total_rows"":3,""count_ok_importar"":3,""count_ok_eliminar"":0,""count_pending"":0,""count_review_action"":0,""count_other"":0}";import;qa_ok_importar_found
X00032042;CONNECTING PIECE;;559.400 g;import;qa_ok_importar_found;true;16;12V4000M53, 16V4000M73, 16V4000M73L, 20V4000M93, 20V4000M93L;RB-12V4000M53-000624, RB-12V4000M53-003755, RB-16V4000M73-000617, RB-16V4000M73-003811, RB-16V4000M73-007005, RB-16V4000M73-010211, RB-16V4000M73L-000535, RB-16V4000M73L-003865, RB-16V4000M73L-006353, RB-16V4000M73L-008862, RB-20V4000M93-000657, RB-20V4000M93-004370, RB-20V4000M93-008083, RB-20V4000M93-011796, RB-20V4000M93L-000609, RB-20V4000M93L-004143;107, 462, 115, 469, 823, 1178, 105, 590, 935, 1278, 511, 907, 1303, 1215, 1588;"{""total_rows"":16,""count_ok_importar"":16,""count_ok_eliminar"":0,""count_pending"":0,""count_review_action"":0,""count_other"":0}";import;qa_ok_importar_found
X00033644;NOZZLE LUBE OIL SPRAY;;249 G;import;qa_ok_importar_found;true;5;12V4000M40A, 16V4000M61, 16V4000M90;RB-12V4000M40A-001179, RB-16V4000M61-001213, RB-16V4000M61-004289, RB-16V4000M90-001261, RB-16V4000M90-001270;195, 190, 692, 185;"{""total_rows"":5,""count_ok_importar"":5,""count_ok_eliminar"":0,""count_pending"":0,""count_review_action"":0,""count_other"":0}";import;qa_ok_importar_found
X00033645;BLOCK PSTN LUBE NOZZLE SUPT W/THRU HOLE;;166,600 G;import;qa_ok_importar_found;true;5;12V4000M40A, 16V4000M61, 16V4000M90;RB-12V4000M40A-001176, RB-16V4000M61-001210, RB-16V4000M61-004286, RB-16V4000M90-001258, RB-16V4000M90-001267;195, 190, 692, 185;"{""total_rows"":5,""count_ok_importar"":5,""count_ok_eliminar"":0,""count_pending"":0,""count_review_action"":0,""count_other"":0}";import;qa_ok_importar_found
X00033646;BLK PSTN LUBE NOZZLE SUPT W/O THRU HOLE;;185 G;import;qa_ok_importar_found;true;5;12V4000M40A, 16V4000M61, 16V4000M90;RB-12V4000M40A-001175, RB-16V4000M61-001209, RB-16V4000M61-004285, RB-16V4000M90-001257, RB-16V4000M90-001266;195, 190, 692, 185;"{""total_rows"":5,""count_ok_importar"":5,""count_ok_eliminar"":0,""count_pending"":0,""count_review_action"":0,""count_other"":0}";import;qa_ok_importar_found
X00034054;SHIM;;;import;qa_ok_importar_found;true;5;12V4000M70, 16V4000M61, 16V4000M90;RB-12V4000M70-002145, RB-12V4000M70-004649, RB-16V4000M61-001841, RB-16V4000M61-004917, RB-16V4000M90-001990;296, 633, 282, 781, 275;"{""total_rows"":5,""count_ok_importar"":5,""count_ok_eliminar"":0,""count_pending"":0,""count_review_action"":0,""count_other"":0}";import;qa_ok_importar_found
X00034057;LOCKING DEVICE;;;import;qa_ok_importar_found;true;18;12V4000M53, 12V4000M70, 16V4000M61, 16V4000M73, 16V4000M73L, 20V4000M93;RB-12V4000M53-002386, RB-12V4000M53-005519, RB-12V4000M70-002148, RB-12V4000M70-004652, RB-16V4000M61-001844, RB-16V4000M61-004920, RB-16V4000M73-002586, RB-16V4000M73-005780, RB-16V4000M73-008986, RB-16V4000M73-012186, RB-16V4000M73L-002083, RB-16V4000M73L-005414, RB-16V4000M73L-007896, RB-16V4000M73L-010402, RB-20V4000M93-002973, RB-20V4000M93-006686, RB-20V4000M93-010399, RB-20V4000M93-014112;291, 648, 296, 633, 282, 781, 307, 661, 1016, 1370, 288, 774, 1116, 1451, 326, 722, 1118, 1514;"{""total_rows"":18,""count_ok_importar"":18,""count_ok_eliminar"":0,""count_pending"":0,""count_review_action"":0,""count_other"":0}";import;qa_ok_importar_found
X00034058;LOCKING DEVICE;;;import;qa_ok_importar_found;true;18;12V4000M53, 12V4000M70, 16V4000M61, 16V4000M73, 16V4000M73L, 20V4000M93;RB-12V4000M53-002387, RB-12V4000M53-005520, RB-12V4000M70-002149, RB-12V4000M70-004653, RB-16V4000M61-001845, RB-16V4000M61-004921, RB-16V4000M73-002587, RB-16V4000M73-005781, RB-16V4000M73-008987, RB-16V4000M73-012187, RB-16V4000M73L-002084, RB-16V4000M73L-005415, RB-16V4000M73L-007897, RB-16V4000M73L-010403, RB-20V4000M93-002974, RB-20V4000M93-006687, RB-20V4000M93-010400, RB-20V4000M93-014113;291, 648, 296, 633, 282, 781, 307, 661, 1016, 1370, 288, 774, 1116, 1451, 326, 722, 1118, 1514;"{""total_rows"":18,""count_ok_importar"":18,""count_ok_eliminar"":0,""count_pending"":0,""count_review_action"":0,""count_other"":0}";import;qa_ok_importar_found
X00035257;O-RING;7 X 208;0.049 KGM;import;qa_ok_importar_found;true;10;12V4000M53, 16V4000M73, 16V4000M73L;RB-12V4000M53-000398, RB-12V4000M53-003529, RB-16V4000M73-000407, RB-16V4000M73-003601, RB-16V4000M73-006795, RB-16V4000M73-010001, RB-16V4000M73L-000338, RB-16V4000M73L-003668, RB-16V4000M73L-006156, RB-16V4000M73L-008665;64, 419, 69, 423, 777, 1132, 56, 541, 886, 1229;"{""total_rows"":10,""count_ok_importar"":10,""count_ok_eliminar"":0,""count_pending"":0,""count_review_action"":0,""count_other"":0}";import;qa_ok_importar_found
X00035420;HP FUEL LINE JACKETED;;4.649 kg;import;qa_ok_importar_found;true;2;20V4000M93L;RB-20V4000M93L-000537, RB-20V4000M93L-004071;1203, 1576;"{""total_rows"":2,""count_ok_importar"":2,""count_ok_eliminar"":0,""count_pending"":0,""count_review_action"":0,""count_other"":0}";import;qa_ok_importar_found
X00035421;HP FUEL LINE DOUBLE-WALLED, LEFT;;3.173 kg;import;qa_ok_importar_found;true;2;20V4000M93L;RB-20V4000M93L-000543, RB-20V4000M93L-004077;1203, 1576;"{""total_rows"":2,""count_ok_importar"":2,""count_ok_eliminar"":0,""count_pending"":0,""count_review_action"":0,""count_other"":0}";import;qa_ok_importar_found
X00035422;HP FUEL LINE DOUBLE-WALLED, RIGH;;5.594 kg;import;qa_ok_importar_found;true;2;20V4000M93L;RB-20V4000M93L-000544, RB-20V4000M93L-004078;1203, 1576;"{""total_rows"":2,""count_ok_importar"":2,""count_ok_eliminar"":0,""count_pending"":0,""count_review_action"":0,""count_other"":0}";import;qa_ok_importar_found
X00035690;PISTON;;13.100 kg;import;qa_ok_importar_found;true;14;16V4000M73, 16V4000M73L, 20V4000M93, 20V4000M93L;RB-16V4000M73-000417, RB-16V4000M73-003611, RB-16V4000M73-006805, RB-16V4000M73-010011, RB-16V4000M73L-000348, RB-16V4000M73L-003678, RB-16V4000M73L-006166, RB-16V4000M73L-008675, RB-20V4000M93-000428, RB-20V4000M93-004141, RB-20V4000M93-007854, RB-20V4000M93-011567, RB-20V4000M93L-000419, RB-20V4000M93L-003953;73, 427, 781, 1136, 60, 545, 890, 1233, 71, 467, 863, 1259, 1171, 1544;"{""total_rows"":14,""count_ok_importar"":14,""count_ok_eliminar"":0,""count_pending"":0,""count_review_action"":0,""count_other"":0}";import;qa_ok_importar_found
X00035844;FUEL PUMP;50 HZ;80.000 kg;import;qa_ok_importar_found;true;1;20V4000M93L;RB-20V4000M93L-006724;1830;"{""total_rows"":1,""count_ok_importar"":1,""count_ok_eliminar"":0,""count_pending"":0,""count_review_action"":0,""count_other"":0}";import;qa_ok_importar_found
X00036161;FUEL FILTER;;155.000 kg;import;qa_ok_importar_found;true;1;20V4000M93L;RB-20V4000M93L-004214;1594;"{""total_rows"":1,""count_ok_importar"":1,""count_ok_eliminar"":0,""count_pending"":0,""count_review_action"":0,""count_other"":0}";import;qa_ok_importar_found
X00036684;COOLANT PUMP;;30.750 kg;import;qa_ok_importar_found;true;14;16V4000M73, 16V4000M73L, 20V4000M93, 20V4000M93L;RB-16V4000M73-001877, RB-16V4000M73-005071, RB-16V4000M73-008277, RB-16V4000M73-011477, RB-16V4000M73L-001926, RB-16V4000M73L-005257, RB-16V4000M73L-007745, RB-16V4000M73L-010251, RB-20V4000M93-002217, RB-20V4000M93-005930, RB-20V4000M93-009643, RB-20V4000M93-013356, RB-20V4000M93L-002213, RB-20V4000M93L-005843;248, 602, 957, 1311, 260, 746, 1091, 1427, 268, 664, 1060, 1456, 1371, 1751;"{""total_rows"":14,""count_ok_importar"":14,""count_ok_eliminar"":0,""count_pending"":0,""count_review_action"":0,""count_other"":0}";import;qa_ok_importar_found
X00036967;FUEL PUMP;;;import;qa_ok_importar_found;true;2;16V4000M73L;RB-16V4000M73L-002112, RB-16V4000M73L-010892;298, 1548;"{""total_rows"":2,""count_ok_importar"":2,""count_ok_eliminar"":0,""count_pending"":0,""count_review_action"":0,""count_other"":0}";import;qa_ok_importar_found
X00037017;IMPELLER FOR SEAWATER PUMP;;3.854 kg;import;qa_ok_importar_found;true;14;16V4000M73, 16V4000M73L, 20V4000M93, 20V4000M93L;RB-16V4000M73-002479, RB-16V4000M73-005673, RB-16V4000M73-008879, RB-16V4000M73-012079, RB-16V4000M73L-001910, RB-16V4000M73L-005241, RB-16V4000M73L-007729, RB-16V4000M73L-010235, RB-20V4000M93-002873, RB-20V4000M93-006586, RB-20V4000M93-010299, RB-20V4000M93-014012, RB-20V4000M93L-002923, RB-20V4000M93L-006553;294, 648, 1003, 1357, 256, 742, 1087, 1423, 310, 706, 1102, 1498, 1419, 1799;"{""total_rows"":14,""count_ok_importar"":14,""count_ok_eliminar"":0,""count_pending"":0,""count_review_action"":0,""count_other"":0}";import;qa_ok_importar_found
X00038367;FUEL FILTER;;258 KG;import;qa_ok_importar_found;true;2;16V4000M73L;RB-16V4000M73L-002138, RB-16V4000M73L-010918;301, 1551;"{""total_rows"":2,""count_ok_importar"":2,""count_ok_eliminar"":0,""count_pending"":0,""count_review_action"":0,""count_other"":0}";import;qa_ok_importar_found
X00038494;FILTER ELEMENT;M FC 001-040, 41204029;2,360 KG;import;qa_ok_importar_found;true;5;16V4000M61, 16V4000M73L, 16V4000M90, 20V4000M93L;RB-16V4000M61-000608, RB-16V4000M73L-002139, RB-16V4000M73L-010919, RB-16V4000M90-000554, RB-20V4000M93L-004215;108, 302, 1552, 113, 1596;"{""total_rows"":5,""count_ok_importar"":5,""count_ok_eliminar"":0,""count_pending"":0,""count_review_action"":0,""count_other"":0}";import;qa_ok_importar_found
X00038564;ELBOW;;12.870 kg;import;qa_ok_importar_found;true;16;12V4000M53, 16V4000M73, 16V4000M73L, 20V4000M93, 20V4000M93L;RB-12V4000M53-002053, RB-12V4000M53-005184, RB-16V4000M73-001884, RB-16V4000M73-005078, RB-16V4000M73-008284, RB-16V4000M73-011484, RB-16V4000M73L-001933, RB-16V4000M73L-005264, RB-16V4000M73L-007752, RB-16V4000M73L-010258, RB-20V4000M93-002224, RB-20V4000M93-005937, RB-20V4000M93-009650, RB-20V4000M93-013363, RB-20V4000M93L-002220, RB-20V4000M93L-005850;247, 602, 248, 957, 1311, 260, 746, 1091, 1427, 268, 664, 1060, 1456, 1371, 1751;"{""total_rows"":16,""count_ok_importar"":16,""count_ok_eliminar"":0,""count_pending"":0,""count_review_action"":0,""count_other"":0}";import;qa_ok_importar_found
X00038945;PRESSURE SENSOR;M14X1,5,DICHTKEGEL,SW=27,;0,117 G;import;qa_ok_importar_found;true;4;12V4000M40A, 16V4000M61, 16V4000M90;RB-12V4000M40A-002270, RB-16V4000M61-002085, RB-16V4000M61-005021, RB-16V4000M90-002123;345, 337, 806, 302;"{""total_rows"":4,""count_ok_importar"":4,""count_ok_eliminar"":0,""count_pending"":0,""count_review_action"":0,""count_other"":0}";import;qa_ok_importar_found
X00039514;EXHAUST TURBOCHARGER RIGHT SIDE;;76,200 KG;import;qa_ok_importar_found;true;1;12V4000M40A;RB-12V4000M40A-000668;120;"{""total_rows"":1,""count_ok_importar"":1,""count_ok_eliminar"":0,""count_pending"":0,""count_review_action"":0,""count_other"":0}";import;qa_ok_importar_found
X00039517;EXHAUST TURBOCHARGER LEFT SIDE;;64,400 KG;import;qa_ok_importar_found;true;1;12V4000M40A;RB-12V4000M40A-000724;126;"{""total_rows"":1,""count_ok_importar"":1,""count_ok_eliminar"":0,""count_pending"":0,""count_review_action"":0,""count_other"":0}";import;qa_ok_importar_found
X00039766;TUBE OIL MARINE;;0.47 KGM;import;qa_ok_importar_found;true;21;12V4000M40A, 12V4000M53, 12V4000M70, 16V4000M61, 16V4000M73, 16V4000M73L, 20V4000M93, 20V4000M93L;RB-12V4000M40A-001396, RB-12V4000M53-001718, RB-12V4000M53-004849, RB-12V4000M70-001629, RB-12V4000M70-004133, RB-16V4000M61-001379, RB-16V4000M61-004455, RB-16V4000M73-001856, RB-16V4000M73-005050, RB-16V4000M73-008256, RB-16V4000M73-011456, RB-16V4000M73L-001580, RB-16V4000M73L-004911, RB-16V4000M73L-007399, RB-16V4000M73L-009905, RB-20V4000M93-002184, RB-20V4000M93-005897, RB-20V4000M93-009610, RB-20V4000M93-013323, RB-20V4000M93L-002170, RB-20V4000M93L-005800;224, 223, 578, 236, 573, 214, 716, 241, 595, 950, 1304, 229, 715, 1060, 1397, 259, 655, 1051, 1447, 1364, 1744;"{""total_rows"":21,""count_ok_importar"":21,""count_ok_eliminar"":0,""count_pending"":0,""count_review_action"":0,""count_other"":0}";import;qa_ok_importar_found
X00039852;FILTER HEAD FOR FUEL FILTER;;14,100 KG;import;qa_ok_importar_found;true;6;12V4000M40A, 12V4000M70, 16V4000M61, 16V4000M90;RB-12V4000M40A-000629, RB-12V4000M70-000659, RB-12V4000M70-003218, RB-16V4000M61-000575, RB-16V4000M61-003686, RB-16V4000M90-000753;107, 116, 455, 98, 605, 123;"{""total_rows"":6,""count_ok_importar"":6,""count_ok_eliminar"":0,""count_pending"":0,""count_review_action"":0,""count_other"":0}";import;qa_ok_importar_found
X00040054/42;CONROD ASM;;9,770 KG;import;qa_ok_importar_found;true;2;12V4000M40A, 16V4000M90;RB-12V4000M40A-000325, RB-16V4000M90-000357;60, 70;"{""total_rows"":2,""count_ok_importar"":2,""count_ok_eliminar"":0,""count_pending"":0,""count_review_action"":0,""count_other"":0}";import;qa_ok_importar_found
X00040625;COVER FOR SOLAS;;7,000 g;import;qa_ok_importar_found;true;8;12V4000M40A, 12V4000M53, 12V4000M70, 16V4000M61, 16V4000M90;RB-12V4000M40A-001186, RB-12V4000M53-001364, RB-12V4000M53-004495, RB-12V4000M70-001443, RB-12V4000M70-003947, RB-16V4000M61-001243, RB-16V4000M61-004319, RB-16V4000M90-001304;198, 191, 546, 212, 549, 195, 697, 190;"{""total_rows"":8,""count_ok_importar"":8,""count_ok_eliminar"":0,""count_pending"":0,""count_review_action"":0,""count_other"":0}";import;qa_ok_importar_found
X00040708;BUSHING;;325.200 g;import;qa_ok_importar_found;true;17;16V4000M73, 16V4000M73L, 20V4000M93, 20V4000M93L;RB-16V4000M73-000977, RB-16V4000M73-004171, RB-16V4000M73-007365, RB-16V4000M73-010571, RB-16V4000M73L-000824, RB-16V4000M73L-004154, RB-16V4000M73L-006642, RB-16V4000M73L-009151, RB-20V4000M93-001014, RB-20V4000M93-001072, RB-20V4000M93-001130, RB-20V4000M93L-000943, RB-20V4000M93L-001003, RB-20V4000M93L-001063, RB-20V4000M93L-004514, RB-20V4000M93L-004574, RB-20V4000M93L-004634;147, 501, 855, 1210, 133, 618, 963, 1305, 150, 153, 1245, 1248, 1251, 1622, 1625, 1628;"{""total_rows"":17,""count_ok_importar"":17,""count_ok_eliminar"":0,""count_pending"":0,""count_review_action"":0,""count_other"":0}";import;qa_ok_importar_found
X00040711;BUSHING;;203.500 g;import;qa_ok_importar_found;true;17;16V4000M73, 16V4000M73L, 20V4000M93, 20V4000M93L;RB-16V4000M73-000976, RB-16V4000M73-004170, RB-16V4000M73-007364, RB-16V4000M73-010570, RB-16V4000M73L-000823, RB-16V4000M73L-004153, RB-16V4000M73L-006641, RB-16V4000M73L-009150, RB-20V4000M93-001013, RB-20V4000M93-001071, RB-20V4000M93-001129, RB-20V4000M93L-000942, RB-20V4000M93L-001002, RB-20V4000M93L-001062, RB-20V4000M93L-004513, RB-20V4000M93L-004573, RB-20V4000M93L-004633;147, 501, 855, 1210, 133, 618, 963, 1305, 150, 153, 1245, 1248, 1251, 1622, 1625, 1628;"{""total_rows"":17,""count_ok_importar"":17,""count_ok_eliminar"":0,""count_pending"":0,""count_review_action"":0,""count_other"":0}";import;qa_ok_importar_found
X00040714;CONROD BEARING SIZE 0-0;;260.000 g;import;qa_ok_importar_found;true;18;12V4000M40A, 12V4000M70, 16V4000M61, 16V4000M73, 16V4000M73L, 16V4000M90, 20V4000M93, 20V4000M93L;RB-12V4000M40A-000327, RB-12V4000M70-000362, RB-12V4000M70-002921, RB-16V4000M61-000333, RB-16V4000M61-003443, RB-16V4000M73-000430, RB-16V4000M73-003624, RB-16V4000M73-006818, RB-16V4000M73-010024, RB-16V4000M73L-000361, RB-16V4000M73L-003691, RB-16V4000M73L-006179, RB-16V4000M73L-008688, RB-16V4000M90-000359, RB-20V4000M93-000441, RB-20V4000M93-004154, RB-20V4000M93L-000432, RB-20V4000M93L-003966;60, 75, 414, 59, 566, 76, 430, 784, 1139, 63, 548, 893, 1236, 70, 74, 470, 1174, 1547;"{""total_rows"":18,""count_ok_importar"":18,""count_ok_eliminar"":0,""count_pending"":0,""count_review_action"":0,""count_other"":0}";import;qa_ok_importar_found
X00040715;CONROD BEARING SIZE 0-1;;260.000 g;import;qa_ok_importar_found;true;18;12V4000M40A, 12V4000M70, 16V4000M61, 16V4000M73, 16V4000M73L, 16V4000M90, 20V4000M93, 20V4000M93L;RB-12V4000M40A-000331, RB-12V4000M70-000366, RB-12V4000M70-002925, RB-16V4000M61-000337, RB-16V4000M61-003447, RB-16V4000M73-000434, RB-16V4000M73-003628, RB-16V4000M73-006822, RB-16V4000M73-010028, RB-16V4000M73L-000365, RB-16V4000M73L-003695, RB-16V4000M73L-006183, RB-16V4000M73L-008692, RB-16V4000M90-000363, RB-20V4000M93-000445, RB-20V4000M93-004158, RB-20V4000M93L-000436, RB-20V4000M93L-003970;60, 75, 414, 59, 566, 76, 430, 784, 1139, 63, 548, 893, 1236, 70, 74, 470, 1174, 1547;"{""total_rows"":18,""count_ok_importar"":18,""count_ok_eliminar"":0,""count_pending"":0,""count_review_action"":0,""count_other"":0}";import;qa_ok_importar_found
X00040717;CONROD BEARING SIZE 0-2;;0.275 KGM;import;qa_ok_importar_found;true;18;12V4000M40A, 12V4000M70, 16V4000M61, 16V4000M73, 16V4000M73L, 16V4000M90, 20V4000M93, 20V4000M93L;RB-12V4000M40A-000332, RB-12V4000M70-000367, RB-12V4000M70-002926, RB-16V4000M61-000338, RB-16V4000M61-003448, RB-16V4000M73-000435, RB-16V4000M73-003629, RB-16V4000M73-006823, RB-16V4000M73-010029, RB-16V4000M73L-000366, RB-16V4000M73L-003696, RB-16V4000M73L-006184, RB-16V4000M73L-008693, RB-16V4000M90-000364, RB-20V4000M93-000446, RB-20V4000M93-004159, RB-20V4000M93L-000437, RB-20V4000M93L-003971;60, 75, 414, 59, 566, 76, 430, 784, 1139, 63, 548, 893, 1236, 70, 74, 470, 1174, 1547;"{""total_rows"":18,""count_ok_importar"":18,""count_ok_eliminar"":0,""count_pending"":0,""count_review_action"":0,""count_other"":0}";import;qa_ok_importar_found
X00040718;CONROD BEARING SIZE 0-3;;0.275 kg;import;qa_ok_importar_found;true;18;12V4000M40A, 12V4000M70, 16V4000M61, 16V4000M73, 16V4000M73L, 16V4000M90, 20V4000M93, 20V4000M93L;RB-12V4000M40A-000333, RB-12V4000M70-000368, RB-12V4000M70-002927, RB-16V4000M61-000339, RB-16V4000M61-003449, RB-16V4000M73-000436, RB-16V4000M73-003630, RB-16V4000M73-006824, RB-16V4000M73-010030, RB-16V4000M73L-000367, RB-16V4000M73L-003697, RB-16V4000M73L-006185, RB-16V4000M73L-008694, RB-16V4000M90-000365, RB-20V4000M93-000447, RB-20V4000M93-004160, RB-20V4000M93L-000438, RB-20V4000M93L-003972;60, 75, 414, 59, 566, 76, 430, 784, 1139, 63, 548, 893, 1236, 70, 74, 470, 1174, 1547;"{""total_rows"":18,""count_ok_importar"":18,""count_ok_eliminar"":0,""count_pending"":0,""count_review_action"":0,""count_other"":0}";import;qa_ok_importar_found
X00040978;FUEL DELIVERY PUMP;;5.700 kg;import;qa_ok_importar_found;true;16;12V4000M53, 16V4000M73, 16V4000M73L, 20V4000M93, 20V4000M93L;RB-12V4000M53-000810, RB-12V4000M53-003941, RB-16V4000M73-000612, RB-16V4000M73-003806, RB-16V4000M73-007000, RB-16V4000M73-010206, RB-16V4000M73L-000530, RB-16V4000M73L-003860, RB-16V4000M73L-006348, RB-16V4000M73L-008857, RB-20V4000M93-000652, RB-20V4000M93-004365, RB-20V4000M93-008078, RB-20V4000M93-011791, RB-20V4000M93L-000604, RB-20V4000M93L-004138;115, 470, 113, 467, 821, 1176, 103, 588, 933, 1276, 509, 905, 1301, 1213, 1586;"{""total_rows"":16,""count_ok_importar"":16,""count_ok_eliminar"":0,""count_pending"":0,""count_review_action"":0,""count_other"":0}";import;qa_ok_importar_found
X00041391;ACTUATOR VLV;;1.900 kg;import;qa_ok_importar_found;true;40;12V4000M40A, 12V4000M70, 16V4000M61, 16V4000M73, 16V4000M73L, 16V4000M90, 20V4000M93, 20V4000M93L;RB-12V4000M40A-000845, RB-12V4000M40A-000873, RB-12V4000M70-001012, RB-12V4000M70-001134, RB-12V4000M70-003571, RB-12V4000M70-003693, RB-16V4000M61-000896, RB-16V4000M61-000916, RB-16V4000M61-003971, RB-16V4000M61-003991, RB-16V4000M73-001115, RB-16V4000M73-001473, RB-16V4000M73-004309, RB-16V4000M73-004667, RB-16V4000M73-007503, RB-16V4000M73-007873, RB-16V4000M73-010709, RB-16V4000M73-011079, RB-16V4000M73L-000954, RB-16V4000M73L-001310, RB-16V4000M73L-004285, RB-16V4000M73L-004641, RB-16V4000M73L-006773, RB-16V4000M73L-007129, RB-16V4000M73L-009279, RB-16V4000M73L-009635, RB-16V4000M90-001019, RB-16V4000M90-001050, RB-20V4000M93-001280, RB-20V4000M93-001486, RB-20V4000M93-004993, RB-20V4000M93-005199, RB-20V4000M93-008706, RB-20V4000M93-008912, RB-20V4000M93-012419, RB-20V4000M93-012625, RB-20V4000M93L-001213, RB-20V4000M93L-001419, RB-20V4000M93L-004784, RB-20V4000M93L-004990;143, 152, 162, 178, 501, 517, 149, 154, 653, 658, 167, 205, 521, 559, 875, 914, 1230, 1269, 153, 198, 639, 684, 984, 1029, 1325, 1367, 175, 191, 571, 587, 967, 983, 1363, 1379, 1273, 1288, 1650, 1665;"{""total_rows"":40,""count_ok_importar"":40,""count_ok_eliminar"":0,""count_pending"":0,""count_review_action"":0,""count_other"":0}";import;qa_ok_importar_found
X00042197;INLET VALVE;;335.800 g;import;qa_ok_importar_found;true;20;12V4000M53, 12V4000M70, 16V4000M61, 16V4000M73, 16V4000M73L, 20V4000M93, 20V4000M93L;RB-12V4000M53-000433, RB-12V4000M53-003564, RB-12V4000M70-000387, RB-12V4000M70-002946, RB-16V4000M61-000353, RB-16V4000M61-003463, RB-16V4000M73-000453, RB-16V4000M73-003647, RB-16V4000M73-006841, RB-16V4000M73-010047, RB-16V4000M73L-000383, RB-16V4000M73L-003713, RB-16V4000M73L-006201, RB-16V4000M73L-008710, RB-20V4000M93-000464, RB-20V4000M93-004177, RB-20V4000M93-007890, RB-20V4000M93-011603, RB-20V4000M93L-000451, RB-20V4000M93L-003985;74, 429, 79, 418, 63, 570, 81, 435, 789, 1144, 68, 553, 898, 1241, 78, 474, 870, 1266, 1179, 1552;"{""total_rows"":20,""count_ok_importar"":20,""count_ok_eliminar"":0,""count_pending"":0,""count_review_action"":0,""count_other"":0}";import;qa_ok_importar_found
X00042421;FUEL FILTER SPIN-ON;;1.377 kg;import;qa_ok_importar_found;true;14;16V4000M73, 16V4000M73L, 20V4000M93, 20V4000M93L;RB-16V4000M73-000691, RB-16V4000M73-003885, RB-16V4000M73-007079, RB-16V4000M73-010285, RB-16V4000M73L-000582, RB-16V4000M73L-003912, RB-16V4000M73L-006400, RB-16V4000M73L-008909, RB-20V4000M93-000731, RB-20V4000M93-004444, RB-20V4000M93-008157, RB-20V4000M93-011870, RB-20V4000M93L-000680, RB-20V4000M93L-004251;121, 475, 829, 1184, 110, 595, 940, 1283, 517, 913, 1309, 1221, 1598;"{""total_rows"":14,""count_ok_importar"":14,""count_ok_eliminar"":0,""count_pending"":0,""count_review_action"":0,""count_other"":0}";import;qa_ok_importar_found
X00042495;SEAWATER ELBOW F/GRBOX OIL COOLING;;3.165 kg;import;qa_ok_importar_found;true;2;20V4000M93L;RB-20V4000M93L-002782, RB-20V4000M93L-006412;1406, 1786;"{""total_rows"":2,""count_ok_importar"":2,""count_ok_eliminar"":0,""count_pending"":0,""count_review_action"":0,""count_other"":0}";import;qa_ok_importar_found
X00042702;VALVE;;0.2 KGM;import;qa_ok_importar_found;true;3;12V4000M40A, 16V4000M61;RB-12V4000M40A-000987, RB-16V4000M61-001042, RB-16V4000M61-004117;171, 174, 677;"{""total_rows"":3,""count_ok_importar"":3,""count_ok_eliminar"":0,""count_pending"":0,""count_review_action"":0,""count_other"":0}";import;qa_ok_importar_found
X00043025;CHARGE-AIR LINE END MEMBER, RIGHT;;7.700 kg;import;qa_ok_importar_found;true;10;16V4000M73, 16V4000M73L, 20V4000M93L;RB-16V4000M73-001158, RB-16V4000M73-004352, RB-16V4000M73-007546, RB-16V4000M73-010752, RB-16V4000M73L-000993, RB-16V4000M73L-004324, RB-16V4000M73L-006812, RB-16V4000M73L-009318, RB-20V4000M93L-001257, RB-20V4000M93L-004828;173, 527, 881, 1236, 159, 645, 990, 1331, 1279, 1656;"{""total_rows"":10,""count_ok_importar"":10,""count_ok_eliminar"":0,""count_pending"":0,""count_review_action"":0,""count_other"":0}";import;qa_ok_importar_found
X00044892;PARTITION PLATE;;7.660 kg;import;qa_ok_importar_found;true;10;16V4000M73, 16V4000M73L, 20V4000M93L;RB-16V4000M73-002341, RB-16V4000M73-005535, RB-16V4000M73-008741, RB-16V4000M73-011941, RB-16V4000M73L-001677, RB-16V4000M73L-005008, RB-16V4000M73L-007496, RB-16V4000M73L-010002, RB-20V4000M93L-002781, RB-20V4000M93L-006411;279, 633, 988, 1342, 240, 726, 1071, 1407, 1404, 1784;"{""total_rows"":10,""count_ok_importar"":10,""count_ok_eliminar"":0,""count_pending"":0,""count_review_action"":0,""count_other"":0}";import;qa_ok_importar_found
X52401100007/87;SAFETY VALVE WITH TEST CERT. 3.1;;3.600 kg;import;qa_ok_importar_found;true;6;20V4000M93L;RB-20V4000M93L-000008, RB-20V4000M93L-000015, RB-20V4000M93L-000022, RB-20V4000M93L-003542, RB-20V4000M93L-003549, RB-20V4000M93L-003556;1123, 1496;"{""total_rows"":6,""count_ok_importar"":6,""count_ok_eliminar"":0,""count_pending"":0,""count_review_action"":0,""count_other"":0}";import;qa_ok_importar_found
X52403500004;CAMSHAFT GEAR;;20.120 kg;import;qa_ok_importar_found;true;8;16V4000M73, 16V4000M73L;RB-16V4000M73-000481, RB-16V4000M73-003675, RB-16V4000M73-006869, RB-16V4000M73-010075, RB-16V4000M73L-000405, RB-16V4000M73L-003735, RB-16V4000M73L-006223, RB-16V4000M73L-008732;87, 441, 795, 1150, 74, 559, 904, 1247;"{""total_rows"":8,""count_ok_importar"":8,""count_ok_eliminar"":0,""count_pending"":0,""count_review_action"":0,""count_other"":0}";import;qa_ok_importar_found
X52404100028;CYLINDER HEAD W.VALVE + SEAT RING;;52,400 KG;import;qa_ok_importar_found;true;2;16V4000M61;RB-16V4000M61-000344, RB-16V4000M61-003454;62, 569;"{""total_rows"":2,""count_ok_importar"":2,""count_ok_eliminar"":0,""count_pending"":0,""count_review_action"":0,""count_other"":0}";import;qa_ok_importar_found
X52404100033;CYLINDER HEAD W.VALVE + SEAT RING;;53.211 kg;import;qa_ok_importar_found;true;1;20V4000M93L;RB-20V4000M93L-000444;1178;"{""total_rows"":1,""count_ok_importar"":1,""count_ok_eliminar"":0,""count_pending"":0,""count_review_action"":0,""count_other"":0}";import;qa_ok_importar_found
X52404100108;VALVE SPRING INNER;;0.064 KGM;import;qa_ok_importar_found;true;4;16V4000M73;RB-16V4000M73-000455, RB-16V4000M73-003649, RB-16V4000M73-006843, RB-16V4000M73-010049;81, 435, 789, 1144;"{""total_rows"":4,""count_ok_importar"":4,""count_ok_eliminar"":0,""count_pending"":0,""count_review_action"":0,""count_other"":0}";import;qa_ok_importar_found
X52404100139;CYLINDER HEAD W.VALVE + SEAT RING;;53 KG;import;qa_ok_importar_found;true;4;16V4000M73L;RB-16V4000M73L-000375, RB-16V4000M73L-003705, RB-16V4000M73L-006193, RB-16V4000M73L-008702;67, 552, 897, 1240;"{""total_rows"":4,""count_ok_importar"":4,""count_ok_eliminar"":0,""count_pending"":0,""count_review_action"":0,""count_other"":0}";import;qa_ok_importar_found
X52404100143;VALVE GUIDE INSERT;D 19.3R6 / D10.6+0.05;0.137 KGM;import;qa_ok_importar_found;true;2;12V4000M53;RB-12V4000M53-000459, RB-12V4000M53-003590;76, 431;"{""total_rows"":2,""count_ok_importar"":2,""count_ok_eliminar"":0,""count_pending"":0,""count_review_action"":0,""count_other"":0}";import;qa_ok_importar_found
X52404100144;CYLINDER HEAD W/VALVE GUIDES;;49,000 kg;import;qa_ok_importar_found;true;2;12V4000M70;RB-12V4000M70-000385, RB-12V4000M70-002944;79, 418;"{""total_rows"":2,""count_ok_importar"":2,""count_ok_eliminar"":0,""count_pending"":0,""count_review_action"":0,""count_other"":0}";import;qa_ok_importar_found
X52404100178;CYLINDER HEAD W/VALVES;;53.000 kg;import;qa_ok_importar_found;true;4;16V4000M73;RB-16V4000M73-000444, RB-16V4000M73-003638, RB-16V4000M73-006832, RB-16V4000M73-010038;80, 434, 788, 1143;"{""total_rows"":4,""count_ok_importar"":4,""count_ok_eliminar"":0,""count_pending"":0,""count_review_action"":0,""count_other"":0}";import;qa_ok_importar_found
X52404100205;CYL.HEAD WITH VALVES;;53.000 kg;import;qa_ok_importar_found;true;4;20V4000M93;RB-20V4000M93-000455, RB-20V4000M93-004168, RB-20V4000M93-007881, RB-20V4000M93-011594;77, 473, 869, 1265;"{""total_rows"":4,""count_ok_importar"":4,""count_ok_eliminar"":0,""count_pending"":0,""count_review_action"":0,""count_other"":0}";import;qa_ok_importar_found
X52404100209;CYL.HEAD WITH VALVES;MIT LECKAGEBOHRUNG;53,300 kg;import;qa_ok_importar_found;true;2;12V4000M53;RB-12V4000M53-000424, RB-12V4000M53-003555;73, 428;"{""total_rows"":2,""count_ok_importar"":2,""count_ok_eliminar"":0,""count_pending"":0,""count_review_action"":0,""count_other"":0}";import;qa_ok_importar_found
X52404200035;GASKET FOR CYLINDER HEAD;;119.800 g;import;qa_ok_importar_found;true;8;16V4000M73, 16V4000M73L;RB-16V4000M73-000446, RB-16V4000M73-003640, RB-16V4000M73-006834, RB-16V4000M73-010040, RB-16V4000M73L-000377, RB-16V4000M73L-003707, RB-16V4000M73L-006195, RB-16V4000M73L-008704;80, 434, 788, 1143, 67, 552, 897, 1240;"{""total_rows"":8,""count_ok_importar"":8,""count_ok_eliminar"":0,""count_pending"":0,""count_review_action"":0,""count_other"":0}";import;qa_ok_importar_found
X52405200015;THRUST MEMBER FOR ROCKER ARM;;75,000 g;import;qa_ok_importar_found;true;16;12V4000M53, 12V4000M70, 20V4000M93;RB-12V4000M53-000504, RB-12V4000M53-000509, RB-12V4000M53-003635, RB-12V4000M53-003640, RB-12V4000M70-000445, RB-12V4000M70-000450, RB-12V4000M70-003004, RB-12V4000M70-003009, RB-20V4000M93-000536, RB-20V4000M93-000541, RB-20V4000M93-004249, RB-20V4000M93-004254, RB-20V4000M93-007962, RB-20V4000M93-007967, RB-20V4000M93-011675, RB-20V4000M93-011680;89, 90, 444, 445, 92, 93, 431, 432, 94, 489, 490, 885, 886, 1281, 1282;"{""total_rows"":16,""count_ok_importar"":16,""count_ok_eliminar"":0,""count_pending"":0,""count_review_action"":0,""count_other"":0}";import;qa_ok_importar_found
X52405200018;CAMSHAFT GEAR;;19,400 kg;import;qa_ok_importar_found;true;2;12V4000M53;RB-12V4000M53-000465, RB-12V4000M53-003596;80, 435;"{""total_rows"":2,""count_ok_importar"":2,""count_ok_eliminar"":0,""count_pending"":0,""count_review_action"":0,""count_other"":0}";import;qa_ok_importar_found
X52405200030;CAMSHAFT GEAR;;20.400 kg;import;qa_ok_importar_found;true;4;20V4000M93;RB-20V4000M93-000498, RB-20V4000M93-004211, RB-20V4000M93-007924, RB-20V4000M93-011637;84, 480, 876, 1272;"{""total_rows"":4,""count_ok_importar"":4,""count_ok_eliminar"":0,""count_pending"":0,""count_review_action"":0,""count_other"":0}";import;qa_ok_importar_found
X52405500011;ADJUSTING SCREW;;70.400 g;import;qa_ok_importar_found;true;20;16V4000M73, 16V4000M73L, 20V4000M93L;RB-16V4000M73-000517, RB-16V4000M73-000522, RB-16V4000M73-003711, RB-16V4000M73-003716, RB-16V4000M73-006905, RB-16V4000M73-006910, RB-16V4000M73-010111, RB-16V4000M73-010116, RB-16V4000M73L-000445, RB-16V4000M73L-000450, RB-16V4000M73L-003775, RB-16V4000M73L-003780, RB-16V4000M73L-006263, RB-16V4000M73L-006268, RB-16V4000M73L-008772, RB-16V4000M73L-008777, RB-20V4000M93L-000513, RB-20V4000M93L-000518, RB-20V4000M93L-004047, RB-20V4000M93L-004052;95, 96, 449, 450, 803, 804, 1158, 1159, 82, 83, 567, 568, 912, 913, 1255, 1256, 1193, 1194, 1566, 1567;"{""total_rows"":20,""count_ok_importar"":20,""count_ok_eliminar"":0,""count_pending"":0,""count_review_action"":0,""count_other"":0}";import;qa_ok_importar_found
X52405500012;ROCKER ARM;;6.590 kg;import;qa_ok_importar_found;true;10;16V4000M73, 16V4000M73L, 20V4000M93L;RB-16V4000M73-000488, RB-16V4000M73-003682, RB-16V4000M73-006876, RB-16V4000M73-010082, RB-16V4000M73L-000412, RB-16V4000M73L-003742, RB-16V4000M73L-006230, RB-16V4000M73L-008739, RB-20V4000M93L-000482, RB-20V4000M93L-004016;89, 443, 797, 1152, 76, 561, 906, 1249, 1187, 1560;"{""total_rows"":10,""count_ok_importar"":10,""count_ok_eliminar"":0,""count_pending"":0,""count_review_action"":0,""count_other"":0}";import;qa_ok_importar_found
X52405500013;ROCKER ARM INLET;;3.060 kg;import;qa_ok_importar_found;true;10;16V4000M73, 16V4000M73L, 20V4000M93L;RB-16V4000M73-000504, RB-16V4000M73-003698, RB-16V4000M73-006892, RB-16V4000M73-010098, RB-16V4000M73L-000432, RB-16V4000M73L-003762, RB-16V4000M73L-006250, RB-16V4000M73L-008759, RB-20V4000M93L-000500, RB-20V4000M93L-004034;93, 447, 801, 1156, 80, 565, 910, 1253, 1191, 1564;"{""total_rows"":10,""count_ok_importar"":10,""count_ok_eliminar"":0,""count_pending"":0,""count_review_action"":0,""count_other"":0}";import;qa_ok_importar_found
X52405500014;ROCKER ARM EXHAUST;;1.340 kg;import;qa_ok_importar_found;true;10;16V4000M73, 16V4000M73L, 20V4000M93L;RB-16V4000M73-000505, RB-16V4000M73-003699, RB-16V4000M73-006893, RB-16V4000M73-010099, RB-16V4000M73L-000433, RB-16V4000M73L-003763, RB-16V4000M73L-006251, RB-16V4000M73L-008760, RB-20V4000M93L-000501, RB-20V4000M93L-004035;93, 447, 801, 1156, 80, 565, 910, 1253, 1191, 1564;"{""total_rows"":10,""count_ok_importar"":10,""count_ok_eliminar"":0,""count_pending"":0,""count_review_action"":0,""count_other"":0}";import;qa_ok_importar_found
X52405500123;ROCKER ARM EXHAUST;;1,356 kg;import;qa_ok_importar_found;true;8;12V4000M53, 12V4000M70, 20V4000M93;RB-12V4000M53-000493, RB-12V4000M53-003624, RB-12V4000M70-000434, RB-12V4000M70-002993, RB-20V4000M93-000525, RB-20V4000M93-004238, RB-20V4000M93-007951, RB-20V4000M93-011664;87, 442, 90, 429, 91, 487, 883, 1279;"{""total_rows"":8,""count_ok_importar"":8,""count_ok_eliminar"":0,""count_pending"":0,""count_review_action"":0,""count_other"":0}";import;qa_ok_importar_found
X52405500124;ROCKER ARM INLET;;1,393 kg;import;qa_ok_importar_found;true;8;12V4000M53, 12V4000M70, 20V4000M93;RB-12V4000M53-000492, RB-12V4000M53-003623, RB-12V4000M70-000433, RB-12V4000M70-002992, RB-20V4000M93-000524, RB-20V4000M93-004237, RB-20V4000M93-007950, RB-20V4000M93-011663;87, 442, 90, 429, 91, 487, 883, 1279;"{""total_rows"":8,""count_ok_importar"":8,""count_ok_eliminar"":0,""count_pending"":0,""count_review_action"":0,""count_other"":0}";import;qa_ok_importar_found
X52405500130;CYLINDER HEAD COVER;;2.400 kg;import;qa_ok_importar_found;true;10;12V4000M53, 16V4000M73, 20V4000M93;RB-12V4000M53-000512, RB-12V4000M53-003643, RB-16V4000M73-000524, RB-16V4000M73-003718, RB-16V4000M73-006912, RB-16V4000M73-010118, RB-20V4000M93-000544, RB-20V4000M93-004257, RB-20V4000M93-007970, RB-20V4000M93-011683;91, 446, 97, 451, 805, 1160, 95, 491, 887, 1283;"{""total_rows"":10,""count_ok_importar"":10,""count_ok_eliminar"":0,""count_pending"":0,""count_review_action"":0,""count_other"":0}";import;qa_ok_importar_found
X52405500135;VALVE BRIDGE;;275,800 g;import;qa_ok_importar_found;true;8;12V4000M53, 12V4000M70, 20V4000M93;RB-12V4000M53-000477, RB-12V4000M53-003608, RB-12V4000M70-000418, RB-12V4000M70-002977, RB-20V4000M93-000509, RB-20V4000M93-004222, RB-20V4000M93-007935, RB-20V4000M93-011648;83, 438, 86, 425, 87, 483, 879, 1275;"{""total_rows"":8,""count_ok_importar"":8,""count_ok_eliminar"":0,""count_pending"":0,""count_review_action"":0,""count_other"":0}";import;qa_ok_importar_found
X52405500145;ROCKER ARM;;6,560 kg;import;qa_ok_importar_found;true;8;12V4000M53, 12V4000M70, 20V4000M93;RB-12V4000M53-000476, RB-12V4000M53-003607, RB-12V4000M70-000417, RB-12V4000M70-002976, RB-20V4000M93-000508, RB-20V4000M93-004221, RB-20V4000M93-007934, RB-20V4000M93-011647;83, 438, 86, 425, 87, 483, 879, 1275;"{""total_rows"":8,""count_ok_importar"":8,""count_ok_eliminar"":0,""count_pending"":0,""count_review_action"":0,""count_other"":0}";import;qa_ok_importar_found
X52405500146;ROCKER SHAFT SUPPORT;;3,523 kg;import;qa_ok_importar_found;true;8;12V4000M53, 12V4000M70, 20V4000M93;RB-12V4000M53-000491, RB-12V4000M53-003622, RB-12V4000M70-000432, RB-12V4000M70-002991, RB-20V4000M93-000523, RB-20V4000M93-004236, RB-20V4000M93-007949, RB-20V4000M93-011662;87, 442, 90, 429, 91, 487, 883, 1279;"{""total_rows"":8,""count_ok_importar"":8,""count_ok_eliminar"":0,""count_pending"":0,""count_review_action"":0,""count_other"":0}";import;qa_ok_importar_found
X52407500023;INJECTOR;;2 KG;import;qa_ok_importar_found;true;2;16V4000M61;RB-16V4000M61-000446, RB-16V4000M61-003557;87, 594;"{""total_rows"":2,""count_ok_importar"":2,""count_ok_eliminar"":0,""count_pending"":0,""count_review_action"":0,""count_other"":0}";import;qa_ok_importar_found
X52407500024;INJECTOR;;1.900 kg;import;qa_ok_importar_found;true;1;16V4000M90;RB-16V4000M90-000470;98;"{""total_rows"":1,""count_ok_importar"":1,""count_ok_eliminar"":0,""count_pending"":0,""count_review_action"":0,""count_other"":0}";import;qa_ok_importar_found
X52407500039;INJECTOR;;1,900 kg;import;qa_ok_importar_found;true;2;12V4000M70;RB-12V4000M70-000477, RB-12V4000M70-003036;102, 441;"{""total_rows"":2,""count_ok_importar"":2,""count_ok_eliminar"":0,""count_pending"":0,""count_review_action"":0,""count_other"":0}";import;qa_ok_importar_found
X52408100002;LINK;;51.700 g;import;qa_ok_importar_found;true;14;12V4000M40A, 16V4000M61, 16V4000M73, 16V4000M73L, 16V4000M90, 20V4000M93L;RB-12V4000M40A-000550, RB-16V4000M61-000496, RB-16V4000M61-003607, RB-16V4000M73-000613, RB-16V4000M73-003807, RB-16V4000M73-007001, RB-16V4000M73-010207, RB-16V4000M73L-000531, RB-16V4000M73L-003861, RB-16V4000M73L-006349, RB-16V4000M73L-008858, RB-16V4000M90-000605, RB-20V4000M93L-000605, RB-20V4000M93L-004139;104, 95, 602, 113, 467, 821, 1176, 103, 588, 933, 1276, 119, 1213, 1586;"{""total_rows"":14,""count_ok_importar"":14,""count_ok_eliminar"":0,""count_pending"":0,""count_review_action"":0,""count_other"":0}";import;qa_ok_importar_found
X52408100009;FUEL PRIMING PUMP;;1.610,200;import;qa_ok_importar_found;true;2;12V4000M53;RB-12V4000M53-000828, RB-12V4000M53-003959;122, 477;"{""total_rows"":2,""count_ok_importar"":2,""count_ok_eliminar"":0,""count_pending"":0,""count_review_action"":0,""count_other"":0}";import;qa_ok_importar_found
X52408200010;FUEL LINE TO PLATE-CORE COOLE;;0.2 KGM;import;qa_ok_importar_found;true;14;16V4000M73, 16V4000M73L, 20V4000M93, 20V4000M93L;RB-16V4000M73-000810, RB-16V4000M73-004004, RB-16V4000M73-007198, RB-16V4000M73-010404, RB-16V4000M73L-000668, RB-16V4000M73L-003998, RB-16V4000M73L-006486, RB-16V4000M73L-008995, RB-20V4000M93-000837, RB-20V4000M93-004550, RB-20V4000M93-008263, RB-20V4000M93-011976, RB-20V4000M93L-000783, RB-20V4000M93L-004354;132, 486, 840, 1195, 117, 602, 947, 1290, 131, 527, 923, 1319, 1231, 1608;"{""total_rows"":14,""count_ok_importar"":14,""count_ok_eliminar"":0,""count_pending"":0,""count_review_action"":0,""count_other"":0}";import;qa_ok_importar_found
X52408300004;COLLECTING TROUGH;;3,560 KG;import;qa_ok_importar_found;true;1;12V4000M40A;RB-12V4000M40A-000585;105;"{""total_rows"":1,""count_ok_importar"":1,""count_ok_eliminar"":0,""count_pending"":0,""count_review_action"":0,""count_other"":0}";import;qa_ok_importar_found
X52417200010;STARTER;;28,375 kg;import;qa_ok_importar_found;true;2;12V4000M53;RB-12V4000M53-001313, RB-12V4000M53-004444;180, 535;"{""total_rows"":2,""count_ok_importar"":2,""count_ok_eliminar"":0,""count_pending"":0,""count_review_action"":0,""count_other"":0}";import;qa_ok_importar_found
X52417200011;STARTER;;21,000 kg;import;qa_ok_importar_found;true;2;12V4000M53;RB-12V4000M53-001312, RB-12V4000M53-004443;180, 535;"{""total_rows"":2,""count_ok_importar"":2,""count_ok_eliminar"":0,""count_pending"":0,""count_review_action"":0,""count_other"":0}";import;qa_ok_importar_found
X52418300001;FLTR CENTRIF;;12,418 KG;import;qa_ok_importar_found;true;4;12V4000M40A, 16V4000M61, 16V4000M90;RB-12V4000M40A-001225, RB-16V4000M61-001282, RB-16V4000M61-004358, RB-16V4000M90-001345;201, 198, 700, 193;"{""total_rows"":4,""count_ok_importar"":4,""count_ok_eliminar"":0,""count_pending"":0,""count_review_action"":0,""count_other"":0}";import;qa_ok_importar_found
X52418300028;CENTRIFUGAL OIL FLTR;;;import;qa_ok_importar_found;true;4;12V4000M53, 12V4000M70;RB-12V4000M53-001442, RB-12V4000M53-004573, RB-12V4000M70-001495, RB-12V4000M70-003999;197, 552, 216, 553;"{""total_rows"":4,""count_ok_importar"":4,""count_ok_eliminar"":0,""count_pending"":0,""count_review_action"":0,""count_other"":0}";import;qa_ok_importar_found
X52418900006;GEAR PUMP FOR OIL REPLENISHMN;;9,200 KG;import;qa_ok_importar_found;true;2;16V4000M61;RB-16V4000M61-001360, RB-16V4000M61-004436;214, 716;"{""total_rows"":2,""count_ok_importar"":2,""count_ok_eliminar"":0,""count_pending"":0,""count_review_action"":0,""count_other"":0}";import;qa_ok_importar_found
X52418900008;GEAR PUMP FOR OIL REPLENISHMN;;8.600 kg;import;qa_ok_importar_found;true;2;20V4000M93L;RB-20V4000M93L-002138, RB-20V4000M93L-005768;1363, 1743;"{""total_rows"":2,""count_ok_importar"":2,""count_ok_eliminar"":0,""count_pending"":0,""count_review_action"":0,""count_other"":0}";import;qa_ok_importar_found
X52418900009;GEAR PUMP FOR OIL MONITORING;;9.700 kg;import;qa_ok_importar_found;true;8;16V4000M73, 16V4000M73L;RB-16V4000M73-001833, RB-16V4000M73-005027, RB-16V4000M73-008233, RB-16V4000M73-011433, RB-16V4000M73L-001564, RB-16V4000M73L-004895, RB-16V4000M73L-007383, RB-16V4000M73L-009889;241, 595, 950, 1304, 229, 715, 1060, 1397;"{""total_rows"":8,""count_ok_importar"":8,""count_ok_eliminar"":0,""count_pending"":0,""count_review_action"":0,""count_other"":0}";import;qa_ok_importar_found
X52418900012;GEAR PUMP FOR OIL REPLENISHMN;;8,600 KG;import;qa_ok_importar_found;true;1;12V4000M40A;RB-12V4000M40A-001377;224;"{""total_rows"":1,""count_ok_importar"":1,""count_ok_eliminar"":0,""count_pending"":0,""count_review_action"":0,""count_other"":0}";import;qa_ok_importar_found
X52420200011;PUMP ASM WTR HI TEMP CLG CIRCUIT;;30,800 kg;import;qa_ok_importar_found;true;3;12V4000M40A, 12V4000M70;RB-12V4000M40A-001595, RB-12V4000M70-001889, RB-12V4000M70-004393;246, 259, 596;"{""total_rows"":3,""count_ok_importar"":3,""count_ok_eliminar"":0,""count_pending"":0,""count_review_action"":0,""count_other"":0}";import;qa_ok_importar_found
X52421300002;RETAINER FOR ALTERNATOR;;3,740 KG;import;qa_ok_importar_found;true;1;12V4000M40A;RB-12V4000M40A-000589;105;"{""total_rows"":1,""count_ok_importar"":1,""count_ok_eliminar"":0,""count_pending"":0,""count_review_action"":0,""count_other"":0}";import;qa_ok_importar_found
X52421300029;GENERATOR;;15,650 kg;import;qa_ok_importar_found;true;2;12V4000M53;RB-12V4000M53-002330, RB-12V4000M53-005463;283, 640;"{""total_rows"":2,""count_ok_importar"":2,""count_ok_eliminar"":0,""count_pending"":0,""count_review_action"":0,""count_other"":0}";import;qa_ok_importar_found
X52450700016;RETAINER F. WIRING HARNESS;HC219/1;1.566 KGM;import;qa_ok_importar_found;true;1;12V4000M40A;RB-12V4000M40A-000591;105;"{""total_rows"":1,""count_ok_importar"":1,""count_ok_eliminar"":0,""count_pending"":0,""count_review_action"":0,""count_other"":0}";import;qa_ok_importar_found
X52499100176;BUSHING FOR ROCKER ARM;;115,000 g;import;qa_ok_importar_found;true;16;12V4000M53, 12V4000M70, 20V4000M93;RB-12V4000M53-000503, RB-12V4000M53-000508, RB-12V4000M53-003634, RB-12V4000M53-003639, RB-12V4000M70-000444, RB-12V4000M70-000449, RB-12V4000M70-003003, RB-12V4000M70-003008, RB-20V4000M93-000535, RB-20V4000M93-000540, RB-20V4000M93-004248, RB-20V4000M93-004253, RB-20V4000M93-007961, RB-20V4000M93-007966, RB-20V4000M93-011674, RB-20V4000M93-011679;89, 90, 444, 445, 92, 93, 431, 432, 94, 489, 490, 885, 886, 1281, 1282;"{""total_rows"":16,""count_ok_importar"":16,""count_ok_eliminar"":0,""count_pending"":0,""count_review_action"":0,""count_other"":0}";import;qa_ok_importar_found
X52499100725;4/2-WAY SOL. VALVE;;1,180 kg;import;qa_ok_importar_found;true;4;12V4000M53;RB-12V4000M53-001016, RB-12V4000M53-001524, RB-12V4000M53-004147, RB-12V4000M53-004655;145, 213, 500, 568;"{""total_rows"":4,""count_ok_importar"":4,""count_ok_eliminar"":0,""count_pending"":0,""count_review_action"":0,""count_other"":0}";import;qa_ok_importar_found
X52601100004;COVER ASM OIL FILLER NECK;;4,320 KG;import;qa_ok_importar_found;true;3;16V4000M61, 16V4000M90;RB-16V4000M61-000044, RB-16V4000M61-003154, RB-16V4000M90-000038;16, 523, 20;"{""total_rows"":3,""count_ok_importar"":3,""count_ok_eliminar"":0,""count_pending"":0,""count_review_action"":0,""count_other"":0}";import;qa_ok_importar_found
X52603100002;CRANKSHAFT;;324,000 kg;import;qa_ok_importar_found;true;2;12V4000M53;RB-12V4000M53-000333, RB-12V4000M53-003464;56, 411;"{""total_rows"":2,""count_ok_importar"":2,""count_ok_eliminar"":0,""count_pending"":0,""count_review_action"":0,""count_other"":0}";import;qa_ok_importar_found
X52603800003/42;CONROD ASM;;9.500 kg;import;qa_ok_importar_found;true;18;12V4000M70, 16V4000M61, 16V4000M73, 16V4000M73L, 20V4000M93, 20V4000M93L;RB-12V4000M70-000360, RB-12V4000M70-002919, RB-16V4000M61-000331, RB-16V4000M61-003441, RB-16V4000M73-000428, RB-16V4000M73-003622, RB-16V4000M73-006816, RB-16V4000M73-010022, RB-16V4000M73L-000359, RB-16V4000M73L-003689, RB-16V4000M73L-006177, RB-16V4000M73L-008686, RB-20V4000M93-000439, RB-20V4000M93-004152, RB-20V4000M93-007865, RB-20V4000M93-011578, RB-20V4000M93L-000430, RB-20V4000M93L-003964;75, 414, 59, 566, 76, 430, 784, 1139, 63, 548, 893, 1236, 74, 470, 866, 1262, 1174, 1547;"{""total_rows"":18,""count_ok_importar"":18,""count_ok_eliminar"":0,""count_pending"":0,""count_review_action"":0,""count_other"":0}";import;qa_ok_importar_found
X52603800010/42;CONROD ASM;;9,725 kg;import;qa_ok_importar_found;true;2;12V4000M53;RB-12V4000M53-000409, RB-12V4000M53-003540;70, 425;"{""total_rows"":2,""count_ok_importar"":2,""count_ok_eliminar"":0,""count_pending"":0,""count_review_action"":0,""count_other"":0}";import;qa_ok_importar_found
X52607700001;ADAPTER;DROSSEL-DURCHM 1,1MM;339.500 g;import;qa_ok_importar_found;true;2;20V4000M93L;RB-20V4000M93L-000563, RB-20V4000M93L-004097;1204, 1577;"{""total_rows"":2,""count_ok_importar"":2,""count_ok_eliminar"":0,""count_pending"":0,""count_review_action"":0,""count_other"":0}";import;qa_ok_importar_found
X52610100073;EXHAUST TURBOCHARGER LEFT SIDE;;69,124 kg;import;qa_ok_importar_found;true;2;12V4000M70;RB-12V4000M70-000747, RB-12V4000M70-003306;129, 468;"{""total_rows"":2,""count_ok_importar"":2,""count_ok_eliminar"":0,""count_pending"":0,""count_review_action"":0,""count_other"":0}";import;qa_ok_importar_found
X52610100074;EXHAUST TURBOCHARGER RIGHT SIDE;;70,683 kg;import;qa_ok_importar_found;true;2;12V4000M70;RB-12V4000M70-000748, RB-12V4000M70-003307;129, 468;"{""total_rows"":2,""count_ok_importar"":2,""count_ok_eliminar"":0,""count_pending"":0,""count_review_action"":0,""count_other"":0}";import;qa_ok_importar_found
X52617300001;STARTER AIR LEFT SIDE;;24.540 kg;import;qa_ok_importar_found;true;15;12V4000M70, 16V4000M73, 16V4000M73L, 20V4000M93, 20V4000M93L;RB-12V4000M70-001288, RB-16V4000M73-001356, RB-16V4000M73-004550, RB-16V4000M73-007756, RB-16V4000M73-010962, RB-16V4000M73L-001151, RB-16V4000M73L-004482, RB-16V4000M73L-006970, RB-16V4000M73L-009476, RB-20V4000M93-001659, RB-20V4000M93-005372, RB-20V4000M93-009085, RB-20V4000M93-012798, RB-20V4000M93L-001605, RB-20V4000M93L-005235;197, 551, 906, 1261, 187, 673, 1018, 1357, 215, 611, 1007, 1403, 1312, 1692;"{""total_rows"":15,""count_ok_importar"":15,""count_ok_eliminar"":0,""count_pending"":0,""count_review_action"":0,""count_other"":0}";import;qa_ok_importar_found
X52617300002;STARTER AIR RIGHT SIDE;;24,540 kg;import;qa_ok_importar_found;true;1;12V4000M70;RB-12V4000M70-003847;536;"{""total_rows"":1,""count_ok_importar"":1,""count_ok_eliminar"":0,""count_pending"":0,""count_review_action"":0,""count_other"":0}";import;qa_ok_importar_found
X52620200081;PUMP ASM WTR HI TEMP CLG CIRCUIT;;30,260 KG;import;qa_ok_importar_found;true;3;16V4000M61, 16V4000M90;RB-16V4000M61-001574, RB-16V4000M61-004650, RB-16V4000M90-001441;238, 739, 211;"{""total_rows"":3,""count_ok_importar"":3,""count_ok_eliminar"":0,""count_pending"":0,""count_review_action"":0,""count_other"":0}";import;qa_ok_importar_found
X52620200183;COOLANT PUMP HIGH-TEMP CIRCUIT;;28,000 kg;import;qa_ok_importar_found;true;2;12V4000M53;RB-12V4000M53-002046, RB-12V4000M53-005177;247, 602;"{""total_rows"":2,""count_ok_importar"":2,""count_ok_eliminar"":0,""count_pending"":0,""count_review_action"":0,""count_other"":0}";import;qa_ok_importar_found
X52620300004;FLANGE;;0.915 g;import;qa_ok_importar_found;true;2;20V4000M93L;RB-20V4000M93L-001470, RB-20V4000M93L-005041;1294, 1671;"{""total_rows"":2,""count_ok_importar"":2,""count_ok_eliminar"":0,""count_pending"":0,""count_review_action"":0,""count_other"":0}";import;qa_ok_importar_found
X52623100018;MOUNTING BRACKET;;25,400 kg;import;qa_ok_importar_found;true;19;12V4000M53, 12V4000M70, 16V4000M61, 16V4000M73, 16V4000M73L, 16V4000M90, 20V4000M93;RB-12V4000M53-002366, RB-12V4000M53-005499, RB-12V4000M70-002116, RB-12V4000M70-004620, RB-16V4000M61-001821, RB-16V4000M61-004897, RB-16V4000M73-002565, RB-16V4000M73-005759, RB-16V4000M73-008965, RB-16V4000M73-012165, RB-16V4000M73L-002062, RB-16V4000M73L-005393, RB-16V4000M73L-007875, RB-16V4000M73L-010381, RB-16V4000M90-001970, RB-20V4000M93-002952, RB-20V4000M93-006665, RB-20V4000M93-010378, RB-20V4000M93-014091;289, 646, 292, 629, 279, 778, 305, 659, 1014, 1368, 286, 772, 1114, 1449, 272, 324, 720, 1116, 1512;"{""total_rows"":19,""count_ok_importar"":19,""count_ok_eliminar"":0,""count_pending"":0,""count_review_action"":0,""count_other"":0}";import;qa_ok_importar_found
X52650200006;RETAINER TOP;;2.700 kg;import;qa_ok_importar_found;true;14;16V4000M73, 16V4000M73L, 20V4000M93, 20V4000M93L;RB-16V4000M73-002787, RB-16V4000M73-005981, RB-16V4000M73-009187, RB-16V4000M73-012387, RB-16V4000M73L-002375, RB-16V4000M73L-005530, RB-16V4000M73L-008046, RB-16V4000M73L-010552, RB-20V4000M93-003296, RB-20V4000M93-007009, RB-20V4000M93-010722, RB-20V4000M93-014435, RB-20V4000M93L-003116, RB-20V4000M93L-006770;329, 683, 1038, 1392, 342, 804, 1147, 1482, 367, 763, 1159, 1555, 1457, 1841;"{""total_rows"":14,""count_ok_importar"":14,""count_ok_eliminar"":0,""count_pending"":0,""count_review_action"":0,""count_other"":0}";import;qa_ok_importar_found
X52701400008;OIL PAN;;144.000 kg;import;qa_ok_importar_found;true;3;16V4000M61, 16V4000M90;RB-16V4000M61-000054, RB-16V4000M61-003164, RB-16V4000M90-000048;19, 526, 23;"{""total_rows"":3,""count_ok_importar"":3,""count_ok_eliminar"":0,""count_pending"":0,""count_review_action"":0,""count_other"":0}";import;qa_ok_importar_found
X52707300005;HP PUMP;;80.000 kg;import;qa_ok_importar_found;true;2;20V4000M93L;RB-20V4000M93L-000527, RB-20V4000M93L-004061;1198, 1571;"{""total_rows"":2,""count_ok_importar"":2,""count_ok_eliminar"":0,""count_pending"":0,""count_review_action"":0,""count_other"":0}";import;qa_ok_importar_found
X52710100016;EXHAUST TURBOCHARGER RIGHT;;69.300 kg;import;qa_ok_importar_found;true;1;16V4000M90;RB-16V4000M90-000816;133;"{""total_rows"":1,""count_ok_importar"":1,""count_ok_eliminar"":0,""count_pending"":0,""count_review_action"":0,""count_other"":0}";import;qa_ok_importar_found
X52710100017;EXHAUST TURBOCHARGER LEFT;;67.700 kg;import;qa_ok_importar_found;true;1;16V4000M90;RB-16V4000M90-000764;127;"{""total_rows"":1,""count_ok_importar"":1,""count_ok_eliminar"":0,""count_pending"":0,""count_review_action"":0,""count_other"":0}";import;qa_ok_importar_found
X52710100027;EXHAUST TURBOCHARGER LEFT SIDE;;68,800 KG;import;qa_ok_importar_found;true;2;16V4000M61;RB-16V4000M61-000655, RB-16V4000M61-003730;115, 619;"{""total_rows"":2,""count_ok_importar"":2,""count_ok_eliminar"":0,""count_pending"":0,""count_review_action"":0,""count_other"":0}";import;qa_ok_importar_found
X52710100028;EXHAUST TURBOCHARGER RIGHT SIDE;;70,600 KG;import;qa_ok_importar_found;true;2;16V4000M61;RB-16V4000M61-000706, RB-16V4000M61-003781;121, 625;"{""total_rows"":2,""count_ok_importar"":2,""count_ok_eliminar"":0,""count_pending"":0,""count_review_action"":0,""count_other"":0}";import;qa_ok_importar_found
X52718300010;OIL FILTER AUTOMATIC;;125 KG;import;qa_ok_importar_found;true;3;16V4000M73L;RB-16V4000M73L-001430, RB-16V4000M73L-004761, RB-16V4000M73L-007249;217, 703, 1048;"{""total_rows"":3,""count_ok_importar"":3,""count_ok_eliminar"":0,""count_pending"":0,""count_review_action"":0,""count_other"":0}";import;qa_ok_importar_found
X52718300038/31;AUTOMATIC OIL FILTER;;115.000 kg;import;qa_ok_importar_found;true;3;16V4000M73;RB-16V4000M73-001589, RB-16V4000M73-004783, RB-16V4000M73-007989;219, 573, 928;"{""total_rows"":3,""count_ok_importar"":3,""count_ok_eliminar"":0,""count_pending"":0,""count_review_action"":0,""count_other"":0}";import;qa_ok_importar_found
X52801500001;LIFTING EYE;;3,825 KG;import;qa_ok_importar_found;true;1;12V4000M40A;RB-12V4000M40A-000092;24;"{""total_rows"":1,""count_ok_importar"":1,""count_ok_eliminar"":0,""count_pending"":0,""count_review_action"":0,""count_other"":0}";import;qa_ok_importar_found
X52801500003;LIFTING EYE;;3.69 KGM;import;qa_ok_importar_found;true;8;12V4000M70, 16V4000M61, 16V4000M90;RB-12V4000M70-000100, RB-12V4000M70-000101, RB-12V4000M70-002659, RB-12V4000M70-002660, RB-16V4000M61-000089, RB-16V4000M61-003199, RB-16V4000M90-000095, RB-16V4000M90-000096;35, 374, 23, 530, 28;"{""total_rows"":8,""count_ok_importar"":8,""count_ok_eliminar"":0,""count_pending"":0,""count_review_action"":0,""count_other"":0}";import;qa_ok_importar_found
X52803500004;IDLER GEAR F.SEC.PTO, FREE END;;14.000 kg;import;qa_ok_importar_found;true;2;20V4000M93L;RB-20V4000M93L-000311, RB-20V4000M93L-003845;1153, 1526;"{""total_rows"":2,""count_ok_importar"":2,""count_ok_eliminar"":0,""count_pending"":0,""count_review_action"":0,""count_other"":0}";import;qa_ok_importar_found
X52810100007;SHAFT;;133.500 g;import;qa_ok_importar_found;true;2;20V4000M93L;RB-20V4000M93L-000820, RB-20V4000M93L-004391;1235, 1612;"{""total_rows"":2,""count_ok_importar"":2,""count_ok_eliminar"":0,""count_pending"":0,""count_review_action"":0,""count_other"":0}";import;qa_ok_importar_found
X52814100025;EXHAUST PIPE BELLOWS;;6.400 kg;import;qa_ok_importar_found;true;2;20V4000M93L;RB-20V4000M93L-001427, RB-20V4000M93L-004998;1290, 1667;"{""total_rows"":2,""count_ok_importar"":2,""count_ok_eliminar"":0,""count_pending"":0,""count_review_action"":0,""count_other"":0}";import;qa_ok_importar_found
X52820200054;VENT LINE;;175.000 g;import;qa_ok_importar_found;true;6;20V4000M93, 20V4000M93L;RB-20V4000M93-002513, RB-20V4000M93-006226, RB-20V4000M93-009939, RB-20V4000M93-013652, RB-20V4000M93L-002552, RB-20V4000M93L-006182;286, 682, 1078, 1474, 1395, 1775;"{""total_rows"":6,""count_ok_importar"":6,""count_ok_eliminar"":0,""count_pending"":0,""count_review_action"":0,""count_other"":0}";import;qa_ok_importar_found
X52820200161;COOLANT LINE;;1.975 g;import;qa_ok_importar_found;true;2;20V4000M93L;RB-20V4000M93L-002456, RB-20V4000M93L-006086;1388, 1768;"{""total_rows"":2,""count_ok_importar"":2,""count_ok_eliminar"":0,""count_pending"":0,""count_review_action"":0,""count_other"":0}";import;qa_ok_importar_found
X52820200163;COOLANT LINE;;707.000 g;import;qa_ok_importar_found;true;6;20V4000M93, 20V4000M93L;RB-20V4000M93-002357, RB-20V4000M93-006070, RB-20V4000M93-009783, RB-20V4000M93-013496, RB-20V4000M93L-002396, RB-20V4000M93L-006026;279, 675, 1071, 1467, 1387, 1767;"{""total_rows"":6,""count_ok_importar"":6,""count_ok_eliminar"":0,""count_pending"":0,""count_review_action"":0,""count_other"":0}";import;qa_ok_importar_found
X52820200164;COOLANT LINE;;797.000 g;import;qa_ok_importar_found;true;6;20V4000M93, 20V4000M93L;RB-20V4000M93-002362, RB-20V4000M93-006075, RB-20V4000M93-009788, RB-20V4000M93-013501, RB-20V4000M93L-002401, RB-20V4000M93L-006031;279, 675, 1071, 1467, 1387, 1767;"{""total_rows"":6,""count_ok_importar"":6,""count_ok_eliminar"":0,""count_pending"":0,""count_review_action"":0,""count_other"":0}";import;qa_ok_importar_found
X52820200173;THERMAL ACTUATOR;;1.410 kg;import;qa_ok_importar_found;true;10;16V4000M73, 16V4000M73L, 20V4000M93L;RB-16V4000M73-002382, RB-16V4000M73-005576, RB-16V4000M73-008782, RB-16V4000M73-011982, RB-16V4000M73L-001691, RB-16V4000M73L-005022, RB-16V4000M73L-007510, RB-16V4000M73L-010016, RB-20V4000M93L-002822, RB-20V4000M93L-006452;287, 641, 996, 1350, 243, 729, 1074, 1410, 1411, 1791;"{""total_rows"":10,""count_ok_importar"":10,""count_ok_eliminar"":0,""count_pending"":0,""count_review_action"":0,""count_other"":0}";import;qa_ok_importar_found
X52820200177;FLANGE;;1.800 kg;import;qa_ok_importar_found;true;6;20V4000M93L;RB-20V4000M93L-002356, RB-20V4000M93L-002361, RB-20V4000M93L-002366, RB-20V4000M93L-005986, RB-20V4000M93L-005991, RB-20V4000M93L-005996;1384, 1764;"{""total_rows"":6,""count_ok_importar"":6,""count_ok_eliminar"":0,""count_pending"":0,""count_review_action"":0,""count_other"":0}";import;qa_ok_importar_found
X52899100016;HALF-CLAMP;;180.000 g;import;qa_ok_importar_found;true;2;20V4000M93L;RB-20V4000M93L-002783, RB-20V4000M93L-006413;1406, 1786;"{""total_rows"":2,""count_ok_importar"":2,""count_ok_eliminar"":0,""count_pending"":0,""count_review_action"":0,""count_other"":0}";import;qa_ok_importar_found
X54823100002;ENGINE SUPPORT;;7,765 kg;import;qa_ok_importar_found;true;2;12V4000M70;RB-12V4000M70-002126, RB-12V4000M70-004630;293, 630;"{""total_rows"":2,""count_ok_importar"":2,""count_ok_eliminar"":0,""count_pending"":0,""count_review_action"":0,""count_other"":0}";import;qa_ok_importar_found
X57518500026;SCREW-FITTING UNION F/TURBO OIL SUPPLY;INNENDURCHMESSER 1MM;0,033 kg;import;qa_ok_importar_found;true;2;12V4000M53;RB-12V4000M53-002018, RB-12V4000M53-005149;242, 597;"{""total_rows"":2,""count_ok_importar"":2,""count_ok_eliminar"":0,""count_pending"":0,""count_review_action"":0,""count_other"":0}";import;qa_ok_importar_found
X59301300013;CYLINDER LINER SIZE;;18.640 kg;import;qa_ok_importar_found;true;4;16V4000M73;RB-16V4000M73-000069, RB-16V4000M73-003263, RB-16V4000M73-006457, RB-16V4000M73-009663;28, 382, 736, 1091;"{""total_rows"":4,""count_ok_importar"":4,""count_ok_eliminar"":0,""count_pending"":0,""count_review_action"":0,""count_other"":0}";import;qa_ok_importar_found
X59301300014;CYLINDER LINER SIZE 2;;18.720 kg;import;qa_ok_importar_found;true;4;16V4000M73;RB-16V4000M73-000070, RB-16V4000M73-003264, RB-16V4000M73-006458, RB-16V4000M73-009664;28, 382, 736, 1091;"{""total_rows"":4,""count_ok_importar"":4,""count_ok_eliminar"":0,""count_pending"":0,""count_review_action"":0,""count_other"":0}";import;qa_ok_importar_found
X59302400016/75;EQUIPMENT RACK PRIMED;;260 KGM;import;qa_ok_importar_found;true;2;12V4000M53;RB-12V4000M53-000280, RB-12V4000M53-003411;48, 403;"{""total_rows"":2,""count_ok_importar"":2,""count_ok_eliminar"":0,""count_pending"":0,""count_review_action"":0,""count_other"":0}";import;qa_ok_importar_found
X59303700183;PISTON;;10,944 kg;import;qa_ok_importar_found;true;2;12V4000M53;RB-12V4000M53-000408, RB-12V4000M53-003539;68, 423;"{""total_rows"":2,""count_ok_importar"":2,""count_ok_eliminar"":0,""count_pending"":0,""count_review_action"":0,""count_other"":0}";import;qa_ok_importar_found
X59305200004;IDLER GEAR FOR CAMSHAFT DRIVE;;13.92 KGM;import;qa_ok_importar_found;true;12;16V4000M73, 16V4000M73L, 20V4000M93;RB-16V4000M73-000325, RB-16V4000M73-003519, RB-16V4000M73-006713, RB-16V4000M73-009919, RB-16V4000M73L-000257, RB-16V4000M73L-003587, RB-16V4000M73L-006075, RB-16V4000M73L-008584, RB-20V4000M93-000318, RB-20V4000M93-004031, RB-20V4000M93-007744, RB-20V4000M93-011457;56, 410, 764, 1119, 44, 529, 874, 1217, 53, 449, 845, 1241;"{""total_rows"":12,""count_ok_importar"":12,""count_ok_eliminar"":0,""count_pending"":0,""count_review_action"":0,""count_other"":0}";import;qa_ok_importar_found
X59308200003;CONNECTING PIECE;;302,100 g;import;qa_ok_importar_found;true;2;12V4000M53;RB-12V4000M53-000670, RB-12V4000M53-003801;108, 463;"{""total_rows"":2,""count_ok_importar"":2,""count_ok_eliminar"":0,""count_pending"":0,""count_review_action"":0,""count_other"":0}";import;qa_ok_importar_found
X59308300001;FILTER HEAD;;25.600 kg;import;qa_ok_importar_found;true;2;20V4000M93L;RB-20V4000M93L-000712, RB-20V4000M93L-004283;1223, 1600;"{""total_rows"":2,""count_ok_importar"":2,""count_ok_eliminar"":0,""count_pending"":0,""count_review_action"":0,""count_other"":0}";import;qa_ok_importar_found
X59308300011;BANJO SCREW;;79.300 g;import;qa_ok_importar_found;true;14;16V4000M73, 16V4000M73L, 20V4000M93, 20V4000M93L;RB-16V4000M73-000711, RB-16V4000M73-003905, RB-16V4000M73-007099, RB-16V4000M73-010305, RB-16V4000M73L-000592, RB-16V4000M73L-003922, RB-16V4000M73L-006410, RB-16V4000M73L-008919, RB-20V4000M93-000750, RB-20V4000M93-004463, RB-20V4000M93-008176, RB-20V4000M93-011889, RB-20V4000M93L-000691, RB-20V4000M93L-004262;123, 477, 831, 1186, 111, 596, 941, 1284, 519, 915, 1311, 1222, 1599;"{""total_rows"":14,""count_ok_importar"":14,""count_ok_eliminar"":0,""count_pending"":0,""count_review_action"":0,""count_other"":0}";import;qa_ok_importar_found
X59308300012;VALVE WITH BAFFLE;;0.128 KGM;import;qa_ok_importar_found;true;16;12V4000M53, 16V4000M73, 16V4000M73L, 20V4000M93, 20V4000M93L;RB-12V4000M53-000827, RB-12V4000M53-003958, RB-16V4000M73-000747, RB-16V4000M73-003941, RB-16V4000M73-007135, RB-16V4000M73-010341, RB-16V4000M73L-000624, RB-16V4000M73L-003954, RB-16V4000M73L-006442, RB-16V4000M73L-008951, RB-20V4000M93-000786, RB-20V4000M93-004499, RB-20V4000M93-008212, RB-20V4000M93-011925, RB-20V4000M93L-000726, RB-20V4000M93L-004297;122, 477, 125, 479, 833, 1188, 113, 598, 943, 1286, 521, 917, 1313, 1224, 1601;"{""total_rows"":16,""count_ok_importar"":16,""count_ok_eliminar"":0,""count_pending"":0,""count_review_action"":0,""count_other"":0}";import;qa_ok_importar_found
X59308300031;FUEL FILTER SPIN-ON;;1,300 kg;import;qa_ok_importar_found;true;2;12V4000M53;RB-12V4000M53-000849, RB-12V4000M53-003980;123, 478;"{""total_rows"":2,""count_ok_importar"":2,""count_ok_eliminar"":0,""count_pending"":0,""count_review_action"":0,""count_other"":0}";import;qa_ok_importar_found
X59308300034;FUEL FILTER;;17,300 kg;import;qa_ok_importar_found;true;2;12V4000M53;RB-12V4000M53-000840, RB-12V4000M53-003971;122, 477;"{""total_rows"":2,""count_ok_importar"":2,""count_ok_eliminar"":0,""count_pending"":0,""count_review_action"":0,""count_other"":0}";import;qa_ok_importar_found
X59308300046;CONNECTING PIECE F.ADDIT.FUEL FILTER;;2.500 kg;import;qa_ok_importar_found;true;12;16V4000M73, 16V4000M73L, 20V4000M93;RB-16V4000M73-000724, RB-16V4000M73-003918, RB-16V4000M73-007112, RB-16V4000M73-010318, RB-16V4000M73L-000603, RB-16V4000M73L-003933, RB-16V4000M73L-006421, RB-16V4000M73L-008930, RB-20V4000M93-000763, RB-20V4000M93-004476, RB-20V4000M93-008189, RB-20V4000M93-011902;123, 477, 831, 1186, 111, 596, 941, 1284, 519, 915, 1311;"{""total_rows"":12,""count_ok_importar"":12,""count_ok_eliminar"":0,""count_pending"":0,""count_review_action"":0,""count_other"":0}";import;qa_ok_importar_found
X59320200098;PREHEATER;;30,000 kg;import;qa_ok_importar_found;true;2;12V4000M53;RB-12V4000M53-001733, RB-12V4000M53-004864;225, 580;"{""total_rows"":2,""count_ok_importar"":2,""count_ok_eliminar"":0,""count_pending"":0,""count_review_action"":0,""count_other"":0}";import;qa_ok_importar_found
X59320200138/75;COOLANT DISTRIB HSG PRIMED;;155,000 kg;import;qa_ok_importar_found;true;2;12V4000M53;RB-12V4000M53-002168, RB-12V4000M53-005299;261, 616;"{""total_rows"":2,""count_ok_importar"":2,""count_ok_eliminar"":0,""count_pending"":0,""count_review_action"":0,""count_other"":0}";import;qa_ok_importar_found
X59320600011;THERMOSTAT HOUSING;;21,250 kg;import;qa_ok_importar_found;true;2;12V4000M53;RB-12V4000M53-002192, RB-12V4000M53-005323;264, 619;"{""total_rows"":2,""count_ok_importar"":2,""count_ok_eliminar"":0,""count_pending"":0,""count_review_action"":0,""count_other"":0}";import;qa_ok_importar_found
X59401100017;INSPECT PORT COVER W/OIL FILLER NECK;;6,858 KG;import;qa_ok_importar_found;true;2;16V4000M73L;RB-16V4000M73L-003384, RB-16V4000M73L-005872;503, 848;"{""total_rows"":2,""count_ok_importar"":2,""count_ok_eliminar"":0,""count_pending"":0,""count_review_action"":0,""count_other"":0}";import;qa_ok_importar_found
X59401100019;INSPECT PORT COVER W/OIL FILLER NECK;;4,969 KG;import;qa_ok_importar_found;true;4;16V4000M73L, 20V4000M93L;RB-16V4000M73L-000061, RB-16V4000M73L-008388, RB-20V4000M93L-000065, RB-20V4000M93L-003599;18, 1191, 1128, 1501;"{""total_rows"":4,""count_ok_importar"":4,""count_ok_eliminar"":0,""count_pending"":0,""count_review_action"":0,""count_other"":0}";import;qa_ok_importar_found
X59401100066;CRANKCASE;;1.618,000;import;qa_ok_importar_found;true;2;12V4000M53;RB-12V4000M53-000007, RB-12V4000M53-003146;22, 377;"{""total_rows"":2,""count_ok_importar"":2,""count_ok_eliminar"":0,""count_pending"":0,""count_review_action"":0,""count_other"":0}";import;qa_ok_importar_found
X59401400015;OIL PAN;;116,500 kg;import;qa_ok_importar_found;true;2;12V4000M70;RB-12V4000M70-000058, RB-12V4000M70-002617;31, 370;"{""total_rows"":2,""count_ok_importar"":2,""count_ok_eliminar"":0,""count_pending"":0,""count_review_action"":0,""count_other"":0}";import;qa_ok_importar_found
X59402400005;EQUIPMENT RACK;;262.600 kg;import;qa_ok_importar_found;true;8;16V4000M73, 16V4000M73L;RB-16V4000M73-000302, RB-16V4000M73-003496, RB-16V4000M73-006690, RB-16V4000M73-009896, RB-16V4000M73L-000234, RB-16V4000M73L-003564, RB-16V4000M73L-006052, RB-16V4000M73L-008561;55, 409, 763, 1118, 43, 528, 873, 1216;"{""total_rows"":8,""count_ok_importar"":8,""count_ok_eliminar"":0,""count_pending"":0,""count_review_action"":0,""count_other"":0}";import;qa_ok_importar_found
X59402400005/75;EQUIPMENT RACK PRIMED;;253 KGM;import;qa_ok_importar_found;true;4;20V4000M93;RB-20V4000M93-000295, RB-20V4000M93-004008, RB-20V4000M93-007721, RB-20V4000M93-011434;52, 448, 844, 1240;"{""total_rows"":4,""count_ok_importar"":4,""count_ok_eliminar"":0,""count_pending"":0,""count_review_action"":0,""count_other"":0}";import;qa_ok_importar_found
X59403100001;CR/SHFT ASM;;453,000 kg;import;qa_ok_importar_found;true;2;12V4000M53;RB-12V4000M53-000332, RB-12V4000M53-003463;55, 410;"{""total_rows"":2,""count_ok_importar"":2,""count_ok_eliminar"":0,""count_pending"":0,""count_review_action"":0,""count_other"":0}";import;qa_ok_importar_found
X59403100001/31;CRANKSHAFT LR ACCEPTANCE;;433,600 kg;import;qa_ok_importar_found;true;2;12V4000M53;RB-12V4000M53-000330, RB-12V4000M53-003461;54, 409;"{""total_rows"":2,""count_ok_importar"":2,""count_ok_eliminar"":0,""count_pending"":0,""count_review_action"":0,""count_other"":0}";import;qa_ok_importar_found
X59403200001;FLYWHEEL;;120 KG;import;qa_ok_importar_found;true;4;16V4000M73L;RB-16V4000M73L-000315, RB-16V4000M73L-003645, RB-16V4000M73L-006133, RB-16V4000M73L-008642;53, 538, 883, 1226;"{""total_rows"":4,""count_ok_importar"":4,""count_ok_eliminar"":0,""count_pending"":0,""count_review_action"":0,""count_other"":0}";import;qa_ok_importar_found
X59403200003/42;FLYWHEEL W/ACCEPT CERTIFICAT;;212,500 kg;import;qa_ok_importar_found;true;2;12V4000M53;RB-12V4000M53-000362, RB-12V4000M53-003493;60, 415;"{""total_rows"":2,""count_ok_importar"":2,""count_ok_eliminar"":0,""count_pending"":0,""count_review_action"":0,""count_other"":0}";import;qa_ok_importar_found
X59403500006;VIBRATION DAMPER;;123.870 kg;import;qa_ok_importar_found;true;10;12V4000M53, 16V4000M73, 16V4000M73L;RB-12V4000M53-000379, RB-12V4000M53-003510, RB-16V4000M73-000390, RB-16V4000M73-003584, RB-16V4000M73-006778, RB-16V4000M73-009984, RB-16V4000M73L-000321, RB-16V4000M73L-003651, RB-16V4000M73L-006139, RB-16V4000M73L-008648;63, 418, 68, 422, 776, 1131, 55, 540, 885, 1228;"{""total_rows"":10,""count_ok_importar"":10,""count_ok_eliminar"":0,""count_pending"":0,""count_review_action"":0,""count_other"":0}";import;qa_ok_importar_found
X59407300002;BRACKET FOR HP PUMP;;4.212 kg;import;qa_ok_importar_found;true;8;16V4000M73, 16V4000M73L;RB-16V4000M73-000530, RB-16V4000M73-003724, RB-16V4000M73-006918, RB-16V4000M73-010124, RB-16V4000M73L-000456, RB-16V4000M73L-003786, RB-16V4000M73L-006274, RB-16V4000M73L-008783;100, 454, 808, 1163, 86, 571, 916, 1259;"{""total_rows"":8,""count_ok_importar"":8,""count_ok_eliminar"":0,""count_pending"":0,""count_review_action"":0,""count_other"":0}";import;qa_ok_importar_found
X59407300006/87;HP PUMP W/ACCEPT CERTIFICAT;;45,000 kg;import;qa_ok_importar_found;true;2;12V4000M53;RB-12V4000M53-000516, RB-12V4000M53-003647;93, 448;"{""total_rows"":2,""count_ok_importar"":2,""count_ok_eliminar"":0,""count_pending"":0,""count_review_action"":0,""count_other"":0}";import;qa_ok_importar_found
X59407500009;INJECTOR;;3,540 KG;import;qa_ok_importar_found;true;4;16V4000M73L;RB-16V4000M73L-000464, RB-16V4000M73L-003794, RB-16V4000M73L-006282, RB-16V4000M73L-008791;89, 574, 919, 1262;"{""total_rows"":4,""count_ok_importar"":4,""count_ok_eliminar"":0,""count_pending"":0,""count_review_action"":0,""count_other"":0}";import;qa_ok_importar_found
X59407500022;INJECTOR;;3.527 kg;import;qa_ok_importar_found;true;4;20V4000M93;RB-20V4000M93-000560, RB-20V4000M93-004273, RB-20V4000M93-007986, RB-20V4000M93-011699;102, 498, 894, 1290;"{""total_rows"":4,""count_ok_importar"":4,""count_ok_eliminar"":0,""count_pending"":0,""count_review_action"":0,""count_other"":0}";import;qa_ok_importar_found
X59407800003;FUEL DISTRIBUTOR JACKETED;;5.100 kg;import;qa_ok_importar_found;true;2;20V4000M93L;RB-20V4000M93L-000538, RB-20V4000M93L-004072;1203, 1576;"{""total_rows"":2,""count_ok_importar"":2,""count_ok_eliminar"":0,""count_pending"":0,""count_review_action"":0,""count_other"":0}";import;qa_ok_importar_found
X59408300033/89;FUEL PREFILTER;;38.700 kg;import;qa_ok_importar_found;true;4;16V4000M73;RB-16V4000M73-000770, RB-16V4000M73-003964, RB-16V4000M73-007158, RB-16V4000M73-010364;128, 482, 836, 1191;"{""total_rows"":4,""count_ok_importar"":4,""count_ok_eliminar"":0,""count_pending"":0,""count_review_action"":0,""count_other"":0}";import;qa_ok_importar_found
X59410100104;EXHAUST TURBOCHARGER LEFT;;93,252 kg;import;qa_ok_importar_found;true;2;12V4000M53;RB-12V4000M53-000868, RB-12V4000M53-003999;127, 482;"{""total_rows"":2,""count_ok_importar"":2,""count_ok_eliminar"":0,""count_pending"":0,""count_review_action"":0,""count_other"":0}";import;qa_ok_importar_found
X59410100105;EXHAUST TURBOCHARGER RIGHT ACTIVE;;96,500 kg;import;qa_ok_importar_found;true;2;12V4000M53;RB-12V4000M53-000869, RB-12V4000M53-004000;127, 482;"{""total_rows"":2,""count_ok_importar"":2,""count_ok_eliminar"":0,""count_pending"":0,""count_review_action"":0,""count_other"":0}";import;qa_ok_importar_found
X59412300090;INTAKE HOUSING;;16,100 kg;import;qa_ok_importar_found;true;2;12V4000M53;RB-12V4000M53-001050, RB-12V4000M53-004181;149, 504;"{""total_rows"":2,""count_ok_importar"":2,""count_ok_eliminar"":0,""count_pending"":0,""count_review_action"":0,""count_other"":0}";import;qa_ok_importar_found
X59414100003;EXHAUST HOUSING;;65.000 kg;import;qa_ok_importar_found;true;2;20V4000M93L;RB-20V4000M93L-001432, RB-20V4000M93L-005003;1294, 1671;"{""total_rows"":2,""count_ok_importar"":2,""count_ok_eliminar"":0,""count_pending"":0,""count_review_action"":0,""count_other"":0}";import;qa_ok_importar_found
X59414100005;EXHAUST HOUSING FOR 1 CYLINDER;;29.620 kg;import;qa_ok_importar_found;true;2;20V4000M93L;RB-20V4000M93L-001433, RB-20V4000M93L-005004;1294, 1671;"{""total_rows"":2,""count_ok_importar"":2,""count_ok_eliminar"":0,""count_pending"":0,""count_review_action"":0,""count_other"":0}";import;qa_ok_importar_found
X59414100023;RESTRICTOR;;0.509 kg;import;qa_ok_importar_found;true;2;20V4000M93L;RB-20V4000M93L-001445, RB-20V4000M93L-005016;1294, 1671;"{""total_rows"":2,""count_ok_importar"":2,""count_ok_eliminar"":0,""count_pending"":0,""count_review_action"":0,""count_other"":0}";import;qa_ok_importar_found
X59414100024;EXHAUST PIPE;;1.620 kg;import;qa_ok_importar_found;true;2;20V4000M93L;RB-20V4000M93L-001485, RB-20V4000M93L-005056;1294, 1671;"{""total_rows"":2,""count_ok_importar"":2,""count_ok_eliminar"":0,""count_pending"":0,""count_review_action"":0,""count_other"":0}";import;qa_ok_importar_found
X59414100025;EXHAUST PIPE;;1.720 kg;import;qa_ok_importar_found;true;2;20V4000M93L;RB-20V4000M93L-001486, RB-20V4000M93L-005057;1295, 1672;"{""total_rows"":2,""count_ok_importar"":2,""count_ok_eliminar"":0,""count_pending"":0,""count_review_action"":0,""count_other"":0}";import;qa_ok_importar_found
X59414100027;EXHAUST LINE INNER ELEMENT;;5.734 kg;import;qa_ok_importar_found;true;16;12V4000M53, 16V4000M73, 16V4000M73L, 20V4000M93, 20V4000M93L;RB-12V4000M53-001207, RB-12V4000M53-004338, RB-16V4000M73-001249, RB-16V4000M73-004443, RB-16V4000M73-007637, RB-16V4000M73-010843, RB-16V4000M73L-001057, RB-16V4000M73L-004388, RB-16V4000M73L-006876, RB-16V4000M73L-009382, RB-20V4000M93-001618, RB-20V4000M93-005331, RB-20V4000M93-009044, RB-20V4000M93-012757, RB-20V4000M93L-001479, RB-20V4000M93L-005050;163, 518, 180, 534, 888, 1243, 169, 655, 1000, 1340, 206, 602, 998, 1394, 1294, 1671;"{""total_rows"":16,""count_ok_importar"":16,""count_ok_eliminar"":0,""count_pending"":0,""count_review_action"":0,""count_other"":0}";import;qa_ok_importar_found
X59414500018;EXHAUST PIPE BELLOWS;;13,350 KG;import;qa_ok_importar_found;true;4;16V4000M73L;RB-16V4000M73L-001142, RB-16V4000M73L-004473, RB-16V4000M73L-006961, RB-16V4000M73L-009467;180, 666, 1011, 1351;"{""total_rows"":4,""count_ok_importar"":4,""count_ok_eliminar"":0,""count_pending"":0,""count_review_action"":0,""count_other"":0}";import;qa_ok_importar_found
X59418300007;GUIDE HOUSING;;63.500 kg;import;qa_ok_importar_found;true;2;20V4000M93L;RB-20V4000M93L-002087, RB-20V4000M93L-005717;1355, 1735;"{""total_rows"":2,""count_ok_importar"":2,""count_ok_eliminar"":0,""count_pending"":0,""count_review_action"":0,""count_other"":0}";import;qa_ok_importar_found
X59418400001;OIL SPRAY NOZZLE;;197.000 g;import;qa_ok_importar_found;true;4;20V4000M93L;RB-20V4000M93L-002110, RB-20V4000M93L-002119, RB-20V4000M93L-005740, RB-20V4000M93L-005749;1358, 1738;"{""total_rows"":4,""count_ok_importar"":4,""count_ok_eliminar"":0,""count_pending"":0,""count_review_action"":0,""count_other"":0}";import;qa_ok_importar_found
X59418400002;RETAINER;;169.000 g;import;qa_ok_importar_found;true;4;20V4000M93L;RB-20V4000M93L-002107, RB-20V4000M93L-002116, RB-20V4000M93L-005737, RB-20V4000M93L-005746;1358, 1738;"{""total_rows"":4,""count_ok_importar"":4,""count_ok_eliminar"":0,""count_pending"":0,""count_review_action"":0,""count_other"":0}";import;qa_ok_importar_found
X59418400003;RETAINER;;172.300 g;import;qa_ok_importar_found;true;4;20V4000M93L;RB-20V4000M93L-002106, RB-20V4000M93L-002115, RB-20V4000M93L-005736, RB-20V4000M93L-005745;1358, 1738;"{""total_rows"":4,""count_ok_importar"":4,""count_ok_eliminar"":0,""count_pending"":0,""count_review_action"":0,""count_other"":0}";import;qa_ok_importar_found
X59418500017;RETAINER F/TURBO OIL SUPPLY;;1.620 kg;import;qa_ok_importar_found;true;16;12V4000M53, 16V4000M73, 16V4000M73L, 20V4000M93, 20V4000M93L;RB-12V4000M53-001262, RB-12V4000M53-004393, RB-16V4000M73-001304, RB-16V4000M73-004498, RB-16V4000M73-007692, RB-16V4000M73-010898, RB-16V4000M73L-001108, RB-16V4000M73L-004439, RB-16V4000M73L-006927, RB-16V4000M73L-009429, RB-20V4000M93-001522, RB-20V4000M93-005235, RB-20V4000M93-008948, RB-20V4000M93-012661, RB-20V4000M93L-001525, RB-20V4000M93L-005096;170, 525, 185, 539, 893, 1248, 173, 659, 1004, 1344, 195, 591, 987, 1383, 1297, 1674;"{""total_rows"":16,""count_ok_importar"":16,""count_ok_eliminar"":0,""count_pending"":0,""count_review_action"":0,""count_other"":0}";import;qa_ok_importar_found
X59418500037;RETAINER;;478.800 g;import;qa_ok_importar_found;true;6;12V4000M53, 20V4000M93;RB-12V4000M53-001640, RB-12V4000M53-004771, RB-20V4000M93-002045, RB-20V4000M93-005758, RB-20V4000M93-009471, RB-20V4000M93-013184;216, 571, 252, 648, 1044, 1440;"{""total_rows"":6,""count_ok_importar"":6,""count_ok_eliminar"":0,""count_pending"":0,""count_review_action"":0,""count_other"":0}";import;qa_ok_importar_found
X59420200275;COOLANT LINE;;506,000 g;import;qa_ok_importar_found;true;2;12V4000M53;RB-12V4000M53-002029, RB-12V4000M53-005160;243, 598;"{""total_rows"":2,""count_ok_importar"":2,""count_ok_eliminar"":0,""count_pending"":0,""count_review_action"":0,""count_other"":0}";import;qa_ok_importar_found
X59420300001;COVER PLATE FOR SEAWATER COOLER;;44,800 KG;import;qa_ok_importar_found;true;6;16V4000M73L, 20V4000M93L;RB-16V4000M73L-001684, RB-16V4000M73L-005015, RB-16V4000M73L-007503, RB-16V4000M73L-010009, RB-20V4000M93L-002773, RB-20V4000M93L-006403;242, 728, 1073, 1409, 1403, 1783;"{""total_rows"":6,""count_ok_importar"":6,""count_ok_eliminar"":0,""count_pending"":0,""count_review_action"":0,""count_other"":0}";import;qa_ok_importar_found
X59420300046;VENT LINE;;0.192 KGM;import;qa_ok_importar_found;true;2;12V4000M53;RB-12V4000M53-001874, RB-12V4000M53-005005;238, 593;"{""total_rows"":2,""count_ok_importar"":2,""count_ok_eliminar"":0,""count_pending"":0,""count_review_action"":0,""count_other"":0}";import;qa_ok_importar_found
X59420500001;BASE PLATE;;120.000 kg;import;qa_ok_importar_found;true;10;16V4000M73, 16V4000M73L, 20V4000M93L;RB-16V4000M73-002316, RB-16V4000M73-005510, RB-16V4000M73-008716, RB-16V4000M73-011916, RB-16V4000M73L-001652, RB-16V4000M73L-004983, RB-16V4000M73L-007471, RB-16V4000M73L-009977, RB-20V4000M93L-002749, RB-20V4000M93L-006379;277, 631, 986, 1340, 238, 724, 1069, 1405, 1400, 1780;"{""total_rows"":10,""count_ok_importar"":10,""count_ok_eliminar"":0,""count_pending"":0,""count_review_action"":0,""count_other"":0}";import;qa_ok_importar_found
X59420600002;COOLANT DISTRIB HSG;;155.000 kg;import;qa_ok_importar_found;true;2;20V4000M93L;RB-20V4000M93L-002794, RB-20V4000M93L-006424;1409, 1789;"{""total_rows"":2,""count_ok_importar"":2,""count_ok_eliminar"":0,""count_pending"":0,""count_review_action"":0,""count_other"":0}";import;qa_ok_importar_found
X59420600011;THERMOSTAT HOUSING;;36.000 kg;import;qa_ok_importar_found;true;8;16V4000M73, 16V4000M73L;RB-16V4000M73-002378, RB-16V4000M73-005572, RB-16V4000M73-008778, RB-16V4000M73-011978, RB-16V4000M73L-001687, RB-16V4000M73L-005018, RB-16V4000M73L-007506, RB-16V4000M73L-010012;287, 641, 996, 1350, 243, 729, 1074, 1410;"{""total_rows"":8,""count_ok_importar"":8,""count_ok_eliminar"":0,""count_pending"":0,""count_review_action"":0,""count_other"":0}";import;qa_ok_importar_found
X59420700008;SEAWATER PUMP;;44.000 kg;import;qa_ok_importar_found;true;14;16V4000M73, 16V4000M73L, 20V4000M93, 20V4000M93L;RB-16V4000M73-002442, RB-16V4000M73-005636, RB-16V4000M73-008842, RB-16V4000M73-012042, RB-16V4000M73L-001876, RB-16V4000M73L-005207, RB-16V4000M73L-007695, RB-16V4000M73L-010201, RB-20V4000M93-002836, RB-20V4000M93-006549, RB-20V4000M93-010262, RB-20V4000M93-013975, RB-20V4000M93L-002886, RB-20V4000M93L-006516;293, 647, 1002, 1356, 255, 741, 1086, 1422, 309, 705, 1101, 1497, 1418, 1798;"{""total_rows"":14,""count_ok_importar"":14,""count_ok_eliminar"":0,""count_pending"":0,""count_review_action"":0,""count_other"":0}";import;qa_ok_importar_found
X59420700010;COOLANT ELBOW FOR RAW WATER OUTLE;;12.000 kg;import;qa_ok_importar_found;true;2;20V4000M93L;RB-20V4000M93L-002874, RB-20V4000M93L-006504;1416, 1796;"{""total_rows"":2,""count_ok_importar"":2,""count_ok_eliminar"":0,""count_pending"":0,""count_review_action"":0,""count_other"":0}";import;qa_ok_importar_found
X59499100442;RETAINER;;760,000 g;import;qa_ok_importar_found;true;2;12V4000M53;RB-12V4000M53-001547, RB-12V4000M53-004678;213, 568;"{""total_rows"":2,""count_ok_importar"":2,""count_ok_eliminar"":0,""count_pending"":0,""count_review_action"":0,""count_other"":0}";import;qa_ok_importar_found
X59499100575;EXH PIPE BELLOWS;;23.000 kg;import;qa_ok_importar_found;true;2;16V4000M73;RB-16V4000M73-007744, RB-16V4000M73-010950;902, 1257;"{""total_rows"":2,""count_ok_importar"":2,""count_ok_eliminar"":0,""count_pending"":0,""count_review_action"":0,""count_other"":0}";import;qa_ok_importar_found
X59499100575/87;EXH PIPE BELLOWS WITH TEST CERT. 3.1;;21,700 kg;import;qa_ok_importar_found;true;2;12V4000M53;RB-12V4000M53-001296, RB-12V4000M53-004427;176, 531;"{""total_rows"":2,""count_ok_importar"":2,""count_ok_eliminar"":0,""count_pending"":0,""count_review_action"":0,""count_other"":0}";import;qa_ok_importar_found
X59501100005;CRANKCASE;;2083.000 k;import;qa_ok_importar_found;true;8;16V4000M73, 16V4000M73L;RB-16V4000M73-000031, RB-16V4000M73-003225, RB-16V4000M73-006419, RB-16V4000M73-009625, RB-16V4000M73L-000023, RB-16V4000M73L-003346, RB-16V4000M73L-005834, RB-16V4000M73L-008350;26, 380, 734, 1089, 15, 500, 845, 1188;"{""total_rows"":8,""count_ok_importar"":8,""count_ok_eliminar"":0,""count_pending"":0,""count_review_action"":0,""count_other"":0}";import;qa_ok_importar_found
X59501400006;OIL PAN;;144.000 kg;import;qa_ok_importar_found;true;8;16V4000M73, 16V4000M73L;RB-16V4000M73-000094, RB-16V4000M73-003288, RB-16V4000M73-006482, RB-16V4000M73-009688, RB-16V4000M73L-000078, RB-16V4000M73L-003408, RB-16V4000M73L-005896, RB-16V4000M73L-008405;33, 387, 741, 1096, 22, 507, 852, 1195;"{""total_rows"":8,""count_ok_importar"":8,""count_ok_eliminar"":0,""count_pending"":0,""count_review_action"":0,""count_other"":0}";import;qa_ok_importar_found
X59507300003;HP PUMP;;80.000 kg;import;qa_ok_importar_found;true;12;16V4000M73, 16V4000M73L, 20V4000M93;RB-16V4000M73-000535, RB-16V4000M73-003729, RB-16V4000M73-006923, RB-16V4000M73-010129, RB-16V4000M73L-000461, RB-16V4000M73L-003791, RB-16V4000M73L-006279, RB-16V4000M73L-008788, RB-20V4000M93-000551, RB-20V4000M93-004264, RB-20V4000M93-007977, RB-20V4000M93-011690;101, 455, 809, 1164, 87, 572, 917, 1260, 98, 494, 890, 1286;"{""total_rows"":12,""count_ok_importar"":12,""count_ok_eliminar"":0,""count_pending"":0,""count_review_action"":0,""count_other"":0}";import;qa_ok_importar_found
X59507300003/87;HP PUMP W/ACCEPT CERTIFICAT;;85.000 kg;import;qa_ok_importar_found;true;4;16V4000M73;RB-16V4000M73-000536, RB-16V4000M73-003730, RB-16V4000M73-006924, RB-16V4000M73-010130;101, 455, 809, 1164;"{""total_rows"":4,""count_ok_importar"":4,""count_ok_eliminar"":0,""count_pending"":0,""count_review_action"":0,""count_other"":0}";import;qa_ok_importar_found
X59507700002;HP FUEL LINE;;4.956 kg;import;qa_ok_importar_found;true;14;12V4000M53, 16V4000M73, 16V4000M73L, 20V4000M93;RB-12V4000M53-000533, RB-12V4000M53-003664, RB-16V4000M73-000550, RB-16V4000M73-003744, RB-16V4000M73-006938, RB-16V4000M73-010144, RB-16V4000M73L-000471, RB-16V4000M73L-003801, RB-16V4000M73L-006289, RB-16V4000M73L-008798, RB-20V4000M93-000570, RB-20V4000M93-004283, RB-20V4000M93-007996, RB-20V4000M93-011709;101, 456, 106, 460, 814, 1169, 92, 577, 922, 1265, 105, 501, 897, 1293;"{""total_rows"":14,""count_ok_importar"":14,""count_ok_eliminar"":0,""count_pending"":0,""count_review_action"":0,""count_other"":0}";import;qa_ok_importar_found
X59507700003;HP FUEL LINE;;3.330 kg;import;qa_ok_importar_found;true;14;12V4000M53, 16V4000M73, 16V4000M73L, 20V4000M93;RB-12V4000M53-000545, RB-12V4000M53-003676, RB-16V4000M73-000556, RB-16V4000M73-003750, RB-16V4000M73-006944, RB-16V4000M73-010150, RB-16V4000M73L-000477, RB-16V4000M73L-003807, RB-16V4000M73L-006295, RB-16V4000M73L-008804, RB-20V4000M93-000578, RB-20V4000M93-004291, RB-20V4000M93-008004, RB-20V4000M93-011717;101, 456, 106, 460, 814, 1169, 92, 577, 922, 1265, 105, 501, 897, 1293;"{""total_rows"":14,""count_ok_importar"":14,""count_ok_eliminar"":0,""count_pending"":0,""count_review_action"":0,""count_other"":0}";import;qa_ok_importar_found
X59507700004;HP FUEL LINE;;6.070 kg;import;qa_ok_importar_found;true;14;12V4000M53, 16V4000M73, 16V4000M73L, 20V4000M93;RB-12V4000M53-000546, RB-12V4000M53-003677, RB-16V4000M73-000557, RB-16V4000M73-003751, RB-16V4000M73-006945, RB-16V4000M73-010151, RB-16V4000M73L-000478, RB-16V4000M73L-003808, RB-16V4000M73L-006296, RB-16V4000M73L-008805, RB-20V4000M93-000579, RB-20V4000M93-004292, RB-20V4000M93-008005, RB-20V4000M93-011718;101, 456, 106, 460, 814, 1169, 92, 577, 922, 1265, 105, 501, 897, 1293;"{""total_rows"":14,""count_ok_importar"":14,""count_ok_eliminar"":0,""count_pending"":0,""count_review_action"":0,""count_other"":0}";import;qa_ok_importar_found
X59508200014;RETAINER;;1.300 kg;import;qa_ok_importar_found;true;2;20V4000M93L;RB-20V4000M93L-000633, RB-20V4000M93L-004167;1215, 1588;"{""total_rows"":2,""count_ok_importar"":2,""count_ok_eliminar"":0,""count_pending"":0,""count_review_action"":0,""count_other"":0}";import;qa_ok_importar_found
X59510100079;EXHAUST TURBOCHARGER LEFT;;114.000 kg;import;qa_ok_importar_found;true;8;16V4000M73, 16V4000M73L;RB-16V4000M73-000853, RB-16V4000M73-004047, RB-16V4000M73-007241, RB-16V4000M73-010447, RB-16V4000M73L-000699, RB-16V4000M73L-004029, RB-16V4000M73L-006517, RB-16V4000M73L-009026;138, 492, 846, 1201, 123, 608, 953, 1296;"{""total_rows"":8,""count_ok_importar"":8,""count_ok_eliminar"":0,""count_pending"":0,""count_review_action"":0,""count_other"":0}";import;qa_ok_importar_found
X59510100080;EXHAUST TURBOCHARGER RIGHT;;116.500 kg;import;qa_ok_importar_found;true;8;16V4000M73, 16V4000M73L;RB-16V4000M73-000854, RB-16V4000M73-004048, RB-16V4000M73-007242, RB-16V4000M73-010448, RB-16V4000M73L-000700, RB-16V4000M73L-004030, RB-16V4000M73L-006518, RB-16V4000M73L-009027;138, 492, 846, 1201, 123, 608, 953, 1296;"{""total_rows"":8,""count_ok_importar"":8,""count_ok_eliminar"":0,""count_pending"":0,""count_review_action"":0,""count_other"":0}";import;qa_ok_importar_found
X59511400003/31;INTERCOOLER;;585.000 kg;import;qa_ok_importar_found;true;4;16V4000M73;RB-16V4000M73-000990, RB-16V4000M73-004184, RB-16V4000M73-007378, RB-16V4000M73-010584;151, 505, 859, 1214;"{""total_rows"":4,""count_ok_importar"":4,""count_ok_eliminar"":0,""count_pending"":0,""count_review_action"":0,""count_other"":0}";import;qa_ok_importar_found
X59511400003/87;INTERCOOLER;;615 KG;import;qa_ok_importar_found;true;4;16V4000M73L;RB-16V4000M73L-000836, RB-16V4000M73L-004166, RB-16V4000M73L-006654, RB-16V4000M73L-009161;136, 621, 966, 1308;"{""total_rows"":4,""count_ok_importar"":4,""count_ok_eliminar"":0,""count_pending"":0,""count_review_action"":0,""count_other"":0}";import;qa_ok_importar_found
X59511400008;HEAT SHIELD;;36,460 KG;import;qa_ok_importar_found;true;8;16V4000M73, 16V4000M73L;RB-16V4000M73-000991, RB-16V4000M73-004185, RB-16V4000M73-007379, RB-16V4000M73-010585, RB-16V4000M73L-000837, RB-16V4000M73L-004167, RB-16V4000M73L-006655, RB-16V4000M73L-009162;151, 505, 859, 1214, 136, 621, 966, 1308;"{""total_rows"":8,""count_ok_importar"":8,""count_ok_eliminar"":0,""count_pending"":0,""count_review_action"":0,""count_other"":0}";import;qa_ok_importar_found
X59511400012/31;INTERCOOLER LR ACCEPTANCE;;490,000 kg;import;qa_ok_importar_found;true;2;12V4000M53;RB-12V4000M53-000982, RB-12V4000M53-004113;138, 493;"{""total_rows"":2,""count_ok_importar"":2,""count_ok_eliminar"":0,""count_pending"":0,""count_review_action"":0,""count_other"":0}";import;qa_ok_importar_found
X59518500011;RETAINER;;519.000 g;import;qa_ok_importar_found;true;8;16V4000M73, 16V4000M73L;RB-16V4000M73-001775, RB-16V4000M73-004969, RB-16V4000M73-008175, RB-16V4000M73-011375, RB-16V4000M73L-001251, RB-16V4000M73L-004582, RB-16V4000M73L-007070, RB-16V4000M73L-009576;234, 588, 943, 1297, 195, 681, 1026, 1364;"{""total_rows"":8,""count_ok_importar"":8,""count_ok_eliminar"":0,""count_pending"":0,""count_review_action"":0,""count_other"":0}";import;qa_ok_importar_found
X59518500043;OIL RETURN LINE;;622,500 g;import;qa_ok_importar_found;true;2;12V4000M53;RB-12V4000M53-001637, RB-12V4000M53-004768;216, 571;"{""total_rows"":2,""count_ok_importar"":2,""count_ok_eliminar"":0,""count_pending"":0,""count_review_action"":0,""count_other"":0}";import;qa_ok_importar_found
X59518500044;OIL RETURN LINE;;670,000 g;import;qa_ok_importar_found;true;2;12V4000M53;RB-12V4000M53-001662, RB-12V4000M53-004793;217, 572;"{""total_rows"":2,""count_ok_importar"":2,""count_ok_eliminar"":0,""count_pending"":0,""count_review_action"":0,""count_other"":0}";import;qa_ok_importar_found
X59520200024;COOLANT LINE;;10.000 kg;import;qa_ok_importar_found;true;8;16V4000M73, 16V4000M73L;RB-16V4000M73-002097, RB-16V4000M73-005291, RB-16V4000M73-008497, RB-16V4000M73-011697, RB-16V4000M73L-001970, RB-16V4000M73L-005301, RB-16V4000M73L-007789, RB-16V4000M73L-010295;267, 621, 976, 1330, 263, 749, 1094, 1430;"{""total_rows"":8,""count_ok_importar"":8,""count_ok_eliminar"":0,""count_pending"":0,""count_review_action"":0,""count_other"":0}";import;qa_ok_importar_found
X59520200167;PREHEATER;;32.000 kg;import;qa_ok_importar_found;true;4;16V4000M73;RB-16V4000M73-002080, RB-16V4000M73-005274, RB-16V4000M73-008480, RB-16V4000M73-011680;264, 618, 973, 1327;"{""total_rows"":4,""count_ok_importar"":4,""count_ok_eliminar"":0,""count_pending"":0,""count_review_action"":0,""count_other"":0}";import;qa_ok_importar_found
X59541200002;FILTER ELEMENT;FC-001-040 - 70806164;2,000 kg;import;qa_ok_importar_found;true;1;12V4000M53;RB-12V4000M53-006341;750;"{""total_rows"":1,""count_ok_importar"":1,""count_ok_eliminar"":0,""count_pending"":0,""count_review_action"":0,""count_other"":0}";import;qa_ok_importar_found
X59601100009;INSPECT PORT COVER FOR SENSOR;;4.900 kg;import;qa_ok_importar_found;true;26;16V4000M73, 16V4000M73L, 20V4000M93, 20V4000M93L;RB-16V4000M73-000020, RB-16V4000M73-000079, RB-16V4000M73-003214, RB-16V4000M73-003273, RB-16V4000M73-006408, RB-16V4000M73-006467, RB-16V4000M73-009614, RB-16V4000M73-009673, RB-16V4000M73L-000013, RB-16V4000M73L-000068, RB-16V4000M73L-003336, RB-16V4000M73L-005824, RB-16V4000M73L-008340, RB-16V4000M73L-008395, RB-20V4000M93-000073, RB-20V4000M93-000078, RB-20V4000M93-003786, RB-20V4000M93-003791, RB-20V4000M93-007499, RB-20V4000M93-007504, RB-20V4000M93-011212, RB-20V4000M93-011217, RB-20V4000M93L-000072, RB-20V4000M93L-000077, RB-20V4000M93L-003606, RB-20V4000M93L-003611;24, 29, 378, 383, 732, 737, 1087, 1092, 13, 18, 498, 843, 1186, 1191, 26, 422, 425, 818, 821, 1214, 1217, 1128, 1131, 1501, 1504;"{""total_rows"":26,""count_ok_importar"":26,""count_ok_eliminar"":0,""count_pending"":0,""count_review_action"":0,""count_other"":0}";import;qa_ok_importar_found
X59601100011;COVER;;44.000 kg;import;qa_ok_importar_found;true;2;20V4000M93L;RB-20V4000M93L-000033, RB-20V4000M93L-003567;1125, 1498;"{""total_rows"":2,""count_ok_importar"":2,""count_ok_eliminar"":0,""count_pending"":0,""count_review_action"":0,""count_other"":0}";import;qa_ok_importar_found
X59601400003;OIL PAN;;480.000 kg;import;qa_ok_importar_found;true;4;20V4000M93;RB-20V4000M93-000100, RB-20V4000M93-003813, RB-20V4000M93-007526, RB-20V4000M93-011239;32, 428, 824, 1220;"{""total_rows"":4,""count_ok_importar"":4,""count_ok_eliminar"":0,""count_pending"":0,""count_review_action"":0,""count_other"":0}";import;qa_ok_importar_found
X59601800005;SUPPORT F OIL SEPARATOR;;343.400 g;import;qa_ok_importar_found;true;6;20V4000M93, 20V4000M93L;RB-20V4000M93-000164, RB-20V4000M93-003877, RB-20V4000M93-007590, RB-20V4000M93-011303, RB-20V4000M93L-000161, RB-20V4000M93L-003695;40, 436, 832, 1228, 1142, 1515;"{""total_rows"":6,""count_ok_importar"":6,""count_ok_eliminar"":0,""count_pending"":0,""count_review_action"":0,""count_other"":0}";import;qa_ok_importar_found
X59601800008;GASKET;;52.500 g;import;qa_ok_importar_found;true;2;20V4000M93L;RB-20V4000M93L-000162, RB-20V4000M93L-003696;1142, 1515;"{""total_rows"":2,""count_ok_importar"":2,""count_ok_eliminar"":0,""count_pending"":0,""count_review_action"":0,""count_other"":0}";import;qa_ok_importar_found
X59601800047;OIL PRESEPARATOR;;9.780 kg;import;qa_ok_importar_found;true;2;20V4000M93L;RB-20V4000M93L-000164, RB-20V4000M93L-003698;1142, 1515;"{""total_rows"":2,""count_ok_importar"":2,""count_ok_eliminar"":0,""count_pending"":0,""count_review_action"":0,""count_other"":0}";import;qa_ok_importar_found
X59602400009;EQUIPMENT RACK;;253.000 kg;import;qa_ok_importar_found;true;2;20V4000M93L;RB-20V4000M93L-000286, RB-20V4000M93L-003820;1152, 1525;"{""total_rows"":2,""count_ok_importar"":2,""count_ok_eliminar"":0,""count_pending"":0,""count_review_action"":0,""count_other"":0}";import;qa_ok_importar_found
X59603100002;CRANKSHAFT;;820.000 kg;import;qa_ok_importar_found;true;6;20V4000M93, 20V4000M93L;RB-20V4000M93-000340, RB-20V4000M93-004053, RB-20V4000M93-007766, RB-20V4000M93-011479, RB-20V4000M93L-000335, RB-20V4000M93L-003869;57, 453, 849, 1245, 1158, 1531;"{""total_rows"":6,""count_ok_importar"":6,""count_ok_eliminar"":0,""count_pending"":0,""count_review_action"":0,""count_other"":0}";import;qa_ok_importar_found
X59603100002/30;CRANKSHAFT GL ACCEPTANCE;;850.000 kg;import;qa_ok_importar_found;true;2;20V4000M93L;RB-20V4000M93L-000333, RB-20V4000M93L-003867;1157, 1530;"{""total_rows"":2,""count_ok_importar"":2,""count_ok_eliminar"":0,""count_pending"":0,""count_review_action"":0,""count_other"":0}";import;qa_ok_importar_found
X59610100058;COMPRESSOR HOUSING;;37.900 kg;import;qa_ok_importar_found;true;16;20V4000M93;RB-20V4000M93-000932, RB-20V4000M93-000998, RB-20V4000M93-001056, RB-20V4000M93-001114, RB-20V4000M93-004645, RB-20V4000M93-004711, RB-20V4000M93-004769, RB-20V4000M93-004827, RB-20V4000M93-008358, RB-20V4000M93-008424, RB-20V4000M93-008482, RB-20V4000M93-008540, RB-20V4000M93-012071, RB-20V4000M93-012137, RB-20V4000M93-012195, RB-20V4000M93-012253;140, 147, 150, 153, 536, 543, 546, 549, 932, 939, 942, 945, 1328, 1335, 1338, 1341;"{""total_rows"":16,""count_ok_importar"":16,""count_ok_eliminar"":0,""count_pending"":0,""count_review_action"":0,""count_other"":0}";import;qa_ok_importar_found
X59610100113;EXHAUST TURBOCHARGER LEFT;;92.000 kg;import;qa_ok_importar_found;true;2;20V4000M93L;RB-20V4000M93L-000816, RB-20V4000M93L-004387;1235, 1612;"{""total_rows"":2,""count_ok_importar"":2,""count_ok_eliminar"":0,""count_pending"":0,""count_review_action"":0,""count_other"":0}";import;qa_ok_importar_found
X59610100114;EXHAUST TURBOCHARGER RIGHT;;95.500 kg;import;qa_ok_importar_found;true;2;20V4000M93L;RB-20V4000M93L-000817, RB-20V4000M93L-004388;1235, 1612;"{""total_rows"":2,""count_ok_importar"":2,""count_ok_eliminar"":0,""count_pending"":0,""count_review_action"":0,""count_other"":0}";import;qa_ok_importar_found
X59610100115;EXHAUST TURBOCHARGER LEFT;;96.700 kg;import;qa_ok_importar_found;true;2;20V4000M93L;RB-20V4000M93L-000818, RB-20V4000M93L-004389;1235, 1612;"{""total_rows"":2,""count_ok_importar"":2,""count_ok_eliminar"":0,""count_pending"":0,""count_review_action"":0,""count_other"":0}";import;qa_ok_importar_found
X59610100116;EXHAUST TURBOCHARGER RIGHT;;93.400 kg;import;qa_ok_importar_found;true;2;20V4000M93L;RB-20V4000M93L-000819, RB-20V4000M93L-004390;1235, 1612;"{""total_rows"":2,""count_ok_importar"":2,""count_ok_eliminar"":0,""count_pending"":0,""count_review_action"":0,""count_other"":0}";import;qa_ok_importar_found
X59610100121;EXHAUST FLAP;;0.702 kg;import;qa_ok_importar_found;true;6;20V4000M93L;RB-20V4000M93L-000940, RB-20V4000M93L-001000, RB-20V4000M93L-001060, RB-20V4000M93L-004511, RB-20V4000M93L-004571, RB-20V4000M93L-004631;1245, 1248, 1251, 1622, 1625, 1628;"{""total_rows"":6,""count_ok_importar"":6,""count_ok_eliminar"":0,""count_pending"":0,""count_review_action"":0,""count_other"":0}";import;qa_ok_importar_found
X59610100122;SHAFT;;0.131 kg;import;qa_ok_importar_found;true;14;12V4000M53, 16V4000M73, 16V4000M73L, 20V4000M93;RB-12V4000M53-000980, RB-12V4000M53-004111, RB-16V4000M73-000988, RB-16V4000M73-004182, RB-16V4000M73-007376, RB-16V4000M73-010582, RB-16V4000M73L-000710, RB-16V4000M73L-004040, RB-16V4000M73L-006528, RB-16V4000M73L-009037, RB-20V4000M93-000899, RB-20V4000M93-004612, RB-20V4000M93-008325, RB-20V4000M93-012038;136, 491, 149, 503, 857, 1212, 124, 609, 954, 1297, 138, 534, 930, 1326;"{""total_rows"":14,""count_ok_importar"":14,""count_ok_eliminar"":0,""count_pending"":0,""count_review_action"":0,""count_other"":0}";import;qa_ok_importar_found
X59610100194;EXHAUST TURBOCHARGER LEFT INACTIVE ZR175;;104.000 kg;import;qa_ok_importar_found;true;4;20V4000M93;RB-20V4000M93-000878, RB-20V4000M93-004591, RB-20V4000M93-008304, RB-20V4000M93-012017;137, 533, 929, 1325;"{""total_rows"":4,""count_ok_importar"":4,""count_ok_eliminar"":0,""count_pending"":0,""count_review_action"":0,""count_other"":0}";import;qa_ok_importar_found
X59610100195;EXHAUST TURBOCHARGER RIGHT ACTIVE;;101.500 kg;import;qa_ok_importar_found;true;4;20V4000M93;RB-20V4000M93-000879, RB-20V4000M93-004592, RB-20V4000M93-008305, RB-20V4000M93-012018;137, 533, 929, 1325;"{""total_rows"":4,""count_ok_importar"":4,""count_ok_eliminar"":0,""count_pending"":0,""count_review_action"":0,""count_other"":0}";import;qa_ok_importar_found
X59610100196;EXHAUST TURBOCHARGER LEFT ACTIVE;;97.000 kg;import;qa_ok_importar_found;true;4;20V4000M93;RB-20V4000M93-000880, RB-20V4000M93-004593, RB-20V4000M93-008306, RB-20V4000M93-012019;137, 533, 929, 1325;"{""total_rows"":4,""count_ok_importar"":4,""count_ok_eliminar"":0,""count_pending"":0,""count_review_action"":0,""count_other"":0}";import;qa_ok_importar_found
X59610100197;EXHAUST TURBOCHARGER RIGHT ACTIVE;;112.500 kg;import;qa_ok_importar_found;true;4;20V4000M93;RB-20V4000M93-000881, RB-20V4000M93-004594, RB-20V4000M93-008307, RB-20V4000M93-012020;137, 533, 929, 1325;"{""total_rows"":4,""count_ok_importar"":4,""count_ok_eliminar"":0,""count_pending"":0,""count_review_action"":0,""count_other"":0}";import;qa_ok_importar_found
X59611100003;BRACKET LEFT;;35.222 kg;import;qa_ok_importar_found;true;14;16V4000M73, 16V4000M73L, 20V4000M93, 20V4000M93L;RB-16V4000M73-000992, RB-16V4000M73-004186, RB-16V4000M73-007380, RB-16V4000M73-010586, RB-16V4000M73L-000838, RB-16V4000M73L-004168, RB-16V4000M73L-006656, RB-16V4000M73L-009163, RB-20V4000M93-001143, RB-20V4000M93-004856, RB-20V4000M93-008569, RB-20V4000M93-012282, RB-20V4000M93L-001079, RB-20V4000M93L-004650;151, 505, 859, 1214, 136, 621, 966, 1308, 156, 552, 948, 1344, 1254, 1631;"{""total_rows"":14,""count_ok_importar"":14,""count_ok_eliminar"":0,""count_pending"":0,""count_review_action"":0,""count_other"":0}";import;qa_ok_importar_found
X59611300003;BRACKET RIGHT;;36.388 kg;import;qa_ok_importar_found;true;14;16V4000M73, 16V4000M73L, 20V4000M93, 20V4000M93L;RB-16V4000M73-000993, RB-16V4000M73-004187, RB-16V4000M73-007381, RB-16V4000M73-010587, RB-16V4000M73L-000839, RB-16V4000M73L-004169, RB-16V4000M73L-006657, RB-16V4000M73L-009164, RB-20V4000M93-001144, RB-20V4000M93-004857, RB-20V4000M93-008570, RB-20V4000M93-012283, RB-20V4000M93L-001080, RB-20V4000M93L-004651;151, 505, 859, 1214, 136, 621, 966, 1308, 156, 552, 948, 1344, 1254, 1631;"{""total_rows"":14,""count_ok_importar"":14,""count_ok_eliminar"":0,""count_pending"":0,""count_review_action"":0,""count_other"":0}";import;qa_ok_importar_found
X59611400005/87;INTERCOOLER WITH TEST CERT. 3.1;;615.000 kg;import;qa_ok_importar_found;true;2;20V4000M93L;RB-20V4000M93L-001077, RB-20V4000M93L-004648;1254, 1631;"{""total_rows"":2,""count_ok_importar"":2,""count_ok_eliminar"":0,""count_pending"":0,""count_review_action"":0,""count_other"":0}";import;qa_ok_importar_found
X59611400009;SUPPORT FOR INTERCOOLER;;33.688 kg;import;qa_ok_importar_found;true;2;20V4000M93L;RB-20V4000M93L-001088, RB-20V4000M93L-004659;1254, 1631;"{""total_rows"":2,""count_ok_importar"":2,""count_ok_eliminar"":0,""count_pending"":0,""count_review_action"":0,""count_other"":0}";import;qa_ok_importar_found
X59611400013;HEAT SHIELD FOR INTERCOOLER;;50.000 kg;import;qa_ok_importar_found;true;2;20V4000M93L;RB-20V4000M93L-001078, RB-20V4000M93L-004649;1254, 1631;"{""total_rows"":2,""count_ok_importar"":2,""count_ok_eliminar"":0,""count_pending"":0,""count_review_action"":0,""count_other"":0}";import;qa_ok_importar_found
X59611400019;HEAT SHIELD;;47.300 kg;import;qa_ok_importar_found;true;4;20V4000M93;RB-20V4000M93-001142, RB-20V4000M93-004855, RB-20V4000M93-008568, RB-20V4000M93-012281;156, 552, 948, 1344;"{""total_rows"":4,""count_ok_importar"":4,""count_ok_eliminar"":0,""count_pending"":0,""count_review_action"":0,""count_other"":0}";import;qa_ok_importar_found
X59611400024/87;INTERCOOLER WITH TEST CERT. 3.1;;937.000 kg;import;qa_ok_importar_found;true;4;20V4000M93;RB-20V4000M93-001141, RB-20V4000M93-004854, RB-20V4000M93-008567, RB-20V4000M93-012280;156, 552, 948, 1344;"{""total_rows"":4,""count_ok_importar"":4,""count_ok_eliminar"":0,""count_pending"":0,""count_review_action"":0,""count_other"":0}";import;qa_ok_importar_found
X59612300001;LEVER;;297.000 g;import;qa_ok_importar_found;true;2;20V4000M93L;RB-20V4000M93L-001171, RB-20V4000M93L-004742;1267, 1644;"{""total_rows"":2,""count_ok_importar"":2,""count_ok_eliminar"":0,""count_pending"":0,""count_review_action"":0,""count_other"":0}";import;qa_ok_importar_found
X59612300016;INTAKE HOUSING;;14.860 kg;import;qa_ok_importar_found;true;14;16V4000M73, 16V4000M73L, 20V4000M93, 20V4000M93L;RB-16V4000M73-001036, RB-16V4000M73-004230, RB-16V4000M73-007424, RB-16V4000M73-010630, RB-16V4000M73L-000883, RB-16V4000M73L-004214, RB-16V4000M73L-006702, RB-16V4000M73L-009208, RB-20V4000M93-001187, RB-20V4000M93-004900, RB-20V4000M93-008613, RB-20V4000M93-012326, RB-20V4000M93L-001123, RB-20V4000M93L-004694;159, 513, 867, 1222, 146, 632, 977, 1318, 167, 563, 959, 1355, 1265, 1642;"{""total_rows"":14,""count_ok_importar"":14,""count_ok_eliminar"":0,""count_pending"":0,""count_review_action"":0,""count_other"":0}";import;qa_ok_importar_found
X59612300019;INTAKE HOUSING;;6.270 kg;import;qa_ok_importar_found;true;2;20V4000M93L;RB-20V4000M93L-001124, RB-20V4000M93L-004695;1265, 1642;"{""total_rows"":2,""count_ok_importar"":2,""count_ok_eliminar"":0,""count_pending"":0,""count_review_action"":0,""count_other"":0}";import;qa_ok_importar_found
X59614300003;CARRIER HOUSING;;40.000 kg;import;qa_ok_importar_found;true;2;20V4000M93L;RB-20V4000M93L-001502, RB-20V4000M93L-005073;1297, 1674;"{""total_rows"":2,""count_ok_importar"":2,""count_ok_eliminar"":0,""count_pending"":0,""count_review_action"":0,""count_other"":0}";import;qa_ok_importar_found
X59614500003/89;EXHAUST PIPE BELLOWS;;23.000 kg;import;qa_ok_importar_found;true;2;20V4000M93L;RB-20V4000M93L-001593, RB-20V4000M93L-005223;1308, 1688;"{""total_rows"":2,""count_ok_importar"":2,""count_ok_eliminar"":0,""count_pending"":0,""count_review_action"":0,""count_other"":0}";import;qa_ok_importar_found
X59614500004;FLANGE;;4.4 KGM;import;qa_ok_importar_found;true;2;20V4000M93L;RB-20V4000M93L-001592, RB-20V4000M93L-005222;1307, 1687;"{""total_rows"":2,""count_ok_importar"":2,""count_ok_eliminar"":0,""count_pending"":0,""count_review_action"":0,""count_other"":0}";import;qa_ok_importar_found
X59618100018;VALVE HOLDER;;5.300 kg;import;qa_ok_importar_found;true;2;20V4000M93L;RB-20V4000M93L-001861, RB-20V4000M93L-005491;1334, 1714;"{""total_rows"":2,""count_ok_importar"":2,""count_ok_eliminar"":0,""count_pending"":0,""count_review_action"":0,""count_other"":0}";import;qa_ok_importar_found
X59618300008/30;AUTOMATIC OIL FILTER GL ACCEPTANCE;;145.000 kg;import;qa_ok_importar_found;true;2;20V4000M93L;RB-20V4000M93L-001944, RB-20V4000M93L-005574;1346, 1726;"{""total_rows"":2,""count_ok_importar"":2,""count_ok_eliminar"":0,""count_pending"":0,""count_review_action"":0,""count_other"":0}";import;qa_ok_importar_found
X59618300029/87;OIL COOLER;KANAELE: 50 OEL / 51 KM;209.200 kg;import;qa_ok_importar_found;true;4;20V4000M93;RB-20V4000M93-001945, RB-20V4000M93-005658, RB-20V4000M93-009371, RB-20V4000M93-013084;244, 640, 1036, 1432;"{""total_rows"":4,""count_ok_importar"":4,""count_ok_eliminar"":0,""count_pending"":0,""count_review_action"":0,""count_other"":0}";import;qa_ok_importar_found
X59618300033/24;AUTOMATIC OIL FILTER;;138.000 kg;import;qa_ok_importar_found;true;4;20V4000M93;RB-20V4000M93-001803, RB-20V4000M93-005516, RB-20V4000M93-009229, RB-20V4000M93-012942;236, 632, 1028, 1424;"{""total_rows"":4,""count_ok_importar"":4,""count_ok_eliminar"":0,""count_pending"":0,""count_review_action"":0,""count_other"":0}";import;qa_ok_importar_found
X59618500011;OIL RETURN LINE F/TURBO OIL SUPPLY;;625.000 g;import;qa_ok_importar_found;true;2;20V4000M93L;RB-20V4000M93L-001744, RB-20V4000M93L-005374;1331, 1711;"{""total_rows"":2,""count_ok_importar"":2,""count_ok_eliminar"":0,""count_pending"":0,""count_review_action"":0,""count_other"":0}";import;qa_ok_importar_found
X59618500012;OIL LINE F/TURBO OIL SUPPLY;;0.299 KGM;import;qa_ok_importar_found;true;2;20V4000M93L;RB-20V4000M93L-001741, RB-20V4000M93L-005371;1331, 1711;"{""total_rows"":2,""count_ok_importar"":2,""count_ok_eliminar"":0,""count_pending"":0,""count_review_action"":0,""count_other"":0}";import;qa_ok_importar_found
X59618500013;OIL LINE F/TURBO OIL SUPPLY;;287.000 g;import;qa_ok_importar_found;true;2;20V4000M93L;RB-20V4000M93L-001768, RB-20V4000M93L-005398;1331, 1711;"{""total_rows"":2,""count_ok_importar"":2,""count_ok_eliminar"":0,""count_pending"":0,""count_review_action"":0,""count_other"":0}";import;qa_ok_importar_found
X59618500014;OIL RETURN LINE F/TURBO OIL SUPPLY;;655.200 g;import;qa_ok_importar_found;true;2;20V4000M93L;RB-20V4000M93L-001806, RB-20V4000M93L-005436;1332, 1712;"{""total_rows"":2,""count_ok_importar"":2,""count_ok_eliminar"":0,""count_pending"":0,""count_review_action"":0,""count_other"":0}";import;qa_ok_importar_found
X59618500015;OIL LINE F/TURBO OIL SUPPLY;;267.000 g;import;qa_ok_importar_found;true;2;20V4000M93L;RB-20V4000M93L-001803, RB-20V4000M93L-005433;1332, 1712;"{""total_rows"":2,""count_ok_importar"":2,""count_ok_eliminar"":0,""count_pending"":0,""count_review_action"":0,""count_other"":0}";import;qa_ok_importar_found
X59618500016;OIL LINE F/TURBO OIL SUPPLY;;277.000 g;import;qa_ok_importar_found;true;2;20V4000M93L;RB-20V4000M93L-001840, RB-20V4000M93L-005470;1333, 1713;"{""total_rows"":2,""count_ok_importar"":2,""count_ok_eliminar"":0,""count_pending"":0,""count_review_action"":0,""count_other"":0}";import;qa_ok_importar_found
X59618500020;OIL RETURN LINE FROM T/CHARGER, RT;;638.100 g;import;qa_ok_importar_found;true;2;20V4000M93L;RB-20V4000M93L-001843, RB-20V4000M93L-005473;1333, 1713;"{""total_rows"":2,""count_ok_importar"":2,""count_ok_eliminar"":0,""count_pending"":0,""count_review_action"":0,""count_other"":0}";import;qa_ok_importar_found
X59618500021;OIL RETURN LINE;;625.100 g;import;qa_ok_importar_found;true;2;20V4000M93L;RB-20V4000M93L-001771, RB-20V4000M93L-005401;1331, 1711;"{""total_rows"":2,""count_ok_importar"":2,""count_ok_eliminar"":0,""count_pending"":0,""count_review_action"":0,""count_other"":0}";import;qa_ok_importar_found
X59618500028;RETAINER;;0.515 kg;import;qa_ok_importar_found;true;2;20V4000M93L;RB-20V4000M93L-001764, RB-20V4000M93L-005394;1331, 1711;"{""total_rows"":2,""count_ok_importar"":2,""count_ok_eliminar"":0,""count_pending"":0,""count_review_action"":0,""count_other"":0}";import;qa_ok_importar_found
X59618500034;RETAINER;;398.000 g;import;qa_ok_importar_found;true;2;20V4000M93L;RB-20V4000M93L-001543, RB-20V4000M93L-005114;1298, 1675;"{""total_rows"":2,""count_ok_importar"":2,""count_ok_eliminar"":0,""count_pending"":0,""count_review_action"":0,""count_other"":0}";import;qa_ok_importar_found
X59620200081;VENT LINE;;0.120 kg;import;qa_ok_importar_found;true;6;20V4000M93, 20V4000M93L;RB-20V4000M93-002644, RB-20V4000M93-006357, RB-20V4000M93-010070, RB-20V4000M93-013783, RB-20V4000M93L-002684, RB-20V4000M93L-006314;288, 684, 1080, 1476, 1397, 1777;"{""total_rows"":6,""count_ok_importar"":6,""count_ok_eliminar"":0,""count_pending"":0,""count_review_action"":0,""count_other"":0}";import;qa_ok_importar_found
X59620200102;RETAINER;;4.860 kg;import;qa_ok_importar_found;true;2;20V4000M93L;RB-20V4000M93L-002371, RB-20V4000M93L-006001;1385, 1765;"{""total_rows"":2,""count_ok_importar"":2,""count_ok_eliminar"":0,""count_pending"":0,""count_review_action"":0,""count_other"":0}";import;qa_ok_importar_found
X59620200103;COVER PLATE FOR SEAWATER COOLER;;45,467 KG;import;qa_ok_importar_found;true;5;16V4000M73L, 20V4000M93L;RB-16V4000M73L-001653, RB-16V4000M73L-004984, RB-16V4000M73L-007472, RB-20V4000M93L-002750, RB-20V4000M93L-006380;238, 724, 1069, 1400, 1780;"{""total_rows"":5,""count_ok_importar"":5,""count_ok_eliminar"":0,""count_pending"":0,""count_review_action"":0,""count_other"":0}";import;qa_ok_importar_found
X59620200110;COVER PLATE;;46.000 kg;import;qa_ok_importar_found;true;10;12V4000M53, 16V4000M73, 20V4000M93;RB-12V4000M53-001760, RB-12V4000M53-004891, RB-16V4000M73-002317, RB-16V4000M73-005511, RB-16V4000M73-008717, RB-16V4000M73-011917, RB-20V4000M93-002715, RB-20V4000M93-006428, RB-20V4000M93-010141, RB-20V4000M93-013854;228, 583, 277, 631, 986, 1340, 292, 688, 1084, 1480;"{""total_rows"":10,""count_ok_importar"":10,""count_ok_eliminar"":0,""count_pending"":0,""count_review_action"":0,""count_other"":0}";import;qa_ok_importar_found
X59620200127;COOLANT DISTRIB HSG;;147.000 kg;import;qa_ok_importar_found;true;12;16V4000M73, 16V4000M73L, 20V4000M93;RB-16V4000M73-002363, RB-16V4000M73-005557, RB-16V4000M73-008763, RB-16V4000M73-011963, RB-16V4000M73L-002003, RB-16V4000M73L-005334, RB-16V4000M73L-007822, RB-16V4000M73L-010328, RB-20V4000M93-002757, RB-20V4000M93-006470, RB-20V4000M93-010183, RB-20V4000M93-013896;286, 640, 995, 1349, 268, 754, 1099, 1435, 301, 697, 1093, 1489;"{""total_rows"":12,""count_ok_importar"":12,""count_ok_eliminar"":0,""count_pending"":0,""count_review_action"":0,""count_other"":0}";import;qa_ok_importar_found
X59620200128;COOLANT DISTRIBUTION HOUSING;;156.000 kg;import;qa_ok_importar_found;true;12;16V4000M73, 16V4000M73L, 20V4000M93;RB-16V4000M73-002354, RB-16V4000M73-005548, RB-16V4000M73-008754, RB-16V4000M73-011954, RB-16V4000M73L-001994, RB-16V4000M73L-005325, RB-16V4000M73L-007813, RB-16V4000M73L-010319, RB-20V4000M93-002748, RB-20V4000M93-006461, RB-20V4000M93-010174, RB-20V4000M93-013887;285, 639, 994, 1348, 267, 753, 1098, 1434, 300, 696, 1092, 1488;"{""total_rows"":12,""count_ok_importar"":12,""count_ok_eliminar"":0,""count_pending"":0,""count_review_action"":0,""count_other"":0}";import;qa_ok_importar_found
X59620300015;VENT LINE;;0.19 KGM;import;qa_ok_importar_found;true;6;20V4000M93, 20V4000M93L;RB-20V4000M93-002626, RB-20V4000M93-006339, RB-20V4000M93-010052, RB-20V4000M93-013765, RB-20V4000M93L-002666, RB-20V4000M93L-006296;288, 684, 1080, 1476, 1397, 1777;"{""total_rows"":6,""count_ok_importar"":6,""count_ok_eliminar"":0,""count_pending"":0,""count_review_action"":0,""count_other"":0}";import;qa_ok_importar_found
X59620600002;THERMOSTAT HOUSING;;37.800 kg;import;qa_ok_importar_found;true;2;20V4000M93L;RB-20V4000M93L-002818, RB-20V4000M93L-006448;1411, 1791;"{""total_rows"":2,""count_ok_importar"":2,""count_ok_eliminar"":0,""count_pending"":0,""count_review_action"":0,""count_other"":0}";import;qa_ok_importar_found
X59620600003;THERMOSTAT HOUSING;;37.800 kg;import;qa_ok_importar_found;true;4;20V4000M93;RB-20V4000M93-002772, RB-20V4000M93-006485, RB-20V4000M93-010198, RB-20V4000M93-013911;302, 698, 1094, 1490;"{""total_rows"":4,""count_ok_importar"":4,""count_ok_eliminar"":0,""count_pending"":0,""count_review_action"":0,""count_other"":0}";import;qa_ok_importar_found
X59620600004;THERMAL ACTUATOR;;1.208 kg;import;qa_ok_importar_found;true;4;20V4000M93;RB-20V4000M93-002776, RB-20V4000M93-006489, RB-20V4000M93-010202, RB-20V4000M93-013915;302, 698, 1094, 1490;"{""total_rows"":4,""count_ok_importar"":4,""count_ok_eliminar"":0,""count_pending"":0,""count_review_action"":0,""count_other"":0}";import;qa_ok_importar_found
X59623100003;ENGINE SUPPORT;;3.569 kg;import;qa_ok_importar_found;true;14;12V4000M53, 16V4000M73, 16V4000M73L, 20V4000M93;RB-12V4000M53-002362, RB-12V4000M53-005495, RB-16V4000M73-002561, RB-16V4000M73-005755, RB-16V4000M73-008961, RB-16V4000M73-012161, RB-16V4000M73L-002058, RB-16V4000M73L-005389, RB-16V4000M73L-007871, RB-16V4000M73L-010377, RB-20V4000M93-002948, RB-20V4000M93-006661, RB-20V4000M93-010374, RB-20V4000M93-014087;288, 645, 304, 658, 1013, 1367, 285, 771, 1113, 1448, 323, 719, 1115, 1511;"{""total_rows"":14,""count_ok_importar"":14,""count_ok_eliminar"":0,""count_pending"":0,""count_review_action"":0,""count_other"":0}";import;qa_ok_importar_found
X59623100008;MOUNTING BRACKET;;46.400 kg;import;qa_ok_importar_found;true;2;20V4000M93L;RB-20V4000M93L-003026, RB-20V4000M93L-006656;1436, 1816;"{""total_rows"":2,""count_ok_importar"":2,""count_ok_eliminar"":0,""count_pending"":0,""count_review_action"":0,""count_other"":0}";import;qa_ok_importar_found
X59699100017;RETAINER;;2.124 kg;import;qa_ok_importar_found;true;6;20V4000M93, 20V4000M93L;RB-20V4000M93-002335, RB-20V4000M93-006048, RB-20V4000M93-009761, RB-20V4000M93-013474, RB-20V4000M93L-002375, RB-20V4000M93L-006005;279, 675, 1071, 1467, 1387, 1767;"{""total_rows"":6,""count_ok_importar"":6,""count_ok_eliminar"":0,""count_pending"":0,""count_review_action"":0,""count_other"":0}";import;qa_ok_importar_found
X59699100019;RETAINER;;1.400 kg;import;qa_ok_importar_found;true;2;20V4000M93L;RB-20V4000M93L-002382, RB-20V4000M93L-006012;1387, 1767;"{""total_rows"":2,""count_ok_importar"":2,""count_ok_eliminar"":0,""count_pending"":0,""count_review_action"":0,""count_other"":0}";import;qa_ok_importar_found
X59699100024;RETAINER;;246.000 g;import;qa_ok_importar_found;true;2;20V4000M93L;RB-20V4000M93L-001220, RB-20V4000M93L-004791;1273, 1650;"{""total_rows"":2,""count_ok_importar"":2,""count_ok_eliminar"":0,""count_pending"":0,""count_review_action"":0,""count_other"":0}";import;qa_ok_importar_found
X59699100031;RETAINER;;213.500 g;import;qa_ok_importar_found;true;2;20V4000M93L;RB-20V4000M93L-001737, RB-20V4000M93L-005367;1331, 1711;"{""total_rows"":2,""count_ok_importar"":2,""count_ok_eliminar"":0,""count_pending"":0,""count_review_action"":0,""count_other"":0}";import;qa_ok_importar_found
X59699100041;PLUG FOR HEAT SHIELD;;0.303 kg;import;qa_ok_importar_found;true;8;20V4000M93L;RB-20V4000M93L-000863, RB-20V4000M93L-000929, RB-20V4000M93L-000989, RB-20V4000M93L-001049, RB-20V4000M93L-004434, RB-20V4000M93L-004500, RB-20V4000M93L-004560, RB-20V4000M93L-004620;1238, 1245, 1248, 1251, 1615, 1622, 1625, 1628;"{""total_rows"":8,""count_ok_importar"":8,""count_ok_eliminar"":0,""count_pending"":0,""count_review_action"":0,""count_other"":0}";import;qa_ok_importar_found
X59699100056;RETAINER;;379.000 g;import;qa_ok_importar_found;true;2;20V4000M93L;RB-20V4000M93L-002178, RB-20V4000M93L-005808;1364, 1744;"{""total_rows"":2,""count_ok_importar"":2,""count_ok_eliminar"":0,""count_pending"":0,""count_review_action"":0,""count_other"":0}";import;qa_ok_importar_found
XP51566400020;GOVERNOR;;1.160 kg;import;qa_ok_importar_found;true;2;20V4000M93L;RB-20V4000M93L-007192, RB-20V4000M93L-007209;1874, 1877;"{""total_rows"":2,""count_ok_importar"":2,""count_ok_eliminar"":0,""count_pending"":0,""count_review_action"":0,""count_other"":0}";import;qa_ok_importar_found
XP52418900013;GEAR PUMP;;;import;qa_ok_importar_found;true;5;12V4000M40A, 16V4000M61, 20V4000M93L;RB-12V4000M40A-001409, RB-16V4000M61-001392, RB-16V4000M61-004468, RB-20V4000M93L-002194, RB-20V4000M93L-005824;226, 215, 717, 1365, 1745;"{""total_rows"":5,""count_ok_importar"":5,""count_ok_eliminar"":0,""count_pending"":0,""count_review_action"":0,""count_other"":0}";import;qa_ok_importar_found
XP52600600001;MAINTENANCE KIT;;1.200 kg;import;qa_ok_importar_found;true;3;16V4000M73;RB-16V4000M73-001603, RB-16V4000M73-004797, RB-16V4000M73-008003;221, 575, 930;"{""total_rows"":3,""count_ok_importar"":3,""count_ok_eliminar"":0,""count_pending"":0,""count_review_action"":0,""count_other"":0}";import;qa_ok_importar_found
XP52607300003;CONTROL BLOCK;;5,230 kg;import;qa_ok_importar_found;true;2;12V4000M53;RB-12V4000M53-000519, RB-12V4000M53-003650;94, 449;"{""total_rows"":2,""count_ok_importar"":2,""count_ok_eliminar"":0,""count_pending"":0,""count_review_action"":0,""count_other"":0}";import;qa_ok_importar_found
XP52611400008;GASKET;1.30 M;0.065 KGM;import;qa_ok_importar_found;true;6;20V4000M93, 20V4000M93L;RB-20V4000M93-001177, RB-20V4000M93-004890, RB-20V4000M93-008603, RB-20V4000M93-012316, RB-20V4000M93L-001114, RB-20V4000M93L-004685;159, 555, 951, 1347, 1258, 1635;"{""total_rows"":6,""count_ok_importar"":6,""count_ok_eliminar"":0,""count_pending"":0,""count_review_action"":0,""count_other"":0}";import;qa_ok_importar_found
XP52699100015;STRAINER;;;import;qa_ok_importar_found;true;6;16V4000M61, 16V4000M73L;RB-16V4000M61-000581, RB-16V4000M61-003692, RB-16V4000M73L-000528, RB-16V4000M73L-003858, RB-16V4000M73L-006346, RB-16V4000M73L-008855;101, 608, 102, 587, 932, 1275;"{""total_rows"":6,""count_ok_importar"":6,""count_ok_eliminar"":0,""count_pending"":0,""count_review_action"":0,""count_other"":0}";import;qa_ok_importar_found
XP52707300006;CONTROL BLOCK;;5.240 kg;import;qa_ok_importar_found;true;4;20V4000M93;RB-20V4000M93-000555, RB-20V4000M93-004268, RB-20V4000M93-007981, RB-20V4000M93-011694;99, 495, 891, 1287;"{""total_rows"":4,""count_ok_importar"":4,""count_ok_eliminar"":0,""count_pending"":0,""count_review_action"":0,""count_other"":0}";import;qa_ok_importar_found
XP52711400022;INTERCOOLER;LADELUFTKUEHLER OHNE KAMMERN;;import;qa_ok_importar_found;true;8;16V4000M73, 16V4000M73L;RB-16V4000M73-001030, RB-16V4000M73-004224, RB-16V4000M73-007418, RB-16V4000M73-010624, RB-16V4000M73L-000876, RB-16V4000M73L-004206, RB-16V4000M73L-006694, RB-16V4000M73L-009201;153, 507, 861, 1216, 138, 623, 968, 1310;"{""total_rows"":8,""count_ok_importar"":8,""count_ok_eliminar"":0,""count_pending"":0,""count_review_action"":0,""count_other"":0}";import;qa_ok_importar_found
XP52711400023;INTERCOOLER;EINSCHUBLADELUFTKUEHLER;440.000 kg;import;qa_ok_importar_found;true;8;16V4000M73, 16V4000M73L;RB-16V4000M73-001015, RB-16V4000M73-004209, RB-16V4000M73-007403, RB-16V4000M73-010609, RB-16V4000M73L-000861, RB-16V4000M73L-004191, RB-16V4000M73L-006679, RB-16V4000M73L-009186;152, 506, 860, 1215, 137, 622, 967, 1309;"{""total_rows"":8,""count_ok_importar"":8,""count_ok_eliminar"":0,""count_pending"":0,""count_review_action"":0,""count_other"":0}";import;qa_ok_importar_found
XP52725100023;O-RING;3 X 251;0.010 kg;import;qa_ok_importar_found;true;2;20V4000M93L;RB-20V4000M93L-003061, RB-20V4000M93L-006691;1440, 1820;"{""total_rows"":2,""count_ok_importar"":2,""count_ok_eliminar"":0,""count_pending"":0,""count_review_action"":0,""count_other"":0}";import;qa_ok_importar_found
XP52725100036;O-RING;14 X 124;100.000 g;import;qa_ok_importar_found;true;2;20V4000M93L;RB-20V4000M93L-003058, RB-20V4000M93L-006688;1440, 1820;"{""total_rows"":2,""count_ok_importar"":2,""count_ok_eliminar"":0,""count_pending"":0,""count_review_action"":0,""count_other"":0}";import;qa_ok_importar_found
XP52725100046;O-RING;14 X 124;999.000 kg;import;qa_ok_importar_found;true;4;16V4000M73;RB-16V4000M73-002617, RB-16V4000M73-005811, RB-16V4000M73-009017, RB-16V4000M73-012217;312, 666, 1021, 1375;"{""total_rows"":4,""count_ok_importar"":4,""count_ok_eliminar"":0,""count_pending"":0,""count_review_action"":0,""count_other"":0}";import;qa_ok_importar_found
XP52725100047;O-RING;3 X 215;2.000 kg;import;qa_ok_importar_found;true;4;16V4000M73;RB-16V4000M73-002619, RB-16V4000M73-005813, RB-16V4000M73-009019, RB-16V4000M73-012219;312, 666, 1021, 1375;"{""total_rows"":4,""count_ok_importar"":4,""count_ok_eliminar"":0,""count_pending"":0,""count_review_action"":0,""count_other"":0}";import;qa_ok_importar_found
XP52725100048;O-RING;3 X 251;0.070 kg;import;qa_ok_importar_found;true;4;16V4000M73;RB-16V4000M73-002620, RB-16V4000M73-005814, RB-16V4000M73-009020, RB-16V4000M73-012220;312, 666, 1021, 1375;"{""total_rows"":4,""count_ok_importar"":4,""count_ok_eliminar"":0,""count_pending"":0,""count_review_action"":0,""count_other"":0}";import;qa_ok_importar_found
XP52811400017;SEALING CORD;481.46 X 6.99;117.200 g;import;qa_ok_importar_found;true;6;20V4000M93, 20V4000M93L;RB-20V4000M93-001170, RB-20V4000M93-004883, RB-20V4000M93-008596, RB-20V4000M93-012309, RB-20V4000M93L-001107, RB-20V4000M93L-004678;158, 554, 950, 1346, 1257, 1634;"{""total_rows"":6,""count_ok_importar"":6,""count_ok_eliminar"":0,""count_pending"":0,""count_review_action"":0,""count_other"":0}";import;qa_ok_importar_found
XP52818300023;MAINTENANCE KIT;;1.720 kg;import;qa_ok_importar_found;true;4;20V4000M93;RB-20V4000M93-001814, RB-20V4000M93-005527, RB-20V4000M93-009240, RB-20V4000M93-012953;237, 633, 1029, 1425;"{""total_rows"":4,""count_ok_importar"":4,""count_ok_eliminar"":0,""count_pending"":0,""count_review_action"":0,""count_other"":0}";import;qa_ok_importar_found
XP52899100585;VALVE;;;import;qa_ok_importar_found;true;16;12V4000M70, 16V4000M73, 16V4000M73L, 20V4000M93, 20V4000M93L;RB-12V4000M70-001352, RB-12V4000M70-003856, RB-16V4000M73-001418, RB-16V4000M73-004612, RB-16V4000M73-007818, RB-16V4000M73-011024, RB-16V4000M73L-001212, RB-16V4000M73L-004543, RB-16V4000M73L-007031, RB-16V4000M73L-009537, RB-20V4000M93-001723, RB-20V4000M93-005436, RB-20V4000M93-009149, RB-20V4000M93-012862, RB-20V4000M93L-001666, RB-20V4000M93L-005296;201, 538, 555, 910, 1265, 191, 677, 1022, 1361, 219, 615, 1011, 1407, 1316, 1696;"{""total_rows"":16,""count_ok_importar"":16,""count_ok_eliminar"":0,""count_pending"":0,""count_review_action"":0,""count_other"":0}";import;qa_ok_importar_found
XP53208800006;NON-RETURN VALVE;DN25 0,7BAR;255,000 g;import;qa_ok_importar_found;true;3;12V4000M53, 16V4000M61, 16V4000M90;RB-12V4000M53-006334, RB-16V4000M61-000601, RB-16V4000M90-000546;750, 108, 113;"{""total_rows"":3,""count_ok_importar"":3,""count_ok_eliminar"":0,""count_pending"":0,""count_review_action"":0,""count_other"":0}";import;qa_ok_importar_found
XP53208800023;MASTER SWITCH;AC-3 400V-5,5KW;0.276 KGM;import;qa_ok_importar_found;true;6;12V4000M53, 16V4000M61, 16V4000M73L, 16V4000M90, 20V4000M93L;RB-12V4000M53-006348, RB-16V4000M61-000615, RB-16V4000M73L-002166, RB-16V4000M73L-010946, RB-16V4000M90-000561, RB-20V4000M93L-004236;751, 109, 303, 1553, 114, 1597;"{""total_rows"":6,""count_ok_importar"":6,""count_ok_eliminar"":0,""count_pending"":0,""count_review_action"":0,""count_other"":0}";import;qa_ok_importar_found
XP53208800036;CONTROL SWITCH;;0,084 kg;import;qa_ok_importar_found;true;6;12V4000M53, 16V4000M61, 16V4000M73L, 16V4000M90, 20V4000M93L;RB-12V4000M53-006361, RB-16V4000M61-000628, RB-16V4000M73L-002179, RB-16V4000M73L-010959, RB-16V4000M90-000574, RB-20V4000M93L-004249;751, 109, 303, 1553, 114, 1597;"{""total_rows"":6,""count_ok_importar"":6,""count_ok_eliminar"":0,""count_pending"":0,""count_review_action"":0,""count_other"":0}";import;qa_ok_importar_found
XP53517300055;SEALING RING;;0,020 KG;import;qa_ok_importar_found;true;3;12V4000M40A, 16V4000M61;RB-12V4000M40A-001097, RB-16V4000M61-001152, RB-16V4000M61-004227;177, 180, 683;"{""total_rows"":3,""count_ok_importar"":3,""count_ok_eliminar"":0,""count_pending"":0,""count_review_action"":0,""count_other"":0}";import;qa_ok_importar_found
XP55825100001;DISHED WASHER;31.5 X 17.5 X 1,5;6.800 g;import;qa_ok_importar_found;true;3;16V4000M90;RB-16V4000M90-002021, RB-16V4000M90-002022, RB-16V4000M90-002023;280;"{""total_rows"":3,""count_ok_importar"":3,""count_ok_eliminar"":0,""count_pending"":0,""count_review_action"":0,""count_other"":0}";import;qa_ok_importar_found
XP56910100099;SET OF WEAR PARTS;;25 G;import;qa_ok_importar_found;true;6;16V4000M73L, 20V4000M93L;RB-16V4000M73L-001128, RB-16V4000M73L-004459, RB-16V4000M73L-006947, RB-16V4000M73L-009453, RB-20V4000M93L-001196, RB-20V4000M93L-004767;175, 661, 1006, 1346, 1270, 1647;"{""total_rows"":6,""count_ok_importar"":6,""count_ok_eliminar"":0,""count_pending"":0,""count_review_action"":0,""count_other"":0}";import;qa_ok_importar_found
XP59320200147;HEATING ELEMENT;9 KW;;import;qa_ok_importar_found;true;2;12V4000M53;RB-12V4000M53-001734, RB-12V4000M53-004865;226, 581;"{""total_rows"":2,""count_ok_importar"":2,""count_ok_eliminar"":0,""count_pending"":0,""count_review_action"":0,""count_other"":0}";import;qa_ok_importar_found
XP59408300034;FILTER CARTRIDGE;ERSATZ FUER XP 528 083 00041;1.460 kg;import;qa_ok_importar_found;true;8;16V4000M73;RB-16V4000M73-000771, RB-16V4000M73-000781, RB-16V4000M73-003965, RB-16V4000M73-003975, RB-16V4000M73-007159, RB-16V4000M73-007169, RB-16V4000M73-010365, RB-16V4000M73-010375;128, 129, 482, 483, 836, 837, 1191, 1192;"{""total_rows"":8,""count_ok_importar"":8,""count_ok_eliminar"":0,""count_pending"":0,""count_review_action"":0,""count_other"":0}";import;qa_ok_importar_found
XP59699100499;BUSHING COMPLETE;;;import;qa_ok_importar_found;true;7;16V4000M73, 20V4000M93;RB-16V4000M73-001649, RB-16V4000M73-004843, RB-16V4000M73-008049, RB-20V4000M93-001857, RB-20V4000M93-005570, RB-20V4000M93-009283, RB-20V4000M93-012996;222, 576, 931, 237, 633, 1029, 1425;"{""total_rows"":7,""count_ok_importar"":7,""count_ok_eliminar"":0,""count_pending"":0,""count_review_action"":0,""count_other"":0}";import;qa_ok_importar_found
Z=2.201 033;VALVE SEAT;;;import;qa_ok_importar_found;true;13;12V4000M70, 16V4000M73L, 16V4000M90, 20V4000M93, 20V4000M93L;RB-12V4000M70-002189, RB-12V4000M70-004693, RB-16V4000M73L-002099, RB-16V4000M73L-005430, RB-16V4000M73L-007950, RB-16V4000M73L-010456, RB-16V4000M90-002041, RB-20V4000M93-002988, RB-20V4000M93-006701, RB-20V4000M93-010414, RB-20V4000M93-014127, RB-20V4000M93L-003079, RB-20V4000M93L-006709;306, 643, 296, 782, 1127, 1462, 285, 332, 728, 1124, 1520, 1448, 1828;"{""total_rows"":13,""count_ok_importar"":13,""count_ok_eliminar"":0,""count_pending"":0,""count_review_action"":0,""count_other"":0}";import;qa_ok_importar_found
Z=7.4560.2.00;BASE COMPLETE;;;import;qa_ok_importar_found;true;18;12V4000M40A, 12V4000M53, 12V4000M70, 16V4000M61, 16V4000M73, 16V4000M90, 20V4000M93, 20V4000M93L;RB-12V4000M40A-001921, RB-12V4000M53-002321, RB-12V4000M53-005454, RB-12V4000M70-002113, RB-12V4000M70-004617, RB-16V4000M61-001818, RB-16V4000M61-004894, RB-16V4000M73-002550, RB-16V4000M73-005744, RB-16V4000M73-008950, RB-16V4000M73-012150, RB-16V4000M90-001927, RB-20V4000M93-002937, RB-20V4000M93-006650, RB-20V4000M93-010363, RB-20V4000M93-014076, RB-20V4000M93L-002989, RB-20V4000M93L-006619;288, 279, 636, 625, 276, 775, 301, 655, 1010, 1364, 264, 320, 716, 1112, 1508, 1429, 1809;"{""total_rows"":18,""count_ok_importar"":18,""count_ok_eliminar"":0,""count_pending"":0,""count_review_action"":0,""count_other"":0}";import;qa_ok_importar_found
Z=9-91224;BALL BEARING;;;import;qa_ok_importar_found;true;15;12V4000M70, 16V4000M73, 16V4000M73L, 20V4000M93, 20V4000M93L;RB-12V4000M70-001300, RB-16V4000M73-001366, RB-16V4000M73-004560, RB-16V4000M73-007766, RB-16V4000M73-010972, RB-16V4000M73L-001161, RB-16V4000M73L-004492, RB-16V4000M73L-006980, RB-16V4000M73L-009486, RB-20V4000M93-001671, RB-20V4000M93-005384, RB-20V4000M93-009097, RB-20V4000M93-012810, RB-20V4000M93L-001614, RB-20V4000M93L-005244;198, 552, 907, 1262, 188, 674, 1019, 1358, 216, 612, 1008, 1404, 1313, 1693;"{""total_rows"":15,""count_ok_importar"":15,""count_ok_eliminar"":0,""count_pending"":0,""count_review_action"":0,""count_other"":0}";import;qa_ok_importar_found
Z=0300 412;O-RING;;;import;qa_ok_importar_found;true;3;12V4000M40A, 16V4000M61;RB-12V4000M40A-001067, RB-16V4000M61-001122, RB-16V4000M61-004197;175, 178, 681;"{""total_rows"":3,""count_ok_importar"":3,""count_ok_eliminar"":0,""count_pending"":0,""count_review_action"":0,""count_other"":0}";import;qa_ok_importar_found
Z=0300 415;O-RING;;;import;qa_ok_importar_found;true;3;12V4000M40A, 16V4000M61;RB-12V4000M40A-001063, RB-16V4000M61-001118, RB-16V4000M61-004193;175, 178, 681;"{""total_rows"":3,""count_ok_importar"":3,""count_ok_eliminar"":0,""count_pending"":0,""count_review_action"":0,""count_other"":0}";import;qa_ok_importar_found
Z=0300 615;O-RING;;;import;qa_ok_importar_found;true;6;12V4000M40A, 16V4000M61;RB-12V4000M40A-001062, RB-12V4000M40A-001075, RB-16V4000M61-001117, RB-16V4000M61-001130, RB-16V4000M61-004192, RB-16V4000M61-004205;175, 176, 178, 179, 681, 682;"{""total_rows"":6,""count_ok_importar"":6,""count_ok_eliminar"":0,""count_pending"":0,""count_review_action"":0,""count_other"":0}";import;qa_ok_importar_found
Z=0304 125;O-RING;;;import;qa_ok_importar_found;true;3;12V4000M40A, 16V4000M61;RB-12V4000M40A-001072, RB-16V4000M61-001127, RB-16V4000M61-004202;176, 179, 682;"{""total_rows"":3,""count_ok_importar"":3,""count_ok_eliminar"":0,""count_pending"":0,""count_review_action"":0,""count_other"":0}";import;qa_ok_importar_found
Z=7640 955 104;OIL PUMP;( SEKUNDAER-OELPUMPE);3,919 kg;import;qa_ok_importar_found;true;2;12V4000M70;RB-12V4000M70-005081, RB-12V4000M70-005099;695, 705;"{""total_rows"":2,""count_ok_importar"":2,""count_ok_eliminar"":0,""count_pending"":0,""count_review_action"":0,""count_other"":0}";import;qa_ok_importar_found
Z=30560;SCREW;M10 X 16;;import;qa_ok_importar_found;true;2;12V4000M70;RB-12V4000M70-000699, RB-12V4000M70-003258;121, 460;"{""total_rows"":2,""count_ok_importar"":2,""count_ok_eliminar"":0,""count_pending"":0,""count_review_action"":0,""count_other"":0}";import;qa_ok_importar_found
Z=166806-0;AXLE;;;import;qa_ok_importar_found;true;11;12V4000M40A, 16V4000M61, 16V4000M73L, 16V4000M90, 20V4000M93L;RB-12V4000M40A-001142, RB-16V4000M61-001176, RB-16V4000M61-004252, RB-16V4000M73L-001404, RB-16V4000M73L-004735, RB-16V4000M73L-007223, RB-16V4000M73L-009729, RB-16V4000M90-000734, RB-16V4000M90-001224, RB-20V4000M93L-001892, RB-20V4000M93L-005522;192, 187, 689, 212, 698, 1043, 1380, 122, 182, 1339, 1719;"{""total_rows"":11,""count_ok_importar"":11,""count_ok_eliminar"":0,""count_pending"":0,""count_review_action"":0,""count_other"":0}";import;qa_ok_importar_found
Z=166933-2;SHAFT;;;import;qa_ok_importar_found;true;10;12V4000M40A, 16V4000M61, 16V4000M73L, 16V4000M90, 20V4000M93L;RB-12V4000M40A-001141, RB-16V4000M61-001175, RB-16V4000M61-004251, RB-16V4000M73L-001403, RB-16V4000M73L-004734, RB-16V4000M73L-007222, RB-16V4000M73L-009728, RB-16V4000M90-001223, RB-20V4000M93L-001891, RB-20V4000M93L-005521;192, 187, 689, 212, 698, 1043, 1380, 182, 1339, 1719;"{""total_rows"":10,""count_ok_importar"":10,""count_ok_eliminar"":0,""count_pending"":0,""count_review_action"":0,""count_other"":0}";import;qa_ok_importar_found
Z=182004-2;VALVE;;;import;qa_ok_importar_found;true;10;12V4000M40A, 16V4000M61, 16V4000M73L, 16V4000M90, 20V4000M93L;RB-12V4000M40A-001140, RB-16V4000M61-001174, RB-16V4000M61-004250, RB-16V4000M73L-001402, RB-16V4000M73L-004733, RB-16V4000M73L-007221, RB-16V4000M73L-009727, RB-16V4000M90-001222, RB-20V4000M93L-001890, RB-20V4000M93L-005520;192, 187, 689, 212, 698, 1043, 1380, 182, 1339, 1719;"{""total_rows"":10,""count_ok_importar"":10,""count_ok_eliminar"":0,""count_pending"":0,""count_review_action"":0,""count_other"":0}";import;qa_ok_importar_found
Z=185194-8;HOUSING;;;import;qa_ok_importar_found;true;10;12V4000M40A, 16V4000M61, 16V4000M73L, 16V4000M90, 20V4000M93L;RB-12V4000M40A-001139, RB-16V4000M61-001173, RB-16V4000M61-004249, RB-16V4000M73L-001401, RB-16V4000M73L-004732, RB-16V4000M73L-007220, RB-16V4000M73L-009726, RB-16V4000M90-001221, RB-20V4000M93L-001889, RB-20V4000M93L-005519;192, 187, 689, 212, 698, 1043, 1380, 182, 1339, 1719;"{""total_rows"":10,""count_ok_importar"":10,""count_ok_eliminar"":0,""count_pending"":0,""count_review_action"":0,""count_other"":0}";import;qa_ok_importar_found
Z=185800-0;COVER;;;import;qa_ok_importar_found;true;10;12V4000M40A, 16V4000M61, 16V4000M73L, 16V4000M90, 20V4000M93L;RB-12V4000M40A-001138, RB-16V4000M61-001172, RB-16V4000M61-004248, RB-16V4000M73L-001400, RB-16V4000M73L-004731, RB-16V4000M73L-007219, RB-16V4000M73L-009725, RB-16V4000M90-001220, RB-20V4000M93L-001888, RB-20V4000M93L-005518;192, 187, 689, 212, 698, 1043, 1380, 182, 1339, 1719;"{""total_rows"":10,""count_ok_importar"":10,""count_ok_eliminar"":0,""count_pending"":0,""count_review_action"":0,""count_other"":0}";import;qa_ok_importar_found
Z=5209684;CLAMPING RING;;;import;qa_ok_importar_found;true;4;16V4000M73, 20V4000M93L;RB-16V4000M73-011252, RB-16V4000M73-011273, RB-20V4000M93L-001999, RB-20V4000M93L-005629;1285, 1286, 1348, 1728;"{""total_rows"":4,""count_ok_importar"":4,""count_ok_eliminar"":0,""count_pending"":0,""count_review_action"":0,""count_other"":0}";import;qa_ok_importar_found
Z=EN 24017 M16X16;HEX SCREW;M 16 X 16 SZ;54,600 g;import;qa_ok_importar_found;true;7;12V4000M40A, 12V4000M70, 16V4000M90;RB-12V4000M40A-002025, RB-12V4000M70-002168, RB-12V4000M70-002170, RB-12V4000M70-004672, RB-12V4000M70-004674, RB-16V4000M90-002016, RB-16V4000M90-002017;308, 303, 640, 280;"{""total_rows"":7,""count_ok_importar"":7,""count_ok_eliminar"":0,""count_pending"":0,""count_review_action"":0,""count_other"":0}";import;qa_ok_importar_found
Z=G1 04336;RING GEAR;;;import;qa_ok_importar_found;true;1;16V4000M90;RB-16V4000M90-000289;54;"{""total_rows"":1,""count_ok_importar"":1,""count_ok_eliminar"":0,""count_pending"":0,""count_review_action"":0,""count_other"":0}";import;qa_ok_importar_found
Z=G4 11661A;RING;;;import;qa_ok_importar_found;true;6;12V4000M40A, 12V4000M70, 16V4000M61, 16V4000M90;RB-12V4000M40A-000306, RB-12V4000M70-000308, RB-12V4000M70-002867, RB-16V4000M61-000281, RB-16V4000M61-003391, RB-16V4000M90-000308;53, 64, 403, 48, 555, 59;"{""total_rows"":6,""count_ok_importar"":6,""count_ok_eliminar"":0,""count_pending"":0,""count_review_action"":0,""count_other"":0}";import;qa_ok_importar_found
Z=G4 11897;FELT INSERT;;;import;qa_ok_importar_found;true;6;12V4000M40A, 12V4000M70, 16V4000M61, 16V4000M90;RB-12V4000M40A-000307, RB-12V4000M70-000309, RB-12V4000M70-002868, RB-16V4000M61-000282, RB-16V4000M61-003392, RB-16V4000M90-000309;53, 64, 403, 48, 555, 59;"{""total_rows"":6,""count_ok_importar"":6,""count_ok_eliminar"":0,""count_pending"":0,""count_review_action"":0,""count_other"":0}";import;qa_ok_importar_found
Z=M6X10DIN86;RD-HD SCRW;M6 X 10;;import;qa_ok_importar_found;true;18;12V4000M40A, 12V4000M53, 12V4000M70, 16V4000M61, 16V4000M73, 16V4000M90, 20V4000M93, 20V4000M93L;RB-12V4000M40A-001922, RB-12V4000M53-002322, RB-12V4000M53-005455, RB-12V4000M70-002114, RB-12V4000M70-004618, RB-16V4000M61-001819, RB-16V4000M61-004895, RB-16V4000M73-002551, RB-16V4000M73-005745, RB-16V4000M73-008951, RB-16V4000M73-012151, RB-16V4000M90-001928, RB-20V4000M93-002938, RB-20V4000M93-006651, RB-20V4000M93-010364, RB-20V4000M93-014077, RB-20V4000M93L-002990, RB-20V4000M93L-006620;288, 279, 636, 625, 276, 775, 301, 655, 1010, 1364, 264, 320, 716, 1112, 1508, 1429, 1809;"{""total_rows"":18,""count_ok_importar"":18,""count_ok_eliminar"":0,""count_pending"":0,""count_review_action"":0,""count_other"":0}";import;qa_ok_importar_found
