Id;change_type;column;old_value;new_value
RB-12V4000M40A-000823;deleted_record;;;
RB-12V4000M40A-001208;deleted_record;;;
RB-12V4000M53-002945;deleted_record;;;
RB-12V4000M70-005577;deleted_record;;;
RB-16V4000M61-001615;deleted_record;;;
RB-16V4000M73-000031;deleted_record;;;
RB-16V4000M73-000058;deleted_record;;;
RB-16V4000M73-000350;deleted_record;;;
RB-16V4000M73L-001493;deleted_record;;;
RB-16V4000M90-000019;deleted_record;;;
RB-16V4000M90-000020;deleted_record;;;
RB-20V4000M93-000024;deleted_record;;;
RB-20V4000M93L-002081;deleted_record;;;
RB-12V4000M40A-000715;changed_field;designation;COMPRESSOR WHEEL GRAD;COMPRESSOR WHEEL
RB-12V4000M40A-001681;changed_field;designation;CONTACTOR 220V 50HZ;CONTACTOR
RB-12V4000M40A-002043;changed_field;designation;PLUG-IN BOARD MIT URLADER;PLUG-IN BOARD
RB-12V4000M40A-002353;changed_field;designation;GASKET FOR DISPLAY PANEL / PAN;GASKET FOR DISPLAY PANEL
RB-12V4000M40A-002602;changed_field;designation;JUNCTION BOX / 50HZ / 2A;JUNCTION BOX
RB-12V4000M40A-002608;changed_field;designation;HOUSING RAL9010;HOUSING
RB-12V4000M40A-002684;changed_field;designation;AUDIBLE ALARM FOR MONITORING (BXLXH);AUDIBLE ALARM FOR MONITORING
RB-12V4000M40A-002688;changed_field;designation;HOUSING WITH INTERLOCK (LXBXH);HOUSING WITH INTERLOCK
RB-12V4000M40A-002703;changed_field;designation;GOVERNOR (LXBXH);GOVERNOR
RB-12V4000M40A-002704;changed_field;designation;HOUSING F/MONTRG SYST + GOV (LXBXH);HOUSING F/MONTRG SYST + GOV
RB-12V4000M53-000333;changed_field;designation;CRANKSHAFT LH;CRANKSHAFT
RB-12V4000M53-001472;changed_field;designation;RESTRICTOR W/26MM OPENING;RESTRICTOR
RB-12V4000M53-002739;changed_field;designation;IDENTIFICATION PLATE GELB, 40;IDENTIFICATION PLATE
RB-12V4000M53-002830;changed_field;designation;TEMPERATURE SENSOR 2-POL. CODE;TEMPERATURE SENSOR
RB-12V4000M53-003094;changed_field;designation;COVER PLATE -X51-POWER;COVER PLATE
RB-12V4000M53-003095;changed_field;designation;COVER PLATE -X52-STARTER;COVER PLATE
RB-12V4000M53-006309;changed_field;designation;FILTER ELEMENT - 70806164;FILTER ELEMENT
RB-12V4000M53-006352;changed_field;designation;CONTROL UNIT FOR OIL PRIMING PUM / RAL 9006;CONTROL UNIT FOR OIL PRIMING PUM
RB-12V4000M53-006353;changed_field;designation;CONTROL UNIT FOR OIL PRIMING PUM / RAL9006;CONTROL UNIT FOR OIL PRIMING PUM
RB-12V4000M70-000772;changed_field;designation;TURBINE WHEEL HOCH 2;TURBINE WHEEL
RB-12V4000M70-000797;changed_field;designation;COMPRESSOR WHEEL GRAD;COMPRESSOR WHEEL
RB-12V4000M70-002512;changed_field;designation;GOVERNOR (LXBXH);GOVERNOR
RB-12V4000M70-005076;changed_field;designation;TERMINAL BOX (BXLXH)/RAL;TERMINAL BOX
RB-12V4000M70-005108;changed_field;designation;CONTROL UNIT FOR OIL PRIMING PUM / 60HZ / 2A;CONTROL UNIT FOR OIL PRIMING PUM
RB-12V4000M70-005159;changed_field;designation;PLUG-IN BOARD MIT URLADER;PLUG-IN BOARD
RB-12V4000M70-005192;changed_field;designation;MONITORING SYSTEM IN ENGINE ROOM (LXBXH);MONITORING SYSTEM IN ENGINE ROOM
RB-12V4000M70-005459;changed_field;designation;INSTALLATION MATRL IP68 M.DICHTUNG;INSTALLATION MATRL
RB-16V4000M61-001627;changed_field;designation;OVERCURRENT TRIP A;OVERCURRENT TRIP
RB-16V4000M61-001982;changed_field;designation;CONTROL UNIT F/EXH FLAP CONTROL / RAL 9003 GLATT;CONTROL UNIT F/EXH FLAP CONTROL
RB-16V4000M61-001983;changed_field;designation;HOUSING FOR CONTROL UNIT RAL 9003 GLATT;HOUSING FOR CONTROL UNIT
RB-16V4000M61-002452;changed_field;designation;MONITORING SYSTEM IN ENGINE ROOM 9003 GLATT;MONITORING SYSTEM IN ENGINE ROOM
RB-16V4000M61-002453;changed_field;designation;HOUSING 9003 GLATT;HOUSING
RB-16V4000M61-002460;changed_field;designation;HOUSING WITHOUT INTERLOCK (LXBXH);HOUSING WITHOUT INTERLOCK
RB-16V4000M61-002523;changed_field;designation;CONTROL UNIT FOR GEARBOX MONITOR 9003 GLATT;CONTROL UNIT FOR GEARBOX MONITOR
RB-16V4000M61-002524;changed_field;designation;HOUSING FOR GEARBOX MONITOR GLATT;HOUSING FOR GEARBOX MONITOR
RB-16V4000M61-002562;changed_field;designation;CONTROL UNIT FOR OIL PRIMING PUM GLATT;CONTROL UNIT FOR OIL PRIMING PUM
RB-16V4000M61-002563;changed_field;designation;CONTROL UNIT FOR OIL PRIMING PUM / RAL9003 GLATT;CONTROL UNIT FOR OIL PRIMING PUM
RB-16V4000M61-002602;changed_field;designation;HOUSING WITHOUT INTERLOCK (LXBXH);HOUSING WITHOUT INTERLOCK
RB-16V4000M61-002672;changed_field;designation;HOUSING 9003 GLATT;HOUSING
RB-16V4000M73L-002314;changed_field;designation;CONTROL UNIT FOR OIL PRIMING PUM / 50HZ / 2A;CONTROL UNIT FOR OIL PRIMING PUM
RB-16V4000M90-002074;changed_field;designation;GEARBOX k;GEARBOX
RB-16V4000M90-002631;changed_field;designation;CABLE D;CABLE
RB-16V4000M90-002637;changed_field;designation;CABLE D;CABLE
RB-20V4000M93-000051;changed_field;designation;CRANKCASE k;CRANKCASE
RB-20V4000M93-000052;changed_field;designation;CRANKCASE k;CRANKCASE
RB-20V4000M93-000341;changed_field;designation;CRANKSHAFT NH;CRANKSHAFT
RB-20V4000M93L-002288;changed_field;designation;SCREW-IN HTG ELEM. 440V;SCREW-IN HTG ELEM.
RB-20V4000M93L-003085;changed_field;designation;GEARBOX k;GEARBOX
RB-20V4000M93L-005131;changed_field;designation;SOOT FILTER GL ACCEPTANCE k;SOOT FILTER GL ACCEPTANCE
RB-20V4000M93L-007147;changed_field;designation;GENSET GL ACCEPTANCE k;GENSET GL ACCEPTANCE
RB-20V4000M93L-007153;changed_field;designation;EMERGENCY ALTERNATOR GL ACCEPTANCE k;EMERGENCY ALTERNATOR GL ACCEPTANCE
RB-12V4000M53-001400;changed_field;model_type;12VM53, 16VM90;12VM40A, 12VM53, 12VM70, 16VM61, 16VM90
RB-12V4000M53-002758;changed_field;model_type;12VM53, 16VM73, 20VM93;12VM53, 16VM73, 16VM73L, 20VM93, 20VM93L
RB-12V4000M53-006660;changed_field;model_type;12VM53, 16VM73L, 16VM90;12VM53, 12VM70, 16VM73L, 16VM90
RB-16V4000M61-000019;changed_field;model_type;16VM61;16VM61, 16VM90
RB-16V4000M61-000800;changed_field;model_type;16VM61, 16VM73L;12VM40A, 12VM53, 12VM70, 16VM61, 16VM73, 16VM73L, 20VM93, 20VM93L
RB-16V4000M73L-000049;changed_field;model_type;16VM73L;16VM73, 16VM73L
RB-16V4000M73L-000281;changed_field;model_type;16VM73L;16VM73, 16VM73L
RB-16V4000M90-000004;changed_field;model_type;16VM90;16VM61, 16VM90
RB-16V4000M90-001813;changed_field;model_type;16VM90;16VM90, 20VM93L
RB-20V4000M93L-002285;changed_field;model_type;20VM93L;16VM61, 16VM73L, 20VM93L
RB-12V4000M40A-000715;changed_field;pn;5110250202 ZR175/60;5110250202
RB-12V4000M40A-001681;changed_field;pn;8592030250 B9-30-10;8592030250
RB-12V4000M40A-002043;changed_field;pn;5295306812/S0003 MPU27-01;5295306812/S0003
RB-12V4000M40A-002353;changed_field;pn;5105330880 220X56X1;5105330880
RB-12V4000M40A-002602;changed_field;pn;5105302438/S0001 3X400VAC;5105302438/S0001
RB-12V4000M40A-002608;changed_field;pn;X00024645 360X380X210;X00024645
RB-12V4000M40A-002684;changed_field;pn;X00E50200899 152X152X128;X00E50200899
RB-12V4000M40A-002688;changed_field;pn;X00E50202754/S0003 360X314X95;X00E50202754/S0003
RB-12V4000M40A-002703;changed_field;pn;5275307654 455X277X91;5275307654
RB-12V4000M40A-002704;changed_field;pn;5275334402 423X270X76;5275334402
RB-12V4000M40A-002705;changed_field;pn;5275351291 427X275X11;5275351291
RB-12V4000M53-000333;changed_field;pn;X52603100002 12V4000-03;X52603100002
RB-12V4000M53-001472;changed_field;pn;5242031452 M52-1.5X15;5242031452
RB-12V4000M53-002739;changed_field;pn;0035337689 23X13/55MM;0035337689
RB-12V4000M53-002830;changed_field;pn;X00010488 DIN72585;X00010488
RB-12V4000M53-003094;changed_field;pn;X00E50204759 102X103X3;X00E50204759
RB-12V4000M53-003095;changed_field;pn;X00E50204758 102X103X3;X00E50204758
RB-12V4000M53-006309;changed_field;pn;X59541200002 FC-001-040;X59541200002
RB-12V4000M53-006352;changed_field;pn;X00E50205800 3X440VAC/50HZ;X00E50205800
RB-12V4000M53-006353;changed_field;pn;X00E50205802 3X440VAC/50HZ;X00E50205802
RB-12V4000M70-000772;changed_field;pn;5110804420 158/20/135/69CM;5110804420
RB-12V4000M70-000797;changed_field;pn;5110250002 ZR170/60;5110250002
RB-12V4000M70-002512;changed_field;pn;X00E50206616 455X277X91;X00E50206616
RB-12V4000M70-005076;changed_field;pn;X00032735 230X200X110;X00032735
RB-12V4000M70-005108;changed_field;pn;X00E50200885 3X440VAC;X00E50200885
RB-12V4000M70-005159;changed_field;pn;X00E50206571/S0001 MPU29-05;X00E50206571/S0001
RB-12V4000M70-005192;changed_field;pn;X00015431 345X220X199;X00015431
RB-12V4000M70-005459;changed_field;pn;X00E50200486 M25X1.5-M16X1.5;X00E50200486
RB-16V4000M61-001627;changed_field;pn;8692030520 0.37-0.55;8692030520
RB-16V4000M61-001982;changed_field;pn;X00E50205162 360X270X160;X00E50205162
RB-16V4000M61-001983;changed_field;pn;X00E50205163 360X270X160;X00E50205163
RB-16V4000M61-002452;changed_field;pn;X00E50205154 345X220X199/RAL;X00E50205154
RB-16V4000M61-002453;changed_field;pn;X00E50205155 345X220X190/RAL;X00E50205155
RB-16V4000M61-002460;changed_field;pn;X00E50202753/S0003 296X152X80;X00E50202753/S0003
RB-16V4000M61-002523;changed_field;pn;X00E50205156 250X270X184/RAL;X00E50205156
RB-16V4000M61-002524;changed_field;pn;X00E50205157 250X270X184/RAL9003;X00E50205157
RB-16V4000M61-002562;changed_field;pn;X00E50205158 3X400VAC/50HZ/2A/RAL9003;X00E50205158
RB-16V4000M61-002563;changed_field;pn;X00E50205159 3X400VAC/50HZ;X00E50205159
RB-16V4000M61-002602;changed_field;pn;X00E50202753/S0002 296X152X80;X00E50202753/S0002
RB-16V4000M61-002672;changed_field;pn;X00E50205151 360X210X160/RAL;X00E50205151
RB-16V4000M73L-002314;changed_field;pn;X00E50200882 3X400VAC;X00E50200882
RB-16V4000M90-000004;changed_field;pn;5270101805 2063.000;5270101805
RB-16V4000M90-002074;changed_field;pn;X599001-748478 1090.000;X599001-748478
RB-16V4000M90-002631;changed_field;pn;0095315080 6X2X0.5QMM;0095315080
RB-16V4000M90-002637;changed_field;pn;0095315380 4X0.50QMM;0095315380
RB-20V4000M93-000051;changed_field;pn;EX59601100004 2547.000;EX59601100004
RB-20V4000M93-000052;changed_field;pn;X59601100003 2015.000;X59601100003
RB-20V4000M93-000341;changed_field;pn;X00029040 20V4000-03;X00029040
RB-20V4000M93L-002288;changed_field;pn;8692030001 600/44/3B;8692030001
RB-20V4000M93L-003085;changed_field;pn;X59634200024/30 6900.000;X59634200024/30
RB-20V4000M93L-005131;changed_field;pn;X53514600003/30/97 2450.000;X53514600003/30/97
RB-20V4000M93L-007147;changed_field;pn;X53566400071/30/97 1000.000;X53566400071/30/97
RB-20V4000M93L-007153;changed_field;pn;X82566400001/30/97 3050.000;X82566400001/30/97
RB-12V4000M40A-000715;changed_field;fg_code;101-01;
RB-12V4000M40A-001681;changed_field;fg_code;202-40;
RB-12V4000M40A-002353;changed_field;fg_code;508-00;
RB-12V4000M40A-002684;changed_field;fg_code;508-00;
RB-12V4000M40A-002688;changed_field;fg_code;508-00;
RB-12V4000M53-000333;changed_field;fg_code;030-00;
RB-12V4000M53-002739;changed_field;fg_code;507-98;
RB-12V4000M53-003094;changed_field;fg_code;508-95;
RB-12V4000M53-003095;changed_field;fg_code;508-95;
RB-12V4000M53-006309;changed_field;fg_code;083-05;
RB-12V4000M70-000772;changed_field;fg_code;100-00;
RB-12V4000M70-000797;changed_field;fg_code;100-00;
RB-12V4000M70-005076;changed_field;fg_code;507-97;
RB-12V4000M70-005159;changed_field;fg_code;508-95;
RB-12V4000M70-005459;changed_field;fg_code;511-10;
RB-16V4000M61-001627;changed_field;fg_code;202-40;
RB-16V4000M61-002602;changed_field;fg_code;510-10;
RB-16V4000M90-002631;changed_field;fg_code;511-20;
RB-16V4000M90-002637;changed_field;fg_code;511-20;
RB-20V4000M93-000341;changed_field;fg_code;030-00;
RB-20V4000M93L-002288;changed_field;fg_code;202-40;
RB-12V4000M40A-000715;changed_field;fg_description;EXHAUST TURBOCHARGER, GENERAL OR H.P. TURBOCHARGER;
RB-12V4000M40A-001681;changed_field;fg_description;COOLANT CIRCUIT, GENERAL, HT CIRCUIT;
RB-12V4000M40A-002043;changed_field;fg_description;MONITORING AND CONTROL SYSTEM, GENERAL ELECTRICAL EQUIPMENT;
RB-12V4000M40A-002353;changed_field;fg_description;ACCESSORIES FOR ENGINE GOVERNOR (ELECTRONIC) CONTROL SYSTEM;
RB-12V4000M40A-002684;changed_field;fg_description;ACCESSORIES FOR ENGINE GOVERNOR (ELECTRONIC) CONTROL SYSTEM;
RB-12V4000M40A-002688;changed_field;fg_description;ACCESSORIES FOR ENGINE GOVERNOR (ELECTRONIC) CONTROL SYSTEM;
RB-12V4000M40A-002703;changed_field;fg_description;ACCESSORIES FOR ENGINE GOVERNOR (ELECTRONIC) CONTROL SYSTEM;
RB-12V4000M53-000333;changed_field;fg_description;RUNNING GEAR;
RB-12V4000M53-001472;changed_field;fg_description;OIL FILTRATION/COOLING;
RB-12V4000M53-002739;changed_field;fg_description;WIRING, GENERAL, FOR ENGINE/GEARBOX/PLANT;
RB-12V4000M53-003094;changed_field;fg_description;ACCESSORIES FOR ENGINE GOVERNOR (ELECTRONIC) CONTROL SYSTEM;
RB-12V4000M53-003095;changed_field;fg_description;ACCESSORIES FOR ENGINE GOVERNOR (ELECTRONIC) CONTROL SYSTEM;
RB-12V4000M53-006309;changed_field;fg_description;FUEL FILTER;
RB-16V4000M61-001627;changed_field;fg_description;COOLANT CIRCUIT, GENERAL, HT CIRCUIT;
RB-16V4000M61-002602;changed_field;fg_description;MONITORING EQUIPMENT;
RB-16V4000M73L-002314;changed_field;fg_description;WIRING, GEBERAL, FOR ENGINE/GEARBOX/PLANT;
RB-16V4000M90-002631;changed_field;fg_description;ALARM SYSTEM;
RB-16V4000M90-002637;changed_field;fg_description;ALARM SYSTEM;
RB-20V4000M93-000341;changed_field;fg_description;RUNNING GEAR;
RB-12V4000M40A-000715;changed_field;fg_code_description;101 EXHAUST TURBOCHARGER, GENERAL OR H.P. TURBOCHARGER;
RB-12V4000M40A-001681;changed_field;fg_code_description;202 COOLANT CIRCUIT, GENERAL, HT CIRCUIT;
RB-12V4000M40A-002043;changed_field;fg_code_description;500 MONITORING AND CONTROL SYSTEM, GENERAL ELECTRICAL EQUIPMENT;500-00
RB-12V4000M40A-002353;changed_field;fg_code_description;508 ACCESSORIES FOR ENGINE GOVERNOR (ELECTRONIC) CONTROL SYSTEM;
RB-12V4000M40A-002602;changed_field;fg_code_description;508 ACCESSORIES FOR ENGINE GOVERNOR (ELECTRONIC) CONTROL SYSTEM;508-00 ACCESSORIES FOR ENGINE GOVERNOR (ELECTRONIC) CONTROL SYSTEM
RB-12V4000M40A-002684;changed_field;fg_code_description;508 ACCESSORIES FOR ENGINE GOVERNOR (ELECTRONIC) CONTROL SYSTEM;
RB-12V4000M40A-002688;changed_field;fg_code_description;508 ACCESSORIES FOR ENGINE GOVERNOR (ELECTRONIC) CONTROL SYSTEM;
RB-12V4000M40A-002703;changed_field;fg_code_description;508 ACCESSORIES FOR ENGINE GOVERNOR (ELECTRONIC) CONTROL SYSTEM;508-10
RB-12V4000M53-000333;changed_field;fg_code_description;30 RUNNING GEAR;
RB-12V4000M53-001472;changed_field;fg_code_description;183 OIL FILTRATION/COOLING;183-15
RB-12V4000M53-002739;changed_field;fg_code_description;507 WIRING, GENERAL, FOR ENGINE/GEARBOX/PLANT;
RB-12V4000M53-002830;changed_field;fg_code_description;507 WIRING, GENERAL, FOR ENGINE/GEARBOX/PLANT;507-98 WIRING, GENERAL, FOR ENGINE/GEARBOX/PLANT
RB-12V4000M53-003094;changed_field;fg_code_description;508 ACCESSORIES FOR ENGINE GOVERNOR (ELECTRONIC) CONTROL SYSTEM;
RB-12V4000M53-003095;changed_field;fg_code_description;508 ACCESSORIES FOR ENGINE GOVERNOR (ELECTRONIC) CONTROL SYSTEM;
RB-12V4000M53-006309;changed_field;fg_code_description;83 FUEL FILTER;
RB-12V4000M70-000772;changed_field;fg_code_description;100-00;
RB-12V4000M70-000797;changed_field;fg_code_description;100-00;
RB-12V4000M70-005076;changed_field;fg_code_description;507-97;
RB-12V4000M70-005159;changed_field;fg_code_description;508-95;
RB-12V4000M70-005459;changed_field;fg_code_description;511-10;
RB-16V4000M61-001627;changed_field;fg_code_description;202 COOLANT CIRCUIT, GENERAL, HT CIRCUIT;
RB-16V4000M61-001982;changed_field;fg_code_description;507 WIRING, GEBERAL, FOR ENGINE/GEARBOX/PLANT;507-97 WIRING, GEBERAL, FOR ENGINE/GEARBOX/PLANT
RB-16V4000M61-002452;changed_field;fg_code_description;510 MONITORING EQUIPMENT;510-10 MONITORING EQUIPMENT
RB-16V4000M61-002523;changed_field;fg_code_description;510 MONITORING EQUIPMENT;510-10 MONITORING EQUIPMENT
RB-16V4000M61-002562;changed_field;fg_code_description;510 MONITORING EQUIPMENT;510-10 MONITORING EQUIPMENT
RB-16V4000M61-002602;changed_field;fg_code_description;510 MONITORING EQUIPMENT;
RB-16V4000M73L-002314;changed_field;fg_code_description;507 WIRING, GEBERAL, FOR ENGINE/GEARBOX/PLANT;507-97
RB-16V4000M90-002074;changed_field;fg_code_description;342 DRIVE SYSTEM;342-10 DRIVE SYSTEM
RB-16V4000M90-002631;changed_field;fg_code_description;511 ALARM SYSTEM;
RB-16V4000M90-002637;changed_field;fg_code_description;511 ALARM SYSTEM;
RB-20V4000M93-000051;changed_field;fg_code_description;11 CRANKCASE;011-05 CRANKCASE
RB-20V4000M93-000341;changed_field;fg_code_description;30 RUNNING GEAR;
RB-20V4000M93L-002288;changed_field;fg_code_description;202-40;
RB-12V4000M53-001400;changed_field;PAG;12V4000M53-0194, 12V4000M53-0549, 16V4000M90-0192;12V4000M40A-0200, 12V4000M53-0194, 12V4000M53-0549, 12V4000M70-0214, 12V4000M70-0551, 16V4000M61-0197, 16V4000M61-0699, 16V4000M90-0192
RB-12V4000M53-002758;changed_field;PAG;12V4000M53-0331, 12V4000M53-0332, 12V4000M53-0343, 12V4000M53-0694, 12V4000M53-0695, 12V4000M53-0706, 16V4000M73-0325, 16V4000M73-0679, 16V4000M73-1034, 16V4000M73-1388, 20V4000M93-0348, 20V4000M93-0356, 20V4000M93-0357, 20V4000M93-0744, 20V4000M93-0752, 20V4000M93-0753, 20V4000M93-1140, 20V4000M93-1148, 20V4000M93-1149, 20V4000M93-1536, 20V4000M93-1544, 20V4000M93-1545;12V4000M53-0331, 12V4000M53-0332, 12V4000M53-0343, 12V4000M53-0345, 12V4000M53-0348, 12V4000M53-0694, 12V4000M53-0695, 12V4000M53-0706, 12V4000M53-0708, 12V4000M53-0711, 12V4000M53-0797, 16V4000M73-0323, 16V4000M73-0325, 16V4000M73-0677, 16V4000M73-0679, 16V4000M73-1032, 16V4000M73-1034, 16V4000M73-1386, 16V4000M73-1388, 16V4000M73L-0400, 16V4000M73L-0403, 16V4000M73L-0407, 16V4000M73L-0427, 16V4000M73L-0429, 16V4000M73L-0431, 16V4000M73L-1597, 16V4000M73L-1600, 16V4000M73L-1604, 16V4000M73L-1624, 16V4000M73L-1626, 16V4000M73L-1628, 20V4000M93-0348, 20V4000M93-0356, 20V4000M93-0357, 20V4000M93-0744, 20V4000M93-0752, 20V4000M93-0753, 20V4000M93-1140, 20V4000M93-1148, 20V4000M93-1149, 20V4000M93-1536, 20V4000M93-1544, 20V4000M93-1545, 20V4000M93L-1470, 20V4000M93L-1472, 20V4000M93L-1476, 20V4000M93L-1854, 20V4000M93L-1856, 20V4000M93L-1860
RB-12V4000M53-006660;changed_field;PAG;12V4000M53-0827, 16V4000M73L-0477, 16V4000M73L-1674, 16V4000M90-0405;12V4000M53-0827, 12V4000M70-0799, 16V4000M73L-0477, 16V4000M73L-1674, 16V4000M90-0405
RB-16V4000M61-000019;changed_field;PAG;16V4000M61-0012, 16V4000M61-0519;16V4000M61-0012, 16V4000M61-0519, 16V4000M90-0017
RB-16V4000M61-000800;changed_field;PAG;16V4000M61-0137, 16V4000M61-0641, 16V4000M73L-0144, 16V4000M73L-0630, 16V4000M73L-0975, 16V4000M73L-1316;12V4000M40A-0140, 12V4000M53-0143, 12V4000M53-0498, 12V4000M70-0149, 12V4000M70-0488, 16V4000M61-0137, 16V4000M61-0641, 16V4000M73-0157, 16V4000M73-0511, 16V4000M73-0865, 16V4000M73-1220, 16V4000M73L-0144, 16V4000M73L-0630, 16V4000M73L-0975, 16V4000M73L-1316, 20V4000M93-0164, 20V4000M93-0560, 20V4000M93-0956, 20V4000M93-1352, 20V4000M93L-1262, 20V4000M93L-1639
RB-16V4000M73L-000049;changed_field;PAG;16V4000M73L-0017, 16V4000M73L-0502, 16V4000M73L-0847, 16V4000M73L-1190;16V4000M73-0028, 16V4000M73-0382, 16V4000M73-0736, 16V4000M73-1091, 16V4000M73L-0017, 16V4000M73L-0502, 16V4000M73L-0847, 16V4000M73L-1190
RB-16V4000M73L-000281;changed_field;PAG;16V4000M73L-0049, 16V4000M73L-0534, 16V4000M73L-0879, 16V4000M73L-1222;16V4000M73-0062, 16V4000M73-0416, 16V4000M73-0770, 16V4000M73-1125, 16V4000M73L-0049, 16V4000M73L-0534, 16V4000M73L-0879, 16V4000M73L-1222
RB-16V4000M90-000004;changed_field;PAG;16V4000M90-0017;16V4000M61-0012, 16V4000M61-0519, 16V4000M90-0017
RB-16V4000M90-001813;changed_field;PAG;16V4000M90-0246;16V4000M90-0246, 20V4000M93L-1355, 20V4000M93L-1735
RB-20V4000M93L-002285;changed_field;PAG;20V4000M93L-1381, 20V4000M93L-1761;16V4000M61-0243, 16V4000M73L-0315, 16V4000M73L-0794, 16V4000M73L-1137, 16V4000M73L-1472, 20V4000M93L-1381, 20V4000M93L-1761
RB-12V4000M53-001400;changed_field;esquema_general;12V4000M53-0193-01.webp, 12V4000M53-0193-02.webp, 12V4000M53-0548-01.webp, 12V4000M53-0548-02.webp, 16V4000M90-0191-01.webp, 16V4000M90-0191-02.webp;12V4000M40A-0199-01.webp, 12V4000M40A-0199-02.webp, 12V4000M53-0193-01.webp, 12V4000M53-0193-02.webp, 12V4000M53-0548-01.webp, 12V4000M53-0548-02.webp, 12V4000M70-0213-01.webp, 12V4000M70-0213-02.webp, 12V4000M70-0550-01.webp, 12V4000M70-0550-02.webp, 16V4000M61-0196-01.webp, 16V4000M61-0196-02.webp, 16V4000M61-0698-01.webp, 16V4000M61-0698-02.webp, 16V4000M90-0191-01.webp, 16V4000M90-0191-02.webp
RB-12V4000M53-002758;changed_field;esquema_general;12V4000M53-0330-01.webp, 12V4000M53-0330-02.webp, 12V4000M53-0342-01.webp, 12V4000M53-0693-01.webp, 12V4000M53-0693-02.webp, 12V4000M53-0705-01.webp, 16V4000M73-0324-01.webp, 16V4000M73-0324-02.webp, 16V4000M73-0678-01.webp, 16V4000M73-0678-02.webp, 16V4000M73-1033-01.webp, 16V4000M73-1033-02.webp, 16V4000M73-1387-01.webp, 16V4000M73-1387-02.webp, 20V4000M93-0347-01.webp, 20V4000M93-0347-02.webp, 20V4000M93-0355-01.webp, 20V4000M93-0355-02.webp, 20V4000M93-0743-01.webp, 20V4000M93-0743-02.webp, 20V4000M93-0751-01.webp, 20V4000M93-0751-02.webp, 20V4000M93-1139-01.webp, 20V4000M93-1139-02.webp, 20V4000M93-1147-01.webp, 20V4000M93-1147-02.webp, 20V4000M93-1535-01.webp, 20V4000M93-1535-02.webp, 20V4000M93-1543-01.webp, 20V4000M93-1543-02.webp;12V4000M53-0330-01.webp, 12V4000M53-0330-02.webp, 12V4000M53-0342-01.webp, 12V4000M53-0344-01.webp, 12V4000M53-0344-02.webp, 12V4000M53-0346-01.webp, 12V4000M53-0346-02.webp, 12V4000M53-0693-01.webp, 12V4000M53-0693-02.webp, 12V4000M53-0705-01.webp, 12V4000M53-0707-01.webp, 12V4000M53-0707-02.webp, 12V4000M53-0709-01.webp, 12V4000M53-0709-02.webp, 16V4000M73-0324-01.webp, 16V4000M73-0324-02.webp, 16V4000M73-0678-01.webp, 16V4000M73-0678-02.webp, 16V4000M73-1033-01.webp, 16V4000M73-1033-02.webp, 16V4000M73-1387-01.webp, 16V4000M73-1387-02.webp, 16V4000M73L-0403-01.webp, 16V4000M73L-0407-01.webp, 16V4000M73L-0427-01.webp, 16V4000M73L-0429-01.webp, 16V4000M73L-0431-01.webp, 16V4000M73L-1600-01.webp, 16V4000M73L-1604-01.webp, 16V4000M73L-1624-01.webp, 16V4000M73L-1626-01.webp, 16V4000M73L-1628-01.webp, 20V4000M93-0347-01.webp, 20V4000M93-0347-02.webp, 20V4000M93-0355-01.webp, 20V4000M93-0355-02.webp, 20V4000M93-0743-01.webp, 20V4000M93-0743-02.webp, 20V4000M93-0751-01.webp, 20V4000M93-0751-02.webp, 20V4000M93-1139-01.webp, 20V4000M93-1139-02.webp, 20V4000M93-1147-01.webp, 20V4000M93-1147-02.webp, 20V4000M93-1535-01.webp, 20V4000M93-1535-02.webp, 20V4000M93-1543-01.webp, 20V4000M93-1543-02.webp, 20V4000M93L-1468-01.webp, 20V4000M93L-1468-02.webp, 20V4000M93L-1471-01.webp, 20V4000M93L-1471-02.webp, 20V4000M93L-1474-01.webp, 20V4000M93L-1474-02.webp, 20V4000M93L-1852-01.webp, 20V4000M93L-1852-02.webp, 20V4000M93L-1855-01.webp, 20V4000M93L-1855-02.webp, 20V4000M93L-1858-01.webp, 20V4000M93L-1858-02.webp
RB-12V4000M53-006660;changed_field;esquema_general;16V4000M73L-0477-01.webp, 16V4000M73L-1674-01.webp, 16V4000M90-0405-01.webp;12V4000M70-0799-01.webp, 16V4000M73L-0477-01.webp, 16V4000M73L-1674-01.webp, 16V4000M90-0405-01.webp
RB-16V4000M61-000019;changed_field;esquema_general;16V4000M61-0011-01.webp, 16V4000M61-0011-02.webp, 16V4000M61-0518-01.webp, 16V4000M61-0518-02.webp;16V4000M61-0011-01.webp, 16V4000M61-0011-02.webp, 16V4000M61-0518-01.webp, 16V4000M61-0518-02.webp, 16V4000M90-0016-01.webp, 16V4000M90-0016-02.webp
RB-16V4000M61-000800;changed_field;esquema_general;16V4000M61-0137-01.webp, 16V4000M61-0641-01.webp, 16V4000M73L-0144-01.webp, 16V4000M73L-0630-01.webp, 16V4000M73L-0975-01.webp, 16V4000M73L-1316-01.webp;12V4000M40A-0140-01.webp, 12V4000M53-0143-01.webp, 12V4000M53-0498-01.webp, 12V4000M70-0149-01.webp, 12V4000M70-0488-01.webp, 16V4000M61-0137-01.webp, 16V4000M61-0641-01.webp, 16V4000M73-0157-01.webp, 16V4000M73-0511-01.webp, 16V4000M73-0865-01.webp, 16V4000M73-1220-01.webp, 16V4000M73L-0144-01.webp, 16V4000M73L-0630-01.webp, 16V4000M73L-0975-01.webp, 16V4000M73L-1316-01.webp, 20V4000M93-0164-01.webp, 20V4000M93-0560-01.webp, 20V4000M93-0956-01.webp, 20V4000M93-1352-01.webp, 20V4000M93L-1262-01.webp, 20V4000M93L-1639-01.webp
RB-16V4000M73L-000049;changed_field;esquema_general;16V4000M73L-0017-01.webp, 16V4000M73L-0502-01.webp, 16V4000M73L-0847-01.webp, 16V4000M73L-1190-01.webp;16V4000M73-0028-01.webp, 16V4000M73-0382-01.webp, 16V4000M73-0736-01.webp, 16V4000M73-1091-01.webp, 16V4000M73L-0017-01.webp, 16V4000M73L-0502-01.webp, 16V4000M73L-0847-01.webp, 16V4000M73L-1190-01.webp
RB-16V4000M73L-000281;changed_field;esquema_general;16V4000M73L-0049-01.webp, 16V4000M73L-0534-01.webp, 16V4000M73L-0879-01.webp, 16V4000M73L-1222-01.webp;16V4000M73-0062-01.webp, 16V4000M73-0416-01.webp, 16V4000M73-0770-01.webp, 16V4000M73-1125-01.webp, 16V4000M73L-0049-01.webp, 16V4000M73L-0534-01.webp, 16V4000M73L-0879-01.webp, 16V4000M73L-1222-01.webp
RB-16V4000M90-000004;changed_field;esquema_general;16V4000M90-0016-01.webp, 16V4000M90-0016-02.webp;16V4000M61-0011-01.webp, 16V4000M61-0011-02.webp, 16V4000M61-0518-01.webp, 16V4000M61-0518-02.webp, 16V4000M90-0016-01.webp, 16V4000M90-0016-02.webp
RB-16V4000M90-001813;changed_field;esquema_general;16V4000M90-0246-01.webp;16V4000M90-0246-01.webp, 20V4000M93L-1355-01.webp, 20V4000M93L-1735-01.webp
RB-20V4000M93L-002285;changed_field;esquema_general;20V4000M93L-1381-01.webp, 20V4000M93L-1761-01.webp;16V4000M61-0243-01.webp, 20V4000M93L-1381-01.webp, 20V4000M93L-1761-01.webp
RB-12V4000M53-001400;changed_field;exp_motor;12V4000M53, 16V4000M90;12V4000M40A, 12V4000M53, 12V4000M70, 16V4000M61, 16V4000M90
RB-12V4000M53-002758;changed_field;exp_motor;12V4000M53, 16V4000M73, 20V4000M93;12V4000M53, 16V4000M73, 16V4000M73L, 20V4000M93, 20V4000M93L
RB-12V4000M53-006660;changed_field;exp_motor;12V4000M53, 16V4000M73L, 16V4000M90;12V4000M53, 12V4000M70, 16V4000M73L, 16V4000M90
RB-16V4000M61-000019;changed_field;exp_motor;16V4000M61;16V4000M61, 16V4000M90
RB-16V4000M61-000800;changed_field;exp_motor;16V4000M61, 16V4000M73L;12V4000M40A, 12V4000M53, 12V4000M70, 16V4000M61, 16V4000M73, 16V4000M73L, 20V4000M93, 20V4000M93L
RB-16V4000M73L-000049;changed_field;exp_motor;16V4000M73L;16V4000M73, 16V4000M73L
RB-16V4000M73L-000281;changed_field;exp_motor;16V4000M73L;16V4000M73, 16V4000M73L
RB-16V4000M90-000004;changed_field;exp_motor;16V4000M90;16V4000M61, 16V4000M90
RB-16V4000M90-001813;changed_field;exp_motor;16V4000M90;16V4000M90, 20V4000M93L
RB-20V4000M93L-002285;changed_field;exp_motor;20V4000M93L;16V4000M61, 16V4000M73L, 20V4000M93L
RB-12V4000M40A-000715;changed_field;exp_categorias;12VM40A-101;
RB-12V4000M40A-001681;changed_field;exp_categorias;12VM40A-202, 16VM61-202, 16VM73L-360, 20VM93L-202;
RB-12V4000M40A-002353;changed_field;exp_categorias;12VM40A-508;
RB-12V4000M40A-002684;changed_field;exp_categorias;12VM40A-508;
RB-12V4000M40A-002688;changed_field;exp_categorias;12VM40A-508;
RB-12V4000M53-002758;changed_field;exp_categorias;12VM53-507, 16VM73-507, 20VM93-507;12VM53-507, 12VM53-511, 16VM73-507, 16VM73L-511, 20VM93-507, 20VM93L-507
RB-12V4000M53-006309;changed_field;exp_categorias;12VM53-83;
RB-12V4000M70-005076;changed_field;exp_categorias;12VM70-507, 16VM61-510, 16VM73L-507, 16VM90-507;16VM61-510, 16VM73L-507, 16VM90-507
RB-12V4000M70-005159;changed_field;exp_categorias;12VM70-508, 12VM70-517, 16VM61-500, 16VM73L-507, 16VM73L-517, 16VM90-508, 16VM90-511, 16VM90-517, 16VM90-526;12VM70-517, 16VM61-500, 16VM73L-507, 16VM73L-517, 16VM90-508, 16VM90-511, 16VM90-517, 16VM90-526
RB-12V4000M70-005459;changed_field;exp_categorias;12VM70-511, 16VM61-511, 16VM73L-511;16VM61-511, 16VM73L-511
RB-16V4000M61-000019;changed_field;exp_categorias;16VM61-11;16VM61-11, 16VM90-11
RB-16V4000M61-000800;changed_field;exp_categorias;16VM61-122, 16VM73L-122;12VM40A-122, 12VM53-122, 12VM70-122, 16VM61-122, 16VM73-122, 16VM73L-122, 20VM93-122, 20VM93L-122
RB-16V4000M61-002602;changed_field;exp_categorias;16VM61-510;
RB-16V4000M73L-000281;changed_field;exp_categorias;16VM73L-30;16VM73-30, 16VM73L-30
RB-16V4000M90-000004;changed_field;exp_categorias;16VM90-11;16VM61-11, 16VM90-11
RB-16V4000M90-001813;changed_field;exp_categorias;16VM90-206;16VM90-206, 20VM93L-183
RB-16V4000M90-002631;changed_field;exp_categorias;16VM90-511;
RB-16V4000M90-002637;changed_field;exp_categorias;16VM90-511;
RB-20V4000M93L-002285;changed_field;exp_categorias;20VM93L-202;16VM61-202, 16VM73L-360, 20VM93L-202
RB-16V4000M90-000004;changed_field;old_number_01;;5270100405
RB-16V4000M90-000004;changed_field;old_ruta_01;;https://milu-naval.com/producto/5270100405
RB-16V4000M90-000004;changed_field;old_number_02;;5270100805
RB-16V4000M90-000004;changed_field;old_ruta_02;;https://milu-naval.com/producto/5270100805
RB-16V4000M90-000004;changed_field;old_number_03;;5270100705
RB-16V4000M90-000004;changed_field;old_ruta_03;;https://milu-naval.com/producto/5270100705
RB-16V4000M90-000004;changed_field;old_number_04;;E5270100705
RB-16V4000M90-000004;changed_field;old_ruta_04;;https://milu-naval.com/producto/E5270100705
RB-16V4000M90-000004;changed_field;old_number_05;;5270100605
RB-16V4000M90-000004;changed_field;old_ruta_05;;https://milu-naval.com/producto/5270100605
RB-16V4000M90-000004;changed_field;old_number_06;;E5270100605
RB-16V4000M90-000004;changed_field;old_ruta_06;;https://milu-naval.com/producto/E5270100605
RB-16V4000M90-000004;changed_field;old_number_07;;5270101705
RB-16V4000M90-000004;changed_field;old_ruta_07;;https://milu-naval.com/producto/5270101705
RB-16V4000M90-000004;changed_field;old_number_08;;E5270101705
RB-16V4000M90-000004;changed_field;old_ruta_08;;https://milu-naval.com/producto/E5270101705
RB-16V4000M90-000004;changed_field;old_number_09;;5270101805
RB-16V4000M90-000004;changed_field;old_ruta_09;;https://milu-naval.com/producto/5270101805
RB-16V4000M90-000004;changed_field;old_number_10;;X52701100072
RB-16V4000M90-000004;changed_field;old_ruta_10;;https://milu-naval.com/producto/X52701100072
RB-16V4000M90-000004;changed_field;old_number_11;;E5270101805
RB-16V4000M90-000004;changed_field;old_ruta_11;;https://milu-naval.com/producto/E5270101805
RB-12V4000M40A-000062;changed_field;exp_imagenes;https://milu-naval.mystagingwebsite.com/wp-content/uploads/12V4000M40A-POS/12V4000M40A-0020-01-60.webp, https://milu-naval.mystagingwebsite.com/wp-content/uploads/12V4000M40A-POS/12V4000M40A-0102-01-375.webp, https://milu-naval.mystagingwebsite.com/wp-content/uploads/12V4000M40A-POS/12V4000M40A-0194-01-35.webp, https://milu-naval.mystagingwebsite.com/wp-content/uploads/12V4000M53-POS/12V4000M53-0031-01-500.webp, https://milu-naval.mystagingwebsite.com/wp-content/uploads/12V4000M53-POS/12V4000M53-0038-01-1550.webp, https://milu-naval.mystagingwebsite.com/wp-content/uploads/12V4000M53-POS/12V4000M53-0038-01-1850.webp, https://milu-naval.mystagingwebsite.com/wp-content/uploads/12V4000M53-POS/12V4000M53-0160-01-250.webp, https://milu-naval.mystagingwebsite.com/wp-content/uploads/12V4000M53-POS/12V4000M53-0186-01-300.webp, https://milu-naval.mystagingwebsite.com/wp-content/uploads/12V4000M53-POS/12V4000M53-0276-01-60.webp, https://milu-naval.mystagingwebsite.com/wp-content/uploads/12V4000M53-POS/12V4000M53-0300-02-1400.webp;https://milu-naval.mystagingwebsite.com/wp-content/uploads/12V4000M40A-POS/12V4000M40A-0020-01-60.webp, https://milu-naval.mystagingwebsite.com/wp-content/uploads/12V4000M40A-POS/12V4000M40A-0102-01-375.webp, https://milu-naval.mystagingwebsite.com/wp-content/uploads/12V4000M40A-POS/12V4000M40A-0194-01-35.webp, https://milu-naval.mystagingwebsite.com/wp-content/uploads/12V4000M53-POS/12V4000M53-0031-01-500.webp, https://milu-naval.mystagingwebsite.com/wp-content/uploads/12V4000M53-POS/12V4000M53-0038-01-1550.webp, https://milu-naval.mystagingwebsite.com/wp-content/uploads/12V4000M53-POS/12V4000M53-0038-01-1850.webp, https://milu-naval.mystagingwebsite.com/wp-content/uploads/12V4000M53-POS/12V4000M53-0160-01-250.webp, https://milu-naval.mystagingwebsite.com/wp-content/uploads/12V4000M53-POS/12V4000M53-0186-01-300.webp, https://milu-naval.mystagingwebsite.com/wp-content/uploads/12V4000M53-POS/12V4000M53-0276-01-60.webp, https://milu-naval.mystagingwebsite.com/wp-content/uploads/12V4000M53-POS/12V4000M53-0386-01-500.webp
RB-12V4000M40A-000065;changed_field;exp_imagenes;https://milu-naval.mystagingwebsite.com/wp-content/uploads/12V4000M40A-POS/12V4000M40A-0020-01-120.webp, https://milu-naval.mystagingwebsite.com/wp-content/uploads/12V4000M40A-POS/12V4000M40A-0091-02-135.webp, https://milu-naval.mystagingwebsite.com/wp-content/uploads/12V4000M40A-POS/12V4000M40A-0104-01-2625.webp, https://milu-naval.mystagingwebsite.com/wp-content/uploads/12V4000M53-POS/12V4000M53-0031-01-950.webp, https://milu-naval.mystagingwebsite.com/wp-content/uploads/12V4000M53-POS/12V4000M53-0110-01-30.webp, https://milu-naval.mystagingwebsite.com/wp-content/uploads/12V4000M53-POS/12V4000M53-0110-02-40.webp, https://milu-naval.mystagingwebsite.com/wp-content/uploads/12V4000M53-POS/12V4000M53-0170-01-1650.webp, https://milu-naval.mystagingwebsite.com/wp-content/uploads/12V4000M53-POS/12V4000M53-0386-01-950.webp, https://milu-naval.mystagingwebsite.com/wp-content/uploads/12V4000M53-POS/12V4000M53-0465-01-30.webp, https://milu-naval.mystagingwebsite.com/wp-content/uploads/12V4000M53-POS/12V4000M53-0465-02-40.webp;https://milu-naval.mystagingwebsite.com/wp-content/uploads/12V4000M40A-POS/12V4000M40A-0020-01-120.webp, https://milu-naval.mystagingwebsite.com/wp-content/uploads/12V4000M40A-POS/12V4000M40A-0091-02-135.webp, https://milu-naval.mystagingwebsite.com/wp-content/uploads/12V4000M40A-POS/12V4000M40A-0104-01-2625.webp, https://milu-naval.mystagingwebsite.com/wp-content/uploads/12V4000M53-POS/12V4000M53-0031-01-950.webp, https://milu-naval.mystagingwebsite.com/wp-content/uploads/12V4000M53-POS/12V4000M53-0110-02-40.webp, https://milu-naval.mystagingwebsite.com/wp-content/uploads/12V4000M53-POS/12V4000M53-0170-01-1650.webp, https://milu-naval.mystagingwebsite.com/wp-content/uploads/12V4000M53-POS/12V4000M53-0386-01-950.webp, https://milu-naval.mystagingwebsite.com/wp-content/uploads/12V4000M53-POS/12V4000M53-0465-02-40.webp, https://milu-naval.mystagingwebsite.com/wp-content/uploads/12V4000M53-POS/12V4000M53-0525-01-1650.webp, https://milu-naval.mystagingwebsite.com/wp-content/uploads/12V4000M70-POS/12V4000M70-0105-02-135.webp
RB-12V4000M40A-000183;changed_field;exp_imagenes;https://milu-naval.mystagingwebsite.com/wp-content/uploads/12V4000M40A-POS/12V4000M40A-0036-01-90.webp, https://milu-naval.mystagingwebsite.com/wp-content/uploads/12V4000M40A-POS/12V4000M40A-0037-01-80.webp, https://milu-naval.mystagingwebsite.com/wp-content/uploads/12V4000M40A-POS/12V4000M40A-0199-02-45.webp, https://milu-naval.mystagingwebsite.com/wp-content/uploads/12V4000M40A-POS/12V4000M40A-0268-01-10.webp, https://milu-naval.mystagingwebsite.com/wp-content/uploads/12V4000M53-POS/12V4000M53-0048-01-240.webp, https://milu-naval.mystagingwebsite.com/wp-content/uploads/12V4000M53-POS/12V4000M53-0049-01-800.webp, https://milu-naval.mystagingwebsite.com/wp-content/uploads/12V4000M53-POS/12V4000M53-0193-01-45.webp, https://milu-naval.mystagingwebsite.com/wp-content/uploads/12V4000M53-POS/12V4000M53-0203-01-200.webp, https://milu-naval.mystagingwebsite.com/wp-content/uploads/12V4000M53-POS/12V4000M53-0248-01-300.webp, https://milu-naval.mystagingwebsite.com/wp-content/uploads/12V4000M53-POS/12V4000M53-0268-01-700.webp;https://milu-naval.mystagingwebsite.com/wp-content/uploads/12V4000M40A-POS/12V4000M40A-0036-01-90.webp, https://milu-naval.mystagingwebsite.com/wp-content/uploads/12V4000M40A-POS/12V4000M40A-0037-01-80.webp, https://milu-naval.mystagingwebsite.com/wp-content/uploads/12V4000M40A-POS/12V4000M40A-0199-02-45.webp, https://milu-naval.mystagingwebsite.com/wp-content/uploads/12V4000M40A-POS/12V4000M40A-0268-01-10.webp, https://milu-naval.mystagingwebsite.com/wp-content/uploads/12V4000M53-POS/12V4000M53-0048-01-240.webp, https://milu-naval.mystagingwebsite.com/wp-content/uploads/12V4000M53-POS/12V4000M53-0049-01-800.webp, https://milu-naval.mystagingwebsite.com/wp-content/uploads/12V4000M53-POS/12V4000M53-0203-01-200.webp, https://milu-naval.mystagingwebsite.com/wp-content/uploads/12V4000M53-POS/12V4000M53-0248-01-300.webp, https://milu-naval.mystagingwebsite.com/wp-content/uploads/12V4000M53-POS/12V4000M53-0268-01-700.webp, https://milu-naval.mystagingwebsite.com/wp-content/uploads/12V4000M53-POS/12V4000M53-0403-01-240.webp
RB-12V4000M40A-000199;changed_field;exp_imagenes;https://milu-naval.mystagingwebsite.com/wp-content/uploads/12V4000M40A-POS/12V4000M40A-0037-01-70.webp, https://milu-naval.mystagingwebsite.com/wp-content/uploads/12V4000M40A-POS/12V4000M40A-0142-01-55.webp, https://milu-naval.mystagingwebsite.com/wp-content/uploads/12V4000M40A-POS/12V4000M40A-0199-02-55.webp, https://milu-naval.mystagingwebsite.com/wp-content/uploads/12V4000M53-POS/12V4000M53-0049-01-700.webp, https://milu-naval.mystagingwebsite.com/wp-content/uploads/12V4000M53-POS/12V4000M53-0157-01-550.webp, https://milu-naval.mystagingwebsite.com/wp-content/uploads/12V4000M53-POS/12V4000M53-0157-02-1400.webp, https://milu-naval.mystagingwebsite.com/wp-content/uploads/12V4000M53-POS/12V4000M53-0193-01-55.webp, https://milu-naval.mystagingwebsite.com/wp-content/uploads/12V4000M53-POS/12V4000M53-0404-01-700.webp, https://milu-naval.mystagingwebsite.com/wp-content/uploads/12V4000M53-POS/12V4000M53-0512-01-550.webp, https://milu-naval.mystagingwebsite.com/wp-content/uploads/12V4000M53-POS/12V4000M53-0512-02-1400.webp;https://milu-naval.mystagingwebsite.com/wp-content/uploads/12V4000M40A-POS/12V4000M40A-0037-01-70.webp, https://milu-naval.mystagingwebsite.com/wp-content/uploads/12V4000M40A-POS/12V4000M40A-0142-01-55.webp, https://milu-naval.mystagingwebsite.com/wp-content/uploads/12V4000M40A-POS/12V4000M40A-0199-02-55.webp, https://milu-naval.mystagingwebsite.com/wp-content/uploads/12V4000M53-POS/12V4000M53-0049-01-700.webp, https://milu-naval.mystagingwebsite.com/wp-content/uploads/12V4000M53-POS/12V4000M53-0157-01-550.webp, https://milu-naval.mystagingwebsite.com/wp-content/uploads/12V4000M53-POS/12V4000M53-0157-02-1400.webp, https://milu-naval.mystagingwebsite.com/wp-content/uploads/12V4000M53-POS/12V4000M53-0404-01-700.webp, https://milu-naval.mystagingwebsite.com/wp-content/uploads/12V4000M53-POS/12V4000M53-0512-01-550.webp, https://milu-naval.mystagingwebsite.com/wp-content/uploads/12V4000M53-POS/12V4000M53-0512-02-1400.webp, https://milu-naval.mystagingwebsite.com/wp-content/uploads/12V4000M70-POS/12V4000M70-0049-01-70.webp
RB-12V4000M40A-000418;changed_field;exp_imagenes;https://milu-naval.mystagingwebsite.com/wp-content/uploads/12V4000M40A-POS/12V4000M40A-0082-01-25.webp, https://milu-naval.mystagingwebsite.com/wp-content/uploads/12V4000M40A-POS/12V4000M40A-0102-02-675.webp, https://milu-naval.mystagingwebsite.com/wp-content/uploads/12V4000M40A-POS/12V4000M40A-0115-01-30.webp, https://milu-naval.mystagingwebsite.com/wp-content/uploads/12V4000M53-POS/12V4000M53-0138-01-1600.webp, https://milu-naval.mystagingwebsite.com/wp-content/uploads/12V4000M53-POS/12V4000M53-0151-01-700.webp, https://milu-naval.mystagingwebsite.com/wp-content/uploads/12V4000M53-POS/12V4000M53-0233-02-1470.webp, https://milu-naval.mystagingwebsite.com/wp-content/uploads/12V4000M53-POS/12V4000M53-0283-01-90.webp, https://milu-naval.mystagingwebsite.com/wp-content/uploads/12V4000M53-POS/12V4000M53-0300-02-1550.webp, https://milu-naval.mystagingwebsite.com/wp-content/uploads/12V4000M53-POS/12V4000M53-0493-01-1600.webp, https://milu-naval.mystagingwebsite.com/wp-content/uploads/12V4000M53-POS/12V4000M53-0506-01-700.webp;https://milu-naval.mystagingwebsite.com/wp-content/uploads/12V4000M40A-POS/12V4000M40A-0082-01-25.webp, https://milu-naval.mystagingwebsite.com/wp-content/uploads/12V4000M40A-POS/12V4000M40A-0102-02-675.webp, https://milu-naval.mystagingwebsite.com/wp-content/uploads/12V4000M40A-POS/12V4000M40A-0115-01-30.webp, https://milu-naval.mystagingwebsite.com/wp-content/uploads/12V4000M53-POS/12V4000M53-0138-01-1600.webp, https://milu-naval.mystagingwebsite.com/wp-content/uploads/12V4000M53-POS/12V4000M53-0151-01-700.webp, https://milu-naval.mystagingwebsite.com/wp-content/uploads/12V4000M53-POS/12V4000M53-0233-02-1470.webp, https://milu-naval.mystagingwebsite.com/wp-content/uploads/12V4000M53-POS/12V4000M53-0283-01-90.webp, https://milu-naval.mystagingwebsite.com/wp-content/uploads/12V4000M53-POS/12V4000M53-0493-01-1600.webp, https://milu-naval.mystagingwebsite.com/wp-content/uploads/12V4000M53-POS/12V4000M53-0506-01-700.webp, https://milu-naval.mystagingwebsite.com/wp-content/uploads/12V4000M53-POS/12V4000M53-0588-02-1470.webp
RB-12V4000M40A-000588;changed_field;exp_imagenes;https://milu-naval.mystagingwebsite.com/wp-content/uploads/12V4000M40A-POS/12V4000M40A-0103-01-1550.webp, https://milu-naval.mystagingwebsite.com/wp-content/uploads/12V4000M40A-POS/12V4000M40A-0256-01-37.webp, https://milu-naval.mystagingwebsite.com/wp-content/uploads/12V4000M40A-POS/12V4000M40A-0330-01-1550.webp, https://milu-naval.mystagingwebsite.com/wp-content/uploads/12V4000M53-POS/12V4000M53-0038-01-1950.webp, https://milu-naval.mystagingwebsite.com/wp-content/uploads/12V4000M53-POS/12V4000M53-0039-02-6750.webp, https://milu-naval.mystagingwebsite.com/wp-content/uploads/12V4000M53-POS/12V4000M53-0107-01-120.webp, https://milu-naval.mystagingwebsite.com/wp-content/uploads/12V4000M53-POS/12V4000M53-0110-01-260.webp, https://milu-naval.mystagingwebsite.com/wp-content/uploads/12V4000M53-POS/12V4000M53-0148-02-2150.webp, https://milu-naval.mystagingwebsite.com/wp-content/uploads/12V4000M53-POS/12V4000M53-0151-01-1400.webp, https://milu-naval.mystagingwebsite.com/wp-content/uploads/12V4000M53-POS/12V4000M53-0170-01-2000.webp;https://milu-naval.mystagingwebsite.com/wp-content/uploads/12V4000M40A-POS/12V4000M40A-0103-01-1550.webp, https://milu-naval.mystagingwebsite.com/wp-content/uploads/12V4000M40A-POS/12V4000M40A-0256-01-37.webp, https://milu-naval.mystagingwebsite.com/wp-content/uploads/12V4000M40A-POS/12V4000M40A-0330-01-1550.webp, https://milu-naval.mystagingwebsite.com/wp-content/uploads/12V4000M53-POS/12V4000M53-0038-01-1950.webp, https://milu-naval.mystagingwebsite.com/wp-content/uploads/12V4000M53-POS/12V4000M53-0039-02-6750.webp, https://milu-naval.mystagingwebsite.com/wp-content/uploads/12V4000M53-POS/12V4000M53-0107-01-120.webp, https://milu-naval.mystagingwebsite.com/wp-content/uploads/12V4000M53-POS/12V4000M53-0110-01-260.webp, https://milu-naval.mystagingwebsite.com/wp-content/uploads/12V4000M53-POS/12V4000M53-0148-02-2150.webp, https://milu-naval.mystagingwebsite.com/wp-content/uploads/12V4000M53-POS/12V4000M53-0151-01-1400.webp, https://milu-naval.mystagingwebsite.com/wp-content/uploads/12V4000M53-POS/12V4000M53-0212-01-1300.webp
RB-12V4000M40A-000590;changed_field;exp_imagenes;https://milu-naval.mystagingwebsite.com/wp-content/uploads/12V4000M40A-POS/12V4000M40A-0103-01-1625.webp, https://milu-naval.mystagingwebsite.com/wp-content/uploads/12V4000M53-POS/12V4000M53-0170-01-1500.webp, https://milu-naval.mystagingwebsite.com/wp-content/uploads/12V4000M53-POS/12V4000M53-0259-01-400.webp, https://milu-naval.mystagingwebsite.com/wp-content/uploads/12V4000M53-POS/12V4000M53-0264-01-2200.webp, https://milu-naval.mystagingwebsite.com/wp-content/uploads/12V4000M53-POS/12V4000M53-0276-01-400.webp, https://milu-naval.mystagingwebsite.com/wp-content/uploads/12V4000M53-POS/12V4000M53-0276-01-1050.webp, https://milu-naval.mystagingwebsite.com/wp-content/uploads/12V4000M53-POS/12V4000M53-0300-01-1450.webp, https://milu-naval.mystagingwebsite.com/wp-content/uploads/12V4000M53-POS/12V4000M53-0300-02-3170.webp, https://milu-naval.mystagingwebsite.com/wp-content/uploads/12V4000M53-POS/12V4000M53-0303-01-4070.webp, https://milu-naval.mystagingwebsite.com/wp-content/uploads/12V4000M53-POS/12V4000M53-0525-01-1500.webp;https://milu-naval.mystagingwebsite.com/wp-content/uploads/12V4000M40A-POS/12V4000M40A-0103-01-1625.webp, https://milu-naval.mystagingwebsite.com/wp-content/uploads/12V4000M53-POS/12V4000M53-0170-01-1500.webp, https://milu-naval.mystagingwebsite.com/wp-content/uploads/12V4000M53-POS/12V4000M53-0259-01-400.webp, https://milu-naval.mystagingwebsite.com/wp-content/uploads/12V4000M53-POS/12V4000M53-0264-01-2200.webp, https://milu-naval.mystagingwebsite.com/wp-content/uploads/12V4000M53-POS/12V4000M53-0276-01-400.webp, https://milu-naval.mystagingwebsite.com/wp-content/uploads/12V4000M53-POS/12V4000M53-0276-01-1050.webp, https://milu-naval.mystagingwebsite.com/wp-content/uploads/12V4000M53-POS/12V4000M53-0300-02-3170.webp, https://milu-naval.mystagingwebsite.com/wp-content/uploads/12V4000M53-POS/12V4000M53-0303-01-4070.webp, https://milu-naval.mystagingwebsite.com/wp-content/uploads/12V4000M53-POS/12V4000M53-0525-01-1500.webp, https://milu-naval.mystagingwebsite.com/wp-content/uploads/12V4000M53-POS/12V4000M53-0614-01-400.webp
RB-12V4000M40A-000594;changed_field;exp_imagenes;https://milu-naval.mystagingwebsite.com/wp-content/uploads/12V4000M40A-POS/12V4000M40A-0103-01-1800.webp, https://milu-naval.mystagingwebsite.com/wp-content/uploads/12V4000M40A-POS/12V4000M40A-0119-02-500.webp, https://milu-naval.mystagingwebsite.com/wp-content/uploads/12V4000M40A-POS/12V4000M40A-0125-02-55.webp, https://milu-naval.mystagingwebsite.com/wp-content/uploads/12V4000M40A-POS/12V4000M40A-0213-01-130.webp, https://milu-naval.mystagingwebsite.com/wp-content/uploads/12V4000M40A-POS/12V4000M40A-0229-01-425.webp, https://milu-naval.mystagingwebsite.com/wp-content/uploads/12V4000M53-POS/12V4000M53-0221-01-1050.webp, https://milu-naval.mystagingwebsite.com/wp-content/uploads/12V4000M53-POS/12V4000M53-0300-01-1250.webp, https://milu-naval.mystagingwebsite.com/wp-content/uploads/12V4000M53-POS/12V4000M53-0576-01-1050.webp, https://milu-naval.mystagingwebsite.com/wp-content/uploads/12V4000M53-POS/12V4000M53-0663-01-1250.webp, https://milu-naval.mystagingwebsite.com/wp-content/uploads/12V4000M70-POS/12V4000M70-0112-01-1800.webp;https://milu-naval.mystagingwebsite.com/wp-content/uploads/12V4000M40A-POS/12V4000M40A-0103-01-1800.webp, https://milu-naval.mystagingwebsite.com/wp-content/uploads/12V4000M40A-POS/12V4000M40A-0119-02-500.webp, https://milu-naval.mystagingwebsite.com/wp-content/uploads/12V4000M40A-POS/12V4000M40A-0125-02-55.webp, https://milu-naval.mystagingwebsite.com/wp-content/uploads/12V4000M40A-POS/12V4000M40A-0213-01-130.webp, https://milu-naval.mystagingwebsite.com/wp-content/uploads/12V4000M40A-POS/12V4000M40A-0229-01-425.webp, https://milu-naval.mystagingwebsite.com/wp-content/uploads/12V4000M53-POS/12V4000M53-0221-01-1050.webp, https://milu-naval.mystagingwebsite.com/wp-content/uploads/12V4000M53-POS/12V4000M53-0576-01-1050.webp, https://milu-naval.mystagingwebsite.com/wp-content/uploads/12V4000M70-POS/12V4000M70-0112-01-1800.webp, https://milu-naval.mystagingwebsite.com/wp-content/uploads/12V4000M70-POS/12V4000M70-0227-01-1500.webp, https://milu-naval.mystagingwebsite.com/wp-content/uploads/12V4000M70-POS/12V4000M70-0227-01-2326.webp
RB-12V4000M40A-000653;changed_field;exp_imagenes;https://milu-naval.mystagingwebsite.com/wp-content/uploads/12V4000M40A-POS/12V4000M40A-0115-01-80.webp, https://milu-naval.mystagingwebsite.com/wp-content/uploads/12V4000M40A-POS/12V4000M40A-0134-02-1100.webp, https://milu-naval.mystagingwebsite.com/wp-content/uploads/12V4000M40A-POS/12V4000M40A-0160-01-70.webp, https://milu-naval.mystagingwebsite.com/wp-content/uploads/12V4000M53-POS/12V4000M53-0100-01-55.webp, https://milu-naval.mystagingwebsite.com/wp-content/uploads/12V4000M53-POS/12V4000M53-0121-01-1040.webp, https://milu-naval.mystagingwebsite.com/wp-content/uploads/12V4000M53-POS/12V4000M53-0125-01-550.webp, https://milu-naval.mystagingwebsite.com/wp-content/uploads/12V4000M53-POS/12V4000M53-0125-01-700.webp, https://milu-naval.mystagingwebsite.com/wp-content/uploads/12V4000M53-POS/12V4000M53-0125-01-1100.webp, https://milu-naval.mystagingwebsite.com/wp-content/uploads/12V4000M53-POS/12V4000M53-0455-01-55.webp, https://milu-naval.mystagingwebsite.com/wp-content/uploads/12V4000M53-POS/12V4000M53-0476-01-1040.webp;https://milu-naval.mystagingwebsite.com/wp-content/uploads/12V4000M40A-POS/12V4000M40A-0115-01-80.webp, https://milu-naval.mystagingwebsite.com/wp-content/uploads/12V4000M40A-POS/12V4000M40A-0134-02-1100.webp, https://milu-naval.mystagingwebsite.com/wp-content/uploads/12V4000M40A-POS/12V4000M40A-0160-01-70.webp, https://milu-naval.mystagingwebsite.com/wp-content/uploads/12V4000M53-POS/12V4000M53-0121-01-1040.webp, https://milu-naval.mystagingwebsite.com/wp-content/uploads/12V4000M53-POS/12V4000M53-0125-01-550.webp, https://milu-naval.mystagingwebsite.com/wp-content/uploads/12V4000M53-POS/12V4000M53-0125-01-1100.webp, https://milu-naval.mystagingwebsite.com/wp-content/uploads/12V4000M53-POS/12V4000M53-0476-01-1040.webp, https://milu-naval.mystagingwebsite.com/wp-content/uploads/12V4000M53-POS/12V4000M53-0480-01-550.webp, https://milu-naval.mystagingwebsite.com/wp-content/uploads/12V4000M53-POS/12V4000M53-0480-01-1100.webp, https://milu-naval.mystagingwebsite.com/wp-content/uploads/12V4000M70-POS/12V4000M70-0126-01-80.webp
RB-12V4000M40A-000915;changed_field;exp_imagenes;https://milu-naval.mystagingwebsite.com/wp-content/uploads/12V4000M40A-POS/12V4000M40A-0154-01-210.webp, https://milu-naval.mystagingwebsite.com/wp-content/uploads/12V4000M40A-POS/12V4000M40A-0208-01-30.webp, https://milu-naval.mystagingwebsite.com/wp-content/uploads/12V4000M53-POS/12V4000M53-0147-01-100.webp, https://milu-naval.mystagingwebsite.com/wp-content/uploads/12V4000M53-POS/12V4000M53-0184-01-450.webp, https://milu-naval.mystagingwebsite.com/wp-content/uploads/12V4000M53-POS/12V4000M53-0263-02-1350.webp, https://milu-naval.mystagingwebsite.com/wp-content/uploads/12V4000M53-POS/12V4000M53-0264-01-2300.webp, https://milu-naval.mystagingwebsite.com/wp-content/uploads/12V4000M53-POS/12V4000M53-0502-01-100.webp, https://milu-naval.mystagingwebsite.com/wp-content/uploads/12V4000M53-POS/12V4000M53-0539-01-450.webp, https://milu-naval.mystagingwebsite.com/wp-content/uploads/12V4000M53-POS/12V4000M53-0618-02-1350.webp, https://milu-naval.mystagingwebsite.com/wp-content/uploads/12V4000M53-POS/12V4000M53-0619-01-2300.webp;https://milu-naval.mystagingwebsite.com/wp-content/uploads/12V4000M40A-POS/12V4000M40A-0154-01-210.webp, https://milu-naval.mystagingwebsite.com/wp-content/uploads/12V4000M40A-POS/12V4000M40A-0208-01-30.webp, https://milu-naval.mystagingwebsite.com/wp-content/uploads/12V4000M53-POS/12V4000M53-0147-01-100.webp, https://milu-naval.mystagingwebsite.com/wp-content/uploads/12V4000M53-POS/12V4000M53-0184-01-450.webp, https://milu-naval.mystagingwebsite.com/wp-content/uploads/12V4000M53-POS/12V4000M53-0264-01-2300.webp, https://milu-naval.mystagingwebsite.com/wp-content/uploads/12V4000M53-POS/12V4000M53-0502-01-100.webp, https://milu-naval.mystagingwebsite.com/wp-content/uploads/12V4000M53-POS/12V4000M53-0539-01-450.webp, https://milu-naval.mystagingwebsite.com/wp-content/uploads/12V4000M53-POS/12V4000M53-0619-01-2300.webp, https://milu-naval.mystagingwebsite.com/wp-content/uploads/12V4000M70-POS/12V4000M70-0180-01-210.webp, https://milu-naval.mystagingwebsite.com/wp-content/uploads/12V4000M70-POS/12V4000M70-0222-01-30.webp
RB-12V4000M40A-001693;changed_field;exp_imagenes;https://milu-naval.mystagingwebsite.com/wp-content/uploads/12V4000M40A-POS/12V4000M40A-0256-01-36.webp, https://milu-naval.mystagingwebsite.com/wp-content/uploads/12V4000M40A-POS/12V4000M40A-0330-02-3000.webp, https://milu-naval.mystagingwebsite.com/wp-content/uploads/12V4000M53-POS/12V4000M53-0107-01-330.webp, https://milu-naval.mystagingwebsite.com/wp-content/uploads/12V4000M53-POS/12V4000M53-0145-01-200.webp, https://milu-naval.mystagingwebsite.com/wp-content/uploads/12V4000M53-POS/12V4000M53-0151-01-1450.webp, https://milu-naval.mystagingwebsite.com/wp-content/uploads/12V4000M53-POS/12V4000M53-0184-01-850.webp, https://milu-naval.mystagingwebsite.com/wp-content/uploads/12V4000M53-POS/12V4000M53-0191-01-550.webp, https://milu-naval.mystagingwebsite.com/wp-content/uploads/12V4000M53-POS/12V4000M53-0212-01-510.webp, https://milu-naval.mystagingwebsite.com/wp-content/uploads/12V4000M53-POS/12V4000M53-0233-01-800.webp, https://milu-naval.mystagingwebsite.com/wp-content/uploads/12V4000M53-POS/12V4000M53-0246-02-950.webp;https://milu-naval.mystagingwebsite.com/wp-content/uploads/12V4000M40A-POS/12V4000M40A-0256-01-36.webp, https://milu-naval.mystagingwebsite.com/wp-content/uploads/12V4000M40A-POS/12V4000M40A-0330-02-3000.webp, https://milu-naval.mystagingwebsite.com/wp-content/uploads/12V4000M53-POS/12V4000M53-0107-01-330.webp, https://milu-naval.mystagingwebsite.com/wp-content/uploads/12V4000M53-POS/12V4000M53-0145-01-200.webp, https://milu-naval.mystagingwebsite.com/wp-content/uploads/12V4000M53-POS/12V4000M53-0151-01-1450.webp, https://milu-naval.mystagingwebsite.com/wp-content/uploads/12V4000M53-POS/12V4000M53-0184-01-850.webp, https://milu-naval.mystagingwebsite.com/wp-content/uploads/12V4000M53-POS/12V4000M53-0191-01-550.webp, https://milu-naval.mystagingwebsite.com/wp-content/uploads/12V4000M53-POS/12V4000M53-0212-01-510.webp, https://milu-naval.mystagingwebsite.com/wp-content/uploads/12V4000M53-POS/12V4000M53-0246-02-950.webp, https://milu-naval.mystagingwebsite.com/wp-content/uploads/12V4000M53-POS/12V4000M53-0264-01-2770.webp
RB-12V4000M40A-001714;changed_field;exp_imagenes;https://milu-naval.mystagingwebsite.com/wp-content/uploads/12V4000M40A-POS/12V4000M40A-0256-02-290.webp, https://milu-naval.mystagingwebsite.com/wp-content/uploads/12V4000M40A-POS/12V4000M40A-0303-01-1100.webp, https://milu-naval.mystagingwebsite.com/wp-content/uploads/12V4000M53-POS/12V4000M53-0300-02-1600.webp, https://milu-naval.mystagingwebsite.com/wp-content/uploads/12V4000M53-POS/12V4000M53-0663-02-1600.webp, https://milu-naval.mystagingwebsite.com/wp-content/uploads/12V4000M70-POS/12V4000M70-0247-02-1220.webp, https://milu-naval.mystagingwebsite.com/wp-content/uploads/12V4000M70-POS/12V4000M70-0584-02-1220.webp, https://milu-naval.mystagingwebsite.com/wp-content/uploads/16V4000M61-POS/16V4000M61-0227-02-1220.webp, https://milu-naval.mystagingwebsite.com/wp-content/uploads/16V4000M61-POS/16V4000M61-0729-02-1220.webp, https://milu-naval.mystagingwebsite.com/wp-content/uploads/16V4000M73-POS/16V4000M73-0257-01-1650.webp, https://milu-naval.mystagingwebsite.com/wp-content/uploads/16V4000M73-POS/16V4000M73-0611-01-1650.webp;https://milu-naval.mystagingwebsite.com/wp-content/uploads/12V4000M40A-POS/12V4000M40A-0256-02-290.webp, https://milu-naval.mystagingwebsite.com/wp-content/uploads/12V4000M40A-POS/12V4000M40A-0303-01-1100.webp, https://milu-naval.mystagingwebsite.com/wp-content/uploads/12V4000M70-POS/12V4000M70-0247-02-1220.webp, https://milu-naval.mystagingwebsite.com/wp-content/uploads/12V4000M70-POS/12V4000M70-0584-02-1220.webp, https://milu-naval.mystagingwebsite.com/wp-content/uploads/16V4000M61-POS/16V4000M61-0227-02-1220.webp, https://milu-naval.mystagingwebsite.com/wp-content/uploads/16V4000M61-POS/16V4000M61-0729-02-1220.webp, https://milu-naval.mystagingwebsite.com/wp-content/uploads/16V4000M73-POS/16V4000M73-0257-01-1650.webp, https://milu-naval.mystagingwebsite.com/wp-content/uploads/16V4000M73-POS/16V4000M73-0611-01-1650.webp, https://milu-naval.mystagingwebsite.com/wp-content/uploads/16V4000M73-POS/16V4000M73-0966-01-1650.webp, https://milu-naval.mystagingwebsite.com/wp-content/uploads/16V4000M73-POS/16V4000M73-1320-01-1650.webp
RB-12V4000M40A-002138;changed_field;exp_imagenes;https://milu-naval.mystagingwebsite.com/wp-content/uploads/12V4000M40A-POS/12V4000M40A-0330-02-3550.webp, https://milu-naval.mystagingwebsite.com/wp-content/uploads/12V4000M53-POS/12V4000M53-0148-02-1650.webp, https://milu-naval.mystagingwebsite.com/wp-content/uploads/12V4000M53-POS/12V4000M53-0212-01-1500.webp, https://milu-naval.mystagingwebsite.com/wp-content/uploads/12V4000M53-POS/12V4000M53-0212-02-2800.webp, https://milu-naval.mystagingwebsite.com/wp-content/uploads/12V4000M53-POS/12V4000M53-0215-01-3800.webp, https://milu-naval.mystagingwebsite.com/wp-content/uploads/12V4000M53-POS/12V4000M53-0215-02-4700.webp, https://milu-naval.mystagingwebsite.com/wp-content/uploads/12V4000M53-POS/12V4000M53-0215-02-7500.webp, https://milu-naval.mystagingwebsite.com/wp-content/uploads/12V4000M53-POS/12V4000M53-0503-02-1650.webp, https://milu-naval.mystagingwebsite.com/wp-content/uploads/12V4000M53-POS/12V4000M53-0567-01-1500.webp, https://milu-naval.mystagingwebsite.com/wp-content/uploads/12V4000M53-POS/12V4000M53-0567-02-2800.webp;https://milu-naval.mystagingwebsite.com/wp-content/uploads/12V4000M40A-POS/12V4000M40A-0330-02-3550.webp, https://milu-naval.mystagingwebsite.com/wp-content/uploads/12V4000M53-POS/12V4000M53-0148-02-1650.webp, https://milu-naval.mystagingwebsite.com/wp-content/uploads/12V4000M53-POS/12V4000M53-0212-01-1500.webp, https://milu-naval.mystagingwebsite.com/wp-content/uploads/12V4000M53-POS/12V4000M53-0212-02-2800.webp, https://milu-naval.mystagingwebsite.com/wp-content/uploads/12V4000M53-POS/12V4000M53-0215-02-4700.webp, https://milu-naval.mystagingwebsite.com/wp-content/uploads/12V4000M53-POS/12V4000M53-0215-02-7500.webp, https://milu-naval.mystagingwebsite.com/wp-content/uploads/12V4000M53-POS/12V4000M53-0503-02-1650.webp, https://milu-naval.mystagingwebsite.com/wp-content/uploads/12V4000M53-POS/12V4000M53-0567-01-1500.webp, https://milu-naval.mystagingwebsite.com/wp-content/uploads/12V4000M53-POS/12V4000M53-0567-02-2800.webp, https://milu-naval.mystagingwebsite.com/wp-content/uploads/12V4000M53-POS/12V4000M53-0570-02-4700.webp
RB-12V4000M40A-002160;changed_field;exp_imagenes;https://milu-naval.mystagingwebsite.com/wp-content/uploads/12V4000M40A-POS/12V4000M40A-0330-02-5000.webp, https://milu-naval.mystagingwebsite.com/wp-content/uploads/12V4000M53-POS/12V4000M53-0263-01-450.webp, https://milu-naval.mystagingwebsite.com/wp-content/uploads/12V4000M53-POS/12V4000M53-0618-01-450.webp, https://milu-naval.mystagingwebsite.com/wp-content/uploads/12V4000M70-POS/12V4000M70-0251-01-2200.webp, https://milu-naval.mystagingwebsite.com/wp-content/uploads/12V4000M70-POS/12V4000M70-0316-02-5000.webp, https://milu-naval.mystagingwebsite.com/wp-content/uploads/12V4000M70-POS/12V4000M70-0588-01-2200.webp, https://milu-naval.mystagingwebsite.com/wp-content/uploads/12V4000M70-POS/12V4000M70-0653-02-5000.webp, https://milu-naval.mystagingwebsite.com/wp-content/uploads/16V4000M61-POS/16V4000M61-0231-01-2200.webp, https://milu-naval.mystagingwebsite.com/wp-content/uploads/16V4000M61-POS/16V4000M61-0347-02-5000.webp, https://milu-naval.mystagingwebsite.com/wp-content/uploads/16V4000M61-POS/16V4000M61-0733-01-2200.webp;https://milu-naval.mystagingwebsite.com/wp-content/uploads/12V4000M40A-POS/12V4000M40A-0330-02-5000.webp, https://milu-naval.mystagingwebsite.com/wp-content/uploads/12V4000M70-POS/12V4000M70-0251-01-2200.webp, https://milu-naval.mystagingwebsite.com/wp-content/uploads/12V4000M70-POS/12V4000M70-0316-02-5000.webp, https://milu-naval.mystagingwebsite.com/wp-content/uploads/12V4000M70-POS/12V4000M70-0588-01-2200.webp, https://milu-naval.mystagingwebsite.com/wp-content/uploads/12V4000M70-POS/12V4000M70-0653-02-5000.webp, https://milu-naval.mystagingwebsite.com/wp-content/uploads/16V4000M61-POS/16V4000M61-0231-01-2200.webp, https://milu-naval.mystagingwebsite.com/wp-content/uploads/16V4000M61-POS/16V4000M61-0347-02-5000.webp, https://milu-naval.mystagingwebsite.com/wp-content/uploads/16V4000M61-POS/16V4000M61-0733-01-2200.webp, https://milu-naval.mystagingwebsite.com/wp-content/uploads/16V4000M61-POS/16V4000M61-0816-02-5000.webp, https://milu-naval.mystagingwebsite.com/wp-content/uploads/16V4000M90-POS/16V4000M90-0220-01-2200.webp
RB-12V4000M40A-002173;changed_field;exp_imagenes;https://milu-naval.mystagingwebsite.com/wp-content/uploads/12V4000M40A-POS/12V4000M40A-0330-02-6300.webp, https://milu-naval.mystagingwebsite.com/wp-content/uploads/12V4000M53-POS/12V4000M53-0212-01-515.webp, https://milu-naval.mystagingwebsite.com/wp-content/uploads/12V4000M53-POS/12V4000M53-0257-01-600.webp, https://milu-naval.mystagingwebsite.com/wp-content/uploads/12V4000M53-POS/12V4000M53-0257-01-800.webp, https://milu-naval.mystagingwebsite.com/wp-content/uploads/12V4000M53-POS/12V4000M53-0263-01-950.webp, https://milu-naval.mystagingwebsite.com/wp-content/uploads/12V4000M53-POS/12V4000M53-0263-02-1500.webp, https://milu-naval.mystagingwebsite.com/wp-content/uploads/12V4000M53-POS/12V4000M53-0263-02-1800.webp, https://milu-naval.mystagingwebsite.com/wp-content/uploads/12V4000M53-POS/12V4000M53-0264-01-2500.webp, https://milu-naval.mystagingwebsite.com/wp-content/uploads/12V4000M53-POS/12V4000M53-0264-01-3100.webp, https://milu-naval.mystagingwebsite.com/wp-content/uploads/12V4000M53-POS/12V4000M53-0264-01-3400.webp;https://milu-naval.mystagingwebsite.com/wp-content/uploads/12V4000M40A-POS/12V4000M40A-0330-02-6300.webp, https://milu-naval.mystagingwebsite.com/wp-content/uploads/12V4000M53-POS/12V4000M53-0212-01-515.webp, https://milu-naval.mystagingwebsite.com/wp-content/uploads/12V4000M53-POS/12V4000M53-0257-01-600.webp, https://milu-naval.mystagingwebsite.com/wp-content/uploads/12V4000M53-POS/12V4000M53-0257-01-800.webp, https://milu-naval.mystagingwebsite.com/wp-content/uploads/12V4000M53-POS/12V4000M53-0263-02-1800.webp, https://milu-naval.mystagingwebsite.com/wp-content/uploads/12V4000M53-POS/12V4000M53-0264-01-2500.webp, https://milu-naval.mystagingwebsite.com/wp-content/uploads/12V4000M53-POS/12V4000M53-0264-01-3100.webp, https://milu-naval.mystagingwebsite.com/wp-content/uploads/12V4000M53-POS/12V4000M53-0264-01-3400.webp, https://milu-naval.mystagingwebsite.com/wp-content/uploads/12V4000M53-POS/12V4000M53-0567-01-515.webp, https://milu-naval.mystagingwebsite.com/wp-content/uploads/12V4000M53-POS/12V4000M53-0612-01-600.webp
RB-12V4000M40A-002283;changed_field;exp_imagenes;https://milu-naval.mystagingwebsite.com/wp-content/uploads/12V4000M40A-POS/12V4000M40A-0347-01-75.webp, https://milu-naval.mystagingwebsite.com/wp-content/uploads/12V4000M40A-POS/12V4000M40A-0348-01-185.webp, https://milu-naval.mystagingwebsite.com/wp-content/uploads/12V4000M53-POS/12V4000M53-0192-01-75.webp, https://milu-naval.mystagingwebsite.com/wp-content/uploads/12V4000M53-POS/12V4000M53-0330-02-350.webp, https://milu-naval.mystagingwebsite.com/wp-content/uploads/12V4000M53-POS/12V4000M53-0333-01-110.webp, https://milu-naval.mystagingwebsite.com/wp-content/uploads/12V4000M53-POS/12V4000M53-0344-02-480.webp, https://milu-naval.mystagingwebsite.com/wp-content/uploads/12V4000M53-POS/12V4000M53-0346-01-530.webp, https://milu-naval.mystagingwebsite.com/wp-content/uploads/12V4000M53-POS/12V4000M53-0547-01-75.webp, https://milu-naval.mystagingwebsite.com/wp-content/uploads/12V4000M53-POS/12V4000M53-0693-02-350.webp, https://milu-naval.mystagingwebsite.com/wp-content/uploads/12V4000M53-POS/12V4000M53-0696-01-110.webp;https://milu-naval.mystagingwebsite.com/wp-content/uploads/12V4000M40A-POS/12V4000M40A-0347-01-75.webp, https://milu-naval.mystagingwebsite.com/wp-content/uploads/12V4000M40A-POS/12V4000M40A-0348-01-185.webp, https://milu-naval.mystagingwebsite.com/wp-content/uploads/12V4000M53-POS/12V4000M53-0192-01-75.webp, https://milu-naval.mystagingwebsite.com/wp-content/uploads/12V4000M53-POS/12V4000M53-0330-02-350.webp, https://milu-naval.mystagingwebsite.com/wp-content/uploads/12V4000M53-POS/12V4000M53-0333-01-110.webp, https://milu-naval.mystagingwebsite.com/wp-content/uploads/12V4000M53-POS/12V4000M53-0344-02-480.webp, https://milu-naval.mystagingwebsite.com/wp-content/uploads/12V4000M53-POS/12V4000M53-0547-01-75.webp, https://milu-naval.mystagingwebsite.com/wp-content/uploads/12V4000M53-POS/12V4000M53-0693-02-350.webp, https://milu-naval.mystagingwebsite.com/wp-content/uploads/12V4000M53-POS/12V4000M53-0696-01-110.webp, https://milu-naval.mystagingwebsite.com/wp-content/uploads/12V4000M53-POS/12V4000M53-0707-02-480.webp
RB-12V4000M40A-002288;changed_field;exp_imagenes;https://milu-naval.mystagingwebsite.com/wp-content/uploads/12V4000M40A-POS/12V4000M40A-0347-01-125.webp, https://milu-naval.mystagingwebsite.com/wp-content/uploads/12V4000M53-POS/12V4000M53-0192-01-125.webp, https://milu-naval.mystagingwebsite.com/wp-content/uploads/12V4000M53-POS/12V4000M53-0330-02-360.webp, https://milu-naval.mystagingwebsite.com/wp-content/uploads/12V4000M53-POS/12V4000M53-0344-02-490.webp, https://milu-naval.mystagingwebsite.com/wp-content/uploads/12V4000M53-POS/12V4000M53-0346-01-540.webp, https://milu-naval.mystagingwebsite.com/wp-content/uploads/12V4000M53-POS/12V4000M53-0547-01-125.webp, https://milu-naval.mystagingwebsite.com/wp-content/uploads/12V4000M53-POS/12V4000M53-0693-02-360.webp, https://milu-naval.mystagingwebsite.com/wp-content/uploads/12V4000M53-POS/12V4000M53-0707-02-490.webp, https://milu-naval.mystagingwebsite.com/wp-content/uploads/12V4000M53-POS/12V4000M53-0709-01-540.webp, https://milu-naval.mystagingwebsite.com/wp-content/uploads/12V4000M70-POS/12V4000M70-0335-01-125.webp;https://milu-naval.mystagingwebsite.com/wp-content/uploads/12V4000M40A-POS/12V4000M40A-0347-01-125.webp, https://milu-naval.mystagingwebsite.com/wp-content/uploads/12V4000M53-POS/12V4000M53-0192-01-125.webp, https://milu-naval.mystagingwebsite.com/wp-content/uploads/12V4000M53-POS/12V4000M53-0330-02-360.webp, https://milu-naval.mystagingwebsite.com/wp-content/uploads/12V4000M53-POS/12V4000M53-0344-02-490.webp, https://milu-naval.mystagingwebsite.com/wp-content/uploads/12V4000M53-POS/12V4000M53-0547-01-125.webp, https://milu-naval.mystagingwebsite.com/wp-content/uploads/12V4000M53-POS/12V4000M53-0693-02-360.webp, https://milu-naval.mystagingwebsite.com/wp-content/uploads/12V4000M53-POS/12V4000M53-0707-02-490.webp, https://milu-naval.mystagingwebsite.com/wp-content/uploads/12V4000M70-POS/12V4000M70-0335-01-125.webp, https://milu-naval.mystagingwebsite.com/wp-content/uploads/12V4000M70-POS/12V4000M70-0672-01-125.webp, https://milu-naval.mystagingwebsite.com/wp-content/uploads/16V4000M61-POS/16V4000M61-0339-01-125.webp
RB-12V4000M53-000006;changed_field;exp_imagenes;https://milu-naval.mystagingwebsite.com/wp-content/uploads/12V4000M53-POS/12V4000M53-0020-01-100.webp, https://milu-naval.mystagingwebsite.com/wp-content/uploads/12V4000M53-POS/12V4000M53-0375-01-100.webp, https://milu-naval.mystagingwebsite.com/wp-content/uploads/12V4000M70-POS/12V4000M70-0020-01-100.webp, https://milu-naval.mystagingwebsite.com/wp-content/uploads/12V4000M70-POS/12V4000M70-0359-01-100.webp, https://milu-naval.mystagingwebsite.com/wp-content/uploads/16V4000M73-POS/16V4000M73-0020-01-100.webp, https://milu-naval.mystagingwebsite.com/wp-content/uploads/16V4000M73-POS/16V4000M73-0374-01-100.webp, https://milu-naval.mystagingwebsite.com/wp-content/uploads/16V4000M73-POS/16V4000M73-0728-01-100.webp, https://milu-naval.mystagingwebsite.com/wp-content/uploads/16V4000M73-POS/16V4000M73-1083-01-100.webp, https://milu-naval.mystagingwebsite.com/wp-content/uploads/20V4000M93-POS/20V4000M93-0019-01-100.webp, https://milu-naval.mystagingwebsite.com/wp-content/uploads/20V4000M93-POS/20V4000M93-0415-01-100.webp;https://milu-naval.mystagingwebsite.com/wp-content/uploads/12V4000M53-POS/12V4000M53-0375-01-100.webp, https://milu-naval.mystagingwebsite.com/wp-content/uploads/12V4000M70-POS/12V4000M70-0020-01-100.webp, https://milu-naval.mystagingwebsite.com/wp-content/uploads/12V4000M70-POS/12V4000M70-0359-01-100.webp, https://milu-naval.mystagingwebsite.com/wp-content/uploads/16V4000M73-POS/16V4000M73-0020-01-100.webp, https://milu-naval.mystagingwebsite.com/wp-content/uploads/16V4000M73-POS/16V4000M73-0374-01-100.webp, https://milu-naval.mystagingwebsite.com/wp-content/uploads/16V4000M73-POS/16V4000M73-0728-01-100.webp, https://milu-naval.mystagingwebsite.com/wp-content/uploads/16V4000M73-POS/16V4000M73-1083-01-100.webp, https://milu-naval.mystagingwebsite.com/wp-content/uploads/20V4000M93-POS/20V4000M93-0019-01-100.webp, https://milu-naval.mystagingwebsite.com/wp-content/uploads/20V4000M93-POS/20V4000M93-0415-01-100.webp, https://milu-naval.mystagingwebsite.com/wp-content/uploads/20V4000M93-POS/20V4000M93-0811-01-100.webp
RB-12V4000M53-000196;changed_field;exp_imagenes;https://milu-naval.mystagingwebsite.com/wp-content/uploads/12V4000M53-POS/12V4000M53-0038-02-3200.webp, https://milu-naval.mystagingwebsite.com/wp-content/uploads/12V4000M53-POS/12V4000M53-0393-01-3200.webp;https://milu-naval.mystagingwebsite.com/wp-content/uploads/12V4000M53-POS/12V4000M53-0038-02-3200.webp
RB-12V4000M53-000387;changed_field;exp_imagenes;https://milu-naval.mystagingwebsite.com/wp-content/uploads/12V4000M53-POS/12V4000M53-0063-01-425.webp, https://milu-naval.mystagingwebsite.com/wp-content/uploads/12V4000M53-POS/12V4000M53-0300-01-850.webp, https://milu-naval.mystagingwebsite.com/wp-content/uploads/12V4000M53-POS/12V4000M53-0316-01-200.webp, https://milu-naval.mystagingwebsite.com/wp-content/uploads/12V4000M53-POS/12V4000M53-0317-01-200.webp, https://milu-naval.mystagingwebsite.com/wp-content/uploads/12V4000M53-POS/12V4000M53-0318-01-250.webp, https://milu-naval.mystagingwebsite.com/wp-content/uploads/12V4000M53-POS/12V4000M53-0324-01-200.webp, https://milu-naval.mystagingwebsite.com/wp-content/uploads/12V4000M53-POS/12V4000M53-0349-01-200.webp, https://milu-naval.mystagingwebsite.com/wp-content/uploads/12V4000M53-POS/12V4000M53-0418-01-425.webp, https://milu-naval.mystagingwebsite.com/wp-content/uploads/12V4000M53-POS/12V4000M53-0663-01-850.webp, https://milu-naval.mystagingwebsite.com/wp-content/uploads/12V4000M53-POS/12V4000M53-0679-01-200.webp;https://milu-naval.mystagingwebsite.com/wp-content/uploads/12V4000M53-POS/12V4000M53-0063-01-425.webp, https://milu-naval.mystagingwebsite.com/wp-content/uploads/12V4000M53-POS/12V4000M53-0316-01-200.webp, https://milu-naval.mystagingwebsite.com/wp-content/uploads/12V4000M53-POS/12V4000M53-0317-01-200.webp, https://milu-naval.mystagingwebsite.com/wp-content/uploads/12V4000M53-POS/12V4000M53-0318-01-250.webp, https://milu-naval.mystagingwebsite.com/wp-content/uploads/12V4000M53-POS/12V4000M53-0324-01-200.webp, https://milu-naval.mystagingwebsite.com/wp-content/uploads/12V4000M53-POS/12V4000M53-0349-01-200.webp, https://milu-naval.mystagingwebsite.com/wp-content/uploads/12V4000M53-POS/12V4000M53-0418-01-425.webp, https://milu-naval.mystagingwebsite.com/wp-content/uploads/12V4000M53-POS/12V4000M53-0679-01-200.webp, https://milu-naval.mystagingwebsite.com/wp-content/uploads/12V4000M53-POS/12V4000M53-0680-01-200.webp, https://milu-naval.mystagingwebsite.com/wp-content/uploads/12V4000M53-POS/12V4000M53-0681-01-250.webp
RB-12V4000M53-000473;changed_field;exp_imagenes;/srv/htdocs/wp-content/uploads/2026/fotos/X52405400013.jpeg, https://milu-naval.mystagingwebsite.com/wp-content/uploads/12V4000M53-POS/12V4000M53-0079-01-1050.webp, https://milu-naval.mystagingwebsite.com/wp-content/uploads/12V4000M53-POS/12V4000M53-0434-01-1050.webp, https://milu-naval.mystagingwebsite.com/wp-content/uploads/12V4000M70-POS/12V4000M70-0083-02-100.webp, https://milu-naval.mystagingwebsite.com/wp-content/uploads/12V4000M70-POS/12V4000M70-0422-02-100.webp, https://milu-naval.mystagingwebsite.com/wp-content/uploads/16V4000M73-POS/16V4000M73-0086-02-110.webp, https://milu-naval.mystagingwebsite.com/wp-content/uploads/16V4000M73-POS/16V4000M73-0440-02-110.webp, https://milu-naval.mystagingwebsite.com/wp-content/uploads/16V4000M73-POS/16V4000M73-0794-02-110.webp, https://milu-naval.mystagingwebsite.com/wp-content/uploads/16V4000M73-POS/16V4000M73-1149-02-110.webp, https://milu-naval.mystagingwebsite.com/wp-content/uploads/16V4000M73L-POS/16V4000M73L-0073-02-110.webp;/srv/htdocs/wp-content/uploads/2026/fotos/X52405400013.jpeg, https://milu-naval.mystagingwebsite.com/wp-content/uploads/12V4000M70-POS/12V4000M70-0083-02-100.webp, https://milu-naval.mystagingwebsite.com/wp-content/uploads/12V4000M70-POS/12V4000M70-0422-02-100.webp, https://milu-naval.mystagingwebsite.com/wp-content/uploads/16V4000M73-POS/16V4000M73-0086-02-110.webp, https://milu-naval.mystagingwebsite.com/wp-content/uploads/16V4000M73-POS/16V4000M73-0440-02-110.webp, https://milu-naval.mystagingwebsite.com/wp-content/uploads/16V4000M73-POS/16V4000M73-0794-02-110.webp, https://milu-naval.mystagingwebsite.com/wp-content/uploads/16V4000M73-POS/16V4000M73-1149-02-110.webp, https://milu-naval.mystagingwebsite.com/wp-content/uploads/16V4000M73L-POS/16V4000M73L-0073-02-110.webp, https://milu-naval.mystagingwebsite.com/wp-content/uploads/16V4000M73L-POS/16V4000M73L-0558-02-110.webp, https://milu-naval.mystagingwebsite.com/wp-content/uploads/16V4000M73L-POS/16V4000M73L-0903-02-110.webp
RB-12V4000M53-000533;changed_field;exp_imagenes;https://milu-naval.mystagingwebsite.com/wp-content/uploads/12V4000M53-POS/12V4000M53-0100-01-40.webp, https://milu-naval.mystagingwebsite.com/wp-content/uploads/20V4000M93L-POS/20V4000M93L-1203-01-100.webp;https://milu-naval.mystagingwebsite.com/wp-content/uploads/12V4000M53-POS/12V4000M53-0100-01.webp, https://milu-naval.mystagingwebsite.com/wp-content/uploads/12V4000M53-POS/12V4000M53-0100-02.webp, https://milu-naval.mystagingwebsite.com/wp-content/uploads/12V4000M53-POS/12V4000M53-0101-01.webp, https://milu-naval.mystagingwebsite.com/wp-content/uploads/20V4000M93L-POS/20V4000M93L-1203-01-100.webp
RB-12V4000M53-000534;changed_field;exp_imagenes;https://milu-naval.mystagingwebsite.com/wp-content/uploads/12V4000M53-POS/12V4000M53-0100-01-50.webp, https://milu-naval.mystagingwebsite.com/wp-content/uploads/12V4000M53-POS/12V4000M53-0455-01-50.webp, https://milu-naval.mystagingwebsite.com/wp-content/uploads/16V4000M73-POS/16V4000M73-0106-01-150.webp, https://milu-naval.mystagingwebsite.com/wp-content/uploads/16V4000M73-POS/16V4000M73-0460-01-150.webp, https://milu-naval.mystagingwebsite.com/wp-content/uploads/16V4000M73-POS/16V4000M73-0814-01-150.webp, https://milu-naval.mystagingwebsite.com/wp-content/uploads/16V4000M73-POS/16V4000M73-1169-01-150.webp, https://milu-naval.mystagingwebsite.com/wp-content/uploads/16V4000M73L-POS/16V4000M73L-0092-01-150.webp, https://milu-naval.mystagingwebsite.com/wp-content/uploads/16V4000M73L-POS/16V4000M73L-0577-01-150.webp, https://milu-naval.mystagingwebsite.com/wp-content/uploads/16V4000M73L-POS/16V4000M73L-0922-01-150.webp, https://milu-naval.mystagingwebsite.com/wp-content/uploads/16V4000M73L-POS/16V4000M73L-1265-01-150.webp;https://milu-naval.mystagingwebsite.com/wp-content/uploads/16V4000M73-POS/16V4000M73-0106-01-150.webp, https://milu-naval.mystagingwebsite.com/wp-content/uploads/16V4000M73-POS/16V4000M73-0460-01-150.webp, https://milu-naval.mystagingwebsite.com/wp-content/uploads/16V4000M73-POS/16V4000M73-0814-01-150.webp, https://milu-naval.mystagingwebsite.com/wp-content/uploads/16V4000M73-POS/16V4000M73-1169-01-150.webp, https://milu-naval.mystagingwebsite.com/wp-content/uploads/16V4000M73L-POS/16V4000M73L-0092-01-150.webp, https://milu-naval.mystagingwebsite.com/wp-content/uploads/16V4000M73L-POS/16V4000M73L-0577-01-150.webp, https://milu-naval.mystagingwebsite.com/wp-content/uploads/16V4000M73L-POS/16V4000M73L-0922-01-150.webp, https://milu-naval.mystagingwebsite.com/wp-content/uploads/16V4000M73L-POS/16V4000M73L-1265-01-150.webp, https://milu-naval.mystagingwebsite.com/wp-content/uploads/20V4000M93-POS/20V4000M93-0105-01-150.webp, https://milu-naval.mystagingwebsite.com/wp-content/uploads/20V4000M93-POS/20V4000M93-0501-01-150.webp
RB-12V4000M53-000535;changed_field;exp_imagenes;https://milu-naval.mystagingwebsite.com/wp-content/uploads/12V4000M53-POS/12V4000M53-0100-01-51.webp, https://milu-naval.mystagingwebsite.com/wp-content/uploads/12V4000M53-POS/12V4000M53-0455-01-51.webp;https://milu-naval.mystagingwebsite.com/wp-content/uploads/12V4000M53-POS/12V4000M53-0100-01.webp, https://milu-naval.mystagingwebsite.com/wp-content/uploads/12V4000M53-POS/12V4000M53-0100-02.webp, https://milu-naval.mystagingwebsite.com/wp-content/uploads/12V4000M53-POS/12V4000M53-0101-01.webp, https://milu-naval.mystagingwebsite.com/wp-content/uploads/12V4000M53-POS/12V4000M53-0455-01.webp, https://milu-naval.mystagingwebsite.com/wp-content/uploads/12V4000M53-POS/12V4000M53-0455-02.webp, https://milu-naval.mystagingwebsite.com/wp-content/uploads/12V4000M53-POS/12V4000M53-0456-01.webp
RB-12V4000M53-000536;changed_field;exp_imagenes;https://milu-naval.mystagingwebsite.com/wp-content/uploads/12V4000M53-POS/12V4000M53-0100-01-52.webp, https://milu-naval.mystagingwebsite.com/wp-content/uploads/12V4000M53-POS/12V4000M53-0455-01-52.webp;https://milu-naval.mystagingwebsite.com/wp-content/uploads/12V4000M53-POS/12V4000M53-0100-01.webp, https://milu-naval.mystagingwebsite.com/wp-content/uploads/12V4000M53-POS/12V4000M53-0100-02.webp, https://milu-naval.mystagingwebsite.com/wp-content/uploads/12V4000M53-POS/12V4000M53-0101-01.webp, https://milu-naval.mystagingwebsite.com/wp-content/uploads/12V4000M53-POS/12V4000M53-0455-01.webp, https://milu-naval.mystagingwebsite.com/wp-content/uploads/12V4000M53-POS/12V4000M53-0455-02.webp, https://milu-naval.mystagingwebsite.com/wp-content/uploads/12V4000M53-POS/12V4000M53-0456-01.webp
RB-12V4000M53-000537;changed_field;exp_imagenes;https://milu-naval.mystagingwebsite.com/wp-content/uploads/12V4000M53-POS/12V4000M53-0100-01-53.webp, https://milu-naval.mystagingwebsite.com/wp-content/uploads/12V4000M53-POS/12V4000M53-0455-01-53.webp, https://milu-naval.mystagingwebsite.com/wp-content/uploads/16V4000M73-POS/16V4000M73-0134-01-100.webp, https://milu-naval.mystagingwebsite.com/wp-content/uploads/16V4000M73-POS/16V4000M73-0488-01-100.webp, https://milu-naval.mystagingwebsite.com/wp-content/uploads/16V4000M73-POS/16V4000M73-0842-01-100.webp, https://milu-naval.mystagingwebsite.com/wp-content/uploads/16V4000M73-POS/16V4000M73-1197-01-100.webp, https://milu-naval.mystagingwebsite.com/wp-content/uploads/16V4000M73L-POS/16V4000M73L-0121-01-100.webp, https://milu-naval.mystagingwebsite.com/wp-content/uploads/16V4000M73L-POS/16V4000M73L-0606-01-100.webp, https://milu-naval.mystagingwebsite.com/wp-content/uploads/16V4000M73L-POS/16V4000M73L-0951-01-100.webp, https://milu-naval.mystagingwebsite.com/wp-content/uploads/16V4000M73L-POS/16V4000M73L-1294-01-100.webp;https://milu-naval.mystagingwebsite.com/wp-content/uploads/16V4000M73-POS/16V4000M73-0134-01-100.webp, https://milu-naval.mystagingwebsite.com/wp-content/uploads/16V4000M73-POS/16V4000M73-0488-01-100.webp, https://milu-naval.mystagingwebsite.com/wp-content/uploads/16V4000M73-POS/16V4000M73-0842-01-100.webp, https://milu-naval.mystagingwebsite.com/wp-content/uploads/16V4000M73-POS/16V4000M73-1197-01-100.webp, https://milu-naval.mystagingwebsite.com/wp-content/uploads/16V4000M73L-POS/16V4000M73L-0121-01-100.webp, https://milu-naval.mystagingwebsite.com/wp-content/uploads/16V4000M73L-POS/16V4000M73L-0606-01-100.webp, https://milu-naval.mystagingwebsite.com/wp-content/uploads/16V4000M73L-POS/16V4000M73L-0951-01-100.webp, https://milu-naval.mystagingwebsite.com/wp-content/uploads/16V4000M73L-POS/16V4000M73L-1294-01-100.webp, https://milu-naval.mystagingwebsite.com/wp-content/uploads/20V4000M93-POS/20V4000M93-0133-01-100.webp, https://milu-naval.mystagingwebsite.com/wp-content/uploads/20V4000M93-POS/20V4000M93-0529-01-100.webp
RB-12V4000M53-000538;changed_field;exp_imagenes;https://milu-naval.mystagingwebsite.com/wp-content/uploads/12V4000M53-POS/12V4000M53-0100-01-54.webp, https://milu-naval.mystagingwebsite.com/wp-content/uploads/12V4000M53-POS/12V4000M53-0455-01-54.webp;https://milu-naval.mystagingwebsite.com/wp-content/uploads/12V4000M53-POS/12V4000M53-0100-01.webp, https://milu-naval.mystagingwebsite.com/wp-content/uploads/12V4000M53-POS/12V4000M53-0100-02.webp, https://milu-naval.mystagingwebsite.com/wp-content/uploads/12V4000M53-POS/12V4000M53-0101-01.webp, https://milu-naval.mystagingwebsite.com/wp-content/uploads/12V4000M53-POS/12V4000M53-0455-01.webp, https://milu-naval.mystagingwebsite.com/wp-content/uploads/12V4000M53-POS/12V4000M53-0455-02.webp, https://milu-naval.mystagingwebsite.com/wp-content/uploads/12V4000M53-POS/12V4000M53-0456-01.webp
RB-12V4000M53-000540;changed_field;exp_imagenes;https://milu-naval.mystagingwebsite.com/wp-content/uploads/12V4000M53-POS/12V4000M53-0100-01-60.webp;https://milu-naval.mystagingwebsite.com/wp-content/uploads/12V4000M53-POS/12V4000M53-0100-01.webp, https://milu-naval.mystagingwebsite.com/wp-content/uploads/12V4000M53-POS/12V4000M53-0100-02.webp, https://milu-naval.mystagingwebsite.com/wp-content/uploads/12V4000M53-POS/12V4000M53-0101-01.webp
RB-12V4000M53-000541;changed_field;exp_imagenes;https://milu-naval.mystagingwebsite.com/wp-content/uploads/12V4000M53-POS/12V4000M53-0100-01-80.webp, https://milu-naval.mystagingwebsite.com/wp-content/uploads/12V4000M53-POS/12V4000M53-0455-01-80.webp;https://milu-naval.mystagingwebsite.com/wp-content/uploads/12V4000M53-POS/12V4000M53-0100-01.webp, https://milu-naval.mystagingwebsite.com/wp-content/uploads/12V4000M53-POS/12V4000M53-0100-02.webp, https://milu-naval.mystagingwebsite.com/wp-content/uploads/12V4000M53-POS/12V4000M53-0101-01.webp, https://milu-naval.mystagingwebsite.com/wp-content/uploads/12V4000M53-POS/12V4000M53-0455-01.webp, https://milu-naval.mystagingwebsite.com/wp-content/uploads/12V4000M53-POS/12V4000M53-0455-02.webp, https://milu-naval.mystagingwebsite.com/wp-content/uploads/12V4000M53-POS/12V4000M53-0456-01.webp
RB-12V4000M53-000544;changed_field;exp_imagenes;https://milu-naval.mystagingwebsite.com/wp-content/uploads/12V4000M53-POS/12V4000M53-0100-01-110.webp, https://milu-naval.mystagingwebsite.com/wp-content/uploads/12V4000M53-POS/12V4000M53-0455-01-110.webp, https://milu-naval.mystagingwebsite.com/wp-content/uploads/16V4000M73-POS/16V4000M73-0106-01-480.webp, https://milu-naval.mystagingwebsite.com/wp-content/uploads/16V4000M73-POS/16V4000M73-0460-01-480.webp, https://milu-naval.mystagingwebsite.com/wp-content/uploads/16V4000M73-POS/16V4000M73-0814-01-480.webp, https://milu-naval.mystagingwebsite.com/wp-content/uploads/16V4000M73-POS/16V4000M73-1169-01-480.webp, https://milu-naval.mystagingwebsite.com/wp-content/uploads/16V4000M73L-POS/16V4000M73L-0092-01-480.webp, https://milu-naval.mystagingwebsite.com/wp-content/uploads/16V4000M73L-POS/16V4000M73L-0577-01-480.webp, https://milu-naval.mystagingwebsite.com/wp-content/uploads/16V4000M73L-POS/16V4000M73L-0922-01-480.webp, https://milu-naval.mystagingwebsite.com/wp-content/uploads/16V4000M73L-POS/16V4000M73L-1265-01-480.webp;https://milu-naval.mystagingwebsite.com/wp-content/uploads/16V4000M73-POS/16V4000M73-0106-01-480.webp, https://milu-naval.mystagingwebsite.com/wp-content/uploads/16V4000M73-POS/16V4000M73-0460-01-480.webp, https://milu-naval.mystagingwebsite.com/wp-content/uploads/16V4000M73-POS/16V4000M73-0814-01-480.webp, https://milu-naval.mystagingwebsite.com/wp-content/uploads/16V4000M73-POS/16V4000M73-1169-01-480.webp, https://milu-naval.mystagingwebsite.com/wp-content/uploads/16V4000M73L-POS/16V4000M73L-0092-01-480.webp, https://milu-naval.mystagingwebsite.com/wp-content/uploads/16V4000M73L-POS/16V4000M73L-0577-01-480.webp, https://milu-naval.mystagingwebsite.com/wp-content/uploads/16V4000M73L-POS/16V4000M73L-0922-01-480.webp, https://milu-naval.mystagingwebsite.com/wp-content/uploads/16V4000M73L-POS/16V4000M73L-1265-01-480.webp, https://milu-naval.mystagingwebsite.com/wp-content/uploads/20V4000M93-POS/20V4000M93-0105-01-480.webp, https://milu-naval.mystagingwebsite.com/wp-content/uploads/20V4000M93-POS/20V4000M93-0501-01-480.webp
RB-12V4000M53-000545;changed_field;exp_imagenes;https://milu-naval.mystagingwebsite.com/wp-content/uploads/12V4000M53-POS/12V4000M53-0100-01-130.webp, https://milu-naval.mystagingwebsite.com/wp-content/uploads/20V4000M93L-POS/20V4000M93L-1203-01-550.webp;https://milu-naval.mystagingwebsite.com/wp-content/uploads/12V4000M53-POS/12V4000M53-0100-01.webp, https://milu-naval.mystagingwebsite.com/wp-content/uploads/12V4000M53-POS/12V4000M53-0100-02.webp, https://milu-naval.mystagingwebsite.com/wp-content/uploads/12V4000M53-POS/12V4000M53-0101-01.webp, https://milu-naval.mystagingwebsite.com/wp-content/uploads/20V4000M93L-POS/20V4000M93L-1203-01-550.webp
RB-12V4000M53-000546;changed_field;exp_imagenes;https://milu-naval.mystagingwebsite.com/wp-content/uploads/12V4000M53-POS/12V4000M53-0100-01-150.webp, https://milu-naval.mystagingwebsite.com/wp-content/uploads/20V4000M93L-POS/20V4000M93L-1203-01-650.webp;https://milu-naval.mystagingwebsite.com/wp-content/uploads/12V4000M53-POS/12V4000M53-0100-01.webp, https://milu-naval.mystagingwebsite.com/wp-content/uploads/12V4000M53-POS/12V4000M53-0100-02.webp, https://milu-naval.mystagingwebsite.com/wp-content/uploads/12V4000M53-POS/12V4000M53-0101-01.webp, https://milu-naval.mystagingwebsite.com/wp-content/uploads/20V4000M93L-POS/20V4000M93L-1203-01-650.webp
RB-12V4000M53-000547;changed_field;exp_imagenes;https://milu-naval.mystagingwebsite.com/wp-content/uploads/12V4000M53-POS/12V4000M53-0100-02-170.webp, https://milu-naval.mystagingwebsite.com/wp-content/uploads/12V4000M53-POS/12V4000M53-0455-02-170.webp;https://milu-naval.mystagingwebsite.com/wp-content/uploads/12V4000M53-POS/12V4000M53-0100-01.webp, https://milu-naval.mystagingwebsite.com/wp-content/uploads/12V4000M53-POS/12V4000M53-0100-02.webp, https://milu-naval.mystagingwebsite.com/wp-content/uploads/12V4000M53-POS/12V4000M53-0101-01.webp, https://milu-naval.mystagingwebsite.com/wp-content/uploads/12V4000M53-POS/12V4000M53-0455-01.webp, https://milu-naval.mystagingwebsite.com/wp-content/uploads/12V4000M53-POS/12V4000M53-0455-02.webp, https://milu-naval.mystagingwebsite.com/wp-content/uploads/12V4000M53-POS/12V4000M53-0456-01.webp
RB-12V4000M53-000548;changed_field;exp_imagenes;https://milu-naval.mystagingwebsite.com/wp-content/uploads/12V4000M53-POS/12V4000M53-0100-02-180.webp, https://milu-naval.mystagingwebsite.com/wp-content/uploads/12V4000M53-POS/12V4000M53-0101-01-260.webp, https://milu-naval.mystagingwebsite.com/wp-content/uploads/12V4000M53-POS/12V4000M53-0101-01-280.webp, https://milu-naval.mystagingwebsite.com/wp-content/uploads/12V4000M53-POS/12V4000M53-0455-02-180.webp, https://milu-naval.mystagingwebsite.com/wp-content/uploads/12V4000M53-POS/12V4000M53-0456-01-260.webp, https://milu-naval.mystagingwebsite.com/wp-content/uploads/12V4000M53-POS/12V4000M53-0456-01-280.webp, https://milu-naval.mystagingwebsite.com/wp-content/uploads/16V4000M73-POS/16V4000M73-0106-01-1400.webp, https://milu-naval.mystagingwebsite.com/wp-content/uploads/16V4000M73-POS/16V4000M73-0460-01-1400.webp, https://milu-naval.mystagingwebsite.com/wp-content/uploads/16V4000M73-POS/16V4000M73-0814-01-1400.webp, https://milu-naval.mystagingwebsite.com/wp-content/uploads/16V4000M73-POS/16V4000M73-1169-01-1400.webp;https://milu-naval.mystagingwebsite.com/wp-content/uploads/12V4000M53-POS/12V4000M53-0101-01-260.webp, https://milu-naval.mystagingwebsite.com/wp-content/uploads/12V4000M53-POS/12V4000M53-0101-01-280.webp, https://milu-naval.mystagingwebsite.com/wp-content/uploads/12V4000M53-POS/12V4000M53-0456-01-260.webp, https://milu-naval.mystagingwebsite.com/wp-content/uploads/12V4000M53-POS/12V4000M53-0456-01-280.webp, https://milu-naval.mystagingwebsite.com/wp-content/uploads/16V4000M73-POS/16V4000M73-0106-01-1400.webp, https://milu-naval.mystagingwebsite.com/wp-content/uploads/16V4000M73-POS/16V4000M73-0460-01-1400.webp, https://milu-naval.mystagingwebsite.com/wp-content/uploads/16V4000M73-POS/16V4000M73-0814-01-1400.webp, https://milu-naval.mystagingwebsite.com/wp-content/uploads/16V4000M73-POS/16V4000M73-1169-01-1400.webp, https://milu-naval.mystagingwebsite.com/wp-content/uploads/16V4000M73L-POS/16V4000M73L-0092-01-1400.webp, https://milu-naval.mystagingwebsite.com/wp-content/uploads/16V4000M73L-POS/16V4000M73L-0577-01-1400.webp
RB-12V4000M53-000549;changed_field;exp_imagenes;https://milu-naval.mystagingwebsite.com/wp-content/uploads/12V4000M53-POS/12V4000M53-0100-02-190.webp, https://milu-naval.mystagingwebsite.com/wp-content/uploads/12V4000M53-POS/12V4000M53-0101-01-262.webp, https://milu-naval.mystagingwebsite.com/wp-content/uploads/12V4000M53-POS/12V4000M53-0101-01-290.webp, https://milu-naval.mystagingwebsite.com/wp-content/uploads/12V4000M53-POS/12V4000M53-0455-02-190.webp, https://milu-naval.mystagingwebsite.com/wp-content/uploads/12V4000M53-POS/12V4000M53-0456-01-262.webp, https://milu-naval.mystagingwebsite.com/wp-content/uploads/12V4000M53-POS/12V4000M53-0456-01-290.webp, https://milu-naval.mystagingwebsite.com/wp-content/uploads/16V4000M73-POS/16V4000M73-0106-01-1450.webp, https://milu-naval.mystagingwebsite.com/wp-content/uploads/16V4000M73-POS/16V4000M73-0460-01-1450.webp, https://milu-naval.mystagingwebsite.com/wp-content/uploads/16V4000M73-POS/16V4000M73-0814-01-1450.webp, https://milu-naval.mystagingwebsite.com/wp-content/uploads/16V4000M73-POS/16V4000M73-1169-01-1450.webp;https://milu-naval.mystagingwebsite.com/wp-content/uploads/12V4000M53-POS/12V4000M53-0101-01-262.webp, https://milu-naval.mystagingwebsite.com/wp-content/uploads/12V4000M53-POS/12V4000M53-0101-01-290.webp, https://milu-naval.mystagingwebsite.com/wp-content/uploads/12V4000M53-POS/12V4000M53-0456-01-262.webp, https://milu-naval.mystagingwebsite.com/wp-content/uploads/12V4000M53-POS/12V4000M53-0456-01-290.webp, https://milu-naval.mystagingwebsite.com/wp-content/uploads/16V4000M73-POS/16V4000M73-0106-01-1450.webp, https://milu-naval.mystagingwebsite.com/wp-content/uploads/16V4000M73-POS/16V4000M73-0460-01-1450.webp, https://milu-naval.mystagingwebsite.com/wp-content/uploads/16V4000M73-POS/16V4000M73-0814-01-1450.webp, https://milu-naval.mystagingwebsite.com/wp-content/uploads/16V4000M73-POS/16V4000M73-1169-01-1450.webp, https://milu-naval.mystagingwebsite.com/wp-content/uploads/16V4000M73L-POS/16V4000M73L-0092-01-1450.webp, https://milu-naval.mystagingwebsite.com/wp-content/uploads/16V4000M73L-POS/16V4000M73L-0577-01-1450.webp
RB-12V4000M53-000552;changed_field;exp_imagenes;https://milu-naval.mystagingwebsite.com/wp-content/uploads/12V4000M53-POS/12V4000M53-0100-02-220.webp, https://milu-naval.mystagingwebsite.com/wp-content/uploads/12V4000M53-POS/12V4000M53-0455-02-220.webp, https://milu-naval.mystagingwebsite.com/wp-content/uploads/16V4000M73-POS/16V4000M73-0106-01-750.webp, https://milu-naval.mystagingwebsite.com/wp-content/uploads/16V4000M73-POS/16V4000M73-0106-01-1050.webp, https://milu-naval.mystagingwebsite.com/wp-content/uploads/16V4000M73-POS/16V4000M73-0460-01-750.webp, https://milu-naval.mystagingwebsite.com/wp-content/uploads/16V4000M73-POS/16V4000M73-0460-01-1050.webp, https://milu-naval.mystagingwebsite.com/wp-content/uploads/16V4000M73-POS/16V4000M73-0814-01-750.webp, https://milu-naval.mystagingwebsite.com/wp-content/uploads/16V4000M73-POS/16V4000M73-0814-01-1050.webp, https://milu-naval.mystagingwebsite.com/wp-content/uploads/16V4000M73-POS/16V4000M73-1169-01-750.webp, https://milu-naval.mystagingwebsite.com/wp-content/uploads/16V4000M73-POS/16V4000M73-1169-01-1050.webp;https://milu-naval.mystagingwebsite.com/wp-content/uploads/16V4000M73-POS/16V4000M73-0106-01-750.webp, https://milu-naval.mystagingwebsite.com/wp-content/uploads/16V4000M73-POS/16V4000M73-0106-01-1050.webp, https://milu-naval.mystagingwebsite.com/wp-content/uploads/16V4000M73-POS/16V4000M73-0460-01-750.webp, https://milu-naval.mystagingwebsite.com/wp-content/uploads/16V4000M73-POS/16V4000M73-0460-01-1050.webp, https://milu-naval.mystagingwebsite.com/wp-content/uploads/16V4000M73-POS/16V4000M73-0814-01-750.webp, https://milu-naval.mystagingwebsite.com/wp-content/uploads/16V4000M73-POS/16V4000M73-0814-01-1050.webp, https://milu-naval.mystagingwebsite.com/wp-content/uploads/16V4000M73-POS/16V4000M73-1169-01-750.webp, https://milu-naval.mystagingwebsite.com/wp-content/uploads/16V4000M73-POS/16V4000M73-1169-01-1050.webp, https://milu-naval.mystagingwebsite.com/wp-content/uploads/16V4000M73L-POS/16V4000M73L-0092-01-750.webp, https://milu-naval.mystagingwebsite.com/wp-content/uploads/16V4000M73L-POS/16V4000M73L-0577-01-750.webp
RB-12V4000M53-000553;changed_field;exp_imagenes;https://milu-naval.mystagingwebsite.com/wp-content/uploads/12V4000M53-POS/12V4000M53-0100-01-230.webp, https://milu-naval.mystagingwebsite.com/wp-content/uploads/12V4000M53-POS/12V4000M53-0455-01-230.webp, https://milu-naval.mystagingwebsite.com/wp-content/uploads/16V4000M73-POS/16V4000M73-0106-01-800.webp, https://milu-naval.mystagingwebsite.com/wp-content/uploads/16V4000M73-POS/16V4000M73-0460-01-800.webp, https://milu-naval.mystagingwebsite.com/wp-content/uploads/16V4000M73-POS/16V4000M73-0814-01-800.webp, https://milu-naval.mystagingwebsite.com/wp-content/uploads/16V4000M73-POS/16V4000M73-1169-01-800.webp, https://milu-naval.mystagingwebsite.com/wp-content/uploads/16V4000M73L-POS/16V4000M73L-0092-01-800.webp, https://milu-naval.mystagingwebsite.com/wp-content/uploads/16V4000M73L-POS/16V4000M73L-0577-01-800.webp, https://milu-naval.mystagingwebsite.com/wp-content/uploads/16V4000M73L-POS/16V4000M73L-0922-01-800.webp, https://milu-naval.mystagingwebsite.com/wp-content/uploads/16V4000M73L-POS/16V4000M73L-1265-01-800.webp;https://milu-naval.mystagingwebsite.com/wp-content/uploads/16V4000M73-POS/16V4000M73-0106-01-800.webp, https://milu-naval.mystagingwebsite.com/wp-content/uploads/16V4000M73-POS/16V4000M73-0460-01-800.webp, https://milu-naval.mystagingwebsite.com/wp-content/uploads/16V4000M73-POS/16V4000M73-0814-01-800.webp, https://milu-naval.mystagingwebsite.com/wp-content/uploads/16V4000M73-POS/16V4000M73-1169-01-800.webp, https://milu-naval.mystagingwebsite.com/wp-content/uploads/16V4000M73L-POS/16V4000M73L-0092-01-800.webp, https://milu-naval.mystagingwebsite.com/wp-content/uploads/16V4000M73L-POS/16V4000M73L-0577-01-800.webp, https://milu-naval.mystagingwebsite.com/wp-content/uploads/16V4000M73L-POS/16V4000M73L-0922-01-800.webp, https://milu-naval.mystagingwebsite.com/wp-content/uploads/16V4000M73L-POS/16V4000M73L-1265-01-800.webp, https://milu-naval.mystagingwebsite.com/wp-content/uploads/20V4000M93-POS/20V4000M93-0105-01-800.webp, https://milu-naval.mystagingwebsite.com/wp-content/uploads/20V4000M93-POS/20V4000M93-0501-01-800.webp
RB-12V4000M53-000860;changed_field;exp_imagenes;https://milu-naval.mystagingwebsite.com/wp-content/uploads/12V4000M53-POS/12V4000M53-0125-01-750.webp, https://milu-naval.mystagingwebsite.com/wp-content/uploads/12V4000M53-POS/12V4000M53-0125-01-1150.webp, https://milu-naval.mystagingwebsite.com/wp-content/uploads/12V4000M53-POS/12V4000M53-0480-01-750.webp, https://milu-naval.mystagingwebsite.com/wp-content/uploads/12V4000M53-POS/12V4000M53-0480-01-1150.webp, https://milu-naval.mystagingwebsite.com/wp-content/uploads/16V4000M73-POS/16V4000M73-0136-01-60.webp, https://milu-naval.mystagingwebsite.com/wp-content/uploads/16V4000M73-POS/16V4000M73-0490-01-60.webp, https://milu-naval.mystagingwebsite.com/wp-content/uploads/16V4000M73-POS/16V4000M73-0844-01-60.webp, https://milu-naval.mystagingwebsite.com/wp-content/uploads/16V4000M73-POS/16V4000M73-1199-01-60.webp, https://milu-naval.mystagingwebsite.com/wp-content/uploads/16V4000M73L-POS/16V4000M73L-0120-01-60.webp, https://milu-naval.mystagingwebsite.com/wp-content/uploads/16V4000M73L-POS/16V4000M73L-0605-01-60.webp;https://milu-naval.mystagingwebsite.com/wp-content/uploads/12V4000M53-POS/12V4000M53-0125-01-1150.webp, https://milu-naval.mystagingwebsite.com/wp-content/uploads/12V4000M53-POS/12V4000M53-0480-01-1150.webp, https://milu-naval.mystagingwebsite.com/wp-content/uploads/16V4000M73-POS/16V4000M73-0136-01-60.webp, https://milu-naval.mystagingwebsite.com/wp-content/uploads/16V4000M73-POS/16V4000M73-0490-01-60.webp, https://milu-naval.mystagingwebsite.com/wp-content/uploads/16V4000M73-POS/16V4000M73-0844-01-60.webp, https://milu-naval.mystagingwebsite.com/wp-content/uploads/16V4000M73-POS/16V4000M73-1199-01-60.webp, https://milu-naval.mystagingwebsite.com/wp-content/uploads/16V4000M73L-POS/16V4000M73L-0120-01-60.webp, https://milu-naval.mystagingwebsite.com/wp-content/uploads/16V4000M73L-POS/16V4000M73L-0605-01-60.webp, https://milu-naval.mystagingwebsite.com/wp-content/uploads/16V4000M73L-POS/16V4000M73L-0950-01-60.webp, https://milu-naval.mystagingwebsite.com/wp-content/uploads/16V4000M73L-POS/16V4000M73L-1293-01-60.webp
RB-12V4000M53-001170;changed_field;exp_imagenes;https://milu-naval.mystagingwebsite.com/wp-content/uploads/12V4000M53-POS/12V4000M53-0162-01-1900.webp, https://milu-naval.mystagingwebsite.com/wp-content/uploads/12V4000M53-POS/12V4000M53-0162-01-2350.webp, https://milu-naval.mystagingwebsite.com/wp-content/uploads/12V4000M53-POS/12V4000M53-0162-01-3000.webp, https://milu-naval.mystagingwebsite.com/wp-content/uploads/12V4000M53-POS/12V4000M53-0162-02-1300.webp, https://milu-naval.mystagingwebsite.com/wp-content/uploads/12V4000M53-POS/12V4000M53-0162-02-1575.webp, https://milu-naval.mystagingwebsite.com/wp-content/uploads/12V4000M53-POS/12V4000M53-0517-01-1300.webp, https://milu-naval.mystagingwebsite.com/wp-content/uploads/12V4000M53-POS/12V4000M53-0517-01-1900.webp, https://milu-naval.mystagingwebsite.com/wp-content/uploads/12V4000M53-POS/12V4000M53-0517-01-2350.webp, https://milu-naval.mystagingwebsite.com/wp-content/uploads/12V4000M53-POS/12V4000M53-0517-01-3000.webp, https://milu-naval.mystagingwebsite.com/wp-content/uploads/12V4000M53-POS/12V4000M53-0517-02-1575.webp;https://milu-naval.mystagingwebsite.com/wp-content/uploads/12V4000M53-POS/12V4000M53-0162-01-1900.webp, https://milu-naval.mystagingwebsite.com/wp-content/uploads/12V4000M53-POS/12V4000M53-0162-01-2350.webp, https://milu-naval.mystagingwebsite.com/wp-content/uploads/12V4000M53-POS/12V4000M53-0162-01-3000.webp, https://milu-naval.mystagingwebsite.com/wp-content/uploads/12V4000M53-POS/12V4000M53-0162-02-1300.webp, https://milu-naval.mystagingwebsite.com/wp-content/uploads/12V4000M53-POS/12V4000M53-0162-02-1575.webp, https://milu-naval.mystagingwebsite.com/wp-content/uploads/12V4000M53-POS/12V4000M53-0517-01-1900.webp, https://milu-naval.mystagingwebsite.com/wp-content/uploads/12V4000M53-POS/12V4000M53-0517-01-2350.webp, https://milu-naval.mystagingwebsite.com/wp-content/uploads/12V4000M53-POS/12V4000M53-0517-01-3000.webp, https://milu-naval.mystagingwebsite.com/wp-content/uploads/12V4000M53-POS/12V4000M53-0517-02-1575.webp, https://milu-naval.mystagingwebsite.com/wp-content/uploads/16V4000M73-POS/16V4000M73-0178-01-1300.webp
RB-12V4000M53-001174;changed_field;exp_imagenes;https://milu-naval.mystagingwebsite.com/wp-content/uploads/12V4000M53-POS/12V4000M53-0162-02-1550.webp, https://milu-naval.mystagingwebsite.com/wp-content/uploads/12V4000M53-POS/12V4000M53-0517-01-1550.webp, https://milu-naval.mystagingwebsite.com/wp-content/uploads/16V4000M73-POS/16V4000M73-0178-01-1550.webp, https://milu-naval.mystagingwebsite.com/wp-content/uploads/16V4000M73-POS/16V4000M73-0532-01-1550.webp, https://milu-naval.mystagingwebsite.com/wp-content/uploads/16V4000M73-POS/16V4000M73-0886-01-1550.webp, https://milu-naval.mystagingwebsite.com/wp-content/uploads/16V4000M73-POS/16V4000M73-1241-01-1550.webp, https://milu-naval.mystagingwebsite.com/wp-content/uploads/16V4000M73L-POS/16V4000M73L-0167-01-1550.webp, https://milu-naval.mystagingwebsite.com/wp-content/uploads/16V4000M73L-POS/16V4000M73L-0653-01-1550.webp, https://milu-naval.mystagingwebsite.com/wp-content/uploads/16V4000M73L-POS/16V4000M73L-0998-01-1550.webp, https://milu-naval.mystagingwebsite.com/wp-content/uploads/16V4000M73L-POS/16V4000M73L-1338-01-1550.webp;https://milu-naval.mystagingwebsite.com/wp-content/uploads/12V4000M53-POS/12V4000M53-0162-02-1550.webp, https://milu-naval.mystagingwebsite.com/wp-content/uploads/16V4000M73-POS/16V4000M73-0178-01-1550.webp, https://milu-naval.mystagingwebsite.com/wp-content/uploads/16V4000M73-POS/16V4000M73-0532-01-1550.webp, https://milu-naval.mystagingwebsite.com/wp-content/uploads/16V4000M73-POS/16V4000M73-0886-01-1550.webp, https://milu-naval.mystagingwebsite.com/wp-content/uploads/16V4000M73-POS/16V4000M73-1241-01-1550.webp, https://milu-naval.mystagingwebsite.com/wp-content/uploads/16V4000M73L-POS/16V4000M73L-0167-01-1550.webp, https://milu-naval.mystagingwebsite.com/wp-content/uploads/16V4000M73L-POS/16V4000M73L-0653-01-1550.webp, https://milu-naval.mystagingwebsite.com/wp-content/uploads/16V4000M73L-POS/16V4000M73L-0998-01-1550.webp, https://milu-naval.mystagingwebsite.com/wp-content/uploads/16V4000M73L-POS/16V4000M73L-1338-01-1550.webp, https://milu-naval.mystagingwebsite.com/wp-content/uploads/20V4000M93-POS/20V4000M93-0204-01-1550.webp
RB-12V4000M53-001201;changed_field;exp_imagenes;https://milu-naval.mystagingwebsite.com/wp-content/uploads/12V4000M53-POS/12V4000M53-0162-01-2850.webp, https://milu-naval.mystagingwebsite.com/wp-content/uploads/12V4000M53-POS/12V4000M53-0263-01-750.webp, https://milu-naval.mystagingwebsite.com/wp-content/uploads/12V4000M53-POS/12V4000M53-0517-01-2850.webp, https://milu-naval.mystagingwebsite.com/wp-content/uploads/12V4000M53-POS/12V4000M53-0618-01-750.webp, https://milu-naval.mystagingwebsite.com/wp-content/uploads/16V4000M73-POS/16V4000M73-0179-01-2850.webp, https://milu-naval.mystagingwebsite.com/wp-content/uploads/16V4000M73-POS/16V4000M73-0533-01-2850.webp, https://milu-naval.mystagingwebsite.com/wp-content/uploads/16V4000M73-POS/16V4000M73-0887-01-2850.webp, https://milu-naval.mystagingwebsite.com/wp-content/uploads/16V4000M73-POS/16V4000M73-1242-01-2850.webp, https://milu-naval.mystagingwebsite.com/wp-content/uploads/16V4000M73L-POS/16V4000M73L-0168-01-2850.webp, https://milu-naval.mystagingwebsite.com/wp-content/uploads/16V4000M73L-POS/16V4000M73L-0654-01-2850.webp;https://milu-naval.mystagingwebsite.com/wp-content/uploads/12V4000M53-POS/12V4000M53-0162-01-2850.webp, https://milu-naval.mystagingwebsite.com/wp-content/uploads/12V4000M53-POS/12V4000M53-0517-01-2850.webp, https://milu-naval.mystagingwebsite.com/wp-content/uploads/16V4000M73-POS/16V4000M73-0179-01-2850.webp, https://milu-naval.mystagingwebsite.com/wp-content/uploads/16V4000M73-POS/16V4000M73-0533-01-2850.webp, https://milu-naval.mystagingwebsite.com/wp-content/uploads/16V4000M73-POS/16V4000M73-0887-01-2850.webp, https://milu-naval.mystagingwebsite.com/wp-content/uploads/16V4000M73-POS/16V4000M73-1242-01-2850.webp, https://milu-naval.mystagingwebsite.com/wp-content/uploads/16V4000M73L-POS/16V4000M73L-0168-01-2850.webp, https://milu-naval.mystagingwebsite.com/wp-content/uploads/16V4000M73L-POS/16V4000M73L-0654-01-2850.webp, https://milu-naval.mystagingwebsite.com/wp-content/uploads/16V4000M73L-POS/16V4000M73L-0999-01-2850.webp, https://milu-naval.mystagingwebsite.com/wp-content/uploads/16V4000M73L-POS/16V4000M73L-1339-01-2850.webp
RB-12V4000M53-001266;changed_field;exp_imagenes;https://milu-naval.mystagingwebsite.com/wp-content/uploads/12V4000M53-POS/12V4000M53-0170-01-2050.webp, https://milu-naval.mystagingwebsite.com/wp-content/uploads/12V4000M53-POS/12V4000M53-0525-01-2050.webp, https://milu-naval.mystagingwebsite.com/wp-content/uploads/16V4000M73-POS/16V4000M73-0167-01-1000.webp, https://milu-naval.mystagingwebsite.com/wp-content/uploads/16V4000M73-POS/16V4000M73-0185-01-920.webp, https://milu-naval.mystagingwebsite.com/wp-content/uploads/16V4000M73-POS/16V4000M73-0185-01-1600.webp, https://milu-naval.mystagingwebsite.com/wp-content/uploads/16V4000M73-POS/16V4000M73-0521-01-1000.webp, https://milu-naval.mystagingwebsite.com/wp-content/uploads/16V4000M73-POS/16V4000M73-0539-01-920.webp, https://milu-naval.mystagingwebsite.com/wp-content/uploads/16V4000M73-POS/16V4000M73-0539-01-1600.webp, https://milu-naval.mystagingwebsite.com/wp-content/uploads/16V4000M73-POS/16V4000M73-0875-01-1000.webp, https://milu-naval.mystagingwebsite.com/wp-content/uploads/16V4000M73-POS/16V4000M73-0893-01-920.webp;https://milu-naval.mystagingwebsite.com/wp-content/uploads/16V4000M73-POS/16V4000M73-0167-01-1000.webp, https://milu-naval.mystagingwebsite.com/wp-content/uploads/16V4000M73-POS/16V4000M73-0185-01-920.webp, https://milu-naval.mystagingwebsite.com/wp-content/uploads/16V4000M73-POS/16V4000M73-0185-01-1600.webp, https://milu-naval.mystagingwebsite.com/wp-content/uploads/16V4000M73-POS/16V4000M73-0521-01-1000.webp, https://milu-naval.mystagingwebsite.com/wp-content/uploads/16V4000M73-POS/16V4000M73-0539-01-920.webp, https://milu-naval.mystagingwebsite.com/wp-content/uploads/16V4000M73-POS/16V4000M73-0539-01-1600.webp, https://milu-naval.mystagingwebsite.com/wp-content/uploads/16V4000M73-POS/16V4000M73-0875-01-1000.webp, https://milu-naval.mystagingwebsite.com/wp-content/uploads/16V4000M73-POS/16V4000M73-0893-01-920.webp, https://milu-naval.mystagingwebsite.com/wp-content/uploads/16V4000M73-POS/16V4000M73-0893-01-1600.webp, https://milu-naval.mystagingwebsite.com/wp-content/uploads/16V4000M73-POS/16V4000M73-1230-01-1000.webp
RB-12V4000M53-001273;changed_field;exp_imagenes;https://milu-naval.mystagingwebsite.com/wp-content/uploads/12V4000M53-POS/12V4000M53-0170-01-2400.webp, https://milu-naval.mystagingwebsite.com/wp-content/uploads/12V4000M53-POS/12V4000M53-0525-01-2400.webp, https://milu-naval.mystagingwebsite.com/wp-content/uploads/16V4000M73-POS/16V4000M73-0185-01-1900.webp, https://milu-naval.mystagingwebsite.com/wp-content/uploads/16V4000M73-POS/16V4000M73-0539-01-1900.webp, https://milu-naval.mystagingwebsite.com/wp-content/uploads/16V4000M73-POS/16V4000M73-0893-01-1900.webp, https://milu-naval.mystagingwebsite.com/wp-content/uploads/16V4000M73-POS/16V4000M73-1248-01-1900.webp, https://milu-naval.mystagingwebsite.com/wp-content/uploads/16V4000M73L-POS/16V4000M73L-0173-01-1900.webp, https://milu-naval.mystagingwebsite.com/wp-content/uploads/16V4000M73L-POS/16V4000M73L-0659-01-1900.webp, https://milu-naval.mystagingwebsite.com/wp-content/uploads/16V4000M73L-POS/16V4000M73L-1004-01-1900.webp, https://milu-naval.mystagingwebsite.com/wp-content/uploads/16V4000M73L-POS/16V4000M73L-1344-01-1900.webp;https://milu-naval.mystagingwebsite.com/wp-content/uploads/16V4000M73-POS/16V4000M73-0185-01-1900.webp, https://milu-naval.mystagingwebsite.com/wp-content/uploads/16V4000M73-POS/16V4000M73-0539-01-1900.webp, https://milu-naval.mystagingwebsite.com/wp-content/uploads/16V4000M73-POS/16V4000M73-0893-01-1900.webp, https://milu-naval.mystagingwebsite.com/wp-content/uploads/16V4000M73-POS/16V4000M73-1248-01-1900.webp, https://milu-naval.mystagingwebsite.com/wp-content/uploads/16V4000M73L-POS/16V4000M73L-0173-01-1900.webp, https://milu-naval.mystagingwebsite.com/wp-content/uploads/16V4000M73L-POS/16V4000M73L-0659-01-1900.webp, https://milu-naval.mystagingwebsite.com/wp-content/uploads/16V4000M73L-POS/16V4000M73L-1004-01-1900.webp, https://milu-naval.mystagingwebsite.com/wp-content/uploads/16V4000M73L-POS/16V4000M73L-1344-01-1900.webp, https://milu-naval.mystagingwebsite.com/wp-content/uploads/20V4000M93-POS/20V4000M93-0195-01-1470.webp, https://milu-naval.mystagingwebsite.com/wp-content/uploads/20V4000M93-POS/20V4000M93-0591-01-1470.webp
RB-12V4000M53-001278;changed_field;exp_imagenes;https://milu-naval.mystagingwebsite.com/wp-content/uploads/12V4000M53-POS/12V4000M53-0170-01-2600.webp, https://milu-naval.mystagingwebsite.com/wp-content/uploads/12V4000M53-POS/12V4000M53-0221-01-1000.webp, https://milu-naval.mystagingwebsite.com/wp-content/uploads/12V4000M53-POS/12V4000M53-0300-01-1300.webp, https://milu-naval.mystagingwebsite.com/wp-content/uploads/12V4000M53-POS/12V4000M53-0525-01-2600.webp, https://milu-naval.mystagingwebsite.com/wp-content/uploads/12V4000M53-POS/12V4000M53-0576-01-1000.webp, https://milu-naval.mystagingwebsite.com/wp-content/uploads/12V4000M53-POS/12V4000M53-0663-02-1300.webp, https://milu-naval.mystagingwebsite.com/wp-content/uploads/12V4000M70-POS/12V4000M70-0130-01-305.webp, https://milu-naval.mystagingwebsite.com/wp-content/uploads/12V4000M70-POS/12V4000M70-0134-01-305.webp, https://milu-naval.mystagingwebsite.com/wp-content/uploads/12V4000M70-POS/12V4000M70-0469-01-305.webp, https://milu-naval.mystagingwebsite.com/wp-content/uploads/12V4000M70-POS/12V4000M70-0473-01-305.webp;https://milu-naval.mystagingwebsite.com/wp-content/uploads/12V4000M53-POS/12V4000M53-0170-01-2600.webp, https://milu-naval.mystagingwebsite.com/wp-content/uploads/12V4000M53-POS/12V4000M53-0221-01-1000.webp, https://milu-naval.mystagingwebsite.com/wp-content/uploads/12V4000M53-POS/12V4000M53-0525-01-2600.webp, https://milu-naval.mystagingwebsite.com/wp-content/uploads/12V4000M53-POS/12V4000M53-0576-01-1000.webp, https://milu-naval.mystagingwebsite.com/wp-content/uploads/12V4000M70-POS/12V4000M70-0130-01-305.webp, https://milu-naval.mystagingwebsite.com/wp-content/uploads/12V4000M70-POS/12V4000M70-0134-01-305.webp, https://milu-naval.mystagingwebsite.com/wp-content/uploads/12V4000M70-POS/12V4000M70-0469-01-305.webp, https://milu-naval.mystagingwebsite.com/wp-content/uploads/12V4000M70-POS/12V4000M70-0473-01-305.webp, https://milu-naval.mystagingwebsite.com/wp-content/uploads/16V4000M73-POS/16V4000M73-0185-01-2100.webp, https://milu-naval.mystagingwebsite.com/wp-content/uploads/16V4000M73-POS/16V4000M73-0238-01-1000.webp
RB-12V4000M53-001400;changed_field;exp_imagenes;https://milu-naval.mystagingwebsite.com/wp-content/uploads/12V4000M53-POS/12V4000M53-0193-01-90.webp, https://milu-naval.mystagingwebsite.com/wp-content/uploads/12V4000M53-POS/12V4000M53-0548-01-90.webp, https://milu-naval.mystagingwebsite.com/wp-content/uploads/16V4000M90-POS/16V4000M90-0191-01-90.webp;https://milu-naval.mystagingwebsite.com/wp-content/uploads/12V4000M40A-POS/12V4000M40A-0199-01-90.webp, https://milu-naval.mystagingwebsite.com/wp-content/uploads/12V4000M53-POS/12V4000M53-0193-01-90.webp, https://milu-naval.mystagingwebsite.com/wp-content/uploads/12V4000M53-POS/12V4000M53-0548-01-90.webp, https://milu-naval.mystagingwebsite.com/wp-content/uploads/12V4000M70-POS/12V4000M70-0213-01-90.webp, https://milu-naval.mystagingwebsite.com/wp-content/uploads/12V4000M70-POS/12V4000M70-0550-01-90.webp, https://milu-naval.mystagingwebsite.com/wp-content/uploads/16V4000M61-POS/16V4000M61-0196-01-90.webp, https://milu-naval.mystagingwebsite.com/wp-content/uploads/16V4000M61-POS/16V4000M61-0698-01-90.webp, https://milu-naval.mystagingwebsite.com/wp-content/uploads/16V4000M90-POS/16V4000M90-0191-01-90.webp
RB-12V4000M53-001645;changed_field;exp_imagenes;https://milu-naval.mystagingwebsite.com/wp-content/uploads/12V4000M53-POS/12V4000M53-0215-01-7000.webp, https://milu-naval.mystagingwebsite.com/wp-content/uploads/12V4000M53-POS/12V4000M53-0570-01-7000.webp;https://milu-naval.mystagingwebsite.com/wp-content/uploads/12V4000M53-POS/12V4000M53-0215-01.webp, https://milu-naval.mystagingwebsite.com/wp-content/uploads/12V4000M53-POS/12V4000M53-0215-02.webp, https://milu-naval.mystagingwebsite.com/wp-content/uploads/12V4000M53-POS/12V4000M53-0570-01.webp, https://milu-naval.mystagingwebsite.com/wp-content/uploads/12V4000M53-POS/12V4000M53-0570-02.webp
RB-12V4000M53-001788;changed_field;exp_imagenes;https://milu-naval.mystagingwebsite.com/wp-content/uploads/12V4000M53-POS/12V4000M53-0233-01-550.webp, https://milu-naval.mystagingwebsite.com/wp-content/uploads/12V4000M53-POS/12V4000M53-0588-01-550.webp;https://milu-naval.mystagingwebsite.com/wp-content/uploads/12V4000M53-POS/12V4000M53-0233-01.webp, https://milu-naval.mystagingwebsite.com/wp-content/uploads/12V4000M53-POS/12V4000M53-0233-02.webp, https://milu-naval.mystagingwebsite.com/wp-content/uploads/12V4000M53-POS/12V4000M53-0588-01.webp, https://milu-naval.mystagingwebsite.com/wp-content/uploads/12V4000M53-POS/12V4000M53-0588-02.webp
RB-12V4000M53-002180;changed_field;exp_imagenes;https://milu-naval.mystagingwebsite.com/wp-content/uploads/12V4000M53-POS/12V4000M53-0263-01-120.webp;https://milu-naval.mystagingwebsite.com/wp-content/uploads/12V4000M53-POS/12V4000M53-0263-01.webp, https://milu-naval.mystagingwebsite.com/wp-content/uploads/12V4000M53-POS/12V4000M53-0263-02.webp, https://milu-naval.mystagingwebsite.com/wp-content/uploads/12V4000M53-POS/12V4000M53-0264-01.webp
RB-12V4000M53-002181;changed_field;exp_imagenes;https://milu-naval.mystagingwebsite.com/wp-content/uploads/12V4000M53-POS/12V4000M53-0263-01-200.webp, https://milu-naval.mystagingwebsite.com/wp-content/uploads/12V4000M53-POS/12V4000M53-0618-01-200.webp, https://milu-naval.mystagingwebsite.com/wp-content/uploads/16V4000M73L-POS/16V4000M73L-0217-01-150.webp, https://milu-naval.mystagingwebsite.com/wp-content/uploads/16V4000M73L-POS/16V4000M73L-0703-01-150.webp, https://milu-naval.mystagingwebsite.com/wp-content/uploads/16V4000M73L-POS/16V4000M73L-1048-01-150.webp, https://milu-naval.mystagingwebsite.com/wp-content/uploads/16V4000M73L-POS/16V4000M73L-1385-01-150.webp, https://milu-naval.mystagingwebsite.com/wp-content/uploads/20V4000M93-POS/20V4000M93-0236-01-150.webp, https://milu-naval.mystagingwebsite.com/wp-content/uploads/20V4000M93-POS/20V4000M93-0632-01-150.webp, https://milu-naval.mystagingwebsite.com/wp-content/uploads/20V4000M93-POS/20V4000M93-1028-01-150.webp, https://milu-naval.mystagingwebsite.com/wp-content/uploads/20V4000M93-POS/20V4000M93-1424-01-150.webp;https://milu-naval.mystagingwebsite.com/wp-content/uploads/16V4000M73L-POS/16V4000M73L-0217-01-150.webp, https://milu-naval.mystagingwebsite.com/wp-content/uploads/16V4000M73L-POS/16V4000M73L-0703-01-150.webp, https://milu-naval.mystagingwebsite.com/wp-content/uploads/16V4000M73L-POS/16V4000M73L-1048-01-150.webp, https://milu-naval.mystagingwebsite.com/wp-content/uploads/16V4000M73L-POS/16V4000M73L-1385-01-150.webp, https://milu-naval.mystagingwebsite.com/wp-content/uploads/20V4000M93-POS/20V4000M93-0236-01-150.webp, https://milu-naval.mystagingwebsite.com/wp-content/uploads/20V4000M93-POS/20V4000M93-0632-01-150.webp, https://milu-naval.mystagingwebsite.com/wp-content/uploads/20V4000M93-POS/20V4000M93-1028-01-150.webp, https://milu-naval.mystagingwebsite.com/wp-content/uploads/20V4000M93-POS/20V4000M93-1424-01-150.webp, https://milu-naval.mystagingwebsite.com/wp-content/uploads/20V4000M93L-POS/20V4000M93L-1346-01-150.webp, https://milu-naval.mystagingwebsite.com/wp-content/uploads/20V4000M93L-POS/20V4000M93L-1726-01-150.webp
RB-12V4000M53-002187;changed_field;exp_imagenes;https://milu-naval.mystagingwebsite.com/wp-content/uploads/12V4000M53-POS/12V4000M53-0263-01-500.webp, https://milu-naval.mystagingwebsite.com/wp-content/uploads/12V4000M53-POS/12V4000M53-0618-01-500.webp, https://milu-naval.mystagingwebsite.com/wp-content/uploads/16V4000M73-POS/16V4000M73-0287-01-1100.webp, https://milu-naval.mystagingwebsite.com/wp-content/uploads/16V4000M73-POS/16V4000M73-0641-01-1100.webp, https://milu-naval.mystagingwebsite.com/wp-content/uploads/16V4000M73-POS/16V4000M73-0996-01-1100.webp, https://milu-naval.mystagingwebsite.com/wp-content/uploads/16V4000M73-POS/16V4000M73-1350-01-1100.webp, https://milu-naval.mystagingwebsite.com/wp-content/uploads/16V4000M73L-POS/16V4000M73L-0243-01-1100.webp, https://milu-naval.mystagingwebsite.com/wp-content/uploads/16V4000M73L-POS/16V4000M73L-0729-01-1100.webp, https://milu-naval.mystagingwebsite.com/wp-content/uploads/16V4000M73L-POS/16V4000M73L-1074-01-1100.webp, https://milu-naval.mystagingwebsite.com/wp-content/uploads/16V4000M73L-POS/16V4000M73L-1410-01-1100.webp;https://milu-naval.mystagingwebsite.com/wp-content/uploads/16V4000M73-POS/16V4000M73-0287-01-1100.webp, https://milu-naval.mystagingwebsite.com/wp-content/uploads/16V4000M73-POS/16V4000M73-0641-01-1100.webp, https://milu-naval.mystagingwebsite.com/wp-content/uploads/16V4000M73-POS/16V4000M73-0996-01-1100.webp, https://milu-naval.mystagingwebsite.com/wp-content/uploads/16V4000M73-POS/16V4000M73-1350-01-1100.webp, https://milu-naval.mystagingwebsite.com/wp-content/uploads/16V4000M73L-POS/16V4000M73L-0243-01-1100.webp, https://milu-naval.mystagingwebsite.com/wp-content/uploads/16V4000M73L-POS/16V4000M73L-0729-01-1100.webp, https://milu-naval.mystagingwebsite.com/wp-content/uploads/16V4000M73L-POS/16V4000M73L-1074-01-1100.webp, https://milu-naval.mystagingwebsite.com/wp-content/uploads/16V4000M73L-POS/16V4000M73L-1410-01-1100.webp, https://milu-naval.mystagingwebsite.com/wp-content/uploads/20V4000M93-POS/20V4000M93-0302-01-1100.webp, https://milu-naval.mystagingwebsite.com/wp-content/uploads/20V4000M93-POS/20V4000M93-0698-01-1100.webp
RB-12V4000M53-002188;changed_field;exp_imagenes;https://milu-naval.mystagingwebsite.com/wp-content/uploads/12V4000M53-POS/12V4000M53-0263-01-550.webp, https://milu-naval.mystagingwebsite.com/wp-content/uploads/12V4000M53-POS/12V4000M53-0618-01-550.webp;https://milu-naval.mystagingwebsite.com/wp-content/uploads/12V4000M53-POS/12V4000M53-0263-01.webp, https://milu-naval.mystagingwebsite.com/wp-content/uploads/12V4000M53-POS/12V4000M53-0263-02.webp, https://milu-naval.mystagingwebsite.com/wp-content/uploads/12V4000M53-POS/12V4000M53-0264-01.webp, https://milu-naval.mystagingwebsite.com/wp-content/uploads/12V4000M53-POS/12V4000M53-0618-01.webp, https://milu-naval.mystagingwebsite.com/wp-content/uploads/12V4000M53-POS/12V4000M53-0618-02.webp, https://milu-naval.mystagingwebsite.com/wp-content/uploads/12V4000M53-POS/12V4000M53-0619-01.webp
RB-12V4000M53-002189;changed_field;exp_imagenes;https://milu-naval.mystagingwebsite.com/wp-content/uploads/12V4000M53-POS/12V4000M53-0263-01-700.webp, https://milu-naval.mystagingwebsite.com/wp-content/uploads/12V4000M53-POS/12V4000M53-0618-01-700.webp;https://milu-naval.mystagingwebsite.com/wp-content/uploads/12V4000M53-POS/12V4000M53-0263-01.webp, https://milu-naval.mystagingwebsite.com/wp-content/uploads/12V4000M53-POS/12V4000M53-0263-02.webp, https://milu-naval.mystagingwebsite.com/wp-content/uploads/12V4000M53-POS/12V4000M53-0264-01.webp, https://milu-naval.mystagingwebsite.com/wp-content/uploads/12V4000M53-POS/12V4000M53-0618-01.webp, https://milu-naval.mystagingwebsite.com/wp-content/uploads/12V4000M53-POS/12V4000M53-0618-02.webp, https://milu-naval.mystagingwebsite.com/wp-content/uploads/12V4000M53-POS/12V4000M53-0619-01.webp
RB-12V4000M53-002193;changed_field;exp_imagenes;https://milu-naval.mystagingwebsite.com/wp-content/uploads/12V4000M53-POS/12V4000M53-0263-01-900.webp, https://milu-naval.mystagingwebsite.com/wp-content/uploads/12V4000M53-POS/12V4000M53-0618-01-900.webp, https://milu-naval.mystagingwebsite.com/wp-content/uploads/20V4000M93-POS/20V4000M93-0184-01-650.webp, https://milu-naval.mystagingwebsite.com/wp-content/uploads/20V4000M93-POS/20V4000M93-0580-01-650.webp, https://milu-naval.mystagingwebsite.com/wp-content/uploads/20V4000M93-POS/20V4000M93-0976-01-650.webp, https://milu-naval.mystagingwebsite.com/wp-content/uploads/20V4000M93-POS/20V4000M93-1372-01-650.webp;https://milu-naval.mystagingwebsite.com/wp-content/uploads/20V4000M93-POS/20V4000M93-0184-01-650.webp, https://milu-naval.mystagingwebsite.com/wp-content/uploads/20V4000M93-POS/20V4000M93-0580-01-650.webp, https://milu-naval.mystagingwebsite.com/wp-content/uploads/20V4000M93-POS/20V4000M93-0976-01-650.webp, https://milu-naval.mystagingwebsite.com/wp-content/uploads/20V4000M93-POS/20V4000M93-1372-01-650.webp
RB-12V4000M53-002196;changed_field;exp_imagenes;https://milu-naval.mystagingwebsite.com/wp-content/uploads/12V4000M53-POS/12V4000M53-0263-02-1100.webp, https://milu-naval.mystagingwebsite.com/wp-content/uploads/12V4000M53-POS/12V4000M53-0618-02-1100.webp, https://milu-naval.mystagingwebsite.com/wp-content/uploads/16V4000M73-POS/16V4000M73-0287-01-1000.webp, https://milu-naval.mystagingwebsite.com/wp-content/uploads/16V4000M73-POS/16V4000M73-0641-01-1000.webp, https://milu-naval.mystagingwebsite.com/wp-content/uploads/16V4000M73-POS/16V4000M73-0996-01-1000.webp, https://milu-naval.mystagingwebsite.com/wp-content/uploads/16V4000M73-POS/16V4000M73-1350-01-1000.webp, https://milu-naval.mystagingwebsite.com/wp-content/uploads/16V4000M73L-POS/16V4000M73L-0243-01-1000.webp, https://milu-naval.mystagingwebsite.com/wp-content/uploads/16V4000M73L-POS/16V4000M73L-0729-01-1000.webp, https://milu-naval.mystagingwebsite.com/wp-content/uploads/16V4000M73L-POS/16V4000M73L-1074-01-1000.webp, https://milu-naval.mystagingwebsite.com/wp-content/uploads/16V4000M73L-POS/16V4000M73L-1410-01-1000.webp;https://milu-naval.mystagingwebsite.com/wp-content/uploads/16V4000M73-POS/16V4000M73-0287-01-1000.webp, https://milu-naval.mystagingwebsite.com/wp-content/uploads/16V4000M73-POS/16V4000M73-0641-01-1000.webp, https://milu-naval.mystagingwebsite.com/wp-content/uploads/16V4000M73-POS/16V4000M73-0996-01-1000.webp, https://milu-naval.mystagingwebsite.com/wp-content/uploads/16V4000M73-POS/16V4000M73-1350-01-1000.webp, https://milu-naval.mystagingwebsite.com/wp-content/uploads/16V4000M73L-POS/16V4000M73L-0243-01-1000.webp, https://milu-naval.mystagingwebsite.com/wp-content/uploads/16V4000M73L-POS/16V4000M73L-0729-01-1000.webp, https://milu-naval.mystagingwebsite.com/wp-content/uploads/16V4000M73L-POS/16V4000M73L-1074-01-1000.webp, https://milu-naval.mystagingwebsite.com/wp-content/uploads/16V4000M73L-POS/16V4000M73L-1410-01-1000.webp, https://milu-naval.mystagingwebsite.com/wp-content/uploads/20V4000M93-POS/20V4000M93-0302-01-1000.webp, https://milu-naval.mystagingwebsite.com/wp-content/uploads/20V4000M93-POS/20V4000M93-0698-01-1000.webp
RB-12V4000M53-002198;changed_field;exp_imagenes;https://milu-naval.mystagingwebsite.com/wp-content/uploads/12V4000M53-POS/12V4000M53-0263-02-1150.webp, https://milu-naval.mystagingwebsite.com/wp-content/uploads/12V4000M53-POS/12V4000M53-0618-02-1150.webp, https://milu-naval.mystagingwebsite.com/wp-content/uploads/16V4000M73-POS/16V4000M73-0267-01-250.webp, https://milu-naval.mystagingwebsite.com/wp-content/uploads/16V4000M73-POS/16V4000M73-0621-01-250.webp, https://milu-naval.mystagingwebsite.com/wp-content/uploads/16V4000M73-POS/16V4000M73-0976-01-250.webp, https://milu-naval.mystagingwebsite.com/wp-content/uploads/16V4000M73-POS/16V4000M73-1330-01-250.webp, https://milu-naval.mystagingwebsite.com/wp-content/uploads/16V4000M73L-POS/16V4000M73L-0263-01-250.webp, https://milu-naval.mystagingwebsite.com/wp-content/uploads/16V4000M73L-POS/16V4000M73L-0749-01-250.webp, https://milu-naval.mystagingwebsite.com/wp-content/uploads/16V4000M73L-POS/16V4000M73L-1094-01-250.webp, https://milu-naval.mystagingwebsite.com/wp-content/uploads/16V4000M73L-POS/16V4000M73L-1430-01-250.webp;https://milu-naval.mystagingwebsite.com/wp-content/uploads/16V4000M73-POS/16V4000M73-0267-01-250.webp, https://milu-naval.mystagingwebsite.com/wp-content/uploads/16V4000M73-POS/16V4000M73-0621-01-250.webp, https://milu-naval.mystagingwebsite.com/wp-content/uploads/16V4000M73-POS/16V4000M73-0976-01-250.webp, https://milu-naval.mystagingwebsite.com/wp-content/uploads/16V4000M73-POS/16V4000M73-1330-01-250.webp, https://milu-naval.mystagingwebsite.com/wp-content/uploads/16V4000M73L-POS/16V4000M73L-0263-01-250.webp, https://milu-naval.mystagingwebsite.com/wp-content/uploads/16V4000M73L-POS/16V4000M73L-0749-01-250.webp, https://milu-naval.mystagingwebsite.com/wp-content/uploads/16V4000M73L-POS/16V4000M73L-1094-01-250.webp, https://milu-naval.mystagingwebsite.com/wp-content/uploads/16V4000M73L-POS/16V4000M73L-1430-01-250.webp, https://milu-naval.mystagingwebsite.com/wp-content/uploads/20V4000M93-POS/20V4000M93-0039-01-200.webp, https://milu-naval.mystagingwebsite.com/wp-content/uploads/20V4000M93-POS/20V4000M93-0276-01-250.webp
RB-12V4000M53-002199;changed_field;exp_imagenes;https://milu-naval.mystagingwebsite.com/wp-content/uploads/12V4000M53-POS/12V4000M53-0263-02-1200.webp, https://milu-naval.mystagingwebsite.com/wp-content/uploads/12V4000M53-POS/12V4000M53-0618-02-1200.webp;https://milu-naval.mystagingwebsite.com/wp-content/uploads/12V4000M53-POS/12V4000M53-0263-01.webp, https://milu-naval.mystagingwebsite.com/wp-content/uploads/12V4000M53-POS/12V4000M53-0263-02.webp, https://milu-naval.mystagingwebsite.com/wp-content/uploads/12V4000M53-POS/12V4000M53-0264-01.webp, https://milu-naval.mystagingwebsite.com/wp-content/uploads/12V4000M53-POS/12V4000M53-0618-01.webp, https://milu-naval.mystagingwebsite.com/wp-content/uploads/12V4000M53-POS/12V4000M53-0618-02.webp, https://milu-naval.mystagingwebsite.com/wp-content/uploads/12V4000M53-POS/12V4000M53-0619-01.webp
RB-12V4000M53-002200;changed_field;exp_imagenes;https://milu-naval.mystagingwebsite.com/wp-content/uploads/12V4000M53-POS/12V4000M53-0263-02-1300.webp, https://milu-naval.mystagingwebsite.com/wp-content/uploads/12V4000M53-POS/12V4000M53-0618-02-1300.webp, https://milu-naval.mystagingwebsite.com/wp-content/uploads/16V4000M73-POS/16V4000M73-0287-01-1150.webp, https://milu-naval.mystagingwebsite.com/wp-content/uploads/16V4000M73-POS/16V4000M73-0641-01-1150.webp, https://milu-naval.mystagingwebsite.com/wp-content/uploads/16V4000M73-POS/16V4000M73-0996-01-1150.webp, https://milu-naval.mystagingwebsite.com/wp-content/uploads/16V4000M73-POS/16V4000M73-1350-01-1150.webp, https://milu-naval.mystagingwebsite.com/wp-content/uploads/16V4000M73L-POS/16V4000M73L-0243-01-1150.webp, https://milu-naval.mystagingwebsite.com/wp-content/uploads/16V4000M73L-POS/16V4000M73L-0729-01-1150.webp, https://milu-naval.mystagingwebsite.com/wp-content/uploads/16V4000M73L-POS/16V4000M73L-1074-01-1150.webp, https://milu-naval.mystagingwebsite.com/wp-content/uploads/16V4000M73L-POS/16V4000M73L-1410-01-1150.webp;https://milu-naval.mystagingwebsite.com/wp-content/uploads/16V4000M73-POS/16V4000M73-0287-01-1150.webp, https://milu-naval.mystagingwebsite.com/wp-content/uploads/16V4000M73-POS/16V4000M73-0641-01-1150.webp, https://milu-naval.mystagingwebsite.com/wp-content/uploads/16V4000M73-POS/16V4000M73-0996-01-1150.webp, https://milu-naval.mystagingwebsite.com/wp-content/uploads/16V4000M73-POS/16V4000M73-1350-01-1150.webp, https://milu-naval.mystagingwebsite.com/wp-content/uploads/16V4000M73L-POS/16V4000M73L-0243-01-1150.webp, https://milu-naval.mystagingwebsite.com/wp-content/uploads/16V4000M73L-POS/16V4000M73L-0729-01-1150.webp, https://milu-naval.mystagingwebsite.com/wp-content/uploads/16V4000M73L-POS/16V4000M73L-1074-01-1150.webp, https://milu-naval.mystagingwebsite.com/wp-content/uploads/16V4000M73L-POS/16V4000M73L-1410-01-1150.webp, https://milu-naval.mystagingwebsite.com/wp-content/uploads/20V4000M93-POS/20V4000M93-0302-01-1150.webp, https://milu-naval.mystagingwebsite.com/wp-content/uploads/20V4000M93-POS/20V4000M93-0698-01-1150.webp
RB-12V4000M53-002202;changed_field;exp_imagenes;https://milu-naval.mystagingwebsite.com/wp-content/uploads/12V4000M53-POS/12V4000M53-0263-02-1400.webp, https://milu-naval.mystagingwebsite.com/wp-content/uploads/12V4000M53-POS/12V4000M53-0263-02-1600.webp, https://milu-naval.mystagingwebsite.com/wp-content/uploads/12V4000M53-POS/12V4000M53-0264-01-2150.webp, https://milu-naval.mystagingwebsite.com/wp-content/uploads/12V4000M53-POS/12V4000M53-0618-02-1400.webp, https://milu-naval.mystagingwebsite.com/wp-content/uploads/12V4000M53-POS/12V4000M53-0618-02-1600.webp, https://milu-naval.mystagingwebsite.com/wp-content/uploads/12V4000M53-POS/12V4000M53-0619-01-2150.webp, https://milu-naval.mystagingwebsite.com/wp-content/uploads/16V4000M73-POS/16V4000M73-0287-01-1250.webp, https://milu-naval.mystagingwebsite.com/wp-content/uploads/16V4000M73-POS/16V4000M73-0287-01-1750.webp, https://milu-naval.mystagingwebsite.com/wp-content/uploads/16V4000M73-POS/16V4000M73-0287-01-1900.webp, https://milu-naval.mystagingwebsite.com/wp-content/uploads/16V4000M73-POS/16V4000M73-0287-01-2150.webp;https://milu-naval.mystagingwebsite.com/wp-content/uploads/12V4000M53-POS/12V4000M53-0263-02-1600.webp, https://milu-naval.mystagingwebsite.com/wp-content/uploads/12V4000M53-POS/12V4000M53-0264-01-2150.webp, https://milu-naval.mystagingwebsite.com/wp-content/uploads/12V4000M53-POS/12V4000M53-0618-02-1600.webp, https://milu-naval.mystagingwebsite.com/wp-content/uploads/12V4000M53-POS/12V4000M53-0619-01-2150.webp, https://milu-naval.mystagingwebsite.com/wp-content/uploads/16V4000M73-POS/16V4000M73-0287-01-1250.webp, https://milu-naval.mystagingwebsite.com/wp-content/uploads/16V4000M73-POS/16V4000M73-0287-01-1750.webp, https://milu-naval.mystagingwebsite.com/wp-content/uploads/16V4000M73-POS/16V4000M73-0287-01-1900.webp, https://milu-naval.mystagingwebsite.com/wp-content/uploads/16V4000M73-POS/16V4000M73-0287-01-2150.webp, https://milu-naval.mystagingwebsite.com/wp-content/uploads/16V4000M73-POS/16V4000M73-0641-01-1250.webp, https://milu-naval.mystagingwebsite.com/wp-content/uploads/16V4000M73-POS/16V4000M73-0641-01-1750.webp
RB-12V4000M53-002389;changed_field;exp_imagenes;https://milu-naval.mystagingwebsite.com/wp-content/uploads/12V4000M53-POS/12V4000M53-0300-01-100.webp, https://milu-naval.mystagingwebsite.com/wp-content/uploads/12V4000M53-POS/12V4000M53-0663-01-100.webp;https://milu-naval.mystagingwebsite.com/wp-content/uploads/12V4000M53-POS/12V4000M53-0300-01.webp, https://milu-naval.mystagingwebsite.com/wp-content/uploads/12V4000M53-POS/12V4000M53-0300-02.webp, https://milu-naval.mystagingwebsite.com/wp-content/uploads/12V4000M53-POS/12V4000M53-0301-01.webp, https://milu-naval.mystagingwebsite.com/wp-content/uploads/12V4000M53-POS/12V4000M53-0301-02.webp, https://milu-naval.mystagingwebsite.com/wp-content/uploads/12V4000M53-POS/12V4000M53-0302-01.webp, https://milu-naval.mystagingwebsite.com/wp-content/uploads/12V4000M53-POS/12V4000M53-0302-02.webp, https://milu-naval.mystagingwebsite.com/wp-content/uploads/12V4000M53-POS/12V4000M53-0303-01.webp, https://milu-naval.mystagingwebsite.com/wp-content/uploads/12V4000M53-POS/12V4000M53-0663-01.webp, https://milu-naval.mystagingwebsite.com/wp-content/uploads/12V4000M53-POS/12V4000M53-0663-02.webp, https://milu-naval.mystagingwebsite.com/wp-content/uploads/12V4000M53-POS/12V4000M53-0664-01.webp
RB-12V4000M53-002392;changed_field;exp_imagenes;https://milu-naval.mystagingwebsite.com/wp-content/uploads/12V4000M53-POS/12V4000M53-0300-01-250.webp, https://milu-naval.mystagingwebsite.com/wp-content/uploads/12V4000M53-POS/12V4000M53-0663-01-250.webp, https://milu-naval.mystagingwebsite.com/wp-content/uploads/16V4000M73-POS/16V4000M73-0123-01-310.webp, https://milu-naval.mystagingwebsite.com/wp-content/uploads/16V4000M73-POS/16V4000M73-0477-01-310.webp, https://milu-naval.mystagingwebsite.com/wp-content/uploads/16V4000M73-POS/16V4000M73-0831-01-310.webp, https://milu-naval.mystagingwebsite.com/wp-content/uploads/16V4000M73-POS/16V4000M73-1186-01-310.webp, https://milu-naval.mystagingwebsite.com/wp-content/uploads/16V4000M73L-POS/16V4000M73L-0111-01-310.webp, https://milu-naval.mystagingwebsite.com/wp-content/uploads/16V4000M73L-POS/16V4000M73L-0596-01-310.webp, https://milu-naval.mystagingwebsite.com/wp-content/uploads/16V4000M73L-POS/16V4000M73L-0941-01-310.webp, https://milu-naval.mystagingwebsite.com/wp-content/uploads/16V4000M73L-POS/16V4000M73L-1284-01-310.webp;https://milu-naval.mystagingwebsite.com/wp-content/uploads/16V4000M73-POS/16V4000M73-0123-01-310.webp, https://milu-naval.mystagingwebsite.com/wp-content/uploads/16V4000M73-POS/16V4000M73-0477-01-310.webp, https://milu-naval.mystagingwebsite.com/wp-content/uploads/16V4000M73-POS/16V4000M73-0831-01-310.webp, https://milu-naval.mystagingwebsite.com/wp-content/uploads/16V4000M73-POS/16V4000M73-1186-01-310.webp, https://milu-naval.mystagingwebsite.com/wp-content/uploads/16V4000M73L-POS/16V4000M73L-0111-01-310.webp, https://milu-naval.mystagingwebsite.com/wp-content/uploads/16V4000M73L-POS/16V4000M73L-0596-01-310.webp, https://milu-naval.mystagingwebsite.com/wp-content/uploads/16V4000M73L-POS/16V4000M73L-0941-01-310.webp, https://milu-naval.mystagingwebsite.com/wp-content/uploads/16V4000M73L-POS/16V4000M73L-1284-01-310.webp, https://milu-naval.mystagingwebsite.com/wp-content/uploads/20V4000M93-POS/20V4000M93-0123-01-310.webp, https://milu-naval.mystagingwebsite.com/wp-content/uploads/20V4000M93-POS/20V4000M93-0201-01-150.webp
RB-12V4000M53-002394;changed_field;exp_imagenes;https://milu-naval.mystagingwebsite.com/wp-content/uploads/12V4000M53-POS/12V4000M53-0300-01-400.webp, https://milu-naval.mystagingwebsite.com/wp-content/uploads/12V4000M53-POS/12V4000M53-0663-01-400.webp;https://milu-naval.mystagingwebsite.com/wp-content/uploads/12V4000M53-POS/12V4000M53-0300-01.webp, https://milu-naval.mystagingwebsite.com/wp-content/uploads/12V4000M53-POS/12V4000M53-0300-02.webp, https://milu-naval.mystagingwebsite.com/wp-content/uploads/12V4000M53-POS/12V4000M53-0301-01.webp, https://milu-naval.mystagingwebsite.com/wp-content/uploads/12V4000M53-POS/12V4000M53-0301-02.webp, https://milu-naval.mystagingwebsite.com/wp-content/uploads/12V4000M53-POS/12V4000M53-0302-01.webp, https://milu-naval.mystagingwebsite.com/wp-content/uploads/12V4000M53-POS/12V4000M53-0302-02.webp, https://milu-naval.mystagingwebsite.com/wp-content/uploads/12V4000M53-POS/12V4000M53-0303-01.webp, https://milu-naval.mystagingwebsite.com/wp-content/uploads/12V4000M53-POS/12V4000M53-0663-01.webp, https://milu-naval.mystagingwebsite.com/wp-content/uploads/12V4000M53-POS/12V4000M53-0663-02.webp, https://milu-naval.mystagingwebsite.com/wp-content/uploads/12V4000M53-POS/12V4000M53-0664-01.webp
RB-12V4000M53-002395;changed_field;exp_imagenes;https://milu-naval.mystagingwebsite.com/wp-content/uploads/12V4000M53-POS/12V4000M53-0300-01-450.webp, https://milu-naval.mystagingwebsite.com/wp-content/uploads/12V4000M53-POS/12V4000M53-0663-01-450.webp;https://milu-naval.mystagingwebsite.com/wp-content/uploads/12V4000M53-POS/12V4000M53-0300-01.webp, https://milu-naval.mystagingwebsite.com/wp-content/uploads/12V4000M53-POS/12V4000M53-0300-02.webp, https://milu-naval.mystagingwebsite.com/wp-content/uploads/12V4000M53-POS/12V4000M53-0301-01.webp, https://milu-naval.mystagingwebsite.com/wp-content/uploads/12V4000M53-POS/12V4000M53-0301-02.webp, https://milu-naval.mystagingwebsite.com/wp-content/uploads/12V4000M53-POS/12V4000M53-0302-01.webp, https://milu-naval.mystagingwebsite.com/wp-content/uploads/12V4000M53-POS/12V4000M53-0302-02.webp, https://milu-naval.mystagingwebsite.com/wp-content/uploads/12V4000M53-POS/12V4000M53-0303-01.webp, https://milu-naval.mystagingwebsite.com/wp-content/uploads/12V4000M53-POS/12V4000M53-0663-01.webp, https://milu-naval.mystagingwebsite.com/wp-content/uploads/12V4000M53-POS/12V4000M53-0663-02.webp, https://milu-naval.mystagingwebsite.com/wp-content/uploads/12V4000M53-POS/12V4000M53-0664-01.webp
RB-12V4000M53-002396;changed_field;exp_imagenes;https://milu-naval.mystagingwebsite.com/wp-content/uploads/12V4000M53-POS/12V4000M53-0300-01-500.webp, https://milu-naval.mystagingwebsite.com/wp-content/uploads/12V4000M53-POS/12V4000M53-0663-01-500.webp, https://milu-naval.mystagingwebsite.com/wp-content/uploads/16V4000M73-POS/16V4000M73-0327-01-900.webp, https://milu-naval.mystagingwebsite.com/wp-content/uploads/16V4000M73-POS/16V4000M73-0681-01-900.webp, https://milu-naval.mystagingwebsite.com/wp-content/uploads/16V4000M73-POS/16V4000M73-1036-01-900.webp, https://milu-naval.mystagingwebsite.com/wp-content/uploads/16V4000M73-POS/16V4000M73-1390-01-900.webp, https://milu-naval.mystagingwebsite.com/wp-content/uploads/16V4000M73L-POS/16V4000M73L-0340-01-900.webp, https://milu-naval.mystagingwebsite.com/wp-content/uploads/16V4000M73L-POS/16V4000M73L-0802-01-900.webp, https://milu-naval.mystagingwebsite.com/wp-content/uploads/16V4000M73L-POS/16V4000M73L-1145-01-900.webp, https://milu-naval.mystagingwebsite.com/wp-content/uploads/16V4000M73L-POS/16V4000M73L-1480-01-900.webp;https://milu-naval.mystagingwebsite.com/wp-content/uploads/16V4000M73-POS/16V4000M73-0327-01-900.webp, https://milu-naval.mystagingwebsite.com/wp-content/uploads/16V4000M73-POS/16V4000M73-0681-01-900.webp, https://milu-naval.mystagingwebsite.com/wp-content/uploads/16V4000M73-POS/16V4000M73-1036-01-900.webp, https://milu-naval.mystagingwebsite.com/wp-content/uploads/16V4000M73-POS/16V4000M73-1390-01-900.webp, https://milu-naval.mystagingwebsite.com/wp-content/uploads/16V4000M73L-POS/16V4000M73L-0340-01-900.webp, https://milu-naval.mystagingwebsite.com/wp-content/uploads/16V4000M73L-POS/16V4000M73L-0802-01-900.webp, https://milu-naval.mystagingwebsite.com/wp-content/uploads/16V4000M73L-POS/16V4000M73L-1145-01-900.webp, https://milu-naval.mystagingwebsite.com/wp-content/uploads/16V4000M73L-POS/16V4000M73L-1480-01-900.webp, https://milu-naval.mystagingwebsite.com/wp-content/uploads/20V4000M93-POS/20V4000M93-0364-01-1400.webp, https://milu-naval.mystagingwebsite.com/wp-content/uploads/20V4000M93-POS/20V4000M93-0760-01-1400.webp
RB-12V4000M53-002398;changed_field;exp_imagenes;https://milu-naval.mystagingwebsite.com/wp-content/uploads/12V4000M53-POS/12V4000M53-0300-01-600.webp, https://milu-naval.mystagingwebsite.com/wp-content/uploads/12V4000M53-POS/12V4000M53-0663-01-600.webp, https://milu-naval.mystagingwebsite.com/wp-content/uploads/16V4000M73-POS/16V4000M73-0327-01-1000.webp, https://milu-naval.mystagingwebsite.com/wp-content/uploads/16V4000M73-POS/16V4000M73-0681-01-1000.webp, https://milu-naval.mystagingwebsite.com/wp-content/uploads/16V4000M73-POS/16V4000M73-1036-01-1000.webp, https://milu-naval.mystagingwebsite.com/wp-content/uploads/16V4000M73-POS/16V4000M73-1390-01-1000.webp, https://milu-naval.mystagingwebsite.com/wp-content/uploads/16V4000M73L-POS/16V4000M73L-0340-01-1000.webp, https://milu-naval.mystagingwebsite.com/wp-content/uploads/16V4000M73L-POS/16V4000M73L-0802-01-1000.webp, https://milu-naval.mystagingwebsite.com/wp-content/uploads/16V4000M73L-POS/16V4000M73L-1145-01-1000.webp, https://milu-naval.mystagingwebsite.com/wp-content/uploads/16V4000M73L-POS/16V4000M73L-1480-01-1000.webp;https://milu-naval.mystagingwebsite.com/wp-content/uploads/16V4000M73-POS/16V4000M73-0327-01-1000.webp, https://milu-naval.mystagingwebsite.com/wp-content/uploads/16V4000M73-POS/16V4000M73-0681-01-1000.webp, https://milu-naval.mystagingwebsite.com/wp-content/uploads/16V4000M73-POS/16V4000M73-1036-01-1000.webp, https://milu-naval.mystagingwebsite.com/wp-content/uploads/16V4000M73-POS/16V4000M73-1390-01-1000.webp, https://milu-naval.mystagingwebsite.com/wp-content/uploads/16V4000M73L-POS/16V4000M73L-0340-01-1000.webp, https://milu-naval.mystagingwebsite.com/wp-content/uploads/16V4000M73L-POS/16V4000M73L-0802-01-1000.webp, https://milu-naval.mystagingwebsite.com/wp-content/uploads/16V4000M73L-POS/16V4000M73L-1145-01-1000.webp, https://milu-naval.mystagingwebsite.com/wp-content/uploads/16V4000M73L-POS/16V4000M73L-1480-01-1000.webp, https://milu-naval.mystagingwebsite.com/wp-content/uploads/20V4000M93-POS/20V4000M93-0364-01-1500.webp, https://milu-naval.mystagingwebsite.com/wp-content/uploads/20V4000M93-POS/20V4000M93-0760-01-1500.webp
RB-12V4000M53-002401;changed_field;exp_imagenes;https://milu-naval.mystagingwebsite.com/wp-content/uploads/12V4000M53-POS/12V4000M53-0300-01-800.webp, https://milu-naval.mystagingwebsite.com/wp-content/uploads/12V4000M53-POS/12V4000M53-0349-01-150.webp, https://milu-naval.mystagingwebsite.com/wp-content/uploads/12V4000M53-POS/12V4000M53-0663-01-800.webp, https://milu-naval.mystagingwebsite.com/wp-content/uploads/12V4000M53-POS/12V4000M53-0712-01-150.webp, https://milu-naval.mystagingwebsite.com/wp-content/uploads/12V4000M70-POS/12V4000M70-0316-01-900.webp, https://milu-naval.mystagingwebsite.com/wp-content/uploads/12V4000M70-POS/12V4000M70-0653-01-900.webp, https://milu-naval.mystagingwebsite.com/wp-content/uploads/16V4000M73-POS/16V4000M73-0328-02-1200.webp, https://milu-naval.mystagingwebsite.com/wp-content/uploads/16V4000M73-POS/16V4000M73-0355-01-120.webp, https://milu-naval.mystagingwebsite.com/wp-content/uploads/16V4000M73-POS/16V4000M73-0682-02-1200.webp, https://milu-naval.mystagingwebsite.com/wp-content/uploads/16V4000M73-POS/16V4000M73-0709-01-120.webp;https://milu-naval.mystagingwebsite.com/wp-content/uploads/12V4000M53-POS/12V4000M53-0349-01-150.webp, https://milu-naval.mystagingwebsite.com/wp-content/uploads/12V4000M53-POS/12V4000M53-0712-01-150.webp, https://milu-naval.mystagingwebsite.com/wp-content/uploads/12V4000M70-POS/12V4000M70-0316-01-900.webp, https://milu-naval.mystagingwebsite.com/wp-content/uploads/12V4000M70-POS/12V4000M70-0653-01-900.webp, https://milu-naval.mystagingwebsite.com/wp-content/uploads/16V4000M73-POS/16V4000M73-0328-02-1200.webp, https://milu-naval.mystagingwebsite.com/wp-content/uploads/16V4000M73-POS/16V4000M73-0355-01-120.webp, https://milu-naval.mystagingwebsite.com/wp-content/uploads/16V4000M73-POS/16V4000M73-0682-02-1200.webp, https://milu-naval.mystagingwebsite.com/wp-content/uploads/16V4000M73-POS/16V4000M73-0709-01-120.webp, https://milu-naval.mystagingwebsite.com/wp-content/uploads/16V4000M73-POS/16V4000M73-1037-02-1200.webp, https://milu-naval.mystagingwebsite.com/wp-content/uploads/16V4000M73-POS/16V4000M73-1064-01-120.webp
RB-12V4000M53-002404;changed_field;exp_imagenes;https://milu-naval.mystagingwebsite.com/wp-content/uploads/12V4000M53-POS/12V4000M53-0300-02-1100.webp, https://milu-naval.mystagingwebsite.com/wp-content/uploads/12V4000M53-POS/12V4000M53-0663-02-1100.webp, https://milu-naval.mystagingwebsite.com/wp-content/uploads/20V4000M93-POS/20V4000M93-0366-01-6500.webp, https://milu-naval.mystagingwebsite.com/wp-content/uploads/20V4000M93-POS/20V4000M93-0762-01-6500.webp, https://milu-naval.mystagingwebsite.com/wp-content/uploads/20V4000M93-POS/20V4000M93-1158-01-6500.webp;https://milu-naval.mystagingwebsite.com/wp-content/uploads/20V4000M93-POS/20V4000M93-0366-01-6500.webp, https://milu-naval.mystagingwebsite.com/wp-content/uploads/20V4000M93-POS/20V4000M93-0762-01-6500.webp, https://milu-naval.mystagingwebsite.com/wp-content/uploads/20V4000M93-POS/20V4000M93-1158-01-6500.webp
RB-12V4000M53-002405;changed_field;exp_imagenes;https://milu-naval.mystagingwebsite.com/wp-content/uploads/12V4000M53-POS/12V4000M53-0300-02-1150.webp, https://milu-naval.mystagingwebsite.com/wp-content/uploads/12V4000M53-POS/12V4000M53-0663-02-1150.webp, https://milu-naval.mystagingwebsite.com/wp-content/uploads/16V4000M73-POS/16V4000M73-0328-02-7010.webp, https://milu-naval.mystagingwebsite.com/wp-content/uploads/16V4000M73-POS/16V4000M73-0682-02-7010.webp, https://milu-naval.mystagingwebsite.com/wp-content/uploads/16V4000M73-POS/16V4000M73-1037-02-7010.webp, https://milu-naval.mystagingwebsite.com/wp-content/uploads/16V4000M73-POS/16V4000M73-1391-02-7010.webp, https://milu-naval.mystagingwebsite.com/wp-content/uploads/16V4000M73L-POS/16V4000M73L-0341-02-7010.webp, https://milu-naval.mystagingwebsite.com/wp-content/uploads/16V4000M73L-POS/16V4000M73L-0803-02-7010.webp, https://milu-naval.mystagingwebsite.com/wp-content/uploads/16V4000M73L-POS/16V4000M73L-1146-02-7010.webp, https://milu-naval.mystagingwebsite.com/wp-content/uploads/16V4000M73L-POS/16V4000M73L-1481-02-7010.webp;https://milu-naval.mystagingwebsite.com/wp-content/uploads/16V4000M73-POS/16V4000M73-0328-02-7010.webp, https://milu-naval.mystagingwebsite.com/wp-content/uploads/16V4000M73-POS/16V4000M73-0682-02-7010.webp, https://milu-naval.mystagingwebsite.com/wp-content/uploads/16V4000M73-POS/16V4000M73-1037-02-7010.webp, https://milu-naval.mystagingwebsite.com/wp-content/uploads/16V4000M73-POS/16V4000M73-1391-02-7010.webp, https://milu-naval.mystagingwebsite.com/wp-content/uploads/16V4000M73L-POS/16V4000M73L-0341-02-7010.webp, https://milu-naval.mystagingwebsite.com/wp-content/uploads/16V4000M73L-POS/16V4000M73L-0803-02-7010.webp, https://milu-naval.mystagingwebsite.com/wp-content/uploads/16V4000M73L-POS/16V4000M73L-1146-02-7010.webp, https://milu-naval.mystagingwebsite.com/wp-content/uploads/16V4000M73L-POS/16V4000M73L-1481-02-7010.webp, https://milu-naval.mystagingwebsite.com/wp-content/uploads/20V4000M93-POS/20V4000M93-0366-01-6550.webp, https://milu-naval.mystagingwebsite.com/wp-content/uploads/20V4000M93-POS/20V4000M93-0762-01-6550.webp
RB-12V4000M53-002429;changed_field;exp_imagenes;https://milu-naval.mystagingwebsite.com/wp-content/uploads/12V4000M53-POS/12V4000M53-0301-02-2900.webp, https://milu-naval.mystagingwebsite.com/wp-content/uploads/12V4000M53-POS/12V4000M53-0664-02-2900.webp, https://milu-naval.mystagingwebsite.com/wp-content/uploads/20V4000M93-POS/20V4000M93-0392-01-1100.webp, https://milu-naval.mystagingwebsite.com/wp-content/uploads/20V4000M93-POS/20V4000M93-0788-01-1100.webp, https://milu-naval.mystagingwebsite.com/wp-content/uploads/20V4000M93-POS/20V4000M93-1184-01-1100.webp, https://milu-naval.mystagingwebsite.com/wp-content/uploads/20V4000M93-POS/20V4000M93-1580-01-1100.webp;https://milu-naval.mystagingwebsite.com/wp-content/uploads/20V4000M93-POS/20V4000M93-0392-01-1100.webp, https://milu-naval.mystagingwebsite.com/wp-content/uploads/20V4000M93-POS/20V4000M93-0788-01-1100.webp, https://milu-naval.mystagingwebsite.com/wp-content/uploads/20V4000M93-POS/20V4000M93-1184-01-1100.webp, https://milu-naval.mystagingwebsite.com/wp-content/uploads/20V4000M93-POS/20V4000M93-1580-01-1100.webp
RB-12V4000M53-002471;changed_field;exp_imagenes;https://milu-naval.mystagingwebsite.com/wp-content/uploads/12V4000M53-POS/12V4000M53-0302-02-4500.webp, https://milu-naval.mystagingwebsite.com/wp-content/uploads/12V4000M53-POS/12V4000M53-0314-01-500.webp, https://milu-naval.mystagingwebsite.com/wp-content/uploads/12V4000M53-POS/12V4000M53-0316-01-500.webp, https://milu-naval.mystagingwebsite.com/wp-content/uploads/12V4000M53-POS/12V4000M53-0319-01-300.webp, https://milu-naval.mystagingwebsite.com/wp-content/uploads/12V4000M53-POS/12V4000M53-0322-01-100.webp, https://milu-naval.mystagingwebsite.com/wp-content/uploads/12V4000M53-POS/12V4000M53-0323-01-100.webp, https://milu-naval.mystagingwebsite.com/wp-content/uploads/12V4000M53-POS/12V4000M53-0349-01-1150.webp, https://milu-naval.mystagingwebsite.com/wp-content/uploads/12V4000M53-POS/12V4000M53-0349-01-1650.webp, https://milu-naval.mystagingwebsite.com/wp-content/uploads/12V4000M53-POS/12V4000M53-0665-02-4500.webp, https://milu-naval.mystagingwebsite.com/wp-content/uploads/12V4000M53-POS/12V4000M53-0677-01-500.webp;https://milu-naval.mystagingwebsite.com/wp-content/uploads/12V4000M53-POS/12V4000M53-0302-02-4500.webp, https://milu-naval.mystagingwebsite.com/wp-content/uploads/12V4000M53-POS/12V4000M53-0314-01-500.webp, https://milu-naval.mystagingwebsite.com/wp-content/uploads/12V4000M53-POS/12V4000M53-0316-01-500.webp, https://milu-naval.mystagingwebsite.com/wp-content/uploads/12V4000M53-POS/12V4000M53-0319-01-300.webp, https://milu-naval.mystagingwebsite.com/wp-content/uploads/12V4000M53-POS/12V4000M53-0322-01-100.webp, https://milu-naval.mystagingwebsite.com/wp-content/uploads/12V4000M53-POS/12V4000M53-0323-01-100.webp, https://milu-naval.mystagingwebsite.com/wp-content/uploads/12V4000M53-POS/12V4000M53-0665-02-4500.webp, https://milu-naval.mystagingwebsite.com/wp-content/uploads/12V4000M53-POS/12V4000M53-0677-01-500.webp, https://milu-naval.mystagingwebsite.com/wp-content/uploads/12V4000M53-POS/12V4000M53-0679-01-500.webp, https://milu-naval.mystagingwebsite.com/wp-content/uploads/12V4000M53-POS/12V4000M53-0682-01-300.webp
RB-12V4000M53-002516;changed_field;exp_imagenes;https://milu-naval.mystagingwebsite.com/wp-content/uploads/12V4000M53-POS/12V4000M53-0300-01-6900.webp, https://milu-naval.mystagingwebsite.com/wp-content/uploads/12V4000M53-POS/12V4000M53-0300-01-7450.webp, https://milu-naval.mystagingwebsite.com/wp-content/uploads/12V4000M53-POS/12V4000M53-0300-02-7700.webp, https://milu-naval.mystagingwebsite.com/wp-content/uploads/12V4000M53-POS/12V4000M53-0663-01-6900.webp, https://milu-naval.mystagingwebsite.com/wp-content/uploads/12V4000M53-POS/12V4000M53-0663-02-7450.webp, https://milu-naval.mystagingwebsite.com/wp-content/uploads/12V4000M53-POS/12V4000M53-0663-02-7700.webp, https://milu-naval.mystagingwebsite.com/wp-content/uploads/16V4000M73-POS/16V4000M73-0328-02-3300.webp, https://milu-naval.mystagingwebsite.com/wp-content/uploads/16V4000M73-POS/16V4000M73-0682-02-3300.webp, https://milu-naval.mystagingwebsite.com/wp-content/uploads/16V4000M73-POS/16V4000M73-1037-02-3300.webp, https://milu-naval.mystagingwebsite.com/wp-content/uploads/16V4000M73L-POS/16V4000M73L-0341-02-3300.webp;https://milu-naval.mystagingwebsite.com/wp-content/uploads/12V4000M53-POS/12V4000M53-0300-02-7700.webp, https://milu-naval.mystagingwebsite.com/wp-content/uploads/12V4000M53-POS/12V4000M53-0663-02-7450.webp, https://milu-naval.mystagingwebsite.com/wp-content/uploads/12V4000M53-POS/12V4000M53-0663-02-7700.webp, https://milu-naval.mystagingwebsite.com/wp-content/uploads/16V4000M73-POS/16V4000M73-0328-02-3300.webp, https://milu-naval.mystagingwebsite.com/wp-content/uploads/16V4000M73-POS/16V4000M73-0682-02-3300.webp, https://milu-naval.mystagingwebsite.com/wp-content/uploads/16V4000M73-POS/16V4000M73-1037-02-3300.webp, https://milu-naval.mystagingwebsite.com/wp-content/uploads/16V4000M73L-POS/16V4000M73L-0341-02-3300.webp, https://milu-naval.mystagingwebsite.com/wp-content/uploads/16V4000M73L-POS/16V4000M73L-0803-02-3300.webp, https://milu-naval.mystagingwebsite.com/wp-content/uploads/16V4000M73L-POS/16V4000M73L-1146-02-3300.webp, https://milu-naval.mystagingwebsite.com/wp-content/uploads/16V4000M73L-POS/16V4000M73L-1481-02-3300.webp
RB-12V4000M53-002682;changed_field;exp_imagenes;https://milu-naval.mystagingwebsite.com/wp-content/uploads/12V4000M53-POS/12V4000M53-0326-01-100.webp, https://milu-naval.mystagingwebsite.com/wp-content/uploads/12V4000M53-POS/12V4000M53-0689-01-100.webp;https://milu-naval.mystagingwebsite.com/wp-content/uploads/12V4000M53-POS/12V4000M53-0326-01.webp, https://milu-naval.mystagingwebsite.com/wp-content/uploads/12V4000M53-POS/12V4000M53-0326-02.webp, https://milu-naval.mystagingwebsite.com/wp-content/uploads/12V4000M53-POS/12V4000M53-0327-01.webp, https://milu-naval.mystagingwebsite.com/wp-content/uploads/12V4000M53-POS/12V4000M53-0689-01.webp, https://milu-naval.mystagingwebsite.com/wp-content/uploads/12V4000M53-POS/12V4000M53-0689-02.webp, https://milu-naval.mystagingwebsite.com/wp-content/uploads/12V4000M53-POS/12V4000M53-0690-01.webp
RB-12V4000M53-002684;changed_field;exp_imagenes;https://milu-naval.mystagingwebsite.com/wp-content/uploads/12V4000M53-POS/12V4000M53-0326-02-120.webp, https://milu-naval.mystagingwebsite.com/wp-content/uploads/12V4000M53-POS/12V4000M53-0689-02-120.webp;https://milu-naval.mystagingwebsite.com/wp-content/uploads/12V4000M53-POS/12V4000M53-0326-01.webp, https://milu-naval.mystagingwebsite.com/wp-content/uploads/12V4000M53-POS/12V4000M53-0326-02.webp, https://milu-naval.mystagingwebsite.com/wp-content/uploads/12V4000M53-POS/12V4000M53-0327-01.webp, https://milu-naval.mystagingwebsite.com/wp-content/uploads/12V4000M53-POS/12V4000M53-0689-01.webp, https://milu-naval.mystagingwebsite.com/wp-content/uploads/12V4000M53-POS/12V4000M53-0689-02.webp, https://milu-naval.mystagingwebsite.com/wp-content/uploads/12V4000M53-POS/12V4000M53-0690-01.webp
RB-12V4000M53-002758;changed_field;exp_imagenes;https://milu-naval.mystagingwebsite.com/wp-content/uploads/12V4000M53-POS/12V4000M53-0330-02-470.webp, https://milu-naval.mystagingwebsite.com/wp-content/uploads/12V4000M53-POS/12V4000M53-0330-02-600.webp, https://milu-naval.mystagingwebsite.com/wp-content/uploads/12V4000M53-POS/12V4000M53-0330-02-740.webp, https://milu-naval.mystagingwebsite.com/wp-content/uploads/12V4000M53-POS/12V4000M53-0330-02-830.webp, https://milu-naval.mystagingwebsite.com/wp-content/uploads/12V4000M53-POS/12V4000M53-0342-01-380.webp, https://milu-naval.mystagingwebsite.com/wp-content/uploads/12V4000M53-POS/12V4000M53-0693-02-470.webp, https://milu-naval.mystagingwebsite.com/wp-content/uploads/12V4000M53-POS/12V4000M53-0693-02-600.webp, https://milu-naval.mystagingwebsite.com/wp-content/uploads/12V4000M53-POS/12V4000M53-0693-02-740.webp, https://milu-naval.mystagingwebsite.com/wp-content/uploads/12V4000M53-POS/12V4000M53-0693-02-830.webp, https://milu-naval.mystagingwebsite.com/wp-content/uploads/12V4000M53-POS/12V4000M53-0705-01-380.webp;https://milu-naval.mystagingwebsite.com/wp-content/uploads/12V4000M53-POS/12V4000M53-0330-02-470.webp, https://milu-naval.mystagingwebsite.com/wp-content/uploads/12V4000M53-POS/12V4000M53-0330-02-600.webp, https://milu-naval.mystagingwebsite.com/wp-content/uploads/12V4000M53-POS/12V4000M53-0330-02-740.webp, https://milu-naval.mystagingwebsite.com/wp-content/uploads/12V4000M53-POS/12V4000M53-0330-02-830.webp, https://milu-naval.mystagingwebsite.com/wp-content/uploads/12V4000M53-POS/12V4000M53-0342-01-380.webp, https://milu-naval.mystagingwebsite.com/wp-content/uploads/12V4000M53-POS/12V4000M53-0344-02-540.webp, https://milu-naval.mystagingwebsite.com/wp-content/uploads/12V4000M53-POS/12V4000M53-0693-02-470.webp, https://milu-naval.mystagingwebsite.com/wp-content/uploads/12V4000M53-POS/12V4000M53-0693-02-600.webp, https://milu-naval.mystagingwebsite.com/wp-content/uploads/12V4000M53-POS/12V4000M53-0693-02-740.webp, https://milu-naval.mystagingwebsite.com/wp-content/uploads/12V4000M53-POS/12V4000M53-0693-02-830.webp
RB-12V4000M53-006346;changed_field;exp_imagenes;https://milu-naval.mystagingwebsite.com/wp-content/uploads/12V4000M53-POS/12V4000M53-0754-01-150.webp, https://milu-naval.mystagingwebsite.com/wp-content/uploads/16V4000M61-POS/16V4000M61-0297-02-150.webp, https://milu-naval.mystagingwebsite.com/wp-content/uploads/16V4000M90-POS/16V4000M90-0288-02-150.webp;https://milu-naval.mystagingwebsite.com/wp-content/uploads/16V4000M61-POS/16V4000M61-0297-02-150.webp, https://milu-naval.mystagingwebsite.com/wp-content/uploads/16V4000M90-POS/16V4000M90-0288-02-150.webp
RB-12V4000M53-006660;changed_field;exp_imagenes;https://milu-naval.mystagingwebsite.com/wp-content/uploads/16V4000M73L-POS/16V4000M73L-0477-01-115.webp, https://milu-naval.mystagingwebsite.com/wp-content/uploads/16V4000M73L-POS/16V4000M73L-1674-01-115.webp, https://milu-naval.mystagingwebsite.com/wp-content/uploads/16V4000M90-POS/16V4000M90-0405-01-115.webp;https://milu-naval.mystagingwebsite.com/wp-content/uploads/12V4000M70-POS/12V4000M70-0799-01-115.webp, https://milu-naval.mystagingwebsite.com/wp-content/uploads/16V4000M73L-POS/16V4000M73L-0477-01-115.webp, https://milu-naval.mystagingwebsite.com/wp-content/uploads/16V4000M73L-POS/16V4000M73L-1674-01-115.webp, https://milu-naval.mystagingwebsite.com/wp-content/uploads/16V4000M90-POS/16V4000M90-0405-01-115.webp
RB-16V4000M61-000019;changed_field;exp_imagenes;https://milu-naval.mystagingwebsite.com/wp-content/uploads/16V4000M61-POS/16V4000M61-0011-01-167.webp, https://milu-naval.mystagingwebsite.com/wp-content/uploads/16V4000M61-POS/16V4000M61-0518-01-167.webp;https://milu-naval.mystagingwebsite.com/wp-content/uploads/16V4000M61-POS/16V4000M61-0011-01-167.webp, https://milu-naval.mystagingwebsite.com/wp-content/uploads/16V4000M61-POS/16V4000M61-0518-01-167.webp, https://milu-naval.mystagingwebsite.com/wp-content/uploads/16V4000M90-POS/16V4000M90-0016-01-167.webp
RB-16V4000M61-000800;changed_field;exp_imagenes;https://milu-naval.mystagingwebsite.com/wp-content/uploads/16V4000M61-POS/16V4000M61-0137-01-50.webp, https://milu-naval.mystagingwebsite.com/wp-content/uploads/16V4000M61-POS/16V4000M61-0641-01-50.webp, https://milu-naval.mystagingwebsite.com/wp-content/uploads/16V4000M73L-POS/16V4000M73L-0144-01-50.webp, https://milu-naval.mystagingwebsite.com/wp-content/uploads/16V4000M73L-POS/16V4000M73L-0630-01-50.webp, https://milu-naval.mystagingwebsite.com/wp-content/uploads/16V4000M73L-POS/16V4000M73L-0975-01-50.webp, https://milu-naval.mystagingwebsite.com/wp-content/uploads/16V4000M73L-POS/16V4000M73L-1316-01-50.webp;https://milu-naval.mystagingwebsite.com/wp-content/uploads/12V4000M40A-POS/12V4000M40A-0140-01-50.webp, https://milu-naval.mystagingwebsite.com/wp-content/uploads/12V4000M53-POS/12V4000M53-0143-01-50.webp, https://milu-naval.mystagingwebsite.com/wp-content/uploads/12V4000M53-POS/12V4000M53-0498-01-50.webp, https://milu-naval.mystagingwebsite.com/wp-content/uploads/12V4000M70-POS/12V4000M70-0149-01-50.webp, https://milu-naval.mystagingwebsite.com/wp-content/uploads/12V4000M70-POS/12V4000M70-0488-01-50.webp, https://milu-naval.mystagingwebsite.com/wp-content/uploads/16V4000M61-POS/16V4000M61-0137-01-50.webp, https://milu-naval.mystagingwebsite.com/wp-content/uploads/16V4000M61-POS/16V4000M61-0641-01-50.webp, https://milu-naval.mystagingwebsite.com/wp-content/uploads/16V4000M73-POS/16V4000M73-0157-01-50.webp, https://milu-naval.mystagingwebsite.com/wp-content/uploads/16V4000M73-POS/16V4000M73-0511-01-50.webp, https://milu-naval.mystagingwebsite.com/wp-content/uploads/16V4000M73-POS/16V4000M73-0865-01-50.webp
RB-16V4000M73L-000049;changed_field;exp_imagenes;https://milu-naval.mystagingwebsite.com/wp-content/uploads/16V4000M73L-POS/16V4000M73L-0017-01-50.webp, https://milu-naval.mystagingwebsite.com/wp-content/uploads/16V4000M73L-POS/16V4000M73L-0502-01-50.webp, https://milu-naval.mystagingwebsite.com/wp-content/uploads/16V4000M73L-POS/16V4000M73L-0847-01-50.webp, https://milu-naval.mystagingwebsite.com/wp-content/uploads/16V4000M73L-POS/16V4000M73L-1190-01-50.webp;https://milu-naval.mystagingwebsite.com/wp-content/uploads/16V4000M73-POS/16V4000M73-0028-01-50.webp, https://milu-naval.mystagingwebsite.com/wp-content/uploads/16V4000M73-POS/16V4000M73-0382-01-50.webp, https://milu-naval.mystagingwebsite.com/wp-content/uploads/16V4000M73-POS/16V4000M73-0736-01-50.webp, https://milu-naval.mystagingwebsite.com/wp-content/uploads/16V4000M73-POS/16V4000M73-1091-01-50.webp, https://milu-naval.mystagingwebsite.com/wp-content/uploads/16V4000M73L-POS/16V4000M73L-0017-01-50.webp, https://milu-naval.mystagingwebsite.com/wp-content/uploads/16V4000M73L-POS/16V4000M73L-0502-01-50.webp, https://milu-naval.mystagingwebsite.com/wp-content/uploads/16V4000M73L-POS/16V4000M73L-0847-01-50.webp, https://milu-naval.mystagingwebsite.com/wp-content/uploads/16V4000M73L-POS/16V4000M73L-1190-01-50.webp
RB-16V4000M73L-000281;changed_field;exp_imagenes;https://milu-naval.mystagingwebsite.com/wp-content/uploads/16V4000M73L-POS/16V4000M73L-0049-01-10.webp, https://milu-naval.mystagingwebsite.com/wp-content/uploads/16V4000M73L-POS/16V4000M73L-0534-01-10.webp, https://milu-naval.mystagingwebsite.com/wp-content/uploads/16V4000M73L-POS/16V4000M73L-0879-01-10.webp, https://milu-naval.mystagingwebsite.com/wp-content/uploads/16V4000M73L-POS/16V4000M73L-1222-01-10.webp;https://milu-naval.mystagingwebsite.com/wp-content/uploads/16V4000M73-POS/16V4000M73-0062-01-10.webp, https://milu-naval.mystagingwebsite.com/wp-content/uploads/16V4000M73-POS/16V4000M73-0416-01-10.webp, https://milu-naval.mystagingwebsite.com/wp-content/uploads/16V4000M73-POS/16V4000M73-0770-01-10.webp, https://milu-naval.mystagingwebsite.com/wp-content/uploads/16V4000M73-POS/16V4000M73-1125-01-10.webp, https://milu-naval.mystagingwebsite.com/wp-content/uploads/16V4000M73L-POS/16V4000M73L-0049-01-10.webp, https://milu-naval.mystagingwebsite.com/wp-content/uploads/16V4000M73L-POS/16V4000M73L-0534-01-10.webp, https://milu-naval.mystagingwebsite.com/wp-content/uploads/16V4000M73L-POS/16V4000M73L-0879-01-10.webp, https://milu-naval.mystagingwebsite.com/wp-content/uploads/16V4000M73L-POS/16V4000M73L-1222-01-10.webp
RB-16V4000M90-000004;changed_field;exp_imagenes;https://milu-naval.mystagingwebsite.com/wp-content/uploads/16V4000M90-POS/16V4000M90-0016-01-55.webp;https://milu-naval.mystagingwebsite.com/wp-content/uploads/16V4000M61-POS/16V4000M61-0011-01-55.webp, https://milu-naval.mystagingwebsite.com/wp-content/uploads/16V4000M61-POS/16V4000M61-0518-01-55.webp, https://milu-naval.mystagingwebsite.com/wp-content/uploads/16V4000M90-POS/16V4000M90-0016-01-55.webp
RB-16V4000M90-001813;changed_field;exp_imagenes;https://milu-naval.mystagingwebsite.com/wp-content/uploads/16V4000M90-POS/16V4000M90-0246-01-45.webp;https://milu-naval.mystagingwebsite.com/wp-content/uploads/16V4000M90-POS/16V4000M90-0246-01-45.webp, https://milu-naval.mystagingwebsite.com/wp-content/uploads/20V4000M93L-POS/20V4000M93L-1355-01-160.webp, https://milu-naval.mystagingwebsite.com/wp-content/uploads/20V4000M93L-POS/20V4000M93L-1735-01-160.webp
RB-20V4000M93L-002285;changed_field;exp_imagenes;https://milu-naval.mystagingwebsite.com/wp-content/uploads/20V4000M93L-POS/20V4000M93L-1381-01-10.webp, https://milu-naval.mystagingwebsite.com/wp-content/uploads/20V4000M93L-POS/20V4000M93L-1761-01-10.webp;https://milu-naval.mystagingwebsite.com/wp-content/uploads/16V4000M61-POS/16V4000M61-0243-01-15.webp, https://milu-naval.mystagingwebsite.com/wp-content/uploads/20V4000M93L-POS/20V4000M93L-1381-01-10.webp, https://milu-naval.mystagingwebsite.com/wp-content/uploads/20V4000M93L-POS/20V4000M93L-1761-01-10.webp
