sku;designation_final;measurement_final;weight_final;decision;reason;qa_validated;occurrences;engines;source_ids;source_pages;qa_summary_json;import_decision;import_reason
135M55009/1;STRAP 75 X20;;0.06 KGM;import;qa_ok_importar_found;true;1;12V4000M53;1200710;111;"{""total_rows"":1,""count_ok_importar"":1,""count_ok_eliminar"":0,""count_pending"":0,""count_review_action"":0,""count_other"":0}";import;qa_ok_importar_found
000000000403;NUT ADEC;M 16 X 1,5;17,000 g M 16 X 1,5 ISO8675;import;qa_ok_importar_found;true;1;12V4000M53;1200523;89;"{""total_rows"":1,""count_ok_importar"":1,""count_ok_eliminar"":0,""count_pending"":0,""count_review_action"":0,""count_other"":0}";import;qa_ok_importar_found
535D01023/1;GASKET;;0.007 KGM;import;qa_ok_importar_found;true;3;20V4000M93;1702919, 1706659, 1710399;318, 714, 1110;"{""total_rows"":3,""count_ok_importar"":3,""count_ok_eliminar"":0,""count_pending"":0,""count_review_action"":0,""count_other"":0}";import;qa_ok_importar_found
635H22706/2;SWITCH;;;import;qa_ok_importar_found;true;1;12V4000M40A;1102423;346;"{""total_rows"":1,""count_ok_importar"":1,""count_ok_eliminar"":0,""count_pending"":0,""count_review_action"":0,""count_other"":0}";import;qa_ok_importar_found
000000000668;CLAMP;25- 40X12-SW8-W3;0.026 KGM;import;qa_ok_importar_found;true;1;12V4000M40A;1100053;29;"{""total_rows"":1,""count_ok_importar"":1,""count_ok_eliminar"":0,""count_pending"":0,""count_review_action"":0,""count_other"":0}";import;qa_ok_importar_found
000000000670;CLAMP;35- 50X12-SW8-W3;0.029 KGM;import;qa_ok_importar_found;true;1;16V4000M73;1400282;45;"{""total_rows"":1,""count_ok_importar"":1,""count_ok_eliminar"":0,""count_pending"":0,""count_review_action"":0,""count_other"":0}";import;qa_ok_importar_found
000000000671;CLAMP;40- 60X12-SW8-W3;0.032 KGM;import;qa_ok_importar_found;true;1;16V4000M73;1400284;45;"{""total_rows"":1,""count_ok_importar"":1,""count_ok_eliminar"":0,""count_pending"":0,""count_review_action"":0,""count_other"":0}";import;qa_ok_importar_found
000000001040;HEX SCREW;M 12 X 60;0.057 KGM;import;qa_ok_importar_found;true;1;12V4000M40A;1100056;258;"{""total_rows"":1,""count_ok_importar"":1,""count_ok_eliminar"":0,""count_pending"":0,""count_review_action"":0,""count_other"":0}";import;qa_ok_importar_found
000000001270;BUSHING;C 32 X 36 X 20;36,900 g C 32 X 36 X 20 ISO4379;import;qa_ok_importar_found;true;1;12V4000M53;1200501;85;"{""total_rows"":1,""count_ok_importar"":1,""count_ok_eliminar"":0,""count_pending"":0,""count_review_action"":0,""count_other"":0}";import;qa_ok_importar_found
000000001463;HEX SCREW;M 8 X 80;0.03 KGM;import;qa_ok_importar_found;true;1;12V4000M53;1200267;42;"{""total_rows"":1,""count_ok_importar"":1,""count_ok_eliminar"":0,""count_pending"":0,""count_review_action"":0,""count_other"":0}";import;qa_ok_importar_found
000000001465;HEX SCREW;M 10 X120;78,200 g M 10 X120 ISO4014;import;qa_ok_importar_found;true;1;12V4000M53;1202198;264;"{""total_rows"":1,""count_ok_importar"":1,""count_ok_eliminar"":0,""count_pending"":0,""count_review_action"":0,""count_other"":0}";import;qa_ok_importar_found
000000002970;HEX SCREW;M 12 X 70;64,700 g M 12 X 70 ISO4017;import;qa_ok_importar_found;true;1;12V4000M53;1201765;228;"{""total_rows"":1,""count_ok_importar"":1,""count_ok_eliminar"":0,""count_pending"":0,""count_review_action"":0,""count_other"":0}";import;qa_ok_importar_found
000000003002;HEX SCREW;M 8 X 25;0.013 KGM;import;qa_ok_importar_found;true;1;12V4000M40A;1100064;287;"{""total_rows"":1,""count_ok_importar"":1,""count_ok_eliminar"":0,""count_pending"":0,""count_review_action"":0,""count_other"":0}";import;qa_ok_importar_found
000000003306;SPRING PIN;3,5X 8 - N;0.001 KGM;import;qa_ok_importar_found;true;1;12V4000M40A;1100069;76;"{""total_rows"":1,""count_ok_importar"":1,""count_ok_eliminar"":0,""count_pending"":0,""count_review_action"":0,""count_other"":0}";import;qa_ok_importar_found
000000003326;HEX SCREW;M 10 X 35;0.027 KGM;import;qa_ok_importar_found;true;1;12V4000M40A;1100070;104;"{""total_rows"":1,""count_ok_importar"":1,""count_ok_eliminar"":0,""count_pending"":0,""count_review_action"":0,""count_other"":0}";import;qa_ok_importar_found
000000004744;HEX NUT;M 12;14,300 g M 12 ISO4032;import;qa_ok_importar_found;true;1;12V4000M53;1200972;138;"{""total_rows"":1,""count_ok_importar"":1,""count_ok_eliminar"":0,""count_pending"":0,""count_review_action"":0,""count_other"":0}";import;qa_ok_importar_found
40031;GASKET LIQUID LOCKTITE 573;1 KAR = 12 ST À 50 ML;0.063 KGM;import;qa_ok_importar_found;true;1;12V4000M40A;1100081;290;"{""total_rows"":1,""count_ok_importar"":1,""count_ok_eliminar"":0,""count_pending"":0,""count_review_action"":0,""count_other"":0}";import;qa_ok_importar_found
41458;LEAD SEAL;;1 KG;import;qa_ok_importar_found;true;1;12V4000M40A;1100083;404;"{""total_rows"":1,""count_ok_importar"":1,""count_ok_eliminar"":0,""count_pending"":0,""count_review_action"":0,""count_other"":0}";import;qa_ok_importar_found
50667;GREASE;1 TIN = 1 KG;1.116 KGM;import;qa_ok_importar_found;true;1;12V4000M40A;1100086;154;"{""total_rows"":1,""count_ok_importar"":1,""count_ok_eliminar"":0,""count_pending"":0,""count_review_action"":0,""count_other"":0}";import;qa_ok_importar_found
0000100070;MANIFOLD;;1.347 KGM;import;qa_ok_importar_found;true;1;12V4000M40A;1100088;29;"{""total_rows"":1,""count_ok_importar"":1,""count_ok_eliminar"":0,""count_pending"":0,""count_review_action"":0,""count_other"":0}";import;qa_ok_importar_found
0000160119;SEALING RING;;0.004 KGM;import;qa_ok_importar_found;true;1;12V4000M40A;1100089;89;"{""total_rows"":1,""count_ok_importar"":1,""count_ok_eliminar"":0,""count_pending"":0,""count_review_action"":0,""count_other"":0}";import;qa_ok_importar_found
0000171160;RING ASM;;131,100 G;import;qa_ok_importar_found;true;1;12V4000M40A;1100090;52;"{""total_rows"":1,""count_ok_importar"":1,""count_ok_eliminar"":0,""count_pending"":0,""count_review_action"":0,""count_other"":0}";import;qa_ok_importar_found
0000181802;OIL FILL CAP;;0.111 KGM;import;qa_ok_importar_found;true;1;12V4000M40A;1100092;17;"{""total_rows"":1,""count_ok_importar"":1,""count_ok_eliminar"":0,""count_pending"":0,""count_review_action"":0,""count_other"":0}";import;qa_ok_importar_found
0000187135;OIL SEPARATOR;;1.121 KGM;import;qa_ok_importar_found;true;1;12V4000M40A;1100094;31;"{""total_rows"":1,""count_ok_importar"":1,""count_ok_eliminar"":0,""count_pending"":0,""count_review_action"":0,""count_other"":0}";import;qa_ok_importar_found
0000352500;DAMPER;;;import;qa_ok_importar_found;true;1;12V4000M40A;1100095;51;"{""total_rows"":1,""count_ok_importar"":1,""count_ok_eliminar"":0,""count_pending"":0,""count_review_action"":0,""count_other"":0}";import;qa_ok_importar_found
0000534335;VALVE ROTATOR;;0.11 KGM;import;qa_ok_importar_found;true;1;12V4000M40A;1100098;65;"{""total_rows"":1,""count_ok_importar"":1,""count_ok_eliminar"":0,""count_pending"":0,""count_review_action"":0,""count_other"":0}";import;qa_ok_importar_found
0000787949;VALVE FLOW RESTRICTOR;;408,600 G;import;qa_ok_importar_found;true;1;12V4000M40A;1100099;92;"{""total_rows"":1,""count_ok_importar"":1,""count_ok_eliminar"":0,""count_pending"":0,""count_review_action"":0,""count_other"":0}";import;qa_ok_importar_found
0000911128;DIAPHRAGM;;0.011 KGM;import;qa_ok_importar_found;true;1;12V4000M70;1900682;118;"{""total_rows"":1,""count_ok_importar"":1,""count_ok_eliminar"":0,""count_pending"":0,""count_review_action"":0,""count_other"":0}";import;qa_ok_importar_found
0000911790;PUMP;;1,375 kg P EM;import;qa_ok_importar_found;true;1;12V4000M70;1900668;117;"{""total_rows"":1,""count_ok_importar"":1,""count_ok_eliminar"":0,""count_pending"":0,""count_review_action"":0,""count_other"":0}";import;qa_ok_importar_found
0000925105;FILTER ELEMENT;30 MY;0.277 KGM;import;qa_ok_importar_found;true;1;12V4000M70;1900701;121;"{""total_rows"":1,""count_ok_importar"":1,""count_ok_eliminar"":0,""count_pending"":0,""count_review_action"":0,""count_other"":0}";import;qa_ok_importar_found
0000943268;INDICATOR AIR FILTER RESTRISTER;;0.039 KGM;import;qa_ok_importar_found;true;1;12V4000M40A;1100100;135;"{""total_rows"":1,""count_ok_importar"":1,""count_ok_eliminar"":0,""count_pending"":0,""count_review_action"":0,""count_other"":0}";import;qa_ok_importar_found
0000982218;CYLINDER ACTUATING;;0.791 KGM;import;qa_ok_importar_found;true;1;12V4000M40A;1100102;160;"{""total_rows"":1,""count_ok_importar"":1,""count_ok_eliminar"":0,""count_pending"":0,""count_review_action"":0,""count_other"":0}";import;qa_ok_importar_found
0000983018;ACTUATING CYLINDER;;1,285 KG;import;qa_ok_importar_found;true;10;16V4000M73L, 20V4000M93L;1500871, 1501088, 1504078, 1504295, 1506541, 1506758, 1801159, 1801541, 1804765, 1805147;149, 174, 635, 660, 980, 1005, 1267, 1298, 1644, 1675;"{""total_rows"":10,""count_ok_importar"":10,""count_ok_eliminar"":0,""count_pending"":0,""count_review_action"":0,""count_other"":0}";import;qa_ok_importar_found
0001400182;BELLOWS TURBO EXHAUS T TUBE;;;import;qa_ok_importar_found;true;1;16V4000M90;1601180;172;"{""total_rows"":1,""count_ok_importar"":1,""count_ok_eliminar"":0,""count_pending"":0,""count_review_action"":0,""count_other"":0}";import;qa_ok_importar_found
0001400182/31;EXHAUST PIPE BELLOWS LR ACCEPTANCE;;;import;qa_ok_importar_found;true;1;16V4000M61;1300977;168;"{""total_rows"":1,""count_ok_importar"":1,""count_ok_eliminar"":0,""count_pending"":0,""count_review_action"":0,""count_other"":0}";import;qa_ok_importar_found
0001501150;ALT ASM F50301-120A/28V AVF-HUNGARY;;15.970 kg;import;qa_ok_importar_found;true;1;16V4000M90;1601949;266;"{""total_rows"":1,""count_ok_importar"":1,""count_ok_eliminar"":0,""count_pending"":0,""count_review_action"":0,""count_other"":0}";import;qa_ok_importar_found
0001501927;COUPLING;;2.692 kg;import;qa_ok_importar_found;true;1;16V4000M90;1601950;266;"{""total_rows"":1,""count_ok_importar"":1,""count_ok_eliminar"":0,""count_pending"":0,""count_review_action"":0,""count_other"":0}";import;qa_ok_importar_found
0001812398;OIL EXTRACTION PUMP HAND S4000 S2000;;6.013 kg P;import;qa_ok_importar_found;true;11;16V4000M73L, 16V4000M90, 20V4000M93, 20V4000M93L;1502058, 1505265, 1507762, 1510251, 1602057, 1702992, 1706732, 1710472, 1714214, 1803100, 1806761;295, 781, 1126, 1461, 284, 331, 727, 1123, 1519, 1447, 1827;"{""total_rows"":11,""count_ok_importar"":11,""count_ok_eliminar"":0,""count_pending"":0,""count_review_action"":0,""count_other"":0}";import;qa_ok_importar_found
0001880846;PLATE;;0.74 KGM;import;qa_ok_importar_found;true;1;12V4000M40A;1100107;208;"{""total_rows"":1,""count_ok_importar"":1,""count_ok_eliminar"":0,""count_pending"":0,""count_review_action"":0,""count_other"":0}";import;qa_ok_importar_found
0001880946;PLATE FIRST OIL COOLER;;0.78 KGM;import;qa_ok_importar_found;true;1;12V4000M40A;1100108;208;"{""total_rows"":1,""count_ok_importar"":1,""count_ok_eliminar"":0,""count_pending"":0,""count_review_action"":0,""count_other"":0}";import;qa_ok_importar_found
0002000017;PRESSURE CAP (EXPANS ION TANK);;1,367 KG P;import;qa_ok_importar_found;true;1;12V4000M40A;1100110;287;"{""total_rows"":1,""count_ok_importar"":1,""count_ok_eliminar"":0,""count_pending"":0,""count_review_action"":0,""count_other"":0}";import;qa_ok_importar_found
0002033286;CAP PRESSURE EXPANSI ON TANK S2000/4000;;0.149 KGM;import;qa_ok_importar_found;true;1;12V4000M40A;1100114;288;"{""total_rows"":1,""count_ok_importar"":1,""count_ok_eliminar"":0,""count_pending"":0,""count_review_action"":0,""count_other"":0}";import;qa_ok_importar_found
0002034480;RING SEALING 67.5OD X 57.76ID X 6.4 S40;57,76X67,5X6,4;0.021 KGM;import;qa_ok_importar_found;true;1;12V4000M40A;1100118;269;"{""total_rows"":1,""count_ok_importar"":1,""count_ok_eliminar"":0,""count_pending"":0,""count_review_action"":0,""count_other"":0}";import;qa_ok_importar_found
0002034946;FIRST PLATE SEE WATER COOLER;;0.74 KGM;import;qa_ok_importar_found;true;1;12V4000M40A;1100119;231;"{""total_rows"":1,""count_ok_importar"":1,""count_ok_eliminar"":0,""count_pending"":0,""count_review_action"":0,""count_other"":0}";import;qa_ok_importar_found
0002035583;BELLOWS RUBBER;DN 210 BOLT CIRCLE 1 PC 10,954 KG L 145 MM , D 125 MM;;import;qa_ok_importar_found;true;1;12V4000M40A;1100120;310;"{""total_rows"":1,""count_ok_importar"":1,""count_ok_eliminar"":0,""count_pending"":0,""count_review_action"":0,""count_other"":0}";import;qa_ok_importar_found
0002035583/87;RUBBER BELLOWS;STD EL 145 MM, DN 125 MM;11,161 kg STD EL 145 MM, DN 125 MM;import;qa_ok_importar_found;true;1;12V4000M53;1202391;296;"{""total_rows"":1,""count_ok_importar"":1,""count_ok_eliminar"":0,""count_pending"":0,""count_review_action"":0,""count_other"":0}";import;qa_ok_importar_found
0002035683;RUBBER BELLOWS;STD EL 145 MM,DN 150 MM;13.400 kg STD EL 145 MM,DN 150 MM;import;qa_ok_importar_found;true;1;20V4000M93L;1806804;1834;"{""total_rows"":1,""count_ok_importar"":1,""count_ok_eliminar"":0,""count_pending"":0,""count_review_action"":0,""count_other"":0}";import;qa_ok_importar_found
0002035896;CLT PREHEATER 3/PHASE AC 400V 50/60HZ LH;;45,720 KG P;import;qa_ok_importar_found;true;1;16V4000M61;1301562;242;"{""total_rows"":1,""count_ok_importar"":1,""count_ok_eliminar"":0,""count_pending"":0,""count_review_action"":0,""count_other"":0}";import;qa_ok_importar_found
0002036246;PLATE;;9,760 KG;import;qa_ok_importar_found;true;1;12V4000M40A;1100121;231;"{""total_rows"":1,""count_ok_importar"":1,""count_ok_eliminar"":0,""count_pending"":0,""count_review_action"":0,""count_other"":0}";import;qa_ok_importar_found
0002039496;PREHEATING UNIT ERSATZ 0002039496/87;;63.975 kg P;import;qa_ok_importar_found;true;2;20V4000M93L;1802303, 1805962;1380, 1760;"{""total_rows"":2,""count_ok_importar"":2,""count_ok_eliminar"":0,""count_pending"":0,""count_review_action"":0,""count_other"":0}";import;qa_ok_importar_found
0002040791;FILTER ELEMENT;;0.568 KGM;import;qa_ok_importar_found;true;2;20V4000M93L;1802290, 1805949;1376, 1756;"{""total_rows"":2,""count_ok_importar"":2,""count_ok_eliminar"":0,""count_pending"":0,""count_review_action"":0,""count_other"":0}";import;qa_ok_importar_found
0002041620;FILTER HEAD;;;import;qa_ok_importar_found;true;2;20V4000M93L;1802291, 1805950;1376, 1756;"{""total_rows"":2,""count_ok_importar"":2,""count_ok_eliminar"":0,""count_pending"":0,""count_review_action"":0,""count_other"":0}";import;qa_ok_importar_found
0002043797;COOLANT FILTER;;1.12 KGM;import;qa_ok_importar_found;true;2;20V4000M93L;1802261, 1805920;1374, 1754;"{""total_rows"":2,""count_ok_importar"":2,""count_ok_eliminar"":0,""count_pending"":0,""count_review_action"":0,""count_other"":0}";import;qa_ok_importar_found
0002800091;GEARBOX CONTROL ELECTRIC;ZF 3084 680 055;3,400 kg;import;qa_ok_importar_found;true;1;12V4000M70;1904838;694;"{""total_rows"":1,""count_ok_importar"":1,""count_ok_eliminar"":0,""count_pending"":0,""count_review_action"":0,""count_other"":0}";import;qa_ok_importar_found
5132155;SEAL RING;;20 G;import;qa_ok_importar_found;true;1;12V4000M40A;1100124;267;"{""total_rows"":1,""count_ok_importar"":1,""count_ok_eliminar"":0,""count_pending"":0,""count_review_action"":0,""count_other"":0}";import;qa_ok_importar_found
05132155;SEALING RING;;0.019 KGM;import;qa_ok_importar_found;true;1;12V4000M53;1202210;264;"{""total_rows"":1,""count_ok_importar"":1,""count_ok_eliminar"":0,""count_pending"":0,""count_review_action"":0,""count_other"":0}";import;qa_ok_importar_found
0005310039;LED RED;MIT SOCKEL, 24VDC, 18MA,;0.002 KGM;import;qa_ok_importar_found;true;1;12V4000M40A;1100126;355;"{""total_rows"":1,""count_ok_importar"":1,""count_ok_eliminar"":0,""count_pending"":0,""count_review_action"":0,""count_other"":0}";import;qa_ok_importar_found
0005310140;DIODE;1N4004, 400V, 1A,;0.001 KGM;import;qa_ok_importar_found;true;1;12V4000M40A;1100129;358;"{""total_rows"":1,""count_ok_importar"":1,""count_ok_eliminar"":0,""count_pending"":0,""count_review_action"":0,""count_other"":0}";import;qa_ok_importar_found
0005311339;LED GREEN;T5,5K, 24VDC,;0.001 KGM;import;qa_ok_importar_found;true;1;12V4000M40A;1100133;355;"{""total_rows"":1,""count_ok_importar"":1,""count_ok_eliminar"":0,""count_pending"":0,""count_review_action"":0,""count_other"":0}";import;qa_ok_importar_found
0005311439;LED YELLOW;T5,5K, 24VDC,;0.001 KGM;import;qa_ok_importar_found;true;1;12V4000M40A;1100137;355;"{""total_rows"":1,""count_ok_importar"":1,""count_ok_eliminar"":0,""count_pending"":0,""count_review_action"":0,""count_other"":0}";import;qa_ok_importar_found
0005311939;LED;T5,5K, 6-MULTI-LED, GRUEN,24V,;0.001 KGM;import;qa_ok_importar_found;true;1;12V4000M53;1206423;762;"{""total_rows"":1,""count_ok_importar"":1,""count_ok_eliminar"":0,""count_pending"":0,""count_review_action"":0,""count_other"":0}";import;qa_ok_importar_found
0005311981;QUICK-CATCH CLAMP;92X2,4X1,0MM D=2-16MM;0.001 KGM;import;qa_ok_importar_found;true;1;12V4000M40A;1100142;359;"{""total_rows"":1,""count_ok_importar"":1,""count_ok_eliminar"":0,""count_pending"":0,""count_review_action"":0,""count_other"":0}";import;qa_ok_importar_found
0005312081;QUICK-CATCH CLAMP;140X3,6X1,1MM D=2-29MM;0.001 KGM;import;qa_ok_importar_found;true;1;12V4000M40A;1100146;359;"{""total_rows"":1,""count_ok_importar"":1,""count_ok_eliminar"":0,""count_pending"":0,""count_review_action"":0,""count_other"":0}";import;qa_ok_importar_found
0005312181;QUICK-CATCH CLAMP;186X4,8X1,1MM D=3,5-45MM;0.001 KGM;import;qa_ok_importar_found;true;1;12V4000M53;1202597;307;"{""total_rows"":1,""count_ok_importar"":1,""count_ok_eliminar"":0,""count_pending"":0,""count_review_action"":0,""count_other"":0}";import;qa_ok_importar_found
0005312876;CABLE ENTRY;HSK-M-EMV, METRISCH, M16X1,5,;0.023 KGM;import;qa_ok_importar_found;true;1;12V4000M70;1905194;781;"{""total_rows"":1,""count_ok_importar"":1,""count_ok_eliminar"":0,""count_pending"":0,""count_review_action"":0,""count_other"":0}";import;qa_ok_importar_found
0005312976;CABLE ENTRY;HSK-M-EMV, METRISCH, M20X1,5,;0.031 KGM;import;qa_ok_importar_found;true;1;12V4000M40A;1100149;321;"{""total_rows"":1,""count_ok_importar"":1,""count_ok_eliminar"":0,""count_pending"":0,""count_review_action"":0,""count_other"":0}";import;qa_ok_importar_found
0005313076;CABLE ENTRY;HSK-M-EMV, METRISCH, M25X1,5,;0.05 KGM;import;qa_ok_importar_found;true;1;12V4000M40A;1100151;354;"{""total_rows"":1,""count_ok_importar"":1,""count_ok_eliminar"":0,""count_pending"":0,""count_review_action"":0,""count_other"":0}";import;qa_ok_importar_found
0005313176;CABLE ENTRY;HSK-M-EMV, METRISCH, M32X1,5,;0.104 KGM;import;qa_ok_importar_found;true;1;12V4000M40A;1100152;354;"{""total_rows"":1,""count_ok_importar"":1,""count_ok_eliminar"":0,""count_pending"":0,""count_review_action"":0,""count_other"":0}";import;qa_ok_importar_found
0005313789;AUDIBLE ALARM VDO;;;import;qa_ok_importar_found;true;1;16V4000M90;1602563;355;"{""total_rows"":1,""count_ok_importar"":1,""count_ok_eliminar"":0,""count_pending"":0,""count_review_action"":0,""count_other"":0}";import;qa_ok_importar_found
0005316685;MALE CONNECTOR;GR.10SL 3POL BUCHSE AWG16;0.031 KGM;import;qa_ok_importar_found;true;1;12V4000M40A;1100158;321;"{""total_rows"":1,""count_ok_importar"":1,""count_ok_eliminar"":0,""count_pending"":0,""count_review_action"":0,""count_other"":0}";import;qa_ok_importar_found
0005316785;CONNECTOR;GR.10SL 3POL BUCHSE AWG16;0.043 KGM;import;qa_ok_importar_found;true;1;12V4000M70;1900713;121;"{""total_rows"":1,""count_ok_importar"":1,""count_ok_eliminar"":0,""count_pending"":0,""count_review_action"":0,""count_other"":0}";import;qa_ok_importar_found
0005318002;RESISTOR;TK50, 1%, 10K, 0,4W;0.001 KGM;import;qa_ok_importar_found;true;1;12V4000M40A;1100159;358;"{""total_rows"":1,""count_ok_importar"":1,""count_ok_eliminar"":0,""count_pending"":0,""count_review_action"":0,""count_other"":0}";import;qa_ok_importar_found
0005318688;FLASHING LAMP YELLOW;BLK 40, 15-32 V;0.725 KGM;import;qa_ok_importar_found;true;1;12V4000M40A;1100161;394;"{""total_rows"":1,""count_ok_importar"":1,""count_ok_eliminar"":0,""count_pending"":0,""count_review_action"":0,""count_other"":0}";import;qa_ok_importar_found
0005319181;QUICK-CATCH CLAMP;200X2,4MM -40C - 105 C;0.001 KGM;import;qa_ok_importar_found;true;1;12V4000M53;1203040;348;"{""total_rows"":1,""count_ok_importar"":1,""count_ok_eliminar"":0,""count_pending"":0,""count_review_action"":0,""count_other"":0}";import;qa_ok_importar_found
0005325752;BATTERY;D=25,4X7,7, KNOPFZELLE_3V,;0.009 KGM;import;qa_ok_importar_found;true;1;12V4000M40A;1100162;370;"{""total_rows"":1,""count_ok_importar"":1,""count_ok_eliminar"":0,""count_pending"":0,""count_review_action"":0,""count_other"":0}";import;qa_ok_importar_found
0005330332;REMOVAL TOOL;TYP 02-905-KALOTTENZIEHER;10 G TYP 02-905-KALOTTENZIEHER;import;qa_ok_importar_found;true;1;16V4000M61;1301857;312;"{""total_rows"":1,""count_ok_importar"":1,""count_ok_eliminar"":0,""count_pending"":0,""count_review_action"":0,""count_other"":0}";import;qa_ok_importar_found
0005330732;HANDLE;;;import;qa_ok_importar_found;true;1;12V4000M40A;1100169;358;"{""total_rows"":1,""count_ok_importar"":1,""count_ok_eliminar"":0,""count_pending"":0,""count_review_action"":0,""count_other"":0}";import;qa_ok_importar_found
0005334676;CABLE ENTRY;STOPFEN-PG13,5-M20;0.012 KGM;import;qa_ok_importar_found;true;1;12V4000M70;1904872;710;"{""total_rows"":1,""count_ok_importar"":1,""count_ok_eliminar"":0,""count_pending"":0,""count_review_action"":0,""count_other"":0}";import;qa_ok_importar_found
0005335443;THREAD ADAPTER FOR CORRUGATED PIPE;"IG=1 7/16""-18 / NW23 IP68";0.02 KGM;import;qa_ok_importar_found;true;1;16V4000M61;1302088;345;"{""total_rows"":1,""count_ok_importar"":1,""count_ok_eliminar"":0,""count_pending"":0,""count_review_action"":0,""count_other"":0}";import;qa_ok_importar_found
0005335843;THREAD ADAPTER FOR CORRUGATED PIPE;"IG=1""-20 / NW17 / IP68";0.015 KGM;import;qa_ok_importar_found;true;1;16V4000M90;1602184;305;"{""total_rows"":1,""count_ok_importar"":1,""count_ok_eliminar"":0,""count_pending"":0,""count_review_action"":0,""count_other"":0}";import;qa_ok_importar_found
0005336043;REDUCER FOR CORRUGATED PIPE;ROHRAUFSATZ NW 23-10;0.012 KGM;import;qa_ok_importar_found;true;1;16V4000M61;1302092;345;"{""total_rows"":1,""count_ok_importar"":1,""count_ok_eliminar"":0,""count_pending"":0,""count_review_action"":0,""count_other"":0}";import;qa_ok_importar_found
0005336143;REDUCER FOR CORRUGATED PIPE;ROHRAUFSATZ NW 17-10;0.008 KGM;import;qa_ok_importar_found;true;1;12V4000M40A;1100202;348;"{""total_rows"":1,""count_ok_importar"":1,""count_ok_eliminar"":0,""count_pending"":0,""count_review_action"":0,""count_other"":0}";import;qa_ok_importar_found
0005336243;PIPE CABLING AND PIPEWOR;T-ABZWEIG 23-23-23;0.057 KGM;import;qa_ok_importar_found;true;1;16V4000M61;1302090;345;"{""total_rows"":1,""count_ok_importar"":1,""count_ok_eliminar"":0,""count_pending"":0,""count_review_action"":0,""count_other"":0}";import;qa_ok_importar_found
0005336343;PIPE;;;import;qa_ok_importar_found;true;1;16V4000M61;1302038;340;"{""total_rows"":1,""count_ok_importar"":1,""count_ok_eliminar"":0,""count_pending"":0,""count_review_action"":0,""count_other"":0}";import;qa_ok_importar_found
0005336443;PIPE CABLING AND PIPEWOR;V-VERTEILER 23-17-17;0.029 KGM;import;qa_ok_importar_found;true;1;16V4000M61;1302060;341;"{""total_rows"":1,""count_ok_importar"":1,""count_ok_eliminar"":0,""count_pending"":0,""count_review_action"":0,""count_other"":0}";import;qa_ok_importar_found
0005336543;PIPE CABLING AND PIPEWOR;Y-VERTEILER 23-17-17;0.052 KGM;import;qa_ok_importar_found;true;1;16V4000M61;1302091;345;"{""total_rows"":1,""count_ok_importar"":1,""count_ok_eliminar"":0,""count_pending"":0,""count_review_action"":0,""count_other"":0}";import;qa_ok_importar_found
0005353703;LEVEL MONITOR;;185,000 g;import;qa_ok_importar_found;true;1;12V4000M70;1900714;121;"{""total_rows"":1,""count_ok_importar"":1,""count_ok_eliminar"":0,""count_pending"":0,""count_review_action"":0,""count_other"":0}";import;qa_ok_importar_found
0005356430;TEMPERATURE SENSOR;M14X1,5, L=29, STECKER DIN72585,;0.045 KGM;import;qa_ok_importar_found;true;1;12V4000M40A;1100212;328;"{""total_rows"":1,""count_ok_importar"":1,""count_ok_eliminar"":0,""count_pending"":0,""count_review_action"":0,""count_other"":0}";import;qa_ok_importar_found
0005460920;GROUNDING STRAP;CU 16QMM/9-9/400;0.056 KGM;import;qa_ok_importar_found;true;1;12V4000M40A;1100222;301;"{""total_rows"":1,""count_ok_importar"":1,""count_ok_eliminar"":0,""count_pending"":0,""count_review_action"":0,""count_other"":0}";import;qa_ok_importar_found
000007005103;PIN DOWEL;5 M6 X 20;0.003 KGM;import;qa_ok_importar_found;true;1;12V4000M40A;1100226;192;"{""total_rows"":1,""count_ok_importar"":1,""count_ok_eliminar"":0,""count_pending"":0,""count_review_action"":0,""count_other"":0}";import;qa_ok_importar_found
000007008102;DOWEL PIN;8 M6 X 20;8.400 g 8 M6 X 20 DIN7;import;qa_ok_importar_found;true;1;16V4000M73;1400747;125;"{""total_rows"":1,""count_ok_importar"":1,""count_ok_eliminar"":0,""count_pending"":0,""count_review_action"":0,""count_other"":0}";import;qa_ok_importar_found
0009880270;LEAD SEAL;;0.001 KGM;import;qa_ok_importar_found;true;1;12V4000M40A;1100229;404;"{""total_rows"":1,""count_ok_importar"":1,""count_ok_eliminar"":0,""count_pending"":0,""count_review_action"":0,""count_other"":0}";import;qa_ok_importar_found
0009902164;THREADED NIPPLE;;;import;qa_ok_importar_found;true;1;16V4000M73;1400745;125;"{""total_rows"":1,""count_ok_importar"":1,""count_ok_eliminar"":0,""count_pending"":0,""count_review_action"":0,""count_other"":0}";import;qa_ok_importar_found
0009939226;DISHED WASHER;;8,200 G;import;qa_ok_importar_found;true;1;12V4000M40A;1100231;308;"{""total_rows"":1,""count_ok_importar"":1,""count_ok_eliminar"":0,""count_pending"":0,""count_review_action"":0,""count_other"":0}";import;qa_ok_importar_found
0009973675;ADAPTER OIL FLTR DUA L NIPPLE S2000+S400;;0.148 KGM;import;qa_ok_importar_found;true;1;12V4000M40A;1100233;200;"{""total_rows"":1,""count_ok_importar"":1,""count_ok_eliminar"":0,""count_pending"":0,""count_review_action"":0,""count_other"":0}";import;qa_ok_importar_found
0010107351;INJECTOR;;1,001 KG;import;qa_ok_importar_found;true;1;12V4000M40A;1100234;88;"{""total_rows"":1,""count_ok_importar"":1,""count_ok_eliminar"":0,""count_pending"":0,""count_review_action"":0,""count_other"":0}";import;qa_ok_importar_found
11509528;BOLT PHOS HEX FLG LRG;M12X1,75X30;0.05 KGM;import;qa_ok_importar_found;true;1;12V4000M40A;1100235;202;"{""total_rows"":1,""count_ok_importar"":1,""count_ok_eliminar"":0,""count_pending"":0,""count_review_action"":0,""count_other"":0}";import;qa_ok_importar_found
0012030596;PREHEATER;;46,200 KG;import;qa_ok_importar_found;true;1;12V4000M40A;1100240;253;"{""total_rows"":1,""count_ok_importar"":1,""count_ok_eliminar"":0,""count_pending"":0,""count_review_action"":0,""count_other"":0}";import;qa_ok_importar_found
0015312485;CABLE TERMINAL;M3, 0.5-1.5QMM;0.001 KGM;import;qa_ok_importar_found;true;1;16V4000M61;1302065;341;"{""total_rows"":1,""count_ok_importar"":1,""count_ok_eliminar"":0,""count_pending"":0,""count_review_action"":0,""count_other"":0}";import;qa_ok_importar_found
0015317385;END SLEEVE;0,5 QMM;0.001 KGM;import;qa_ok_importar_found;true;1;12V4000M53;1203041;348;"{""total_rows"":1,""count_ok_importar"":1,""count_ok_eliminar"":0,""count_pending"":0,""count_review_action"":0,""count_other"":0}";import;qa_ok_importar_found
0015317485;INSTALLATION MATRL;0,75 QMM;0.001 KGM;import;qa_ok_importar_found;true;1;12V4000M40A;1100247;354;"{""total_rows"":1,""count_ok_importar"":1,""count_ok_eliminar"":0,""count_pending"":0,""count_review_action"":0,""count_other"":0}";import;qa_ok_importar_found
0015317686;FUSE;TR3,D=6,H=8,3,15A/FLINK,125V;0.001 KGM;import;qa_ok_importar_found;true;1;12V4000M40A;1100248;317;"{""total_rows"":1,""count_ok_importar"":1,""count_ok_eliminar"":0,""count_pending"":0,""count_review_action"":0,""count_other"":0}";import;qa_ok_importar_found
0015318481;ATTACHING;;;import;qa_ok_importar_found;true;1;12V4000M40A;1100251;388;"{""total_rows"":1,""count_ok_importar"":1,""count_ok_eliminar"":0,""count_pending"":0,""count_review_action"":0,""count_other"":0}";import;qa_ok_importar_found
0015318486;FUSE;FK2 KFZ-SICHERUNG;0.002 KGM;import;qa_ok_importar_found;true;1;12V4000M40A;1100252;357;"{""total_rows"":1,""count_ok_importar"":1,""count_ok_eliminar"":0,""count_pending"":0,""count_review_action"":0,""count_other"":0}";import;qa_ok_importar_found
0015318702;RESISTOR;TK50 1% 0,4W;0.001 KGM;import;qa_ok_importar_found;true;1;12V4000M40A;1100253;358;"{""total_rows"":1,""count_ok_importar"":1,""count_ok_eliminar"":0,""count_pending"":0,""count_review_action"":0,""count_other"":0}";import;qa_ok_importar_found
0015331031;FLAP;27X27 INCL. 2 DICHTUNGEN 0,5MM;0.002 KGM;import;qa_ok_importar_found;true;1;12V4000M40A;1100260;379;"{""total_rows"":1,""count_ok_importar"":1,""count_ok_eliminar"":0,""count_pending"":0,""count_review_action"":0,""count_other"":0}";import;qa_ok_importar_found
0019971871;UNION REDUCTION 1.5 IN X M52X2 AIR STRTR;;0.605 KGM;import;qa_ok_importar_found;true;2;20V4000M93L;1801609, 1805268;1312, 1692;"{""total_rows"":2,""count_ok_importar"":2,""count_ok_eliminar"":0,""count_pending"":0,""count_review_action"":0,""count_other"":0}";import;qa_ok_importar_found
0019972036;THREE-WAY COCK;;1.862 KGM;import;qa_ok_importar_found;true;1;12V4000M40A;1100330;220;"{""total_rows"":1,""count_ok_importar"":1,""count_ok_eliminar"":0,""count_pending"":0,""count_review_action"":0,""count_other"":0}";import;qa_ok_importar_found
0021803301;OIL PUMP;;23.84 KGM;import;qa_ok_importar_found;true;1;12V4000M40A;1100331;195;"{""total_rows"":1,""count_ok_importar"":1,""count_ok_eliminar"":0,""count_pending"":0,""count_review_action"":0,""count_other"":0}";import;qa_ok_importar_found
0021804101;OIL PUMP;;24.03 KGM;import;qa_ok_importar_found;true;1;12V4000M53;1201347;186;"{""total_rows"":1,""count_ok_importar"":1,""count_ok_eliminar"":0,""count_pending"":0,""count_review_action"":0,""count_other"":0}";import;qa_ok_importar_found
23540304;GASKET KIT;;82,200 G;import;qa_ok_importar_found;true;1;12V4000M40A;1100334;203;"{""total_rows"":1,""count_ok_importar"":1,""count_ok_eliminar"":0,""count_pending"":0,""count_review_action"":0,""count_other"":0}";import;qa_ok_importar_found
0025312040;ZENER DIODE;DO-41 1,3W11, 4.12,7V85 MA;0.001 KGM;import;qa_ok_importar_found;true;1;16V4000M61;1301954;328;"{""total_rows"":1,""count_ok_importar"":1,""count_ok_eliminar"":0,""count_pending"":0,""count_review_action"":0,""count_other"":0}";import;qa_ok_importar_found
0025319485;SINGLE-CORE INSUL;2,2-3,0MM/MCP2,8 DIN72585 1,5;0.001 KGM;import;qa_ok_importar_found;true;1;12V4000M53;1202785;332;"{""total_rows"":1,""count_ok_importar"":1,""count_ok_eliminar"":0,""count_pending"":0,""count_review_action"":0,""count_other"":0}";import;qa_ok_importar_found
0025333802;HOUSING;;;import;qa_ok_importar_found;true;1;12V4000M40A;1100343;412;"{""total_rows"":1,""count_ok_importar"":1,""count_ok_eliminar"":0,""count_pending"":0,""count_review_action"":0,""count_other"":0}";import;qa_ok_importar_found
0025336590;ADHESIVE LABEL WITH MTU-LOGO;20X47 MTU-LOGO GR.2;0.003 KGM;import;qa_ok_importar_found;true;1;12V4000M70;1904891;711;"{""total_rows"":1,""count_ok_importar"":1,""count_ok_eliminar"":0,""count_pending"":0,""count_review_action"":0,""count_other"":0}";import;qa_ok_importar_found
0031845301;OIL FILTER SPIN-ON;;2,200 KG AB;import;qa_ok_importar_found;true;1;12V4000M40A;1100360;198;"{""total_rows"":1,""count_ok_importar"":1,""count_ok_eliminar"":0,""count_pending"":0,""count_review_action"":0,""count_other"":0}";import;qa_ok_importar_found
0035311180;CABLE;VG95218 TEIL 61;0.018 KGM;import;qa_ok_importar_found;true;1;12V4000M40A;1100362;321;"{""total_rows"":1,""count_ok_importar"":1,""count_ok_eliminar"":0,""count_pending"":0,""count_review_action"":0,""count_other"":0}";import;qa_ok_importar_found
0035311960;DIODE FOR RELAY;230V;0.002 KGM;import;qa_ok_importar_found;true;1;16V4000M61;1301945;328;"{""total_rows"":1,""count_ok_importar"":1,""count_ok_eliminar"":0,""count_pending"":0,""count_review_action"":0,""count_other"":0}";import;qa_ok_importar_found
0035312680;CABLE;VG95218 TEIL 61;0.3 KGM;import;qa_ok_importar_found;true;1;12V4000M40A;1100363;321;"{""total_rows"":1,""count_ok_importar"":1,""count_ok_eliminar"":0,""count_pending"":0,""count_review_action"":0,""count_other"":0}";import;qa_ok_importar_found
0035312980;CABLE;2X2X0.75,VG95218,TEIL 62;0.099 KGM;import;qa_ok_importar_found;true;1;12V4000M40A;1100364;321;"{""total_rows"":1,""count_ok_importar"":1,""count_ok_eliminar"":0,""count_pending"":0,""count_review_action"":0,""count_other"":0}";import;qa_ok_importar_found
0035313080;CABLE;4X2X0.75,VG95218,TEIL 62;0.205 KGM;import;qa_ok_importar_found;true;1;12V4000M40A;1100365;321;"{""total_rows"":1,""count_ok_importar"":1,""count_ok_eliminar"":0,""count_pending"":0,""count_review_action"":0,""count_other"":0}";import;qa_ok_importar_found
0035319981;TERMINAL BOARD;2-STOCK, 2,5 MM, ORANGE,;0.006 KGM;import;qa_ok_importar_found;true;1;12V4000M40A;1100373;359;"{""total_rows"":1,""count_ok_importar"":1,""count_ok_eliminar"":0,""count_pending"":0,""count_review_action"":0,""count_other"":0}";import;qa_ok_importar_found
0035337089;IDENTIFICATION PLATE;47X135MM, BEDRUCKBAR 47X25MM;0.012 KGM;import;qa_ok_importar_found;true;1;12V4000M40A;1100375;348;"{""total_rows"":1,""count_ok_importar"":1,""count_ok_eliminar"":0,""count_pending"":0,""count_review_action"":0,""count_other"":0}";import;qa_ok_importar_found
0035351731;PRESSURE SENSOR;"G1/4""A,SW27,L=64,";;import;qa_ok_importar_found;true;1;12V4000M40A;1100376;345;"{""total_rows"":1,""count_ok_importar"":1,""count_ok_eliminar"":0,""count_pending"":0,""count_review_action"":0,""count_other"":0}";import;qa_ok_importar_found
0045315281;RETAINER FOR TERMINAL;B = 6 MM;0.003 KGM;import;qa_ok_importar_found;true;1;12V4000M40A;1100387;358;"{""total_rows"":1,""count_ok_importar"":1,""count_ok_eliminar"":0,""count_pending"":0,""count_review_action"":0,""count_other"":0}";import;qa_ok_importar_found
0045318081;TERMINAL;B = 10 MM;0.05 KGM;import;qa_ok_importar_found;true;1;12V4000M40A;1100391;319;"{""total_rows"":1,""count_ok_importar"":1,""count_ok_eliminar"":0,""count_pending"":0,""count_review_action"":0,""count_other"":0}";import;qa_ok_importar_found
0045358831;PRESSURE SENSOR 6 BAR RE;;;import;qa_ok_importar_found;true;1;12V4000M40A;1100396;225;"{""total_rows"":1,""count_ok_importar"":1,""count_ok_eliminar"":0,""count_pending"":0,""count_review_action"":0,""count_other"":0}";import;qa_ok_importar_found
0045358931;PRESSURE SENSOR;M14X1,5,SW=27,0-6BAR_RELATIV,;142,300 G;import;qa_ok_importar_found;true;1;12V4000M40A;1100398;328;"{""total_rows"":1,""count_ok_importar"":1,""count_ok_eliminar"":0,""count_pending"":0,""count_review_action"":0,""count_other"":0}";import;qa_ok_importar_found
0049976736;VALVE DRAIN;;0.125 KGM;import;qa_ok_importar_found;true;1;12V4000M40A;1100400;13;"{""total_rows"":1,""count_ok_importar"":1,""count_ok_eliminar"":0,""count_pending"":0,""count_review_action"":0,""count_other"":0}";import;qa_ok_importar_found
0049978190;CLAMP;;0.602 KGM;import;qa_ok_importar_found;true;1;12V4000M40A;1100403;135;"{""total_rows"":1,""count_ok_importar"":1,""count_ok_eliminar"":0,""count_pending"":0,""count_review_action"":0,""count_other"":0}";import;qa_ok_importar_found
0052031775;THERMAL ACTUATOR;;;import;qa_ok_importar_found;true;1;12V4000M53;1202209;264;"{""total_rows"":1,""count_ok_importar"":1,""count_ok_eliminar"":0,""count_pending"":0,""count_review_action"":0,""count_other"":0}";import;qa_ok_importar_found
0052031875;THERMAL ACTUATOR;;;import;qa_ok_importar_found;true;1;12V4000M40A;1100404;267;"{""total_rows"":1,""count_ok_importar"":1,""count_ok_eliminar"":0,""count_pending"":0,""count_review_action"":0,""count_other"":0}";import;qa_ok_importar_found
0055314081;TERMINAL;6-POL,R=5,08, GERADE, ORANGE;0.012 KGM;import;qa_ok_importar_found;true;1;16V4000M61;1302904;496;"{""total_rows"":1,""count_ok_importar"":1,""count_ok_eliminar"":0,""count_pending"":0,""count_review_action"":0,""count_other"":0}";import;qa_ok_importar_found
0055316883;CONNECTOR;JUMPER, 2,54MM RASTER, 3A, GN,;0.001 KGM;import;qa_ok_importar_found;true;1;12V4000M40A;1100409;371;"{""total_rows"":1,""count_ok_importar"":1,""count_ok_eliminar"":0,""count_pending"":0,""count_review_action"":0,""count_other"":0}";import;qa_ok_importar_found
0055345410;SWITCH;;;import;qa_ok_importar_found;true;1;12V4000M40A;1100421;378;"{""total_rows"":1,""count_ok_importar"":1,""count_ok_eliminar"":0,""count_pending"":0,""count_review_action"":0,""count_other"":0}";import;qa_ok_importar_found
0055351531;PRESSURE SENSOR;50 BAR RELATIV;429,500 G AB;import;qa_ok_importar_found;true;1;12V4000M40A;1100424;414;"{""total_rows"":1,""count_ok_importar"":1,""count_ok_eliminar"":0,""count_pending"":0,""count_review_action"":0,""count_other"":0}";import;qa_ok_importar_found
0065312481;TERMINAL;2X3POLIG, 125V/7,5A;0.003 KGM;import;qa_ok_importar_found;true;2;16V4000M90;1602608, 1602694;365, 388;"{""total_rows"":2,""count_ok_importar"":2,""count_ok_eliminar"":0,""count_pending"":0,""count_review_action"":0,""count_other"":0}";import;qa_ok_importar_found
0065312581;TERMINAL;;MN 2X4POLIG, 125V/7,5A;import;qa_ok_importar_found;true;1;16V4000M61;1302908;498;"{""total_rows"":1,""count_ok_importar"":1,""count_ok_eliminar"":0,""count_pending"":0,""count_review_action"":0,""count_other"":0}";import;qa_ok_importar_found
0065312781;SEPARABLE CONNECTOR 20POL.;125V/7,5A;;import;qa_ok_importar_found;true;1;16V4000M90;1602582;357;"{""total_rows"":1,""count_ok_importar"":1,""count_ok_eliminar"":0,""count_pending"":0,""count_review_action"":0,""count_other"":0}";import;qa_ok_importar_found
0065313225;CAPACITOR;;2,000 g;import;qa_ok_importar_found;true;1;12V4000M70;1902403;343;"{""total_rows"":1,""count_ok_importar"":1,""count_ok_eliminar"":0,""count_pending"":0,""count_review_action"":0,""count_other"":0}";import;qa_ok_importar_found
0065314481;TERMINAL;32X15,6X20,6, 2;;import;qa_ok_importar_found;true;1;16V4000M61;1302896;495;"{""total_rows"":1,""count_ok_importar"":1,""count_ok_eliminar"":0,""count_pending"":0,""count_review_action"":0,""count_other"":0}";import;qa_ok_importar_found
0075313780;CABLE;3XAWG18 WS NUMMERIERT;0.028 KGM;import;qa_ok_importar_found;true;1;12V4000M53;1206587;808;"{""total_rows"":1,""count_ok_importar"":1,""count_ok_eliminar"":0,""count_pending"":0,""count_review_action"":0,""count_other"":0}";import;qa_ok_importar_found
0075317780;CABLE;0,5 QMM WEISS;0.006 KGM;import;qa_ok_importar_found;true;1;16V4000M61;1302406;386;"{""total_rows"":1,""count_ok_importar"":1,""count_ok_eliminar"":0,""count_pending"":0,""count_review_action"":0,""count_other"":0}";import;qa_ok_importar_found
000084005170;SCREW;M 5 X 20;3.400 g M 5 X 20 DIN84;import;qa_ok_importar_found;true;1;16V4000M73;1403008;342;"{""total_rows"":1,""count_ok_importar"":1,""count_ok_eliminar"":0,""count_pending"":0,""count_review_action"":0,""count_other"":0}";import;qa_ok_importar_found
000084005194;SCREW;M 5 X 16;0.003 KGM;import;qa_ok_importar_found;true;1;12V4000M40A;1100436;337;"{""total_rows"":1,""count_ok_importar"":1,""count_ok_eliminar"":0,""count_pending"":0,""count_review_action"":0,""count_other"":0}";import;qa_ok_importar_found
000084005196;SCREW;M 5 X 12;0.003 KGM;import;qa_ok_importar_found;true;1;12V4000M40A;1100437;261;"{""total_rows"":1,""count_ok_importar"":1,""count_ok_eliminar"":0,""count_pending"":0,""count_review_action"":0,""count_other"":0}";import;qa_ok_importar_found
0085310180;CABLE;1,5 QMM SCHWARZ;0.001 KGM;import;qa_ok_importar_found;true;1;12V4000M40A;1100446;319;"{""total_rows"":1,""count_ok_importar"":1,""count_ok_eliminar"":0,""count_pending"":0,""count_review_action"":0,""count_other"":0}";import;qa_ok_importar_found
0085315583;CONTACT PIN;2,5QMM, STIFT, VERSILBERT;0.002 KGM;import;qa_ok_importar_found;true;1;12V4000M53;1206447;776;"{""total_rows"":1,""count_ok_importar"":1,""count_ok_eliminar"":0,""count_pending"":0,""count_review_action"":0,""count_other"":0}";import;qa_ok_importar_found
0095314348;INTEGRATED CIRCUIT;DIP-8, EEPROM_;;import;qa_ok_importar_found;true;1;12V4000M40A;1100450;360;"{""total_rows"":1,""count_ok_importar"":1,""count_ok_eliminar"":0,""count_pending"":0,""count_review_action"":0,""count_other"":0}";import;qa_ok_importar_found
0095314348/76;INTEGRATED CIRCUIT NOT ADJUSTED;;0.034 KGM;import;qa_ok_importar_found;true;1;12V4000M40A;1102389;362;"{""total_rows"":1,""count_ok_importar"":1,""count_ok_eliminar"":0,""count_pending"":0,""count_review_action"":0,""count_other"":0}";import;qa_ok_importar_found
0095316280;CABLE;7X2X0,75MM;0.302 KGM;import;qa_ok_importar_found;true;1;12V4000M53;1206577;803;"{""total_rows"":1,""count_ok_importar"":1,""count_ok_eliminar"":0,""count_pending"":0,""count_review_action"":0,""count_other"":0}";import;qa_ok_importar_found
0095319380;CABLE;2X1,5QMM;119,000 g AB;import;qa_ok_importar_found;true;1;12V4000M70;1905208;783;"{""total_rows"":1,""count_ok_importar"":1,""count_ok_eliminar"":0,""count_pending"":0,""count_review_action"":0,""count_other"":0}";import;qa_ok_importar_found
0095319780;CABLE;2X1,00QMM SW/RT /Ø1,8MM;2 KGM;import;qa_ok_importar_found;true;1;16V4000M90;1602221;307;"{""total_rows"":1,""count_ok_importar"":1,""count_ok_eliminar"":0,""count_pending"":0,""count_review_action"":0,""count_other"":0}";import;qa_ok_importar_found
0095319880;CABLE;;0.184 KGM;import;qa_ok_importar_found;true;1;12V4000M70;1905084;757;"{""total_rows"":1,""count_ok_importar"":1,""count_ok_eliminar"":0,""count_pending"":0,""count_review_action"":0,""count_other"":0}";import;qa_ok_importar_found
0095319980;CABLE;;500,000 g AB;import;qa_ok_importar_found;true;1;12V4000M70;1905055;752;"{""total_rows"":1,""count_ok_importar"":1,""count_ok_eliminar"":0,""count_pending"":0,""count_review_action"":0,""count_other"":0}";import;qa_ok_importar_found
0105310780;CABLE;;500,000 g;import;qa_ok_importar_found;true;1;12V4000M70;1905122;763;"{""total_rows"":1,""count_ok_importar"":1,""count_ok_eliminar"":0,""count_pending"":0,""count_review_action"":0,""count_other"":0}";import;qa_ok_importar_found
0105310980;CABLE;2X2,5QMM;0.13 KGM;import;qa_ok_importar_found;true;1;16V4000M90;1602615;369;"{""total_rows"":1,""count_ok_importar"":1,""count_ok_eliminar"":0,""count_pending"":0,""count_review_action"":0,""count_other"":0}";import;qa_ok_importar_found
0105311580;CABLE;1X2X0,75 QMM;0.07 KGM;import;qa_ok_importar_found;true;1;12V4000M53;1206465;781;"{""total_rows"":1,""count_ok_importar"":1,""count_ok_eliminar"":0,""count_pending"":0,""count_review_action"":0,""count_other"":0}";import;qa_ok_importar_found
0105311680;CABLE;;0.085 KGM;import;qa_ok_importar_found;true;1;12V4000M53;1206456;778;"{""total_rows"":1,""count_ok_importar"":1,""count_ok_eliminar"":0,""count_pending"":0,""count_review_action"":0,""count_other"":0}";import;qa_ok_importar_found
0105311780;CABLE;;187,600 g;import;qa_ok_importar_found;true;1;12V4000M53;1206564;801;"{""total_rows"":1,""count_ok_importar"":1,""count_ok_eliminar"":0,""count_pending"":0,""count_review_action"":0,""count_other"":0}";import;qa_ok_importar_found
0105311980;CABLE;;999,000 g;import;qa_ok_importar_found;true;1;12V4000M53;1206526;797;"{""total_rows"":1,""count_ok_importar"":1,""count_ok_eliminar"":0,""count_pending"":0,""count_review_action"":0,""count_other"":0}";import;qa_ok_importar_found
0105314680;CABLE;8X2,5MM2, + 1X2X0,75MM;0.46 KGM;import;qa_ok_importar_found;true;4;16V4000M73L;1502758, 1502796, 1510984, 1511022;401, 404, 1598, 1601;"{""total_rows"":4,""count_ok_importar"":4,""count_ok_eliminar"":0,""count_pending"":0,""count_review_action"":0,""count_other"":0}";import;qa_ok_importar_found
000125003215;DISC;3;0.001 KGM;import;qa_ok_importar_found;true;1;16V4000M90;1602490;335;"{""total_rows"":1,""count_ok_importar"":1,""count_ok_eliminar"":0,""count_pending"":0,""count_review_action"":0,""count_other"":0}";import;qa_ok_importar_found
000125004317;DISC;4;0.001 KGM;import;qa_ok_importar_found;true;1;12V4000M40A;1100465;359;"{""total_rows"":1,""count_ok_importar"":1,""count_ok_eliminar"":0,""count_pending"":0,""count_review_action"":0,""count_other"":0}";import;qa_ok_importar_found
000125005322;DISC;5;0.001 KGM;import;qa_ok_importar_found;true;1;12V4000M40A;1100466;261;"{""total_rows"":1,""count_ok_importar"":1,""count_ok_eliminar"":0,""count_pending"":0,""count_review_action"":0,""count_other"":0}";import;qa_ok_importar_found
000125006431;WASHER;6;0.001 KGM;import;qa_ok_importar_found;true;1;12V4000M40A;1100476;31;"{""total_rows"":1,""count_ok_importar"":1,""count_ok_eliminar"":0,""count_pending"":0,""count_review_action"":0,""count_other"":0}";import;qa_ok_importar_found
000125008427;WASHER;8;0.001 KGM;import;qa_ok_importar_found;true;1;12V4000M40A;1100488;16;"{""total_rows"":1,""count_ok_importar"":1,""count_ok_eliminar"":0,""count_pending"":0,""count_review_action"":0,""count_other"":0}";import;qa_ok_importar_found
000125010521;WASHER;;4.000 g;import;qa_ok_importar_found;true;1;16V4000M73;1400763;126;"{""total_rows"":1,""count_ok_importar"":1,""count_ok_eliminar"":0,""count_pending"":0,""count_review_action"":0,""count_other"":0}";import;qa_ok_importar_found
000125010524;WASHER;10;0.003 KGM;import;qa_ok_importar_found;true;1;12V4000M40A;1100501;13;"{""total_rows"":1,""count_ok_importar"":1,""count_ok_eliminar"":0,""count_pending"":0,""count_review_action"":0,""count_other"":0}";import;qa_ok_importar_found
000125013012;WASHER;12;5,320 G MN;import;qa_ok_importar_found;true;1;12V4000M40A;1100521;36;"{""total_rows"":1,""count_ok_importar"":1,""count_ok_eliminar"":0,""count_pending"":0,""count_review_action"":0,""count_other"":0}";import;qa_ok_importar_found
000125017014;DISC;16;0.01 KGM;import;qa_ok_importar_found;true;1;12V4000M40A;1100534;55;"{""total_rows"":1,""count_ok_importar"":1,""count_ok_eliminar"":0,""count_pending"":0,""count_review_action"":0,""count_other"":0}";import;qa_ok_importar_found
000125021009;DISC;20;0.016 KGM;import;qa_ok_importar_found;true;1;12V4000M40A;1100538;301;"{""total_rows"":1,""count_ok_importar"":1,""count_ok_eliminar"":0,""count_pending"":0,""count_review_action"":0,""count_other"":0}";import;qa_ok_importar_found
000125027004;DISC;27;0.039 KGM;import;qa_ok_importar_found;true;4;16V4000M73L;1502047, 1505254, 1507711, 1510200;288, 774, 1116, 1451;"{""total_rows"":4,""count_ok_importar"":4,""count_ok_eliminar"":0,""count_pending"":0,""count_review_action"":0,""count_other"":0}";import;qa_ok_importar_found
000127006203;SPLIT WASHER;B 6;0.001 KGM;import;qa_ok_importar_found;true;1;16V4000M73;1401656;222;"{""total_rows"":1,""count_ok_importar"":1,""count_ok_eliminar"":0,""count_pending"":0,""count_review_action"":0,""count_other"":0}";import;qa_ok_importar_found
000127020202;SPRING WASHER;B 20;0.012 KGM;import;qa_ok_importar_found;true;6;20V4000M93, 20V4000M93L;1701830, 1705570, 1709309, 1713055, 1801983, 1805642;237, 633, 1029, 1425, 1348, 1728;"{""total_rows"":6,""count_ok_importar"":6,""count_ok_eliminar"":0,""count_pending"":0,""count_review_action"":0,""count_other"":0}";import;qa_ok_importar_found
000137006205;SPRING WASHER;B 6;0.001 KGM;import;qa_ok_importar_found;true;1;12V4000M40A;1100540;239;"{""total_rows"":1,""count_ok_importar"":1,""count_ok_eliminar"":0,""count_pending"":0,""count_review_action"":0,""count_other"":0}";import;qa_ok_importar_found
000137008203;WASHER SPRING B8;B 8;0.001 KGM;import;qa_ok_importar_found;true;1;12V4000M40A;1100541;97;"{""total_rows"":1,""count_ok_importar"":1,""count_ok_eliminar"":0,""count_pending"":0,""count_review_action"":0,""count_other"":0}";import;qa_ok_importar_found
000137010202;SPRING WASHER;B 10;0.001 KGM;import;qa_ok_importar_found;true;1;12V4000M40A;1100547;97;"{""total_rows"":1,""count_ok_importar"":1,""count_ok_eliminar"":0,""count_pending"":0,""count_review_action"":0,""count_other"":0}";import;qa_ok_importar_found
000137016201;SPRING WASHER;B 16;0.005 KGM;import;qa_ok_importar_found;true;1;12V4000M40A;1100549;219;"{""total_rows"":1,""count_ok_importar"":1,""count_ok_eliminar"":0,""count_pending"":0,""count_review_action"":0,""count_other"":0}";import;qa_ok_importar_found
0155315283;BAYONET COUPLING;;;import;qa_ok_importar_found;true;1;16V4000M61;1302035;340;"{""total_rows"":1,""count_ok_importar"":1,""count_ok_eliminar"":0,""count_pending"":0,""count_review_action"":0,""count_other"":0}";import;qa_ok_importar_found
0165313583;BLANKING PLUG;SYSTEM 2,5MM / 2,8MM;0.001 KGM;import;qa_ok_importar_found;true;1;12V4000M40A;1100563;347;"{""total_rows"":1,""count_ok_importar"":1,""count_ok_eliminar"":0,""count_pending"":0,""count_review_action"":0,""count_other"":0}";import;qa_ok_importar_found
0165315783;MALE CONNECTOR;GR.20, 41-POL. W PIN 1QMM;0.055 KGM;import;qa_ok_importar_found;true;1;16V4000M61;1302058;341;"{""total_rows"":1,""count_ok_importar"":1,""count_ok_eliminar"":0,""count_pending"":0,""count_review_action"":0,""count_other"":0}";import;qa_ok_importar_found
0165315983;MALE CONNECTOR;GR.16, 26-POL. N PIN 1QMM;0.039 KGM;import;qa_ok_importar_found;true;1;12V4000M70;1902385;336;"{""total_rows"":1,""count_ok_importar"":1,""count_ok_eliminar"":0,""count_pending"":0,""count_review_action"":0,""count_other"":0}";import;qa_ok_importar_found
0172507801;COUPLING;;160 KGM;import;qa_ok_importar_found;true;1;16V4000M90;1602025;279;"{""total_rows"":1,""count_ok_importar"":1,""count_ok_eliminar"":0,""count_pending"":0,""count_review_action"":0,""count_other"":0}";import;qa_ok_importar_found
0172507801/31;COUPLING;;172 KGM;import;qa_ok_importar_found;true;1;16V4000M61;1301798;290;"{""total_rows"":1,""count_ok_importar"":1,""count_ok_eliminar"":0,""count_pending"":0,""count_review_action"":0,""count_other"":0}";import;qa_ok_importar_found
0175311083;HOUSING;GR.6 EMV M25 GERADE;0.125 KGM;import;qa_ok_importar_found;true;1;12V4000M53;1206438;774;"{""total_rows"":1,""count_ok_importar"":1,""count_ok_eliminar"":0,""count_pending"":0,""count_review_action"":0,""count_other"":0}";import;qa_ok_importar_found
0180943002;AIR FILTER;;6.35 KGM;import;qa_ok_importar_found;true;1;12V4000M40A;1100571;138;"{""total_rows"":1,""count_ok_importar"":1,""count_ok_eliminar"":0,""count_pending"":0,""count_review_action"":0,""count_other"":0}";import;qa_ok_importar_found
0185313083;SINGLE-CORE INSUL;1,20-2,1MM/MCP2,8 Ø1,5MM/HB;0.001 KGM;import;qa_ok_importar_found;true;1;12V4000M53;1202769;331;"{""total_rows"":1,""count_ok_importar"":1,""count_ok_eliminar"":0,""count_pending"":0,""count_review_action"":0,""count_other"":0}";import;qa_ok_importar_found
0299976748;O-RING;;14,200 G;import;qa_ok_importar_found;true;1;12V4000M40A;1100579;154;"{""total_rows"":1,""count_ok_importar"":1,""count_ok_eliminar"":0,""count_pending"":0,""count_review_action"":0,""count_other"":0}";import;qa_ok_importar_found
000439008201;NUT M8 04-2 DIN439;B M 8;0.003 KGM;import;qa_ok_importar_found;true;1;12V4000M40A;1100581;359;"{""total_rows"":1,""count_ok_importar"":1,""count_ok_eliminar"":0,""count_pending"":0,""count_review_action"":0,""count_other"":0}";import;qa_ok_importar_found
000439016201;NUT 04-2;B M 16 X 1,5;0.017 KGM;import;qa_ok_importar_found;true;1;12V4000M40A;1100584;74;"{""total_rows"":1,""count_ok_importar"":1,""count_ok_eliminar"":0,""count_pending"":0,""count_review_action"":0,""count_other"":0}";import;qa_ok_importar_found
000471020000;RING SNAP HV ZNPH R5 F;20 X 1,2;0.001 KGM;import;qa_ok_importar_found;true;1;12V4000M70;1900967;154;"{""total_rows"":1,""count_ok_importar"":1,""count_ok_eliminar"":0,""count_pending"":0,""count_review_action"":0,""count_other"":0}";import;qa_ok_importar_found
000471032000;RING SNAP HV ZNPH R5 F;32 X 1,5;0.003 KGM;import;qa_ok_importar_found;true;1;12V4000M40A;1100586;92;"{""total_rows"":1,""count_ok_importar"":1,""count_ok_eliminar"":0,""count_pending"":0,""count_review_action"":0,""count_other"":0}";import;qa_ok_importar_found
000472014000;RING SNAP;14 X 1;0.001 KGM;import;qa_ok_importar_found;true;1;12V4000M40A;1100588;227;"{""total_rows"":1,""count_ok_importar"":1,""count_ok_eliminar"":0,""count_pending"":0,""count_review_action"":0,""count_other"":0}";import;qa_ok_importar_found
000472028000;RING SNAP;28 X 1,2;0.001 KGM;import;qa_ok_importar_found;true;1;12V4000M40A;1100589;192;"{""total_rows"":1,""count_ok_importar"":1,""count_ok_eliminar"":0,""count_pending"":0,""count_review_action"":0,""count_other"":0}";import;qa_ok_importar_found
000472035000;SNAP RING;35 X 1,5;0.003 KGM;import;qa_ok_importar_found;true;1;16V4000M73;1400744;125;"{""total_rows"":1,""count_ok_importar"":1,""count_ok_eliminar"":0,""count_pending"":0,""count_review_action"":0,""count_other"":0}";import;qa_ok_importar_found
000472042000;RING SNAP;42 X 1,75;0.004 KGM;import;qa_ok_importar_found;true;1;12V4000M40A;1100590;200;"{""total_rows"":1,""count_ok_importar"":1,""count_ok_eliminar"":0,""count_pending"":0,""count_review_action"":0,""count_other"":0}";import;qa_ok_importar_found
000472048000;RING SNAP;48 X 1,75;0.007 KGM;import;qa_ok_importar_found;true;1;12V4000M40A;1100591;37;"{""total_rows"":1,""count_ok_importar"":1,""count_ok_eliminar"":0,""count_pending"":0,""count_review_action"":0,""count_other"":0}";import;qa_ok_importar_found
000472062000;RING SNAP;62 X 2;11,800 g 62 X 2 DIN472;import;qa_ok_importar_found;true;1;12V4000M53;1202349;284;"{""total_rows"":1,""count_ok_importar"":1,""count_ok_eliminar"":0,""count_pending"":0,""count_review_action"":0,""count_other"":0}";import;qa_ok_importar_found
000472068000;RING SNAP;68 X 2,5;0.017 KGM;import;qa_ok_importar_found;true;1;12V4000M40A;1100592;58;"{""total_rows"":1,""count_ok_importar"":1,""count_ok_eliminar"":0,""count_pending"":0,""count_review_action"":0,""count_other"":0}";import;qa_ok_importar_found
000472080000;RING SNAP;80 X 2,5;0.023 KGM;import;qa_ok_importar_found;true;1;12V4000M40A;1100593;247;"{""total_rows"":1,""count_ok_importar"":1,""count_ok_eliminar"":0,""count_pending"":0,""count_review_action"":0,""count_other"":0}";import;qa_ok_importar_found
000580008001;EYE BOLT;;56.000 g;import;qa_ok_importar_found;true;1;16V4000M73;1400765;126;"{""total_rows"":1,""count_ok_importar"":1,""count_ok_eliminar"":0,""count_pending"":0,""count_review_action"":0,""count_other"":0}";import;qa_ok_importar_found
000835008061;STUD;M 8 X 20;0.011 KGM;import;qa_ok_importar_found;true;1;12V4000M40A;1100595;29;"{""total_rows"":1,""count_ok_importar"":1,""count_ok_eliminar"":0,""count_pending"":0,""count_review_action"":0,""count_other"":0}";import;qa_ok_importar_found
000835008086;STUD;M 8 X 25;0.013 KGM;import;qa_ok_importar_found;true;1;12V4000M53;1200012;22;"{""total_rows"":1,""count_ok_importar"":1,""count_ok_eliminar"":0,""count_pending"":0,""count_review_action"":0,""count_other"":0}";import;qa_ok_importar_found
000835010056;STUD;M 10 X 25;0.002 KGM;import;qa_ok_importar_found;true;1;12V4000M53;1200013;22;"{""total_rows"":1,""count_ok_importar"":1,""count_ok_eliminar"":0,""count_pending"":0,""count_review_action"":0,""count_other"":0}";import;qa_ok_importar_found
000835010062;STUD;M 10 X 20;0.02 KGM;import;qa_ok_importar_found;true;1;12V4000M40A;1100598;105;"{""total_rows"":1,""count_ok_importar"":1,""count_ok_eliminar"":0,""count_pending"":0,""count_review_action"":0,""count_other"":0}";import;qa_ok_importar_found
000835012014;STUD;M 12 X 75;0.078 KGM;import;qa_ok_importar_found;true;1;16V4000M73;1401709;227;"{""total_rows"":1,""count_ok_importar"":1,""count_ok_eliminar"":0,""count_pending"":0,""count_review_action"":0,""count_other"":0}";import;qa_ok_importar_found
000908010002;SCREWED PLUG;M 10 X 1;0.006 KGM;import;qa_ok_importar_found;true;1;12V4000M40A;1100599;135;"{""total_rows"":1,""count_ok_importar"":1,""count_ok_eliminar"":0,""count_pending"":0,""count_review_action"":0,""count_other"":0}";import;qa_ok_importar_found
000908012003;THREAD PLUG;M 12 X 1,5;0.012 KGM;import;qa_ok_importar_found;true;1;12V4000M40A;1100600;20;"{""total_rows"":1,""count_ok_importar"":1,""count_ok_eliminar"":0,""count_pending"":0,""count_review_action"":0,""count_other"":0}";import;qa_ok_importar_found
000908014001;SCREW PLUG;M 14 X 1,5;0.017 KGM;import;qa_ok_importar_found;true;1;12V4000M40A;1100602;105;"{""total_rows"":1,""count_ok_importar"":1,""count_ok_eliminar"":0,""count_pending"":0,""count_review_action"":0,""count_other"":0}";import;qa_ok_importar_found
000908016001;THREADED PLUG;M 16 X 1,5;0,020 kg M 16 X 1,5 DIN908;import;qa_ok_importar_found;true;1;12V4000M53;1202024;242;"{""total_rows"":1,""count_ok_importar"":1,""count_ok_eliminar"":0,""count_pending"":0,""count_review_action"":0,""count_other"":0}";import;qa_ok_importar_found
000908016005;PLUG;M 16 X 1,5;0,018 kg M 16 X 1,5 DIN908;import;qa_ok_importar_found;true;1;12V4000M53;1202320;278;"{""total_rows"":1,""count_ok_importar"":1,""count_ok_eliminar"":0,""count_pending"":0,""count_review_action"":0,""count_other"":0}";import;qa_ok_importar_found
000908018002;PLUG;M 18 X 1,5;0.029 KGM;import;qa_ok_importar_found;true;1;12V4000M40A;1100612;30;"{""total_rows"":1,""count_ok_importar"":1,""count_ok_eliminar"":0,""count_pending"":0,""count_review_action"":0,""count_other"":0}";import;qa_ok_importar_found
000908020000;PLUG;M 20 X 1,5;0.039 KGM;import;qa_ok_importar_found;true;1;12V4000M40A;1100617;27;"{""total_rows"":1,""count_ok_importar"":1,""count_ok_eliminar"":0,""count_pending"":0,""count_review_action"":0,""count_other"":0}";import;qa_ok_importar_found
000908020001;PLUG;M 20 X 1,5;0.038 KGM;import;qa_ok_importar_found;true;1;12V4000M40A;1100619;287;"{""total_rows"":1,""count_ok_importar"":1,""count_ok_eliminar"":0,""count_pending"":0,""count_review_action"":0,""count_other"":0}";import;qa_ok_importar_found
000908022001;PLUG;M 22 X 1,5;0.048 KGM;import;qa_ok_importar_found;true;1;12V4000M40A;1100620;157;"{""total_rows"":1,""count_ok_importar"":1,""count_ok_eliminar"":0,""count_pending"":0,""count_review_action"":0,""count_other"":0}";import;qa_ok_importar_found
000908026005;THREAD PLUG;M 26 X 1,5;0.07 KGM;import;qa_ok_importar_found;true;1;12V4000M40A;1100621;36;"{""total_rows"":1,""count_ok_importar"":1,""count_ok_eliminar"":0,""count_pending"":0,""count_review_action"":0,""count_other"":0}";import;qa_ok_importar_found
000908030002;THREAD PLUG;M 30 X 1,5;0.085 KGM;import;qa_ok_importar_found;true;1;12V4000M40A;1100624;246;"{""total_rows"":1,""count_ok_importar"":1,""count_ok_eliminar"":0,""count_pending"":0,""count_review_action"":0,""count_other"":0}";import;qa_ok_importar_found
000908036007;PLUG;M 36 X 1,5;0.137 KGM;import;qa_ok_importar_found;true;1;16V4000M73;1401985;253;"{""total_rows"":1,""count_ok_importar"":1,""count_ok_eliminar"":0,""count_pending"":0,""count_review_action"":0,""count_other"":0}";import;qa_ok_importar_found
000908038000;THREAD PLUG;M 38 X 1,5;0.151 KGM;import;qa_ok_importar_found;true;1;12V4000M40A;1100627;36;"{""total_rows"":1,""count_ok_importar"":1,""count_ok_eliminar"":0,""count_pending"":0,""count_review_action"":0,""count_other"":0}";import;qa_ok_importar_found
000908038003;PLUG;M 38 X 1,5;0.143 KGM;import;qa_ok_importar_found;true;1;12V4000M40A;1100631;279;"{""total_rows"":1,""count_ok_importar"":1,""count_ok_eliminar"":0,""count_pending"":0,""count_review_action"":0,""count_other"":0}";import;qa_ok_importar_found
000908042001;THREAD PLUG;M 42 X 1,5;0.182 KGM;import;qa_ok_importar_found;true;1;12V4000M53;1200898;129;"{""total_rows"":1,""count_ok_importar"":1,""count_ok_eliminar"":0,""count_pending"":0,""count_review_action"":0,""count_other"":0}";import;qa_ok_importar_found
000908045005;PLUG;M 45 X 1,5;0.2 KGM;import;qa_ok_importar_found;true;1;12V4000M40A;1100633;231;"{""total_rows"":1,""count_ok_importar"":1,""count_ok_eliminar"":0,""count_pending"":0,""count_review_action"":0,""count_other"":0}";import;qa_ok_importar_found
000908048004;THREAD PLUG;M 48 X 1,5;0.236 KGM;import;qa_ok_importar_found;true;1;12V4000M53;1202180;262;"{""total_rows"":1,""count_ok_importar"":1,""count_ok_eliminar"":0,""count_pending"":0,""count_review_action"":0,""count_other"":0}";import;qa_ok_importar_found
000908052003;THREAD PLUG;M 52 X 1,5;0.293 KGM;import;qa_ok_importar_found;true;1;12V4000M40A;1100634;37;"{""total_rows"":1,""count_ok_importar"":1,""count_ok_eliminar"":0,""count_pending"":0,""count_review_action"":0,""count_other"":0}";import;qa_ok_importar_found
000908056000;PLUG;M 56 X 2;0,368 kg M 56 X 2 DIN908;import;qa_ok_importar_found;true;1;12V4000M53;1201468;203;"{""total_rows"":1,""count_ok_importar"":1,""count_ok_eliminar"":0,""count_pending"":0,""count_review_action"":0,""count_other"":0}";import;qa_ok_importar_found
000908064000;PLUG;M 64 X 2;0.506 KGM;import;qa_ok_importar_found;true;1;12V4000M53;1201222;164;"{""total_rows"":1,""count_ok_importar"":1,""count_ok_eliminar"":0,""count_pending"":0,""count_review_action"":0,""count_other"":0}";import;qa_ok_importar_found
000910012000;PLUG;M 12 X 1,5;0.021 KGM;import;qa_ok_importar_found;true;1;12V4000M40A;1100637;106;"{""total_rows"":1,""count_ok_importar"":1,""count_ok_eliminar"":0,""count_pending"":0,""count_review_action"":0,""count_other"":0}";import;qa_ok_importar_found
000910014004;PLUG;M 14 X 1,5;0.025 KGM;import;qa_ok_importar_found;true;1;12V4000M40A;1100638;65;"{""total_rows"":1,""count_ok_importar"":1,""count_ok_eliminar"":0,""count_pending"":0,""count_review_action"":0,""count_other"":0}";import;qa_ok_importar_found
000910018001;PLUG;M 18 X 1,5;0.047 KGM;import;qa_ok_importar_found;true;1;12V4000M40A;1100640;238;"{""total_rows"":1,""count_ok_importar"":1,""count_ok_eliminar"":0,""count_pending"":0,""count_review_action"":0,""count_other"":0}";import;qa_ok_importar_found
000910018003;PLUG;M 18 X 1,5;0.049 KGM;import;qa_ok_importar_found;true;1;12V4000M40A;1100641;97;"{""total_rows"":1,""count_ok_importar"":1,""count_ok_eliminar"":0,""count_pending"":0,""count_review_action"":0,""count_other"":0}";import;qa_ok_importar_found
000912005026;BOLT HEX SOC HD;M 5 X 16;3,400 g M 5 X 16 DIN912;import;qa_ok_importar_found;true;1;12V4000M53;1202640;314;"{""total_rows"":1,""count_ok_importar"":1,""count_ok_eliminar"":0,""count_pending"":0,""count_review_action"":0,""count_other"":0}";import;qa_ok_importar_found
000912006018;SCREW;M 6 X 20;6,200 g M 6 X 20 DIN912;import;qa_ok_importar_found;true;1;12V4000M53;1201277;171;"{""total_rows"":1,""count_ok_importar"":1,""count_ok_eliminar"":0,""count_pending"":0,""count_review_action"":0,""count_other"":0}";import;qa_ok_importar_found
000912006043;BOLT HEX SOC HD;M 6 X 30;0.008 KGM;import;qa_ok_importar_found;true;1;12V4000M53;1201065;149;"{""total_rows"":1,""count_ok_importar"":1,""count_ok_eliminar"":0,""count_pending"":0,""count_review_action"":0,""count_other"":0}";import;qa_ok_importar_found
000912006084;BOLT HEX SOC HD;M 6 X 16;0.006 KGM;import;qa_ok_importar_found;true;1;16V4000M73;1401646;222;"{""total_rows"":1,""count_ok_importar"":1,""count_ok_eliminar"":0,""count_pending"":0,""count_review_action"":0,""count_other"":0}";import;qa_ok_importar_found
000912008009;FILLISTER SCREW;M 8 X 20;0.013 KGM;import;qa_ok_importar_found;true;1;16V4000M73;1401780;234;"{""total_rows"":1,""count_ok_importar"":1,""count_ok_eliminar"":0,""count_pending"":0,""count_review_action"":0,""count_other"":0}";import;qa_ok_importar_found
000912008014;SOCKET HD. S;M 8 X 25;14,300 g M 8 X 25 DIN912;import;qa_ok_importar_found;true;1;12V4000M53;1200626;107;"{""total_rows"":1,""count_ok_importar"":1,""count_ok_eliminar"":0,""count_pending"":0,""count_review_action"":0,""count_other"":0}";import;qa_ok_importar_found
000912008019;BOLT HEX SOC HD;M 8 X 30;0.016 KGM;import;qa_ok_importar_found;true;1;12V4000M40A;1100645;216;"{""total_rows"":1,""count_ok_importar"":1,""count_ok_eliminar"":0,""count_pending"":0,""count_review_action"":0,""count_other"":0}";import;qa_ok_importar_found
000912008022;SCREW;M 8 X 35;0.017 KGM;import;qa_ok_importar_found;true;1;12V4000M53;1201980;240;"{""total_rows"":1,""count_ok_importar"":1,""count_ok_eliminar"":0,""count_pending"":0,""count_review_action"":0,""count_other"":0}";import;qa_ok_importar_found
000912008055;BOLT HEX SOC HD;M 8 X 25;0.014 KGM;import;qa_ok_importar_found;true;1;12V4000M53;1201533;213;"{""total_rows"":1,""count_ok_importar"":1,""count_ok_eliminar"":0,""count_pending"":0,""count_review_action"":0,""count_other"":0}";import;qa_ok_importar_found
000912008072;BOLT HEX SOC HD;M 8 X 45;0.021 KGM;import;qa_ok_importar_found;true;1;16V4000M73;1400660;116;"{""total_rows"":1,""count_ok_importar"":1,""count_ok_eliminar"":0,""count_pending"":0,""count_review_action"":0,""count_other"":0}";import;qa_ok_importar_found
000912008115;BOLT HEX SOC HD;M 8 X 16;0.011 KGM;import;qa_ok_importar_found;true;1;12V4000M40A;1100646;13;"{""total_rows"":1,""count_ok_importar"":1,""count_ok_eliminar"":0,""count_pending"":0,""count_review_action"":0,""count_other"":0}";import;qa_ok_importar_found
000912010038;SCREW;M 10 X 30;0.027 KGM;import;qa_ok_importar_found;true;1;12V4000M40A;1100647;22;"{""total_rows"":1,""count_ok_importar"":1,""count_ok_eliminar"":0,""count_pending"":0,""count_review_action"":0,""count_other"":0}";import;qa_ok_importar_found
000912010057;SCREW;M 10 X 45;0.035 KGM;import;qa_ok_importar_found;true;1;12V4000M40A;1100648;300;"{""total_rows"":1,""count_ok_importar"":1,""count_ok_eliminar"":0,""count_pending"":0,""count_review_action"":0,""count_other"":0}";import;qa_ok_importar_found
000912010064;BOLT HEX SOC HD;M 10 X 40;0.031 KGM;import;qa_ok_importar_found;true;1;12V4000M40A;1100649;200;"{""total_rows"":1,""count_ok_importar"":1,""count_ok_eliminar"":0,""count_pending"":0,""count_review_action"":0,""count_other"":0}";import;qa_ok_importar_found
000912010065;BOLT HEX SOC HD;M 10 X 25;0.024 KGM;import;qa_ok_importar_found;true;1;12V4000M40A;1100650;213;"{""total_rows"":1,""count_ok_importar"":1,""count_ok_eliminar"":0,""count_pending"":0,""count_review_action"":0,""count_other"":0}";import;qa_ok_importar_found
000912010066;BOLT HEX SOC HD;M 10 X 35;0.03 KGM;import;qa_ok_importar_found;true;1;12V4000M53;1201331;184;"{""total_rows"":1,""count_ok_importar"":1,""count_ok_eliminar"":0,""count_pending"":0,""count_review_action"":0,""count_other"":0}";import;qa_ok_importar_found
000912010118;SCREW;;85.500 g;import;qa_ok_importar_found;true;1;16V4000M73;1400726;124;"{""total_rows"":1,""count_ok_importar"":1,""count_ok_eliminar"":0,""count_pending"":0,""count_review_action"":0,""count_other"":0}";import;qa_ok_importar_found
000912012007;SCREW;M 12 X 30;0.039 KGM;import;qa_ok_importar_found;true;2;20V4000M93L;1801975, 1805634;1348, 1728;"{""total_rows"":2,""count_ok_importar"":2,""count_ok_eliminar"":0,""count_pending"":0,""count_review_action"":0,""count_other"":0}";import;qa_ok_importar_found
000912012068;BOLT HEX SOC HD;M 12 X 45;0.048 KGM;import;qa_ok_importar_found;true;2;20V4000M93L;1801979, 1805638;1348, 1728;"{""total_rows"":2,""count_ok_importar"":2,""count_ok_eliminar"":0,""count_pending"":0,""count_review_action"":0,""count_other"":0}";import;qa_ok_importar_found
000931008189;HEX SCREW;M 8 X 85;35,600 g M 8 X 85 DIN931;import;qa_ok_importar_found;true;1;12V4000M53;1200095;31;"{""total_rows"":1,""count_ok_importar"":1,""count_ok_eliminar"":0,""count_pending"":0,""count_review_action"":0,""count_other"":0}";import;qa_ok_importar_found
000931008227;HEX SCREW;M 8 X 55;0.024 KGM;import;qa_ok_importar_found;true;1;12V4000M40A;1100659;143;"{""total_rows"":1,""count_ok_importar"":1,""count_ok_eliminar"":0,""count_pending"":0,""count_review_action"":0,""count_other"":0}";import;qa_ok_importar_found
000931008241;HEX SCREW;M 8 X 75;0.032 KGM;import;qa_ok_importar_found;true;1;12V4000M40A;1100661;105;"{""total_rows"":1,""count_ok_importar"":1,""count_ok_eliminar"":0,""count_pending"":0,""count_review_action"":0,""count_other"":0}";import;qa_ok_importar_found
000931010105;HEX SCREW;M 10 X 60;0.044 KGM;import;qa_ok_importar_found;true;1;12V4000M40A;1100666;20;"{""total_rows"":1,""count_ok_importar"":1,""count_ok_eliminar"":0,""count_pending"":0,""count_review_action"":0,""count_other"":0}";import;qa_ok_importar_found
000931010111;HEX SCREW;M 10 X 65;0.047 KGM;import;qa_ok_importar_found;true;1;12V4000M40A;1100667;160;"{""total_rows"":1,""count_ok_importar"":1,""count_ok_eliminar"":0,""count_pending"":0,""count_review_action"":0,""count_other"":0}";import;qa_ok_importar_found
000931010169;HEX SCREW;M 10 X135;0.089 KGM;import;qa_ok_importar_found;true;2;20V4000M93L;1801307, 1804913;1282, 1659;"{""total_rows"":2,""count_ok_importar"":2,""count_ok_eliminar"":0,""count_pending"":0,""count_review_action"":0,""count_other"":0}";import;qa_ok_importar_found
000931010191;HEX SCREW;M 10 X180;0.114 KGM;import;qa_ok_importar_found;true;1;12V4000M40A;1100668;29;"{""total_rows"":1,""count_ok_importar"":1,""count_ok_eliminar"":0,""count_pending"":0,""count_review_action"":0,""count_other"":0}";import;qa_ok_importar_found
000931010230;HEX SCREW;M 10 X 65;0.047 KGM;import;qa_ok_importar_found;true;1;12V4000M40A;1100671;258;"{""total_rows"":1,""count_ok_importar"":1,""count_ok_eliminar"":0,""count_pending"":0,""count_review_action"":0,""count_other"":0}";import;qa_ok_importar_found
000931010237;HEX SCREW;M 10 X 90;0.061 KGM;import;qa_ok_importar_found;true;1;12V4000M40A;1100672;13;"{""total_rows"":1,""count_ok_importar"":1,""count_ok_eliminar"":0,""count_pending"":0,""count_review_action"":0,""count_other"":0}";import;qa_ok_importar_found
000931010247;HEX SCREW;M 10 X120;0.081 KGM;import;qa_ok_importar_found;true;1;12V4000M40A;1100673;267;"{""total_rows"":1,""count_ok_importar"":1,""count_ok_eliminar"":0,""count_pending"":0,""count_review_action"":0,""count_other"":0}";import;qa_ok_importar_found
000931010292;HEX SCREW;M 10 X110;0.07 KGM;import;qa_ok_importar_found;true;1;12V4000M40A;1100674;29;"{""total_rows"":1,""count_ok_importar"":1,""count_ok_eliminar"":0,""count_pending"":0,""count_review_action"":0,""count_other"":0}";import;qa_ok_importar_found
000931010315;HEX SCREW;M 10 X100;67,800 g M 10 X100 DIN931;import;qa_ok_importar_found;true;1;12V4000M53;1200106;31;"{""total_rows"":1,""count_ok_importar"":1,""count_ok_eliminar"":0,""count_pending"":0,""count_review_action"":0,""count_other"":0}";import;qa_ok_importar_found
000931010322;HEX SCREW;M 10 X190;0.12 KGM;import;qa_ok_importar_found;true;1;12V4000M40A;1100675;106;"{""total_rows"":1,""count_ok_importar"":1,""count_ok_eliminar"":0,""count_pending"":0,""count_review_action"":0,""count_other"":0}";import;qa_ok_importar_found
000931010332;HEX SCREW;M 10 X150;0.098 KGM;import;qa_ok_importar_found;true;1;12V4000M40A;1100677;80;"{""total_rows"":1,""count_ok_importar"":1,""count_ok_eliminar"":0,""count_pending"":0,""count_review_action"":0,""count_other"":0}";import;qa_ok_importar_found
000931010336;HEX SCREW;M 10 X130;0.085 KGM;import;qa_ok_importar_found;true;1;12V4000M40A;1100678;148;"{""total_rows"":1,""count_ok_importar"":1,""count_ok_eliminar"":0,""count_pending"":0,""count_review_action"":0,""count_other"":0}";import;qa_ok_importar_found
000931010345;HEX SCREW;M 10 X140;0.092 KGM;import;qa_ok_importar_found;true;1;12V4000M40A;1100680;143;"{""total_rows"":1,""count_ok_importar"":1,""count_ok_eliminar"":0,""count_pending"":0,""count_review_action"":0,""count_other"":0}";import;qa_ok_importar_found
000931012033;HEX SCREW;M 12 X 50;54,000 g M 12 X 50 DIN931;import;qa_ok_importar_found;true;1;12V4000M53;1202344;283;"{""total_rows"":1,""count_ok_importar"":1,""count_ok_eliminar"":0,""count_pending"":0,""count_review_action"":0,""count_other"":0}";import;qa_ok_importar_found
000931012052;HEX SCREW;M 12 X 70;0.072 KGM;import;qa_ok_importar_found;true;1;12V4000M40A;1100681;69;"{""total_rows"":1,""count_ok_importar"":1,""count_ok_eliminar"":0,""count_pending"":0,""count_review_action"":0,""count_other"":0}";import;qa_ok_importar_found
000931012091;HEX SCREW;M 12 X130;122.000 g M 12 X130 DIN931;import;qa_ok_importar_found;true;1;16V4000M73;1401541;209;"{""total_rows"":1,""count_ok_importar"":1,""count_ok_eliminar"":0,""count_pending"":0,""count_review_action"":0,""count_other"":0}";import;qa_ok_importar_found
000931012137;HEX SCREW;M 12 X 80;80,400 g M 12 X 80 DIN931;import;qa_ok_importar_found;true;1;12V4000M53;1202336;283;"{""total_rows"":1,""count_ok_importar"":1,""count_ok_eliminar"":0,""count_pending"":0,""count_review_action"":0,""count_other"":0}";import;qa_ok_importar_found
000931012143;HEX SCREW;M 12 X 70;0.073 KGM;import;qa_ok_importar_found;true;1;12V4000M40A;1100683;246;"{""total_rows"":1,""count_ok_importar"":1,""count_ok_eliminar"":0,""count_pending"":0,""count_review_action"":0,""count_other"":0}";import;qa_ok_importar_found
000931012148;HEX SCREW;M 12 X100;0.099 KGM;import;qa_ok_importar_found;true;1;12V4000M40A;1100685;213;"{""total_rows"":1,""count_ok_importar"":1,""count_ok_eliminar"":0,""count_pending"":0,""count_review_action"":0,""count_other"":0}";import;qa_ok_importar_found
000931012176;HEX SCREW;M 12 X150;0.14 KGM;import;qa_ok_importar_found;true;1;12V4000M40A;1100687;20;"{""total_rows"":1,""count_ok_importar"":1,""count_ok_eliminar"":0,""count_pending"":0,""count_review_action"":0,""count_other"":0}";import;qa_ok_importar_found
000931012213;HEX SCREW;M 12 X180;0.165 KGM;import;qa_ok_importar_found;true;1;12V4000M40A;1100689;36;"{""total_rows"":1,""count_ok_importar"":1,""count_ok_eliminar"":0,""count_pending"":0,""count_review_action"":0,""count_other"":0}";import;qa_ok_importar_found
000931016091;HEX SCREW;M 16 X180;0.302 KGM;import;qa_ok_importar_found;true;1;12V4000M40A;1100697;73;"{""total_rows"":1,""count_ok_importar"":1,""count_ok_eliminar"":0,""count_pending"":0,""count_review_action"":0,""count_other"":0}";import;qa_ok_importar_found
000933006088;HEX SCREW;M 6 X 20;0.006 KGM;import;qa_ok_importar_found;true;1;12V4000M70;1900947;154;"{""total_rows"":1,""count_ok_importar"":1,""count_ok_eliminar"":0,""count_pending"":0,""count_review_action"":0,""count_other"":0}";import;qa_ok_importar_found
000933006207;HEX SCREW;M 6 X 14;0.005 KGM;import;qa_ok_importar_found;true;1;12V4000M40A;1100700;260;"{""total_rows"":1,""count_ok_importar"":1,""count_ok_eliminar"":0,""count_pending"":0,""count_review_action"":0,""count_other"":0}";import;qa_ok_importar_found
000933008114;HEX SCREW;M 8 X 22;0.013 KGM;import;qa_ok_importar_found;true;1;12V4000M40A;1100707;22;"{""total_rows"":1,""count_ok_importar"":1,""count_ok_eliminar"":0,""count_pending"":0,""count_review_action"":0,""count_other"":0}";import;qa_ok_importar_found
000933008116;HEX SCREW;M 8 X 28;0.014 KGM;import;qa_ok_importar_found;true;1;12V4000M40A;1100709;135;"{""total_rows"":1,""count_ok_importar"":1,""count_ok_eliminar"":0,""count_pending"":0,""count_review_action"":0,""count_other"":0}";import;qa_ok_importar_found
000933010026;HEX SCREW;M 10 X 22;0.022 KGM;import;qa_ok_importar_found;true;1;12V4000M40A;1100713;160;"{""total_rows"":1,""count_ok_importar"":1,""count_ok_eliminar"":0,""count_pending"":0,""count_review_action"":0,""count_other"":0}";import;qa_ok_importar_found
000933010035;HEX SCREW;M 10 X 25;0.024 KGM;import;qa_ok_importar_found;true;1;12V4000M40A;1100714;15;"{""total_rows"":1,""count_ok_importar"":1,""count_ok_eliminar"":0,""count_pending"":0,""count_review_action"":0,""count_other"":0}";import;qa_ok_importar_found
000933010049;HEX SCREW;M 10 X 30;0.026 KGM;import;qa_ok_importar_found;true;1;12V4000M40A;1100724;251;"{""total_rows"":1,""count_ok_importar"":1,""count_ok_eliminar"":0,""count_pending"":0,""count_review_action"":0,""count_other"":0}";import;qa_ok_importar_found
000933010089;HEX SCREW;M 10 X 20;0.021 KGM;import;qa_ok_importar_found;true;1;12V4000M40A;1100725;13;"{""total_rows"":1,""count_ok_importar"":1,""count_ok_eliminar"":0,""count_pending"":0,""count_review_action"":0,""count_other"":0}";import;qa_ok_importar_found
000933010092;HEX SCREW;M 10 X 30;0.027 KGM;import;qa_ok_importar_found;true;1;12V4000M40A;1100726;154;"{""total_rows"":1,""count_ok_importar"":1,""count_ok_eliminar"":0,""count_pending"":0,""count_review_action"":0,""count_other"":0}";import;qa_ok_importar_found
000933010093;HEX SCREW;M 10 X 35;0.027 KGM;import;qa_ok_importar_found;true;1;12V4000M40A;1100728;13;"{""total_rows"":1,""count_ok_importar"":1,""count_ok_eliminar"":0,""count_pending"":0,""count_review_action"":0,""count_other"":0}";import;qa_ok_importar_found
000933010094;HEX SCREW;M 10 X 40;0.031 KGM;import;qa_ok_importar_found;true;1;12V4000M40A;1100734;198;"{""total_rows"":1,""count_ok_importar"":1,""count_ok_eliminar"":0,""count_pending"":0,""count_review_action"":0,""count_other"":0}";import;qa_ok_importar_found
000933010095;HEX SCREW;M 10 X 50;0.036 KGM;import;qa_ok_importar_found;true;1;12V4000M40A;1100739;29;"{""total_rows"":1,""count_ok_importar"":1,""count_ok_eliminar"":0,""count_pending"":0,""count_review_action"":0,""count_other"":0}";import;qa_ok_importar_found
000933010116;HEX SCREW;M 10 X 45;0.034 KGM;import;qa_ok_importar_found;true;1;12V4000M40A;1100742;105;"{""total_rows"":1,""count_ok_importar"":1,""count_ok_eliminar"":0,""count_pending"":0,""count_review_action"":0,""count_other"":0}";import;qa_ok_importar_found
000933010149;HEX SCREW;M 10 X 65;0.044 KGM;import;qa_ok_importar_found;true;1;12V4000M40A;1100745;258;"{""total_rows"":1,""count_ok_importar"":1,""count_ok_eliminar"":0,""count_pending"":0,""count_review_action"":0,""count_other"":0}";import;qa_ok_importar_found
000933010176;HEX SCREW;M 10 X 32;0.028 KGM;import;qa_ok_importar_found;true;1;12V4000M40A;1100747;162;"{""total_rows"":1,""count_ok_importar"":1,""count_ok_eliminar"":0,""count_pending"":0,""count_review_action"":0,""count_other"":0}";import;qa_ok_importar_found
000933010180;HEX SCREW;M 10 X 28;0.025 KGM;import;qa_ok_importar_found;true;1;12V4000M40A;1100748;224;"{""total_rows"":1,""count_ok_importar"":1,""count_ok_eliminar"":0,""count_pending"":0,""count_review_action"":0,""count_other"":0}";import;qa_ok_importar_found
000933010194;HEX SCREW;M 10 X 40;0.031 KGM;import;qa_ok_importar_found;true;1;12V4000M40A;1100750;72;"{""total_rows"":1,""count_ok_importar"":1,""count_ok_eliminar"":0,""count_pending"":0,""count_review_action"":0,""count_other"":0}";import;qa_ok_importar_found
000933010198;HEX SCREW;M 10 X 16;20,080 G M 10 X 16;import;qa_ok_importar_found;true;1;12V4000M40A;1100752;155;"{""total_rows"":1,""count_ok_importar"":1,""count_ok_eliminar"":0,""count_pending"":0,""count_review_action"":0,""count_other"":0}";import;qa_ok_importar_found
000933012038;HEX SCREW;M 12 X 65;0.063 KGM;import;qa_ok_importar_found;true;1;16V4000M73;1400556;100;"{""total_rows"":1,""count_ok_importar"":1,""count_ok_eliminar"":0,""count_pending"":0,""count_review_action"":0,""count_other"":0}";import;qa_ok_importar_found
000933012040;HEX SCREW;M 12 X 75;0.07 KGM;import;qa_ok_importar_found;true;1;12V4000M40A;1100754;115;"{""total_rows"":1,""count_ok_importar"":1,""count_ok_eliminar"":0,""count_pending"":0,""count_review_action"":0,""count_other"":0}";import;qa_ok_importar_found
000933012050;HEX SCREW;M 12 X 55;0.057 KGM;import;qa_ok_importar_found;true;1;12V4000M40A;1100759;104;"{""total_rows"":1,""count_ok_importar"":1,""count_ok_eliminar"":0,""count_pending"":0,""count_review_action"":0,""count_other"":0}";import;qa_ok_importar_found
000933012051;HEX SCREW;M 12 X 50;0.052 KGM;import;qa_ok_importar_found;true;1;12V4000M40A;1100762;69;"{""total_rows"":1,""count_ok_importar"":1,""count_ok_eliminar"":0,""count_pending"":0,""count_review_action"":0,""count_other"":0}";import;qa_ok_importar_found
000933012054;HEX SCREW;M 12 X 25;0.035 KGM;import;qa_ok_importar_found;true;1;12V4000M40A;1100772;213;"{""total_rows"":1,""count_ok_importar"":1,""count_ok_eliminar"":0,""count_pending"":0,""count_review_action"":0,""count_other"":0}";import;qa_ok_importar_found
000933012056;HEX SCREW;M 12 X 30;0.038 KGM;import;qa_ok_importar_found;true;1;12V4000M40A;1100774;34;"{""total_rows"":1,""count_ok_importar"":1,""count_ok_eliminar"":0,""count_pending"":0,""count_review_action"":0,""count_other"":0}";import;qa_ok_importar_found
000933012071;HEX SCREW;M 12 X 40;0.045 KGM;import;qa_ok_importar_found;true;1;12V4000M40A;1100776;158;"{""total_rows"":1,""count_ok_importar"":1,""count_ok_eliminar"":0,""count_pending"":0,""count_review_action"":0,""count_other"":0}";import;qa_ok_importar_found
000933012077;HEX SCREW;M 12 X 35;0.042 KGM;import;qa_ok_importar_found;true;1;12V4000M40A;1100780;224;"{""total_rows"":1,""count_ok_importar"":1,""count_ok_eliminar"":0,""count_pending"":0,""count_review_action"":0,""count_other"":0}";import;qa_ok_importar_found
000933012093;HEX SCREW;M 12 X 45;0.049 KGM;import;qa_ok_importar_found;true;1;12V4000M40A;1100782;115;"{""total_rows"":1,""count_ok_importar"":1,""count_ok_eliminar"":0,""count_pending"":0,""count_review_action"":0,""count_other"":0}";import;qa_ok_importar_found
000933012120;HEX SCREW;M 12 X 45;0.049 KGM;import;qa_ok_importar_found;true;1;12V4000M70;1902148;299;"{""total_rows"":1,""count_ok_importar"":1,""count_ok_eliminar"":0,""count_pending"":0,""count_review_action"":0,""count_other"":0}";import;qa_ok_importar_found
000933016003;HEX SCREW;M 16 X 25;68,700 g M 16 X 25 DIN933;import;qa_ok_importar_found;true;1;12V4000M53;1200126;35;"{""total_rows"":1,""count_ok_importar"":1,""count_ok_eliminar"":0,""count_pending"":0,""count_review_action"":0,""count_other"":0}";import;qa_ok_importar_found
000934003002;HEX NUT;M 3;0.001 KGM;import;qa_ok_importar_found;true;1;12V4000M40A;1100789;358;"{""total_rows"":1,""count_ok_importar"":1,""count_ok_eliminar"":0,""count_pending"":0,""count_review_action"":0,""count_other"":0}";import;qa_ok_importar_found
000934004013;NUT HEX S2000/4000;M 4;0.001 KGM;import;qa_ok_importar_found;true;1;12V4000M40A;1100791;357;"{""total_rows"":1,""count_ok_importar"":1,""count_ok_eliminar"":0,""count_pending"":0,""count_review_action"":0,""count_other"":0}";import;qa_ok_importar_found
000934005004;NUT HEX;M 5;0.001 KGM;import;qa_ok_importar_found;true;1;12V4000M40A;1100792;261;"{""total_rows"":1,""count_ok_importar"":1,""count_ok_eliminar"":0,""count_pending"":0,""count_review_action"":0,""count_other"":0}";import;qa_ok_importar_found
000934006006;NUT HEX;M 6;0.002 KGM;import;qa_ok_importar_found;true;1;12V4000M40A;1100805;152;"{""total_rows"":1,""count_ok_importar"":1,""count_ok_eliminar"":0,""count_pending"":0,""count_review_action"":0,""count_other"":0}";import;qa_ok_importar_found
000934008008;NUT HEX;M 8;0.005 KGM;import;qa_ok_importar_found;true;1;12V4000M40A;1100819;29;"{""total_rows"":1,""count_ok_importar"":1,""count_ok_eliminar"":0,""count_pending"":0,""count_review_action"":0,""count_other"":0}";import;qa_ok_importar_found
000934008013;NUT HEX;M 8;0.005 KGM;import;qa_ok_importar_found;true;1;12V4000M40A;1100825;122;"{""total_rows"":1,""count_ok_importar"":1,""count_ok_eliminar"":0,""count_pending"":0,""count_review_action"":0,""count_other"":0}";import;qa_ok_importar_found
000934010005;NUT HEX;M 10;0.01 KGM;import;qa_ok_importar_found;true;1;12V4000M40A;1100827;97;"{""total_rows"":1,""count_ok_importar"":1,""count_ok_eliminar"":0,""count_pending"":0,""count_review_action"":0,""count_other"":0}";import;qa_ok_importar_found
000934010007;NUT HEX;M 10;0.01 KGM;import;qa_ok_importar_found;true;1;12V4000M40A;1100829;55;"{""total_rows"":1,""count_ok_importar"":1,""count_ok_eliminar"":0,""count_pending"":0,""count_review_action"":0,""count_other"":0}";import;qa_ok_importar_found
000934012008;NUT HEX;M 12;0.016 KGM;import;qa_ok_importar_found;true;1;12V4000M40A;1100834;36;"{""total_rows"":1,""count_ok_importar"":1,""count_ok_eliminar"":0,""count_pending"":0,""count_review_action"":0,""count_other"":0}";import;qa_ok_importar_found
000934012010;NUT HEX;M 12;0.015 KGM;import;qa_ok_importar_found;true;1;12V4000M40A;1100841;304;"{""total_rows"":1,""count_ok_importar"":1,""count_ok_eliminar"":0,""count_pending"":0,""count_review_action"":0,""count_other"":0}";import;qa_ok_importar_found
000934012021;VPI - HEX NUT;;;import;qa_ok_importar_found;true;1;12V4000M70;1902131;296;"{""total_rows"":1,""count_ok_importar"":1,""count_ok_eliminar"":0,""count_pending"":0,""count_review_action"":0,""count_other"":0}";import;qa_ok_importar_found
000934016019;NUT HEX 8;M 16;0.028 KGM;import;qa_ok_importar_found;true;1;12V4000M40A;1100842;219;"{""total_rows"":1,""count_ok_importar"":1,""count_ok_eliminar"":0,""count_pending"":0,""count_review_action"":0,""count_other"":0}";import;qa_ok_importar_found
000934020000;NUT HEX;M 20;0.052 KGM;import;qa_ok_importar_found;true;1;12V4000M40A;1100845;295;"{""total_rows"":1,""count_ok_importar"":1,""count_ok_eliminar"":0,""count_pending"":0,""count_review_action"":0,""count_other"":0}";import;qa_ok_importar_found
000934022002;NUT HEX 10;M 22 X 1,5;0.065 KGM;import;qa_ok_importar_found;true;2;16V4000M73L;1507723, 1510212;1119, 1454;"{""total_rows"":2,""count_ok_importar"":2,""count_ok_eliminar"":0,""count_pending"":0,""count_review_action"":0,""count_other"":0}";import;qa_ok_importar_found
000939010009;STUD;M 10 X 30;20.700 g M 10 X 30 DIN939;import;qa_ok_importar_found;true;1;16V4000M73;1401198;175;"{""total_rows"":1,""count_ok_importar"":1,""count_ok_eliminar"":0,""count_pending"":0,""count_review_action"":0,""count_other"":0}";import;qa_ok_importar_found
000939010115;STUD;M 10 X 45;29,700 g M 10 X 45 DIN939;import;qa_ok_importar_found;true;1;12V4000M53;1201259;170;"{""total_rows"":1,""count_ok_importar"":1,""count_ok_eliminar"":0,""count_pending"":0,""count_review_action"":0,""count_other"":0}";import;qa_ok_importar_found
000939012023;STUD;M 12 X 30;0.033 KGM;import;qa_ok_importar_found;true;1;12V4000M40A;1100848;36;"{""total_rows"":1,""count_ok_importar"":1,""count_ok_eliminar"":0,""count_pending"":0,""count_review_action"":0,""count_other"":0}";import;qa_ok_importar_found
000939012098;STUD;M 12 X 35;0.036 KGM;import;qa_ok_importar_found;true;6;20V4000M93, 20V4000M93L;1701817, 1705556, 1709296, 1713042, 1801970, 1805629;237, 633, 1029, 1425, 1348, 1728;"{""total_rows"":6,""count_ok_importar"":6,""count_ok_eliminar"":0,""count_pending"":0,""count_review_action"":0,""count_other"":0}";import;qa_ok_importar_found
000988020019;RING SHIM;20 X 28 X 2;0.001 KGM;import;qa_ok_importar_found;true;1;12V4000M70;1900968;154;"{""total_rows"":1,""count_ok_importar"":1,""count_ok_eliminar"":0,""count_pending"":0,""count_review_action"":0,""count_other"":0}";import;qa_ok_importar_found
001481002017;PIN SPRING;2 X 8 - N;0.001 KGM;import;qa_ok_importar_found;true;1;12V4000M40A;1100855;76;"{""total_rows"":1,""count_ok_importar"":1,""count_ok_eliminar"":0,""count_pending"":0,""count_review_action"":0,""count_other"":0}";import;qa_ok_importar_found
001481004000;PIN SPRING;4 X 10 - N;0.001 KGM;import;qa_ok_importar_found;true;1;12V4000M40A;1100856;123;"{""total_rows"":1,""count_ok_importar"":1,""count_ok_eliminar"":0,""count_pending"":0,""count_review_action"":0,""count_other"":0}";import;qa_ok_importar_found
001481004029;SPRING PIN;4 X 6 - N;0.001 KGM;import;qa_ok_importar_found;true;2;20V4000M93L;1801473, 1805079;1294, 1671;"{""total_rows"":2,""count_ok_importar"":2,""count_ok_eliminar"":0,""count_pending"":0,""count_review_action"":0,""count_other"":0}";import;qa_ok_importar_found
001481005004;SPRING PIN;5 X 28 - N;0.002 KGM;import;qa_ok_importar_found;true;1;12V4000M53;1201108;152;"{""total_rows"":1,""count_ok_importar"":1,""count_ok_eliminar"":0,""count_pending"":0,""count_review_action"":0,""count_other"":0}";import;qa_ok_importar_found
3555420273;BUSHING FOR SPEED SENSOR;;0.006 KGM;import;qa_ok_importar_found;true;1;12V4000M53;1201041;149;"{""total_rows"":1,""count_ok_importar"":1,""count_ok_eliminar"":0,""count_pending"":0,""count_review_action"":0,""count_other"":0}";import;qa_ok_importar_found
5005317674;EPROM;;;import;qa_ok_importar_found;true;1;12V4000M40A;1100874;404;"{""total_rows"":1,""count_ok_importar"":1,""count_ok_eliminar"":0,""count_pending"":0,""count_review_action"":0,""count_other"":0}";import;qa_ok_importar_found
5005317674/77;EPROM ADJUSTED MEM7-01;MN EINGESTELLT KOMPL. M. MOTORDAT;10 G;import;qa_ok_importar_found;true;1;12V4000M40A;1102397;407;"{""total_rows"":1,""count_ok_importar"":1,""count_ok_eliminar"":0,""count_pending"":0,""count_review_action"":0,""count_other"":0}";import;qa_ok_importar_found
5005331346;FRAME F/PLUG-IN CIRC BOAR;155X101X92;0.16 KGM;import;qa_ok_importar_found;true;1;16V4000M61;1302437;393;"{""total_rows"":1,""count_ok_importar"":1,""count_ok_eliminar"":0,""count_pending"":0,""count_review_action"":0,""count_other"":0}";import;qa_ok_importar_found
5045300897;PLUG-IN BOARD;;27,000 g;import;qa_ok_importar_found;true;1;12V4000M70;1904944;718;"{""total_rows"":1,""count_ok_importar"":1,""count_ok_eliminar"":0,""count_pending"":0,""count_review_action"":0,""count_other"":0}";import;qa_ok_importar_found
5045300897/78;PLUG-IN CIRC.BOARD;;91.800 g MN;import;qa_ok_importar_found;true;1;16V4000M90;1602521;340;"{""total_rows"":1,""count_ok_importar"":1,""count_ok_eliminar"":0,""count_pending"":0,""count_review_action"":0,""count_other"":0}";import;qa_ok_importar_found
5045309892;PLUG-IN BOARD;IIB 1-01;15 G;import;qa_ok_importar_found;true;1;12V4000M40A;1100886;360;"{""total_rows"":1,""count_ok_importar"":1,""count_ok_eliminar"":0,""count_pending"":0,""count_review_action"":0,""count_other"":0}";import;qa_ok_importar_found
5045309892/78;PLUG-IN CIRC.BOARD;;0.026 KGM;import;qa_ok_importar_found;true;1;12V4000M40A;1102398;366;"{""total_rows"":1,""count_ok_importar"":1,""count_ok_eliminar"":0,""count_pending"":0,""count_review_action"":0,""count_other"":0}";import;qa_ok_importar_found
5105301973;INDICATOR FOR CONTROL STAND;WENDEGETRIEBE, BR 183/2000;0.21 KGM;import;qa_ok_importar_found;true;1;16V4000M90;1602696;389;"{""total_rows"":1,""count_ok_importar"":1,""count_ok_eliminar"":0,""count_pending"":0,""count_review_action"":0,""count_other"":0}";import;qa_ok_importar_found
5105306263/S0001;PANEL FOR CONTROL PANEL;;1,050 KG;import;qa_ok_importar_found;true;1;12V4000M40A;1102400;357;"{""total_rows"":1,""count_ok_importar"":1,""count_ok_eliminar"":0,""count_pending"":0,""count_review_action"":0,""count_other"":0}";import;qa_ok_importar_found
5105306662;PANEL MECHANICAL;;512 G;import;qa_ok_importar_found;true;1;12V4000M40A;1100893;373;"{""total_rows"":1,""count_ok_importar"":1,""count_ok_eliminar"":0,""count_pending"":0,""count_review_action"":0,""count_other"":0}";import;qa_ok_importar_found
5105306662/76;PANEL NOT ADJUSTED;;930 G;import;qa_ok_importar_found;true;1;12V4000M40A;1102401;374;"{""total_rows"":1,""count_ok_importar"":1,""count_ok_eliminar"":0,""count_pending"":0,""count_review_action"":0,""count_other"":0}";import;qa_ok_importar_found
5105385875/S0002;DISPLAY BRIDGE CONTROL STAN;;2,220 KG;import;qa_ok_importar_found;true;1;12V4000M40A;1102404;357;"{""total_rows"":1,""count_ok_importar"":1,""count_ok_eliminar"":0,""count_pending"":0,""count_review_action"":0,""count_other"":0}";import;qa_ok_importar_found
5110200612;THRUST BEARING;;0.142 KGM;import;qa_ok_importar_found;true;1;12V4000M40A;1100915;121;"{""total_rows"":1,""count_ok_importar"":1,""count_ok_eliminar"":0,""count_pending"":0,""count_review_action"":0,""count_other"":0}";import;qa_ok_importar_found
5110215314;COMPRESSOR HOUSING;;20,993 KGEM;import;qa_ok_importar_found;true;1;12V4000M40A;1100917;121;"{""total_rows"":1,""count_ok_importar"":1,""count_ok_eliminar"":0,""count_pending"":0,""count_review_action"":0,""count_other"":0}";import;qa_ok_importar_found
5110215414;COMPRESSOR HOUSING;;21.346 kg EM;import;qa_ok_importar_found;true;2;16V4000M90;1600798, 1600853;129, 135;"{""total_rows"":2,""count_ok_importar"":2,""count_ok_eliminar"":0,""count_pending"":0,""count_review_action"":0,""count_other"":0}";import;qa_ok_importar_found
5110215514;COMPRESSOR HOUSING;;20.95 KGM;import;qa_ok_importar_found;true;1;12V4000M70;1900782;130;"{""total_rows"":1,""count_ok_importar"":1,""count_ok_eliminar"":0,""count_pending"":0,""count_review_action"":0,""count_other"":0}";import;qa_ok_importar_found
5110215614;COMPRESSOR HOUSING;;20,480 KG EM;import;qa_ok_importar_found;true;1;16V4000M61;1300659;116;"{""total_rows"":1,""count_ok_importar"":1,""count_ok_eliminar"":0,""count_pending"":0,""count_review_action"":0,""count_other"":0}";import;qa_ok_importar_found
5110250002;COMPRESSOR WHEEL;;1.28 KGM;import;qa_ok_importar_found;true;1;12V4000M70;1900803;131;"{""total_rows"":1,""count_ok_importar"":1,""count_ok_eliminar"":0,""count_pending"":0,""count_review_action"":0,""count_other"":0}";import;qa_ok_importar_found
5110250052;WASHER;;8 G;import;qa_ok_importar_found;true;1;12V4000M40A;1100919;121;"{""total_rows"":1,""count_ok_importar"":1,""count_ok_eliminar"":0,""count_pending"":0,""count_review_action"":0,""count_other"":0}";import;qa_ok_importar_found
5110250202;COMPRESSOR WHEEL;;1.087 KGM;import;qa_ok_importar_found;true;1;12V4000M40A;1100921;122;"{""total_rows"":1,""count_ok_importar"":1,""count_ok_eliminar"":0,""count_pending"":0,""count_review_action"":0,""count_other"":0}";import;qa_ok_importar_found
5110250241;RETAINING RING;;0.824 KGM;import;qa_ok_importar_found;true;1;12V4000M40A;1100923;121;"{""total_rows"":1,""count_ok_importar"":1,""count_ok_eliminar"":0,""count_pending"":0,""count_review_action"":0,""count_other"":0}";import;qa_ok_importar_found
5110251976;WASHER;;0.068 KGM;import;qa_ok_importar_found;true;1;12V4000M40A;1100928;121;"{""total_rows"":1,""count_ok_importar"":1,""count_ok_eliminar"":0,""count_pending"":0,""count_review_action"":0,""count_other"":0}";import;qa_ok_importar_found
5110803720;TURBINE WHEEL;;4,469 KG EM;import;qa_ok_importar_found;true;1;12V4000M40A;1100930;121;"{""total_rows"":1,""count_ok_importar"":1,""count_ok_eliminar"":0,""count_pending"":0,""count_review_action"":0,""count_other"":0}";import;qa_ok_importar_found
5110813403;SHIELD HEAT TURBO;;1.36 KGM;import;qa_ok_importar_found;true;1;12V4000M40A;1100934;121;"{""total_rows"":1,""count_ok_importar"":1,""count_ok_eliminar"":0,""count_pending"":0,""count_review_action"":0,""count_other"":0}";import;qa_ok_importar_found
5110850560;RING SEAL FUER ABGASTURBOLADER;;5,700 g;import;qa_ok_importar_found;true;1;12V4000M53;1200878;128;"{""total_rows"":1,""count_ok_importar"":1,""count_ok_eliminar"":0,""count_pending"":0,""count_review_action"":0,""count_other"":0}";import;qa_ok_importar_found
5110850960;RING SEAL ASM;;5,910 G;import;qa_ok_importar_found;true;1;12V4000M40A;1100938;121;"{""total_rows"":1,""count_ok_importar"":1,""count_ok_eliminar"":0,""count_pending"":0,""count_review_action"":0,""count_other"":0}";import;qa_ok_importar_found
5185301585/76;CONTROL CONSOLE NOT ADJUSTED;;25 KG;import;qa_ok_importar_found;true;1;12V4000M40A;1102405;359;"{""total_rows"":1,""count_ok_importar"":1,""count_ok_eliminar"":0,""count_pending"":0,""count_review_action"":0,""count_other"":0}";import;qa_ok_importar_found
5185301585/77;CONTROL CONSOLE COMPLETE;;;import;qa_ok_importar_found;true;1;12V4000M40A;1102406;359;"{""total_rows"":1,""count_ok_importar"":1,""count_ok_eliminar"":0,""count_pending"":0,""count_review_action"":0,""count_other"":0}";import;qa_ok_importar_found
5185302185/S0004;CONTROL CONSOLE IN ENGINE ROOM;;;import;qa_ok_importar_found;true;1;12V4000M40A;1102407;353;"{""total_rows"":1,""count_ok_importar"":1,""count_ok_eliminar"":0,""count_pending"":0,""count_review_action"":0,""count_other"":0}";import;qa_ok_importar_found
5200180035;OIL SEPARATOR FILTER INSERT;FILTEREINSATZ OELABSCHEIDER;112,700 g FILTEREINSAT;import;qa_ok_importar_found;true;1;12V4000M70;1900168;44;"{""total_rows"":1,""count_ok_importar"":1,""count_ok_eliminar"":0,""count_pending"":0,""count_review_action"":0,""count_other"":0}";import;qa_ok_importar_found
5205301471;NUT;MAGNETDURCHM.16MM/M16X1,5LINKS;0.053 KGM;import;qa_ok_importar_found;true;1;12V4000M40A;1100951;122;"{""total_rows"":1,""count_ok_importar"":1,""count_ok_eliminar"":0,""count_pending"":0,""count_review_action"":0,""count_other"":0}";import;qa_ok_importar_found
5205304531;SENSOR FOR FUEL;;182,400 G;import;qa_ok_importar_found;true;1;12V4000M40A;1100954;345;"{""total_rows"":1,""count_ok_importar"":1,""count_ok_eliminar"":0,""count_pending"":0,""count_review_action"":0,""count_other"":0}";import;qa_ok_importar_found
5221530026;DAMPER;;0.153 KGM;import;qa_ok_importar_found;true;1;12V4000M53;1202420;303;"{""total_rows"":1,""count_ok_importar"":1,""count_ok_eliminar"":0,""count_pending"":0,""count_review_action"":0,""count_other"":0}";import;qa_ok_importar_found
5225460043;BRACKET L H:49;;0.061 KGM;import;qa_ok_importar_found;true;1;12V4000M40A;1100955;332;"{""total_rows"":1,""count_ok_importar"":1,""count_ok_eliminar"":0,""count_pending"":0,""count_review_action"":0,""count_other"":0}";import;qa_ok_importar_found
5240100264;OIL FILLER NECK BR4000;;4,280 KG;import;qa_ok_importar_found;true;1;12V4000M40A;1100956;17;"{""total_rows"":1,""count_ok_importar"":1,""count_ok_eliminar"":0,""count_pending"":0,""count_review_action"":0,""count_other"":0}";import;qa_ok_importar_found
5240100266;GUIDE TUBE;;3.39 KGM;import;qa_ok_importar_found;true;1;12V4000M40A;1100957;18;"{""total_rows"":1,""count_ok_importar"":1,""count_ok_eliminar"":0,""count_pending"":0,""count_review_action"":0,""count_other"":0}";import;qa_ok_importar_found
5240100267;PLATE GUARD RIGHT;;511,700 G;import;qa_ok_importar_found;true;1;12V4000M40A;1100958;26;"{""total_rows"":1,""count_ok_importar"":1,""count_ok_eliminar"":0,""count_pending"":0,""count_review_action"":0,""count_other"":0}";import;qa_ok_importar_found
5240100276;FLANGE;;0.448 KGM;import;qa_ok_importar_found;true;1;12V4000M40A;1100959;29;"{""total_rows"":1,""count_ok_importar"":1,""count_ok_eliminar"":0,""count_pending"":0,""count_review_action"":0,""count_other"":0}";import;qa_ok_importar_found
5240100367;PLATE GUARD LEFT;;0.494 KGM;import;qa_ok_importar_found;true;1;12V4000M40A;1100960;26;"{""total_rows"":1,""count_ok_importar"":1,""count_ok_eliminar"":0,""count_pending"":0,""count_review_action"":0,""count_other"":0}";import;qa_ok_importar_found
5240100467;GUARD PLATE BOTTOM;;0.12 KGM;import;qa_ok_importar_found;true;1;12V4000M40A;1100961;27;"{""total_rows"":1,""count_ok_importar"":1,""count_ok_eliminar"":0,""count_pending"":0,""count_review_action"":0,""count_other"":0}";import;qa_ok_importar_found
5240101672;OIL DIPSTICK;;0.207 KGM;import;qa_ok_importar_found;true;1;16V4000M61;1300053;17;"{""total_rows"":1,""count_ok_importar"":1,""count_ok_eliminar"":0,""count_pending"":0,""count_review_action"":0,""count_other"":0}";import;qa_ok_importar_found
5240101933;EQUIPMENT RACK;;201 KG;import;qa_ok_importar_found;true;1;12V4000M40A;1100962;36;"{""total_rows"":1,""count_ok_importar"":1,""count_ok_eliminar"":0,""count_pending"":0,""count_review_action"":0,""count_other"":0}";import;qa_ok_importar_found
5240102272;OIL DIPSTICK;;0.208 KGM;import;qa_ok_importar_found;true;1;12V4000M40A;1100963;18;"{""total_rows"":1,""count_ok_importar"":1,""count_ok_eliminar"":0,""count_pending"":0,""count_review_action"":0,""count_other"":0}";import;qa_ok_importar_found
5240103837;FLYWHEEL HOUSING;;264,500 KG;import;qa_ok_importar_found;true;1;12V4000M40A;1100964;26;"{""total_rows"":1,""count_ok_importar"":1,""count_ok_eliminar"":0,""count_pending"":0,""count_review_action"":0,""count_other"":0}";import;qa_ok_importar_found
5240106920;CYLINDER HEAD;;EM;import;qa_ok_importar_found;true;1;12V4000M40A;1100965;64;"{""total_rows"":1,""count_ok_importar"":1,""count_ok_eliminar"":0,""count_pending"":0,""count_review_action"":0,""count_other"":0}";import;qa_ok_importar_found
5240110111;CAP MAIN BEARING NAR ROW STD POSITION;;12,500 KG;import;qa_ok_importar_found;true;1;12V4000M40A;1100967;14;"{""total_rows"":1,""count_ok_importar"":1,""count_ok_eliminar"":0,""count_pending"":0,""count_review_action"":0,""count_other"":0}";import;qa_ok_importar_found
5240110440;FILLER PIECE STRIP;;2,900 KG;import;qa_ok_importar_found;true;1;12V4000M40A;1100970;13;"{""total_rows"":1,""count_ok_importar"":1,""count_ok_eliminar"":0,""count_pending"":0,""count_review_action"":0,""count_other"":0}";import;qa_ok_importar_found
5240110570;STUD;;1.09 KGM;import;qa_ok_importar_found;true;1;12V4000M40A;1100972;14;"{""total_rows"":1,""count_ok_importar"":1,""count_ok_eliminar"":0,""count_pending"":0,""count_review_action"":0,""count_other"":0}";import;qa_ok_importar_found
5240111380;GASKET;;0.03 KGM;import;qa_ok_importar_found;true;1;12V4000M40A;1100974;15;"{""total_rows"":1,""count_ok_importar"":1,""count_ok_eliminar"":0,""count_pending"":0,""count_review_action"":0,""count_other"":0}";import;qa_ok_importar_found
5240114210;CYLINDER LINER SIZE 0;;17,500 KG;import;qa_ok_importar_found;true;1;12V4000M40A;1100979;14;"{""total_rows"":1,""count_ok_importar"":1,""count_ok_eliminar"":0,""count_pending"":0,""count_review_action"":0,""count_other"":0}";import;qa_ok_importar_found
5240114410;CYLINDER LINER;;16,900 KG;import;qa_ok_importar_found;true;1;12V4000M40A;1100980;14;"{""total_rows"":1,""count_ok_importar"":1,""count_ok_eliminar"":0,""count_pending"":0,""count_review_action"":0,""count_other"":0}";import;qa_ok_importar_found
5240114510;CYLINDER LINER;;16,980 KG;import;qa_ok_importar_found;true;1;12V4000M40A;1100981;14;"{""total_rows"":1,""count_ok_importar"":1,""count_ok_eliminar"":0,""count_pending"":0,""count_review_action"":0,""count_other"":0}";import;qa_ok_importar_found
5240140815;PLATE GUARD;;0.273 KGM;import;qa_ok_importar_found;true;1;12V4000M40A;1100988;167;"{""total_rows"":1,""count_ok_importar"":1,""count_ok_eliminar"":0,""count_pending"":0,""count_review_action"":0,""count_other"":0}";import;qa_ok_importar_found
5240150271;PLUG DRAIN;M26X1,5;291,500 G;import;qa_ok_importar_found;true;1;12V4000M40A;1100989;37;"{""total_rows"":1,""count_ok_importar"":1,""count_ok_eliminar"":0,""count_pending"":0,""count_review_action"":0,""count_other"":0}";import;qa_ok_importar_found
5240150417;AXLE;;4.76 KGM;import;qa_ok_importar_found;true;1;12V4000M40A;1100991;37;"{""total_rows"":1,""count_ok_importar"":1,""count_ok_eliminar"":0,""count_pending"":0,""count_review_action"":0,""count_other"":0}";import;qa_ok_importar_found
5240151302;HOUSING FRONT;;;import;qa_ok_importar_found;true;1;12V4000M40A;1100993;37;"{""total_rows"":1,""count_ok_importar"":1,""count_ok_eliminar"":0,""count_pending"":0,""count_review_action"":0,""count_other"":0}";import;qa_ok_importar_found
5240160069;BOLT HEX CYL HD;M22X2X333;1.097 KGM;import;qa_ok_importar_found;true;1;12V4000M40A;1100994;64;"{""total_rows"":1,""count_ok_importar"":1,""count_ok_eliminar"":0,""count_pending"":0,""count_review_action"":0,""count_other"":0}";import;qa_ok_importar_found
5240160319;SEALING RING SIZE 0;;;import;qa_ok_importar_found;true;1;12V4000M40A;1100997;64;"{""total_rows"":1,""count_ok_importar"":1,""count_ok_eliminar"":0,""count_pending"":0,""count_review_action"":0,""count_other"":0}";import;qa_ok_importar_found
5240160321;GASKET;;0.016 KGM;import;qa_ok_importar_found;true;1;12V4000M40A;1100998;80;"{""total_rows"":1,""count_ok_importar"":1,""count_ok_eliminar"":0,""count_pending"":0,""count_review_action"":0,""count_other"":0}";import;qa_ok_importar_found
5240160905;CYLINDER HEAD COVER CHROMIUM-PLATED;;;import;qa_ok_importar_found;true;1;16V4000M61;1303355;585;"{""total_rows"":1,""count_ok_importar"":1,""count_ok_eliminar"":0,""count_pending"":0,""count_review_action"":0,""count_other"":0}";import;qa_ok_importar_found
5240161005;COVER CYLINDER HEAD;;1.94 KGM;import;qa_ok_importar_found;true;1;12V4000M40A;1100999;80;"{""total_rows"":1,""count_ok_importar"":1,""count_ok_eliminar"":0,""count_pending"":0,""count_review_action"":0,""count_other"":0}";import;qa_ok_importar_found
5240161580;GASKET FOR CYLINDER HEAD;;230 G;import;qa_ok_importar_found;true;1;12V4000M40A;1101000;64;"{""total_rows"":1,""count_ok_importar"":1,""count_ok_eliminar"":0,""count_pending"":0,""count_review_action"":0,""count_other"":0}";import;qa_ok_importar_found
5240311148;WHEEL MDEC TRS METER ING CRANKSHAFT;;2,220 KG EM;import;qa_ok_importar_found;true;1;12V4000M40A;1101005;48;"{""total_rows"":1,""count_ok_importar"":1,""count_ok_eliminar"":0,""count_pending"":0,""count_review_action"":0,""count_other"":0}";import;qa_ok_importar_found
5240320705;RING GEAR;;12,000 kg;import;qa_ok_importar_found;true;1;12V4000M53;1200379;61;"{""total_rows"":1,""count_ok_importar"":1,""count_ok_eliminar"":0,""count_pending"":0,""count_review_action"":0,""count_other"":0}";import;qa_ok_importar_found
5240332508;BEARING THRUST/0-0/UP/RIL/;;0.868 KGM;import;qa_ok_importar_found;true;1;12V4000M40A;1101006;45;"{""total_rows"":1,""count_ok_importar"":1,""count_ok_eliminar"":0,""count_pending"":0,""count_review_action"":0,""count_other"":0}";import;qa_ok_importar_found
5240332608;BEARING THRUST/0-1/UP/RIL/;;0.875 KGM;import;qa_ok_importar_found;true;1;12V4000M40A;1101007;45;"{""total_rows"":1,""count_ok_importar"":1,""count_ok_eliminar"":0,""count_pending"":0,""count_review_action"":0,""count_other"":0}";import;qa_ok_importar_found
5240332630;CRANKSHAFT BEARING AUX PTO END;;2.78 KGM;import;qa_ok_importar_found;true;1;12V4000M40A;1101008;37;"{""total_rows"":1,""count_ok_importar"":1,""count_ok_eliminar"":0,""count_pending"":0,""count_review_action"":0,""count_other"":0}";import;qa_ok_importar_found
5240332708;BEARING THRUST/0-2/UP/RIL/;;0.859 KGM;import;qa_ok_importar_found;true;1;12V4000M40A;1101009;45;"{""total_rows"":1,""count_ok_importar"":1,""count_ok_eliminar"":0,""count_pending"":0,""count_review_action"":0,""count_other"":0}";import;qa_ok_importar_found
5240332730;CRANKSHAFT BEARING DRIVING END (KS);;2.005 KGM;import;qa_ok_importar_found;true;1;12V4000M40A;1101010;27;"{""total_rows"":1,""count_ok_importar"":1,""count_ok_eliminar"":0,""count_pending"":0,""count_review_action"":0,""count_other"":0}";import;qa_ok_importar_found
5240332808;CRANKSHAFT ALIGN BRG SIZE 0-3;;0.912 KGM;import;qa_ok_importar_found;true;1;12V4000M40A;1101011;45;"{""total_rows"":1,""count_ok_importar"":1,""count_ok_eliminar"":0,""count_pending"":0,""count_review_action"":0,""count_other"":0}";import;qa_ok_importar_found
5240332908;BEARING THRUST/1-0/UP/RIL/;;0.75 KGM;import;qa_ok_importar_found;true;1;12V4000M40A;1101012;45;"{""total_rows"":1,""count_ok_importar"":1,""count_ok_eliminar"":0,""count_pending"":0,""count_review_action"":0,""count_other"":0}";import;qa_ok_importar_found
5240333008;BEARING THRUST/1-1/UP/RIL/;;0.96 KGM;import;qa_ok_importar_found;true;1;12V4000M40A;1101013;45;"{""total_rows"":1,""count_ok_importar"":1,""count_ok_eliminar"":0,""count_pending"":0,""count_review_action"":0,""count_other"":0}";import;qa_ok_importar_found
5240333108;BEARING THRUST/1-2/UP/RIL/;;0.96 KGM;import;qa_ok_importar_found;true;1;12V4000M40A;1101014;45;"{""total_rows"":1,""count_ok_importar"":1,""count_ok_eliminar"":0,""count_pending"":0,""count_review_action"":0,""count_other"":0}";import;qa_ok_importar_found
5240333208;BEARING THRUST/1-3/UP/RIL/;;0.965 KGM;import;qa_ok_importar_found;true;1;12V4000M40A;1101015;45;"{""total_rows"":1,""count_ok_importar"":1,""count_ok_eliminar"":0,""count_pending"":0,""count_review_action"":0,""count_other"":0}";import;qa_ok_importar_found
5240333307;BEARING THRUST/0-0/LO/SPT/;;1.02 KGM;import;qa_ok_importar_found;true;1;12V4000M40A;1101016;45;"{""total_rows"":1,""count_ok_importar"":1,""count_ok_eliminar"":0,""count_pending"":0,""count_review_action"":0,""count_other"":0}";import;qa_ok_importar_found
5240333407;BEARING THRUST/0-1/LO/SPT/;;1.17 KGM;import;qa_ok_importar_found;true;1;12V4000M40A;1101017;45;"{""total_rows"":1,""count_ok_importar"":1,""count_ok_eliminar"":0,""count_pending"":0,""count_review_action"":0,""count_other"":0}";import;qa_ok_importar_found
5240333507;BEARING THRUST/0-2/LO/SPT/;;1.26 KGM;import;qa_ok_importar_found;true;1;12V4000M40A;1101018;45;"{""total_rows"":1,""count_ok_importar"":1,""count_ok_eliminar"":0,""count_pending"":0,""count_review_action"":0,""count_other"":0}";import;qa_ok_importar_found
5240333607;CRANKSHAFT ALIGN BRG SIZE 0-3;;1.26 KGM;import;qa_ok_importar_found;true;1;12V4000M40A;1101019;45;"{""total_rows"":1,""count_ok_importar"":1,""count_ok_eliminar"":0,""count_pending"":0,""count_review_action"":0,""count_other"":0}";import;qa_ok_importar_found
5240333707;BEARING THRUST/1-0/LO/SPT/;;1.038 KGM;import;qa_ok_importar_found;true;1;12V4000M40A;1101020;45;"{""total_rows"":1,""count_ok_importar"":1,""count_ok_eliminar"":0,""count_pending"":0,""count_review_action"":0,""count_other"":0}";import;qa_ok_importar_found
5240333807;BEARING THRUST/1-1/LO/SPT/;;1.17 KGM;import;qa_ok_importar_found;true;1;12V4000M40A;1101021;45;"{""total_rows"":1,""count_ok_importar"":1,""count_ok_eliminar"":0,""count_pending"":0,""count_review_action"":0,""count_other"":0}";import;qa_ok_importar_found
5240333907;BEARING THRUST/1-2/LO/SPT/;;1.168 KGM;import;qa_ok_importar_found;true;1;12V4000M40A;1101022;45;"{""total_rows"":1,""count_ok_importar"":1,""count_ok_eliminar"":0,""count_pending"":0,""count_review_action"":0,""count_other"":0}";import;qa_ok_importar_found
5240334007;BEARING THRUST/1-3/LO/SPT/;;1.17 KGM;import;qa_ok_importar_found;true;1;12V4000M40A;1101023;45;"{""total_rows"":1,""count_ok_importar"":1,""count_ok_eliminar"":0,""count_pending"":0,""count_review_action"":0,""count_other"":0}";import;qa_ok_importar_found
5240336101;CRANKSHAFT BEARING UPPER HALF;;375 G;import;qa_ok_importar_found;true;1;12V4000M40A;1101032;45;"{""total_rows"":1,""count_ok_importar"":1,""count_ok_eliminar"":0,""count_pending"":0,""count_review_action"":0,""count_other"":0}";import;qa_ok_importar_found
5240336201;CRANKSHAFT BEARING SIZE 0-1;;;import;qa_ok_importar_found;true;1;12V4000M40A;1101033;46;"{""total_rows"":1,""count_ok_importar"":1,""count_ok_eliminar"":0,""count_pending"":0,""count_review_action"":0,""count_other"":0}";import;qa_ok_importar_found
5240336301;CRANKSHAFT BEARING SIZE 0-2;;0.422 KGM;import;qa_ok_importar_found;true;1;12V4000M40A;1101034;46;"{""total_rows"":1,""count_ok_importar"":1,""count_ok_eliminar"":0,""count_pending"":0,""count_review_action"":0,""count_other"":0}";import;qa_ok_importar_found
5240336401;CRANKSHAFT BEARING SIZE 0-3;;;import;qa_ok_importar_found;true;1;12V4000M40A;1101035;46;"{""total_rows"":1,""count_ok_importar"":1,""count_ok_eliminar"":0,""count_pending"":0,""count_review_action"":0,""count_other"":0}";import;qa_ok_importar_found
5240336501;CRANKSHAFT BEARING SIZE 1-0;;;import;qa_ok_importar_found;true;1;12V4000M40A;1101036;46;"{""total_rows"":1,""count_ok_importar"":1,""count_ok_eliminar"":0,""count_pending"":0,""count_review_action"":0,""count_other"":0}";import;qa_ok_importar_found
5240336601;CRANKSHAFT BEARING SIZE 1-1;;;import;qa_ok_importar_found;true;1;12V4000M40A;1101037;46;"{""total_rows"":1,""count_ok_importar"":1,""count_ok_eliminar"":0,""count_pending"":0,""count_review_action"":0,""count_other"":0}";import;qa_ok_importar_found
5240336602;CRANKSHAFT BEARING LOWER HALF;;0.507 KGM;import;qa_ok_importar_found;true;1;12V4000M40A;1101038;46;"{""total_rows"":1,""count_ok_importar"":1,""count_ok_eliminar"":0,""count_pending"":0,""count_review_action"":0,""count_other"":0}";import;qa_ok_importar_found
5240336701;CRANKSHAFT BEARING SIZE 1-2;;0.48 KGM;import;qa_ok_importar_found;true;1;12V4000M40A;1101039;46;"{""total_rows"":1,""count_ok_importar"":1,""count_ok_eliminar"":0,""count_pending"":0,""count_review_action"":0,""count_other"":0}";import;qa_ok_importar_found
5240336702;CRANKSHAFT BEARING SIZE 0-1;;0.533 KGM;import;qa_ok_importar_found;true;1;12V4000M40A;1101040;46;"{""total_rows"":1,""count_ok_importar"":1,""count_ok_eliminar"":0,""count_pending"":0,""count_review_action"":0,""count_other"":0}";import;qa_ok_importar_found
5240336801;CRANKSHAFT BEARING SIZE 1-3;;;import;qa_ok_importar_found;true;1;12V4000M40A;1101041;46;"{""total_rows"":1,""count_ok_importar"":1,""count_ok_eliminar"":0,""count_pending"":0,""count_review_action"":0,""count_other"":0}";import;qa_ok_importar_found
5240336802;CRANKSHAFT BEARING;;0.71 KGM;import;qa_ok_importar_found;true;1;12V4000M40A;1101042;46;"{""total_rows"":1,""count_ok_importar"":1,""count_ok_eliminar"":0,""count_pending"":0,""count_review_action"":0,""count_other"":0}";import;qa_ok_importar_found
5240336901;CRANKSHAFT BEARING SIZE 2-0;;0.42 KGM;import;qa_ok_importar_found;true;1;12V4000M40A;1101043;46;"{""total_rows"":1,""count_ok_importar"":1,""count_ok_eliminar"":0,""count_pending"":0,""count_review_action"":0,""count_other"":0}";import;qa_ok_importar_found
5240336902;CRANKSHAFT BEARING;;0.575 KGM;import;qa_ok_importar_found;true;1;12V4000M40A;1101044;46;"{""total_rows"":1,""count_ok_importar"":1,""count_ok_eliminar"":0,""count_pending"":0,""count_review_action"":0,""count_other"":0}";import;qa_ok_importar_found
5240337001;CRANKSHAFT BEARING SIZE 2-1;;;import;qa_ok_importar_found;true;1;12V4000M40A;1101045;46;"{""total_rows"":1,""count_ok_importar"":1,""count_ok_eliminar"":0,""count_pending"":0,""count_review_action"":0,""count_other"":0}";import;qa_ok_importar_found
5240337002;CRANKSHAFT BEARING SIZE 1-0;;0.531 KGM;import;qa_ok_importar_found;true;1;12V4000M40A;1101046;46;"{""total_rows"":1,""count_ok_importar"":1,""count_ok_eliminar"":0,""count_pending"":0,""count_review_action"":0,""count_other"":0}";import;qa_ok_importar_found
5240337101;CRANKSHAFT BEARING SIZE 2-2;;;import;qa_ok_importar_found;true;1;12V4000M40A;1101047;46;"{""total_rows"":1,""count_ok_importar"":1,""count_ok_eliminar"":0,""count_pending"":0,""count_review_action"":0,""count_other"":0}";import;qa_ok_importar_found
5240337102;CRANKSHAFT BEARING;;0.554 KGM;import;qa_ok_importar_found;true;1;12V4000M40A;1101048;46;"{""total_rows"":1,""count_ok_importar"":1,""count_ok_eliminar"":0,""count_pending"":0,""count_review_action"":0,""count_other"":0}";import;qa_ok_importar_found
5240337201;CRANKSHAFT BEARING SIZE 2-3;;;import;qa_ok_importar_found;true;1;12V4000M40A;1101049;46;"{""total_rows"":1,""count_ok_importar"":1,""count_ok_eliminar"":0,""count_pending"":0,""count_review_action"":0,""count_other"":0}";import;qa_ok_importar_found
5240337202;CRANKSHAFT BEARING;;0.577 KGM;import;qa_ok_importar_found;true;1;12V4000M40A;1101050;46;"{""total_rows"":1,""count_ok_importar"":1,""count_ok_eliminar"":0,""count_pending"":0,""count_review_action"":0,""count_other"":0}";import;qa_ok_importar_found
5240337302;CRANKSHAFT BEARING;;0.608 KGM;import;qa_ok_importar_found;true;1;12V4000M40A;1101051;46;"{""total_rows"":1,""count_ok_importar"":1,""count_ok_eliminar"":0,""count_pending"":0,""count_review_action"":0,""count_other"":0}";import;qa_ok_importar_found
5240382550;BUSHING CONROD SIZE 0;;0.302 KGM;import;qa_ok_importar_found;true;1;12V4000M40A;1101061;61;"{""total_rows"":1,""count_ok_importar"":1,""count_ok_eliminar"":0,""count_pending"":0,""count_review_action"":0,""count_other"":0}";import;qa_ok_importar_found
5240500145;THRUST MEMBER;;0.072 KGM;import;qa_ok_importar_found;true;1;12V4000M40A;1101066;74;"{""total_rows"":1,""count_ok_importar"":1,""count_ok_eliminar"":0,""count_pending"":0,""count_review_action"":0,""count_other"":0}";import;qa_ok_importar_found
5240500344;FLANGE ASM CAMSHAFT THRUST BEARING;;;import;qa_ok_importar_found;true;1;12V4000M40A;1101068;69;"{""total_rows"":1,""count_ok_importar"":1,""count_ok_eliminar"":0,""count_pending"":0,""count_review_action"":0,""count_other"":0}";import;qa_ok_importar_found
5240500433;ARM ROCKER INTAKE;;1.339 KGM;import;qa_ok_importar_found;true;1;12V4000M40A;1101069;73;"{""total_rows"":1,""count_ok_importar"":1,""count_ok_eliminar"":0,""count_pending"":0,""count_review_action"":0,""count_other"":0}";import;qa_ok_importar_found
5240500434;ARM ROCKER EXHAUST 1;;;import;qa_ok_importar_found;true;1;12V4000M40A;1101070;73;"{""total_rows"":1,""count_ok_importar"":1,""count_ok_eliminar"":0,""count_pending"":0,""count_review_action"":0,""count_other"":0}";import;qa_ok_importar_found
5240500436;ROCKER SHAFT SUPPORT 1;;;import;qa_ok_importar_found;true;1;12V4000M40A;1101071;73;"{""total_rows"":1,""count_ok_importar"":1,""count_ok_eliminar"":0,""count_pending"":0,""count_review_action"":0,""count_other"":0}";import;qa_ok_importar_found
5240500705;IDLER GEAR;;17,760 KG;import;qa_ok_importar_found;true;1;12V4000M40A;1101072;37;"{""total_rows"":1,""count_ok_importar"":1,""count_ok_eliminar"":0,""count_pending"":0,""count_review_action"":0,""count_other"":0}";import;qa_ok_importar_found
5240500930;PUSHROD;;600 G;import;qa_ok_importar_found;true;1;12V4000M40A;1101074;69;"{""total_rows"":1,""count_ok_importar"":1,""count_ok_eliminar"":0,""count_pending"":0,""count_review_action"":0,""count_other"":0}";import;qa_ok_importar_found
5240500933;RKR ARM ASM INTAKE GEN SET G23;;;import;qa_ok_importar_found;true;1;16V4000M61;1300408;74;"{""total_rows"":1,""count_ok_importar"":1,""count_ok_eliminar"":0,""count_pending"":0,""count_review_action"":0,""count_other"":0}";import;qa_ok_importar_found
5240502135;SWING FOLL. INLET;;;import;qa_ok_importar_found;true;1;12V4000M40A;1101075;77;"{""total_rows"":1,""count_ok_importar"":1,""count_ok_eliminar"":0,""count_pending"":0,""count_review_action"":0,""count_other"":0}";import;qa_ok_importar_found
5240502235;SWING FOLL. EXHAUST;;;import;qa_ok_importar_found;true;1;12V4000M40A;1101076;77;"{""total_rows"":1,""count_ok_importar"":1,""count_ok_eliminar"":0,""count_pending"":0,""count_review_action"":0,""count_other"":0}";import;qa_ok_importar_found
5240502335;SWING FOLL.;;8 KG;import;qa_ok_importar_found;true;1;12V4000M40A;1101077;72;"{""total_rows"":1,""count_ok_importar"":1,""count_ok_eliminar"":0,""count_pending"":0,""count_review_action"":0,""count_other"":0}";import;qa_ok_importar_found
5240520503;GEAR CRANKSHAFT;;12.07 KGM;import;qa_ok_importar_found;true;1;12V4000M40A;1101080;44;"{""total_rows"":1,""count_ok_importar"":1,""count_ok_eliminar"":0,""count_pending"":0,""count_review_action"":0,""count_other"":0}";import;qa_ok_importar_found
5240521448;WHEEL SRS MDEC;;3.775 KGM;import;qa_ok_importar_found;true;1;12V4000M40A;1101082;69;"{""total_rows"":1,""count_ok_importar"":1,""count_ok_eliminar"":0,""count_pending"":0,""count_review_action"":0,""count_other"":0}";import;qa_ok_importar_found
5240521748;WHEEL SRS ADEC;;2.865 KGM;import;qa_ok_importar_found;true;1;12V4000M53;1200479;80;"{""total_rows"":1,""count_ok_importar"":1,""count_ok_eliminar"":0,""count_pending"":0,""count_review_action"":0,""count_other"":0}";import;qa_ok_importar_found
5240530120;VALVE SPRING OUTER;;0.147 KGM;import;qa_ok_importar_found;true;1;12V4000M40A;1101083;65;"{""total_rows"":1,""count_ok_importar"":1,""count_ok_eliminar"":0,""count_pending"":0,""count_review_action"":0,""count_other"":0}";import;qa_ok_importar_found
5240530122;VALVE SPRING INNER;;0.061 KGM;import;qa_ok_importar_found;true;1;12V4000M40A;1101084;65;"{""total_rows"":1,""count_ok_importar"":1,""count_ok_eliminar"":0,""count_pending"":0,""count_review_action"":0,""count_other"":0}";import;qa_ok_importar_found
5240530125;RETAINER VALVE SPRING;;0,034 KG;import;qa_ok_importar_found;true;1;12V4000M40A;1101085;65;"{""total_rows"":1,""count_ok_importar"":1,""count_ok_eliminar"":0,""count_pending"":0,""count_review_action"":0,""count_other"":0}";import;qa_ok_importar_found
5240530530;VALVE GUIDE INSERT;D 19R6 / D10.6+0.05;133,600 g EM D 19R6 / D10.6+0.05;import;qa_ok_importar_found;true;1;12V4000M53;1200467;76;"{""total_rows"":1,""count_ok_importar"":1,""count_ok_eliminar"":0,""count_pending"":0,""count_review_action"":0,""count_other"":0}";import;qa_ok_importar_found
5240530830;VALVE GUIDE;FERTIG BEARBEITET, 19.00 R6 H7;0.129 KGM;import;qa_ok_importar_found;true;1;12V4000M70;1900395;80;"{""total_rows"":1,""count_ok_importar"":1,""count_ok_eliminar"":0,""count_pending"":0,""count_review_action"":0,""count_other"":0}";import;qa_ok_importar_found
5240530905;EXHAUST VALVE;;0.35 KGM;import;qa_ok_importar_found;true;1;12V4000M40A;1101086;65;"{""total_rows"":1,""count_ok_importar"":1,""count_ok_eliminar"":0,""count_pending"":0,""count_review_action"":0,""count_other"":0}";import;qa_ok_importar_found
5240531101;INLET VALVE;;0.32 KGM;import;qa_ok_importar_found;true;1;12V4000M40A;1101087;65;"{""total_rows"":1,""count_ok_importar"":1,""count_ok_eliminar"":0,""count_pending"":0,""count_review_action"":0,""count_other"":0}";import;qa_ok_importar_found
5240540101;ROLLER TAPPET;;0.34 KGM;import;qa_ok_importar_found;true;1;16V4000M73;1400514;91;"{""total_rows"":1,""count_ok_importar"":1,""count_ok_eliminar"":0,""count_pending"":0,""count_review_action"":0,""count_other"":0}";import;qa_ok_importar_found
5240550018;ROLLER;;0.269 KGM;import;qa_ok_importar_found;true;1;12V4000M40A;1101088;78;"{""total_rows"":1,""count_ok_importar"":1,""count_ok_eliminar"":0,""count_pending"":0,""count_review_action"":0,""count_other"":0}";import;qa_ok_importar_found
5240550210;BEARING PEDESTAL;;;import;qa_ok_importar_found;true;1;12V4000M40A;1101091;76;"{""total_rows"":1,""count_ok_importar"":1,""count_ok_eliminar"":0,""count_pending"":0,""count_review_action"":0,""count_other"":0}";import;qa_ok_importar_found
5240550320;BOLT ADJUSTING;;66 G;import;qa_ok_importar_found;true;1;12V4000M40A;1101092;74;"{""total_rows"":1,""count_ok_importar"":1,""count_ok_eliminar"":0,""count_pending"":0,""count_review_action"":0,""count_other"":0}";import;qa_ok_importar_found
5240550501;ROCKER ARM FOLLOWER SWING INLET CAM;;;import;qa_ok_importar_found;true;1;12V4000M40A;1101094;78;"{""total_rows"":1,""count_ok_importar"":1,""count_ok_eliminar"":0,""count_pending"":0,""count_review_action"":0,""count_other"":0}";import;qa_ok_importar_found
5240550505;CAM SWING FOLLOWER AXLE;;;import;qa_ok_importar_found;true;1;12V4000M40A;1101095;77;"{""total_rows"":1,""count_ok_importar"":1,""count_ok_eliminar"":0,""count_pending"":0,""count_review_action"":0,""count_other"":0}";import;qa_ok_importar_found
5240550524;BALL SOCKET;;60 G;import;qa_ok_importar_found;true;1;12V4000M40A;1101096;78;"{""total_rows"":1,""count_ok_importar"":1,""count_ok_eliminar"":0,""count_pending"":0,""count_review_action"":0,""count_other"":0}";import;qa_ok_importar_found
5240550550;BUSHING;;0.115 KGM;import;qa_ok_importar_found;true;1;12V4000M40A;1101098;74;"{""total_rows"":1,""count_ok_importar"":1,""count_ok_eliminar"":0,""count_pending"":0,""count_review_action"":0,""count_other"":0}";import;qa_ok_importar_found
5240550601;ROCKER ARM FOLLOWER SWING EXHAUST CAM 4000;;;import;qa_ok_importar_found;true;1;12V4000M40A;1101100;79;"{""total_rows"":1,""count_ok_importar"":1,""count_ok_eliminar"":0,""count_pending"":0,""count_review_action"":0,""count_other"":0}";import;qa_ok_importar_found
5240550650;BUSHING;;30 G;import;qa_ok_importar_found;true;1;12V4000M40A;1101101;78;"{""total_rows"":1,""count_ok_importar"":1,""count_ok_eliminar"":0,""count_pending"":0,""count_review_action"":0,""count_other"":0}";import;qa_ok_importar_found
5240550705;ROCKER SHAFT;;;import;qa_ok_importar_found;true;1;12V4000M40A;1101104;76;"{""total_rows"":1,""count_ok_importar"":1,""count_ok_eliminar"":0,""count_pending"":0,""count_review_action"":0,""count_other"":0}";import;qa_ok_importar_found
5240550801;ARM ROCKER INTAKE-03 GENSET C23;;;import;qa_ok_importar_found;true;1;16V4000M61;1300425;76;"{""total_rows"":1,""count_ok_importar"":1,""count_ok_eliminar"":0,""count_pending"":0,""count_review_action"":0,""count_other"":0}";import;qa_ok_importar_found
5240551106;BRIDGE VALVE FLOATING BR;24 PC 300 G;;import;qa_ok_importar_found;true;1;12V4000M40A;1101105;72;"{""total_rows"":1,""count_ok_importar"":1,""count_ok_eliminar"":0,""count_pending"":0,""count_review_action"":0,""count_other"":0}";import;qa_ok_importar_found
5240700833;TUBE HIGH PRESS FUEL DBL WALL JUMPER;;;import;qa_ok_importar_found;true;1;12V4000M40A;1101107;92;"{""total_rows"":1,""count_ok_importar"":1,""count_ok_eliminar"":0,""count_pending"":0,""count_review_action"":0,""count_other"":0}";import;qa_ok_importar_found
5240701233;FUEL LINE;;439.800 g SB;import;qa_ok_importar_found;true;1;16V4000M90;1601737;233;"{""total_rows"":1,""count_ok_importar"":1,""count_ok_eliminar"":0,""count_pending"":0,""count_review_action"":0,""count_other"":0}";import;qa_ok_importar_found
5240701333;TUBE ASM LOW PRESSURE FUEL SUPPLY;;0.727 KGM;import;qa_ok_importar_found;true;1;12V4000M40A;1101108;104;"{""total_rows"":1,""count_ok_importar"":1,""count_ok_eliminar"":0,""count_pending"":0,""count_review_action"":0,""count_other"":0}";import;qa_ok_importar_found
5240701433;TUBE ASM CYL HEAD FU EL RETURN;;0.054 KGM;import;qa_ok_importar_found;true;1;12V4000M40A;1101109;105;"{""total_rows"":1,""count_ok_importar"":1,""count_ok_eliminar"":0,""count_pending"":0,""count_review_action"":0,""count_other"":0}";import;qa_ok_importar_found
5240709632;FUEL RETURN LINE;;71 G;import;qa_ok_importar_found;true;1;12V4000M40A;1101115;105;"{""total_rows"":1,""count_ok_importar"":1,""count_ok_eliminar"":0,""count_pending"":0,""count_review_action"":0,""count_other"":0}";import;qa_ok_importar_found
5240709932;PLUG-IN PIPE;;0.453 KGM;import;qa_ok_importar_found;true;1;12V4000M40A;1101116;92;"{""total_rows"":1,""count_ok_importar"":1,""count_ok_eliminar"":0,""count_pending"":0,""count_review_action"":0,""count_other"":0}";import;qa_ok_importar_found
5240780045;BLOCK JUNCTION MULTI -PORT;;0.406 KGM;import;qa_ok_importar_found;true;1;12V4000M40A;1101117;258;"{""total_rows"":1,""count_ok_importar"":1,""count_ok_eliminar"":0,""count_pending"":0,""count_review_action"":0,""count_other"":0}";import;qa_ok_importar_found
5240780768;CONNECTING PIECE;;930 G;import;qa_ok_importar_found;true;1;12V4000M40A;1101123;92;"{""total_rows"":1,""count_ok_importar"":1,""count_ok_eliminar"":0,""count_pending"":0,""count_review_action"":0,""count_other"":0}";import;qa_ok_importar_found
5240780824;CONN FUEL RAIL REAR;;0.34 KGM;import;qa_ok_importar_found;true;1;12V4000M40A;1101124;92;"{""total_rows"":1,""count_ok_importar"":1,""count_ok_eliminar"":0,""count_pending"":0,""count_review_action"":0,""count_other"":0}";import;qa_ok_importar_found
5240781024;THRUST MEMBER;;0.384 KGM;import;qa_ok_importar_found;true;1;12V4000M40A;1101125;92;"{""total_rows"":1,""count_ok_importar"":1,""count_ok_eliminar"":0,""count_pending"":0,""count_review_action"":0,""count_other"":0}";import;qa_ok_importar_found
5240781653;PLUG-IN PIPE END PCE , FR.END, RT;;0.333 KGM;import;qa_ok_importar_found;true;1;12V4000M40A;1101128;92;"{""total_rows"":1,""count_ok_importar"":1,""count_ok_eliminar"":0,""count_pending"":0,""count_review_action"":0,""count_other"":0}";import;qa_ok_importar_found
5240781853;PLUG-IN PIPE END PCE, DR.END, RT;;0.285 KGM;import;qa_ok_importar_found;true;1;12V4000M40A;1101129;92;"{""total_rows"":1,""count_ok_importar"":1,""count_ok_eliminar"":0,""count_pending"":0,""count_review_action"":0,""count_other"":0}";import;qa_ok_importar_found
5240782053;PLUG-IN PIPE END PCE,DR.END,LEFT;;0.164 KGM;import;qa_ok_importar_found;true;1;12V4000M40A;1101130;92;"{""total_rows"":1,""count_ok_importar"":1,""count_ok_eliminar"":0,""count_pending"":0,""count_review_action"":0,""count_other"":0}";import;qa_ok_importar_found
5240782253;TUBE PLUG IN END MEMBER;;0.212 KGM;import;qa_ok_importar_found;true;1;12V4000M40A;1101132;92;"{""total_rows"":1,""count_ok_importar"":1,""count_ok_eliminar"":0,""count_pending"":0,""count_review_action"":0,""count_other"":0}";import;qa_ok_importar_found
5240900265;FLAP;;1,268 kg;import;qa_ok_importar_found;true;1;12V4000M53;1201085;151;"{""total_rows"":1,""count_ok_importar"":1,""count_ok_eliminar"":0,""count_pending"":0,""count_review_action"":0,""count_other"":0}";import;qa_ok_importar_found
5240900850;PUMP FUEL LOW PRESSURE (7.5 BAR);;5 KG;import;qa_ok_importar_found;true;1;12V4000M40A;1101133;104;"{""total_rows"":1,""count_ok_importar"":1,""count_ok_eliminar"":0,""count_pending"":0,""count_review_action"":0,""count_other"":0}";import;qa_ok_importar_found
5240901517;INTAKE HOUSING;;;import;qa_ok_importar_found;true;1;12V4000M70;1900945;154;"{""total_rows"":1,""count_ok_importar"":1,""count_ok_eliminar"":0,""count_pending"":0,""count_review_action"":0,""count_other"":0}";import;qa_ok_importar_found
5240901617;HOUSING ASM INTAKE A -BANK;;7.8 KGM;import;qa_ok_importar_found;true;1;12V4000M70;1900921;151;"{""total_rows"":1,""count_ok_importar"":1,""count_ok_eliminar"":0,""count_pending"":0,""count_review_action"":0,""count_other"":0}";import;qa_ok_importar_found
5240910024;DRIVE ADAPTER LP FUEL PMP M12X1.5-6G THD;;;import;qa_ok_importar_found;true;1;12V4000M40A;1101140;83;"{""total_rows"":1,""count_ok_importar"":1,""count_ok_eliminar"":0,""count_pending"":0,""count_review_action"":0,""count_other"":0}";import;qa_ok_importar_found
5240920024;ELBOW FOR FUEL;;;import;qa_ok_importar_found;true;1;12V4000M53;1200798;117;"{""total_rows"":1,""count_ok_importar"":1,""count_ok_eliminar"":0,""count_pending"":0,""count_review_action"":0,""count_other"":0}";import;qa_ok_importar_found
5240980010;FLAP;;1,288 kg;import;qa_ok_importar_found;true;1;12V4000M53;1201119;154;"{""total_rows"":1,""count_ok_importar"":1,""count_ok_eliminar"":0,""count_pending"":0,""count_review_action"":0,""count_other"":0}";import;qa_ok_importar_found
5240980111;SHAFT;;;import;qa_ok_importar_found;true;1;16V4000M61;1300820;142;"{""total_rows"":1,""count_ok_importar"":1,""count_ok_eliminar"":0,""count_pending"":0,""count_review_action"":0,""count_other"":0}";import;qa_ok_importar_found
5240980680;GASKET;;0.016 KGM;import;qa_ok_importar_found;true;1;12V4000M40A;1101144;143;"{""total_rows"":1,""count_ok_importar"":1,""count_ok_eliminar"":0,""count_pending"":0,""count_review_action"":0,""count_other"":0}";import;qa_ok_importar_found
5240980907;MANIFOLD INTAKE CHRG AIR CENTER;;8 KGM;import;qa_ok_importar_found;true;1;12V4000M40A;1101146;143;"{""total_rows"":1,""count_ok_importar"":1,""count_ok_eliminar"":0,""count_pending"":0,""count_review_action"":0,""count_other"":0}";import;qa_ok_importar_found
5240981040;FLANGE;;0.525 KGM;import;qa_ok_importar_found;true;1;12V4000M40A;1101149;131;"{""total_rows"":1,""count_ok_importar"":1,""count_ok_eliminar"":0,""count_pending"":0,""count_review_action"":0,""count_other"":0}";import;qa_ok_importar_found
5240981107;MANIFOLD CHARGE AIR FRONT B-BANK;;8,600 KG;import;qa_ok_importar_found;true;1;12V4000M40A;1101151;143;"{""total_rows"":1,""count_ok_importar"":1,""count_ok_eliminar"":0,""count_pending"":0,""count_review_action"":0,""count_other"":0}";import;qa_ok_importar_found
5240981140;FLANGE;;0.541 KGM;import;qa_ok_importar_found;true;1;12V4000M40A;1101152;143;"{""total_rows"":1,""count_ok_importar"":1,""count_ok_eliminar"":0,""count_pending"":0,""count_review_action"":0,""count_other"":0}";import;qa_ok_importar_found
5240981407;MANIFOLD CHARGE AIR FRONT A-BANK;;7,721 KG;import;qa_ok_importar_found;true;1;12V4000M40A;1101154;143;"{""total_rows"":1,""count_ok_importar"":1,""count_ok_eliminar"":0,""count_pending"":0,""count_review_action"":0,""count_other"":0}";import;qa_ok_importar_found
5240981853;TUBE FLOATING 84 ID TURBO/CAC;;0.468 KGM;import;qa_ok_importar_found;true;2;16V4000M90;1600767, 1600822;127, 133;"{""total_rows"":2,""count_ok_importar"":2,""count_ok_eliminar"":0,""count_pending"":0,""count_review_action"":0,""count_other"":0}";import;qa_ok_importar_found
5240983015;ELBOW;KRÜMMER LINKE SEITE;5,800 kg EM KRÜMMER LINKE SEITE;import;qa_ok_importar_found;true;1;12V4000M53;1200973;138;"{""total_rows"":1,""count_ok_importar"":1,""count_ok_eliminar"":0,""count_pending"":0,""count_review_action"":0,""count_other"":0}";import;qa_ok_importar_found
5240983115;ELBOW F/INTERCOOLER, RIGH;;4,400 kg EM KRÜMMER RECHTE SEITE;import;qa_ok_importar_found;true;1;12V4000M53;1200976;138;"{""total_rows"":1,""count_ok_importar"":1,""count_ok_eliminar"":0,""count_pending"":0,""count_review_action"":0,""count_other"":0}";import;qa_ok_importar_found
5240983439;BRACKET TURBO SPEED SENSOR;;0.098 KGM;import;qa_ok_importar_found;true;1;12V4000M40A;1101158;135;"{""total_rows"":1,""count_ok_importar"":1,""count_ok_eliminar"":0,""count_pending"":0,""count_review_action"":0,""count_other"":0}";import;qa_ok_importar_found
5241500009;SHAFT;;0.932 KGM;import;qa_ok_importar_found;true;1;12V4000M53;1202347;284;"{""total_rows"":1,""count_ok_importar"":1,""count_ok_eliminar"":0,""count_pending"":0,""count_review_action"":0,""count_other"":0}";import;qa_ok_importar_found
5241510133;SHAFT;;;import;qa_ok_importar_found;true;1;12V4000M53;1202357;285;"{""total_rows"":1,""count_ok_importar"":1,""count_ok_eliminar"":0,""count_pending"":0,""count_review_action"":0,""count_other"":0}";import;qa_ok_importar_found
5241510211;CLAMP ALTERNATOR U 2 00MM ID;;1.18 KGM;import;qa_ok_importar_found;true;1;12V4000M53;1202335;283;"{""total_rows"":1,""count_ok_importar"":1,""count_ok_eliminar"":0,""count_pending"":0,""count_review_action"":0,""count_other"":0}";import;qa_ok_importar_found
5241534640;BRACKET L H:30 SENSO R E;1 PC 46 G;0.044 KGM;import;qa_ok_importar_found;true;1;12V4000M40A;1101196;332;"{""total_rows"":1,""count_ok_importar"":1,""count_ok_eliminar"":0,""count_pending"":0,""count_review_action"":0,""count_other"":0}";import;qa_ok_importar_found
5241534940;BRACKET OFFSET H:38;;94.400 g;import;qa_ok_importar_found;true;5;16V4000M73L, 20V4000M93L;1502521, 1505558, 1508051, 1803296, 1806978;356, 818, 1161, 1460, 1844;"{""total_rows"":5,""count_ok_importar"":5,""count_ok_eliminar"":0,""count_pending"":0,""count_review_action"":0,""count_other"":0}";import;qa_ok_importar_found
5241535240;BRACKET ECU LOWER;;0.82 KGM;import;qa_ok_importar_found;true;1;12V4000M40A;1101198;331;"{""total_rows"":1,""count_ok_importar"":1,""count_ok_eliminar"":0,""count_pending"":0,""count_review_action"":0,""count_other"":0}";import;qa_ok_importar_found
5241800067;VALVE SLIDE OIL FLTR SWITCH OVER;;3.506 KGM;import;qa_ok_importar_found;true;1;12V4000M40A;1101200;200;"{""total_rows"":1,""count_ok_importar"":1,""count_ok_eliminar"":0,""count_pending"":0,""count_review_action"":0,""count_other"":0}";import;qa_ok_importar_found
5241800155;BASKET OIL PICKUP AS M 160 X 92.25;;1.644 KGM;import;qa_ok_importar_found;true;1;12V4000M40A;1101201;20;"{""total_rows"":1,""count_ok_importar"":1,""count_ok_eliminar"":0,""count_pending"":0,""count_review_action"":0,""count_other"":0}";import;qa_ok_importar_found
5241800247;COVER PLATE;;20,600 KG;import;qa_ok_importar_found;true;1;12V4000M40A;1101203;208;"{""total_rows"":1,""count_ok_importar"":1,""count_ok_eliminar"":0,""count_pending"":0,""count_review_action"":0,""count_other"":0}";import;qa_ok_importar_found
5241800821;OIL LINE;;0.63 KGM;import;qa_ok_importar_found;true;1;12V4000M40A;1101205;22;"{""total_rows"":1,""count_ok_importar"":1,""count_ok_eliminar"":0,""count_pending"":0,""count_review_action"":0,""count_other"":0}";import;qa_ok_importar_found
5241800911;OIL FILTER HOUSING;;39,800 KG;import;qa_ok_importar_found;true;1;12V4000M40A;1101206;198;"{""total_rows"":1,""count_ok_importar"":1,""count_ok_eliminar"":0,""count_pending"":0,""count_review_action"":0,""count_other"":0}";import;qa_ok_importar_found
5241802019;TUBE ASM SOL OIL SUP PLY;;0.067 KGM;import;qa_ok_importar_found;true;1;12V4000M40A;1101209;201;"{""total_rows"":1,""count_ok_importar"":1,""count_ok_eliminar"":0,""count_pending"":0,""count_review_action"":0,""count_other"":0}";import;qa_ok_importar_found
5241804820;TUBE OIL;;204,500 G;import;qa_ok_importar_found;true;1;12V4000M40A;1101211;224;"{""total_rows"":1,""count_ok_importar"":1,""count_ok_eliminar"":0,""count_pending"":0,""count_review_action"":0,""count_other"":0}";import;qa_ok_importar_found
5241810195;RETAINER;;0.927 KGM;import;qa_ok_importar_found;true;1;16V4000M61;1301180;192;"{""total_rows"":1,""count_ok_importar"":1,""count_ok_eliminar"":0,""count_pending"":0,""count_review_action"":0,""count_other"":0}";import;qa_ok_importar_found
5241840309;FLANGE;;0.85 KGM;import;qa_ok_importar_found;true;1;12V4000M40A;1101213;200;"{""total_rows"":1,""count_ok_importar"":1,""count_ok_eliminar"":0,""count_pending"":0,""count_review_action"":0,""count_other"":0}";import;qa_ok_importar_found
5241870018;TUBE ASM;;0.826 KGM;import;qa_ok_importar_found;true;1;12V4000M40A;1101216;204;"{""total_rows"":1,""count_ok_importar"":1,""count_ok_eliminar"":0,""count_pending"":0,""count_review_action"":0,""count_other"":0}";import;qa_ok_importar_found
5241870087;TUBE CONNECTOR OIL P ICK-UP;;0.929 KGM;import;qa_ok_importar_found;true;1;12V4000M40A;1101220;20;"{""total_rows"":1,""count_ok_importar"":1,""count_ok_eliminar"":0,""count_pending"":0,""count_review_action"":0,""count_other"":0}";import;qa_ok_importar_found
5241880102;COVER;;1.92 KGM;import;qa_ok_importar_found;true;1;12V4000M40A;1101238;34;"{""total_rows"":1,""count_ok_importar"":1,""count_ok_eliminar"":0,""count_pending"":0,""count_review_action"":0,""count_other"":0}";import;qa_ok_importar_found
5241880180;GASKET;1X120X120;0.005 KGM;import;qa_ok_importar_found;true;1;12V4000M40A;1101240;218;"{""total_rows"":1,""count_ok_importar"":1,""count_ok_eliminar"":0,""count_pending"":0,""count_review_action"":0,""count_other"":0}";import;qa_ok_importar_found
5241880653;SLEEVE SPACER;L=95,0;0.205 KGM;import;qa_ok_importar_found;true;1;12V4000M40A;1101242;208;"{""total_rows"":1,""count_ok_importar"":1,""count_ok_eliminar"":0,""count_pending"":0,""count_review_action"":0,""count_other"":0}";import;qa_ok_importar_found
5242000418;TUBE DEAERATION 90 D EG;DN 6;0.042 KGM;import;qa_ok_importar_found;true;1;12V4000M40A;1101245;257;"{""total_rows"":1,""count_ok_importar"":1,""count_ok_eliminar"":0,""count_pending"":0,""count_review_action"":0,""count_other"":0}";import;qa_ok_importar_found
5242000474;BASE PLATE;;31,400 KG;import;qa_ok_importar_found;true;1;12V4000M40A;1101246;230;"{""total_rows"":1,""count_ok_importar"":1,""count_ok_eliminar"":0,""count_pending"":0,""count_review_action"":0,""count_other"":0}";import;qa_ok_importar_found
5242000585;EXPANSION TANK;;27,800 KG;import;qa_ok_importar_found;true;1;12V4000M40A;1101247;286;"{""total_rows"":1,""count_ok_importar"":1,""count_ok_eliminar"":0,""count_pending"":0,""count_review_action"":0,""count_other"":0}";import;qa_ok_importar_found
5242000674;PLATE ASM COVER SEA WATER CLR;1 PC 29 KG;32 KGM;import;qa_ok_importar_found;true;1;12V4000M40A;1101249;231;"{""total_rows"":1,""count_ok_importar"":1,""count_ok_eliminar"":0,""count_pending"":0,""count_review_action"":0,""count_other"":0}";import;qa_ok_importar_found
5242000753;COOLANT LINE;;0.918 KGM;import;qa_ok_importar_found;true;1;12V4000M40A;1101250;286;"{""total_rows"":1,""count_ok_importar"":1,""count_ok_eliminar"":0,""count_pending"":0,""count_review_action"":0,""count_other"":0}";import;qa_ok_importar_found
5242000758;TUBE VENT OIL CLR TO EXPAND TANK;;0.084 KGM;import;qa_ok_importar_found;true;1;12V4000M40A;1101251;258;"{""total_rows"":1,""count_ok_importar"":1,""count_ok_eliminar"":0,""count_pending"":0,""count_review_action"":0,""count_other"":0}";import;qa_ok_importar_found
5242001118;ELBOW;;11.32 KGM;import;qa_ok_importar_found;true;1;12V4000M40A;1101254;246;"{""total_rows"":1,""count_ok_importar"":1,""count_ok_eliminar"":0,""count_pending"":0,""count_review_action"":0,""count_other"":0}";import;qa_ok_importar_found
5242001616;T/STAT HSG;;27.68 KGM;import;qa_ok_importar_found;true;1;12V4000M40A;1101255;267;"{""total_rows"":1,""count_ok_importar"":1,""count_ok_eliminar"":0,""count_pending"":0,""count_review_action"":0,""count_other"":0}";import;qa_ok_importar_found
5242003916;COOLANT DISTRIB HSG FOR TE COOL.CIRCUIT;;180 KGM;import;qa_ok_importar_found;true;1;12V4000M40A;1101258;267;"{""total_rows"":1,""count_ok_importar"":1,""count_ok_eliminar"":0,""count_pending"":0,""count_review_action"":0,""count_other"":0}";import;qa_ok_importar_found
5242006152;CONDENSATE LINE INTERCOOLER, LEFT;;147,400 G;import;qa_ok_importar_found;true;1;12V4000M40A;1101260;131;"{""total_rows"":1,""count_ok_importar"":1,""count_ok_eliminar"":0,""count_pending"":0,""count_review_action"":0,""count_other"":0}";import;qa_ok_importar_found
5242030140;BRACKET SEAWATER COO LER;;2.361 KGM;import;qa_ok_importar_found;true;1;12V4000M40A;1101282;231;"{""total_rows"":1,""count_ok_importar"":1,""count_ok_eliminar"":0,""count_pending"":0,""count_review_action"":0,""count_other"":0}";import;qa_ok_importar_found
5242030394;TANK EXPANSION;;;import;qa_ok_importar_found;true;1;12V4000M40A;1101285;287;"{""total_rows"":1,""count_ok_importar"":1,""count_ok_eliminar"":0,""count_pending"":0,""count_review_action"":0,""count_other"":0}";import;qa_ok_importar_found
5242032022;ELBOW;;11.379 KGM;import;qa_ok_importar_found;true;1;12V4000M40A;1101296;275;"{""total_rows"":1,""count_ok_importar"":1,""count_ok_eliminar"":0,""count_pending"":0,""count_review_action"":0,""count_other"":0}";import;qa_ok_importar_found
5242032053;CONNECTOR WATER TUBE;;0.626 KGM;import;qa_ok_importar_found;true;1;12V4000M40A;1101297;231;"{""total_rows"":1,""count_ok_importar"":1,""count_ok_eliminar"":0,""count_pending"":0,""count_review_action"":0,""count_other"":0}";import;qa_ok_importar_found
5242032122;ELBOW BR4000;;;import;qa_ok_importar_found;true;1;12V4000M40A;1101299;248;"{""total_rows"":1,""count_ok_importar"":1,""count_ok_eliminar"":0,""count_pending"":0,""count_review_action"":0,""count_other"":0}";import;qa_ok_importar_found
5242032253;CONNECTOR WATER TUBE;;1.722 KGM;import;qa_ok_importar_found;true;1;12V4000M40A;1101300;249;"{""total_rows"":1,""count_ok_importar"":1,""count_ok_eliminar"":0,""count_pending"":0,""count_review_action"":0,""count_other"":0}";import;qa_ok_importar_found
5242032473;THERMOSTAT HOUSING;;;import;qa_ok_importar_found;true;1;12V4000M40A;1101302;270;"{""total_rows"":1,""count_ok_importar"":1,""count_ok_eliminar"":0,""count_pending"":0,""count_review_action"":0,""count_other"":0}";import;qa_ok_importar_found
5242032840;BRACKET L 4000;;;import;qa_ok_importar_found;true;2;20V4000M93L;1802348, 1806007;1382, 1762;"{""total_rows"":2,""count_ok_importar"":2,""count_ok_eliminar"":0,""count_pending"":0,""count_review_action"":0,""count_other"":0}";import;qa_ok_importar_found
5242033573;HOUSING WATER DISTRIBUTION;;;import;qa_ok_importar_found;true;1;16V4000M90;1601831;245;"{""total_rows"":1,""count_ok_importar"":1,""count_ok_eliminar"":0,""count_pending"":0,""count_review_action"":0,""count_other"":0}";import;qa_ok_importar_found
5242240509;SUPT ENG W/12MM HOLE FLYWHL HSG MT;;;import;qa_ok_importar_found;true;1;12V4000M40A;1101306;295;"{""total_rows"":1,""count_ok_importar"":1,""count_ok_eliminar"":0,""count_pending"":0,""count_review_action"":0,""count_other"":0}";import;qa_ok_importar_found
5242240609;SUPT ENG MARINE GEAR MT;;2.627 KGM;import;qa_ok_importar_found;true;1;12V4000M40A;1101307;296;"{""total_rows"":1,""count_ok_importar"":1,""count_ok_eliminar"":0,""count_pending"":0,""count_review_action"":0,""count_other"":0}";import;qa_ok_importar_found
5242370902;ENGINE CARRIER;;;import;qa_ok_importar_found;true;1;12V4000M40A;1101310;294;"{""total_rows"":1,""count_ok_importar"":1,""count_ok_eliminar"":0,""count_pending"":0,""count_review_action"":0,""count_other"":0}";import;qa_ok_importar_found
5242370940;RETAINER;;2,690 KG;import;qa_ok_importar_found;true;1;12V4000M40A;1101311;55;"{""total_rows"":1,""count_ok_importar"":1,""count_ok_eliminar"":0,""count_pending"":0,""count_review_action"":0,""count_other"":0}";import;qa_ok_importar_found
5244760324;FITTING;;0.171 KGM;import;qa_ok_importar_found;true;1;12V4000M40A;1101312;84;"{""total_rows"":1,""count_ok_importar"":1,""count_ok_eliminar"":0,""count_pending"":0,""count_review_action"":0,""count_other"":0}";import;qa_ok_importar_found
5244760424;FITTING M16X1.5 ISO 6149 TO 11/16-16;;0.055 KGM;import;qa_ok_importar_found;true;1;12V4000M40A;1101313;83;"{""total_rows"":1,""count_ok_importar"":1,""count_ok_eliminar"":0,""count_pending"":0,""count_review_action"":0,""count_other"":0}";import;qa_ok_importar_found
5249870051;FLAP SEAL;;1,273 g;import;qa_ok_importar_found;true;1;12V4000M53;1201118;154;"{""total_rows"":1,""count_ok_importar"":1,""count_ok_eliminar"":0,""count_pending"":0,""count_review_action"":0,""count_other"":0}";import;qa_ok_importar_found
5249900140;WASHER;;0.013 KGM;import;qa_ok_importar_found;true;1;12V4000M53;1200988;138;"{""total_rows"":1,""count_ok_importar"":1,""count_ok_eliminar"":0,""count_pending"":0,""count_review_action"":0,""count_other"":0}";import;qa_ok_importar_found
5249900304;HEX SCREW;M12 X 65;0.081 KGM;import;qa_ok_importar_found;true;1;12V4000M53;1200990;138;"{""total_rows"":1,""count_ok_importar"":1,""count_ok_eliminar"":0,""count_pending"":0,""count_review_action"":0,""count_other"":0}";import;qa_ok_importar_found
5249901901;HEX SCREW;M 12 X 1,75 X 47;64,000 g M 12 X 1,75 X 47;import;qa_ok_importar_found;true;1;12V4000M53;1200989;138;"{""total_rows"":1,""count_ok_importar"":1,""count_ok_eliminar"":0,""count_pending"":0,""count_review_action"":0,""count_other"":0}";import;qa_ok_importar_found
5249902101;HEX SCREW;M12X100;0.088 KGM;import;qa_ok_importar_found;true;1;12V4000M40A;1101317;88;"{""total_rows"":1,""count_ok_importar"":1,""count_ok_eliminar"":0,""count_pending"":0,""count_review_action"":0,""count_other"":0}";import;qa_ok_importar_found
5249950059;STRAP;;0.071 KGM;import;qa_ok_importar_found;true;1;12V4000M53;1200020;22;"{""total_rows"":1,""count_ok_importar"":1,""count_ok_eliminar"":0,""count_pending"":0,""count_review_action"":0,""count_other"":0}";import;qa_ok_importar_found
5260100613;OIL PAN;;;import;qa_ok_importar_found;true;1;12V4000M40A;1101332;20;"{""total_rows"":1,""count_ok_importar"":1,""count_ok_eliminar"":0,""count_pending"":0,""count_review_action"":0,""count_other"":0}";import;qa_ok_importar_found
5260180002;COVER;;704 G;import;qa_ok_importar_found;true;1;12V4000M40A;1101336;31;"{""total_rows"":1,""count_ok_importar"":1,""count_ok_eliminar"":0,""count_pending"":0,""count_review_action"":0,""count_other"":0}";import;qa_ok_importar_found
5260300105;FLYWHEEL;;120.000 kg;import;qa_ok_importar_found;true;1;16V4000M90;1600293;53;"{""total_rows"":1,""count_ok_importar"":1,""count_ok_eliminar"":0,""count_pending"":0,""count_review_action"":0,""count_other"":0}";import;qa_ok_importar_found
5260300105/31;FLYWHEEL;;120,000 kg;import;qa_ok_importar_found;true;1;12V4000M70;1900274;60;"{""total_rows"":1,""count_ok_importar"":1,""count_ok_eliminar"":0,""count_pending"":0,""count_review_action"":0,""count_other"":0}";import;qa_ok_importar_found
5260300701/30;CRANKSHAFT GL ACCEPTANCE;EM;;import;qa_ok_importar_found;true;1;12V4000M40A;1102409;42;"{""total_rows"":1,""count_ok_importar"":1,""count_ok_eliminar"":0,""count_pending"":0,""count_review_action"":0,""count_other"":0}";import;qa_ok_importar_found
5260500001;CAMSHAFT FOR 12V;;50,500 KG;import;qa_ok_importar_found;true;1;12V4000M40A;1101337;69;"{""total_rows"":1,""count_ok_importar"":1,""count_ok_eliminar"":0,""count_pending"":0,""count_review_action"":0,""count_other"":0}";import;qa_ok_importar_found
5260700132;TUBE LOW PRESSURE FUEL;;0.602 KGM;import;qa_ok_importar_found;true;1;12V4000M40A;1101338;105;"{""total_rows"":1,""count_ok_importar"":1,""count_ok_eliminar"":0,""count_pending"":0,""count_review_action"":0,""count_other"":0}";import;qa_ok_importar_found
5260700438;KST-SAMMELLEITUNG LEFT;;1.255 KGM;import;qa_ok_importar_found;true;1;12V4000M40A;1101340;105;"{""total_rows"":1,""count_ok_importar"":1,""count_ok_eliminar"":0,""count_pending"":0,""count_review_action"":0,""count_other"":0}";import;qa_ok_importar_found
5260701101;HP FUEL PUMP;;64 KG;import;qa_ok_importar_found;true;1;12V4000M40A;1101342;82;"{""total_rows"":1,""count_ok_importar"":1,""count_ok_eliminar"":0,""count_pending"":0,""count_review_action"":0,""count_other"":0}";import;qa_ok_importar_found
5260780690;RAIL FUEL HIGH PRESS URE COMMON;;18 KGM;import;qa_ok_importar_found;true;1;12V4000M40A;1101345;92;"{""total_rows"":1,""count_ok_importar"":1,""count_ok_eliminar"":0,""count_pending"":0,""count_review_action"":0,""count_other"":0}";import;qa_ok_importar_found
5260900028;ELBOW;;1.47 KGM;import;qa_ok_importar_found;true;1;12V4000M40A;1101346;132;"{""total_rows"":1,""count_ok_importar"":1,""count_ok_eliminar"":0,""count_pending"":0,""count_review_action"":0,""count_other"":0}";import;qa_ok_importar_found
5260900876;TUBE FUEL DBL WALL H P PMP TO RB RAIL;;3.021 KGM;import;qa_ok_importar_found;true;1;12V4000M40A;1101349;92;"{""total_rows"":1,""count_ok_importar"":1,""count_ok_eliminar"":0,""count_pending"":0,""count_review_action"":0,""count_other"":0}";import;qa_ok_importar_found
5260980240;FLANGE;;0.614 KGM;import;qa_ok_importar_found;true;1;12V4000M40A;1101350;131;"{""total_rows"":1,""count_ok_importar"":1,""count_ok_eliminar"":0,""count_pending"":0,""count_review_action"":0,""count_other"":0}";import;qa_ok_importar_found
5260980420/31;COOLER CHARGE AIR B-BANK RB;;;import;qa_ok_importar_found;true;1;12V4000M70;1900885;139;"{""total_rows"":1,""count_ok_importar"":1,""count_ok_eliminar"":0,""count_pending"":0,""count_review_action"":0,""count_other"":0}";import;qa_ok_importar_found
5260980520/31;COOLER CHARGE;;117,000 kg;import;qa_ok_importar_found;true;1;12V4000M70;1900860;138;"{""total_rows"":1,""count_ok_importar"":1,""count_ok_eliminar"":0,""count_pending"":0,""count_review_action"":0,""count_other"":0}";import;qa_ok_importar_found
5260981120;COOLER CHARGE;;52,500 KG;import;qa_ok_importar_found;true;1;12V4000M40A;1101351;131;"{""total_rows"":1,""count_ok_importar"":1,""count_ok_eliminar"":0,""count_pending"":0,""count_review_action"":0,""count_other"":0}";import;qa_ok_importar_found
5260981220;COOLER CHARGE;;57 KG;import;qa_ok_importar_found;true;1;12V4000M40A;1101352;131;"{""total_rows"":1,""count_ok_importar"":1,""count_ok_eliminar"":0,""count_pending"":0,""count_review_action"":0,""count_other"":0}";import;qa_ok_importar_found
5261400318;EXHAUST MANIFOLD 2 C YL (ASSEMBLY);;48.62 KGM;import;qa_ok_importar_found;true;1;12V4000M40A;1101357;154;"{""total_rows"":1,""count_ok_importar"":1,""count_ok_eliminar"":0,""count_pending"":0,""count_review_action"":0,""count_other"":0}";import;qa_ok_importar_found
5261420331;VALVE SEQUENTIAL TUR BO EXHAUST;;0.805 KGM;import;qa_ok_importar_found;true;1;12V4000M40A;1101364;122;"{""total_rows"":1,""count_ok_importar"":1,""count_ok_eliminar"":0,""count_pending"":0,""count_review_action"":0,""count_other"":0}";import;qa_ok_importar_found
5261420350;BUSHING BEARING;;0.335 KGM;import;qa_ok_importar_found;true;1;12V4000M40A;1101365;122;"{""total_rows"":1,""count_ok_importar"":1,""count_ok_eliminar"":0,""count_pending"":0,""count_review_action"":0,""count_other"":0}";import;qa_ok_importar_found
5261420450;BUSHING BEARING;;0.339 KGM;import;qa_ok_importar_found;true;1;12V4000M40A;1101366;122;"{""total_rows"":1,""count_ok_importar"":1,""count_ok_eliminar"":0,""count_pending"":0,""count_review_action"":0,""count_other"":0}";import;qa_ok_importar_found
5261420629;SHAFT;;0.203 KGM;import;qa_ok_importar_found;true;1;12V4000M40A;1101367;160;"{""total_rows"":1,""count_ok_importar"":1,""count_ok_eliminar"":0,""count_pending"":0,""count_review_action"":0,""count_other"":0}";import;qa_ok_importar_found
5261530037;SCREEN WIRE MTG STRIPS;;1.12 KGM;import;qa_ok_importar_found;true;1;12V4000M40A;1101368;331;"{""total_rows"":1,""count_ok_importar"":1,""count_ok_eliminar"":0,""count_pending"":0,""count_review_action"":0,""count_other"":0}";import;qa_ok_importar_found
5261800465/31;OIL COOLER LR ACCEPTANCE 4000-03;;;import;qa_ok_importar_found;true;1;16V4000M73;1401542;209;"{""total_rows"":1,""count_ok_importar"":1,""count_ok_eliminar"":0,""count_pending"":0,""count_review_action"":0,""count_other"":0}";import;qa_ok_importar_found
5261800465/87;OIL COOLER WITH TEST CERT. 3.1;;;import;qa_ok_importar_found;true;4;16V4000M73L;1501327, 1504534, 1506997, 1509483;204, 690, 1035, 1373;"{""total_rows"":4,""count_ok_importar"":4,""count_ok_eliminar"":0,""count_pending"":0,""count_review_action"":0,""count_other"":0}";import;qa_ok_importar_found
5261800720;OIL LINE LEFT;;0.589 KGM;import;qa_ok_importar_found;true;1;12V4000M40A;1101371;213;"{""total_rows"":1,""count_ok_importar"":1,""count_ok_eliminar"":0,""count_pending"":0,""count_review_action"":0,""count_other"":0}";import;qa_ok_importar_found
5261800820;OIL LINE RIGHT;B-BANK M90CE;0.557 KGM;import;qa_ok_importar_found;true;1;12V4000M40A;1101372;213;"{""total_rows"":1,""count_ok_importar"":1,""count_ok_eliminar"":0,""count_pending"":0,""count_review_action"":0,""count_other"":0}";import;qa_ok_importar_found
5261802720;TUBE ASM TURBO OIL SUPPLY A-BANK;;0.37 KGM;import;qa_ok_importar_found;true;1;12V4000M40A;1101374;213;"{""total_rows"":1,""count_ok_importar"":1,""count_ok_eliminar"":0,""count_pending"":0,""count_review_action"":0,""count_other"":0}";import;qa_ok_importar_found
5261802820;TUBE ASM TURBO OIL SUPPLY B-BANK;;0,365 KG SB;import;qa_ok_importar_found;true;1;12V4000M40A;1101375;213;"{""total_rows"":1,""count_ok_importar"":1,""count_ok_eliminar"":0,""count_pending"":0,""count_review_action"":0,""count_other"":0}";import;qa_ok_importar_found
5262000058;TUBE VENT LINE A-BAN K;;0.123 KGM;import;qa_ok_importar_found;true;1;12V4000M40A;1101377;258;"{""total_rows"":1,""count_ok_importar"":1,""count_ok_eliminar"":0,""count_pending"":0,""count_review_action"":0,""count_other"":0}";import;qa_ok_importar_found
5262000140;BRACKET;;2.46 KGM;import;qa_ok_importar_found;true;1;12V4000M40A;1101378;257;"{""total_rows"":1,""count_ok_importar"":1,""count_ok_eliminar"":0,""count_pending"":0,""count_review_action"":0,""count_other"":0}";import;qa_ok_importar_found
5262000158;TUBE VENT LINE B-BANK;;0.18 KGM;import;qa_ok_importar_found;true;1;12V4000M40A;1101379;258;"{""total_rows"":1,""count_ok_importar"":1,""count_ok_eliminar"":0,""count_pending"":0,""count_review_action"":0,""count_other"":0}";import;qa_ok_importar_found
5262030539;FLANGE 4000LH;;0.650 kg;import;qa_ok_importar_found;true;2;20V4000M93L;1801474, 1805080;1294, 1671;"{""total_rows"":2,""count_ok_importar"":2,""count_ok_eliminar"":0,""count_pending"":0,""count_review_action"":0,""count_other"":0}";import;qa_ok_importar_found
5265300113;PLUG-IN BOARD;M;;import;qa_ok_importar_found;true;1;12V4000M40A;1101385;374;"{""total_rows"":1,""count_ok_importar"":1,""count_ok_eliminar"":0,""count_pending"":0,""count_review_action"":0,""count_other"":0}";import;qa_ok_importar_found
5265300113/76;PLUG-IN BOARD;;;import;qa_ok_importar_found;true;1;12V4000M40A;1102410;375;"{""total_rows"":1,""count_ok_importar"":1,""count_ok_eliminar"":0,""count_pending"":0,""count_review_action"":0,""count_other"":0}";import;qa_ok_importar_found
5265300213;PLUG-IN BOARD;KF;;import;qa_ok_importar_found;true;1;12V4000M40A;1101386;381;"{""total_rows"":1,""count_ok_importar"":1,""count_ok_eliminar"":0,""count_pending"":0,""count_review_action"":0,""count_other"":0}";import;qa_ok_importar_found
5265300213/76;PLUG-IN CIRC.BOARD;;0.229 KGM;import;qa_ok_importar_found;true;1;12V4000M40A;1102411;382;"{""total_rows"":1,""count_ok_importar"":1,""count_ok_eliminar"":0,""count_pending"":0,""count_review_action"":0,""count_other"":0}";import;qa_ok_importar_found
5269870535;SEAL RUBBER STRIP 36 29.0;;0.422 KGM;import;qa_ok_importar_found;true;1;12V4000M40A;1101390;20;"{""total_rows"":1,""count_ok_importar"":1,""count_ok_eliminar"":0,""count_pending"":0,""count_review_action"":0,""count_other"":0}";import;qa_ok_importar_found
5270100437;HOUSING UPPER BREATHER 4000;;;import;qa_ok_importar_found;true;1;12V4000M40A;1101394;31;"{""total_rows"":1,""count_ok_importar"":1,""count_ok_eliminar"":0,""count_pending"":0,""count_review_action"":0,""count_other"":0}";import;qa_ok_importar_found
5270101805;BLK;;2.063 KG;import;qa_ok_importar_found;true;1;16V4000M61;1300017;12;"{""total_rows"":1,""count_ok_importar"":1,""count_ok_eliminar"":0,""count_pending"":0,""count_review_action"":0,""count_other"":0}";import;qa_ok_importar_found
5270180222;PLATE DEFLECTOR TOP;;0.623 KGM;import;qa_ok_importar_found;true;1;12V4000M40A;1101395;30;"{""total_rows"":1,""count_ok_importar"":1,""count_ok_eliminar"":0,""count_pending"":0,""count_review_action"":0,""count_other"":0}";import;qa_ok_importar_found
5270180322;PLATE DEFLECTOR BOTT OM;;0.58 KGM;import;qa_ok_importar_found;true;1;12V4000M40A;1101396;30;"{""total_rows"":1,""count_ok_importar"":1,""count_ok_eliminar"":0,""count_pending"":0,""count_review_action"":0,""count_other"":0}";import;qa_ok_importar_found
5270180331;VENT HOUSING 4000;;;import;qa_ok_importar_found;true;1;12V4000M40A;1101397;30;"{""total_rows"":1,""count_ok_importar"":1,""count_ok_eliminar"":0,""count_pending"":0,""count_review_action"":0,""count_other"":0}";import;qa_ok_importar_found
5270300701/31;CRANKSHAFT;;EM;import;qa_ok_importar_found;true;1;16V4000M61;1300211;40;"{""total_rows"":1,""count_ok_importar"":1,""count_ok_eliminar"":0,""count_pending"":0,""count_review_action"":0,""count_other"":0}";import;qa_ok_importar_found
5270500101;CAMSHAFT FOR 16V;;;import;qa_ok_importar_found;true;1;16V4000M61;1300378;67;"{""total_rows"":1,""count_ok_importar"":1,""count_ok_eliminar"":0,""count_pending"":0,""count_review_action"":0,""count_other"":0}";import;qa_ok_importar_found
5270510101;CAMSHAFT;;;import;qa_ok_importar_found;true;1;16V4000M61;1300389;68;"{""total_rows"":1,""count_ok_importar"":1,""count_ok_eliminar"":0,""count_pending"":0,""count_review_action"":0,""count_other"":0}";import;qa_ok_importar_found
5270700438;RAIL FUEL RETURN LOW PRESS B-BANK 1460MM;;1.76 KGM;import;qa_ok_importar_found;true;1;16V4000M61;1300569;96;"{""total_rows"":1,""count_ok_importar"":1,""count_ok_eliminar"":0,""count_pending"":0,""count_review_action"":0,""count_other"":0}";import;qa_ok_importar_found
5270780590;RAIL FUEL HIGH PRESS URE COMMON;;26.5 KGM;import;qa_ok_importar_found;true;1;16V4000M61;1300492;90;"{""total_rows"":1,""count_ok_importar"":1,""count_ok_eliminar"":0,""count_pending"":0,""count_review_action"":0,""count_other"":0}";import;qa_ok_importar_found
5270900075;DIVERTER VALVE;;9,750 KG EM;import;qa_ok_importar_found;true;1;12V4000M40A;1101398;147;"{""total_rows"":1,""count_ok_importar"":1,""count_ok_eliminar"":0,""count_pending"":0,""count_review_action"":0,""count_other"":0}";import;qa_ok_importar_found
5271400421;CARRIER HOUSING COVER;;45 KG;import;qa_ok_importar_found;true;1;12V4000M40A;1101401;157;"{""total_rows"":1,""count_ok_importar"":1,""count_ok_eliminar"":0,""count_pending"":0,""count_review_action"":0,""count_other"":0}";import;qa_ok_importar_found
5271401118;CARRIER HOUSING;;62,700 KG;import;qa_ok_importar_found;true;1;12V4000M40A;1101402;157;"{""total_rows"":1,""count_ok_importar"":1,""count_ok_eliminar"":0,""count_pending"":0,""count_review_action"":0,""count_other"":0}";import;qa_ok_importar_found
5271401218;CARRIER HSG;;142 KG;import;qa_ok_importar_found;true;1;12V4000M40A;1101403;157;"{""total_rows"":1,""count_ok_importar"":1,""count_ok_eliminar"":0,""count_pending"":0,""count_review_action"":0,""count_other"":0}";import;qa_ok_importar_found
5271401418;EXHAUST MANIFOLD 4 C YL (ASSEMBLY);;91,600 KG;import;qa_ok_importar_found;true;1;12V4000M40A;1101404;154;"{""total_rows"":1,""count_ok_importar"":1,""count_ok_eliminar"":0,""count_pending"":0,""count_review_action"":0,""count_other"":0}";import;qa_ok_importar_found
5271530037;SCREEN WIRE MTG STRIPS;;1.700 kg;import;qa_ok_importar_found;true;2;16V4000M90;1602253, 1602277;317, 318;"{""total_rows"":2,""count_ok_importar"":2,""count_ok_eliminar"":0,""count_pending"":0,""count_review_action"":0,""count_other"":0}";import;qa_ok_importar_found
5271800419;OIL LINE;;0.17 KGM;import;qa_ok_importar_found;true;1;12V4000M40A;1101406;195;"{""total_rows"":1,""count_ok_importar"":1,""count_ok_eliminar"":0,""count_pending"":0,""count_review_action"":0,""count_other"":0}";import;qa_ok_importar_found
5272001618;ELBOW;;8.77 KGM;import;qa_ok_importar_found;true;1;12V4000M40A;1101408;279;"{""total_rows"":1,""count_ok_importar"":1,""count_ok_eliminar"":0,""count_pending"":0,""count_review_action"":0,""count_other"":0}";import;qa_ok_importar_found
5272010505;SHAFT WAT PUMP HT CO OLING CIRCUT;;1.841 KGM;import;qa_ok_importar_found;true;1;12V4000M40A;1101415;280;"{""total_rows"":1,""count_ok_importar"":1,""count_ok_eliminar"":0,""count_pending"":0,""count_review_action"":0,""count_other"":0}";import;qa_ok_importar_found
5272030822;ELBOW;;;import;qa_ok_importar_found;true;1;16V4000M90;1601868;251;"{""total_rows"":1,""count_ok_importar"":1,""count_ok_eliminar"":0,""count_pending"":0,""count_review_action"":0,""count_other"":0}";import;qa_ok_importar_found
5275300813;PLUG-IN BOARD;;100 G;import;qa_ok_importar_found;true;1;16V4000M61;1302548;405;"{""total_rows"":1,""count_ok_importar"":1,""count_ok_eliminar"":0,""count_pending"":0,""count_review_action"":0,""count_other"":0}";import;qa_ok_importar_found
5275302613;PLUG-IN BOARD;;100,000 g;import;qa_ok_importar_found;true;1;12V4000M70;1905298;797;"{""total_rows"":1,""count_ok_importar"":1,""count_ok_eliminar"":0,""count_pending"":0,""count_review_action"":0,""count_other"":0}";import;qa_ok_importar_found
5275302925;WIRING HARNESS FOR ON-ENGINE SENSO;;0.492 KGM;import;qa_ok_importar_found;true;1;12V4000M40A;1101424;345;"{""total_rows"":1,""count_ok_importar"":1,""count_ok_eliminar"":0,""count_pending"":0,""count_review_action"":0,""count_other"":0}";import;qa_ok_importar_found
5275303413;PLUG-IN BOARD;;539,000 g;import;qa_ok_importar_found;true;1;12V4000M70;1904979;735;"{""total_rows"":1,""count_ok_importar"":1,""count_ok_eliminar"":0,""count_pending"":0,""count_review_action"":0,""count_other"":0}";import;qa_ok_importar_found
5275303837;PROGRAMMING CONNECTR FOR MONITOR SYSTEM PIM4;;;import;qa_ok_importar_found;true;1;16V4000M90;1602605;362;"{""total_rows"":1,""count_ok_importar"":1,""count_ok_eliminar"":0,""count_pending"":0,""count_review_action"":0,""count_other"":0}";import;qa_ok_importar_found
5275304360;HOUSING;;KF;import;qa_ok_importar_found;true;1;16V4000M61;1302312;367;"{""total_rows"":1,""count_ok_importar"":1,""count_ok_eliminar"":0,""count_pending"":0,""count_review_action"":0,""count_other"":0}";import;qa_ok_importar_found
5275304360/S0003;HOUSING;;3,440 KG KF;import;qa_ok_importar_found;true;1;12V4000M40A;1102412;408;"{""total_rows"":1,""count_ok_importar"":1,""count_ok_eliminar"":0,""count_pending"":0,""count_review_action"":0,""count_other"":0}";import;qa_ok_importar_found
5275304822;WIRING HARNESS TO INJECTOR;INJEKTOR / RADOX - LEITUNGEN;2.32 KGM;import;qa_ok_importar_found;true;1;12V4000M40A;1101425;345;"{""total_rows"":1,""count_ok_importar"":1,""count_ok_eliminar"":0,""count_pending"":0,""count_review_action"":0,""count_other"":0}";import;qa_ok_importar_found
5275305222;WIRING HARNESS TO IN JECTOR;INJEKTOR / RADOX - LEITUNGEN;3.09 KGM;import;qa_ok_importar_found;true;1;16V4000M61;1301996;337;"{""total_rows"":1,""count_ok_importar"":1,""count_ok_eliminar"":0,""count_pending"":0,""count_review_action"":0,""count_other"":0}";import;qa_ok_importar_found
5275305512;PLUG-IN BOARD MEM 6-01/A;KF;;import;qa_ok_importar_found;true;1;12V4000M40A;1101426;411;"{""total_rows"":1,""count_ok_importar"":1,""count_ok_eliminar"":0,""count_pending"":0,""count_review_action"":0,""count_other"":0}";import;qa_ok_importar_found
5275305512/76;PLUG-IN BOARD NOT ADJUSTED;;73 G;import;qa_ok_importar_found;true;1;12V4000M40A;1102413;412;"{""total_rows"":1,""count_ok_importar"":1,""count_ok_eliminar"":0,""count_pending"":0,""count_review_action"":0,""count_other"":0}";import;qa_ok_importar_found
5275306322;WIRING HARNESS FOR ON-ENGINE SENSO;MAXIMALUMFANG;2.645 KGM;import;qa_ok_importar_found;true;1;12V4000M40A;1101430;345;"{""total_rows"":1,""count_ok_importar"":1,""count_ok_eliminar"":0,""count_pending"":0,""count_review_action"":0,""count_other"":0}";import;qa_ok_importar_found
5275306722;WIRING HARNESS FOR ON-ENGINE SENSO;;0.71 KGM;import;qa_ok_importar_found;true;1;12V4000M40A;1101431;328;"{""total_rows"":1,""count_ok_importar"":1,""count_ok_eliminar"":0,""count_pending"":0,""count_review_action"":0,""count_other"":0}";import;qa_ok_importar_found
5275306822;WIRING HARNESS FOR ON-ENGINE SENSO;;760 G AB;import;qa_ok_importar_found;true;1;16V4000M61;1301992;334;"{""total_rows"":1,""count_ok_importar"":1,""count_ok_eliminar"":0,""count_pending"":0,""count_review_action"":0,""count_other"":0}";import;qa_ok_importar_found
5275307022;WIRING HARNESS FOR ON-ENGINE SENSO;;1.68 KGM;import;qa_ok_importar_found;true;1;12V4000M40A;1101432;329;"{""total_rows"":1,""count_ok_importar"":1,""count_ok_eliminar"":0,""count_pending"":0,""count_review_action"":0,""count_other"":0}";import;qa_ok_importar_found
5275307212;PLUG-IN BOARD;;;import;qa_ok_importar_found;true;1;12V4000M40A;1101433;410;"{""total_rows"":1,""count_ok_importar"":1,""count_ok_eliminar"":0,""count_pending"":0,""count_review_action"":0,""count_other"":0}";import;qa_ok_importar_found
5275307654;GOVERNOR;EM 455X277X91 (LXBXH);6,600 KG;import;qa_ok_importar_found;true;1;12V4000M40A;1101434;403;"{""total_rows"":1,""count_ok_importar"":1,""count_ok_eliminar"":0,""count_pending"":0,""count_review_action"":0,""count_other"":0}";import;qa_ok_importar_found
5275308412;PLUG-IN BOARD;;57 G;import;qa_ok_importar_found;true;1;12V4000M40A;1101435;406;"{""total_rows"":1,""count_ok_importar"":1,""count_ok_eliminar"":0,""count_pending"":0,""count_review_action"":0,""count_other"":0}";import;qa_ok_importar_found
5275308912;PLUG-IN BOARD;;17,000 g;import;qa_ok_importar_found;true;1;12V4000M70;1905296;797;"{""total_rows"":1,""count_ok_importar"":1,""count_ok_eliminar"":0,""count_pending"":0,""count_review_action"":0,""count_other"":0}";import;qa_ok_importar_found
5275308912/76;PLUG-IN CIRC.BOARD NOT ADJUSTED;;122,000 g MN;import;qa_ok_importar_found;true;1;12V4000M70;1905352;803;"{""total_rows"":1,""count_ok_importar"":1,""count_ok_eliminar"":0,""count_pending"":0,""count_review_action"":0,""count_other"":0}";import;qa_ok_importar_found
5275309837;VPI - PROG CONN FOR MON SYS PIM4;;5.000 g M;import;qa_ok_importar_found;true;1;16V4000M90;1602607;364;"{""total_rows"":1,""count_ok_importar"":1,""count_ok_eliminar"":0,""count_pending"":0,""count_review_action"":0,""count_other"":0}";import;qa_ok_importar_found
5275330546;FRAME;205X101X45;0.588 KGM;import;qa_ok_importar_found;true;1;12V4000M70;1905300;797;"{""total_rows"":1,""count_ok_importar"":1,""count_ok_eliminar"":0,""count_pending"":0,""count_review_action"":0,""count_other"":0}";import;qa_ok_importar_found
5275334402;HOUSING F/MONTRG SYST + GOV;423X270X76 (LXBXH);3,650 KG;import;qa_ok_importar_found;true;1;12V4000M40A;1101436;404;"{""total_rows"":1,""count_ok_importar"":1,""count_ok_eliminar"":0,""count_pending"":0,""count_review_action"":0,""count_other"":0}";import;qa_ok_importar_found
5275351291;COVER F/MONTRG SYST + GOV;427X275X11 (LXBXH);1.75 KGM;import;qa_ok_importar_found;true;1;12V4000M40A;1101438;404;"{""total_rows"":1,""count_ok_importar"":1,""count_ok_eliminar"":0,""count_pending"":0,""count_review_action"":0,""count_other"":0}";import;qa_ok_importar_found
5279870435;SEAL OIL PAN 4569LG;;0.5 KGM;import;qa_ok_importar_found;true;1;16V4000M61;1300071;19;"{""total_rows"":1,""count_ok_importar"":1,""count_ok_eliminar"":0,""count_pending"":0,""count_review_action"":0,""count_other"":0}";import;qa_ok_importar_found
5280140002;OIL PAN;;480.000 kg;import;qa_ok_importar_found;true;2;20V4000M93L;1800100, 1803672;1133, 1506;"{""total_rows"":2,""count_ok_importar"":2,""count_ok_eliminar"":0,""count_pending"":0,""count_review_action"":0,""count_other"":0}";import;qa_ok_importar_found
5280150031;INDICATOR DEAD CENTE R;;0.25 KGM;import;qa_ok_importar_found;true;2;20V4000M93L;1800133, 1803705;1138, 1511;"{""total_rows"":2,""count_ok_importar"":2,""count_ok_eliminar"":0,""count_pending"":0,""count_review_action"":0,""count_other"":0}";import;qa_ok_importar_found
5280330362;THRUST WASHER;;9.260 kg;import;qa_ok_importar_found;true;1;16V4000M73;1400158;39;"{""total_rows"":1,""count_ok_importar"":1,""count_ok_eliminar"":0,""count_pending"":0,""count_review_action"":0,""count_other"":0}";import;qa_ok_importar_found
5280500044;THRUST BEARING FLANG FOR CAMSHAFT;;1.647 kg;import;qa_ok_importar_found;true;2;20V4000M93L;1800465, 1804038;1184, 1557;"{""total_rows"":2,""count_ok_importar"":2,""count_ok_eliminar"":0,""count_pending"":0,""count_review_action"":0,""count_other"":0}";import;qa_ok_importar_found
5280500101;CAMSHAFT;;80.500 kg;import;qa_ok_importar_found;true;6;20V4000M93, 20V4000M93L;1700485, 1704235, 1707975, 1711715, 1800459, 1804032;84, 480, 876, 1272, 1184, 1557;"{""total_rows"":6,""count_ok_importar"":6,""count_ok_eliminar"":0,""count_pending"":0,""count_review_action"":0,""count_other"":0}";import;qa_ok_importar_found
5280510201;CAMSHAFT FREE END;;;import;qa_ok_importar_found;true;6;20V4000M93, 20V4000M93L;1700496, 1704246, 1707986, 1711726, 1800469, 1804042;85, 481, 877, 1273, 1185, 1558;"{""total_rows"":6,""count_ok_importar"":6,""count_ok_eliminar"":0,""count_pending"":0,""count_review_action"":0,""count_other"":0}";import;qa_ok_importar_found
5281700102;VALVE AIR STARTER 1;;;import;qa_ok_importar_found;true;1;12V4000M70;1901345;200;"{""total_rows"":1,""count_ok_importar"":1,""count_ok_eliminar"":0,""count_pending"":0,""count_review_action"":0,""count_other"":0}";import;qa_ok_importar_found
5281800319;TUBE HIGH PRESS FUEL PUMP LUBE OIL;;0.27 KGM;import;qa_ok_importar_found;true;1;16V4000M73;1401746;231;"{""total_rows"":1,""count_ok_importar"":1,""count_ok_eliminar"":0,""count_pending"":0,""count_review_action"":0,""count_other"":0}";import;qa_ok_importar_found
5281800519;TUBE ASM OIL LINE;;200,000 g SB;import;qa_ok_importar_found;true;1;12V4000M53;1200297;48;"{""total_rows"":1,""count_ok_importar"":1,""count_ok_eliminar"":0,""count_pending"":0,""count_review_action"":0,""count_other"":0}";import;qa_ok_importar_found
5281840509;COVER WATER DISTRIBUTION HOUSING BR 4000;;;import;qa_ok_importar_found;true;1;12V4000M53;1201476;204;"{""total_rows"":1,""count_ok_importar"":1,""count_ok_eliminar"":0,""count_pending"":0,""count_review_action"":0,""count_other"":0}";import;qa_ok_importar_found
5281840609;FLANGE;;0.22 KGM;import;qa_ok_importar_found;true;1;16V4000M73;1401713;227;"{""total_rows"":1,""count_ok_importar"":1,""count_ok_eliminar"":0,""count_pending"":0,""count_review_action"":0,""count_other"":0}";import;qa_ok_importar_found
5282000458;VENT LINE FOR COOLANT;;0.099 KGM;import;qa_ok_importar_found;true;1;12V4000M53;1201869;238;"{""total_rows"":1,""count_ok_importar"":1,""count_ok_eliminar"":0,""count_pending"":0,""count_review_action"":0,""count_other"":0}";import;qa_ok_importar_found
5282000658;VENT LINE FOR COOLAN T;;0.048 KGM;import;qa_ok_importar_found;true;1;12V4000M53;1201861;238;"{""total_rows"":1,""count_ok_importar"":1,""count_ok_eliminar"":0,""count_pending"":0,""count_review_action"":0,""count_other"":0}";import;qa_ok_importar_found
5285301983;MODULAR SYSTEM;;408 G;import;qa_ok_importar_found;true;1;12V4000M40A;1101440;360;"{""total_rows"":1,""count_ok_importar"":1,""count_ok_eliminar"":0,""count_pending"":0,""count_review_action"":0,""count_other"":0}";import;qa_ok_importar_found
5285301983/76;MODULAR SYSTEM NOT ADJUSTED;;0.403 KGM;import;qa_ok_importar_found;true;1;12V4000M40A;1102414;361;"{""total_rows"":1,""count_ok_importar"":1,""count_ok_eliminar"":0,""count_pending"":0,""count_review_action"":0,""count_other"":0}";import;qa_ok_importar_found
5285332102;HOUSING;;0.025 KGM;import;qa_ok_importar_found;true;1;12V4000M40A;1101449;320;"{""total_rows"":1,""count_ok_importar"":1,""count_ok_eliminar"":0,""count_pending"":0,""count_review_action"":0,""count_other"":0}";import;qa_ok_importar_found
5285332602;HOUSING;;0.072 KGM;import;qa_ok_importar_found;true;1;12V4000M40A;1101451;320;"{""total_rows"":1,""count_ok_importar"":1,""count_ok_eliminar"":0,""count_pending"":0,""count_review_action"":0,""count_other"":0}";import;qa_ok_importar_found
5285350291;COVER FOR HOUSING;62,8X41,7X2;0.002 KGM;import;qa_ok_importar_found;true;1;12V4000M40A;1101453;320;"{""total_rows"":1,""count_ok_importar"":1,""count_ok_eliminar"":0,""count_pending"":0,""count_review_action"":0,""count_other"":0}";import;qa_ok_importar_found
5285350891;COVER;;0.04 KGM;import;qa_ok_importar_found;true;1;12V4000M40A;1101455;320;"{""total_rows"":1,""count_ok_importar"":1,""count_ok_eliminar"":0,""count_pending"":0,""count_review_action"":0,""count_other"":0}";import;qa_ok_importar_found
5289870035;PROFILE RUBBER;;0.588 KGM;import;qa_ok_importar_found;true;6;20V4000M93, 20V4000M93L;1700119, 1703865, 1707605, 1711345, 1800101, 1803673;32, 428, 824, 1220, 1133, 1506;"{""total_rows"":6,""count_ok_importar"":6,""count_ok_eliminar"":0,""count_pending"":0,""count_review_action"":0,""count_other"":0}";import;qa_ok_importar_found
5295300413;PLUG-IN BOARD;;50,000 g;import;qa_ok_importar_found;true;1;12V4000M70;1905035;744;"{""total_rows"":1,""count_ok_importar"":1,""count_ok_eliminar"":0,""count_pending"":0,""count_review_action"":0,""count_other"":0}";import;qa_ok_importar_found
5295300413/78;PLUG-IN CIRC.BOARD;;64,800 g MN;import;qa_ok_importar_found;true;1;12V4000M70;1905040;745;"{""total_rows"":1,""count_ok_importar"":1,""count_ok_eliminar"":0,""count_pending"":0,""count_review_action"":0,""count_other"":0}";import;qa_ok_importar_found
5295306812/76;PLUG-IN BOARD NOT ADJUSTED;;100 G;import;qa_ok_importar_found;true;1;12V4000M40A;1102415;316;"{""total_rows"":1,""count_ok_importar"":1,""count_ok_eliminar"":0,""count_pending"":0,""count_review_action"":0,""count_other"":0}";import;qa_ok_importar_found
5295306812/S0003;PLUG-IN BOARD;MPU27-01 MIT U;32,600 G KF;import;qa_ok_importar_found;true;1;12V4000M40A;1102416;315;"{""total_rows"":1,""count_ok_importar"":1,""count_ok_eliminar"":0,""count_pending"":0,""count_review_action"":0,""count_other"":0}";import;qa_ok_importar_found
5295307212;PLUG-IN BOARD;;;import;qa_ok_importar_found;true;1;12V4000M70;1905324;799;"{""total_rows"":1,""count_ok_importar"":1,""count_ok_eliminar"":0,""count_pending"":0,""count_review_action"":0,""count_other"":0}";import;qa_ok_importar_found
5295308212/76;PLUG-IN BOARD NOT ADJUSTED;;108,500 G;import;qa_ok_importar_found;true;1;12V4000M40A;1102417;391;"{""total_rows"":1,""count_ok_importar"":1,""count_ok_eliminar"":0,""count_pending"":0,""count_review_action"":0,""count_other"":0}";import;qa_ok_importar_found
5295308212/S0001;PLUG-IN BOARD;MPU 23-03 /URL;50 G;import;qa_ok_importar_found;true;1;12V4000M40A;1102418;360;"{""total_rows"":1,""count_ok_importar"":1,""count_ok_eliminar"":0,""count_pending"":0,""count_review_action"":0,""count_other"":0}";import;qa_ok_importar_found
5295308612;PLUG-IN BOARD;BOB1-02;11 G;import;qa_ok_importar_found;true;1;12V4000M40A;1101460;390;"{""total_rows"":1,""count_ok_importar"":1,""count_ok_eliminar"":0,""count_pending"":0,""count_review_action"":0,""count_other"":0}";import;qa_ok_importar_found
5295308612/78;PLUG-IN CIRC.BOARD;;0.046 KGM;import;qa_ok_importar_found;true;1;12V4000M40A;1102421;392;"{""total_rows"":1,""count_ok_importar"":1,""count_ok_eliminar"":0,""count_pending"":0,""count_review_action"":0,""count_other"":0}";import;qa_ok_importar_found
5295308712;PLUG-IN BOARD;;200 G;import;qa_ok_importar_found;true;1;16V4000M61;1302558;405;"{""total_rows"":1,""count_ok_importar"":1,""count_ok_eliminar"":0,""count_pending"":0,""count_review_action"":0,""count_other"":0}";import;qa_ok_importar_found
5295308812;PLUG-IN BOARD;BIB 1-02;0.025 KGM;import;qa_ok_importar_found;true;1;12V4000M40A;1101461;360;"{""total_rows"":1,""count_ok_importar"":1,""count_ok_eliminar"":0,""count_pending"":0,""count_review_action"":0,""count_other"":0}";import;qa_ok_importar_found
5295309312;PLUG-IN BOARD;;30 G;import;qa_ok_importar_found;true;1;12V4000M40A;1101464;367;"{""total_rows"":1,""count_ok_importar"":1,""count_ok_eliminar"":0,""count_pending"":0,""count_review_action"":0,""count_other"":0}";import;qa_ok_importar_found
5295309312/78;PLUG-IN BOARD;;93,800 G;import;qa_ok_importar_found;true;1;12V4000M40A;1102422;368;"{""total_rows"":1,""count_ok_importar"":1,""count_ok_eliminar"":0,""count_pending"":0,""count_review_action"":0,""count_other"":0}";import;qa_ok_importar_found
5315460443;BRACKET H:41 S2000/S 4000;;0.064 KGM;import;qa_ok_importar_found;true;1;12V4000M53;1202569;306;"{""total_rows"":1,""count_ok_importar"":1,""count_ok_eliminar"":0,""count_pending"":0,""count_review_action"":0,""count_other"":0}";import;qa_ok_importar_found
5319971132;PLUG;;0.035 kg M18X1.5;import;qa_ok_importar_found;true;2;20V4000M93L;1801087, 1804693;1254, 1631;"{""total_rows"":2,""count_ok_importar"":2,""count_ok_eliminar"":0,""count_pending"":0,""count_review_action"":0,""count_other"":0}";import;qa_ok_importar_found
5350980050;BUSHING;;187,600 g;import;qa_ok_importar_found;true;1;12V4000M53;1201082;151;"{""total_rows"":1,""count_ok_importar"":1,""count_ok_eliminar"":0,""count_pending"":0,""count_review_action"":0,""count_other"":0}";import;qa_ok_importar_found
5360520080;GASKET;;0.006 KGM;import;qa_ok_importar_found;true;1;12V4000M40A;1101472;36;"{""total_rows"":1,""count_ok_importar"":1,""count_ok_eliminar"":0,""count_pending"":0,""count_review_action"":0,""count_other"":0}";import;qa_ok_importar_found
5360980118;ACTUATING CYLINDER BR2000 1;;;import;qa_ok_importar_found;true;1;12V4000M70;1900981;157;"{""total_rows"":1,""count_ok_importar"":1,""count_ok_eliminar"":0,""count_pending"":0,""count_review_action"":0,""count_other"":0}";import;qa_ok_importar_found
5360980218;CYLINDER ACTUATING;;0.347 KGM;import;qa_ok_importar_found;true;1;12V4000M70;1900954;154;"{""total_rows"":1,""count_ok_importar"":1,""count_ok_eliminar"":0,""count_pending"":0,""count_review_action"":0,""count_other"":0}";import;qa_ok_importar_found
5361400046;ROD ASM;;0.06 KGM;import;qa_ok_importar_found;true;1;12V4000M40A;1101473;160;"{""total_rows"":1,""count_ok_importar"":1,""count_ok_eliminar"":0,""count_pending"":0,""count_review_action"":0,""count_other"":0}";import;qa_ok_importar_found
5361531040;RETAINER;80 X 4,0 X 20;0.052 KGM;import;qa_ok_importar_found;true;1;12V4000M40A;1101474;342;"{""total_rows"":1,""count_ok_importar"":1,""count_ok_eliminar"":0,""count_pending"":0,""count_review_action"":0,""count_other"":0}";import;qa_ok_importar_found
5361840156;PLUG;;0.061 KGM;import;qa_ok_importar_found;true;1;12V4000M40A;1101476;200;"{""total_rows"":1,""count_ok_importar"":1,""count_ok_eliminar"":0,""count_pending"":0,""count_review_action"":0,""count_other"":0}";import;qa_ok_importar_found
5369910120;STUD BALL;;0.057 KGM;import;qa_ok_importar_found;true;1;12V4000M40A;1101477;200;"{""total_rows"":1,""count_ok_importar"":1,""count_ok_eliminar"":0,""count_pending"":0,""count_review_action"":0,""count_other"":0}";import;qa_ok_importar_found
005401303000;BALL;3G20;0.001 KGM;import;qa_ok_importar_found;true;1;12V4000M40A;1101481;124;"{""total_rows"":1,""count_ok_importar"":1,""count_ok_eliminar"":0,""count_pending"":0,""count_review_action"":0,""count_other"":0}";import;qa_ok_importar_found
005401304000;BALL;4G20;0.001 KGM;import;qa_ok_importar_found;true;1;12V4000M53;1200915;131;"{""total_rows"":1,""count_ok_importar"":1,""count_ok_eliminar"":0,""count_pending"":0,""count_review_action"":0,""count_other"":0}";import;qa_ok_importar_found
5410100080;INSERT;;137 G;import;qa_ok_importar_found;true;1;12V4000M40A;1101482;32;"{""total_rows"":1,""count_ok_importar"":1,""count_ok_eliminar"":0,""count_pending"":0,""count_review_action"":0,""count_other"":0}";import;qa_ok_importar_found
5410100163;OIL SEPARATOR;;0.227 KGM;import;qa_ok_importar_found;true;1;16V4000M73;1400287;46;"{""total_rows"":1,""count_ok_importar"":1,""count_ok_eliminar"":0,""count_pending"":0,""count_review_action"":0,""count_other"":0}";import;qa_ok_importar_found
5410180233;DIAPHRAGM F OIL SEPARATOR;;0.019 KGM;import;qa_ok_importar_found;true;1;12V4000M40A;1101483;32;"{""total_rows"":1,""count_ok_importar"":1,""count_ok_eliminar"":0,""count_pending"":0,""count_review_action"":0,""count_other"":0}";import;qa_ok_importar_found
5500780446;ANGLE;;0.031 KGM;import;qa_ok_importar_found;true;6;20V4000M93, 20V4000M93L;1700235, 1703979, 1707719, 1711459, 1800232, 1803804;41, 437, 833, 1229, 1143, 1516;"{""total_rows"":6,""count_ok_importar"":6,""count_ok_eliminar"":0,""count_pending"":0,""count_review_action"":0,""count_other"":0}";import;qa_ok_importar_found
5501871180;GASKET;;0.001 KGM;import;qa_ok_importar_found;true;1;12V4000M40A;1101487;213;"{""total_rows"":1,""count_ok_importar"":1,""count_ok_eliminar"":0,""count_pending"":0,""count_review_action"":0,""count_other"":0}";import;qa_ok_importar_found
5501871280;GASKET;;0.001 KGM;import;qa_ok_importar_found;true;1;12V4000M53;1200009;22;"{""total_rows"":1,""count_ok_importar"":1,""count_ok_eliminar"":0,""count_pending"":0,""count_review_action"":0,""count_other"":0}";import;qa_ok_importar_found
5502030043;ANGLE;H023;0.035 KGM;import;qa_ok_importar_found;true;1;12V4000M53;1200657;108;"{""total_rows"":1,""count_ok_importar"":1,""count_ok_eliminar"":0,""count_pending"":0,""count_review_action"":0,""count_other"":0}";import;qa_ok_importar_found
5502030343;BRACKET;;56,900 g;import;qa_ok_importar_found;true;1;12V4000M53;1200224;41;"{""total_rows"":1,""count_ok_importar"":1,""count_ok_eliminar"":0,""count_pending"":0,""count_review_action"":0,""count_other"":0}";import;qa_ok_importar_found
5502034640;BRACKET L H:25;;0.033 KGM;import;qa_ok_importar_found;true;1;12V4000M40A;1101488;257;"{""total_rows"":1,""count_ok_importar"":1,""count_ok_eliminar"":0,""count_pending"":0,""count_review_action"":0,""count_other"":0}";import;qa_ok_importar_found
5509901540;WASHER;;0.005 KGM;import;qa_ok_importar_found;true;1;16V4000M73;1400040;26;"{""total_rows"":1,""count_ok_importar"":1,""count_ok_eliminar"":0,""count_pending"":0,""count_review_action"":0,""count_other"":0}";import;qa_ok_importar_found
5509970067;FLANGE COVER;;0.911 KGM;import;qa_ok_importar_found;true;1;12V4000M40A;1101490;287;"{""total_rows"":1,""count_ok_importar"":1,""count_ok_eliminar"":0,""count_pending"":0,""count_review_action"":0,""count_other"":0}";import;qa_ok_importar_found
5511530050;SPACER BUSHING;10 X 18 X 10;0.01 KGM;import;qa_ok_importar_found;true;1;12V4000M40A;1101491;26;"{""total_rows"":1,""count_ok_importar"":1,""count_ok_eliminar"":0,""count_pending"":0,""count_review_action"":0,""count_other"":0}";import;qa_ok_importar_found
5512030053;SPACER TUBE;;0.054 KGM;import;qa_ok_importar_found;true;6;20V4000M93, 20V4000M93L;1700184, 1703928, 1707668, 1711408, 1800181, 1803752;40, 436, 832, 1228, 1142, 1515;"{""total_rows"":6,""count_ok_importar"":6,""count_ok_eliminar"":0,""count_pending"":0,""count_review_action"":0,""count_other"":0}";import;qa_ok_importar_found
5530720338;BRACKET FLAT W/45 DE G CHAMF H:64;;0.071 KGM;import;qa_ok_importar_found;true;1;12V4000M53;1202671;319;"{""total_rows"":1,""count_ok_importar"":1,""count_ok_eliminar"":0,""count_pending"":0,""count_review_action"":0,""count_other"":0}";import;qa_ok_importar_found
5550540174;PIN;;45 G;import;qa_ok_importar_found;true;1;12V4000M40A;1101497;78;"{""total_rows"":1,""count_ok_importar"":1,""count_ok_eliminar"":0,""count_pending"":0,""count_review_action"":0,""count_other"":0}";import;qa_ok_importar_found
5550781241;BRACKET;;0.103 KGM;import;qa_ok_importar_found;true;12;20V4000M93, 20V4000M93L;1702614, 1702622, 1706354, 1706362, 1710094, 1710102, 1713838, 1713846, 1802666, 1802674, 1806325, 1806333;288, 684, 1080, 1476, 1397, 1777;"{""total_rows"":12,""count_ok_importar"":12,""count_ok_eliminar"":0,""count_pending"":0,""count_review_action"":0,""count_other"":0}";import;qa_ok_importar_found
5552031780;GASKET;;0.01 KGM;import;qa_ok_importar_found;true;1;12V4000M40A;1101501;287;"{""total_rows"":1,""count_ok_importar"":1,""count_ok_eliminar"":0,""count_pending"":0,""count_review_action"":0,""count_other"":0}";import;qa_ok_importar_found
5552032380;GASKET;;0.005 KGM;import;qa_ok_importar_found;true;1;12V4000M40A;1101502;238;"{""total_rows"":1,""count_ok_importar"":1,""count_ok_eliminar"":0,""count_pending"":0,""count_review_action"":0,""count_other"":0}";import;qa_ok_importar_found
5552032880;GASKET;;0.016 KGM;import;qa_ok_importar_found;true;1;12V4000M40A;1101504;279;"{""total_rows"":1,""count_ok_importar"":1,""count_ok_eliminar"":0,""count_pending"":0,""count_review_action"":0,""count_other"":0}";import;qa_ok_importar_found
5559920101;BUSHING;;0.017 KGM;import;qa_ok_importar_found;true;1;12V4000M53;1201863;238;"{""total_rows"":1,""count_ok_importar"":1,""count_ok_eliminar"":0,""count_pending"":0,""count_review_action"":0,""count_other"":0}";import;qa_ok_importar_found
5564910150;BUSHING;8,5 X 20 X 22;0.044 KGM;import;qa_ok_importar_found;true;1;12V4000M53;1201665;217;"{""total_rows"":1,""count_ok_importar"":1,""count_ok_eliminar"":0,""count_pending"":0,""count_review_action"":0,""count_other"":0}";import;qa_ok_importar_found
5569970574;FITTING TEE;DN 6 / M14X1,5;0.048 KGM;import;qa_ok_importar_found;true;1;12V4000M40A;1101507;257;"{""total_rows"":1,""count_ok_importar"":1,""count_ok_eliminar"":0,""count_pending"":0,""count_review_action"":0,""count_other"":0}";import;qa_ok_importar_found
5569970674;FITTING TEE;DN 8 / M16X1,5;0.062 KGM;import;qa_ok_importar_found;true;1;12V4000M53;1200235;41;"{""total_rows"":1,""count_ok_importar"":1,""count_ok_eliminar"":0,""count_pending"":0,""count_review_action"":0,""count_other"":0}";import;qa_ok_importar_found
5569970774;FITTING TEE;DN 10 / M18X1,5;0.076 KGM;import;qa_ok_importar_found;true;1;12V4000M40A;1101508;152;"{""total_rows"":1,""count_ok_importar"":1,""count_ok_eliminar"":0,""count_pending"":0,""count_review_action"":0,""count_other"":0}";import;qa_ok_importar_found
5569970974;FITTING TEE;DN 20 / M30X1,5;0.252 KGM;import;qa_ok_importar_found;true;1;12V4000M40A;1101509;252;"{""total_rows"":1,""count_ok_importar"":1,""count_ok_eliminar"":0,""count_pending"":0,""count_review_action"":0,""count_other"":0}";import;qa_ok_importar_found
5569971074;TEE;DN 25 / M38X1,5;0.464 KGM;import;qa_ok_importar_found;true;1;12V4000M40A;1101510;243;"{""total_rows"":1,""count_ok_importar"":1,""count_ok_eliminar"":0,""count_pending"":0,""count_review_action"":0,""count_other"":0}";import;qa_ok_importar_found
5590780341;STRAP COOLANT DRAIN LINE;;0.06 KGM;import;qa_ok_importar_found;true;1;12V4000M40A;1101513;252;"{""total_rows"":1,""count_ok_importar"":1,""count_ok_eliminar"":0,""count_pending"":0,""count_review_action"":0,""count_other"":0}";import;qa_ok_importar_found
5590981750;FLANGE;;190,000 g;import;qa_ok_importar_found;true;1;12V4000M53;1201090;151;"{""total_rows"":1,""count_ok_importar"":1,""count_ok_eliminar"":0,""count_pending"":0,""count_review_action"":0,""count_other"":0}";import;qa_ok_importar_found
5592032580;GASKET;;0.002 KGM;import;qa_ok_importar_found;true;1;12V4000M40A;1101517;135;"{""total_rows"":1,""count_ok_importar"":1,""count_ok_eliminar"":0,""count_pending"":0,""count_review_action"":0,""count_other"":0}";import;qa_ok_importar_found
5602030280;GASKET;;0.003 KGM;import;qa_ok_importar_found;true;1;12V4000M40A;1101518;22;"{""total_rows"":1,""count_ok_importar"":1,""count_ok_eliminar"":0,""count_pending"":0,""count_review_action"":0,""count_other"":0}";import;qa_ok_importar_found
5612031880;GASKET;;0.017 KGM;import;qa_ok_importar_found;true;6;20V4000M93, 20V4000M93L;1702934, 1706674, 1710414, 1714157, 1802999, 1806657;318, 714, 1110, 1506, 1427, 1807;"{""total_rows"":6,""count_ok_importar"":6,""count_ok_eliminar"":0,""count_pending"":0,""count_review_action"":0,""count_other"":0}";import;qa_ok_importar_found
5612032780;GASKET;;0.007 KGM;import;qa_ok_importar_found;true;6;20V4000M93, 20V4000M93L;1702938, 1706678, 1710418, 1714161, 1803003, 1806661;318, 714, 1110, 1506, 1427, 1807;"{""total_rows"":6,""count_ok_importar"":6,""count_ok_eliminar"":0,""count_pending"":0,""count_review_action"":0,""count_other"":0}";import;qa_ok_importar_found
5621532340;BRACKET H:77;;0.038 KGM;import;qa_ok_importar_found;true;1;12V4000M40A;1101520;225;"{""total_rows"":1,""count_ok_importar"":1,""count_ok_eliminar"":0,""count_pending"":0,""count_review_action"":0,""count_other"":0}";import;qa_ok_importar_found
5800780180;GASKET;;0.006 KGM;import;qa_ok_importar_found;true;1;12V4000M70;1900683;118;"{""total_rows"":1,""count_ok_importar"":1,""count_ok_eliminar"":0,""count_pending"":0,""count_review_action"":0,""count_other"":0}";import;qa_ok_importar_found
5801750180;GASKET;;0.012 KGM;import;qa_ok_importar_found;true;1;12V4000M40A;1101526;26;"{""total_rows"":1,""count_ok_importar"":1,""count_ok_eliminar"":0,""count_pending"":0,""count_review_action"":0,""count_other"":0}";import;qa_ok_importar_found
5802000039;SUPPORT;;5.400 kg SB;import;qa_ok_importar_found;true;6;20V4000M93, 20V4000M93L;1702921, 1706661, 1710401, 1714144, 1802986, 1806644;318, 714, 1110, 1506, 1427, 1807;"{""total_rows"":6,""count_ok_importar"":6,""count_ok_eliminar"":0,""count_pending"":0,""count_review_action"":0,""count_other"":0}";import;qa_ok_importar_found
5802035580;GASKET;;0.046 KGM;import;qa_ok_importar_found;true;1;12V4000M53;1202097;250;"{""total_rows"":1,""count_ok_importar"":1,""count_ok_eliminar"":0,""count_pending"":0,""count_review_action"":0,""count_other"":0}";import;qa_ok_importar_found
5840700280;TUBE VENT W/BANJO FT G 8MM X 10MM X 90;;0.066 KGM;import;qa_ok_importar_found;true;1;12V4000M40A;1101530;105;"{""total_rows"":1,""count_ok_importar"":1,""count_ok_eliminar"":0,""count_pending"":0,""count_review_action"":0,""count_other"":0}";import;qa_ok_importar_found
5840983726;BRACKET;;52.800 g;import;qa_ok_importar_found;true;1;16V4000M73;1400813;132;"{""total_rows"":1,""count_ok_importar"":1,""count_ok_eliminar"":0,""count_pending"":0,""count_review_action"":0,""count_other"":0}";import;qa_ok_importar_found
5901751641;BRACKET L H:22;;0.032 KGM;import;qa_ok_importar_found;true;1;12V4000M53;1202682;320;"{""total_rows"":1,""count_ok_importar"":1,""count_ok_eliminar"":0,""count_pending"":0,""count_review_action"":0,""count_other"":0}";import;qa_ok_importar_found
5901871580;GASKET;;0.016 KGM;import;qa_ok_importar_found;true;4;20V4000M93;1702210, 1705950, 1709690, 1713434;266, 662, 1058, 1454;"{""total_rows"":4,""count_ok_importar"":4,""count_ok_eliminar"":0,""count_pending"":0,""count_review_action"":0,""count_other"":0}";import;qa_ok_importar_found
5929975449;GASKET;;0.012 KGM;import;qa_ok_importar_found;true;1;16V4000M73;1402443;293;"{""total_rows"":1,""count_ok_importar"":1,""count_ok_eliminar"":0,""count_pending"":0,""count_review_action"":0,""count_other"":0}";import;qa_ok_importar_found
06021700609;SCREW;M 10 X 25;0.019 KGM;import;qa_ok_importar_found;true;1;12V4000M70;1901409;207;"{""total_rows"":1,""count_ok_importar"":1,""count_ok_eliminar"":0,""count_pending"":0,""count_review_action"":0,""count_other"":0}";import;qa_ok_importar_found
006796012100;CONICAL SPR. WASHER;12;0.011 KGM;import;qa_ok_importar_found;true;1;12V4000M40A;1101549;26;"{""total_rows"":1,""count_ok_importar"":1,""count_ok_eliminar"":0,""count_pending"":0,""count_review_action"":0,""count_other"":0}";import;qa_ok_importar_found
006797004232;TOOTHED WASHER J4.3;J 4,3;0.001 KGM;import;qa_ok_importar_found;true;1;12V4000M40A;1101552;359;"{""total_rows"":1,""count_ok_importar"":1,""count_ok_eliminar"":0,""count_pending"":0,""count_review_action"":0,""count_other"":0}";import;qa_ok_importar_found
006885005005;KEY WOODRUFF A;A 5 X 5 X 28;0.005 KGM;import;qa_ok_importar_found;true;1;12V4000M40A;1101553;192;"{""total_rows"":1,""count_ok_importar"":1,""count_ok_eliminar"":0,""count_pending"":0,""count_review_action"":0,""count_other"":0}";import;qa_ok_importar_found
007349008000;WASHER;8,4;7.700 g 8,4 DIN7349;import;qa_ok_importar_found;true;1;16V4000M73;1401950;252;"{""total_rows"":1,""count_ok_importar"":1,""count_ok_eliminar"":0,""count_pending"":0,""count_review_action"":0,""count_other"":0}";import;qa_ok_importar_found
007349010001;WASHER;10,5;0.011 KGM;import;qa_ok_importar_found;true;1;12V4000M53;1202248;265;"{""total_rows"":1,""count_ok_importar"":1,""count_ok_eliminar"":0,""count_pending"":0,""count_review_action"":0,""count_other"":0}";import;qa_ok_importar_found
007349010002;WASHER;10,5;0.011 KGM;import;qa_ok_importar_found;true;1;12V4000M40A;1101564;105;"{""total_rows"":1,""count_ok_importar"":1,""count_ok_eliminar"":0,""count_pending"":0,""count_review_action"":0,""count_other"":0}";import;qa_ok_importar_found
007349013002;WASHER;13;0.022 KGM;import;qa_ok_importar_found;true;1;12V4000M40A;1101567;20;"{""total_rows"":1,""count_ok_importar"":1,""count_ok_eliminar"":0,""count_pending"":0,""count_review_action"":0,""count_other"":0}";import;qa_ok_importar_found
007603010110;WASHER A COP;A 10 X 13,5;0.001 KGM;import;qa_ok_importar_found;true;1;12V4000M40A;1101568;115;"{""total_rows"":1,""count_ok_importar"":1,""count_ok_eliminar"":0,""count_pending"":0,""count_review_action"":0,""count_other"":0}";import;qa_ok_importar_found
007603010112;SEALING RING;A 10 X 15;0,500 g A 10 X 15 DIN7603;import;qa_ok_importar_found;true;1;12V4000M53;1201098;151;"{""total_rows"":1,""count_ok_importar"":1,""count_ok_eliminar"":0,""count_pending"":0,""count_review_action"":0,""count_other"":0}";import;qa_ok_importar_found
007603012102;WASHER A COP;A 12 X 16;0.001 KGM;import;qa_ok_importar_found;true;1;12V4000M53;1201982;240;"{""total_rows"":1,""count_ok_importar"":1,""count_ok_eliminar"":0,""count_pending"":0,""count_review_action"":0,""count_other"":0}";import;qa_ok_importar_found
007603012106;WASHER A COP;A 12 X 18;1,520 g A 12 X 18 DIN7603;import;qa_ok_importar_found;true;1;12V4000M53;1201283;172;"{""total_rows"":1,""count_ok_importar"":1,""count_ok_eliminar"":0,""count_pending"":0,""count_review_action"":0,""count_other"":0}";import;qa_ok_importar_found
007603014102;SEAL RING;A 14 X 18;0.001 KGM;import;qa_ok_importar_found;true;1;12V4000M40A;1101574;65;"{""total_rows"":1,""count_ok_importar"":1,""count_ok_eliminar"":0,""count_pending"":0,""count_review_action"":0,""count_other"":0}";import;qa_ok_importar_found
007603014103;WASHER A;A 14 X 18;0.001 KGM;import;qa_ok_importar_found;true;1;12V4000M40A;1101588;345;"{""total_rows"":1,""count_ok_importar"":1,""count_ok_eliminar"":0,""count_pending"":0,""count_review_action"":0,""count_other"":0}";import;qa_ok_importar_found
007603014106;WASHER A COP;A 14 X 20;0.002 KGM;import;qa_ok_importar_found;true;1;12V4000M40A;1101589;115;"{""total_rows"":1,""count_ok_importar"":1,""count_ok_eliminar"":0,""count_pending"":0,""count_review_action"":0,""count_other"":0}";import;qa_ok_importar_found
007603016103;RING,GENERAL;A 16 X 22;1,800 g A 16 X 22 DIN7603;import;qa_ok_importar_found;true;1;12V4000M53;1201758;228;"{""total_rows"":1,""count_ok_importar"":1,""count_ok_eliminar"":0,""count_pending"":0,""count_review_action"":0,""count_other"":0}";import;qa_ok_importar_found
007603016105;SEAL RING;A 16 X 20;0.001 KGM;import;qa_ok_importar_found;true;1;12V4000M40A;1101591;27;"{""total_rows"":1,""count_ok_importar"":1,""count_ok_eliminar"":0,""count_pending"":0,""count_review_action"":0,""count_other"":0}";import;qa_ok_importar_found
007603017102;WASHER A COP;A 17 X 21;0.001 KGM;import;qa_ok_importar_found;true;1;12V4000M40A;1101594;152;"{""total_rows"":1,""count_ok_importar"":1,""count_ok_eliminar"":0,""count_pending"":0,""count_review_action"":0,""count_other"":0}";import;qa_ok_importar_found
007603018101;COPPER SEALING RING;A 18 X 22;0.001 KGM;import;qa_ok_importar_found;true;1;12V4000M40A;1101596;30;"{""total_rows"":1,""count_ok_importar"":1,""count_ok_eliminar"":0,""count_pending"":0,""count_review_action"":0,""count_other"":0}";import;qa_ok_importar_found
007603018104;WASHER A COP;A 18 X 24;0.002 KGM;import;qa_ok_importar_found;true;1;12V4000M53;1202839;338;"{""total_rows"":1,""count_ok_importar"":1,""count_ok_eliminar"":0,""count_pending"":0,""count_review_action"":0,""count_other"":0}";import;qa_ok_importar_found
007603020103;WASHER A COP;A 20 X 26;0.002 KGM;import;qa_ok_importar_found;true;1;12V4000M40A;1101610;50;"{""total_rows"":1,""count_ok_importar"":1,""count_ok_eliminar"":0,""count_pending"":0,""count_review_action"":0,""count_other"":0}";import;qa_ok_importar_found
007603021100;WASHER A COP;A 21 X 26;0.002 KGM;import;qa_ok_importar_found;true;1;12V4000M40A;1101611;193;"{""total_rows"":1,""count_ok_importar"":1,""count_ok_eliminar"":0,""count_pending"":0,""count_review_action"":0,""count_other"":0}";import;qa_ok_importar_found
007603022102;COPPER SEALING RING;A 22 X 27;0.002 KGM;import;qa_ok_importar_found;true;1;12V4000M40A;1101612;26;"{""total_rows"":1,""count_ok_importar"":1,""count_ok_eliminar"":0,""count_pending"":0,""count_review_action"":0,""count_other"":0}";import;qa_ok_importar_found
007603022105;WASHER A COP;A 22 X 29;0.003 KGM;import;qa_ok_importar_found;true;1;12V4000M40A;1101616;258;"{""total_rows"":1,""count_ok_importar"":1,""count_ok_eliminar"":0,""count_pending"":0,""count_review_action"":0,""count_other"":0}";import;qa_ok_importar_found
007603022403;SEALING RING;D 22 X 27;0.002 KGM;import;qa_ok_importar_found;true;1;12V4000M40A;1101617;287;"{""total_rows"":1,""count_ok_importar"":1,""count_ok_eliminar"":0,""count_pending"":0,""count_review_action"":0,""count_other"":0}";import;qa_ok_importar_found
007603024106;SEALING RING;A 24 X 29;2,700 g A 24 X 29 DIN7603;import;qa_ok_importar_found;true;1;12V4000M53;1202317;278;"{""total_rows"":1,""count_ok_importar"":1,""count_ok_eliminar"":0,""count_pending"":0,""count_review_action"":0,""count_other"":0}";import;qa_ok_importar_found
007603026101;WASHER A COP;A 26 X 32;0.004 KGM;import;qa_ok_importar_found;true;1;12V4000M40A;1101618;105;"{""total_rows"":1,""count_ok_importar"":1,""count_ok_eliminar"":0,""count_pending"":0,""count_review_action"":0,""count_other"":0}";import;qa_ok_importar_found
007603026104;COPPER SEALING RING;A 26 X 31;0.003 KGM;import;qa_ok_importar_found;true;1;12V4000M40A;1101620;36;"{""total_rows"":1,""count_ok_importar"":1,""count_ok_eliminar"":0,""count_pending"":0,""count_review_action"":0,""count_other"":0}";import;qa_ok_importar_found
007603026109;COPPER SEALING RING;A 26 X 34;0.005 KGM;import;qa_ok_importar_found;true;1;12V4000M40A;1101626;258;"{""total_rows"":1,""count_ok_importar"":1,""count_ok_eliminar"":0,""count_pending"":0,""count_review_action"":0,""count_other"":0}";import;qa_ok_importar_found
007603027100;WASHER A COP;A 27 X 32;0.002 KGM;import;qa_ok_importar_found;true;1;12V4000M40A;1101627;243;"{""total_rows"":1,""count_ok_importar"":1,""count_ok_eliminar"":0,""count_pending"":0,""count_review_action"":0,""count_other"":0}";import;qa_ok_importar_found
007603027101;WASHER A;A 27 X 32;1,000 g A 27 X 32 DIN7603;import;qa_ok_importar_found;true;1;12V4000M53;1202321;278;"{""total_rows"":1,""count_ok_importar"":1,""count_ok_eliminar"":0,""count_pending"":0,""count_review_action"":0,""count_other"":0}";import;qa_ok_importar_found
007603030101;COPPER SEALING RING;A 30 X 36;0.004 KGM;import;qa_ok_importar_found;true;1;12V4000M40A;1101628;22;"{""total_rows"":1,""count_ok_importar"":1,""count_ok_eliminar"":0,""count_pending"":0,""count_review_action"":0,""count_other"":0}";import;qa_ok_importar_found
007603033100;WASHER A33X39 COP ME TALLIC;A 33 X 39;0.003 KGM;import;qa_ok_importar_found;true;1;12V4000M40A;1101641;221;"{""total_rows"":1,""count_ok_importar"":1,""count_ok_eliminar"":0,""count_pending"":0,""count_review_action"":0,""count_other"":0}";import;qa_ok_importar_found
007603036101;WASHER A COP;A 36 X 42;0.001 KGM;import;qa_ok_importar_found;true;1;16V4000M73;1401984;253;"{""total_rows"":1,""count_ok_importar"":1,""count_ok_eliminar"":0,""count_pending"":0,""count_review_action"":0,""count_other"":0}";import;qa_ok_importar_found
007603038101;COPPER SEALING RING;A 38 X 44;0.004 KGM;import;qa_ok_importar_found;true;1;12V4000M40A;1101643;36;"{""total_rows"":1,""count_ok_importar"":1,""count_ok_eliminar"":0,""count_pending"":0,""count_review_action"":0,""count_other"":0}";import;qa_ok_importar_found
007603042101;COPPER SEALING RING;A 42 X 49;0.007 KGM;import;qa_ok_importar_found;true;1;12V4000M40A;1101650;169;"{""total_rows"":1,""count_ok_importar"":1,""count_ok_eliminar"":0,""count_pending"":0,""count_review_action"":0,""count_other"":0}";import;qa_ok_importar_found
007603048101;COPPER SEALING RING;A 48 X 55;0.008 KGM;import;qa_ok_importar_found;true;1;12V4000M53;1202181;262;"{""total_rows"":1,""count_ok_importar"":1,""count_ok_eliminar"":0,""count_pending"":0,""count_review_action"":0,""count_other"":0}";import;qa_ok_importar_found
007603052101;COPPER SEALING RING;A 52 X 60;0.013 KGM;import;qa_ok_importar_found;true;1;12V4000M40A;1101653;37;"{""total_rows"":1,""count_ok_importar"":1,""count_ok_eliminar"":0,""count_pending"":0,""count_review_action"":0,""count_other"":0}";import;qa_ok_importar_found
007603060101;SEALING RING;A 60 X 68;0.014 KGM;import;qa_ok_importar_found;true;1;12V4000M40A;1101656;220;"{""total_rows"":1,""count_ok_importar"":1,""count_ok_eliminar"":0,""count_pending"":0,""count_review_action"":0,""count_other"":0}";import;qa_ok_importar_found
007604010102;PLUG;A M 10 X 1;0.008 kg A M 10 X 1 DIN7604;import;qa_ok_importar_found;true;1;16V4000M90;1600753;124;"{""total_rows"":1,""count_ok_importar"":1,""count_ok_eliminar"":0,""count_pending"":0,""count_review_action"":0,""count_other"":0}";import;qa_ok_importar_found
007604012102;PLUG;A M 12 X 1,5;0.019 KGM;import;qa_ok_importar_found;true;1;12V4000M40A;1101657;92;"{""total_rows"":1,""count_ok_importar"":1,""count_ok_eliminar"":0,""count_pending"":0,""count_review_action"":0,""count_other"":0}";import;qa_ok_importar_found
8381594740;BRACKET;;0.06 KGM;import;qa_ok_importar_found;true;1;12V4000M40A;1101663;115;"{""total_rows"":1,""count_ok_importar"":1,""count_ok_eliminar"":0,""count_pending"":0,""count_review_action"":0,""count_other"":0}";import;qa_ok_importar_found
8490910009;PISTON;18X21;0.025 KGM;import;qa_ok_importar_found;true;1;12V4000M40A;1101664;193;"{""total_rows"":1,""count_ok_importar"":1,""count_ok_eliminar"":0,""count_pending"":0,""count_review_action"":0,""count_other"":0}";import;qa_ok_importar_found
8490910011;NUT;;0.116 KGM;import;qa_ok_importar_found;true;1;12V4000M40A;1101665;193;"{""total_rows"":1,""count_ok_importar"":1,""count_ok_eliminar"":0,""count_pending"":0,""count_review_action"":0,""count_other"":0}";import;qa_ok_importar_found
8490910022;NUT;;;import;qa_ok_importar_found;true;1;12V4000M40A;1101666;193;"{""total_rows"":1,""count_ok_importar"":1,""count_ok_eliminar"":0,""count_pending"":0,""count_review_action"":0,""count_other"":0}";import;qa_ok_importar_found
8490910100;GASKET;25 X 38 X 2.0;0.001 KGM;import;qa_ok_importar_found;true;1;12V4000M70;1900685;118;"{""total_rows"":1,""count_ok_importar"":1,""count_ok_eliminar"":0,""count_pending"":0,""count_review_action"":0,""count_other"":0}";import;qa_ok_importar_found
8499870002;SEAL RUBBER GUMMIPRO FIL 1 METER LENGTH;;0.073 KGM;import;qa_ok_importar_found;true;1;16V4000M73;1401036;153;"{""total_rows"":1,""count_ok_importar"":1,""count_ok_eliminar"":0,""count_pending"":0,""count_review_action"":0,""count_other"":0}";import;qa_ok_importar_found
8499970035;GASKET;;0.07 KGM;import;qa_ok_importar_found;true;1;12V4000M40A;1101668;209;"{""total_rows"":1,""count_ok_importar"":1,""count_ok_eliminar"":0,""count_pending"":0,""count_review_action"":0,""count_other"":0}";import;qa_ok_importar_found
8499970065;GASKET M90CE S4000;;0.19 KGM;import;qa_ok_importar_found;true;1;12V4000M40A;1101671;232;"{""total_rows"":1,""count_ok_importar"":1,""count_ok_eliminar"":0,""count_pending"":0,""count_review_action"":0,""count_other"":0}";import;qa_ok_importar_found
8499970066;GASKET M90CE S4000;;0.191 KGM;import;qa_ok_importar_found;true;1;12V4000M40A;1101674;233;"{""total_rows"":1,""count_ok_importar"":1,""count_ok_eliminar"":0,""count_pending"":0,""count_review_action"":0,""count_other"":0}";import;qa_ok_importar_found
8591840001;PAPER PACK CENTRIFUGAL SPINNER FILTER;1 ST. GLEICH 1 PAPIERSTREIFEN;0.012 KGM;import;qa_ok_importar_found;true;1;12V4000M40A;1101678;204;"{""total_rows"":1,""count_ok_importar"":1,""count_ok_eliminar"":0,""count_pending"":0,""count_review_action"":0,""count_other"":0}";import;qa_ok_importar_found
8592030250;CONTACTOR;B9-30-10 220V 50HZ;0.335 KGM;import;qa_ok_importar_found;true;1;12V4000M40A;1101679;254;"{""total_rows"":1,""count_ok_importar"":1,""count_ok_eliminar"":0,""count_pending"":0,""count_review_action"":0,""count_other"":0}";import;qa_ok_importar_found
8599970023;SEALING RING;;140 G;import;qa_ok_importar_found;true;1;12V4000M40A;1101681;308;"{""total_rows"":1,""count_ok_importar"":1,""count_ok_eliminar"":0,""count_pending"":0,""count_review_action"":0,""count_other"":0}";import;qa_ok_importar_found
8599970120;O-RING;;50.000 g 17,12 X 2,62;import;qa_ok_importar_found;true;1;16V4000M90;1600739;122;"{""total_rows"":1,""count_ok_importar"":1,""count_ok_eliminar"":0,""count_pending"":0,""count_review_action"":0,""count_other"":0}";import;qa_ok_importar_found
8690740074;LOCKING RING;36X1,75;0.006 KGM;import;qa_ok_importar_found;true;1;12V4000M40A;1101682;93;"{""total_rows"":1,""count_ok_importar"":1,""count_ok_eliminar"":0,""count_pending"":0,""count_review_action"":0,""count_other"":0}";import;qa_ok_importar_found
8690740389;SOLENOID;;2,060 KG;import;qa_ok_importar_found;true;1;12V4000M40A;1101684;84;"{""total_rows"":1,""count_ok_importar"":1,""count_ok_eliminar"":0,""count_pending"":0,""count_review_action"":0,""count_other"":0}";import;qa_ok_importar_found
8690920024;GAUGE VACUUM S2000/S4000;;250,000 g;import;qa_ok_importar_found;true;1;12V4000M70;1900719;122;"{""total_rows"":1,""count_ok_importar"":1,""count_ok_eliminar"":0,""count_pending"":0,""count_review_action"":0,""count_other"":0}";import;qa_ok_importar_found
8690920032;GASKET;202 X 188 X 6;0.039 KGM;import;qa_ok_importar_found;true;1;12V4000M70;1900728;123;"{""total_rows"":1,""count_ok_importar"":1,""count_ok_eliminar"":0,""count_pending"":0,""count_review_action"":0,""count_other"":0}";import;qa_ok_importar_found
8690920033;GASKET;183 X 170 X 4;0.019 KGM;import;qa_ok_importar_found;true;1;12V4000M70;1900725;123;"{""total_rows"":1,""count_ok_importar"":1,""count_ok_eliminar"":0,""count_pending"":0,""count_review_action"":0,""count_other"":0}";import;qa_ok_importar_found
8690920038;COCK;;0.176 KGM;import;qa_ok_importar_found;true;1;12V4000M70;1900712;121;"{""total_rows"":1,""count_ok_importar"":1,""count_ok_eliminar"":0,""count_pending"":0,""count_review_action"":0,""count_other"":0}";import;qa_ok_importar_found
8690920039;GASKET;;0.001 KGM;import;qa_ok_importar_found;true;1;12V4000M70;1900726;123;"{""total_rows"":1,""count_ok_importar"":1,""count_ok_eliminar"":0,""count_pending"":0,""count_review_action"":0,""count_other"":0}";import;qa_ok_importar_found
8690920043;BOLT S2000/S4000;;0.006 KGM;import;qa_ok_importar_found;true;1;12V4000M70;1900690;121;"{""total_rows"":1,""count_ok_importar"":1,""count_ok_eliminar"":0,""count_pending"":0,""count_review_action"":0,""count_other"":0}";import;qa_ok_importar_found
8690920046;COVER;;1.497 KGM;import;qa_ok_importar_found;true;1;12V4000M70;1900698;121;"{""total_rows"":1,""count_ok_importar"":1,""count_ok_eliminar"":0,""count_pending"":0,""count_review_action"":0,""count_other"":0}";import;qa_ok_importar_found
8690920060;BELLCRANK;;0.409 KGM;import;qa_ok_importar_found;true;1;12V4000M70;1900716;122;"{""total_rows"":1,""count_ok_importar"":1,""count_ok_eliminar"":0,""count_pending"":0,""count_review_action"":0,""count_other"":0}";import;qa_ok_importar_found
8691510096;CARBON BRUSH;;50.000 g KOHLEBÜSTEN MIT HALTER;import;qa_ok_importar_found;true;1;16V4000M90;1601971;267;"{""total_rows"":1,""count_ok_importar"":1,""count_ok_eliminar"":0,""count_pending"":0,""count_review_action"":0,""count_other"":0}";import;qa_ok_importar_found
8691800002;GEAR-TYPE PUMP;;5,500 KG;import;qa_ok_importar_found;true;1;12V4000M40A;1101686;191;"{""total_rows"":1,""count_ok_importar"":1,""count_ok_eliminar"":0,""count_pending"":0,""count_review_action"":0,""count_other"":0}";import;qa_ok_importar_found
8691800023;RETAINER;;;import;qa_ok_importar_found;true;1;12V4000M70;1901413;207;"{""total_rows"":1,""count_ok_importar"":1,""count_ok_eliminar"":0,""count_pending"":0,""count_review_action"":0,""count_other"":0}";import;qa_ok_importar_found
8691810014;LEVER;;0.13 KGM;import;qa_ok_importar_found;true;1;12V4000M70;1902181;306;"{""total_rows"":1,""count_ok_importar"":1,""count_ok_eliminar"":0,""count_pending"":0,""count_review_action"":0,""count_other"":0}";import;qa_ok_importar_found
8691840019;VALVE;;0.228 KGM;import;qa_ok_importar_found;true;1;12V4000M40A;1101687;203;"{""total_rows"":1,""count_ok_importar"":1,""count_ok_eliminar"":0,""count_pending"":0,""count_review_action"":0,""count_other"":0}";import;qa_ok_importar_found
8691840027;ROTOR COMPLETE;;2.981 KGM;import;qa_ok_importar_found;true;1;12V4000M40A;1101688;203;"{""total_rows"":1,""count_ok_importar"":1,""count_ok_eliminar"":0,""count_pending"":0,""count_review_action"":0,""count_other"":0}";import;qa_ok_importar_found
8691840028;COVER;;2.32 KGM;import;qa_ok_importar_found;true;1;12V4000M40A;1101689;203;"{""total_rows"":1,""count_ok_importar"":1,""count_ok_eliminar"":0,""count_pending"":0,""count_review_action"":0,""count_other"":0}";import;qa_ok_importar_found
8691840031;COVER FIXING KIT;;0.236 KGM;import;qa_ok_importar_found;true;1;12V4000M40A;1101690;205;"{""total_rows"":1,""count_ok_importar"":1,""count_ok_eliminar"":0,""count_pending"":0,""count_review_action"":0,""count_other"":0}";import;qa_ok_importar_found
8691840034;FILTERING SCREEN;;187.200 g;import;qa_ok_importar_found;true;1;16V4000M73;1401670;222;"{""total_rows"":1,""count_ok_importar"":1,""count_ok_eliminar"":0,""count_pending"":0,""count_review_action"":0,""count_other"":0}";import;qa_ok_importar_found
8692030001;SCREW-IN HTG ELEM.;600/44/3B 440V;1.14 KGM;import;qa_ok_importar_found;true;2;20V4000M93L;1802309, 1805968;1381, 1761;"{""total_rows"":2,""count_ok_importar"":2,""count_ok_eliminar"":0,""count_pending"":0,""count_review_action"":0,""count_other"":0}";import;qa_ok_importar_found
8692030012;AUTOMATIC CUT-OUT;;;import;qa_ok_importar_found;true;2;20V4000M93L;1802315, 1805974;1381, 1761;"{""total_rows"":2,""count_ok_importar"":2,""count_ok_eliminar"":0,""count_pending"":0,""count_review_action"":0,""count_other"":0}";import;qa_ok_importar_found
8692030031;PUMP;;8,800 KG;import;qa_ok_importar_found;true;1;12V4000M40A;1101691;254;"{""total_rows"":1,""count_ok_importar"":1,""count_ok_eliminar"":0,""count_pending"":0,""count_review_action"":0,""count_other"":0}";import;qa_ok_importar_found
8692030045;SWITCH;20 A GRUPPENSCHALTER S1;131.000 g 20 A GRUPPENSCHALTER S1;import;qa_ok_importar_found;true;2;20V4000M93L;1802324, 1805983;1381, 1761;"{""total_rows"":2,""count_ok_importar"":2,""count_ok_eliminar"":0,""count_pending"":0,""count_review_action"":0,""count_other"":0}";import;qa_ok_importar_found
8692030056;CONTROL;;71,100 G;import;qa_ok_importar_found;true;1;12V4000M40A;1101693;254;"{""total_rows"":1,""count_ok_importar"":1,""count_ok_eliminar"":0,""count_pending"":0,""count_review_action"":0,""count_other"":0}";import;qa_ok_importar_found
8692030059;SWITCH;;92 G;import;qa_ok_importar_found;true;1;12V4000M40A;1101695;254;"{""total_rows"":1,""count_ok_importar"":1,""count_ok_eliminar"":0,""count_pending"":0,""count_review_action"":0,""count_other"":0}";import;qa_ok_importar_found
8692030070;TRANSFORMER;;1.023 KGM;import;qa_ok_importar_found;true;1;12V4000M40A;1101696;254;"{""total_rows"":1,""count_ok_importar"":1,""count_ok_eliminar"":0,""count_pending"":0,""count_review_action"":0,""count_other"":0}";import;qa_ok_importar_found
8692030074;GASKET;55 X 48 X 2,5;0.001 KGM;import;qa_ok_importar_found;true;1;12V4000M40A;1101697;254;"{""total_rows"":1,""count_ok_importar"":1,""count_ok_eliminar"":0,""count_pending"":0,""count_review_action"":0,""count_other"":0}";import;qa_ok_importar_found
8692030147;GASKET;VITON;0.007 KGM;import;qa_ok_importar_found;true;1;12V4000M40A;1101698;269;"{""total_rows"":1,""count_ok_importar"":1,""count_ok_eliminar"":0,""count_pending"":0,""count_review_action"":0,""count_other"":0}";import;qa_ok_importar_found
8692030152;CONTACTOR;;100 G;import;qa_ok_importar_found;true;1;12V4000M40A;1101699;254;"{""total_rows"":1,""count_ok_importar"":1,""count_ok_eliminar"":0,""count_pending"":0,""count_review_action"":0,""count_other"":0}";import;qa_ok_importar_found
8692030390;AUTOMATIC CUT-OUT;40 A;0.12 KGM;import;qa_ok_importar_found;true;2;20V4000M93L;1802317, 1805976;1381, 1761;"{""total_rows"":2,""count_ok_importar"":2,""count_ok_eliminar"":0,""count_pending"":0,""count_review_action"":0,""count_other"":0}";import;qa_ok_importar_found
8692030420;BOLT IN HEATER;4,5KW 220 V3 GUELTIG;1.14 KGM;import;qa_ok_importar_found;true;1;12V4000M40A;1101700;254;"{""total_rows"":1,""count_ok_importar"":1,""count_ok_eliminar"":0,""count_pending"":0,""count_review_action"":0,""count_other"":0}";import;qa_ok_importar_found
8692030500;SCREW-IN HEATER;400 V3 50/60 HZ GUELT.;0.995 KGM;import;qa_ok_importar_found;true;4;16V4000M73L;1502163, 1505304, 1507797, 1510286;315, 794, 1137, 1472;"{""total_rows"":4,""count_ok_importar"":4,""count_ok_eliminar"":0,""count_pending"":0,""count_review_action"":0,""count_other"":0}";import;qa_ok_importar_found
8692030520;OVERCURRENT TRIP 1;;;import;qa_ok_importar_found;true;1;16V4000M61;1301578;243;"{""total_rows"":1,""count_ok_importar"":1,""count_ok_eliminar"":0,""count_pending"":0,""count_review_action"":0,""count_other"":0}";import;qa_ok_importar_found
8692030640;THERMOSTAT;QUATRATISCHE FORM;1,500 KG;import;qa_ok_importar_found;true;1;12V4000M40A;1101703;254;"{""total_rows"":1,""count_ok_importar"":1,""count_ok_eliminar"":0,""count_pending"":0,""count_review_action"":0,""count_other"":0}";import;qa_ok_importar_found
8692030880;SCREW-IN HEATER;403C 900/62/3X 254/440V;1.6 KGM;import;qa_ok_importar_found;true;2;20V4000M93L;1802308, 1805967;1381, 1761;"{""total_rows"":2,""count_ok_importar"":2,""count_ok_eliminar"":0,""count_pending"":0,""count_review_action"":0,""count_other"":0}";import;qa_ok_importar_found
8692300000;MOTOR THREE PHASE 220/380V-440V 1;;;import;qa_ok_importar_found;true;1;12V4000M40A;1101704;191;"{""total_rows"":1,""count_ok_importar"":1,""count_ok_eliminar"":0,""count_pending"":0,""count_review_action"":0,""count_other"":0}";import;qa_ok_importar_found
8692500088;COUPLING;;0.396 KGM;import;qa_ok_importar_found;true;1;12V4000M40A;1101705;191;"{""total_rows"":1,""count_ok_importar"":1,""count_ok_eliminar"":0,""count_pending"":0,""count_review_action"":0,""count_other"":0}";import;qa_ok_importar_found
8693000017;CONTROL BLOCK;MIT CANNON STECKER;5.3 KGM;import;qa_ok_importar_found;true;1;12V4000M40A;1101706;83;"{""total_rows"":1,""count_ok_importar"":1,""count_ok_eliminar"":0,""count_pending"":0,""count_review_action"":0,""count_other"":0}";import;qa_ok_importar_found
8699900121;NUT;M12;14,800 g M12 DIN985;import;qa_ok_importar_found;true;1;12V4000M53;1206362;750;"{""total_rows"":1,""count_ok_importar"":1,""count_ok_eliminar"":0,""count_pending"":0,""count_review_action"":0,""count_other"":0}";import;qa_ok_importar_found
8699900132;HEX SCREW;M 16 X 90;180,000 g;import;qa_ok_importar_found;true;1;12V4000M70;1902163;303;"{""total_rows"":1,""count_ok_importar"":1,""count_ok_eliminar"":0,""count_pending"":0,""count_review_action"":0,""count_other"":0}";import;qa_ok_importar_found
8699930063;DISC SPRING;22 X 11 X 1,2;0.003 KGM;import;qa_ok_importar_found;true;1;12V4000M40A;1101708;308;"{""total_rows"":1,""count_ok_importar"":1,""count_ok_eliminar"":0,""count_pending"":0,""count_review_action"":0,""count_other"":0}";import;qa_ok_importar_found
8699930065;DISC SPRING;TKZ. 25 X 13 X 1,5;0.004 KGM;import;qa_ok_importar_found;true;1;12V4000M40A;1101709;308;"{""total_rows"":1,""count_ok_importar"":1,""count_ok_eliminar"":0,""count_pending"":0,""count_review_action"":0,""count_other"":0}";import;qa_ok_importar_found
8699950012;CLAMP;;551,800;import;qa_ok_importar_found;true;1;12V4000M40A;1101710;203;"{""total_rows"":1,""count_ok_importar"":1,""count_ok_eliminar"":0,""count_pending"":0,""count_review_action"":0,""count_other"":0}";import;qa_ok_importar_found
8699970154;ADHESIVE;;869 G;import;qa_ok_importar_found;true;1;12V4000M40A;1101713;210;"{""total_rows"":1,""count_ok_importar"":1,""count_ok_eliminar"":0,""count_pending"":0,""count_review_action"":0,""count_other"":0}";import;qa_ok_importar_found
8699970254;SEAL RING;6,7 X 10 X 1;2,000 g UB;import;qa_ok_importar_found;true;1;12V4000M70;1900727;123;"{""total_rows"":1,""count_ok_importar"":1,""count_ok_eliminar"":0,""count_pending"":0,""count_review_action"":0,""count_other"":0}";import;qa_ok_importar_found
8699970295;SEAL RING;36 X 4;0.003 KGM;import;qa_ok_importar_found;true;1;12V4000M40A;1101725;84;"{""total_rows"":1,""count_ok_importar"":1,""count_ok_eliminar"":0,""count_pending"":0,""count_review_action"":0,""count_other"":0}";import;qa_ok_importar_found
8699970331;GASKET;;46 G;import;qa_ok_importar_found;true;1;12V4000M40A;1101726;52;"{""total_rows"":1,""count_ok_importar"":1,""count_ok_eliminar"":0,""count_pending"":0,""count_review_action"":0,""count_other"":0}";import;qa_ok_importar_found
8699970358;SEALING RING;;1.000 g;import;qa_ok_importar_found;true;1;16V4000M90;1602033;280;"{""total_rows"":1,""count_ok_importar"":1,""count_ok_eliminar"":0,""count_pending"":0,""count_review_action"":0,""count_other"":0}";import;qa_ok_importar_found
8801590040;RETAINER;;0.054 KGM;import;qa_ok_importar_found;true;1;12V4000M53;1200636;108;"{""total_rows"":1,""count_ok_importar"":1,""count_ok_eliminar"":0,""count_pending"":0,""count_review_action"":0,""count_other"":0}";import;qa_ok_importar_found
009021006103;WASHER;A 6,4;0.002 KGM;import;qa_ok_importar_found;true;1;12V4000M40A;1101733;337;"{""total_rows"":1,""count_ok_importar"":1,""count_ok_eliminar"":0,""count_pending"":0,""count_review_action"":0,""count_other"":0}";import;qa_ok_importar_found
28200750053/0;SPACER BUSHING;;64,300 G;import;qa_ok_importar_found;true;1;12V4000M40A;1102394;258;"{""total_rows"":1,""count_ok_importar"":1,""count_ok_eliminar"":0,""count_pending"":0,""count_review_action"":0,""count_other"":0}";import;qa_ok_importar_found
200084004105;FILLISTER SCREW;M 4 X 16;0.002 KGM;import;qa_ok_importar_found;true;1;12V4000M40A;1101738;359;"{""total_rows"":1,""count_ok_importar"":1,""count_ok_eliminar"":0,""count_pending"":0,""count_review_action"":0,""count_other"":0}";import;qa_ok_importar_found
200084005107;BOLT SLOTTED HD GELB CHROMAT;M 5 X 10;0.002 KGM;import;qa_ok_importar_found;true;1;12V4000M40A;1101739;331;"{""total_rows"":1,""count_ok_importar"":1,""count_ok_eliminar"":0,""count_pending"":0,""count_review_action"":0,""count_other"":0}";import;qa_ok_importar_found
200125008400;DISC;8;0.001 KGM;import;qa_ok_importar_found;true;1;12V4000M53;1203131;362;"{""total_rows"":1,""count_ok_importar"":1,""count_ok_eliminar"":0,""count_pending"":0,""count_review_action"":0,""count_other"":0}";import;qa_ok_importar_found
200433006400;WASHER;6,4;0.001 KGM;import;qa_ok_importar_found;true;1;12V4000M40A;1101748;121;"{""total_rows"":1,""count_ok_importar"":1,""count_ok_eliminar"":0,""count_pending"":0,""count_review_action"":0,""count_other"":0}";import;qa_ok_importar_found
200433008400;WASHER;8,4;0.001 KGM;import;qa_ok_importar_found;true;1;12V4000M40A;1101750;92;"{""total_rows"":1,""count_ok_importar"":1,""count_ok_eliminar"":0,""count_pending"":0,""count_review_action"":0,""count_other"":0}";import;qa_ok_importar_found
200433010500;WASHER;10,5;0.002 KGM;import;qa_ok_importar_found;true;1;12V4000M40A;1101751;164;"{""total_rows"":1,""count_ok_importar"":1,""count_ok_eliminar"":0,""count_pending"":0,""count_review_action"":0,""count_other"":0}";import;qa_ok_importar_found
200433013000;WASHER;13;0.003 KGM;import;qa_ok_importar_found;true;1;12V4000M40A;1101752;82;"{""total_rows"":1,""count_ok_importar"":1,""count_ok_eliminar"":0,""count_pending"":0,""count_review_action"":0,""count_other"":0}";import;qa_ok_importar_found
200433017000;WASHER;17;0.007 KGM;import;qa_ok_importar_found;true;1;12V4000M40A;1101753;169;"{""total_rows"":1,""count_ok_importar"":1,""count_ok_eliminar"":0,""count_pending"":0,""count_review_action"":0,""count_other"":0}";import;qa_ok_importar_found
200433021000;WASHER;21;10,800 g 21 DIN433;import;qa_ok_importar_found;true;1;12V4000M53;1200378;61;"{""total_rows"":1,""count_ok_importar"":1,""count_ok_eliminar"":0,""count_pending"":0,""count_review_action"":0,""count_other"":0}";import;qa_ok_importar_found
200625906017;BEARING BALL GROOVED 6007 J;6007;144,600 g 6007 DIN625;import;qa_ok_importar_found;true;1;12V4000M53;1202354;284;"{""total_rows"":1,""count_ok_importar"":1,""count_ok_eliminar"":0,""count_pending"":0,""count_review_action"":0,""count_other"":0}";import;qa_ok_importar_found
200628103006;BEARING ANGULAR CONT ACT ROLLER;QJ308;766,500 G;import;qa_ok_importar_found;true;1;12V4000M40A;1101754;247;"{""total_rows"":1,""count_ok_importar"":1,""count_ok_eliminar"":0,""count_pending"":0,""count_review_action"":0,""count_other"":0}";import;qa_ok_importar_found
200835008005;STUD;;31,700 G;import;qa_ok_importar_found;true;1;12V4000M40A;1101756;122;"{""total_rows"":1,""count_ok_importar"":1,""count_ok_eliminar"":0,""count_pending"":0,""count_review_action"":0,""count_other"":0}";import;qa_ok_importar_found
200835008006;STUD;M 8 X 75;0.032 KGM;import;qa_ok_importar_found;true;1;12V4000M53;1200905;129;"{""total_rows"":1,""count_ok_importar"":1,""count_ok_eliminar"":0,""count_pending"":0,""count_review_action"":0,""count_other"":0}";import;qa_ok_importar_found
200931010002;HEX SCREW;M 10 X 50;0.039 KGM;import;qa_ok_importar_found;true;1;12V4000M40A;1101759;164;"{""total_rows"":1,""count_ok_importar"":1,""count_ok_eliminar"":0,""count_pending"":0,""count_review_action"":0,""count_other"":0}";import;qa_ok_importar_found
200933006012;HEX SCREW;M 6 X 12;0.004 KGM;import;qa_ok_importar_found;true;1;12V4000M40A;1101766;359;"{""total_rows"":1,""count_ok_importar"":1,""count_ok_eliminar"":0,""count_pending"":0,""count_review_action"":0,""count_other"":0}";import;qa_ok_importar_found
200934010000;NUT HEX;M 10;0.01 KGM;import;qa_ok_importar_found;true;1;12V4000M40A;1101773;164;"{""total_rows"":1,""count_ok_importar"":1,""count_ok_eliminar"":0,""count_pending"":0,""count_review_action"":0,""count_other"":0}";import;qa_ok_importar_found
200961022005;HEX SCREW;M 22 X 1,5 X 60;0.25 KGM;import;qa_ok_importar_found;true;2;16V4000M73L;1507721, 1510210;1119, 1454;"{""total_rows"":2,""count_ok_importar"":2,""count_ok_eliminar"":0,""count_pending"":0,""count_review_action"":0,""count_other"":0}";import;qa_ok_importar_found
200988045000;RING SHIM 2;;;import;qa_ok_importar_found;true;1;12V4000M40A;1101776;73;"{""total_rows"":1,""count_ok_importar"":1,""count_ok_eliminar"":0,""count_pending"":0,""count_review_action"":0,""count_other"":0}";import;qa_ok_importar_found
202690040000;SEAL;40 ND 6;0.011 KGM;import;qa_ok_importar_found;true;1;12V4000M40A;1101778;254;"{""total_rows"":1,""count_ok_importar"":1,""count_ok_eliminar"":0,""count_pending"":0,""count_review_action"":0,""count_other"":0}";import;qa_ok_importar_found
204014020004;HEX SCREW;M 20 X200;530,600 g M 20 X200 ISO4014;import;qa_ok_importar_found;true;1;12V4000M53;1202372;289;"{""total_rows"":1,""count_ok_importar"":1,""count_ok_eliminar"":0,""count_pending"":0,""count_review_action"":0,""count_other"":0}";import;qa_ok_importar_found
204017006007;HEX SCREW;M 6 X 40;0.009 KGM;import;qa_ok_importar_found;true;1;12V4000M40A;1101779;332;"{""total_rows"":1,""count_ok_importar"":1,""count_ok_eliminar"":0,""count_pending"":0,""count_review_action"":0,""count_other"":0}";import;qa_ok_importar_found
204017012032;HEX SCREW;M 12 X 60;0.058 KGM;import;qa_ok_importar_found;true;1;12V4000M53;1201209;164;"{""total_rows"":1,""count_ok_importar"":1,""count_ok_eliminar"":0,""count_pending"":0,""count_review_action"":0,""count_other"":0}";import;qa_ok_importar_found
205412410002;CYL ROLLER BEARING;NU1007;175,000 g NU1007 DIN5412;import;qa_ok_importar_found;true;1;12V4000M53;1202350;284;"{""total_rows"":1,""count_ok_importar"":1,""count_ok_eliminar"":0,""count_pending"":0,""count_review_action"":0,""count_other"":0}";import;qa_ok_importar_found
205412422005;CYL. ROLLER BEARING;NU2208;0.539 KGM;import;qa_ok_importar_found;true;1;16V4000M73;1402461;294;"{""total_rows"":1,""count_ok_importar"":1,""count_ok_eliminar"":0,""count_pending"":0,""count_review_action"":0,""count_other"":0}";import;qa_ok_importar_found
207603030300;WASHER C CUFA;C 30 X 36;0.002 KGM;import;qa_ok_importar_found;true;1;16V4000M61;1301573;243;"{""total_rows"":1,""count_ok_importar"":1,""count_ok_eliminar"":0,""count_pending"":0,""count_review_action"":0,""count_other"":0}";import;qa_ok_importar_found
304014004001;HEX SCREW;M 4 X 35;0.004 KGM;import;qa_ok_importar_found;true;1;12V4000M40A;1101808;26;"{""total_rows"":1,""count_ok_importar"":1,""count_ok_eliminar"":0,""count_pending"":0,""count_review_action"":0,""count_other"":0}";import;qa_ok_importar_found
304014008002;HEX SCREW;M 8 X 65;0.025 KGM;import;qa_ok_importar_found;true;2;20V4000M93L;1802718, 1806377;1398, 1778;"{""total_rows"":2,""count_ok_importar"":2,""count_ok_eliminar"":0,""count_pending"":0,""count_review_action"":0,""count_other"":0}";import;qa_ok_importar_found
304014008029;HEX SCREW;M 8 X 70;0.03 KGM;import;qa_ok_importar_found;true;1;12V4000M53;1202042;243;"{""total_rows"":1,""count_ok_importar"":1,""count_ok_eliminar"":0,""count_pending"":0,""count_review_action"":0,""count_other"":0}";import;qa_ok_importar_found
304014008032;HEX SCREW;M 8 X 80;0.033 KGM;import;qa_ok_importar_found;true;1;12V4000M40A;1101809;195;"{""total_rows"":1,""count_ok_importar"":1,""count_ok_eliminar"":0,""count_pending"":0,""count_review_action"":0,""count_other"":0}";import;qa_ok_importar_found
304014010015;HEX SCREW;M 10 X140;90.900 g M 10 X140 ISO4014;import;qa_ok_importar_found;true;1;16V4000M73;1401561;213;"{""total_rows"":1,""count_ok_importar"":1,""count_ok_eliminar"":0,""count_pending"":0,""count_review_action"":0,""count_other"":0}";import;qa_ok_importar_found
304014016007;HEX SCREW;M 16 X120;210.600 g M 16 X120 ISO4014;import;qa_ok_importar_found;true;1;16V4000M73;1401021;151;"{""total_rows"":1,""count_ok_importar"":1,""count_ok_eliminar"":0,""count_pending"":0,""count_review_action"":0,""count_other"":0}";import;qa_ok_importar_found
304017005025;HEX SCREW;M 5 X 16;0.003 KGM;import;qa_ok_importar_found;true;1;12V4000M40A;1101814;160;"{""total_rows"":1,""count_ok_importar"":1,""count_ok_eliminar"":0,""count_pending"":0,""count_review_action"":0,""count_other"":0}";import;qa_ok_importar_found
304017006058;HEX SCREW;M 6 X 12;0.004 KGM;import;qa_ok_importar_found;true;1;12V4000M40A;1101815;331;"{""total_rows"":1,""count_ok_importar"":1,""count_ok_eliminar"":0,""count_pending"":0,""count_review_action"":0,""count_other"":0}";import;qa_ok_importar_found
304017006063;HEX SCREW;M 6 X 25;0.006 KGM;import;qa_ok_importar_found;true;1;12V4000M40A;1101816;31;"{""total_rows"":1,""count_ok_importar"":1,""count_ok_eliminar"":0,""count_pending"":0,""count_review_action"":0,""count_other"":0}";import;qa_ok_importar_found
304017006064;HEX SCREW;M 6 X 30;0.008 KGM;import;qa_ok_importar_found;true;1;12V4000M40A;1101817;121;"{""total_rows"":1,""count_ok_importar"":1,""count_ok_eliminar"":0,""count_pending"":0,""count_review_action"":0,""count_other"":0}";import;qa_ok_importar_found
304017006065;HEX SCREW;M 6 X 30;0.008 KGM;import;qa_ok_importar_found;true;1;12V4000M40A;1101819;160;"{""total_rows"":1,""count_ok_importar"":1,""count_ok_eliminar"":0,""count_pending"":0,""count_review_action"":0,""count_other"":0}";import;qa_ok_importar_found
304017006066;HEX SCREW;M 6 X 35;0.008 KGM;import;qa_ok_importar_found;true;1;12V4000M40A;1101820;258;"{""total_rows"":1,""count_ok_importar"":1,""count_ok_eliminar"":0,""count_pending"":0,""count_review_action"":0,""count_other"":0}";import;qa_ok_importar_found
304017006068;HEX SCREW;M 6 X 45;0.01 KGM;import;qa_ok_importar_found;true;1;12V4000M40A;1101821;239;"{""total_rows"":1,""count_ok_importar"":1,""count_ok_eliminar"":0,""count_pending"":0,""count_review_action"":0,""count_other"":0}";import;qa_ok_importar_found
304017006069;HEX SCREW;M 6 X 55;0.012 KGM;import;qa_ok_importar_found;true;1;12V4000M70;1900331;68;"{""total_rows"":1,""count_ok_importar"":1,""count_ok_eliminar"":0,""count_pending"":0,""count_review_action"":0,""count_other"":0}";import;qa_ok_importar_found
304017008076;HEX SCREW;M 8 X 12;0.009 KGM;import;qa_ok_importar_found;true;1;12V4000M40A;1101822;26;"{""total_rows"":1,""count_ok_importar"":1,""count_ok_eliminar"":0,""count_pending"":0,""count_review_action"":0,""count_other"":0}";import;qa_ok_importar_found
304017008079;HEX SCREW;M 8 X 20;0.012 KGM;import;qa_ok_importar_found;true;1;12V4000M40A;1101829;26;"{""total_rows"":1,""count_ok_importar"":1,""count_ok_eliminar"":0,""count_pending"":0,""count_review_action"":0,""count_other"":0}";import;qa_ok_importar_found
304017008080;HEX SCREW;M 8 X 25;0.013 KGM;import;qa_ok_importar_found;true;1;12V4000M40A;1101839;115;"{""total_rows"":1,""count_ok_importar"":1,""count_ok_eliminar"":0,""count_pending"":0,""count_review_action"":0,""count_other"":0}";import;qa_ok_importar_found
304017008081;HEX SCREW;M 8 X 25;0.013 KGM;import;qa_ok_importar_found;true;1;12V4000M40A;1101840;26;"{""total_rows"":1,""count_ok_importar"":1,""count_ok_eliminar"":0,""count_pending"":0,""count_review_action"":0,""count_other"":0}";import;qa_ok_importar_found
304017008082;HEX SCREW;M 8 X 30;0.014 KGM;import;qa_ok_importar_found;true;1;12V4000M70;1900952;154;"{""total_rows"":1,""count_ok_importar"":1,""count_ok_eliminar"":0,""count_pending"":0,""count_review_action"":0,""count_other"":0}";import;qa_ok_importar_found
304017008083;HEX SCREW;M 8 X 30;0.015 KGM;import;qa_ok_importar_found;true;1;12V4000M40A;1101849;29;"{""total_rows"":1,""count_ok_importar"":1,""count_ok_eliminar"":0,""count_pending"":0,""count_review_action"":0,""count_other"":0}";import;qa_ok_importar_found
304017008084;HEX SCREW;M 8 X 35;0.016 KGM;import;qa_ok_importar_found;true;1;12V4000M40A;1101860;120;"{""total_rows"":1,""count_ok_importar"":1,""count_ok_eliminar"":0,""count_pending"":0,""count_review_action"":0,""count_other"":0}";import;qa_ok_importar_found
304017008085;HEX SCREW;M 8 X 40;0.018 KGM;import;qa_ok_importar_found;true;1;12V4000M40A;1101867;92;"{""total_rows"":1,""count_ok_importar"":1,""count_ok_eliminar"":0,""count_pending"":0,""count_review_action"":0,""count_other"":0}";import;qa_ok_importar_found
304017008086;HEX SCREW;M 8 X 45;0.019 KGM;import;qa_ok_importar_found;true;1;12V4000M40A;1101876;22;"{""total_rows"":1,""count_ok_importar"":1,""count_ok_eliminar"":0,""count_pending"":0,""count_review_action"":0,""count_other"":0}";import;qa_ok_importar_found
304017008087;HEX SCREW;M 8 X 50;0.021 KGM;import;qa_ok_importar_found;true;1;12V4000M40A;1101889;20;"{""total_rows"":1,""count_ok_importar"":1,""count_ok_eliminar"":0,""count_pending"":0,""count_review_action"":0,""count_other"":0}";import;qa_ok_importar_found
304017008088;HEX SCREW;M 8 X 55;0.022 KGM;import;qa_ok_importar_found;true;1;12V4000M40A;1101896;104;"{""total_rows"":1,""count_ok_importar"":1,""count_ok_eliminar"":0,""count_pending"":0,""count_review_action"":0,""count_other"":0}";import;qa_ok_importar_found
304017008089;HEX SCREW;M 8 X 60;25 G M 8 X 60;import;qa_ok_importar_found;true;1;12V4000M40A;1101897;147;"{""total_rows"":1,""count_ok_importar"":1,""count_ok_eliminar"":0,""count_pending"":0,""count_review_action"":0,""count_other"":0}";import;qa_ok_importar_found
304017008090;HEX SCREW;M 8 X 70;0.027 KGM;import;qa_ok_importar_found;true;1;12V4000M40A;1101899;105;"{""total_rows"":1,""count_ok_importar"":1,""count_ok_eliminar"":0,""count_pending"":0,""count_review_action"":0,""count_other"":0}";import;qa_ok_importar_found
304017008091;HEX SCREW;M 8 X 55;22.500 g M 8 X 55 ISO4017;import;qa_ok_importar_found;true;1;16V4000M73;1400586;106;"{""total_rows"":1,""count_ok_importar"":1,""count_ok_eliminar"":0,""count_pending"":0,""count_review_action"":0,""count_other"":0}";import;qa_ok_importar_found
304017010032;HEX SCREW;M 10 X 65;42,300 g M 10 X 65 ISO4017;import;qa_ok_importar_found;true;1;12V4000M53;1200577;101;"{""total_rows"":1,""count_ok_importar"":1,""count_ok_eliminar"":0,""count_pending"":0,""count_review_action"":0,""count_other"":0}";import;qa_ok_importar_found
304017010051;HEX SCREW;M 10 X 60;0.039 KGM;import;qa_ok_importar_found;true;1;12V4000M40A;1101900;97;"{""total_rows"":1,""count_ok_importar"":1,""count_ok_eliminar"":0,""count_pending"":0,""count_review_action"":0,""count_other"":0}";import;qa_ok_importar_found
304017016023;HEX SCREW;M 16 X 40;0.08 KGM;import;qa_ok_importar_found;true;1;12V4000M40A;1101903;231;"{""total_rows"":1,""count_ok_importar"":1,""count_ok_eliminar"":0,""count_pending"":0,""count_review_action"":0,""count_other"":0}";import;qa_ok_importar_found
304017016024;HEX SCREW;M 16 X 45;95.000 g M 16 X 45 ISO4017;import;qa_ok_importar_found;true;2;20V4000M93L;1803045, 1806703;1434, 1814;"{""total_rows"":2,""count_ok_importar"":2,""count_ok_eliminar"":0,""count_pending"":0,""count_review_action"":0,""count_other"":0}";import;qa_ok_importar_found
304017016025;HEX SCREW;M 16 X 45;0.095 KGM;import;qa_ok_importar_found;true;4;20V4000M93;1702211, 1705951, 1709691, 1713435;266, 662, 1058, 1454;"{""total_rows"":4,""count_ok_importar"":4,""count_ok_eliminar"":0,""count_pending"":0,""count_review_action"":0,""count_other"":0}";import;qa_ok_importar_found
304017016026;HEX SCREW;M 16 X 50;102,200 g M 16 X 50 ISO4017;import;qa_ok_importar_found;true;1;12V4000M53;1202365;287;"{""total_rows"":1,""count_ok_importar"":1,""count_ok_eliminar"":0,""count_pending"":0,""count_review_action"":0,""count_other"":0}";import;qa_ok_importar_found
304017016027;HEX SCREW;M 16 X 50;0.102 KGM;import;qa_ok_importar_found;true;2;20V4000M93L;1802809, 1806468;1406, 1786;"{""total_rows"":2,""count_ok_importar"":2,""count_ok_eliminar"":0,""count_pending"":0,""count_review_action"":0,""count_other"":0}";import;qa_ok_importar_found
304017016028;HEX SCREW;M 16 X 55;109,000 g M 16 X 55 ISO4017;import;qa_ok_importar_found;true;1;12V4000M53;1202099;250;"{""total_rows"":1,""count_ok_importar"":1,""count_ok_eliminar"":0,""count_pending"":0,""count_review_action"":0,""count_other"":0}";import;qa_ok_importar_found
304017016029;HEX SCREW;M 16 X 60;0.116 KGM;import;qa_ok_importar_found;true;1;12V4000M40A;1101905;299;"{""total_rows"":1,""count_ok_importar"":1,""count_ok_eliminar"":0,""count_pending"":0,""count_review_action"":0,""count_other"":0}";import;qa_ok_importar_found
304017016030;HEX SCREW;M 16 X 70;0.126 KGM;import;qa_ok_importar_found;true;1;12V4000M40A;1101907;219;"{""total_rows"":1,""count_ok_importar"":1,""count_ok_eliminar"":0,""count_pending"":0,""count_review_action"":0,""count_other"":0}";import;qa_ok_importar_found
304017016031;HEX SCREW;M 16 X 90;0.153 KGM;import;qa_ok_importar_found;true;1;12V4000M40A;1101908;105;"{""total_rows"":1,""count_ok_importar"":1,""count_ok_eliminar"":0,""count_pending"":0,""count_review_action"":0,""count_other"":0}";import;qa_ok_importar_found
304017020006;HEX SCREW;M 20 X 80;237.000 g M 20 X 80 ISO4017;import;qa_ok_importar_found;true;2;20V4000M93L;1802906, 1806565;1416, 1796;"{""total_rows"":2,""count_ok_importar"":2,""count_ok_eliminar"":0,""count_pending"":0,""count_review_action"":0,""count_other"":0}";import;qa_ok_importar_found
304017020007;HEX SCREW;M 20 X140 AK;0.348 KGM;import;qa_ok_importar_found;true;1;12V4000M40A;1101909;295;"{""total_rows"":1,""count_ok_importar"":1,""count_ok_eliminar"":0,""count_pending"":0,""count_review_action"":0,""count_other"":0}";import;qa_ok_importar_found
304032016003;HEX NUT;M 16;34,000 g M 16 ISO4032;import;qa_ok_importar_found;true;1;12V4000M53;1202101;250;"{""total_rows"":1,""count_ok_importar"":1,""count_ok_eliminar"":0,""count_pending"":0,""count_review_action"":0,""count_other"":0}";import;qa_ok_importar_found
304032020001;HEX NUT;M 20;0.063 KGM;import;qa_ok_importar_found;true;1;12V4000M53;1202363;287;"{""total_rows"":1,""count_ok_importar"":1,""count_ok_eliminar"":0,""count_pending"":0,""count_review_action"":0,""count_other"":0}";import;qa_ok_importar_found
700132045001;WELD-ON UNION;;;import;qa_ok_importar_found;true;1;12V4000M40A;1101914;239;"{""total_rows"":1,""count_ok_importar"":1,""count_ok_eliminar"":0,""count_pending"":0,""count_review_action"":0,""count_other"":0}";import;qa_ok_importar_found
700160000006;ELBOW 90 DEG KR 6;KR 6;0.044 KGM;import;qa_ok_importar_found;true;1;12V4000M40A;1101915;98;"{""total_rows"":1,""count_ok_importar"":1,""count_ok_eliminar"":0,""count_pending"":0,""count_review_action"":0,""count_other"":0}";import;qa_ok_importar_found
700160000008;ELBOW;KR 8;0.06 KGM;import;qa_ok_importar_found;true;1;12V4000M53;1200209;41;"{""total_rows"":1,""count_ok_importar"":1,""count_ok_eliminar"":0,""count_pending"":0,""count_review_action"":0,""count_other"":0}";import;qa_ok_importar_found
700160000013;PIPE ELBOW;KR 12;0.116 KGM;import;qa_ok_importar_found;true;1;12V4000M40A;1101917;221;"{""total_rows"":1,""count_ok_importar"":1,""count_ok_eliminar"":0,""count_pending"":0,""count_review_action"":0,""count_other"":0}";import;qa_ok_importar_found
700160001040;ELBOW;KR 40-B-MW;756,800 g KR 40-B-MW MMN160;import;qa_ok_importar_found;true;1;12V4000M53;1202166;259;"{""total_rows"":1,""count_ok_importar"":1,""count_ok_eliminar"":0,""count_pending"":0,""count_review_action"":0,""count_other"":0}";import;qa_ok_importar_found
700292008400;WASHER TAB LOCKING 8 .4 ST52-3 03;8,4;0.001 KGM;import;qa_ok_importar_found;true;1;12V4000M40A;1101931;122;"{""total_rows"":1,""count_ok_importar"":1,""count_ok_eliminar"":0,""count_pending"":0,""count_review_action"":0,""count_other"":0}";import;qa_ok_importar_found
700325010100;CLAMP HALF TUBE;1/1 D 9 - 10;0.023 KGM;import;qa_ok_importar_found;true;1;12V4000M40A;1101933;115;"{""total_rows"":1,""count_ok_importar"":1,""count_ok_eliminar"":0,""count_pending"":0,""count_review_action"":0,""count_other"":0}";import;qa_ok_importar_found
700325010103;CLAMP HALF TUBE 2/1 D9-10;2/1 D 9 - 10;0.033 KGM;import;qa_ok_importar_found;true;1;12V4000M40A;1101934;115;"{""total_rows"":1,""count_ok_importar"":1,""count_ok_eliminar"":0,""count_pending"":0,""count_review_action"":0,""count_other"":0}";import;qa_ok_importar_found
700325010200;CLAMP HALF TUBE 1/1 G8-10;1/1 G 8 - 10;0.026 KGM;import;qa_ok_importar_found;true;1;12V4000M40A;1101935;115;"{""total_rows"":1,""count_ok_importar"":1,""count_ok_eliminar"":0,""count_pending"":0,""count_review_action"":0,""count_other"":0}";import;qa_ok_importar_found
700325012104;PIPE CLAMP HALF;2/1 D 9 - 12;0.034 KGM;import;qa_ok_importar_found;true;1;12V4000M40A;1101941;152;"{""total_rows"":1,""count_ok_importar"":1,""count_ok_eliminar"":0,""count_pending"":0,""count_review_action"":0,""count_other"":0}";import;qa_ok_importar_found
700325012111;CLAMP HALF TUBE 1/1 D11-12;1/1 D11 - 12;0.022 KGM;import;qa_ok_importar_found;true;1;12V4000M53;1201864;238;"{""total_rows"":1,""count_ok_importar"":1,""count_ok_eliminar"":0,""count_pending"":0,""count_review_action"":0,""count_other"":0}";import;qa_ok_importar_found
700325012200;CLAMP HALF TUBE 1/1 G8-12;1/1 G 8 - 12;0.026 KGM;import;qa_ok_importar_found;true;1;12V4000M40A;1101943;98;"{""total_rows"":1,""count_ok_importar"":1,""count_ok_eliminar"":0,""count_pending"":0,""count_review_action"":0,""count_other"":0}";import;qa_ok_importar_found
700325012202;CLAMP HALF TUBE 2/1 G8-12;2/1 G 8 - 12;0.035 KGM;import;qa_ok_importar_found;true;1;12V4000M40A;1101945;152;"{""total_rows"":1,""count_ok_importar"":1,""count_ok_eliminar"":0,""count_pending"":0,""count_review_action"":0,""count_other"":0}";import;qa_ok_importar_found
700325015100;CLAMP HALF TUBE 1/1 D9-15;1/1 D 9 - 15;0.034 KGM;import;qa_ok_importar_found;true;1;12V4000M40A;1101947;98;"{""total_rows"":1,""count_ok_importar"":1,""count_ok_eliminar"":0,""count_pending"":0,""count_review_action"":0,""count_other"":0}";import;qa_ok_importar_found
700325015104;CLAMP HALF TUBE 2/1 D9-15;2/1 D 9 - 15;0.047 KGM;import;qa_ok_importar_found;true;1;12V4000M40A;1101951;144;"{""total_rows"":1,""count_ok_importar"":1,""count_ok_eliminar"":0,""count_pending"":0,""count_review_action"":0,""count_other"":0}";import;qa_ok_importar_found
700325015110;CLAMP HALF TUBE 1/1 D11-15;1/1 D11 - 15;0.031 KGM;import;qa_ok_importar_found;true;1;12V4000M53;1201873;238;"{""total_rows"":1,""count_ok_importar"":1,""count_ok_eliminar"":0,""count_pending"":0,""count_review_action"":0,""count_other"":0}";import;qa_ok_importar_found
700325015200;CLAMP HALF TUBE 1/1 G8-15;1/1 G 8 - 15;0.035 KGM;import;qa_ok_importar_found;true;1;12V4000M40A;1101952;98;"{""total_rows"":1,""count_ok_importar"":1,""count_ok_eliminar"":0,""count_pending"":0,""count_review_action"":0,""count_other"":0}";import;qa_ok_importar_found
700325015202;CLAMP HALF TUBE 2/1 G8-15;2/1 G 8 - 15;0.048 KGM;import;qa_ok_importar_found;true;1;12V4000M40A;1101954;144;"{""total_rows"":1,""count_ok_importar"":1,""count_ok_eliminar"":0,""count_pending"":0,""count_review_action"":0,""count_other"":0}";import;qa_ok_importar_found
700325018100;CLAMP HALF TUBE 1/1 D9-18;1/1 D 9 - 18;0.04 KGM;import;qa_ok_importar_found;true;1;12V4000M40A;1101955;213;"{""total_rows"":1,""count_ok_importar"":1,""count_ok_eliminar"":0,""count_pending"":0,""count_review_action"":0,""count_other"":0}";import;qa_ok_importar_found
700325018104;CLAMP HALF TUBE 2/1 D9-18;2/1 D 9 - 18;0.056 KGM;import;qa_ok_importar_found;true;1;12V4000M70;1901147;178;"{""total_rows"":1,""count_ok_importar"":1,""count_ok_eliminar"":0,""count_pending"":0,""count_review_action"":0,""count_other"":0}";import;qa_ok_importar_found
700325022100;CLAMP HALF TUBE 1/1 D9-22;1/1 D 9 - 22;0.048 KGM;import;qa_ok_importar_found;true;1;12V4000M40A;1101957;92;"{""total_rows"":1,""count_ok_importar"":1,""count_ok_eliminar"":0,""count_pending"":0,""count_review_action"":0,""count_other"":0}";import;qa_ok_importar_found
700325022104;CLAMP HALF TUBE 2/1 D9-22;2/1 D 9 - 22;0.069 KGM;import;qa_ok_importar_found;true;1;12V4000M40A;1101965;92;"{""total_rows"":1,""count_ok_importar"":1,""count_ok_eliminar"":0,""count_pending"":0,""count_review_action"":0,""count_other"":0}";import;qa_ok_importar_found
700325022114;CLAMP HALF TUBE 1/1 D11-22;1/1 D11 - 22;0.044 KGM;import;qa_ok_importar_found;true;1;12V4000M40A;1101969;97;"{""total_rows"":1,""count_ok_importar"":1,""count_ok_eliminar"":0,""count_pending"":0,""count_review_action"":0,""count_other"":0}";import;qa_ok_importar_found
700325022203;CLAMP HALF TUBE 2/1 G8-22;2/1 G 8 - 22;0.07 KGM;import;qa_ok_importar_found;true;1;12V4000M40A;1101975;92;"{""total_rows"":1,""count_ok_importar"":1,""count_ok_eliminar"":0,""count_pending"":0,""count_review_action"":0,""count_other"":0}";import;qa_ok_importar_found
700325028100;CLAMP HALF TUBE 1/1 D9-28;1/1 D 9 - 28;0.056 KGM;import;qa_ok_importar_found;true;1;12V4000M40A;1101977;105;"{""total_rows"":1,""count_ok_importar"":1,""count_ok_eliminar"":0,""count_pending"":0,""count_review_action"":0,""count_other"":0}";import;qa_ok_importar_found
700325028102;PIPE CLAMP HALF;2/1 D 9 - 28;0.08 KGM;import;qa_ok_importar_found;true;1;12V4000M53;1202040;243;"{""total_rows"":1,""count_ok_importar"":1,""count_ok_eliminar"":0,""count_pending"":0,""count_review_action"":0,""count_other"":0}";import;qa_ok_importar_found
700325028105;PIPE CLAMP HALF;1/1 D11 - 28;50,500 g 1/1 D11 - 28 MMN325;import;qa_ok_importar_found;true;1;12V4000M53;1202289;276;"{""total_rows"":1,""count_ok_importar"":1,""count_ok_eliminar"":0,""count_pending"":0,""count_review_action"":0,""count_other"":0}";import;qa_ok_importar_found
700325038103;PIPE HALF-CLAMP;1/1 D 9 - 38;121.000 g 1/1 D 9 - 38 MMN325;import;qa_ok_importar_found;true;1;16V4000M73;1401946;252;"{""total_rows"":1,""count_ok_importar"":1,""count_ok_eliminar"":0,""count_pending"":0,""count_review_action"":0,""count_other"":0}";import;qa_ok_importar_found
700325042100;CLAMP HALF TUBE 1/2 D9-42;1/2 D 9 - 42;0.164 KGM;import;qa_ok_importar_found;true;1;12V4000M40A;1101989;244;"{""total_rows"":1,""count_ok_importar"":1,""count_ok_eliminar"":0,""count_pending"":0,""count_review_action"":0,""count_other"":0}";import;qa_ok_importar_found
700325042200;CLAMP HALF TUBE 1/2 G8-42;1/2 G 8 - 42;0.169 KGM;import;qa_ok_importar_found;true;1;12V4000M40A;1101990;244;"{""total_rows"":1,""count_ok_importar"":1,""count_ok_eliminar"":0,""count_pending"":0,""count_review_action"":0,""count_other"":0}";import;qa_ok_importar_found
700325055100;CLAMP HALF TUBE 1/2 D9-55;1/2 D 9 - 55;0.235 KGM;import;qa_ok_importar_found;true;1;12V4000M40A;1101991;238;"{""total_rows"":1,""count_ok_importar"":1,""count_ok_eliminar"":0,""count_pending"":0,""count_review_action"":0,""count_other"":0}";import;qa_ok_importar_found
700327006000;GROMMET;6;0.001 KGM;import;qa_ok_importar_found;true;1;12V4000M40A;1101993;115;"{""total_rows"":1,""count_ok_importar"":1,""count_ok_eliminar"":0,""count_pending"":0,""count_review_action"":0,""count_other"":0}";import;qa_ok_importar_found
700327012000;GROMMET;12;0.005 KGM;import;qa_ok_importar_found;true;1;12V4000M40A;1102004;213;"{""total_rows"":1,""count_ok_importar"":1,""count_ok_eliminar"":0,""count_pending"":0,""count_review_action"":0,""count_other"":0}";import;qa_ok_importar_found
700346065100;PIPE CLAMP HALF;AD 9 - 65;271.000 g AD 9 - 65 MMN346;import;qa_ok_importar_found;true;6;20V4000M93, 20V4000M93L;1701248, 1704988, 1708728, 1712476, 1801212, 1804818;175, 571, 967, 1363, 1273, 1650;"{""total_rows"":6,""count_ok_importar"":6,""count_ok_eliminar"":0,""count_pending"":0,""count_review_action"":0,""count_other"":0}";import;qa_ok_importar_found
700354014003;THREADED BUSHING;M 14 X 1,5;0.045 KGM;import;qa_ok_importar_found;true;1;12V4000M40A;1102020;143;"{""total_rows"":1,""count_ok_importar"":1,""count_ok_eliminar"":0,""count_pending"":0,""count_review_action"":0,""count_other"":0}";import;qa_ok_importar_found
700354022003;THREADED BUSHING;M 22 X 1,5;0.077 KGM;import;qa_ok_importar_found;true;1;12V4000M40A;1102021;287;"{""total_rows"":1,""count_ok_importar"":1,""count_ok_eliminar"":0,""count_pending"":0,""count_review_action"":0,""count_other"":0}";import;qa_ok_importar_found
700368042004;SLEEVE RUBBER;42 X 400;540 G 42 X 400;import;qa_ok_importar_found;true;1;12V4000M40A;1102022;284;"{""total_rows"":1,""count_ok_importar"":1,""count_ok_eliminar"":0,""count_pending"":0,""count_review_action"":0,""count_other"":0}";import;qa_ok_importar_found
700368045003;RUBBER SLEEVE;45 X 100;0.115 KGM;import;qa_ok_importar_found;true;6;20V4000M93, 20V4000M93L;1700248, 1703992, 1707732, 1711472, 1800245, 1803817;41, 437, 833, 1229, 1143, 1516;"{""total_rows"":6,""count_ok_importar"":6,""count_ok_eliminar"":0,""count_pending"":0,""count_review_action"":0,""count_other"":0}";import;qa_ok_importar_found
700368045011;RUBBER SLEEVE;45 X 80;101.100 g;import;qa_ok_importar_found;true;6;20V4000M93, 20V4000M93L;1700253, 1703997, 1707737, 1711477, 1800250, 1803822;41, 437, 833, 1229, 1143, 1516;"{""total_rows"":6,""count_ok_importar"":6,""count_ok_eliminar"":0,""count_pending"":0,""count_review_action"":0,""count_other"":0}";import;qa_ok_importar_found
700383018101;BOSS;B M 18 X 1,5;0.031 KGM;import;qa_ok_importar_found;true;1;12V4000M40A;1102024;238;"{""total_rows"":1,""count_ok_importar"":1,""count_ok_eliminar"":0,""count_pending"":0,""count_review_action"":0,""count_other"":0}";import;qa_ok_importar_found
700386050002;SEAL OIL;A 50 X 72 X 8;0.031 KGM;import;qa_ok_importar_found;true;1;12V4000M40A;1102027;247;"{""total_rows"":1,""count_ok_importar"":1,""count_ok_eliminar"":0,""count_pending"":0,""count_review_action"":0,""count_other"":0}";import;qa_ok_importar_found
700419999001;UNION 20G 3/4 A;22 G 3/4 A;0.08 KGM;import;qa_ok_importar_found;true;1;12V4000M40A;1102028;97;"{""total_rows"":1,""count_ok_importar"":1,""count_ok_eliminar"":0,""count_pending"":0,""count_review_action"":0,""count_other"":0}";import;qa_ok_importar_found
700419999002;UNION 20G 1 A;22 G 1 A;0.129 KGM;import;qa_ok_importar_found;true;1;12V4000M40A;1102030;190;"{""total_rows"":1,""count_ok_importar"":1,""count_ok_eliminar"":0,""count_pending"":0,""count_review_action"":0,""count_other"":0}";import;qa_ok_importar_found
700419999004;UNION 8G 3/8 A;10 G 3/8 A;0.033 KGM;import;qa_ok_importar_found;true;1;12V4000M53;1201558;213;"{""total_rows"":1,""count_ok_importar"":1,""count_ok_eliminar"":0,""count_pending"":0,""count_review_action"":0,""count_other"":0}";import;qa_ok_importar_found
700419999010;UNION 10G 3/8 A;12 G 3/8 A;0.031 KGM;import;qa_ok_importar_found;true;1;12V4000M40A;1102032;152;"{""total_rows"":1,""count_ok_importar"":1,""count_ok_eliminar"":0,""count_pending"":0,""count_review_action"":0,""count_other"":0}";import;qa_ok_importar_found
700419999018;SCREW-FITTING UNION;28 G 1 A;0.157 KGM;import;qa_ok_importar_found;true;1;12V4000M40A;1102033;220;"{""total_rows"":1,""count_ok_importar"":1,""count_ok_eliminar"":0,""count_pending"":0,""count_review_action"":0,""count_other"":0}";import;qa_ok_importar_found
700419999021;SCREW-FITTING UNION;10 G 1/4 A;0.025 KGM;import;qa_ok_importar_found;true;1;12V4000M53;1201080;151;"{""total_rows"":1,""count_ok_importar"":1,""count_ok_eliminar"":0,""count_pending"":0,""count_review_action"":0,""count_other"":0}";import;qa_ok_importar_found
700425000049;LABEL MTU;;3,900 G;import;qa_ok_importar_found;true;1;12V4000M40A;1102038;121;"{""total_rows"":1,""count_ok_importar"":1,""count_ok_eliminar"":0,""count_pending"":0,""count_review_action"":0,""count_other"":0}";import;qa_ok_importar_found
700425000112;LABEL;47.2;0.002 KGM;import;qa_ok_importar_found;true;1;12V4000M53;1200005;19;"{""total_rows"":1,""count_ok_importar"":1,""count_ok_eliminar"":0,""count_pending"":0,""count_review_action"":0,""count_other"":0}";import;qa_ok_importar_found
700425000182;EMI-LABEL NON-EPA;;;import;qa_ok_importar_found;true;1;12V4000M53;1200002;16;"{""total_rows"":1,""count_ok_importar"":1,""count_ok_eliminar"":0,""count_pending"":0,""count_review_action"":0,""count_other"":0}";import;qa_ok_importar_found
700425000235;PLATE F/TURBOCHARGER;;3,000 g;import;qa_ok_importar_found;true;1;12V4000M53;1200895;129;"{""total_rows"":1,""count_ok_importar"":1,""count_ok_eliminar"":0,""count_pending"":0,""count_review_action"":0,""count_other"":0}";import;qa_ok_importar_found
700429007001;O-RING;A 7 X 1,5;2,000 g 7 X 1,5 MMN429;import;qa_ok_importar_found;true;1;12V4000M53;1203095;354;"{""total_rows"":1,""count_ok_importar"":1,""count_ok_eliminar"":0,""count_pending"":0,""count_review_action"":0,""count_other"":0}";import;qa_ok_importar_found
700429008001;O-RING;A 8 X 2;0.001 KGM;import;qa_ok_importar_found;true;1;12V4000M40A;1102040;135;"{""total_rows"":1,""count_ok_importar"":1,""count_ok_eliminar"":0,""count_pending"":0,""count_review_action"":0,""count_other"":0}";import;qa_ok_importar_found
700429009003;O-RING;A 9 X 3;0.600 g 9 X 3 MMN429;import;qa_ok_importar_found;true;1;16V4000M73;1400700;123;"{""total_rows"":1,""count_ok_importar"":1,""count_ok_eliminar"":0,""count_pending"":0,""count_review_action"":0,""count_other"":0}";import;qa_ok_importar_found
700429010000;O-RING;A 10 X 2;0.001 KGM;import;qa_ok_importar_found;true;6;20V4000M93, 20V4000M93L;1700406, 1704152, 1707892, 1711632, 1800395, 1803968;67, 463, 859, 1255, 1167, 1540;"{""total_rows"":6,""count_ok_importar"":6,""count_ok_eliminar"":0,""count_pending"":0,""count_review_action"":0,""count_other"":0}";import;qa_ok_importar_found
700429012002;O-RING;A 12 X 5;0.001 KGM;import;qa_ok_importar_found;true;1;12V4000M40A;1102041;18;"{""total_rows"":1,""count_ok_importar"":1,""count_ok_eliminar"":0,""count_pending"":0,""count_review_action"":0,""count_other"":0}";import;qa_ok_importar_found
700429014002;O-RING;A 14 X 4;0.001 KGM;import;qa_ok_importar_found;true;1;16V4000M73;1400915;140;"{""total_rows"":1,""count_ok_importar"":1,""count_ok_eliminar"":0,""count_pending"":0,""count_review_action"":0,""count_other"":0}";import;qa_ok_importar_found
700429015000;O-RING;A 15 X 3;0.001 KGM;import;qa_ok_importar_found;true;1;12V4000M40A;1102043;37;"{""total_rows"":1,""count_ok_importar"":1,""count_ok_eliminar"":0,""count_pending"":0,""count_review_action"":0,""count_other"":0}";import;qa_ok_importar_found
700429015001;O-RING;A 15,5 X 4,5;0.001 KGM;import;qa_ok_importar_found;true;1;12V4000M53;1201042;149;"{""total_rows"":1,""count_ok_importar"":1,""count_ok_eliminar"":0,""count_pending"":0,""count_review_action"":0,""count_other"":0}";import;qa_ok_importar_found
700429015005;O-RING;A 15,6 X 1,78;0.001 KGM;import;qa_ok_importar_found;true;1;16V4000M73;1401651;222;"{""total_rows"":1,""count_ok_importar"":1,""count_ok_eliminar"":0,""count_pending"":0,""count_review_action"":0,""count_other"":0}";import;qa_ok_importar_found
700429016003;O-RING;A 16 X 3;0.001 KGM;import;qa_ok_importar_found;true;1;12V4000M40A;1102045;92;"{""total_rows"":1,""count_ok_importar"":1,""count_ok_eliminar"":0,""count_pending"":0,""count_review_action"":0,""count_other"":0}";import;qa_ok_importar_found
700429017002;O-RING;A 17 X 3;1.100 g 17 X 3 MMN429;import;qa_ok_importar_found;true;1;16V4000M73;1401779;234;"{""total_rows"":1,""count_ok_importar"":1,""count_ok_eliminar"":0,""count_pending"":0,""count_review_action"":0,""count_other"":0}";import;qa_ok_importar_found
700429018005;O-RING;A 18 X 4;0.002 KGM;import;qa_ok_importar_found;true;1;12V4000M40A;1102046;13;"{""total_rows"":1,""count_ok_importar"":1,""count_ok_eliminar"":0,""count_pending"":0,""count_review_action"":0,""count_other"":0}";import;qa_ok_importar_found
700429018006;O-RING;A 18,68X 3,53;1.600 g 18,68X 3,53 MMN429;import;qa_ok_importar_found;true;1;16V4000M73;1400752;125;"{""total_rows"":1,""count_ok_importar"":1,""count_ok_eliminar"":0,""count_pending"":0,""count_review_action"":0,""count_other"":0}";import;qa_ok_importar_found
700429020000;O-RING;A 20 X 2,5;0,820 G 20 X 2,5;import;qa_ok_importar_found;true;2;16V4000M73L;1507729, 1510218;1121, 1456;"{""total_rows"":2,""count_ok_importar"":2,""count_ok_eliminar"":0,""count_pending"":0,""count_review_action"":0,""count_other"":0}";import;qa_ok_importar_found
700429020003;O-RING;A 20 X 4;0.002 KGM;import;qa_ok_importar_found;true;1;12V4000M40A;1102047;26;"{""total_rows"":1,""count_ok_importar"":1,""count_ok_eliminar"":0,""count_pending"":0,""count_review_action"":0,""count_other"":0}";import;qa_ok_importar_found
700429021001;O-RING;A 21 X 2;0,600 G 21 X 2;import;qa_ok_importar_found;true;1;12V4000M40A;1102048;89;"{""total_rows"":1,""count_ok_importar"":1,""count_ok_eliminar"":0,""count_pending"":0,""count_review_action"":0,""count_other"":0}";import;qa_ok_importar_found
700429021002;O-RING;A 21 X 3;0.001 KGM;import;qa_ok_importar_found;true;1;12V4000M40A;1102049;50;"{""total_rows"":1,""count_ok_importar"":1,""count_ok_eliminar"":0,""count_pending"":0,""count_review_action"":0,""count_other"":0}";import;qa_ok_importar_found
700429022002;O-RING;A 22,2 X 3;1.300 g 22,2 X 3 MMN429;import;qa_ok_importar_found;true;1;16V4000M73;1400703;123;"{""total_rows"":1,""count_ok_importar"":1,""count_ok_eliminar"":0,""count_pending"":0,""count_review_action"":0,""count_other"":0}";import;qa_ok_importar_found
700429024000;O-RING;A 24 X 5;0.004 KGM;import;qa_ok_importar_found;true;1;12V4000M40A;1102051;37;"{""total_rows"":1,""count_ok_importar"":1,""count_ok_eliminar"":0,""count_pending"":0,""count_review_action"":0,""count_other"":0}";import;qa_ok_importar_found
700429024002;O-RING;A 24 X 4;0.003 KGM;import;qa_ok_importar_found;true;1;12V4000M40A;1102054;195;"{""total_rows"":1,""count_ok_importar"":1,""count_ok_eliminar"":0,""count_pending"":0,""count_review_action"":0,""count_other"":0}";import;qa_ok_importar_found
700429024004;O-RING;A 24 X 3;1.300 g 24 X 3 MMN429;import;qa_ok_importar_found;true;1;16V4000M73;1400290;47;"{""total_rows"":1,""count_ok_importar"":1,""count_ok_eliminar"":0,""count_pending"":0,""count_review_action"":0,""count_other"":0}";import;qa_ok_importar_found
700429025001;O-RING;A 25 X 2,5;0,900 g 25 X 2,5 MMN429;import;qa_ok_importar_found;true;1;12V4000M53;1201089;151;"{""total_rows"":1,""count_ok_importar"":1,""count_ok_eliminar"":0,""count_pending"":0,""count_review_action"":0,""count_other"":0}";import;qa_ok_importar_found
700429026001;O-RING;A 26 X 3;0.001 KGM;import;qa_ok_importar_found;true;1;12V4000M53;1201782;232;"{""total_rows"":1,""count_ok_importar"":1,""count_ok_eliminar"":0,""count_pending"":0,""count_review_action"":0,""count_other"":0}";import;qa_ok_importar_found
700429027001;O-RING;A 27 X 5;0.005 KGM;import;qa_ok_importar_found;true;1;12V4000M40A;1102055;198;"{""total_rows"":1,""count_ok_importar"":1,""count_ok_eliminar"":0,""count_pending"":0,""count_review_action"":0,""count_other"":0}";import;qa_ok_importar_found
700429028000;O-RING;A 28 X 2,5;0.001 KGM;import;qa_ok_importar_found;true;1;16V4000M73;1400742;125;"{""total_rows"":1,""count_ok_importar"":1,""count_ok_eliminar"":0,""count_pending"":0,""count_review_action"":0,""count_other"":0}";import;qa_ok_importar_found
700429028002;O-RING;A 28 X 4;0.003 KGM;import;qa_ok_importar_found;true;1;12V4000M40A;1102056;286;"{""total_rows"":1,""count_ok_importar"":1,""count_ok_eliminar"":0,""count_pending"":0,""count_review_action"":0,""count_other"":0}";import;qa_ok_importar_found
700429028005;O-RING;A 28,15X 3,5;0.002 KGM;import;qa_ok_importar_found;true;1;12V4000M40A;1102057;213;"{""total_rows"":1,""count_ok_importar"":1,""count_ok_eliminar"":0,""count_pending"":0,""count_review_action"":0,""count_other"":0}";import;qa_ok_importar_found
700429030002;O-RING;A 30 X 4;0.003 KGM;import;qa_ok_importar_found;true;1;12V4000M40A;1102058;104;"{""total_rows"":1,""count_ok_importar"":1,""count_ok_eliminar"":0,""count_pending"":0,""count_review_action"":0,""count_other"":0}";import;qa_ok_importar_found
700429030004;O-RING;A 30 X 2,5;0.001 KGM;import;qa_ok_importar_found;true;2;20V4000M93L;1803025, 1806683;1431, 1811;"{""total_rows"":2,""count_ok_importar"":2,""count_ok_eliminar"":0,""count_pending"":0,""count_review_action"":0,""count_other"":0}";import;qa_ok_importar_found
700429032003;O-RING;A 32 X 4;0.003 KGM;import;qa_ok_importar_found;true;1;12V4000M40A;1102059;200;"{""total_rows"":1,""count_ok_importar"":1,""count_ok_eliminar"":0,""count_pending"":0,""count_review_action"":0,""count_other"":0}";import;qa_ok_importar_found
700429033000;O-RING;A 33 X 3,5;0.002 KGM;import;qa_ok_importar_found;true;1;12V4000M40A;1102060;224;"{""total_rows"":1,""count_ok_importar"":1,""count_ok_eliminar"":0,""count_pending"":0,""count_review_action"":0,""count_other"":0}";import;qa_ok_importar_found
700429033001;O-RING;A 33 X 5;0.004 KGM;import;qa_ok_importar_found;true;1;12V4000M40A;1102061;26;"{""total_rows"":1,""count_ok_importar"":1,""count_ok_eliminar"":0,""count_pending"":0,""count_review_action"":0,""count_other"":0}";import;qa_ok_importar_found
700429035000;O-RING;A 35,5 X 4;0.003 KGM;import;qa_ok_importar_found;true;1;12V4000M40A;1102063;157;"{""total_rows"":1,""count_ok_importar"":1,""count_ok_eliminar"":0,""count_pending"":0,""count_review_action"":0,""count_other"":0}";import;qa_ok_importar_found
700429036001;O-RING;A 36 X 5;0.005 KGM;import;qa_ok_importar_found;true;1;12V4000M40A;1102064;92;"{""total_rows"":1,""count_ok_importar"":1,""count_ok_eliminar"":0,""count_pending"":0,""count_review_action"":0,""count_other"":0}";import;qa_ok_importar_found
700429036003;O-RING;A 36,2 X 3;1,800 g 36,2 X 3 MMN429;import;qa_ok_importar_found;true;1;12V4000M53;1200556;101;"{""total_rows"":1,""count_ok_importar"":1,""count_ok_eliminar"":0,""count_pending"":0,""count_review_action"":0,""count_other"":0}";import;qa_ok_importar_found
700429037000;O-RING;A 37,7 X 3,53;0.003 KGM;import;qa_ok_importar_found;true;1;12V4000M40A;1102065;40;"{""total_rows"":1,""count_ok_importar"":1,""count_ok_eliminar"":0,""count_pending"":0,""count_review_action"":0,""count_other"":0}";import;qa_ok_importar_found
700429037001;O-RING;A 37,46X 5,33;6.500 g 37,46X 5,33 MMN429;import;qa_ok_importar_found;true;6;20V4000M93, 20V4000M93L;1701887, 1705627, 1709367, 1713112, 1802045, 1805704;240, 636, 1032, 1428, 1351, 1731;"{""total_rows"":6,""count_ok_importar"":6,""count_ok_eliminar"":0,""count_pending"":0,""count_review_action"":0,""count_other"":0}";import;qa_ok_importar_found
700429038000;O-RING;A 38 X 5;0.006 KGM;import;qa_ok_importar_found;true;1;16V4000M73;1401988;253;"{""total_rows"":1,""count_ok_importar"":1,""count_ok_eliminar"":0,""count_pending"":0,""count_review_action"":0,""count_other"":0}";import;qa_ok_importar_found
700429038002;O-RING;A 38 X 2;0.001 KGM;import;qa_ok_importar_found;true;1;12V4000M40A;1102066;121;"{""total_rows"":1,""count_ok_importar"":1,""count_ok_eliminar"":0,""count_pending"":0,""count_review_action"":0,""count_other"":0}";import;qa_ok_importar_found
700429039000;O-RING;A 39,2 X 3;0.002 KGM;import;qa_ok_importar_found;true;1;12V4000M40A;1102069;65;"{""total_rows"":1,""count_ok_importar"":1,""count_ok_eliminar"":0,""count_pending"":0,""count_review_action"":0,""count_other"":0}";import;qa_ok_importar_found
700429040000;O-RING;A 40 X 3;0.002 KGM;import;qa_ok_importar_found;true;1;12V4000M40A;1102070;29;"{""total_rows"":1,""count_ok_importar"":1,""count_ok_eliminar"":0,""count_pending"":0,""count_review_action"":0,""count_other"":0}";import;qa_ok_importar_found
700429040003;O-RING;A 40 X 5;5,900 g 40 X 5 MMN429;import;qa_ok_importar_found;true;1;12V4000M53;1201371;191;"{""total_rows"":1,""count_ok_importar"":1,""count_ok_eliminar"":0,""count_pending"":0,""count_review_action"":0,""count_other"":0}";import;qa_ok_importar_found
700429041000;O-RING;A 41 X 4;0.004 KGM;import;qa_ok_importar_found;true;1;12V4000M40A;1102072;195;"{""total_rows"":1,""count_ok_importar"":1,""count_ok_eliminar"":0,""count_pending"":0,""count_review_action"":0,""count_other"":0}";import;qa_ok_importar_found
700429042000;O-RING;A 42 X 5;0.005 KGM;import;qa_ok_importar_found;true;1;12V4000M40A;1102073;13;"{""total_rows"":1,""count_ok_importar"":1,""count_ok_eliminar"":0,""count_pending"":0,""count_review_action"":0,""count_other"":0}";import;qa_ok_importar_found
700429042002;O-RING;A 42 X 4;3,800 g 42 X 4 MMN429;import;qa_ok_importar_found;true;1;12V4000M53;1201477;204;"{""total_rows"":1,""count_ok_importar"":1,""count_ok_eliminar"":0,""count_pending"":0,""count_review_action"":0,""count_other"":0}";import;qa_ok_importar_found
700429043000;O-RING;A 43 X 3;0.002 KGM;import;qa_ok_importar_found;true;1;12V4000M53;1200182;40;"{""total_rows"":1,""count_ok_importar"":1,""count_ok_eliminar"":0,""count_pending"":0,""count_review_action"":0,""count_other"":0}";import;qa_ok_importar_found
700429045000;O-RING;A 45 X 5;6,800 g 45 X 5 MMN429;import;qa_ok_importar_found;true;1;12V4000M53;1201372;191;"{""total_rows"":1,""count_ok_importar"":1,""count_ok_eliminar"":0,""count_pending"":0,""count_review_action"":0,""count_other"":0}";import;qa_ok_importar_found
700429045001;O-RING;A 45 X 4;0.004 KGM;import;qa_ok_importar_found;true;1;16V4000M73;1401940;252;"{""total_rows"":1,""count_ok_importar"":1,""count_ok_eliminar"":0,""count_pending"":0,""count_review_action"":0,""count_other"":0}";import;qa_ok_importar_found
700429048000;O-RING;A 48 X 4;0.004 KGM;import;qa_ok_importar_found;true;1;12V4000M40A;1102078;37;"{""total_rows"":1,""count_ok_importar"":1,""count_ok_eliminar"":0,""count_pending"":0,""count_review_action"":0,""count_other"":0}";import;qa_ok_importar_found
700429050000;O-RING;A 50 X 5;0.008 KGM;import;qa_ok_importar_found;true;6;20V4000M93, 20V4000M93L;1702385, 1706125, 1709865, 1713609, 1802434, 1806093;279, 675, 1071, 1467, 1387, 1767;"{""total_rows"":6,""count_ok_importar"":6,""count_ok_eliminar"":0,""count_pending"":0,""count_review_action"":0,""count_other"":0}";import;qa_ok_importar_found
700429050003;O-RING;A 50 X 4;4,600 g 50 X 4 MMN429;import;qa_ok_importar_found;true;1;12V4000M53;1201330;184;"{""total_rows"":1,""count_ok_importar"":1,""count_ok_eliminar"":0,""count_pending"":0,""count_review_action"":0,""count_other"":0}";import;qa_ok_importar_found
700429054001;O-RING;A 54 X 5;0.008 KGM;import;qa_ok_importar_found;true;6;20V4000M93, 20V4000M93L;1702402, 1706142, 1709882, 1713626, 1802455, 1806114;280, 676, 1072, 1468, 1388, 1768;"{""total_rows"":6,""count_ok_importar"":6,""count_ok_eliminar"":0,""count_pending"":0,""count_review_action"":0,""count_other"":0}";import;qa_ok_importar_found
700429055001;O-RING;A 55 X 5;0.008 KGM;import;qa_ok_importar_found;true;1;12V4000M40A;1102079;13;"{""total_rows"":1,""count_ok_importar"":1,""count_ok_eliminar"":0,""count_pending"":0,""count_review_action"":0,""count_other"":0}";import;qa_ok_importar_found
700429058001;O-RING;A 58 X 4;6,000 g 58 X 4 MMN429;import;qa_ok_importar_found;true;1;12V4000M53;1201365;191;"{""total_rows"":1,""count_ok_importar"":1,""count_ok_eliminar"":0,""count_pending"":0,""count_review_action"":0,""count_other"":0}";import;qa_ok_importar_found
700429060002;O-RING;A 60 X 4;0.006 KGM;import;qa_ok_importar_found;true;1;12V4000M40A;1102083;92;"{""total_rows"":1,""count_ok_importar"":1,""count_ok_eliminar"":0,""count_pending"":0,""count_review_action"":0,""count_other"":0}";import;qa_ok_importar_found
700429065000;O-RING;A 65 X 4;5,800 g 65 X 4 MMN429;import;qa_ok_importar_found;true;1;12V4000M53;1202207;264;"{""total_rows"":1,""count_ok_importar"":1,""count_ok_eliminar"":0,""count_pending"":0,""count_review_action"":0,""count_other"":0}";import;qa_ok_importar_found
700429065001;O-RING;A 65 X 5;0.008 KGM;import;qa_ok_importar_found;true;6;20V4000M93, 20V4000M93L;1702412, 1706152, 1709892, 1713636, 1802462, 1806121;280, 676, 1072, 1468, 1388, 1768;"{""total_rows"":6,""count_ok_importar"":6,""count_ok_eliminar"":0,""count_pending"":0,""count_review_action"":0,""count_other"":0}";import;qa_ok_importar_found
700429069000;O-RING;A 69,45X 3,53;0.005 KGM;import;qa_ok_importar_found;true;1;16V4000M73;1401698;226;"{""total_rows"":1,""count_ok_importar"":1,""count_ok_eliminar"":0,""count_pending"":0,""count_review_action"":0,""count_other"":0}";import;qa_ok_importar_found
700429070000;O-RING;A 70 X 5;0.01 KGM;import;qa_ok_importar_found;true;1;12V4000M40A;1102084;20;"{""total_rows"":1,""count_ok_importar"":1,""count_ok_eliminar"":0,""count_pending"":0,""count_review_action"":0,""count_other"":0}";import;qa_ok_importar_found
700429070002;O-RING;A 70 X 4;6,200 g 70 X 4 MMN429;import;qa_ok_importar_found;true;1;12V4000M53;1201364;191;"{""total_rows"":1,""count_ok_importar"":1,""count_ok_eliminar"":0,""count_pending"":0,""count_review_action"":0,""count_other"":0}";import;qa_ok_importar_found
700429075001;O-RING;A 75 X 5;0.011 KGM;import;qa_ok_importar_found;true;1;12V4000M40A;1102091;154;"{""total_rows"":1,""count_ok_importar"":1,""count_ok_eliminar"":0,""count_pending"":0,""count_review_action"":0,""count_other"":0}";import;qa_ok_importar_found
700429075002;O-RING;A 75 X 3,5;0.004 KGM;import;qa_ok_importar_found;true;1;12V4000M40A;1102093;20;"{""total_rows"":1,""count_ok_importar"":1,""count_ok_eliminar"":0,""count_pending"":0,""count_review_action"":0,""count_other"":0}";import;qa_ok_importar_found
700429076000;O-RING;A 76 X 4;7,000 g 76 X 4 MMN429;import;qa_ok_importar_found;true;1;12V4000M53;1201366;191;"{""total_rows"":1,""count_ok_importar"":1,""count_ok_eliminar"":0,""count_pending"":0,""count_review_action"":0,""count_other"":0}";import;qa_ok_importar_found
700429080001;O-RING;A 80 X 5;0.01 KGM;import;qa_ok_importar_found;true;1;12V4000M53;1201193;163;"{""total_rows"":1,""count_ok_importar"":1,""count_ok_eliminar"":0,""count_pending"":0,""count_review_action"":0,""count_other"":0}";import;qa_ok_importar_found
700429080002;O-RING;A 80 X 4;0.007 KGM;import;qa_ok_importar_found;true;1;12V4000M40A;1102094;251;"{""total_rows"":1,""count_ok_importar"":1,""count_ok_eliminar"":0,""count_pending"":0,""count_review_action"":0,""count_other"":0}";import;qa_ok_importar_found
700429083000;O-RING;A 83 X 5;0.011 KGM;import;qa_ok_importar_found;true;1;12V4000M40A;1102095;36;"{""total_rows"":1,""count_ok_importar"":1,""count_ok_eliminar"":0,""count_pending"":0,""count_review_action"":0,""count_other"":0}";import;qa_ok_importar_found
700429085000;O-RING;A 85 X 4;0.008 KGM;import;qa_ok_importar_found;true;1;12V4000M40A;1102099;251;"{""total_rows"":1,""count_ok_importar"":1,""count_ok_eliminar"":0,""count_pending"":0,""count_review_action"":0,""count_other"":0}";import;qa_ok_importar_found
700429085002;O-RING;A 85 X 6;0.017 KGM;import;qa_ok_importar_found;true;1;12V4000M40A;1102100;143;"{""total_rows"":1,""count_ok_importar"":1,""count_ok_eliminar"":0,""count_pending"":0,""count_review_action"":0,""count_other"":0}";import;qa_ok_importar_found
700429090002;O-RING;A 90 X 4;0.008 KGM;import;qa_ok_importar_found;true;1;12V4000M40A;1102104;31;"{""total_rows"":1,""count_ok_importar"":1,""count_ok_eliminar"":0,""count_pending"":0,""count_review_action"":0,""count_other"":0}";import;qa_ok_importar_found
700429090003;O-RING;A 90 X 6;0.018 KGM;import;qa_ok_importar_found;true;2;20V4000M93L;1801279, 1804885;1282, 1659;"{""total_rows"":2,""count_ok_importar"":2,""count_ok_eliminar"":0,""count_pending"":0,""count_review_action"":0,""count_other"":0}";import;qa_ok_importar_found
700429095000;O-RING;A 95 X 4;8.400 g 95 X 4 MMN429;import;qa_ok_importar_found;true;1;16V4000M73;1402132;267;"{""total_rows"":1,""count_ok_importar"":1,""count_ok_eliminar"":0,""count_pending"":0,""count_review_action"":0,""count_other"":0}";import;qa_ok_importar_found
700429098001;O-RING;A 98 X 6;0.02 KGM;import;qa_ok_importar_found;true;2;20V4000M93L;1801293, 1804899;1282, 1659;"{""total_rows"":2,""count_ok_importar"":2,""count_ok_eliminar"":0,""count_pending"":0,""count_review_action"":0,""count_other"":0}";import;qa_ok_importar_found
700429100000;O-RING;A 100 X 5;0.014 KGM;import;qa_ok_importar_found;true;1;12V4000M40A;1102107;231;"{""total_rows"":1,""count_ok_importar"":1,""count_ok_eliminar"":0,""count_pending"":0,""count_review_action"":0,""count_other"":0}";import;qa_ok_importar_found
700429100001;O-RING;A 100 X 4;0.008 KGM;import;qa_ok_importar_found;true;1;12V4000M40A;1102110;267;"{""total_rows"":1,""count_ok_importar"":1,""count_ok_eliminar"":0,""count_pending"":0,""count_review_action"":0,""count_other"":0}";import;qa_ok_importar_found
700429105000;O-RING;A 105 X 5;14.300 g 105 X 5 MMN429;import;qa_ok_importar_found;true;1;16V4000M73;1402393;287;"{""total_rows"":1,""count_ok_importar"":1,""count_ok_eliminar"":0,""count_pending"":0,""count_review_action"":0,""count_other"":0}";import;qa_ok_importar_found
700429105001;O-RING;A 105 X 3,5;0.007 KGM;import;qa_ok_importar_found;true;1;12V4000M40A;1102111;121;"{""total_rows"":1,""count_ok_importar"":1,""count_ok_eliminar"":0,""count_pending"":0,""count_review_action"":0,""count_other"":0}";import;qa_ok_importar_found
700429110000;O-RING;A 110 X 6;0.022 KGM;import;qa_ok_importar_found;true;1;12V4000M40A;1102113;230;"{""total_rows"":1,""count_ok_importar"":1,""count_ok_eliminar"":0,""count_pending"":0,""count_review_action"":0,""count_other"":0}";import;qa_ok_importar_found
700429115000;O-RING;A 115 X 6;0.023 KGM;import;qa_ok_importar_found;true;1;12V4000M40A;1102115;200;"{""total_rows"":1,""count_ok_importar"":1,""count_ok_eliminar"":0,""count_pending"":0,""count_review_action"":0,""count_other"":0}";import;qa_ok_importar_found
700429118000;O-RING;A 118 X 4;10.500 g 118 X 4 MMN429;import;qa_ok_importar_found;true;1;16V4000M73;1401183;175;"{""total_rows"":1,""count_ok_importar"":1,""count_ok_eliminar"":0,""count_pending"":0,""count_review_action"":0,""count_other"":0}";import;qa_ok_importar_found
700429120000;O-RING;A 120 X 4;0.011 KGM;import;qa_ok_importar_found;true;1;16V4000M73;1401712;227;"{""total_rows"":1,""count_ok_importar"":1,""count_ok_eliminar"":0,""count_pending"":0,""count_review_action"":0,""count_other"":0}";import;qa_ok_importar_found
700429120001;O-RING;A 120 X 3;0.006 KGM;import;qa_ok_importar_found;true;1;16V4000M73;1400754;125;"{""total_rows"":1,""count_ok_importar"":1,""count_ok_eliminar"":0,""count_pending"":0,""count_review_action"":0,""count_other"":0}";import;qa_ok_importar_found
700429120002;O-RING;A 120 X 6;0.026 KGM;import;qa_ok_importar_found;true;1;12V4000M40A;1102116;131;"{""total_rows"":1,""count_ok_importar"":1,""count_ok_eliminar"":0,""count_pending"":0,""count_review_action"":0,""count_other"":0}";import;qa_ok_importar_found
700429122001;O-RING;A 122 X 3,75;0.009 KGM;import;qa_ok_importar_found;true;1;12V4000M40A;1102118;201;"{""total_rows"":1,""count_ok_importar"":1,""count_ok_eliminar"":0,""count_pending"":0,""count_review_action"":0,""count_other"":0}";import;qa_ok_importar_found
700429130000;O-RING;A 130 X 6;0.026 KGM;import;qa_ok_importar_found;true;1;12V4000M53;1201816;234;"{""total_rows"":1,""count_ok_importar"":1,""count_ok_eliminar"":0,""count_pending"":0,""count_review_action"":0,""count_other"":0}";import;qa_ok_importar_found
700429135000;O-RING;A 135 X 5;0.019 KGM;import;qa_ok_importar_found;true;1;12V4000M40A;1102124;224;"{""total_rows"":1,""count_ok_importar"":1,""count_ok_eliminar"":0,""count_pending"":0,""count_review_action"":0,""count_other"":0}";import;qa_ok_importar_found
700429142000;O-RING;A 142 X 4;0.013 KGM;import;qa_ok_importar_found;true;2;20V4000M93L;1801434, 1805040;1290, 1667;"{""total_rows"":2,""count_ok_importar"":2,""count_ok_eliminar"":0,""count_pending"":0,""count_review_action"":0,""count_other"":0}";import;qa_ok_importar_found
700429150000;O-RING;A 150 X 4;0.013 KGM;import;qa_ok_importar_found;true;1;12V4000M40A;1102131;51;"{""total_rows"":1,""count_ok_importar"":1,""count_ok_eliminar"":0,""count_pending"":0,""count_review_action"":0,""count_other"":0}";import;qa_ok_importar_found
700429160000;O-RING;A 160 X 5;0.02 KGM;import;qa_ok_importar_found;true;1;12V4000M40A;1102132;131;"{""total_rows"":1,""count_ok_importar"":1,""count_ok_eliminar"":0,""count_pending"":0,""count_review_action"":0,""count_other"":0}";import;qa_ok_importar_found
700429160001;O-RING;A 160 X 4;0.014 KGM;import;qa_ok_importar_found;true;1;12V4000M53;1201059;149;"{""total_rows"":1,""count_ok_importar"":1,""count_ok_eliminar"":0,""count_pending"":0,""count_review_action"":0,""count_other"":0}";import;qa_ok_importar_found
700429165000;O-RING;A 165 X 5;22.700 g 165 X 5 MMN429;import;qa_ok_importar_found;true;1;16V4000M73;1401192;175;"{""total_rows"":1,""count_ok_importar"":1,""count_ok_eliminar"":0,""count_pending"":0,""count_review_action"":0,""count_other"":0}";import;qa_ok_importar_found
700429170000;O-RING;A 170 X 4;15.500 g 170 X 4 MMN429;import;qa_ok_importar_found;true;1;16V4000M73;1401182;175;"{""total_rows"":1,""count_ok_importar"":1,""count_ok_eliminar"":0,""count_pending"":0,""count_review_action"":0,""count_other"":0}";import;qa_ok_importar_found
700429180000;O-RING;A 180 X 4;0.016 KGM;import;qa_ok_importar_found;true;1;12V4000M40A;1102135;51;"{""total_rows"":1,""count_ok_importar"":1,""count_ok_eliminar"":0,""count_pending"":0,""count_review_action"":0,""count_other"":0}";import;qa_ok_importar_found
700429190001;O-RING;A 190 X 5;0.026 KGM;import;qa_ok_importar_found;true;1;12V4000M40A;1102138;280;"{""total_rows"":1,""count_ok_importar"":1,""count_ok_eliminar"":0,""count_pending"":0,""count_review_action"":0,""count_other"":0}";import;qa_ok_importar_found
700429192000;O-RING;A 387*192 X 4;0.017 KGM;import;qa_ok_importar_found;true;1;12V4000M40A;1102139;294;"{""total_rows"":1,""count_ok_importar"":1,""count_ok_eliminar"":0,""count_pending"":0,""count_review_action"":0,""count_other"":0}";import;qa_ok_importar_found
700429194000;O-RING;;15.000 g;import;qa_ok_importar_found;true;10;20V4000M93L;1801444, 1801450, 1801460, 1801468, 1801480, 1805050, 1805056, 1805066, 1805074, 1805086;1294, 1671;"{""total_rows"":10,""count_ok_importar"":10,""count_ok_eliminar"":0,""count_pending"":0,""count_review_action"":0,""count_other"":0}";import;qa_ok_importar_found
700429200002;O-RING;A 200 X 4;0.018 KGM;import;qa_ok_importar_found;true;1;12V4000M40A;1102140;120;"{""total_rows"":1,""count_ok_importar"":1,""count_ok_eliminar"":0,""count_pending"":0,""count_review_action"":0,""count_other"":0}";import;qa_ok_importar_found
700429244000;O-RING;;21,100 G;import;qa_ok_importar_found;true;1;12V4000M40A;1102142;154;"{""total_rows"":1,""count_ok_importar"":1,""count_ok_eliminar"":0,""count_pending"":0,""count_review_action"":0,""count_other"":0}";import;qa_ok_importar_found
700429250000;O-RING;;21.500 g 250 X 4 MMN429;import;qa_ok_importar_found;true;2;20V4000M93L;1800512, 1804085;1195, 1568;"{""total_rows"":2,""count_ok_importar"":2,""count_ok_eliminar"":0,""count_pending"":0,""count_review_action"":0,""count_other"":0}";import;qa_ok_importar_found
700429253000;O-RING;A 253 X 4;22.000 g 253 X 4 MMN429;import;qa_ok_importar_found;true;1;16V4000M73;1400546;97;"{""total_rows"":1,""count_ok_importar"":1,""count_ok_eliminar"":0,""count_pending"":0,""count_review_action"":0,""count_other"":0}";import;qa_ok_importar_found
700429258000;O-RING;;20.000 g;import;qa_ok_importar_found;true;10;20V4000M93L;1801445, 1801451, 1801461, 1801469, 1801481, 1805051, 1805057, 1805067, 1805075, 1805087;1294, 1671;"{""total_rows"":10,""count_ok_importar"":10,""count_ok_eliminar"":0,""count_pending"":0,""count_review_action"":0,""count_other"":0}";import;qa_ok_importar_found
700429260001;O-RING;A 260 X 3;12,900 g 260 X 3 MMN429;import;qa_ok_importar_found;true;1;12V4000M53;1200392;63;"{""total_rows"":1,""count_ok_importar"":1,""count_ok_eliminar"":0,""count_pending"":0,""count_review_action"":0,""count_other"":0}";import;qa_ok_importar_found
700429420000;O-RING;A 420 X 4;0.036 KGM;import;qa_ok_importar_found;true;1;12V4000M40A;1102148;29;"{""total_rows"":1,""count_ok_importar"":1,""count_ok_eliminar"":0,""count_pending"":0,""count_review_action"":0,""count_other"":0}";import;qa_ok_importar_found
700429460001;O-RING;A 460 X 4;0.04 KGM;import;qa_ok_importar_found;true;6;20V4000M93, 20V4000M93L;1700405, 1704151, 1707891, 1711631, 1800394, 1803967;67, 463, 859, 1255, 1167, 1540;"{""total_rows"":6,""count_ok_importar"":6,""count_ok_eliminar"":0,""count_pending"":0,""count_review_action"":0,""count_other"":0}";import;qa_ok_importar_found
700429530000;O-RING;A 530 X 5;0.072 KGM;import;qa_ok_importar_found;true;1;12V4000M40A;1102150;308;"{""total_rows"":1,""count_ok_importar"":1,""count_ok_eliminar"":0,""count_pending"":0,""count_review_action"":0,""count_other"":0}";import;qa_ok_importar_found
700500000861;END SLEEVE END SPLIC E 1.5;E 1,5 - 8 (SCHWARZ);0.001 KGM;import;qa_ok_importar_found;true;1;12V4000M40A;1102159;354;"{""total_rows"":1,""count_ok_importar"":1,""count_ok_eliminar"":0,""count_pending"":0,""count_review_action"":0,""count_other"":0}";import;qa_ok_importar_found
700521018201;WASHER;18,2;0.015 KGM;import;qa_ok_importar_found;true;1;12V4000M40A;1102161;14;"{""total_rows"":1,""count_ok_importar"":1,""count_ok_eliminar"":0,""count_pending"":0,""count_review_action"":0,""count_other"":0}";import;qa_ok_importar_found
705057013000;RING SEALING A13 X18 CU;A 13 X 18;0.002 KGM;import;qa_ok_importar_found;true;1;12V4000M40A;1102163;221;"{""total_rows"":1,""count_ok_importar"":1,""count_ok_eliminar"":0,""count_pending"":0,""count_review_action"":0,""count_other"":0}";import;qa_ok_importar_found
705100502035;BEARING CYLINDRICAL ROLLER;NU208;0.416 KGM;import;qa_ok_importar_found;true;1;12V4000M40A;1102166;247;"{""total_rows"":1,""count_ok_importar"":1,""count_ok_eliminar"":0,""count_pending"":0,""count_review_action"":0,""count_other"":0}";import;qa_ok_importar_found
735028016001;NUT;M 16 X 1,5;0.017 KGM;import;qa_ok_importar_found;true;1;12V4000M40A;1102194;105;"{""total_rows"":1,""count_ok_importar"":1,""count_ok_eliminar"":0,""count_pending"":0,""count_review_action"":0,""count_other"":0}";import;qa_ok_importar_found
735038006102;HOSE;1SC 6 CC 300;0.153 KGM;import;qa_ok_importar_found;true;1;12V4000M40A;1102195;258;"{""total_rows"":1,""count_ok_importar"":1,""count_ok_eliminar"":0,""count_pending"":0,""count_review_action"":0,""count_other"":0}";import;qa_ok_importar_found
735038006103;HOSE;1SC 6 CC 500;0.191 KGM;import;qa_ok_importar_found;true;1;12V4000M53;1201962;240;"{""total_rows"":1,""count_ok_importar"":1,""count_ok_eliminar"":0,""count_pending"":0,""count_review_action"":0,""count_other"":0}";import;qa_ok_importar_found
735038008103;HOSE;1SC 8 CC 300-MW;0.19 KGM;import;qa_ok_importar_found;true;1;12V4000M53;1202280;275;"{""total_rows"":1,""count_ok_importar"":1,""count_ok_eliminar"":0,""count_pending"":0,""count_review_action"":0,""count_other"":0}";import;qa_ok_importar_found
735038008107;HOSE LINE;1SC 8 CC 300;0.192 KGM;import;qa_ok_importar_found;true;6;20V4000M93, 20V4000M93L;1702435, 1706175, 1709915, 1713659, 1802485, 1806144;281, 677, 1073, 1469, 1389, 1769;"{""total_rows"":6,""count_ok_importar"":6,""count_ok_eliminar"":0,""count_pending"":0,""count_review_action"":0,""count_other"":0}";import;qa_ok_importar_found
735038008109;HOSE;1SC 8 CC 400;0.225 KGM;import;qa_ok_importar_found;true;1;12V4000M40A;1102196;255;"{""total_rows"":1,""count_ok_importar"":1,""count_ok_eliminar"":0,""count_pending"":0,""count_review_action"":0,""count_other"":0}";import;qa_ok_importar_found
735038008118;HOSE LINE;1SC 8 CC 600;0.271 KGM;import;qa_ok_importar_found;true;1;12V4000M40A;1102198;96;"{""total_rows"":1,""count_ok_importar"":1,""count_ok_eliminar"":0,""count_pending"":0,""count_review_action"":0,""count_other"":0}";import;qa_ok_importar_found
735038012103;HOSE LINE;1SC 12 CC 400;0.395 KGM;import;qa_ok_importar_found;true;1;12V4000M40A;1102199;113;"{""total_rows"":1,""count_ok_importar"":1,""count_ok_eliminar"":0,""count_pending"":0,""count_review_action"":0,""count_other"":0}";import;qa_ok_importar_found
735038012105;HOSE;1SC 12 CC 500;0.444 KGM;import;qa_ok_importar_found;true;2;20V4000M93L;1802487, 1806146;1390, 1770;"{""total_rows"":2,""count_ok_importar"":2,""count_ok_eliminar"":0,""count_pending"":0,""count_review_action"":0,""count_other"":0}";import;qa_ok_importar_found
735038020103;HOSE;1SC 19 CC 600;0.79 KGM;import;qa_ok_importar_found;true;1;12V4000M40A;1102200;95;"{""total_rows"":1,""count_ok_importar"":1,""count_ok_eliminar"":0,""count_pending"":0,""count_review_action"":0,""count_other"":0}";import;qa_ok_importar_found
735038020104;HOSE;1SC 19 CC 400;0.635 KGM;import;qa_ok_importar_found;true;1;12V4000M40A;1102203;274;"{""total_rows"":1,""count_ok_importar"":1,""count_ok_eliminar"":0,""count_pending"":0,""count_review_action"":0,""count_other"":0}";import;qa_ok_importar_found
735038020106;HOSE;1SC 19 CC 500;0.734 KGM;import;qa_ok_importar_found;true;1;12V4000M40A;1102204;184;"{""total_rows"":1,""count_ok_importar"":1,""count_ok_eliminar"":0,""count_pending"":0,""count_review_action"":0,""count_other"":0}";import;qa_ok_importar_found
735038020110;HOSE;1SC 19 CC 450;0.704 KGM;import;qa_ok_importar_found;true;1;12V4000M40A;1102205;187;"{""total_rows"":1,""count_ok_importar"":1,""count_ok_eliminar"":0,""count_pending"":0,""count_review_action"":0,""count_other"":0}";import;qa_ok_importar_found
735038020112;HOSE;1SC 19 CC 800;0.89 KGM;import;qa_ok_importar_found;true;1;12V4000M40A;1102206;99;"{""total_rows"":1,""count_ok_importar"":1,""count_ok_eliminar"":0,""count_pending"":0,""count_review_action"":0,""count_other"":0}";import;qa_ok_importar_found
735038020116;HOSE;1SC 19 CC 700;0.852 KGM;import;qa_ok_importar_found;true;1;12V4000M40A;1102207;117;"{""total_rows"":1,""count_ok_importar"":1,""count_ok_eliminar"":0,""count_pending"":0,""count_review_action"":0,""count_other"":0}";import;qa_ok_importar_found
735038025101;HOSE;1SC 25 CC 600;1.175 KGM;import;qa_ok_importar_found;true;1;12V4000M40A;1102208;109;"{""total_rows"":1,""count_ok_importar"":1,""count_ok_eliminar"":0,""count_pending"":0,""count_review_action"":0,""count_other"":0}";import;qa_ok_importar_found
735038025102;HOSE;1SC 25 CC 400;1.025 KGM;import;qa_ok_importar_found;true;1;12V4000M40A;1102209;185;"{""total_rows"":1,""count_ok_importar"":1,""count_ok_eliminar"":0,""count_pending"":0,""count_review_action"":0,""count_other"":0}";import;qa_ok_importar_found
735038025103;HOSE;1SC 25 CC 500;1.205 KGM;import;qa_ok_importar_found;true;1;12V4000M40A;1102210;108;"{""total_rows"":1,""count_ok_importar"":1,""count_ok_eliminar"":0,""count_pending"":0,""count_review_action"":0,""count_other"":0}";import;qa_ok_importar_found
735038032102;HOSE;1SN 31 CC 500;1.54 KGM;import;qa_ok_importar_found;true;4;20V4000M93;1703020, 1706760, 1710500, 1714243;337, 733, 1129, 1525;"{""total_rows"":4,""count_ok_importar"":4,""count_ok_eliminar"":0,""count_pending"":0,""count_review_action"":0,""count_other"":0}";import;qa_ok_importar_found
735038032110;HOSE;1SN 31 CC 800;1.916 KGM;import;qa_ok_importar_found;true;2;20V4000M93L;1800740, 1804346;1228, 1605;"{""total_rows"":2,""count_ok_importar"":2,""count_ok_eliminar"":0,""count_pending"":0,""count_review_action"":0,""count_other"":0}";import;qa_ok_importar_found
735038040102;HOSE;1SN 38 CC 600-MW;2.45 KGM;import;qa_ok_importar_found;true;1;12V4000M40A;1102211;313;"{""total_rows"":1,""count_ok_importar"":1,""count_ok_eliminar"":0,""count_pending"":0,""count_review_action"":0,""count_other"":0}";import;qa_ok_importar_found
735038040105;HOSE;1SN 38 CC 1000;3,020 KG;import;qa_ok_importar_found;true;1;12V4000M40A;1102212;285;"{""total_rows"":1,""count_ok_importar"":1,""count_ok_eliminar"":0,""count_pending"":0,""count_review_action"":0,""count_other"":0}";import;qa_ok_importar_found
735072042000;PLUG;M 42 X 2;0.064 KGM;import;qa_ok_importar_found;true;1;12V4000M40A;1102215;287;"{""total_rows"":1,""count_ok_importar"":1,""count_ok_eliminar"":0,""count_pending"":0,""count_review_action"":0,""count_other"":0}";import;qa_ok_importar_found
735072052000;PLUG;M 52 X 2;0,105 kg M 52 X 2 MTN5072;import;qa_ok_importar_found;true;1;12V4000M53;1202310;278;"{""total_rows"":1,""count_ok_importar"":1,""count_ok_eliminar"":0,""count_pending"":0,""count_review_action"":0,""count_other"":0}";import;qa_ok_importar_found
735073010001;PLUG;A10;14,000 g A10 MTN5073;import;qa_ok_importar_found;true;1;12V4000M53;1200454;74;"{""total_rows"":1,""count_ok_importar"":1,""count_ok_eliminar"":0,""count_pending"":0,""count_review_action"":0,""count_other"":0}";import;qa_ok_importar_found
735078025012;TUBE PLUG-IN;25 X 110;0.098 KGM;import;qa_ok_importar_found;true;1;12V4000M40A;1102216;286;"{""total_rows"":1,""count_ok_importar"":1,""count_ok_eliminar"":0,""count_pending"":0,""count_review_action"":0,""count_other"":0}";import;qa_ok_importar_found
735080010200;REGULATOR FUEL RETUR N 0.5 BAR;RHDK 10-L 0,5;0.098 KGM;import;qa_ok_importar_found;true;1;12V4000M40A;1102218;230;"{""total_rows"":1,""count_ok_importar"":1,""count_ok_eliminar"":0,""count_pending"":0,""count_review_action"":0,""count_other"":0}";import;qa_ok_importar_found
735080012200;NON-RETURN VALVE;RHDK 12-L 0,5;0.154 KGM;import;qa_ok_importar_found;true;1;12V4000M40A;1102219;244;"{""total_rows"":1,""count_ok_importar"":1,""count_ok_eliminar"":0,""count_pending"":0,""count_review_action"":0,""count_other"":0}";import;qa_ok_importar_found
735080018200;VALVE CHECK 0.2 BAR RHDK 18-L 0.2;RHDK 18-L 0,2;0.287 KGM;import;qa_ok_importar_found;true;1;12V4000M40A;1102220;104;"{""total_rows"":1,""count_ok_importar"":1,""count_ok_eliminar"":0,""count_pending"":0,""count_review_action"":0,""count_other"":0}";import;qa_ok_importar_found
735080022200;NON-RETURN VALVE;RHDK 22-L 0,2;0.434 KGM;import;qa_ok_importar_found;true;1;12V4000M40A;1102222;221;"{""total_rows"":1,""count_ok_importar"":1,""count_ok_eliminar"":0,""count_pending"":0,""count_review_action"":0,""count_other"":0}";import;qa_ok_importar_found
735080022201;NON-RETURN VALVE;RHDK 22-L 0,5;0.432 KGM;import;qa_ok_importar_found;true;1;12V4000M40A;1102223;196;"{""total_rows"":1,""count_ok_importar"":1,""count_ok_eliminar"":0,""count_pending"":0,""count_review_action"":0,""count_other"":0}";import;qa_ok_importar_found
735084050000;PLUG;50;0.103 KGM;import;qa_ok_importar_found;true;1;12V4000M40A;1102224;13;"{""total_rows"":1,""count_ok_importar"":1,""count_ok_eliminar"":0,""count_pending"":0,""count_review_action"":0,""count_other"":0}";import;qa_ok_importar_found
735151008100;SPACER;A 8,4;0.007 KGM;import;qa_ok_importar_found;true;1;12V4000M40A;1102225;105;"{""total_rows"":1,""count_ok_importar"":1,""count_ok_eliminar"":0,""count_pending"":0,""count_review_action"":0,""count_other"":0}";import;qa_ok_importar_found
735151008200;SPACER;B 8,4;0.014 KGM;import;qa_ok_importar_found;true;1;12V4000M40A;1102230;30;"{""total_rows"":1,""count_ok_importar"":1,""count_ok_eliminar"":0,""count_pending"":0,""count_review_action"":0,""count_other"":0}";import;qa_ok_importar_found
735151010100;SPACER;A 10,5;0.01 KGM;import;qa_ok_importar_found;true;1;12V4000M40A;1102231;20;"{""total_rows"":1,""count_ok_importar"":1,""count_ok_eliminar"":0,""count_pending"":0,""count_review_action"":0,""count_other"":0}";import;qa_ok_importar_found
735151012100;SPACER S2000/4000;A 12,5;0.02 KGM;import;qa_ok_importar_found;true;1;12V4000M40A;1102234;82;"{""total_rows"":1,""count_ok_importar"":1,""count_ok_eliminar"":0,""count_pending"":0,""count_review_action"":0,""count_other"":0}";import;qa_ok_importar_found
735151016100;SPACER;A 16,5;0.06 KGM;import;qa_ok_importar_found;true;1;12V4000M40A;1102237;105;"{""total_rows"":1,""count_ok_importar"":1,""count_ok_eliminar"":0,""count_pending"":0,""count_review_action"":0,""count_other"":0}";import;qa_ok_importar_found
735184035000;UNION BALL-TYPE B2-3 5 S4000/S2000;B2-35;0.033 KGM;import;qa_ok_importar_found;true;1;12V4000M40A;1102238;169;"{""total_rows"":1,""count_ok_importar"":1,""count_ok_eliminar"":0,""count_pending"":0,""count_review_action"":0,""count_other"":0}";import;qa_ok_importar_found
735184042000;BALL-TYPE UNION;B2-42;0.04 KGM;import;qa_ok_importar_found;true;1;12V4000M40A;1102240;220;"{""total_rows"":1,""count_ok_importar"":1,""count_ok_eliminar"":0,""count_pending"":0,""count_review_action"":0,""count_other"":0}";import;qa_ok_importar_found
735189035000;SEALING CONE;35;0.039 KGM;import;qa_ok_importar_found;true;1;12V4000M40A;1102241;169;"{""total_rows"":1,""count_ok_importar"":1,""count_ok_eliminar"":0,""count_pending"":0,""count_review_action"":0,""count_other"":0}";import;qa_ok_importar_found
735189035001;SEALING CONE;35;37.700 g 35 MTN5189;import;qa_ok_importar_found;true;6;20V4000M93, 20V4000M93L;1702932, 1706672, 1710412, 1714155, 1802997, 1806655;318, 714, 1110, 1506, 1427, 1807;"{""total_rows"":6,""count_ok_importar"":6,""count_ok_eliminar"":0,""count_pending"":0,""count_review_action"":0,""count_other"":0}";import;qa_ok_importar_found
735189042000;SEALING CONE;42;50.800 g 42 MTN5189;import;qa_ok_importar_found;true;6;20V4000M93, 20V4000M93L;1701635, 1705375, 1709115, 1712863, 1802228, 1805887;215, 611, 1007, 1403, 1371, 1751;"{""total_rows"":6,""count_ok_importar"":6,""count_ok_eliminar"":0,""count_pending"":0,""count_review_action"":0,""count_other"":0}";import;qa_ok_importar_found
735189042001;SEALING CONE;42;0.051 KGM;import;qa_ok_importar_found;true;1;12V4000M40A;1102244;265;"{""total_rows"":1,""count_ok_importar"":1,""count_ok_eliminar"":0,""count_pending"":0,""count_review_action"":0,""count_other"":0}";import;qa_ok_importar_found
735210014000;THREAD PLUG;M 14 X 1,5;0.019 KGM;import;qa_ok_importar_found;true;1;12V4000M40A;1102245;37;"{""total_rows"":1,""count_ok_importar"":1,""count_ok_eliminar"":0,""count_pending"":0,""count_review_action"":0,""count_other"":0}";import;qa_ok_importar_found
735210018000;PLUG;M 18 X 1,5;0,036 kg M 18 X 1,5 MTN5210;import;qa_ok_importar_found;true;1;12V4000M53;1200975;138;"{""total_rows"":1,""count_ok_importar"":1,""count_ok_eliminar"":0,""count_pending"":0,""count_review_action"":0,""count_other"":0}";import;qa_ok_importar_found
735214010000;UNION;10;0.031 KGM;import;qa_ok_importar_found;true;1;12V4000M53;1201890;238;"{""total_rows"":1,""count_ok_importar"":1,""count_ok_eliminar"":0,""count_pending"":0,""count_review_action"":0,""count_other"":0}";import;qa_ok_importar_found
735221011000;O-RING;11,3 X 2,2 - M14X1,5;0.001 KGM;import;qa_ok_importar_found;true;1;12V4000M40A;1102251;39;"{""total_rows"":1,""count_ok_importar"":1,""count_ok_eliminar"":0,""count_pending"":0,""count_review_action"":0,""count_other"":0}";import;qa_ok_importar_found
735233000100;COVER;A 4 - X00004360;0.003 KGM;import;qa_ok_importar_found;true;1;12V4000M40A;1102255;216;"{""total_rows"":1,""count_ok_importar"":1,""count_ok_eliminar"":0,""count_pending"":0,""count_review_action"":0,""count_other"":0}";import;qa_ok_importar_found
735233000101;COVER;A 5 - X00004694;0.003 KGM;import;qa_ok_importar_found;true;1;12V4000M40A;1102256;216;"{""total_rows"":1,""count_ok_importar"":1,""count_ok_eliminar"":0,""count_pending"":0,""count_review_action"":0,""count_other"":0}";import;qa_ok_importar_found
735233000102;COVER;A 6 - X00004796;0.003 KGM;import;qa_ok_importar_found;true;1;12V4000M40A;1102257;216;"{""total_rows"":1,""count_ok_importar"":1,""count_ok_eliminar"":0,""count_pending"":0,""count_review_action"":0,""count_other"":0}";import;qa_ok_importar_found
735233000103;COVER;A 7 - X00004797;0.005 KGM;import;qa_ok_importar_found;true;1;12V4000M40A;1102258;216;"{""total_rows"":1,""count_ok_importar"":1,""count_ok_eliminar"":0,""count_pending"":0,""count_review_action"":0,""count_other"":0}";import;qa_ok_importar_found
735233000104;COVER;A 8 - X00004798;0.006 KGM;import;qa_ok_importar_found;true;1;12V4000M40A;1102259;216;"{""total_rows"":1,""count_ok_importar"":1,""count_ok_eliminar"":0,""count_pending"":0,""count_review_action"":0,""count_other"":0}";import;qa_ok_importar_found
735233000200;COVER;B 2 - X00005424;0.006 KGM;import;qa_ok_importar_found;true;1;12V4000M40A;1102260;216;"{""total_rows"":1,""count_ok_importar"":1,""count_ok_eliminar"":0,""count_pending"":0,""count_review_action"":0,""count_other"":0}";import;qa_ok_importar_found
735233000201;COVER;B 3 - X00006699;7.000 g B 3 - X00006699 MTN5233;import;qa_ok_importar_found;true;6;20V4000M93, 20V4000M93L;1701719, 1705459, 1709199, 1712945, 1801682, 1805341;228, 624, 1020, 1416, 1328, 1708;"{""total_rows"":6,""count_ok_importar"":6,""count_ok_eliminar"":0,""count_pending"":0,""count_review_action"":0,""count_other"":0}";import;qa_ok_importar_found
735233000202;COVER;B 4 - X00007482;0.01 KGM;import;qa_ok_importar_found;true;1;12V4000M53;1201494;208;"{""total_rows"":1,""count_ok_importar"":1,""count_ok_eliminar"":0,""count_pending"":0,""count_review_action"":0,""count_other"":0}";import;qa_ok_importar_found
735233000300;COVER;C 7 - X00006700;0.011 KGM;import;qa_ok_importar_found;true;2;20V4000M93L;1801705, 1805364;1329, 1709;"{""total_rows"":2,""count_ok_importar"":2,""count_ok_eliminar"":0,""count_pending"":0,""count_review_action"":0,""count_other"":0}";import;qa_ok_importar_found
735233000400;COVER;D 3 - X00007488;0.005 KGM;import;qa_ok_importar_found;true;2;20V4000M93L;1801706, 1805365;1329, 1709;"{""total_rows"":2,""count_ok_importar"":2,""count_ok_eliminar"":0,""count_pending"":0,""count_review_action"":0,""count_other"":0}";import;qa_ok_importar_found
735233000401;COVER;D 5 - X00006701;0.004 KGM;import;qa_ok_importar_found;true;2;20V4000M93L;1801707, 1805366;1329, 1709;"{""total_rows"":2,""count_ok_importar"":2,""count_ok_eliminar"":0,""count_pending"":0,""count_review_action"":0,""count_other"":0}";import;qa_ok_importar_found
735233000500;COVER;E 5 - X00014661;0.01 KGM;import;qa_ok_importar_found;true;1;12V4000M40A;1102261;216;"{""total_rows"":1,""count_ok_importar"":1,""count_ok_eliminar"":0,""count_pending"":0,""count_review_action"":0,""count_other"":0}";import;qa_ok_importar_found
735252039000;O-RING;D 39,2 X 3;1,800 g 39,2 X 3 MTN5252;import;qa_ok_importar_found;true;1;12V4000M53;1200473;76;"{""total_rows"":1,""count_ok_importar"":1,""count_ok_eliminar"":0,""count_pending"":0,""count_review_action"":0,""count_other"":0}";import;qa_ok_importar_found
900288056004;CLAMP;S 56/20X1 SKZ;0.068 KGM;import;qa_ok_importar_found;true;1;16V4000M90;1601454;209;"{""total_rows"":1,""count_ok_importar"":1,""count_ok_eliminar"":0,""count_pending"":0,""count_review_action"":0,""count_other"":0}";import;qa_ok_importar_found
900288260000;CLAMP;S 260/25X1,25 SK 2T;0.355 KGM;import;qa_ok_importar_found;true;1;12V4000M40A;1102267;138;"{""total_rows"":1,""count_ok_importar"":1,""count_ok_eliminar"":0,""count_pending"":0,""count_review_action"":0,""count_other"":0}";import;qa_ok_importar_found
910001003100;RIVET;AK 3,2X 7,49;0.001 KGM;import;qa_ok_importar_found;true;1;12V4000M70;1902410;343;"{""total_rows"":1,""count_ok_importar"":1,""count_ok_eliminar"":0,""count_pending"":0,""count_review_action"":0,""count_other"":0}";import;qa_ok_importar_found
912004016100;SPLIT WASHER;A 16;0.007 KGM;import;qa_ok_importar_found;true;1;16V4000M73;1401655;222;"{""total_rows"":1,""count_ok_importar"":1,""count_ok_eliminar"":0,""count_pending"":0,""count_review_action"":0,""count_other"":0}";import;qa_ok_importar_found
915001006003;NUT;6 M 14 X 1,5;0.013 KGM;import;qa_ok_importar_found;true;1;12V4000M40A;1102271;98;"{""total_rows"":1,""count_ok_importar"":1,""count_ok_eliminar"":0,""count_pending"":0,""count_review_action"":0,""count_other"":0}";import;qa_ok_importar_found
915001008003;NUT;8 M 16 X 1,5;0.014 KGM;import;qa_ok_importar_found;true;1;12V4000M40A;1102274;98;"{""total_rows"":1,""count_ok_importar"":1,""count_ok_eliminar"":0,""count_pending"":0,""count_review_action"":0,""count_other"":0}";import;qa_ok_importar_found
915001013003;UNION NUT M1;13 M 22 X 1,5;0.03 KGM;import;qa_ok_importar_found;true;1;12V4000M40A;1102276;224;"{""total_rows"":1,""count_ok_importar"":1,""count_ok_eliminar"":0,""count_pending"":0,""count_review_action"":0,""count_other"":0}";import;qa_ok_importar_found
915001016004;NUT 16 M26X1.5 BL.GE OELT;16 M 26 X 1,5;0.038 KGM;import;qa_ok_importar_found;true;1;12V4000M40A;1102278;104;"{""total_rows"":1,""count_ok_importar"":1,""count_ok_eliminar"":0,""count_pending"":0,""count_review_action"":0,""count_other"":0}";import;qa_ok_importar_found
915001020003;UNION NUT;20 M 30 X 1,5;0.048 KGM;import;qa_ok_importar_found;true;1;12V4000M40A;1102279;22;"{""total_rows"":1,""count_ok_importar"":1,""count_ok_eliminar"":0,""count_pending"":0,""count_review_action"":0,""count_other"":0}";import;qa_ok_importar_found
915001025004;NUT;25 M 38 X 1,5;0.088 KGM;import;qa_ok_importar_found;true;1;12V4000M40A;1102290;220;"{""total_rows"":1,""count_ok_importar"":1,""count_ok_eliminar"":0,""count_pending"":0,""count_review_action"":0,""count_other"":0}";import;qa_ok_importar_found
915001032003;NUT;32 M 45 X 1,5;0.125 KGM;import;qa_ok_importar_found;true;1;12V4000M40A;1102292;169;"{""total_rows"":1,""count_ok_importar"":1,""count_ok_eliminar"":0,""count_pending"":0,""count_review_action"":0,""count_other"":0}";import;qa_ok_importar_found
915001040002;NUT 40 M52X1.5 BL.GE OELT;40 M 52 X 1,5;0.121 KGM;import;qa_ok_importar_found;true;1;12V4000M40A;1102297;220;"{""total_rows"":1,""count_ok_importar"":1,""count_ok_eliminar"":0,""count_pending"":0,""count_review_action"":0,""count_other"":0}";import;qa_ok_importar_found
915003006202;BALL-TYPE UNION;B2 - 8;0.003 KGM;import;qa_ok_importar_found;true;1;12V4000M40A;1102299;98;"{""total_rows"":1,""count_ok_importar"":1,""count_ok_eliminar"":0,""count_pending"":0,""count_review_action"":0,""count_other"":0}";import;qa_ok_importar_found
915003008201;UNION BALL B2-10;B2 -10;0.004 KGM;import;qa_ok_importar_found;true;1;12V4000M40A;1102300;98;"{""total_rows"":1,""count_ok_importar"":1,""count_ok_eliminar"":0,""count_pending"":0,""count_review_action"":0,""count_other"":0}";import;qa_ok_importar_found
915003010201;BALL-TYPE UNION;B2 -12;0.005 KGM;import;qa_ok_importar_found;true;1;12V4000M40A;1102301;244;"{""total_rows"":1,""count_ok_importar"":1,""count_ok_eliminar"":0,""count_pending"":0,""count_review_action"":0,""count_other"":0}";import;qa_ok_importar_found
915003025202;UNION BALL B2-28;B2 -28;0.028 KGM;import;qa_ok_importar_found;true;1;12V4000M40A;1102307;220;"{""total_rows"":1,""count_ok_importar"":1,""count_ok_eliminar"":0,""count_pending"":0,""count_review_action"":0,""count_other"":0}";import;qa_ok_importar_found
915004025203;CONE SEALING B2-28/2 2;B2 -28/22;0.039 KGM;import;qa_ok_importar_found;true;1;12V4000M40A;1102311;220;"{""total_rows"":1,""count_ok_importar"":1,""count_ok_eliminar"":0,""count_pending"":0,""count_review_action"":0,""count_other"":0}";import;qa_ok_importar_found
915005008001;CONE SEALING 10;10;0.004 KGM;import;qa_ok_importar_found;true;1;12V4000M40A;1102314;105;"{""total_rows"":1,""count_ok_importar"":1,""count_ok_eliminar"":0,""count_pending"":0,""count_review_action"":0,""count_other"":0}";import;qa_ok_importar_found
915005010000;CONE SEALING 12;12;0.005 KGM;import;qa_ok_importar_found;true;1;12V4000M53;1200750;112;"{""total_rows"":1,""count_ok_importar"":1,""count_ok_eliminar"":0,""count_pending"":0,""count_review_action"":0,""count_other"":0}";import;qa_ok_importar_found
915005013004;CONE SEALING 15;15;0.009 KGM;import;qa_ok_importar_found;true;1;12V4000M40A;1102316;224;"{""total_rows"":1,""count_ok_importar"":1,""count_ok_eliminar"":0,""count_pending"":0,""count_review_action"":0,""count_other"":0}";import;qa_ok_importar_found
915005020001;SEALING CONE;22;0.015 KGM;import;qa_ok_importar_found;true;1;12V4000M40A;1102318;22;"{""total_rows"":1,""count_ok_importar"":1,""count_ok_eliminar"":0,""count_pending"":0,""count_review_action"":0,""count_other"":0}";import;qa_ok_importar_found
915005025002;CONE SEALING 28;28;0.027 KGM;import;qa_ok_importar_found;true;1;12V4000M40A;1102325;220;"{""total_rows"":1,""count_ok_importar"":1,""count_ok_eliminar"":0,""count_pending"":0,""count_review_action"":0,""count_other"":0}";import;qa_ok_importar_found
915006004002;UNION;4;0.018 KGM;import;qa_ok_importar_found;true;1;12V4000M40A;1102327;105;"{""total_rows"":1,""count_ok_importar"":1,""count_ok_eliminar"":0,""count_pending"":0,""count_review_action"":0,""count_other"":0}";import;qa_ok_importar_found
915006008002;UNION;8;0.029 KGM;import;qa_ok_importar_found;true;1;12V4000M53;1200153;40;"{""total_rows"":1,""count_ok_importar"":1,""count_ok_eliminar"":0,""count_pending"":0,""count_review_action"":0,""count_other"":0}";import;qa_ok_importar_found
915006010002;UNION;10;0.032 KGM;import;qa_ok_importar_found;true;1;16V4000M73;1402182;271;"{""total_rows"":1,""count_ok_importar"":1,""count_ok_eliminar"":0,""count_pending"":0,""count_review_action"":0,""count_other"":0}";import;qa_ok_importar_found
915007008003;CONNECTOR 8/4;8 / 4;0.03 KGM;import;qa_ok_importar_found;true;1;12V4000M53;1201983;240;"{""total_rows"":1,""count_ok_importar"":1,""count_ok_eliminar"":0,""count_pending"":0,""count_review_action"":0,""count_other"":0}";import;qa_ok_importar_found
915007008008;CONNECTOR 8/6 F73;8 / 6;0.027 KGM;import;qa_ok_importar_found;true;1;12V4000M40A;1102336;275;"{""total_rows"":1,""count_ok_importar"":1,""count_ok_eliminar"":0,""count_pending"":0,""count_review_action"":0,""count_other"":0}";import;qa_ok_importar_found
915007010002;CONNECTOR 10/6;10 / 6;0.031 KGM;import;qa_ok_importar_found;true;1;12V4000M40A;1102338;258;"{""total_rows"":1,""count_ok_importar"":1,""count_ok_eliminar"":0,""count_pending"":0,""count_review_action"":0,""count_other"":0}";import;qa_ok_importar_found
915007013000;CONNECTOR 13/8;13 / 8;0.049 KGM;import;qa_ok_importar_found;true;1;12V4000M40A;1102339;258;"{""total_rows"":1,""count_ok_importar"":1,""count_ok_eliminar"":0,""count_pending"":0,""count_review_action"":0,""count_other"":0}";import;qa_ok_importar_found
915007025004;ADAPTOR;25 / 16;152.500 g 25 / 16 N15007;import;qa_ok_importar_found;true;2;20V4000M93L;1801859, 1805518;1334, 1714;"{""total_rows"":2,""count_ok_importar"":2,""count_ok_eliminar"":0,""count_pending"":0,""count_review_action"":0,""count_other"":0}";import;qa_ok_importar_found
915011004102;BANJO SCREW;A 4;14,300 g A 4 N15011;import;qa_ok_importar_found;true;1;12V4000M53;1200574;101;"{""total_rows"":1,""count_ok_importar"":1,""count_ok_eliminar"":0,""count_pending"":0,""count_review_action"":0,""count_other"":0}";import;qa_ok_importar_found
915013004002;UNION;4;14,000 g 4 N15013;import;qa_ok_importar_found;true;1;12V4000M53;1200849;125;"{""total_rows"":1,""count_ok_importar"":1,""count_ok_eliminar"":0,""count_pending"":0,""count_review_action"":0,""count_other"":0}";import;qa_ok_importar_found
915013006002;UNION;6;0.018 KGM;import;qa_ok_importar_found;true;1;12V4000M40A;1102344;105;"{""total_rows"":1,""count_ok_importar"":1,""count_ok_eliminar"":0,""count_pending"":0,""count_review_action"":0,""count_other"":0}";import;qa_ok_importar_found
915013008002;SCREW NECK;8 (M16X1,5/M14X1,5);0.024 KGM;import;qa_ok_importar_found;true;1;12V4000M40A;1102345;97;"{""total_rows"":1,""count_ok_importar"":1,""count_ok_eliminar"":0,""count_pending"":0,""count_review_action"":0,""count_other"":0}";import;qa_ok_importar_found
915013010001;UNION;10;0.028 KGM;import;qa_ok_importar_found;true;1;12V4000M40A;1102347;244;"{""total_rows"":1,""count_ok_importar"":1,""count_ok_eliminar"":0,""count_pending"":0,""count_review_action"":0,""count_other"":0}";import;qa_ok_importar_found
915013013002;UNION 13;13;0.033 KGM;import;qa_ok_importar_found;true;1;12V4000M40A;1102348;224;"{""total_rows"":1,""count_ok_importar"":1,""count_ok_eliminar"":0,""count_pending"":0,""count_review_action"":0,""count_other"":0}";import;qa_ok_importar_found
915013016002;UNION;16;0.052 KGM;import;qa_ok_importar_found;true;1;12V4000M40A;1102349;26;"{""total_rows"":1,""count_ok_importar"":1,""count_ok_eliminar"":0,""count_pending"":0,""count_review_action"":0,""count_other"":0}";import;qa_ok_importar_found
915013020002;SCREW NECK;20 (M30X1,5/M26X1,5);0.067 KGM;import;qa_ok_importar_found;true;1;12V4000M40A;1102350;218;"{""total_rows"":1,""count_ok_importar"":1,""count_ok_eliminar"":0,""count_pending"":0,""count_review_action"":0,""count_other"":0}";import;qa_ok_importar_found
915013040002;UNION;40 (M52X1,5) (M45X1,5);0.183 KGM;import;qa_ok_importar_found;true;1;12V4000M40A;1102353;265;"{""total_rows"":1,""count_ok_importar"":1,""count_ok_eliminar"":0,""count_pending"":0,""count_review_action"":0,""count_other"":0}";import;qa_ok_importar_found
915047006202;BOLT BANJO B 6 ADEC;B 6;18,200 g B 6 N15047;import;qa_ok_importar_found;true;1;12V4000M53;1200572;101;"{""total_rows"":1,""count_ok_importar"":1,""count_ok_eliminar"":0,""count_pending"":0,""count_review_action"":0,""count_other"":0}";import;qa_ok_importar_found
916016006202;CLAMP;BRSGU 6/20;0.016 KGM;import;qa_ok_importar_found;true;4;20V4000M93;1703499, 1707239, 1710979, 1714719;370, 766, 1162, 1558;"{""total_rows"":4,""count_ok_importar"":4,""count_ok_eliminar"":0,""count_pending"":0,""count_review_action"":0,""count_other"":0}";import;qa_ok_importar_found
916016008200;CLAMP;BRSGU 8/15;0.008 KGM;import;qa_ok_importar_found;true;1;12V4000M53;1203137;362;"{""total_rows"":1,""count_ok_importar"":1,""count_ok_eliminar"":0,""count_pending"":0,""count_review_action"":0,""count_other"":0}";import;qa_ok_importar_found
916016010201;CLAMP;BRSGU 10/15;0.009 KGM;import;qa_ok_importar_found;true;1;12V4000M53;1203138;362;"{""total_rows"":1,""count_ok_importar"":1,""count_ok_eliminar"":0,""count_pending"":0,""count_review_action"":0,""count_other"":0}";import;qa_ok_importar_found
916016012200;CLAMP;BRSGU 12/15;0.01 KGM;import;qa_ok_importar_found;true;1;12V4000M53;1203139;362;"{""total_rows"":1,""count_ok_importar"":1,""count_ok_eliminar"":0,""count_pending"":0,""count_review_action"":0,""count_other"":0}";import;qa_ok_importar_found
916016014201;CLAMP;BRSGU 14/20;0.022 KGM;import;qa_ok_importar_found;true;2;20V4000M93L;1803174, 1806856;1458, 1842;"{""total_rows"":2,""count_ok_importar"":2,""count_ok_eliminar"":0,""count_pending"":0,""count_review_action"":0,""count_other"":0}";import;qa_ok_importar_found
916016015202;CLAMP;BRSGU 15/15;0.013 KGM;import;qa_ok_importar_found;true;1;12V4000M53;1203141;363;"{""total_rows"":1,""count_ok_importar"":1,""count_ok_eliminar"":0,""count_pending"":0,""count_review_action"":0,""count_other"":0}";import;qa_ok_importar_found
916016018202;CLAMP;BRSGU 18/20;0.025 KGM;import;qa_ok_importar_found;true;1;16V4000M73;1402073;258;"{""total_rows"":1,""count_ok_importar"":1,""count_ok_eliminar"":0,""count_pending"":0,""count_review_action"":0,""count_other"":0}";import;qa_ok_importar_found
916016020202;CLAMP;BRSGU 20/20;0.026 KGM;import;qa_ok_importar_found;true;1;12V4000M53;1203129;362;"{""total_rows"":1,""count_ok_importar"":1,""count_ok_eliminar"":0,""count_pending"":0,""count_review_action"":0,""count_other"":0}";import;qa_ok_importar_found
916016022202;CLAMP;BRSGU 22/20;0.031 KGM;import;qa_ok_importar_found;true;1;12V4000M53;1202441;304;"{""total_rows"":1,""count_ok_importar"":1,""count_ok_eliminar"":0,""count_pending"":0,""count_review_action"":0,""count_other"":0}";import;qa_ok_importar_found
916016024201;CLAMP;BRSGU 24/20;0.03 KGM;import;qa_ok_importar_found;true;1;16V4000M73;1402834;330;"{""total_rows"":1,""count_ok_importar"":1,""count_ok_eliminar"":0,""count_pending"":0,""count_review_action"":0,""count_other"":0}";import;qa_ok_importar_found
916016035201;CLAMP;BRSGU 35/20;43,000 g BRSGU 35/20 N16016;import;qa_ok_importar_found;true;1;12V4000M53;1203062;349;"{""total_rows"":1,""count_ok_importar"":1,""count_ok_eliminar"":0,""count_pending"":0,""count_review_action"":0,""count_other"":0}";import;qa_ok_importar_found
999900012000;NUT;M 12;17,900 g M 12 AGGN14440;import;qa_ok_importar_found;true;1;12V4000M53;1201097;151;"{""total_rows"":1,""count_ok_importar"":1,""count_ok_eliminar"":0,""count_pending"":0,""count_review_action"":0,""count_other"":0}";import;qa_ok_importar_found
0023912760297023;PIPE;;;import;qa_ok_importar_found;true;1;12V4000M40A;1102358;98;"{""total_rows"":1,""count_ok_importar"":1,""count_ok_eliminar"":0,""count_pending"":0,""count_review_action"":0,""count_other"":0}";import;qa_ok_importar_found
0023912760297039;PIPE;;;import;qa_ok_importar_found;true;1;12V4000M40A;1102359;98;"{""total_rows"":1,""count_ok_importar"":1,""count_ok_eliminar"":0,""count_pending"":0,""count_review_action"":0,""count_other"":0}";import;qa_ok_importar_found
0023912783127084;PIPE;;;import;qa_ok_importar_found;true;1;12V4000M40A;1102379;221;"{""total_rows"":1,""count_ok_importar"":1,""count_ok_eliminar"":0,""count_pending"":0,""count_review_action"":0,""count_other"":0}";import;qa_ok_importar_found
B00E50201528/77;MONITOR WITH SOFTWARE EIM 2-02;;;import;qa_ok_importar_found;true;1;12V4000M53;1203146;363;"{""total_rows"":1,""count_ok_importar"":1,""count_ok_eliminar"":0,""count_pending"":0,""count_review_action"":0,""count_other"":0}";import;qa_ok_importar_found
B00E50202738;HOUSING WITHOUT BASE PLATE SAM1-06;;700,000 g;import;qa_ok_importar_found;true;1;12V4000M70;1905021;741;"{""total_rows"":1,""count_ok_importar"":1,""count_ok_eliminar"":0,""count_pending"":0,""count_review_action"":0,""count_other"":0}";import;qa_ok_importar_found
B00E50202739;HOUSING WITHOUT INTERLOCK;;1,347 g;import;qa_ok_importar_found;true;1;12V4000M70;1904969;735;"{""total_rows"":1,""count_ok_importar"":1,""count_ok_eliminar"":0,""count_pending"":0,""count_review_action"":0,""count_other"":0}";import;qa_ok_importar_found
B00E50202855/S0001;BUS COUPLER FOR SYSTEM BUS;;;import;qa_ok_importar_found;true;1;12V4000M53;1206434;771;"{""total_rows"":1,""count_ok_importar"":1,""count_ok_eliminar"":0,""count_pending"":0,""count_review_action"":0,""count_other"":0}";import;qa_ok_importar_found
B00E50205356/S0001;CONTROL CONSOLE WITH DISPLAY;;;import;qa_ok_importar_found;true;1;12V4000M53;1206637;824;"{""total_rows"":1,""count_ok_importar"":1,""count_ok_eliminar"":0,""count_pending"":0,""count_review_action"":0,""count_other"":0}";import;qa_ok_importar_found
B00E51000051/S0001;NETWORK SWITCH FOR COPPER CABLES;HW: 05 / FW: 3.9 8GT;;import;qa_ok_importar_found;true;1;12V4000M53;1206627;819;"{""total_rows"":1,""count_ok_importar"":1,""count_ok_eliminar"":0,""count_pending"":0,""count_review_action"":0,""count_other"":0}";import;qa_ok_importar_found
E0000352500;VIBRATION DAMPER;;89 KG;import;qa_ok_importar_found;true;1;12V4000M40A;1102424;51;"{""total_rows"":1,""count_ok_importar"":1,""count_ok_eliminar"":0,""count_pending"":0,""count_review_action"":0,""count_other"":0}";import;qa_ok_importar_found
E0010107351;INJECTOR;;800 G;import;qa_ok_importar_found;true;1;12V4000M40A;1102425;88;"{""total_rows"":1,""count_ok_importar"":1,""count_ok_eliminar"":0,""count_pending"":0,""count_review_action"":0,""count_other"":0}";import;qa_ok_importar_found
E23525323;FUEL PUMP ASM;;;import;qa_ok_importar_found;true;1;20V4000M93L;1807275;1876;"{""total_rows"":1,""count_ok_importar"":1,""count_ok_eliminar"":0,""count_pending"":0,""count_review_action"":0,""count_other"":0}";import;qa_ok_importar_found
E5260101605;CRANKCASE;;1.721,591;import;qa_ok_importar_found;true;1;12V4000M40A;1102426;13;"{""total_rows"":1,""count_ok_importar"":1,""count_ok_eliminar"":0,""count_pending"":0,""count_review_action"":0,""count_other"":0}";import;qa_ok_importar_found
E5260500001;CAMSHAFT;;;import;qa_ok_importar_found;true;1;12V4000M40A;1102427;69;"{""total_rows"":1,""count_ok_importar"":1,""count_ok_eliminar"":0,""count_pending"":0,""count_review_action"":0,""count_other"":0}";import;qa_ok_importar_found
E5260701101;HP PUMP;;64 KG;import;qa_ok_importar_found;true;1;12V4000M40A;1102428;82;"{""total_rows"":1,""count_ok_importar"":1,""count_ok_eliminar"":0,""count_pending"":0,""count_review_action"":0,""count_other"":0}";import;qa_ok_importar_found
E5260701201;HP PUMP;;60.000 kg EM;import;qa_ok_importar_found;true;1;16V4000M90;1600468;92;"{""total_rows"":1,""count_ok_importar"":1,""count_ok_eliminar"":0,""count_pending"":0,""count_review_action"":0,""count_other"":0}";import;qa_ok_importar_found
E5270101805;CRANKCASE;;2.076 KG;import;qa_ok_importar_found;true;1;16V4000M61;1300015;12;"{""total_rows"":1,""count_ok_importar"":1,""count_ok_eliminar"":0,""count_pending"":0,""count_review_action"":0,""count_other"":0}";import;qa_ok_importar_found
E5270300701;CRANKSHAFT;;620.000 kg MN EM;import;qa_ok_importar_found;true;1;16V4000M90;1600233;48;"{""total_rows"":1,""count_ok_importar"":1,""count_ok_eliminar"":0,""count_pending"":0,""count_review_action"":0,""count_other"":0}";import;qa_ok_importar_found
E5270500101;CAMSHAFT;;;import;qa_ok_importar_found;true;1;16V4000M61;1300379;67;"{""total_rows"":1,""count_ok_importar"":1,""count_ok_eliminar"":0,""count_pending"":0,""count_review_action"":0,""count_other"":0}";import;qa_ok_importar_found
E5280500101;CAMSHAFT;;20.000 g;import;qa_ok_importar_found;true;6;20V4000M93, 20V4000M93L;1700486, 1704236, 1707976, 1711716, 1800460, 1804033;84, 480, 876, 1272, 1184, 1557;"{""total_rows"":6,""count_ok_importar"":6,""count_ok_eliminar"":0,""count_pending"":0,""count_review_action"":0,""count_other"":0}";import;qa_ok_importar_found
EX00008369;PISTON;;11.85 KGM;import;qa_ok_importar_found;true;1;12V4000M70;1900343;72;"{""total_rows"":1,""count_ok_importar"":1,""count_ok_eliminar"":0,""count_pending"":0,""count_review_action"":0,""count_other"":0}";import;qa_ok_importar_found
EX52404100028;CYLINDER HEAD;;48,500 kg;import;qa_ok_importar_found;true;1;12V4000M70;1900373;78;"{""total_rows"":1,""count_ok_importar"":1,""count_ok_eliminar"":0,""count_pending"":0,""count_review_action"":0,""count_other"":0}";import;qa_ok_importar_found
EX52407500039;INJECTOR;;1,900 kg;import;qa_ok_importar_found;true;1;12V4000M70;1900486;102;"{""total_rows"":1,""count_ok_importar"":1,""count_ok_eliminar"":0,""count_pending"":0,""count_review_action"":0,""count_other"":0}";import;qa_ok_importar_found
EX59401100066;CRANKCASE;;1.618,000;import;qa_ok_importar_found;true;1;12V4000M53;1200031;22;"{""total_rows"":1,""count_ok_importar"":1,""count_ok_eliminar"":0,""count_pending"":0,""count_review_action"":0,""count_other"":0}";import;qa_ok_importar_found
EX59403500006;VIBRATION DAMPER;;148 KGM;import;qa_ok_importar_found;true;1;12V4000M53;1200386;63;"{""total_rows"":1,""count_ok_importar"":1,""count_ok_eliminar"":0,""count_pending"":0,""count_review_action"":0,""count_other"":0}";import;qa_ok_importar_found
EX59407500009;INJECTOR;;3.540 kg;import;qa_ok_importar_found;true;1;16V4000M73;1400563;103;"{""total_rows"":1,""count_ok_importar"":1,""count_ok_eliminar"":0,""count_pending"":0,""count_review_action"":0,""count_other"":0}";import;qa_ok_importar_found
EX59407500022;INJECTOR;;3.500 kg;import;qa_ok_importar_found;true;4;20V4000M93;1700562, 1704310, 1708050, 1711790;102, 498, 894, 1290;"{""total_rows"":4,""count_ok_importar"":4,""count_ok_eliminar"":0,""count_pending"":0,""count_review_action"":0,""count_other"":0}";import;qa_ok_importar_found
EX59407500024;INJECTOR;;3,500 kg;import;qa_ok_importar_found;true;1;12V4000M53;1200546;97;"{""total_rows"":1,""count_ok_importar"":1,""count_ok_eliminar"":0,""count_pending"":0,""count_review_action"":0,""count_other"":0}";import;qa_ok_importar_found
EX59410100104;EXHAUST TURBOCHARGER;;93,252 kg;import;qa_ok_importar_found;true;1;12V4000M53;1200863;127;"{""total_rows"":1,""count_ok_importar"":1,""count_ok_eliminar"":0,""count_pending"":0,""count_review_action"":0,""count_other"":0}";import;qa_ok_importar_found
EX59410100105;EXHAUST TURBOCHARGER RIGHT;;93,430 kg;import;qa_ok_importar_found;true;1;12V4000M53;1200864;127;"{""total_rows"":1,""count_ok_importar"":1,""count_ok_eliminar"":0,""count_pending"":0,""count_review_action"":0,""count_other"":0}";import;qa_ok_importar_found
EX59511400012/31;INTERCOOLER LR ACCEPTANCE;;485 KGM;import;qa_ok_importar_found;true;1;12V4000M53;1200984;138;"{""total_rows"":1,""count_ok_importar"":1,""count_ok_eliminar"":0,""count_pending"":0,""count_review_action"":0,""count_other"":0}";import;qa_ok_importar_found
EX59610100194;EXHAUST TURBOCHARGER;;90.000 kg;import;qa_ok_importar_found;true;4;20V4000M93;1700853, 1704599, 1708339, 1712082;137, 533, 929, 1325;"{""total_rows"":4,""count_ok_importar"":4,""count_ok_eliminar"":0,""count_pending"":0,""count_review_action"":0,""count_other"":0}";import;qa_ok_importar_found
EX59610100195;EXHAUST TURBOCHARGER;;96.000 kg;import;qa_ok_importar_found;true;4;20V4000M93;1700854, 1704600, 1708340, 1712083;137, 533, 929, 1325;"{""total_rows"":4,""count_ok_importar"":4,""count_ok_eliminar"":0,""count_pending"":0,""count_review_action"":0,""count_other"":0}";import;qa_ok_importar_found
EX59610100196;EXHAUST TURBOCHARGER;;97.000 kg;import;qa_ok_importar_found;true;4;20V4000M93;1700855, 1704601, 1708341, 1712084;137, 533, 929, 1325;"{""total_rows"":4,""count_ok_importar"":4,""count_ok_eliminar"":0,""count_pending"":0,""count_review_action"":0,""count_other"":0}";import;qa_ok_importar_found
EX59610100197;EXHAUST TURBOCHARGER;;81.000 kg;import;qa_ok_importar_found;true;4;20V4000M93;1700856, 1704602, 1708342, 1712085;137, 533, 929, 1325;"{""total_rows"":4,""count_ok_importar"":4,""count_ok_eliminar"":0,""count_pending"":0,""count_review_action"":0,""count_other"":0}";import;qa_ok_importar_found
R0000352500;VIBRATION DAMPER;;89,100 KG;import;qa_ok_importar_found;true;1;12V4000M40A;1102429;51;"{""total_rows"":1,""count_ok_importar"":1,""count_ok_eliminar"":0,""count_pending"":0,""count_review_action"":0,""count_other"":0}";import;qa_ok_importar_found
R0010107351;INJECTOR;;1,920 KG;import;qa_ok_importar_found;true;1;12V4000M40A;1102430;88;"{""total_rows"":1,""count_ok_importar"":1,""count_ok_eliminar"":0,""count_pending"":0,""count_review_action"":0,""count_other"":0}";import;qa_ok_importar_found
R23505886;OIL PUMP;;;import;qa_ok_importar_found;true;1;20V4000M93L;1807265;1876;"{""total_rows"":1,""count_ok_importar"":1,""count_ok_eliminar"":0,""count_pending"":0,""count_review_action"":0,""count_other"":0}";import;qa_ok_importar_found
R5260101605;CRANKCASE;;1514.99 KGM;import;qa_ok_importar_found;true;1;12V4000M40A;1102431;13;"{""total_rows"":1,""count_ok_importar"":1,""count_ok_eliminar"":0,""count_pending"":0,""count_review_action"":0,""count_other"":0}";import;qa_ok_importar_found
R5260701101;HP PUMP;;64 G;import;qa_ok_importar_found;true;1;12V4000M40A;1102433;82;"{""total_rows"":1,""count_ok_importar"":1,""count_ok_eliminar"":0,""count_pending"":0,""count_review_action"":0,""count_other"":0}";import;qa_ok_importar_found
R5260701201;HP PUMP;;62.050 kg MN EM;import;qa_ok_importar_found;true;1;16V4000M90;1600469;92;"{""total_rows"":1,""count_ok_importar"":1,""count_ok_eliminar"":0,""count_pending"":0,""count_review_action"":0,""count_other"":0}";import;qa_ok_importar_found
R5270101805;CRANKCASE;;2.063 KG;import;qa_ok_importar_found;true;1;16V4000M61;1300014;12;"{""total_rows"":1,""count_ok_importar"":1,""count_ok_eliminar"":0,""count_pending"":0,""count_review_action"":0,""count_other"":0}";import;qa_ok_importar_found
R5270300701;CRANKSHAFT;;620.000 kg MN EM;import;qa_ok_importar_found;true;1;16V4000M90;1600234;48;"{""total_rows"":1,""count_ok_importar"":1,""count_ok_eliminar"":0,""count_pending"":0,""count_review_action"":0,""count_other"":0}";import;qa_ok_importar_found
RX00008369;PISTON;;12,000 kg;import;qa_ok_importar_found;true;1;12V4000M70;1900344;72;"{""total_rows"":1,""count_ok_importar"":1,""count_ok_eliminar"":0,""count_pending"":0,""count_review_action"":0,""count_other"":0}";import;qa_ok_importar_found
RX00040054/42;CONROD ASM;;9.615,000;import;qa_ok_importar_found;true;1;12V4000M70;1900365;75;"{""total_rows"":1,""count_ok_importar"":1,""count_ok_eliminar"":0,""count_pending"":0,""count_review_action"":0,""count_other"":0}";import;qa_ok_importar_found
RX00040057/42;CONROD ASM;;9,580 kg;import;qa_ok_importar_found;true;1;12V4000M53;1200428;70;"{""total_rows"":1,""count_ok_importar"":1,""count_ok_eliminar"":0,""count_pending"":0,""count_review_action"":0,""count_other"":0}";import;qa_ok_importar_found
RX52404100028;CYLINDER HEAD W.VALVE + SEAT RING;;52,400 kg;import;qa_ok_importar_found;true;1;12V4000M70;1900372;78;"{""total_rows"":1,""count_ok_importar"":1,""count_ok_eliminar"":0,""count_pending"":0,""count_review_action"":0,""count_other"":0}";import;qa_ok_importar_found
RX52407500039;INJECTOR;;1,900 kg;import;qa_ok_importar_found;true;1;12V4000M70;1900487;102;"{""total_rows"":1,""count_ok_importar"":1,""count_ok_eliminar"":0,""count_pending"":0,""count_review_action"":0,""count_other"":0}";import;qa_ok_importar_found
RX52603800003/42;CONROD ASM;;12,700 kg;import;qa_ok_importar_found;true;1;12V4000M70;1900366;75;"{""total_rows"":1,""count_ok_importar"":1,""count_ok_eliminar"":0,""count_pending"":0,""count_review_action"":0,""count_other"":0}";import;qa_ok_importar_found
RX52603800010/42;CONROD ASM;;9.96 KGM;import;qa_ok_importar_found;true;1;12V4000M53;1200429;70;"{""total_rows"":1,""count_ok_importar"":1,""count_ok_eliminar"":0,""count_pending"":0,""count_review_action"":0,""count_other"":0}";import;qa_ok_importar_found
RX59407500009;INJECTOR;;3.590 kg;import;qa_ok_importar_found;true;1;16V4000M73;1400564;103;"{""total_rows"":1,""count_ok_importar"":1,""count_ok_eliminar"":0,""count_pending"":0,""count_review_action"":0,""count_other"":0}";import;qa_ok_importar_found
RX59407500022;INJECTOR;;3.500 kg;import;qa_ok_importar_found;true;4;20V4000M93;1700560, 1704308, 1708048, 1711788;102, 498, 894, 1290;"{""total_rows"":4,""count_ok_importar"":4,""count_ok_eliminar"":0,""count_pending"":0,""count_review_action"":0,""count_other"":0}";import;qa_ok_importar_found
RX59407500024;INJECTOR;;3,500 kg;import;qa_ok_importar_found;true;1;12V4000M53;1200547;97;"{""total_rows"":1,""count_ok_importar"":1,""count_ok_eliminar"":0,""count_pending"":0,""count_review_action"":0,""count_other"":0}";import;qa_ok_importar_found
X00E50200133/S0002;ENGINE MONITORING EMU7-02 / URL;;;import;qa_ok_importar_found;true;2;20V4000M93L;1803538, 1807220;1478, 1862;"{""total_rows"":2,""count_ok_importar"":2,""count_ok_eliminar"":0,""count_pending"":0,""count_review_action"":0,""count_other"":0}";import;qa_ok_importar_found
X00E50200176;CONNECTION INTERFACE;SAM 1-02 OHNE SOFTWARE;1.343 KGM;import;qa_ok_importar_found;true;1;16V4000M61;1302499;401;"{""total_rows"":1,""count_ok_importar"":1,""count_ok_eliminar"":0,""count_pending"":0,""count_review_action"":0,""count_other"":0}";import;qa_ok_importar_found
X00E50200212;DISPLAY;;260 G;import;qa_ok_importar_found;true;1;12V4000M40A;1102585;370;"{""total_rows"":1,""count_ok_importar"":1,""count_ok_eliminar"":0,""count_pending"":0,""count_review_action"":0,""count_other"":0}";import;qa_ok_importar_found
X00E50200228;PLUG-IN BOARD;;290,000 g;import;qa_ok_importar_found;true;1;12V4000M70;1905297;797;"{""total_rows"":1,""count_ok_importar"":1,""count_ok_eliminar"":0,""count_pending"":0,""count_review_action"":0,""count_other"":0}";import;qa_ok_importar_found
X00E50200515;PROGRAMMING CONNECTR;;0.011 KGM;import;qa_ok_importar_found;true;1;16V4000M90;1602594;358;"{""total_rows"":1,""count_ok_importar"":1,""count_ok_eliminar"":0,""count_pending"":0,""count_review_action"":0,""count_other"":0}";import;qa_ok_importar_found
X00E50200518;PROGRAMMING CONNECTR;;0.01 KGM;import;qa_ok_importar_found;true;2;16V4000M90;1602577, 1602899;357, 421;"{""total_rows"":2,""count_ok_importar"":2,""count_ok_eliminar"":0,""count_pending"":0,""count_review_action"":0,""count_other"":0}";import;qa_ok_importar_found
X00E50200664;PLUG-IN BOARD;KF MPU23-04,;49 G;import;qa_ok_importar_found;true;1;12V4000M40A;1102586;363;"{""total_rows"":1,""count_ok_importar"":1,""count_ok_eliminar"":0,""count_pending"":0,""count_review_action"":0,""count_other"":0}";import;qa_ok_importar_found
X00E50200664/76;PLUG-IN CIRC.BOARD NOT ADJUSTED;MPU23-04 M.URLADER F.ET-LIEFER.;0.048 KGM;import;qa_ok_importar_found;true;1;12V4000M40A;1102587;364;"{""total_rows"":1,""count_ok_importar"":1,""count_ok_eliminar"":0,""count_pending"":0,""count_review_action"":0,""count_other"":0}";import;qa_ok_importar_found
X00E50200724;LEVEL MONITOR;WASSERSONDE,;28.500 g;import;qa_ok_importar_found;true;1;16V4000M73;1400782;129;"{""total_rows"":1,""count_ok_importar"":1,""count_ok_eliminar"":0,""count_pending"":0,""count_review_action"":0,""count_other"":0}";import;qa_ok_importar_found
X00E50200899;AUDIBLE ALARM FOR MONITORING;152X152X128 (BXLXH);740 G;import;qa_ok_importar_found;true;1;12V4000M40A;1102588;397;"{""total_rows"":1,""count_ok_importar"":1,""count_ok_eliminar"":0,""count_pending"":0,""count_review_action"":0,""count_other"":0}";import;qa_ok_importar_found
X00E50201370;TEMPERATURE;;196 G;import;qa_ok_importar_found;true;4;16V4000M73L;1502307, 1505344, 1507837, 1510326;337, 799, 1142, 1477;"{""total_rows"":4,""count_ok_importar"":4,""count_ok_eliminar"":0,""count_pending"":0,""count_review_action"":0,""count_other"":0}";import;qa_ok_importar_found
X00E50201372;TEMPERATURE SENSOR;M14X1,5,110MM, KABEL=1M,STECKER,;230 G;import;qa_ok_importar_found;true;1;12V4000M40A;1102591;345;"{""total_rows"":1,""count_ok_importar"":1,""count_ok_eliminar"":0,""count_pending"":0,""count_review_action"":0,""count_other"":0}";import;qa_ok_importar_found
X00E50201396;DIFF-PRESS MONITOR;M18X1,5,SCHALTDR.2,2BAR, OEFFNER;0.155 KGM;import;qa_ok_importar_found;true;1;12V4000M40A;1102593;345;"{""total_rows"":1,""count_ok_importar"":1,""count_ok_eliminar"":0,""count_pending"":0,""count_review_action"":0,""count_other"":0}";import;qa_ok_importar_found
X00E50201981;PLUG-IN BOARD;;405 G;import;qa_ok_importar_found;true;1;12V4000M40A;1102594;370;"{""total_rows"":1,""count_ok_importar"":1,""count_ok_eliminar"":0,""count_pending"":0,""count_review_action"":0,""count_other"":0}";import;qa_ok_importar_found
X00E50202224;PLUG-IN BOARD;COB3-03,;;import;qa_ok_importar_found;true;1;12V4000M40A;1102595;361;"{""total_rows"":1,""count_ok_importar"":1,""count_ok_eliminar"":0,""count_pending"":0,""count_review_action"":0,""count_other"":0}";import;qa_ok_importar_found
X00E50202404;PLUG-IN BOARD;AB SAB2-03 (MB VON SAM);623 G;import;qa_ok_importar_found;true;1;12V4000M40A;1102596;402;"{""total_rows"":1,""count_ok_importar"":1,""count_ok_eliminar"":0,""count_pending"":0,""count_review_action"":0,""count_other"":0}";import;qa_ok_importar_found
X00E50202404/S0004;PLUG-IN BOARD;SAB2-03 (MB VO;;import;qa_ok_importar_found;true;1;12V4000M40A;1102597;401;"{""total_rows"":1,""count_ok_importar"":1,""count_ok_eliminar"":0,""count_pending"":0,""count_review_action"":0,""count_other"":0}";import;qa_ok_importar_found
X00E50202703;PLUG-IN BOARD;;1,348 KG AB;import;qa_ok_importar_found;true;1;12V4000M40A;1102599;357;"{""total_rows"":1,""count_ok_importar"":1,""count_ok_eliminar"":0,""count_pending"":0,""count_review_action"":0,""count_other"":0}";import;qa_ok_importar_found
X00E50202753/S0003;HOUSING WITHOUT INTERLOCK;296X152X80 (LXBXH);1,320 KG;import;qa_ok_importar_found;true;1;16V4000M61;1302364;377;"{""total_rows"":1,""count_ok_importar"":1,""count_ok_eliminar"":0,""count_pending"":0,""count_review_action"":0,""count_other"":0}";import;qa_ok_importar_found
X00E50202754/S0003;HOUSING WITH INTERLOCK;360X314X95 (LXBXH);1.368 KG;import;qa_ok_importar_found;true;1;12V4000M40A;1102601;399;"{""total_rows"":1,""count_ok_importar"":1,""count_ok_eliminar"":0,""count_pending"":0,""count_review_action"":0,""count_other"":0}";import;qa_ok_importar_found
X00E50203036;LED YELLOW;D=5MM,L=9MM,LEUCHTFARBE=GELB,;0.001 KGM;import;qa_ok_importar_found;true;1;12V4000M40A;1102602;371;"{""total_rows"":1,""count_ok_importar"":1,""count_ok_eliminar"":0,""count_pending"":0,""count_review_action"":0,""count_other"":0}";import;qa_ok_importar_found
X00E50203435;PLUG-IN CIRC.BOARD;LRB 2-03;0.056 KGM;import;qa_ok_importar_found;true;1;12V4000M70;1905299;797;"{""total_rows"":1,""count_ok_importar"":1,""count_ok_eliminar"":0,""count_pending"":0,""count_review_action"":0,""count_other"":0}";import;qa_ok_importar_found
X00E50203517;CONNECTION INTERFACE;;;import;qa_ok_importar_found;true;1;12V4000M40A;1102605;398;"{""total_rows"":1,""count_ok_importar"":1,""count_ok_eliminar"":0,""count_pending"":0,""count_review_action"":0,""count_other"":0}";import;qa_ok_importar_found
X00E50203604/S0002;DISPLAY UNLABELLED;;1,880 kg;import;qa_ok_importar_found;true;1;12V4000M70;1905284;797;"{""total_rows"":1,""count_ok_importar"":1,""count_ok_eliminar"":0,""count_pending"":0,""count_review_action"":0,""count_other"":0}";import;qa_ok_importar_found
X00E50203659;LEVEL MONITOR;WASSERSONDE DYN.UB-VERHALTEN+LT,;0.088 KGM;import;qa_ok_importar_found;true;1;12V4000M70;1902332;333;"{""total_rows"":1,""count_ok_importar"":1,""count_ok_eliminar"":0,""count_pending"":0,""count_review_action"":0,""count_other"":0}";import;qa_ok_importar_found
X00E50203667;LEVEL MONITOR;OELSONDE, DYN.UB-VERHALTEN;0.095 KGM;import;qa_ok_importar_found;true;1;12V4000M70;1902356;334;"{""total_rows"":1,""count_ok_importar"":1,""count_ok_eliminar"":0,""count_pending"":0,""count_review_action"":0,""count_other"":0}";import;qa_ok_importar_found
X00E50203785;TEMPERATURE SENSOR;STAHL 1.4301-X5CRNI1810;157,300 G;import;qa_ok_importar_found;true;4;16V4000M73L;1502320, 1505357, 1507850, 1510339;337, 799, 1142, 1477;"{""total_rows"":4,""count_ok_importar"":4,""count_ok_eliminar"":0,""count_pending"":0,""count_review_action"":0,""count_other"":0}";import;qa_ok_importar_found
X00E50203786;TEMPERATURE SENSOR;PT1000 LAGERTEMP.SENSOR;0.152 KGM;import;qa_ok_importar_found;true;4;16V4000M73L;1502319, 1505356, 1507849, 1510338;337, 799, 1142, 1477;"{""total_rows"":4,""count_ok_importar"":4,""count_ok_eliminar"":0,""count_pending"":0,""count_review_action"":0,""count_other"":0}";import;qa_ok_importar_found
X00E50204427;RETAINING BRACKET FOR RELAY;F. INDUSTRIERELAIS H=29MM;0.001 KGM;import;qa_ok_importar_found;true;1;16V4000M61;1301944;328;"{""total_rows"":1,""count_ok_importar"":1,""count_ok_eliminar"":0,""count_pending"":0,""count_review_action"":0,""count_other"":0}";import;qa_ok_importar_found
X00E50205167/S0001;DISPLAY UNLABELLED;"360X270X65; RAL 9003";;import;qa_ok_importar_found;true;1;16V4000M61;1302539;405;"{""total_rows"":1,""count_ok_importar"":1,""count_ok_eliminar"":0,""count_pending"":0,""count_review_action"":0,""count_other"":0}";import;qa_ok_importar_found
X00E50206571/S0001;PLUG-IN BOARD;;159,000 g;import;qa_ok_importar_found;true;1;12V4000M70;1904942;718;"{""total_rows"":1,""count_ok_importar"":1,""count_ok_eliminar"":0,""count_pending"":0,""count_review_action"":0,""count_other"":0}";import;qa_ok_importar_found
X00E50206616/76;GOVERNOR NOT ADJUSTED;;7,058 kg;import;qa_ok_importar_found;true;1;12V4000M70;1902419;343;"{""total_rows"":1,""count_ok_importar"":1,""count_ok_eliminar"":0,""count_pending"":0,""count_review_action"":0,""count_other"":0}";import;qa_ok_importar_found
X00E50206616/77;GOVERNOR ADJUSTED;;5,000 kg;import;qa_ok_importar_found;true;1;12V4000M70;1902420;343;"{""total_rows"":1,""count_ok_importar"":1,""count_ok_eliminar"":0,""count_pending"":0,""count_review_action"":0,""count_other"":0}";import;qa_ok_importar_found
X00E50206653/S0002;ENGINE MONITORING EMU7-03 / URL;;;import;qa_ok_importar_found;true;1;16V4000M73;1403147;359;"{""total_rows"":1,""count_ok_importar"":1,""count_ok_eliminar"":0,""count_pending"":0,""count_review_action"":0,""count_other"":0}";import;qa_ok_importar_found
X00E50206654;ENGINE MONITORING;EMU8-02 MIT URLADER 25MHZ;3.46 KGM;import;qa_ok_importar_found;true;1;12V4000M53;1203102;356;"{""total_rows"":1,""count_ok_importar"":1,""count_ok_eliminar"":0,""count_pending"":0,""count_review_action"":0,""count_other"":0}";import;qa_ok_importar_found
X00E50207196;PRESSURE SENSOR;"PLAN G1/4""A SW27 L=64 TYP:EPN";0.104 KGM;import;qa_ok_importar_found;true;1;12V4000M70;1902337;333;"{""total_rows"":1,""count_ok_importar"":1,""count_ok_eliminar"":0,""count_pending"":0,""count_review_action"":0,""count_other"":0}";import;qa_ok_importar_found
X00E50207199;PRESSURE SENSOR;ISO M14X1,5SW=27 TYP:EPN;0.106 KGM;import;qa_ok_importar_found;true;1;12V4000M53;1201714;223;"{""total_rows"":1,""count_ok_importar"":1,""count_ok_eliminar"":0,""count_pending"":0,""count_review_action"":0,""count_other"":0}";import;qa_ok_importar_found
X00E50207213;PRESSURE SENSOR;KEGEL M14X1,5 SW=27 TYP:EPN;0.117 KGM;import;qa_ok_importar_found;true;1;12V4000M70;1902343;333;"{""total_rows"":1,""count_ok_importar"":1,""count_ok_eliminar"":0,""count_pending"":0,""count_review_action"":0,""count_other"":0}";import;qa_ok_importar_found
X00E50207455;PLUG-IN BOARD;MFB2-03;0.025 KGM;import;qa_ok_importar_found;true;2;16V4000M90;1602891, 1602892;421;"{""total_rows"":2,""count_ok_importar"":2,""count_ok_eliminar"":0,""count_pending"":0,""count_review_action"":0,""count_other"":0}";import;qa_ok_importar_found
X00E50208087;COVER;295X151X51.7;200,000 g;import;qa_ok_importar_found;true;1;12V4000M70;1905024;742;"{""total_rows"":1,""count_ok_importar"":1,""count_ok_eliminar"":0,""count_pending"":0,""count_review_action"":0,""count_other"":0}";import;qa_ok_importar_found
X00E50208386;PRESSURE SENSOR;M14X1,5 SW=27 KERAMIK;0.105 KGM;import;qa_ok_importar_found;true;1;12V4000M70;1902201;314;"{""total_rows"":1,""count_ok_importar"":1,""count_ok_eliminar"":0,""count_pending"":0,""count_review_action"":0,""count_other"":0}";import;qa_ok_importar_found
X00E50208847;PLUG-IN BOARD;MEM11-01;0.01 KGM;import;qa_ok_importar_found;true;1;12V4000M70;1902425;343;"{""total_rows"":1,""count_ok_importar"":1,""count_ok_eliminar"":0,""count_pending"":0,""count_review_action"":0,""count_other"":0}";import;qa_ok_importar_found
X00E50209110;PLATE F.CONDUCTOR MARKING;40X12MM;0.015 KGM;import;qa_ok_importar_found;true;1;12V4000M53;1206592;809;"{""total_rows"":1,""count_ok_importar"":1,""count_ok_eliminar"":0,""count_pending"":0,""count_review_action"":0,""count_other"":0}";import;qa_ok_importar_found
X00E50209549;PLUG-IN BOARD;BOB2-03;0.029 KGM;import;qa_ok_importar_found;true;1;12V4000M70;1905304;797;"{""total_rows"":1,""count_ok_importar"":1,""count_ok_eliminar"":0,""count_pending"":0,""count_review_action"":0,""count_other"":0}";import;qa_ok_importar_found
X00E50209553;PLUG-IN BOARD;;;import;qa_ok_importar_found;true;1;12V4000M70;1905339;799;"{""total_rows"":1,""count_ok_importar"":1,""count_ok_eliminar"":0,""count_pending"":0,""count_review_action"":0,""count_other"":0}";import;qa_ok_importar_found
X00E50209588;PLUG-IN BOARD;;100,000 g;import;qa_ok_importar_found;true;1;12V4000M70;1905294;797;"{""total_rows"":1,""count_ok_importar"":1,""count_ok_eliminar"":0,""count_pending"":0,""count_review_action"":0,""count_other"":0}";import;qa_ok_importar_found
X00E50209721;PLUG-IN BOARD;;30,000 g;import;qa_ok_importar_found;true;1;12V4000M70;1904945;718;"{""total_rows"":1,""count_ok_importar"":1,""count_ok_eliminar"":0,""count_pending"":0,""count_review_action"":0,""count_other"":0}";import;qa_ok_importar_found
X00E50209894;TERMINAL FOR CYLINDER HEAD;L=90MM, 250V/1500V/24A 2-POL.;0.022 KGM;import;qa_ok_importar_found;true;1;12V4000M53;1202936;343;"{""total_rows"":1,""count_ok_importar"":1,""count_ok_eliminar"":0,""count_pending"":0,""count_review_action"":0,""count_other"":0}";import;qa_ok_importar_found
X00E50700033;WIRING HARNESS FOR ON-ENGINE SENSO;GRUNDUMFANG;2.68 KGM;import;qa_ok_importar_found;true;2;16V4000M90;1602137, 1602155;302;"{""total_rows"":2,""count_ok_importar"":2,""count_ok_eliminar"":0,""count_pending"":0,""count_review_action"":0,""count_other"":0}";import;qa_ok_importar_found
X00001906;STARTER;;29.880 kg;import;qa_ok_importar_found;true;1;16V4000M90;1601196;176;"{""total_rows"":1,""count_ok_importar"":1,""count_ok_eliminar"":0,""count_pending"":0,""count_review_action"":0,""count_other"":0}";import;qa_ok_importar_found
X00001910;STARTER;;29.880 kg;import;qa_ok_importar_found;true;1;16V4000M90;1601194;176;"{""total_rows"":1,""count_ok_importar"":1,""count_ok_eliminar"":0,""count_pending"":0,""count_review_action"":0,""count_other"":0}";import;qa_ok_importar_found
X00003011;GASKET;;8.200 g;import;qa_ok_importar_found;true;5;16V4000M73L, 20V4000M93L;1501082, 1504289, 1506752, 1801529, 1805135;173, 659, 1004, 1297, 1674;"{""total_rows"":5,""count_ok_importar"":5,""count_ok_eliminar"":0,""count_pending"":0,""count_review_action"":0,""count_other"":0}";import;qa_ok_importar_found
X00003012;GASKET;;11.000 g;import;qa_ok_importar_found;true;5;16V4000M73L, 20V4000M93L;1501083, 1504290, 1506753, 1801530, 1805136;173, 659, 1004, 1297, 1674;"{""total_rows"":5,""count_ok_importar"":5,""count_ok_eliminar"":0,""count_pending"":0,""count_review_action"":0,""count_other"":0}";import;qa_ok_importar_found
X00003040;GASKET;;6.000 g;import;qa_ok_importar_found;true;5;16V4000M73L, 20V4000M93L;1501081, 1504288, 1506751, 1801528, 1805134;173, 659, 1004, 1297, 1674;"{""total_rows"":5,""count_ok_importar"":5,""count_ok_eliminar"":0,""count_pending"":0,""count_review_action"":0,""count_other"":0}";import;qa_ok_importar_found
X00003043;GASKET;;9.000 g;import;qa_ok_importar_found;true;5;16V4000M73L, 20V4000M93L;1501062, 1504269, 1506732, 1801509, 1805115;173, 659, 1004, 1297, 1674;"{""total_rows"":5,""count_ok_importar"":5,""count_ok_eliminar"":0,""count_pending"":0,""count_review_action"":0,""count_other"":0}";import;qa_ok_importar_found
X00003620;OIL FILTER ELEMENT;;;import;qa_ok_importar_found;true;6;16V4000M73L, 20V4000M93L;1501489, 1504696, 1507159, 1509647, 1802029, 1805688;221, 707, 1052, 1389, 1350, 1730;"{""total_rows"":6,""count_ok_importar"":6,""count_ok_eliminar"":0,""count_pending"":0,""count_review_action"":0,""count_other"":0}";import;qa_ok_importar_found
X00004619;OVERFLOW VALVE;;0.073 KGM;import;qa_ok_importar_found;true;1;16V4000M73;1411154;1285;"{""total_rows"":1,""count_ok_importar"":1,""count_ok_eliminar"":0,""count_pending"":0,""count_review_action"":0,""count_other"":0}";import;qa_ok_importar_found
X00005421/87;OIL COOLER WITH TEST CERT. 3.1;;230.000 kg;import;qa_ok_importar_found;true;2;20V4000M93L;1802089, 1805748;1355, 1735;"{""total_rows"":2,""count_ok_importar"":2,""count_ok_eliminar"":0,""count_pending"":0,""count_review_action"":0,""count_other"":0}";import;qa_ok_importar_found
X00007157;FLANGE ASM;;24.86 KGM;import;qa_ok_importar_found;true;1;12V4000M40A;1102440;51;"{""total_rows"":1,""count_ok_importar"":1,""count_ok_eliminar"":0,""count_pending"":0,""count_review_action"":0,""count_other"":0}";import;qa_ok_importar_found
X00008369;PISTON;;12,700 KG;import;qa_ok_importar_found;true;1;12V4000M40A;1102441;57;"{""total_rows"":1,""count_ok_importar"":1,""count_ok_eliminar"":0,""count_pending"":0,""count_review_action"":0,""count_other"":0}";import;qa_ok_importar_found
X00008372;PISTON SKIRT;;5.15 KGM;import;qa_ok_importar_found;true;1;12V4000M40A;1102442;58;"{""total_rows"":1,""count_ok_importar"":1,""count_ok_eliminar"":0,""count_pending"":0,""count_review_action"":0,""count_other"":0}";import;qa_ok_importar_found
X00008637;FLANGE;;7.680 kg;import;qa_ok_importar_found;true;1;16V4000M90;1600342;60;"{""total_rows"":1,""count_ok_importar"":1,""count_ok_eliminar"":0,""count_pending"":0,""count_review_action"":0,""count_other"":0}";import;qa_ok_importar_found
X00009196;DAMPER RING FOR INJECTOR;;0.033 KGM;import;qa_ok_importar_found;true;1;12V4000M53;1200555;98;"{""total_rows"":1,""count_ok_importar"":1,""count_ok_eliminar"":0,""count_pending"":0,""count_review_action"":0,""count_other"":0}";import;qa_ok_importar_found
X00009406;CYLINDER HEAD COVER;;2.500 kg;import;qa_ok_importar_found;true;6;16V4000M73L, 20V4000M93L;1500421, 1503627, 1506090, 1508578, 1800511, 1804084;84, 569, 914, 1257, 1195, 1568;"{""total_rows"":6,""count_ok_importar"":6,""count_ok_eliminar"":0,""count_pending"":0,""count_review_action"":0,""count_other"":0}";import;qa_ok_importar_found
X00009917;GASKET;;0.001 KGM;import;qa_ok_importar_found;true;1;12V4000M53;1201624;216;"{""total_rows"":1,""count_ok_importar"":1,""count_ok_eliminar"":0,""count_pending"":0,""count_review_action"":0,""count_other"":0}";import;qa_ok_importar_found
X00010021;CONTROL LEVER ROS 07-05 (EMV MODIFIZIERT);;;import;qa_ok_importar_found;true;1;16V4000M90;1602887;419;"{""total_rows"":1,""count_ok_importar"":1,""count_ok_eliminar"":0,""count_pending"":0,""count_review_action"":0,""count_other"":0}";import;qa_ok_importar_found
X00010351;CONTROL CONSOLE IN ENGINE ROOM;360 X 270 X 180;;import;qa_ok_importar_found;true;1;12V4000M70;1905253;795;"{""total_rows"":1,""count_ok_importar"":1,""count_ok_eliminar"":0,""count_pending"":0,""count_review_action"":0,""count_other"":0}";import;qa_ok_importar_found
X00010426;RING CARRIER;;0.018 KGM;import;qa_ok_importar_found;true;1;12V4000M40A;1102448;122;"{""total_rows"":1,""count_ok_importar"":1,""count_ok_eliminar"":0,""count_pending"":0,""count_review_action"":0,""count_other"":0}";import;qa_ok_importar_found
X00010427;WASHER;;0.046 KGM;import;qa_ok_importar_found;true;1;12V4000M40A;1102450;121;"{""total_rows"":1,""count_ok_importar"":1,""count_ok_eliminar"":0,""count_pending"":0,""count_review_action"":0,""count_other"":0}";import;qa_ok_importar_found
X00010428;WASHER;;0.057 KGM;import;qa_ok_importar_found;true;1;12V4000M40A;1102452;121;"{""total_rows"":1,""count_ok_importar"":1,""count_ok_eliminar"":0,""count_pending"":0,""count_review_action"":0,""count_other"":0}";import;qa_ok_importar_found
X00011606;SOCKET-TERMINL STRIP;54X13,5X18,6, 12;13,000 g AB;import;qa_ok_importar_found;true;1;12V4000M70;1905049;748;"{""total_rows"":1,""count_ok_importar"":1,""count_ok_eliminar"":0,""count_pending"":0,""count_review_action"":0,""count_other"":0}";import;qa_ok_importar_found
X00012168;IMPELLER FOR SEAWATER PUMP;;2,700 KG;import;qa_ok_importar_found;true;1;12V4000M40A;1102456;280;"{""total_rows"":1,""count_ok_importar"":1,""count_ok_eliminar"":0,""count_pending"":0,""count_review_action"":0,""count_other"":0}";import;qa_ok_importar_found
X00012174;PMP ASM SEA WATER;;38,360 KG;import;qa_ok_importar_found;true;1;12V4000M40A;1102457;279;"{""total_rows"":1,""count_ok_importar"":1,""count_ok_eliminar"":0,""count_pending"":0,""count_review_action"":0,""count_other"":0}";import;qa_ok_importar_found
X00012309/30;FLANGE;;29,800 KG;import;qa_ok_importar_found;true;1;12V4000M40A;1102458;305;"{""total_rows"":1,""count_ok_importar"":1,""count_ok_eliminar"":0,""count_pending"":0,""count_review_action"":0,""count_other"":0}";import;qa_ok_importar_found
X00012358;SEALING RING BR 4000;;;import;qa_ok_importar_found;true;1;16V4000M73;1401705;226;"{""total_rows"":1,""count_ok_importar"":1,""count_ok_eliminar"":0,""count_pending"":0,""count_review_action"":0,""count_other"":0}";import;qa_ok_importar_found
X00012879;FUEL FILTER SPIN-ON;;1.36 KGM;import;qa_ok_importar_found;true;1;12V4000M40A;1102459;107;"{""total_rows"":1,""count_ok_importar"":1,""count_ok_eliminar"":0,""count_pending"":0,""count_review_action"":0,""count_other"":0}";import;qa_ok_importar_found
X00014417;COVER;;28.97 KGM;import;qa_ok_importar_found;true;1;12V4000M70;1900314;65;"{""total_rows"":1,""count_ok_importar"":1,""count_ok_eliminar"":0,""count_pending"":0,""count_review_action"":0,""count_other"":0}";import;qa_ok_importar_found
X00016024;CRANKSHAFT BEARING;;0.392 KGM;import;qa_ok_importar_found;true;1;12V4000M53;1200358;58;"{""total_rows"":1,""count_ok_importar"":1,""count_ok_eliminar"":0,""count_pending"":0,""count_review_action"":0,""count_other"":0}";import;qa_ok_importar_found
X00018258;PLUG-IN BOARD;SAB 1-03;0.046 KGM;import;qa_ok_importar_found;true;1;12V4000M40A;1102470;360;"{""total_rows"":1,""count_ok_importar"":1,""count_ok_eliminar"":0,""count_pending"":0,""count_review_action"":0,""count_other"":0}";import;qa_ok_importar_found
X00018307;MAGNETIC NUT;M16X1.5 LH;84,700 g M16X1.5 LH;import;qa_ok_importar_found;true;1;12V4000M53;1200885;128;"{""total_rows"":1,""count_ok_importar"":1,""count_ok_eliminar"":0,""count_pending"":0,""count_review_action"":0,""count_other"":0}";import;qa_ok_importar_found
X00018621;R/SHFT SUPT;;3,600 KG;import;qa_ok_importar_found;true;1;16V4000M61;1300415;74;"{""total_rows"":1,""count_ok_importar"":1,""count_ok_eliminar"":0,""count_pending"":0,""count_review_action"":0,""count_other"":0}";import;qa_ok_importar_found
X00018622;ROCKER SHAFT SUPPORT;;;import;qa_ok_importar_found;true;1;16V4000M61;1300419;75;"{""total_rows"":1,""count_ok_importar"":1,""count_ok_eliminar"":0,""count_pending"":0,""count_review_action"":0,""count_other"":0}";import;qa_ok_importar_found
X00018636;RKR ARM ASM;;6,470 KG;import;qa_ok_importar_found;true;1;16V4000M61;1300390;70;"{""total_rows"":1,""count_ok_importar"":1,""count_ok_eliminar"":0,""count_pending"":0,""count_review_action"":0,""count_other"":0}";import;qa_ok_importar_found
X00019778;STARTER FOR COMPRESSED AIR;;;import;qa_ok_importar_found;true;1;12V4000M40A;1102475;169;"{""total_rows"":1,""count_ok_importar"":1,""count_ok_eliminar"":0,""count_pending"":0,""count_review_action"":0,""count_other"":0}";import;qa_ok_importar_found
X00021061;PLUG-IN BOARD;"MEM8-01;";;import;qa_ok_importar_found;true;1;16V4000M61;1302726;455;"{""total_rows"":1,""count_ok_importar"":1,""count_ok_eliminar"":0,""count_pending"":0,""count_review_action"":0,""count_other"":0}";import;qa_ok_importar_found
X00021061/76;PLUG-IN CIRC.BOARD NOT ADJUSTED;MEM8-01;0.06 KGM;import;qa_ok_importar_found;true;1;16V4000M61;1302728;456;"{""total_rows"":1,""count_ok_importar"":1,""count_ok_eliminar"":0,""count_pending"":0,""count_review_action"":0,""count_other"":0}";import;qa_ok_importar_found
X00021634;GEAR CAMSHAFT;;15,500 KG;import;qa_ok_importar_found;true;1;12V4000M40A;1102477;69;"{""total_rows"":1,""count_ok_importar"":1,""count_ok_eliminar"":0,""count_pending"":0,""count_review_action"":0,""count_other"":0}";import;qa_ok_importar_found
X00021750;GEAR;;1,770 KG;import;qa_ok_importar_found;true;1;12V4000M40A;1102478;247;"{""total_rows"":1,""count_ok_importar"":1,""count_ok_eliminar"":0,""count_pending"":0,""count_review_action"":0,""count_other"":0}";import;qa_ok_importar_found
X00021757;GEAR;;0.438 KGM;import;qa_ok_importar_found;true;1;12V4000M53;1202348;284;"{""total_rows"":1,""count_ok_importar"":1,""count_ok_eliminar"":0,""count_pending"":0,""count_review_action"":0,""count_other"":0}";import;qa_ok_importar_found
X00021778;F/W HSG ASM;;246.500 kg;import;qa_ok_importar_found;true;1;16V4000M73;1400143;38;"{""total_rows"":1,""count_ok_importar"":1,""count_ok_eliminar"":0,""count_pending"":0,""count_review_action"":0,""count_other"":0}";import;qa_ok_importar_found
X00021778/75;FLYWHEEL HOUSING PRIMED;;165,000 kg;import;qa_ok_importar_found;true;1;12V4000M53;1200135;35;"{""total_rows"":1,""count_ok_importar"":1,""count_ok_eliminar"":0,""count_pending"":0,""count_review_action"":0,""count_other"":0}";import;qa_ok_importar_found
X00022214;RETAINER;;1.9 KGM;import;qa_ok_importar_found;true;6;20V4000M93, 20V4000M93L;1700544, 1704292, 1708032, 1711772, 1800516, 1804089;97, 493, 889, 1285, 1197, 1570;"{""total_rows"":6,""count_ok_importar"":6,""count_ok_eliminar"":0,""count_pending"":0,""count_review_action"":0,""count_other"":0}";import;qa_ok_importar_found
X00026227;VALVE FUEL PRESSURE RELIEF 1550 BAR;;1.37 KGM;import;qa_ok_importar_found;true;1;12V4000M40A;1102499;92;"{""total_rows"":1,""count_ok_importar"":1,""count_ok_eliminar"":0,""count_pending"":0,""count_review_action"":0,""count_other"":0}";import;qa_ok_importar_found
X00026303;PLUG-IN BOARD;ROB1-01/A,;0.035 KGM;import;qa_ok_importar_found;true;1;12V4000M70;1904947;718;"{""total_rows"":1,""count_ok_importar"":1,""count_ok_eliminar"":0,""count_pending"":0,""count_review_action"":0,""count_other"":0}";import;qa_ok_importar_found
X00026945;CABLE CLAMP;M.STECKFUSS F. M8 AUSSENVERZAHN;0.001 KGM;import;qa_ok_importar_found;true;1;16V4000M73;1402882;331;"{""total_rows"":1,""count_ok_importar"":1,""count_ok_eliminar"":0,""count_pending"":0,""count_review_action"":0,""count_other"":0}";import;qa_ok_importar_found
X00026990;RAIL FUEL HIGH PRESS DOUBLE WALL A-BANK;;55.000 kg EM;import;qa_ok_importar_found;true;1;16V4000M73;1400582;106;"{""total_rows"":1,""count_ok_importar"":1,""count_ok_eliminar"":0,""count_pending"":0,""count_review_action"":0,""count_other"":0}";import;qa_ok_importar_found
X00026991;RAIL FUEL HIGH PRESS DOUBLE WALL B-BANK;;54.500 kg EM;import;qa_ok_importar_found;true;1;16V4000M73;1400583;106;"{""total_rows"":1,""count_ok_importar"":1,""count_ok_eliminar"":0,""count_pending"":0,""count_review_action"":0,""count_other"":0}";import;qa_ok_importar_found
X00027068;TUBE FUEL DOUBLE WALL;;299.000 g EM;import;qa_ok_importar_found;true;2;20V4000M93L;1800559, 1804130;1204, 1577;"{""total_rows"":2,""count_ok_importar"":2,""count_ok_eliminar"":0,""count_pending"":0,""count_review_action"":0,""count_other"":0}";import;qa_ok_importar_found
X00028593;PLATE FLANGE VIB DAMPER HSG;;;import;qa_ok_importar_found;true;1;16V4000M73;1400408;68;"{""total_rows"":1,""count_ok_importar"":1,""count_ok_eliminar"":0,""count_pending"":0,""count_review_action"":0,""count_other"":0}";import;qa_ok_importar_found
X00029037;CRANKSHAFT 16V-12CWT-STROKE190;;;import;qa_ok_importar_found;true;1;16V4000M73;1400359;61;"{""total_rows"":1,""count_ok_importar"":1,""count_ok_eliminar"":0,""count_pending"":0,""count_review_action"":0,""count_other"":0}";import;qa_ok_importar_found
X00029037/31;CRANKSHAFT LR ACCEPTANCE 16V-12CWT-STROKE190;;617.000;import;qa_ok_importar_found;true;1;16V4000M73;1400357;60;"{""total_rows"":1,""count_ok_importar"":1,""count_ok_eliminar"":0,""count_pending"":0,""count_review_action"":0,""count_other"":0}";import;qa_ok_importar_found
X00030047;HOUSING WAT PUMP SPIRAL;;11,220 KG;import;qa_ok_importar_found;true;1;12V4000M40A;1102501;247;"{""total_rows"":1,""count_ok_importar"":1,""count_ok_eliminar"":0,""count_pending"":0,""count_review_action"":0,""count_other"":0}";import;qa_ok_importar_found
X00030151/30;INTERMEDIATE FLANGE;;44,500 KG;import;qa_ok_importar_found;true;1;12V4000M40A;1102502;305;"{""total_rows"":1,""count_ok_importar"":1,""count_ok_eliminar"":0,""count_pending"":0,""count_review_action"":0,""count_other"":0}";import;qa_ok_importar_found
X00030152/30;RING;;10,360 KG;import;qa_ok_importar_found;true;1;12V4000M40A;1102503;305;"{""total_rows"":1,""count_ok_importar"":1,""count_ok_eliminar"":0,""count_pending"":0,""count_review_action"":0,""count_other"":0}";import;qa_ok_importar_found
X00030153/30;FLANGE;;14,600 KG;import;qa_ok_importar_found;true;1;12V4000M40A;1102504;305;"{""total_rows"":1,""count_ok_importar"":1,""count_ok_eliminar"":0,""count_pending"":0,""count_review_action"":0,""count_other"":0}";import;qa_ok_importar_found
X00031025;CLAMP;;0.25 KGM;import;qa_ok_importar_found;true;8;20V4000M93L;1800842, 1800912, 1800973, 1801035, 1804448, 1804518, 1804579, 1804641;1238, 1245, 1248, 1251, 1615, 1622, 1625, 1628;"{""total_rows"":8,""count_ok_importar"":8,""count_ok_eliminar"":0,""count_pending"":0,""count_review_action"":0,""count_other"":0}";import;qa_ok_importar_found
X00031095;LEVEL MONITOR;TAU;195,100 G;import;qa_ok_importar_found;true;1;12V4000M40A;1102505;345;"{""total_rows"":1,""count_ok_importar"":1,""count_ok_eliminar"":0,""count_pending"":0,""count_review_action"":0,""count_other"":0}";import;qa_ok_importar_found
X00031104;LEVEL MONITOR;WASSERSONDE DYN.UB-VERHALTEN;191 G;import;qa_ok_importar_found;true;1;12V4000M40A;1102506;345;"{""total_rows"":1,""count_ok_importar"":1,""count_ok_eliminar"":0,""count_pending"":0,""count_review_action"":0,""count_other"":0}";import;qa_ok_importar_found
X00031805;SEALING RING BR 8000;;A13X18,0X1,5 DIN7603;import;qa_ok_importar_found;true;1;16V4000M73;1401653;222;"{""total_rows"":1,""count_ok_importar"":1,""count_ok_eliminar"":0,""count_pending"":0,""count_review_action"":0,""count_other"":0}";import;qa_ok_importar_found
X00032042;CONNECTING PIEC E;;;import;qa_ok_importar_found;true;1;12V4000M53;1200621;107;"{""total_rows"":1,""count_ok_importar"":1,""count_ok_eliminar"":0,""count_pending"":0,""count_review_action"":0,""count_other"":0}";import;qa_ok_importar_found
X00033211;CLAMP;;0.255 KGM;import;qa_ok_importar_found;true;1;12V4000M40A;1102507;122;"{""total_rows"":1,""count_ok_importar"":1,""count_ok_eliminar"":0,""count_pending"":0,""count_review_action"":0,""count_other"":0}";import;qa_ok_importar_found
X00033292;ELBOW;;1.348 KGM;import;qa_ok_importar_found;true;1;12V4000M70;1900890;139;"{""total_rows"":1,""count_ok_importar"":1,""count_ok_eliminar"":0,""count_pending"":0,""count_review_action"":0,""count_other"":0}";import;qa_ok_importar_found
X00033644;NOZZLE LUBE OIL SPRAY;;249 G;import;qa_ok_importar_found;true;1;12V4000M40A;1102510;195;"{""total_rows"":1,""count_ok_importar"":1,""count_ok_eliminar"":0,""count_pending"":0,""count_review_action"":0,""count_other"":0}";import;qa_ok_importar_found
X00033645;BLOCK PSTN LUBE NOZZLE SUPT W/THRU HOLE;;166,600 G;import;qa_ok_importar_found;true;1;12V4000M40A;1102511;195;"{""total_rows"":1,""count_ok_importar"":1,""count_ok_eliminar"":0,""count_pending"":0,""count_review_action"":0,""count_other"":0}";import;qa_ok_importar_found
X00033646;BLK PSTN LUBE NOZZLE SUPT W/O THRU;;185 G;import;qa_ok_importar_found;true;1;12V4000M40A;1102512;195;"{""total_rows"":1,""count_ok_importar"":1,""count_ok_eliminar"":0,""count_pending"":0,""count_review_action"":0,""count_other"":0}";import;qa_ok_importar_found
X00034039;BOLT;;0.57 KGM;import;qa_ok_importar_found;true;1;12V4000M70;1902138;296;"{""total_rows"":1,""count_ok_importar"":1,""count_ok_eliminar"":0,""count_pending"":0,""count_review_action"":0,""count_other"":0}";import;qa_ok_importar_found
X00034054;SHIM;;;import;qa_ok_importar_found;true;1;12V4000M70;1902130;296;"{""total_rows"":1,""count_ok_importar"":1,""count_ok_eliminar"":0,""count_pending"":0,""count_review_action"":0,""count_other"":0}";import;qa_ok_importar_found
X00034057;LOCKING DEVICE 4000;;;import;qa_ok_importar_found;true;1;12V4000M53;1202381;291;"{""total_rows"":1,""count_ok_importar"":1,""count_ok_eliminar"":0,""count_pending"":0,""count_review_action"":0,""count_other"":0}";import;qa_ok_importar_found
X00034058;LOCKING DEVICE 4000;;;import;qa_ok_importar_found;true;1;12V4000M53;1202382;291;"{""total_rows"":1,""count_ok_importar"":1,""count_ok_eliminar"":0,""count_pending"":0,""count_review_action"":0,""count_other"":0}";import;qa_ok_importar_found
X00034289;VIBRATION DAMPER HSG;;71.4 KGM;import;qa_ok_importar_found;true;6;20V4000M93, 20V4000M93L;1700396, 1704141, 1707881, 1711621, 1800386, 1803959;65, 461, 857, 1253, 1165, 1538;"{""total_rows"":6,""count_ok_importar"":6,""count_ok_eliminar"":0,""count_pending"":0,""count_review_action"":0,""count_other"":0}";import;qa_ok_importar_found
X00034966;PRESS RELIEF VALVE FOR 12V;;;import;qa_ok_importar_found;true;1;12V4000M53;1200578;101;"{""total_rows"":1,""count_ok_importar"":1,""count_ok_eliminar"":0,""count_pending"":0,""count_review_action"":0,""count_other"":0}";import;qa_ok_importar_found
X00034967;VLV PRSR RELIEF 2000 BAR 16V/20V4000-03;;1.500 kg EM;import;qa_ok_importar_found;true;1;16V4000M73;1400585;106;"{""total_rows"":1,""count_ok_importar"":1,""count_ok_eliminar"":0,""count_pending"":0,""count_review_action"":0,""count_other"":0}";import;qa_ok_importar_found
X00034974;TUBE FUEL LOW PRESSU RE RETURN;;0.063 KGM;import;qa_ok_importar_found;true;1;12V4000M53;1200738;111;"{""total_rows"":1,""count_ok_importar"":1,""count_ok_eliminar"":0,""count_pending"":0,""count_review_action"":0,""count_other"":0}";import;qa_ok_importar_found
X00035257;O-RING;7 X 208;5,000 g 7 X 208;import;qa_ok_importar_found;true;1;12V4000M53;1200403;64;"{""total_rows"":1,""count_ok_importar"":1,""count_ok_eliminar"":0,""count_pending"":0,""count_review_action"":0,""count_other"":0}";import;qa_ok_importar_found
X00035420;HP FUEL LINE JACKETED;;4.649 kg EM;import;qa_ok_importar_found;true;2;20V4000M93L;1800533, 1804104;1203, 1576;"{""total_rows"":2,""count_ok_importar"":2,""count_ok_eliminar"":0,""count_pending"":0,""count_review_action"":0,""count_other"":0}";import;qa_ok_importar_found
X00035421;HP FUEL LINE DOUBLE-WALLED, LEFT;;3.173 kg EM;import;qa_ok_importar_found;true;2;20V4000M93L;1800550, 1804120;1203, 1576;"{""total_rows"":2,""count_ok_importar"":2,""count_ok_eliminar"":0,""count_pending"":0,""count_review_action"":0,""count_other"":0}";import;qa_ok_importar_found
X00035422;HP FUEL LINE DOUBLE-WALLED, RIGH;;5.594 kg EM;import;qa_ok_importar_found;true;2;20V4000M93L;1800551, 1804122;1203, 1576;"{""total_rows"":2,""count_ok_importar"":2,""count_ok_eliminar"":0,""count_pending"":0,""count_review_action"":0,""count_other"":0}";import;qa_ok_importar_found
X00035690;PISTON EPSILON 15.2;;;import;qa_ok_importar_found;true;1;16V4000M73;1400433;73;"{""total_rows"":1,""count_ok_importar"":1,""count_ok_eliminar"":0,""count_pending"":0,""count_review_action"":0,""count_other"":0}";import;qa_ok_importar_found
X00035844;FUEL PUMP;;80.000 kg 50 HZ;import;qa_ok_importar_found;true;1;20V4000M93L;1806783;1830;"{""total_rows"":1,""count_ok_importar"":1,""count_ok_eliminar"":0,""count_pending"":0,""count_review_action"":0,""count_other"":0}";import;qa_ok_importar_found
X00036161;FUEL FILTER;;;import;qa_ok_importar_found;true;1;20V4000M93L;1804235;1594;"{""total_rows"":1,""count_ok_importar"":1,""count_ok_eliminar"":0,""count_pending"":0,""count_review_action"":0,""count_other"":0}";import;qa_ok_importar_found
X00036684;COOLANT PUMP;;30.750 kg;import;qa_ok_importar_found;true;1;16V4000M73;1401891;248;"{""total_rows"":1,""count_ok_importar"":1,""count_ok_eliminar"":0,""count_pending"":0,""count_review_action"":0,""count_other"":0}";import;qa_ok_importar_found
X00036967;FUEL PUMP;;;import;qa_ok_importar_found;true;2;16V4000M73L;1502075, 1510713;298, 1548;"{""total_rows"":2,""count_ok_importar"":2,""count_ok_eliminar"":0,""count_pending"":0,""count_review_action"":0,""count_other"":0}";import;qa_ok_importar_found
X00037017;IMPELLER FOR SEAWATER PUMP;;;import;qa_ok_importar_found;true;1;16V4000M73;1402475;294;"{""total_rows"":1,""count_ok_importar"":1,""count_ok_eliminar"":0,""count_pending"":0,""count_review_action"":0,""count_other"":0}";import;qa_ok_importar_found
X00038367;FUEL FILTER;;;import;qa_ok_importar_found;true;2;16V4000M73L;1502096, 1510734;301, 1551;"{""total_rows"":2,""count_ok_importar"":2,""count_ok_eliminar"":0,""count_pending"":0,""count_review_action"":0,""count_other"":0}";import;qa_ok_importar_found
X00038494;FILTER ELEMENT;FC 001-040, 4120;2.360 kg;import;qa_ok_importar_found;true;4;16V4000M73L, 16V4000M90, 20V4000M93L;1502097, 1510735, 1600556, 1804236;302, 1552, 113, 1596;"{""total_rows"":4,""count_ok_importar"":4,""count_ok_eliminar"":0,""count_pending"":0,""count_review_action"":0,""count_other"":0}";import;qa_ok_importar_found
X00038564;ELBOW;;12,870 kg;import;qa_ok_importar_found;true;1;12V4000M53;1202059;247;"{""total_rows"":1,""count_ok_importar"":1,""count_ok_eliminar"":0,""count_pending"":0,""count_review_action"":0,""count_other"":0}";import;qa_ok_importar_found
X00038945;PRESSURE SENSOR;M14X1,5,DICHTKEGEL,SW=27,;0,117 G;import;qa_ok_importar_found;true;1;12V4000M40A;1102518;345;"{""total_rows"":1,""count_ok_importar"":1,""count_ok_eliminar"":0,""count_pending"":0,""count_review_action"":0,""count_other"":0}";import;qa_ok_importar_found
X00038983;BUSHING THREADED M42;;0.188 KGM;import;qa_ok_importar_found;true;1;12V4000M53;1202027;243;"{""total_rows"":1,""count_ok_importar"":1,""count_ok_eliminar"":0,""count_pending"":0,""count_review_action"":0,""count_other"":0}";import;qa_ok_importar_found
X00039514;EXHAUST TURBOCHARGER RIGHT SIDE;;76,200 KG EM;import;qa_ok_importar_found;true;1;12V4000M40A;1102519;120;"{""total_rows"":1,""count_ok_importar"":1,""count_ok_eliminar"":0,""count_pending"":0,""count_review_action"":0,""count_other"":0}";import;qa_ok_importar_found
X00039517;EXHAUST TURBOCHARGER LEFT SIDE;;;import;qa_ok_importar_found;true;1;12V4000M40A;1102520;126;"{""total_rows"":1,""count_ok_importar"":1,""count_ok_eliminar"":0,""count_pending"":0,""count_review_action"":0,""count_other"":0}";import;qa_ok_importar_found
X00039766;TUBE OIL MARINE;;0.47 KGM;import;qa_ok_importar_found;true;1;12V4000M40A;1102521;224;"{""total_rows"":1,""count_ok_importar"":1,""count_ok_eliminar"":0,""count_pending"":0,""count_review_action"":0,""count_other"":0}";import;qa_ok_importar_found
X00039767;TUBE OIL MARINE;;0.44 KGM;import;qa_ok_importar_found;true;1;12V4000M40A;1102522;224;"{""total_rows"":1,""count_ok_importar"":1,""count_ok_eliminar"":0,""count_pending"":0,""count_review_action"":0,""count_other"":0}";import;qa_ok_importar_found
X00039852;FILTER HEAD FOR FUEL FILTER 1;;;import;qa_ok_importar_found;true;1;12V4000M40A;1102523;107;"{""total_rows"":1,""count_ok_importar"":1,""count_ok_eliminar"":0,""count_pending"":0,""count_review_action"":0,""count_other"":0}";import;qa_ok_importar_found
X00040054/42;CONROD ASM;;9,770 KG;import;qa_ok_importar_found;true;1;12V4000M40A;1102524;60;"{""total_rows"":1,""count_ok_importar"":1,""count_ok_eliminar"":0,""count_pending"":0,""count_review_action"":0,""count_other"":0}";import;qa_ok_importar_found
X00040625;COVER FOR SOLAS;;7 G;import;qa_ok_importar_found;true;1;12V4000M40A;1102527;198;"{""total_rows"":1,""count_ok_importar"":1,""count_ok_eliminar"":0,""count_pending"":0,""count_review_action"":0,""count_other"":0}";import;qa_ok_importar_found
X00040708;BUSHING;;325.200 g;import;qa_ok_importar_found;true;1;16V4000M73;1400984;147;"{""total_rows"":1,""count_ok_importar"":1,""count_ok_eliminar"":0,""count_pending"":0,""count_review_action"":0,""count_other"":0}";import;qa_ok_importar_found
X00040711;BUSHING;;203.500 g;import;qa_ok_importar_found;true;1;16V4000M73;1400983;147;"{""total_rows"":1,""count_ok_importar"":1,""count_ok_eliminar"":0,""count_pending"":0,""count_review_action"":0,""count_other"":0}";import;qa_ok_importar_found
X00040714;CONROD BEARING SIZE 0-0;;;import;qa_ok_importar_found;true;1;12V4000M40A;1102528;60;"{""total_rows"":1,""count_ok_importar"":1,""count_ok_eliminar"":0,""count_pending"":0,""count_review_action"":0,""count_other"":0}";import;qa_ok_importar_found
X00040715;CONROD BEARING SIZE 0-1;;300 G;import;qa_ok_importar_found;true;1;12V4000M40A;1102529;60;"{""total_rows"":1,""count_ok_importar"":1,""count_ok_eliminar"":0,""count_pending"":0,""count_review_action"":0,""count_other"":0}";import;qa_ok_importar_found
X00040717;CONROD BEARING SIZE 0-2;;0.275 KGM;import;qa_ok_importar_found;true;1;12V4000M40A;1102530;60;"{""total_rows"":1,""count_ok_importar"":1,""count_ok_eliminar"":0,""count_pending"":0,""count_review_action"":0,""count_other"":0}";import;qa_ok_importar_found
X00040718;CONROD BEARING SIZE 0-3;;0,320 KG;import;qa_ok_importar_found;true;1;12V4000M40A;1102531;60;"{""total_rows"":1,""count_ok_importar"":1,""count_ok_eliminar"":0,""count_pending"":0,""count_review_action"":0,""count_other"":0}";import;qa_ok_importar_found
X00040912;OIL LINE FOR HP PUMP;;0.239 KGM;import;qa_ok_importar_found;true;1;12V4000M53;1201424;195;"{""total_rows"":1,""count_ok_importar"":1,""count_ok_eliminar"":0,""count_pending"":0,""count_review_action"":0,""count_other"":0}";import;qa_ok_importar_found
X00040965;TUBE FUEL RETURN LOW PRESSURE A-BANK;;0.07 KGM;import;qa_ok_importar_found;true;1;12V4000M53;1200707;111;"{""total_rows"":1,""count_ok_importar"":1,""count_ok_eliminar"":0,""count_pending"":0,""count_review_action"":0,""count_other"":0}";import;qa_ok_importar_found
X00040978;FUEL DELIVERY PUMP;;5,700 kg EM;import;qa_ok_importar_found;true;1;12V4000M53;1200797;115;"{""total_rows"":1,""count_ok_importar"":1,""count_ok_eliminar"":0,""count_pending"":0,""count_review_action"":0,""count_other"":0}";import;qa_ok_importar_found
X00041391;ACTUATOR VLV;;1,880 KG;import;qa_ok_importar_found;true;1;12V4000M40A;1102532;143;"{""total_rows"":1,""count_ok_importar"":1,""count_ok_eliminar"":0,""count_pending"":0,""count_review_action"":0,""count_other"":0}";import;qa_ok_importar_found
X00042197;INLET VALVE;;335,800 gEM;import;qa_ok_importar_found;true;1;12V4000M53;1200456;74;"{""total_rows"":1,""count_ok_importar"":1,""count_ok_eliminar"":0,""count_pending"":0,""count_review_action"":0,""count_other"":0}";import;qa_ok_importar_found
X00042421;FUEL FILTER SPIN-ON;;;import;qa_ok_importar_found;true;1;16V4000M73;1400689;121;"{""total_rows"":1,""count_ok_importar"":1,""count_ok_eliminar"":0,""count_pending"":0,""count_review_action"":0,""count_other"":0}";import;qa_ok_importar_found
X00042470;NEEDLE BEARING;;0.051 KGM;import;qa_ok_importar_found;true;1;12V4000M40A;1102537;172;"{""total_rows"":1,""count_ok_importar"":1,""count_ok_eliminar"":0,""count_pending"":0,""count_review_action"":0,""count_other"":0}";import;qa_ok_importar_found
X00042495;SEAWATER ELBOW F/GRBOX OIL COOLING;;;import;qa_ok_importar_found;true;2;20V4000M93L;1802812, 1806471;1406, 1786;"{""total_rows"":2,""count_ok_importar"":2,""count_ok_eliminar"":0,""count_pending"":0,""count_review_action"":0,""count_other"":0}";import;qa_ok_importar_found
X00042702;VALVE;;0,200 KG;import;qa_ok_importar_found;true;1;12V4000M40A;1102562;171;"{""total_rows"":1,""count_ok_importar"":1,""count_ok_eliminar"":0,""count_pending"":0,""count_review_action"":0,""count_other"":0}";import;qa_ok_importar_found
X00042722;GASKET;;;import;qa_ok_importar_found;true;1;12V4000M40A;1102569;176;"{""total_rows"":1,""count_ok_importar"":1,""count_ok_eliminar"":0,""count_pending"":0,""count_review_action"":0,""count_other"":0}";import;qa_ok_importar_found
X00042774;PIPE;;0.1 KGM;import;qa_ok_importar_found;true;1;12V4000M40A;1102578;172;"{""total_rows"":1,""count_ok_importar"":1,""count_ok_eliminar"":0,""count_pending"":0,""count_review_action"":0,""count_other"":0}";import;qa_ok_importar_found
X00042776;PIN;;;import;qa_ok_importar_found;true;1;12V4000M40A;1102579;172;"{""total_rows"":1,""count_ok_importar"":1,""count_ok_eliminar"":0,""count_pending"":0,""count_review_action"":0,""count_other"":0}";import;qa_ok_importar_found
X00042803;SERVO-LOCKER;;0.365 KGM;import;qa_ok_importar_found;true;1;12V4000M40A;1102580;172;"{""total_rows"":1,""count_ok_importar"":1,""count_ok_eliminar"":0,""count_pending"":0,""count_review_action"":0,""count_other"":0}";import;qa_ok_importar_found
X00043025;CHARGE-AIR LINE END MEMBER, RIGHT BR4000;;;import;qa_ok_importar_found;true;1;16V4000M73;1401177;173;"{""total_rows"":1,""count_ok_importar"":1,""count_ok_eliminar"":0,""count_pending"":0,""count_review_action"":0,""count_other"":0}";import;qa_ok_importar_found
X00043218;CONROD BEARING;;0.277 KGM;import;qa_ok_importar_found;true;1;12V4000M53;1200421;70;"{""total_rows"":1,""count_ok_importar"":1,""count_ok_eliminar"":0,""count_pending"":0,""count_review_action"":0,""count_other"":0}";import;qa_ok_importar_found
X00043219;CONROD BEARING SIZE 0-1;;0.284 KGM;import;qa_ok_importar_found;true;1;12V4000M53;1200425;70;"{""total_rows"":1,""count_ok_importar"":1,""count_ok_eliminar"":0,""count_pending"":0,""count_review_action"":0,""count_other"":0}";import;qa_ok_importar_found
X00043220;CONROD BEARING SIZE 0-2;;0.288 KGM;import;qa_ok_importar_found;true;1;12V4000M53;1200426;70;"{""total_rows"":1,""count_ok_importar"":1,""count_ok_eliminar"":0,""count_pending"":0,""count_review_action"":0,""count_other"":0}";import;qa_ok_importar_found
X00043221;CONROD BEARING SIZE 0-3;;0.294 KGM;import;qa_ok_importar_found;true;1;12V4000M53;1200427;70;"{""total_rows"":1,""count_ok_importar"":1,""count_ok_eliminar"":0,""count_pending"":0,""count_review_action"":0,""count_other"":0}";import;qa_ok_importar_found
X00043295;TUBE OIL SUPPLY 1147.695;;245,000 g;import;qa_ok_importar_found;true;1;12V4000M70;1900304;65;"{""total_rows"":1,""count_ok_importar"":1,""count_ok_eliminar"":0,""count_pending"":0,""count_review_action"":0,""count_other"":0}";import;qa_ok_importar_found
X00043945;DISHED WASHER;;80.000 g;import;qa_ok_importar_found;true;6;20V4000M93L;1803077, 1803078, 1803079, 1806735, 1806736, 1806737;1440, 1820;"{""total_rows"":6,""count_ok_importar"":6,""count_ok_eliminar"":0,""count_pending"":0,""count_review_action"":0,""count_other"":0}";import;qa_ok_importar_found
X00044396;SHIELD ALTERNATOR HE AT ASM;;700,000 g SB;import;qa_ok_importar_found;true;1;12V4000M53;1202337;283;"{""total_rows"":1,""count_ok_importar"":1,""count_ok_eliminar"":0,""count_pending"":0,""count_review_action"":0,""count_other"":0}";import;qa_ok_importar_found
X00058041;3M ALUMINIUM ADHESIV;;0.895 KGM;import;qa_ok_importar_found;true;1;12V4000M70;1901590;234;"{""total_rows"":1,""count_ok_importar"":1,""count_ok_eliminar"":0,""count_pending"":0,""count_review_action"":0,""count_other"":0}";import;qa_ok_importar_found
X52401100007/87;SAFETY VALVE WITH TEST CERT. 3.1;;;import;qa_ok_importar_found;true;6;20V4000M93L;1800010, 1800016, 1800023, 1803582, 1803588, 1803595;1123, 1496;"{""total_rows"":6,""count_ok_importar"":6,""count_ok_eliminar"":0,""count_pending"":0,""count_review_action"":0,""count_other"":0}";import;qa_ok_importar_found
X52401100023;STRIP;;2.784 KGM;import;qa_ok_importar_found;true;1;12V4000M53;1200034;22;"{""total_rows"":1,""count_ok_importar"":1,""count_ok_eliminar"":0,""count_pending"":0,""count_review_action"":0,""count_other"":0}";import;qa_ok_importar_found
X52401300016;CYLINDER LINER STAGE 1;;18,444 kg;import;qa_ok_importar_found;true;1;12V4000M70;1900031;25;"{""total_rows"":1,""count_ok_importar"":1,""count_ok_eliminar"":0,""count_pending"":0,""count_review_action"":0,""count_other"":0}";import;qa_ok_importar_found
X52401300017;CYLINDER LINER STAGE 2;;18,522 kg;import;qa_ok_importar_found;true;1;12V4000M70;1900032;25;"{""total_rows"":1,""count_ok_importar"":1,""count_ok_eliminar"":0,""count_pending"":0,""count_review_action"":0,""count_other"":0}";import;qa_ok_importar_found
X52402400012;EQUIPMENT RACK;;258 KGM;import;qa_ok_importar_found;true;1;12V4000M70;1900179;48;"{""total_rows"":1,""count_ok_importar"":1,""count_ok_eliminar"":0,""count_pending"":0,""count_review_action"":0,""count_other"":0}";import;qa_ok_importar_found
X52403100003;CRANKSHAFT BEARING SIZE 0-1;;0.405 KGM;import;qa_ok_importar_found;true;1;12V4000M53;1200365;58;"{""total_rows"":1,""count_ok_importar"":1,""count_ok_eliminar"":0,""count_pending"":0,""count_review_action"":0,""count_other"":0}";import;qa_ok_importar_found
X52403100004;CRANKSHAFT BEARING SIZE 0-2;;0.435 KGM;import;qa_ok_importar_found;true;1;12V4000M53;1200367;58;"{""total_rows"":1,""count_ok_importar"":1,""count_ok_eliminar"":0,""count_pending"":0,""count_review_action"":0,""count_other"":0}";import;qa_ok_importar_found
X52403100005;CRANKSHAFT BEARING SIZE 0-3;;0.45 KGM;import;qa_ok_importar_found;true;1;12V4000M53;1200345;58;"{""total_rows"":1,""count_ok_importar"":1,""count_ok_eliminar"":0,""count_pending"":0,""count_review_action"":0,""count_other"":0}";import;qa_ok_importar_found
X52403100006;CRANKSHAFT BEARING SIZE 1-0;;0.417 KGM;import;qa_ok_importar_found;true;1;12V4000M53;1200347;58;"{""total_rows"":1,""count_ok_importar"":1,""count_ok_eliminar"":0,""count_pending"":0,""count_review_action"":0,""count_other"":0}";import;qa_ok_importar_found
X52403100007;CRANKSHAFT BEARING SIZE 1-1;;0.42 KGM;import;qa_ok_importar_found;true;1;12V4000M53;1200349;58;"{""total_rows"":1,""count_ok_importar"":1,""count_ok_eliminar"":0,""count_pending"":0,""count_review_action"":0,""count_other"":0}";import;qa_ok_importar_found
X52403100008;CRANKSHAFT BEARING SIZE 1-2;;0.465 KGM;import;qa_ok_importar_found;true;1;12V4000M53;1200351;58;"{""total_rows"":1,""count_ok_importar"":1,""count_ok_eliminar"":0,""count_pending"":0,""count_review_action"":0,""count_other"":0}";import;qa_ok_importar_found
X52403100009;CRANKSHAFT BEARING SIZE 1-3;;0.388 KGM;import;qa_ok_importar_found;true;1;12V4000M53;1200353;58;"{""total_rows"":1,""count_ok_importar"":1,""count_ok_eliminar"":0,""count_pending"":0,""count_review_action"":0,""count_other"":0}";import;qa_ok_importar_found
X52403100010;CRANKSHAFT BEARING SIZE 2-0;;0.43 KGM;import;qa_ok_importar_found;true;1;12V4000M53;1200355;58;"{""total_rows"":1,""count_ok_importar"":1,""count_ok_eliminar"":0,""count_pending"":0,""count_review_action"":0,""count_other"":0}";import;qa_ok_importar_found
X52403100011;CRANKSHAFT BEARING SIZE 2-1;;0.47 KGM;import;qa_ok_importar_found;true;1;12V4000M53;1200357;58;"{""total_rows"":1,""count_ok_importar"":1,""count_ok_eliminar"":0,""count_pending"":0,""count_review_action"":0,""count_other"":0}";import;qa_ok_importar_found
X52403100012;CRANKSHAFT BEARING SIZE 2-2;;0.484 KGM;import;qa_ok_importar_found;true;1;12V4000M53;1200360;58;"{""total_rows"":1,""count_ok_importar"":1,""count_ok_eliminar"":0,""count_pending"":0,""count_review_action"":0,""count_other"":0}";import;qa_ok_importar_found
X52403100013;CRANKSHAFT BEARING SIZE 2-3;;0.501 KGM;import;qa_ok_importar_found;true;1;12V4000M53;1200362;58;"{""total_rows"":1,""count_ok_importar"":1,""count_ok_eliminar"":0,""count_pending"":0,""count_review_action"":0,""count_other"":0}";import;qa_ok_importar_found
X52403500004;CAMSHAFT GEAR;;;import;qa_ok_importar_found;true;1;16V4000M73;1400499;87;"{""total_rows"":1,""count_ok_importar"":1,""count_ok_eliminar"":0,""count_pending"":0,""count_review_action"":0,""count_other"":0}";import;qa_ok_importar_found
X52403500015;FLANGE;;7.66 KGM;import;qa_ok_importar_found;true;1;12V4000M70;1900326;65;"{""total_rows"":1,""count_ok_importar"":1,""count_ok_eliminar"":0,""count_pending"":0,""count_review_action"":0,""count_other"":0}";import;qa_ok_importar_found
X52403700066;SNAP RING;Ø=68 x 2,5 Ø=72,04-73,60;0.017 KGM;import;qa_ok_importar_found;true;1;12V4000M70;1900349;73;"{""total_rows"":1,""count_ok_importar"":1,""count_ok_eliminar"":0,""count_pending"":0,""count_review_action"":0,""count_other"":0}";import;qa_ok_importar_found
X52403800001;CONROD BEARING;;0.28 KGM;import;qa_ok_importar_found;true;2;20V4000M93;1707915, 1711655;866, 1262;"{""total_rows"":2,""count_ok_importar"":2,""count_ok_eliminar"":0,""count_pending"":0,""count_review_action"":0,""count_other"":0}";import;qa_ok_importar_found
X52403800006;CONROD BEARING;;0.286 KGM;import;qa_ok_importar_found;true;2;20V4000M93;1707919, 1711659;866, 1262;"{""total_rows"":2,""count_ok_importar"":2,""count_ok_eliminar"":0,""count_pending"":0,""count_review_action"":0,""count_other"":0}";import;qa_ok_importar_found
X52403800007;CONROD BEARING;;0.275 KGM;import;qa_ok_importar_found;true;2;20V4000M93;1707920, 1711660;866, 1262;"{""total_rows"":2,""count_ok_importar"":2,""count_ok_eliminar"":0,""count_pending"":0,""count_review_action"":0,""count_other"":0}";import;qa_ok_importar_found
X52403800008;CONROD BEARING;;0.296 KGM;import;qa_ok_importar_found;true;2;20V4000M93;1707921, 1711661;866, 1262;"{""total_rows"":2,""count_ok_importar"":2,""count_ok_eliminar"":0,""count_pending"":0,""count_review_action"":0,""count_other"":0}";import;qa_ok_importar_found
X52404100027;VALVE SEAT INSERT IN LET;D 58U6;47,700 g EM D 58U6;import;qa_ok_importar_found;true;1;12V4000M53;1200471;76;"{""total_rows"":1,""count_ok_importar"":1,""count_ok_eliminar"":0,""count_pending"":0,""count_review_action"":0,""count_other"":0}";import;qa_ok_importar_found
X52404100028;CYLINDER HEAD W.VALVE + SEAT RING;;;import;qa_ok_importar_found;true;1;16V4000M61;1300354;62;"{""total_rows"":1,""count_ok_importar"":1,""count_ok_eliminar"":0,""count_pending"":0,""count_review_action"":0,""count_other"":0}";import;qa_ok_importar_found
X52404100033;CYLINDER HEAD W.VALVE + SEAT RING 20;;;import;qa_ok_importar_found;true;2;20V4000M93L;1800436, 1804007;1178, 1551;"{""total_rows"":2,""count_ok_importar"":2,""count_ok_eliminar"":0,""count_pending"":0,""count_review_action"":0,""count_other"":0}";import;qa_ok_importar_found
X52404100139;CYLINDER HEAD W.VALVE + SEAT RING;;;import;qa_ok_importar_found;true;4;16V4000M73L;1500345, 1503551, 1506014, 1508502;67, 552, 897, 1240;"{""total_rows"":4,""count_ok_importar"":4,""count_ok_eliminar"":0,""count_pending"":0,""count_review_action"":0,""count_other"":0}";import;qa_ok_importar_found
X52404100143;VALVE GUIDE INSERT;D 19.3R6 / D10.6+0.05;137,300 g EM D 19.3R6 / D10.6+0.05;import;qa_ok_importar_found;true;1;12V4000M53;1200475;76;"{""total_rows"":1,""count_ok_importar"":1,""count_ok_eliminar"":0,""count_pending"":0,""count_review_action"":0,""count_other"":0}";import;qa_ok_importar_found
X52404100144;CYLINDER HEAD;;49,000 kg;import;qa_ok_importar_found;true;1;12V4000M70;1900388;79;"{""total_rows"":1,""count_ok_importar"":1,""count_ok_eliminar"":0,""count_pending"":0,""count_review_action"":0,""count_other"":0}";import;qa_ok_importar_found
X52404100178;CYLINDER HEAD W/VALVES;;;import;qa_ok_importar_found;true;1;16V4000M73;1400461;80;"{""total_rows"":1,""count_ok_importar"":1,""count_ok_eliminar"":0,""count_pending"":0,""count_review_action"":0,""count_other"":0}";import;qa_ok_importar_found
X52404100205;CYL.HEAD WITH VALVES;;;import;qa_ok_importar_found;true;4;20V4000M93;1700447, 1704195, 1707935, 1711675;77, 473, 869, 1265;"{""total_rows"":4,""count_ok_importar"":4,""count_ok_eliminar"":0,""count_pending"":0,""count_review_action"":0,""count_other"":0}";import;qa_ok_importar_found
X52404100209;CYL.HEAD WITH VALVES BR4000 MX03/PX03;;;import;qa_ok_importar_found;true;1;12V4000M53;1200440;73;"{""total_rows"":1,""count_ok_importar"":1,""count_ok_eliminar"":0,""count_pending"":0,""count_review_action"":0,""count_other"":0}";import;qa_ok_importar_found
X52404200035;GASKET FOR CYLINDER HEAD;;;import;qa_ok_importar_found;true;4;16V4000M73L;1500347, 1503553, 1506016, 1508504;67, 552, 897, 1240;"{""total_rows"":4,""count_ok_importar"":4,""count_ok_eliminar"":0,""count_pending"":0,""count_review_action"":0,""count_other"":0}";import;qa_ok_importar_found
X52404200042;GASKET FOR CYLINDER HEAD;;0.111 KGM;import;qa_ok_importar_found;true;2;20V4000M93L;1800431, 1804002;1177, 1550;"{""total_rows"":2,""count_ok_importar"":2,""count_ok_eliminar"":0,""count_pending"":0,""count_review_action"":0,""count_other"":0}";import;qa_ok_importar_found
X52404200043;GASKET FOR CYLINDER HEAD;;0.12 KGM;import;qa_ok_importar_found;true;1;12V4000M53;1200435;73;"{""total_rows"":1,""count_ok_importar"":1,""count_ok_eliminar"":0,""count_pending"":0,""count_review_action"":0,""count_other"":0}";import;qa_ok_importar_found
X52405200015;THRUST MEMBER FOR ROCKER ARM;;;import;qa_ok_importar_found;true;1;12V4000M53;1200521;89;"{""total_rows"":1,""count_ok_importar"":1,""count_ok_eliminar"":0,""count_pending"":0,""count_review_action"":0,""count_other"":0}";import;qa_ok_importar_found
X52405200018;CAMSHAFT GEAR;;;import;qa_ok_importar_found;true;1;12V4000M53;1200478;80;"{""total_rows"":1,""count_ok_importar"":1,""count_ok_eliminar"":0,""count_pending"":0,""count_review_action"":0,""count_other"":0}";import;qa_ok_importar_found
X52405200022;CAMSHAFT GEAR;;15.9 KGM;import;qa_ok_importar_found;true;1;12V4000M70;1900409;84;"{""total_rows"":1,""count_ok_importar"":1,""count_ok_eliminar"":0,""count_pending"":0,""count_review_action"":0,""count_other"":0}";import;qa_ok_importar_found
X52405200030;CAMSHAFT GEAR;;;import;qa_ok_importar_found;true;4;20V4000M93;1700488, 1704238, 1707978, 1711718;84, 480, 876, 1272;"{""total_rows"":4,""count_ok_importar"":4,""count_ok_eliminar"":0,""count_pending"":0,""count_review_action"":0,""count_other"":0}";import;qa_ok_importar_found
X52405300005;THRUST BEARING FLANG FOR CAMSHAFT;;1.94 KGM;import;qa_ok_importar_found;true;1;12V4000M53;1200484;80;"{""total_rows"":1,""count_ok_importar"":1,""count_ok_eliminar"":0,""count_pending"":0,""count_review_action"":0,""count_other"":0}";import;qa_ok_importar_found
X52405400013;PUSHROD;;600,200 g;import;qa_ok_importar_found;true;1;12V4000M53;1200476;80;"{""total_rows"":1,""count_ok_importar"":1,""count_ok_eliminar"":0,""count_pending"":0,""count_review_action"":0,""count_other"":0}";import;qa_ok_importar_found
X52405400022;ROLLER TAPPET REPAIR KIT;;0.342 KGM;import;qa_ok_importar_found;true;1;12V4000M53;1200500;85;"{""total_rows"":1,""count_ok_importar"":1,""count_ok_eliminar"":0,""count_pending"":0,""count_review_action"":0,""count_other"":0}";import;qa_ok_importar_found
X52405500011;ADJUSTING SCREW;;;import;qa_ok_importar_found;true;1;16V4000M73;1400537;95;"{""total_rows"":1,""count_ok_importar"":1,""count_ok_eliminar"":0,""count_pending"":0,""count_review_action"":0,""count_other"":0}";import;qa_ok_importar_found
X52405500012;ROCKER ARM;;;import;qa_ok_importar_found;true;1;16V4000M73;1400505;89;"{""total_rows"":1,""count_ok_importar"":1,""count_ok_eliminar"":0,""count_pending"":0,""count_review_action"":0,""count_other"":0}";import;qa_ok_importar_found
X52405500013;ROCKER ARM INLET;;3.060 kg;import;qa_ok_importar_found;true;1;16V4000M73;1400522;93;"{""total_rows"":1,""count_ok_importar"":1,""count_ok_eliminar"":0,""count_pending"":0,""count_review_action"":0,""count_other"":0}";import;qa_ok_importar_found
X52405500014;ROCKER ARM EXHAUST;;;import;qa_ok_importar_found;true;1;16V4000M73;1400523;93;"{""total_rows"":1,""count_ok_importar"":1,""count_ok_eliminar"":0,""count_pending"":0,""count_review_action"":0,""count_other"":0}";import;qa_ok_importar_found
X52405500097;ROCKER SHAFT;;;import;qa_ok_importar_found;true;1;12V4000M53;1200515;88;"{""total_rows"":1,""count_ok_importar"":1,""count_ok_eliminar"":0,""count_pending"":0,""count_review_action"":0,""count_other"":0}";import;qa_ok_importar_found
X52405500120;CYLINDER HEAD COVER DIE CASTING;;1,922 kg;import;qa_ok_importar_found;true;1;12V4000M70;1900460;94;"{""total_rows"":1,""count_ok_importar"":1,""count_ok_eliminar"":0,""count_pending"":0,""count_review_action"":0,""count_other"":0}";import;qa_ok_importar_found
X52405500123;ROCKER ARM EXHAUST;;1,356 kg;import;qa_ok_importar_found;true;1;12V4000M53;1200508;87;"{""total_rows"":1,""count_ok_importar"":1,""count_ok_eliminar"":0,""count_pending"":0,""count_review_action"":0,""count_other"":0}";import;qa_ok_importar_found
X52405500124;ROCKER ARM INLET;;;import;qa_ok_importar_found;true;1;12V4000M53;1200507;87;"{""total_rows"":1,""count_ok_importar"":1,""count_ok_eliminar"":0,""count_pending"":0,""count_review_action"":0,""count_other"":0}";import;qa_ok_importar_found
X52405500130;CYLINDER HEAD COVER;;;import;qa_ok_importar_found;true;1;12V4000M53;1200531;91;"{""total_rows"":1,""count_ok_importar"":1,""count_ok_eliminar"":0,""count_pending"":0,""count_review_action"":0,""count_other"":0}";import;qa_ok_importar_found
X52405500135;VALVE BRIDGE;;275,800 g;import;qa_ok_importar_found;true;1;12V4000M53;1200490;83;"{""total_rows"":1,""count_ok_importar"":1,""count_ok_eliminar"":0,""count_pending"":0,""count_review_action"":0,""count_other"":0}";import;qa_ok_importar_found
X52405500137;SWING FOLL. INLET;;1.7 KGM;import;qa_ok_importar_found;true;1;12V4000M53;1200494;84;"{""total_rows"":1,""count_ok_importar"":1,""count_ok_eliminar"":0,""count_pending"":0,""count_review_action"":0,""count_other"":0}";import;qa_ok_importar_found
X52405500138;SWING FOLL. EXHAUST;;1.61 KGM;import;qa_ok_importar_found;true;1;12V4000M53;1200495;84;"{""total_rows"":1,""count_ok_importar"":1,""count_ok_eliminar"":0,""count_pending"":0,""count_review_action"":0,""count_other"":0}";import;qa_ok_importar_found
X52405500145;ROCKER ARM;;6,560 kg;import;qa_ok_importar_found;true;1;12V4000M53;1200489;83;"{""total_rows"":1,""count_ok_importar"":1,""count_ok_eliminar"":0,""count_pending"":0,""count_review_action"":0,""count_other"":0}";import;qa_ok_importar_found
X52405500146;ROCKER SHAFT SUPPORT;;;import;qa_ok_importar_found;true;1;12V4000M53;1200506;87;"{""total_rows"":1,""count_ok_importar"":1,""count_ok_eliminar"":0,""count_pending"":0,""count_review_action"":0,""count_other"":0}";import;qa_ok_importar_found
X52407500023;INJECTOR;;2 KG EM;import;qa_ok_importar_found;true;1;16V4000M61;1300463;87;"{""total_rows"":1,""count_ok_importar"":1,""count_ok_eliminar"":0,""count_pending"":0,""count_review_action"":0,""count_other"":0}";import;qa_ok_importar_found
X52407500024;INJECTOR;;;import;qa_ok_importar_found;true;1;16V4000M90;1600492;98;"{""total_rows"":1,""count_ok_importar"":1,""count_ok_eliminar"":0,""count_pending"":0,""count_review_action"":0,""count_other"":0}";import;qa_ok_importar_found
X52407500039;INJECTOR;;1,900 kg;import;qa_ok_importar_found;true;1;12V4000M70;1900488;102;"{""total_rows"":1,""count_ok_importar"":1,""count_ok_eliminar"":0,""count_pending"":0,""count_review_action"":0,""count_other"":0}";import;qa_ok_importar_found
X52407800004;FLOW RESTRICT VALVE;;0.388 KGM;import;qa_ok_importar_found;true;1;12V4000M70;1900494;106;"{""total_rows"":1,""count_ok_importar"":1,""count_ok_eliminar"":0,""count_pending"":0,""count_review_action"":0,""count_other"":0}";import;qa_ok_importar_found
X52408100002;LINK;;49 G;import;qa_ok_importar_found;true;1;12V4000M40A;1102610;104;"{""total_rows"":1,""count_ok_importar"":1,""count_ok_eliminar"":0,""count_pending"":0,""count_review_action"":0,""count_other"":0}";import;qa_ok_importar_found
X52408100007;LINK;;0.05 KGM;import;qa_ok_importar_found;true;1;12V4000M53;1200793;115;"{""total_rows"":1,""count_ok_importar"":1,""count_ok_eliminar"":0,""count_pending"":0,""count_review_action"":0,""count_other"":0}";import;qa_ok_importar_found
X52408100009;FUEL PRIMING PUMP;;1.610,200;import;qa_ok_importar_found;true;1;12V4000M53;1200812;122;"{""total_rows"":1,""count_ok_importar"":1,""count_ok_eliminar"":0,""count_pending"":0,""count_review_action"":0,""count_other"":0}";import;qa_ok_importar_found
X52408200010;FUEL LINE TO PLATE-CORE COOLE;;212.300 g;import;qa_ok_importar_found;true;1;16V4000M73;1400811;132;"{""total_rows"":1,""count_ok_importar"":1,""count_ok_eliminar"":0,""count_pending"":0,""count_review_action"":0,""count_other"":0}";import;qa_ok_importar_found
X52408300004;COLLECTING TROUGH;;;import;qa_ok_importar_found;true;1;12V4000M40A;1102611;105;"{""total_rows"":1,""count_ok_importar"":1,""count_ok_eliminar"":0,""count_pending"":0,""count_review_action"":0,""count_other"":0}";import;qa_ok_importar_found
X52408300016;COLLECTING TROUGH;;3.53 KGM;import;qa_ok_importar_found;true;1;12V4000M70;1900576;114;"{""total_rows"":1,""count_ok_importar"":1,""count_ok_eliminar"":0,""count_pending"":0,""count_review_action"":0,""count_other"":0}";import;qa_ok_importar_found
X52408600003;FUEL LINE ON FUEL RETURN;;0.04 KGM;import;qa_ok_importar_found;true;1;12V4000M70;1900625;115;"{""total_rows"":1,""count_ok_importar"":1,""count_ok_eliminar"":0,""count_pending"":0,""count_review_action"":0,""count_other"":0}";import;qa_ok_importar_found
X52417200010;STARTER;;28,375 kg;import;qa_ok_importar_found;true;1;12V4000M53;1201303;180;"{""total_rows"":1,""count_ok_importar"":1,""count_ok_eliminar"":0,""count_pending"":0,""count_review_action"":0,""count_other"":0}";import;qa_ok_importar_found
X52417200011;STARTER;;21,000 kg;import;qa_ok_importar_found;true;1;12V4000M53;1201305;180;"{""total_rows"":1,""count_ok_importar"":1,""count_ok_eliminar"":0,""count_pending"":0,""count_review_action"":0,""count_other"":0}";import;qa_ok_importar_found
X52418300001;FLTR CENTRIF;;12,418 KG;import;qa_ok_importar_found;true;1;12V4000M40A;1102612;201;"{""total_rows"":1,""count_ok_importar"":1,""count_ok_eliminar"":0,""count_pending"":0,""count_review_action"":0,""count_other"":0}";import;qa_ok_importar_found
X52418300026;CENTRIFUGAL OIL FLTR;;11.06 KGM;import;qa_ok_importar_found;true;1;12V4000M53;1201426;196;"{""total_rows"":1,""count_ok_importar"":1,""count_ok_eliminar"":0,""count_pending"":0,""count_review_action"":0,""count_other"":0}";import;qa_ok_importar_found
X52418300028;CENTRIFUGAL OIL FLTR;;;import;qa_ok_importar_found;true;1;12V4000M53;1201441;197;"{""total_rows"":1,""count_ok_importar"":1,""count_ok_eliminar"":0,""count_pending"":0,""count_review_action"":0,""count_other"":0}";import;qa_ok_importar_found
X52418400001;RETAINER;;105,000 g;import;qa_ok_importar_found;true;1;12V4000M53;1201502;210;"{""total_rows"":1,""count_ok_importar"":1,""count_ok_eliminar"":0,""count_pending"":0,""count_review_action"":0,""count_other"":0}";import;qa_ok_importar_found
X52418400002;RETAINER;;170,000 g;import;qa_ok_importar_found;true;1;12V4000M53;1201501;210;"{""total_rows"":1,""count_ok_importar"":1,""count_ok_eliminar"":0,""count_pending"":0,""count_review_action"":0,""count_other"":0}";import;qa_ok_importar_found
X52418900006;GEAR PUMP FOR OIL REPLENISHMN;;9,200 KG;import;qa_ok_importar_found;true;1;16V4000M61;1301340;214;"{""total_rows"":1,""count_ok_importar"":1,""count_ok_eliminar"":0,""count_pending"":0,""count_review_action"":0,""count_other"":0}";import;qa_ok_importar_found
X52418900009;GEAR PUMP FOR OIL MONITORING;;9.700 kg;import;qa_ok_importar_found;true;1;16V4000M73;1401856;241;"{""total_rows"":1,""count_ok_importar"":1,""count_ok_eliminar"":0,""count_pending"":0,""count_review_action"":0,""count_other"":0}";import;qa_ok_importar_found
X52418900012;GEAR PUMP FOR OIL REPLENISHMN;;8,600 KG;import;qa_ok_importar_found;true;1;12V4000M40A;1102613;224;"{""total_rows"":1,""count_ok_importar"":1,""count_ok_eliminar"":0,""count_pending"":0,""count_review_action"":0,""count_other"":0}";import;qa_ok_importar_found
X52418900022;GEAR PUMP FOR OIL MONITORING;;9,636 kg;import;qa_ok_importar_found;true;1;12V4000M53;1201706;223;"{""total_rows"":1,""count_ok_importar"":1,""count_ok_eliminar"":0,""count_pending"":0,""count_review_action"":0,""count_other"":0}";import;qa_ok_importar_found
X52420200011;PUMP ASM WTR HI TEMP CLG CIRCUIT;;26,600 KG;import;qa_ok_importar_found;true;1;12V4000M40A;1102614;246;"{""total_rows"":1,""count_ok_importar"":1,""count_ok_eliminar"":0,""count_pending"":0,""count_review_action"":0,""count_other"":0}";import;qa_ok_importar_found
X52420200016;RETAINER;;0.078 KGM;import;qa_ok_importar_found;true;1;12V4000M53;1202127;251;"{""total_rows"":1,""count_ok_importar"":1,""count_ok_eliminar"":0,""count_pending"":0,""count_review_action"":0,""count_other"":0}";import;qa_ok_importar_found
X52420700001;ELBOW TO PLATE-CORE COOLE;;5.609 KGM;import;qa_ok_importar_found;true;1;12V4000M40A;1102615;279;"{""total_rows"":1,""count_ok_importar"":1,""count_ok_eliminar"":0,""count_pending"":0,""count_review_action"":0,""count_other"":0}";import;qa_ok_importar_found
X52421300002;RETAINER FOR ALTERNATOR;;;import;qa_ok_importar_found;true;1;12V4000M40A;1102616;105;"{""total_rows"":1,""count_ok_importar"":1,""count_ok_eliminar"":0,""count_pending"":0,""count_review_action"":0,""count_other"":0}";import;qa_ok_importar_found
X52421300003;COUPLING;;2.701 KGM;import;qa_ok_importar_found;true;1;12V4000M53;1202343;283;"{""total_rows"":1,""count_ok_importar"":1,""count_ok_eliminar"":0,""count_pending"":0,""count_review_action"":0,""count_other"":0}";import;qa_ok_importar_found
X52421300005;RETAINER;;3.624 KGM;import;qa_ok_importar_found;true;1;12V4000M70;1900581;114;"{""total_rows"":1,""count_ok_importar"":1,""count_ok_eliminar"":0,""count_pending"":0,""count_review_action"":0,""count_other"":0}";import;qa_ok_importar_found
X52421300029;GENERATOR AVG2902 DELCO 140A;;15,650 kg;import;qa_ok_importar_found;true;1;12V4000M53;1202342;283;"{""total_rows"":1,""count_ok_importar"":1,""count_ok_eliminar"":0,""count_pending"":0,""count_review_action"":0,""count_other"":0}";import;qa_ok_importar_found
X52450700015;RETAINER F. WIRING HARNESS;HC219;1.552 KGM;import;qa_ok_importar_found;true;1;12V4000M70;1900583;114;"{""total_rows"":1,""count_ok_importar"":1,""count_ok_eliminar"":0,""count_pending"":0,""count_review_action"":0,""count_other"":0}";import;qa_ok_importar_found
X52450700016;RETAINER F. WIRING HARNESS;HC219/1;1.566 KGM;import;qa_ok_importar_found;true;1;12V4000M40A;1102618;105;"{""total_rows"":1,""count_ok_importar"":1,""count_ok_eliminar"":0,""count_pending"":0,""count_review_action"":0,""count_other"":0}";import;qa_ok_importar_found
X52499100176;BUSHING FOR ROCKER ARM;;;import;qa_ok_importar_found;true;1;12V4000M53;1200520;89;"{""total_rows"":1,""count_ok_importar"":1,""count_ok_eliminar"":0,""count_pending"":0,""count_review_action"":0,""count_other"":0}";import;qa_ok_importar_found
X52499100259;ADJUSTING SCREW FOR ROCKER ARM;;0.071 KGM;import;qa_ok_importar_found;true;1;12V4000M53;1200522;89;"{""total_rows"":1,""count_ok_importar"":1,""count_ok_eliminar"":0,""count_pending"":0,""count_review_action"":0,""count_other"":0}";import;qa_ok_importar_found
X52499100586;CONNECTING PIECE;;0.869 KGM;import;qa_ok_importar_found;true;1;12V4000M70;1900529;106;"{""total_rows"":1,""count_ok_importar"":1,""count_ok_eliminar"":0,""count_pending"":0,""count_review_action"":0,""count_other"":0}";import;qa_ok_importar_found
X52499100725;4/2-WAY SOL. VALVE;;;import;qa_ok_importar_found;true;1;12V4000M53;1201017;145;"{""total_rows"":1,""count_ok_importar"":1,""count_ok_eliminar"":0,""count_pending"":0,""count_review_action"":0,""count_other"":0}";import;qa_ok_importar_found
X52601100004;COVER ASM OIL FILLER NECK;;4,320 KG SB;import;qa_ok_importar_found;true;1;16V4000M61;1300049;16;"{""total_rows"":1,""count_ok_importar"":1,""count_ok_eliminar"":0,""count_pending"":0,""count_review_action"":0,""count_other"":0}";import;qa_ok_importar_found
X52601100052;INSPECT PORT COVER FOR SENSOR;;4.553 KGM;import;qa_ok_importar_found;true;4;20V4000M93;1700080, 1703826, 1707566, 1711306;29, 425, 821, 1217;"{""total_rows"":4,""count_ok_importar"":4,""count_ok_eliminar"":0,""count_pending"":0,""count_review_action"":0,""count_other"":0}";import;qa_ok_importar_found
X52601100055;OIL FILLER NECK;;4.15 KGM;import;qa_ok_importar_found;true;2;12V4000M70;1900045, 1900046;28;"{""total_rows"":2,""count_ok_importar"":2,""count_ok_eliminar"":0,""count_pending"":0,""count_review_action"":0,""count_other"":0}";import;qa_ok_importar_found
X52603100002;CRANKSHAFT 12V4000-03 LH;;;import;qa_ok_importar_found;true;1;12V4000M53;1200340;56;"{""total_rows"":1,""count_ok_importar"":1,""count_ok_eliminar"":0,""count_pending"":0,""count_review_action"":0,""count_other"":0}";import;qa_ok_importar_found
X52603800003/42;CONROD ASM;;9,500 kg;import;qa_ok_importar_found;true;1;12V4000M70;1900355;75;"{""total_rows"":1,""count_ok_importar"":1,""count_ok_eliminar"":0,""count_pending"":0,""count_review_action"":0,""count_other"":0}";import;qa_ok_importar_found
X52603800010/42;CONROD ASM BR4000 LANGHUB;;9,725 kg EM;import;qa_ok_importar_found;true;1;12V4000M53;1200419;70;"{""total_rows"":1,""count_ok_importar"":1,""count_ok_eliminar"":0,""count_pending"":0,""count_review_action"":0,""count_other"":0}";import;qa_ok_importar_found
X52605100017;CAMSHAFT FOR 12V;;49 KGM;import;qa_ok_importar_found;true;1;12V4000M70;1900406;84;"{""total_rows"":1,""count_ok_importar"":1,""count_ok_eliminar"":0,""count_pending"":0,""count_review_action"":0,""count_other"":0}";import;qa_ok_importar_found
X52605100021;CAMSHAFT FOR 12V;;62 KGM;import;qa_ok_importar_found;true;1;12V4000M53;1200477;80;"{""total_rows"":1,""count_ok_importar"":1,""count_ok_eliminar"":0,""count_pending"":0,""count_review_action"":0,""count_other"":0}";import;qa_ok_importar_found
X52607700001;ADAPTER;1MM;339.500 g EM DROSSEL-DURCHM 1,1MM;import;qa_ok_importar_found;true;2;20V4000M93L;1800560, 1804131;1204, 1577;"{""total_rows"":2,""count_ok_importar"":2,""count_ok_eliminar"":0,""count_pending"":0,""count_review_action"":0,""count_other"":0}";import;qa_ok_importar_found
X52607700009;ADAPTER JACKETED;DROSSEL-DURCHM0,62MM;325,000 g;import;qa_ok_importar_found;true;1;12V4000M53;1200596;102;"{""total_rows"":1,""count_ok_importar"":1,""count_ok_eliminar"":0,""count_pending"":0,""count_review_action"":0,""count_other"":0}";import;qa_ok_importar_found
X52608300001;BRACKET FUEL FILTER ASM;;9.275 KGM;import;qa_ok_importar_found;true;1;12V4000M40A;1102631;105;"{""total_rows"":1,""count_ok_importar"":1,""count_ok_eliminar"":0,""count_pending"":0,""count_review_action"":0,""count_other"":0}";import;qa_ok_importar_found
X52610100047;TURBINE HOUSING;;18.58 KGM;import;qa_ok_importar_found;true;1;12V4000M70;1900799;131;"{""total_rows"":1,""count_ok_importar"":1,""count_ok_eliminar"":0,""count_pending"":0,""count_review_action"":0,""count_other"":0}";import;qa_ok_importar_found
X52610100073;EXHAUST TURBOCHARGER LEFT SIDE;;;import;qa_ok_importar_found;true;1;12V4000M70;1900761;129;"{""total_rows"":1,""count_ok_importar"":1,""count_ok_eliminar"":0,""count_pending"":0,""count_review_action"":0,""count_other"":0}";import;qa_ok_importar_found
X52610100074;EXHAUST TURBOCHARGER RIGHT SIDE;;;import;qa_ok_importar_found;true;1;12V4000M70;1900753;129;"{""total_rows"":1,""count_ok_importar"":1,""count_ok_eliminar"":0,""count_pending"":0,""count_review_action"":0,""count_other"":0}";import;qa_ok_importar_found
X52612300008;INTAKE HOUSING;;7,560 KG EM;import;qa_ok_importar_found;true;1;12V4000M40A;1102633;135;"{""total_rows"":1,""count_ok_importar"":1,""count_ok_eliminar"":0,""count_pending"":0,""count_review_action"":0,""count_other"":0}";import;qa_ok_importar_found
X52614300011;CARRIER HOUSING LEFT;;53.25 KGM;import;qa_ok_importar_found;true;1;12V4000M70;1901217;183;"{""total_rows"":1,""count_ok_importar"":1,""count_ok_eliminar"":0,""count_pending"":0,""count_review_action"":0,""count_other"":0}";import;qa_ok_importar_found
X52614300012;CARRIER HOUSING RIGHT;;71.25 KGM;import;qa_ok_importar_found;true;1;12V4000M70;1901225;183;"{""total_rows"":1,""count_ok_importar"":1,""count_ok_eliminar"":0,""count_pending"":0,""count_review_action"":0,""count_other"":0}";import;qa_ok_importar_found
X52614300014;CARRIER HOUSNG COVER;;53,500 kg;import;qa_ok_importar_found;true;1;12V4000M70;1901237;183;"{""total_rows"":1,""count_ok_importar"":1,""count_ok_eliminar"":0,""count_pending"":0,""count_review_action"":0,""count_other"":0}";import;qa_ok_importar_found
X52617300001;STARTER AIR LEFT SIDE;;24.540 kg;import;qa_ok_importar_found;true;1;16V4000M73;1401365;197;"{""total_rows"":1,""count_ok_importar"":1,""count_ok_eliminar"":0,""count_pending"":0,""count_review_action"":0,""count_other"":0}";import;qa_ok_importar_found
X52617300003;SCREW-FITTING UNION FOR COMPRESSED AIR;;0.385 KGM;import;qa_ok_importar_found;true;1;12V4000M70;1901346;200;"{""total_rows"":1,""count_ok_importar"":1,""count_ok_eliminar"":0,""count_pending"":0,""count_review_action"":0,""count_other"":0}";import;qa_ok_importar_found
X52618200001;OIL LINE;;445,000 g;import;qa_ok_importar_found;true;1;12V4000M53;1201696;223;"{""total_rows"":1,""count_ok_importar"":1,""count_ok_eliminar"":0,""count_pending"":0,""count_review_action"":0,""count_other"":0}";import;qa_ok_importar_found
X52618500015;OIL LINE;;0.394 KGM;import;qa_ok_importar_found;true;1;16V4000M61;1301307;210;"{""total_rows"":1,""count_ok_importar"":1,""count_ok_eliminar"":0,""count_pending"":0,""count_review_action"":0,""count_other"":0}";import;qa_ok_importar_found
X52620200081;PUMP ASM WTR HI TEMP CLG CIRCUIT;;;import;qa_ok_importar_found;true;1;16V4000M61;1301535;238;"{""total_rows"":1,""count_ok_importar"":1,""count_ok_eliminar"":0,""count_pending"":0,""count_review_action"":0,""count_other"":0}";import;qa_ok_importar_found
X52620200154;FLANGE;;0.902 KGM;import;qa_ok_importar_found;true;1;12V4000M53;1201190;163;"{""total_rows"":1,""count_ok_importar"":1,""count_ok_eliminar"":0,""count_pending"":0,""count_review_action"":0,""count_other"":0}";import;qa_ok_importar_found
X52620200183;COOLANT PUMP HIGH-TEMP CIRCUIT;;;import;qa_ok_importar_found;true;1;12V4000M53;1202058;247;"{""total_rows"":1,""count_ok_importar"":1,""count_ok_eliminar"":0,""count_pending"":0,""count_review_action"":0,""count_other"":0}";import;qa_ok_importar_found
X52620300004;FLANGE;;0.915 g;import;qa_ok_importar_found;true;2;20V4000M93L;1801475, 1805081;1294, 1671;"{""total_rows"":2,""count_ok_importar"":2,""count_ok_eliminar"":0,""count_pending"":0,""count_review_action"":0,""count_other"":0}";import;qa_ok_importar_found
X52620300034;CONDENSATE LINE F.INTERCOOLER LHS;;0.147 KGM;import;qa_ok_importar_found;true;1;12V4000M70;1900873;138;"{""total_rows"":1,""count_ok_importar"":1,""count_ok_eliminar"":0,""count_pending"":0,""count_review_action"":0,""count_other"":0}";import;qa_ok_importar_found
X52623100018;MOUNTING BRACKET;;25,400 kg;import;qa_ok_importar_found;true;1;12V4000M53;1202370;289;"{""total_rows"":1,""count_ok_importar"":1,""count_ok_eliminar"":0,""count_pending"":0,""count_review_action"":0,""count_other"":0}";import;qa_ok_importar_found
X52650200006;RETAINER TOP;;;import;qa_ok_importar_found;true;1;16V4000M73;1402782;329;"{""total_rows"":1,""count_ok_importar"":1,""count_ok_eliminar"":0,""count_pending"":0,""count_review_action"":0,""count_other"":0}";import;qa_ok_importar_found
X52699100108;PLATE GUARD G73;;0.319 KGM;import;qa_ok_importar_found;true;1;12V4000M70;1900302;65;"{""total_rows"":1,""count_ok_importar"":1,""count_ok_eliminar"":0,""count_pending"":0,""count_review_action"":0,""count_other"":0}";import;qa_ok_importar_found
X52699100329;DUAL-PURPOSE PLATE;;1.89 KGM;import;qa_ok_importar_found;true;1;16V4000M73;1402128;267;"{""total_rows"":1,""count_ok_importar"":1,""count_ok_eliminar"":0,""count_pending"":0,""count_review_action"":0,""count_other"":0}";import;qa_ok_importar_found
X52701100015;OIL DIPSTICK;;0.21 KGM;import;qa_ok_importar_found;true;1;12V4000M40A;1102637;290;"{""total_rows"":1,""count_ok_importar"":1,""count_ok_eliminar"":0,""count_pending"":0,""count_review_action"":0,""count_other"":0}";import;qa_ok_importar_found
X52701400008;OIL PAN;;;import;qa_ok_importar_found;true;1;16V4000M61;1300070;19;"{""total_rows"":1,""count_ok_importar"":1,""count_ok_eliminar"":0,""count_pending"":0,""count_review_action"":0,""count_other"":0}";import;qa_ok_importar_found
X52707300005;HP PUMP;;80.000 kg EM;import;qa_ok_importar_found;true;2;20V4000M93L;1800522, 1804095;1198, 1571;"{""total_rows"":2,""count_ok_importar"":2,""count_ok_eliminar"":0,""count_pending"":0,""count_review_action"":0,""count_other"":0}";import;qa_ok_importar_found
X52710100016;EXHAUST TURBOCHARGER RIGHT ZR195;;69.300 kg EM;import;qa_ok_importar_found;true;1;16V4000M90;1600812;133;"{""total_rows"":1,""count_ok_importar"":1,""count_ok_eliminar"":0,""count_pending"":0,""count_review_action"":0,""count_other"":0}";import;qa_ok_importar_found
X52710100017;EXHAUST TURBOCHARGER LEFT ZR195;;67.700 kg EM;import;qa_ok_importar_found;true;1;16V4000M90;1600757;127;"{""total_rows"":1,""count_ok_importar"":1,""count_ok_eliminar"":0,""count_pending"":0,""count_review_action"":0,""count_other"":0}";import;qa_ok_importar_found
X52710100027;EXHAUST TURBOCHARGER LEFT SIDE;;;import;qa_ok_importar_found;true;1;16V4000M61;1300652;115;"{""total_rows"":1,""count_ok_importar"":1,""count_ok_eliminar"":0,""count_pending"":0,""count_review_action"":0,""count_other"":0}";import;qa_ok_importar_found
X52718300010;OIL FILTER AUTOMATIC;;;import;qa_ok_importar_found;true;3;16V4000M73L;1501414, 1504621, 1507084;217, 703, 1048;"{""total_rows"":3,""count_ok_importar"":3,""count_ok_eliminar"":0,""count_pending"":0,""count_review_action"":0,""count_other"":0}";import;qa_ok_importar_found
X52718300038/31;AUTOMATIC OIL FILTER;;;import;qa_ok_importar_found;true;1;16V4000M73;1401610;219;"{""total_rows"":1,""count_ok_importar"":1,""count_ok_eliminar"":0,""count_pending"":0,""count_review_action"":0,""count_other"":0}";import;qa_ok_importar_found
X52720200061;BALL COCK;;0.841 KGM;import;qa_ok_importar_found;true;1;12V4000M40A;1102638;238;"{""total_rows"":1,""count_ok_importar"":1,""count_ok_eliminar"":0,""count_pending"":0,""count_review_action"":0,""count_other"":0}";import;qa_ok_importar_found
X52723100019;ENGINE SUPPORT;;4.04 KGM;import;qa_ok_importar_found;true;1;12V4000M53;1202364;287;"{""total_rows"":1,""count_ok_importar"":1,""count_ok_eliminar"":0,""count_pending"":0,""count_review_action"":0,""count_other"":0}";import;qa_ok_importar_found
X52801500001;LIFTING EYE;;3,825 KG;import;qa_ok_importar_found;true;1;12V4000M40A;1102642;24;"{""total_rows"":1,""count_ok_importar"":1,""count_ok_eliminar"":0,""count_pending"":0,""count_review_action"":0,""count_other"":0}";import;qa_ok_importar_found
X52801500002;LIFTING EYE;;9.25 KGM;import;qa_ok_importar_found;true;1;12V4000M53;1200112;33;"{""total_rows"":1,""count_ok_importar"":1,""count_ok_eliminar"":0,""count_pending"":0,""count_review_action"":0,""count_other"":0}";import;qa_ok_importar_found
X52801500003;LIFTING EYE;;3.69 KGM;import;qa_ok_importar_found;true;1;12V4000M70;1900093;35;"{""total_rows"":1,""count_ok_importar"":1,""count_ok_eliminar"":0,""count_pending"":0,""count_review_action"":0,""count_other"":0}";import;qa_ok_importar_found
X52803500004;IDLER GEAR F.SEC.PTO, FREE END;;14.000 kg;import;qa_ok_importar_found;true;2;20V4000M93L;1800315, 1803889;1153, 1526;"{""total_rows"":2,""count_ok_importar"":2,""count_ok_eliminar"":0,""count_pending"":0,""count_review_action"":0,""count_other"":0}";import;qa_ok_importar_found
X52810100007;SHAFT;;133.500 g;import;qa_ok_importar_found;true;2;20V4000M93L;1800811, 1804417;1235, 1612;"{""total_rows"":2,""count_ok_importar"":2,""count_ok_eliminar"":0,""count_pending"":0,""count_review_action"":0,""count_other"":0}";import;qa_ok_importar_found
X52814100016;EXHAUST PIPE TO TURBOCHARGER;;4.14 KGM;import;qa_ok_importar_found;true;1;12V4000M53;1201204;163;"{""total_rows"":1,""count_ok_importar"":1,""count_ok_eliminar"":0,""count_pending"":0,""count_review_action"":0,""count_other"":0}";import;qa_ok_importar_found
X52814100025;EXHAUST PIPE BELLOWS;;;import;qa_ok_importar_found;true;2;20V4000M93L;1801433, 1805039;1290, 1667;"{""total_rows"":2,""count_ok_importar"":2,""count_ok_eliminar"":0,""count_pending"":0,""count_review_action"":0,""count_other"":0}";import;qa_ok_importar_found
X52818100003;OIL PUMP;;37.000 kg;import;qa_ok_importar_found;true;1;16V4000M73;1401560;213;"{""total_rows"":1,""count_ok_importar"":1,""count_ok_eliminar"":0,""count_pending"":0,""count_review_action"":0,""count_other"":0}";import;qa_ok_importar_found
X52820200054;VENT LINE;;175.000 g;import;qa_ok_importar_found;true;6;20V4000M93, 20V4000M93L;1702549, 1706289, 1710029, 1713773, 1802601, 1806260;286, 682, 1078, 1474, 1395, 1775;"{""total_rows"":6,""count_ok_importar"":6,""count_ok_eliminar"":0,""count_pending"":0,""count_review_action"":0,""count_other"":0}";import;qa_ok_importar_found
X52820200161;COOLANT LINE;;1.975 g SB;import;qa_ok_importar_found;true;2;20V4000M93L;1802444, 1806103;1388, 1768;"{""total_rows"":2,""count_ok_importar"":2,""count_ok_eliminar"":0,""count_pending"":0,""count_review_action"":0,""count_other"":0}";import;qa_ok_importar_found
X52820200163;COOLANT LINE;;707.000 g SB;import;qa_ok_importar_found;true;6;20V4000M93, 20V4000M93L;1702352, 1706092, 1709832, 1713576, 1802403, 1806062;279, 675, 1071, 1467, 1387, 1767;"{""total_rows"":6,""count_ok_importar"":6,""count_ok_eliminar"":0,""count_pending"":0,""count_review_action"":0,""count_other"":0}";import;qa_ok_importar_found
X52820200164;COOLANT LINE;;797.000 g SB;import;qa_ok_importar_found;true;6;20V4000M93, 20V4000M93L;1702357, 1706097, 1709837, 1713581, 1802408, 1806067;279, 675, 1071, 1467, 1387, 1767;"{""total_rows"":6,""count_ok_importar"":6,""count_ok_eliminar"":0,""count_pending"":0,""count_review_action"":0,""count_other"":0}";import;qa_ok_importar_found
X52820200168;RETAINER;;0.666 KGM;import;qa_ok_importar_found;true;1;16V4000M73;1401050;159;"{""total_rows"":1,""count_ok_importar"":1,""count_ok_eliminar"":0,""count_pending"":0,""count_review_action"":0,""count_other"":0}";import;qa_ok_importar_found
X52820200173;THERMAL ACTUATOR;;;import;qa_ok_importar_found;true;1;16V4000M73;1402388;287;"{""total_rows"":1,""count_ok_importar"":1,""count_ok_eliminar"":0,""count_pending"":0,""count_review_action"":0,""count_other"":0}";import;qa_ok_importar_found
X52820200177;FLANGE;;;import;qa_ok_importar_found;true;6;20V4000M93L;1802357, 1802362, 1802377, 1806016, 1806021, 1806036;1384, 1764;"{""total_rows"":6,""count_ok_importar"":6,""count_ok_eliminar"":0,""count_pending"":0,""count_review_action"":0,""count_other"":0}";import;qa_ok_importar_found
X52823100023;RUBBER MOUNT;;66.2 KGM;import;qa_ok_importar_found;true;2;20V4000M93L;1803026, 1806684;1431, 1811;"{""total_rows"":2,""count_ok_importar"":2,""count_ok_eliminar"":0,""count_pending"":0,""count_review_action"":0,""count_other"":0}";import;qa_ok_importar_found
X52899100016;HALF-CLAMP;;;import;qa_ok_importar_found;true;2;20V4000M93L;1802805, 1806464;1406, 1786;"{""total_rows"":2,""count_ok_importar"":2,""count_ok_eliminar"":0,""count_pending"":0,""count_review_action"":0,""count_other"":0}";import;qa_ok_importar_found
X54701800008;OIL PRESEPARATOR;;9.724 KGM;import;qa_ok_importar_found;true;4;20V4000M93;1700209, 1703953, 1707693, 1711433;40, 436, 832, 1228;"{""total_rows"":4,""count_ok_importar"":4,""count_ok_eliminar"":0,""count_pending"":0,""count_review_action"":0,""count_other"":0}";import;qa_ok_importar_found
X54701800009;GASKET;;0.058 KGM;import;qa_ok_importar_found;true;4;20V4000M93;1700207, 1703951, 1707691, 1711431;40, 436, 832, 1228;"{""total_rows"":4,""count_ok_importar"":4,""count_ok_eliminar"":0,""count_pending"":0,""count_review_action"":0,""count_other"":0}";import;qa_ok_importar_found
X54701800063;OIL SEPARATOR;;0.164 KGM;import;qa_ok_importar_found;true;1;12V4000M53;1200170;40;"{""total_rows"":1,""count_ok_importar"":1,""count_ok_eliminar"":0,""count_pending"":0,""count_review_action"":0,""count_other"":0}";import;qa_ok_importar_found
X54823100002;ENGINE SUPPORT;;7,765 kg;import;qa_ok_importar_found;true;1;12V4000M70;1902118;293;"{""total_rows"":1,""count_ok_importar"":1,""count_ok_eliminar"":0,""count_pending"":0,""count_review_action"":0,""count_other"":0}";import;qa_ok_importar_found
X56912300043;ACTUATING CYLINDER RING SEALING A13 SCREW-FITTING UNION HEX SCREW RETAINER SPACER WASHER HEX SCREW WASHER HEX SCREW CLEVIS ARTICULATED BEARING FOR FLAP CONTROL LEVER F/EXH FLAP CONTROL SCREW HEX SCREW NUT PIN SPRING;;1.279 KGM;import;qa_ok_importar_found;true;2;12V4000M53;1201081, 1201260;151, 171;"{""total_rows"":2,""count_ok_importar"":2,""count_ok_eliminar"":0,""count_pending"":0,""count_review_action"":0,""count_other"":0}";import;qa_ok_importar_found
X57518500026;SCREW-FITTING UNION F/TURBO OIL SUPPLY;;;import;qa_ok_importar_found;true;1;12V4000M53;1202021;242;"{""total_rows"":1,""count_ok_importar"":1,""count_ok_eliminar"":0,""count_pending"":0,""count_review_action"":0,""count_other"":0}";import;qa_ok_importar_found
X58401100013/24;SAFETY VALVE CCS ACCEPTANCE;;4.123 kg;import;qa_ok_importar_found;true;12;20V4000M93;1700009, 1700014, 1700020, 1703754, 1703759, 1703765, 1707494, 1707499, 1707505, 1711234, 1711239, 1711245;21, 417, 813, 1209;"{""total_rows"":12,""count_ok_importar"":12,""count_ok_eliminar"":0,""count_pending"":0,""count_review_action"":0,""count_other"":0}";import;qa_ok_importar_found
X58401100013/31;SAFETY VALVE LR ACCEPTANCE;;4,330 kg;import;qa_ok_importar_found;true;1;12V4000M53;1200060;26;"{""total_rows"":1,""count_ok_importar"":1,""count_ok_eliminar"":0,""count_pending"":0,""count_review_action"":0,""count_other"":0}";import;qa_ok_importar_found
X58401100013/87;SAFETY VALVE WITH TEST CERT. 3.1;;4.12 KGM;import;qa_ok_importar_found;true;1;16V4000M73L;1500011;12;"{""total_rows"":1,""count_ok_importar"":1,""count_ok_eliminar"":0,""count_pending"":0,""count_review_action"":0,""count_other"":0}";import;qa_ok_importar_found
X59301300013;CYLINDER LINER SIZE;;;import;qa_ok_importar_found;true;1;16V4000M73;1400068;28;"{""total_rows"":1,""count_ok_importar"":1,""count_ok_eliminar"":0,""count_pending"":0,""count_review_action"":0,""count_other"":0}";import;qa_ok_importar_found
X59301300014;CYLINDER LINER SIZE 2;;;import;qa_ok_importar_found;true;1;16V4000M73;1400069;28;"{""total_rows"":1,""count_ok_importar"":1,""count_ok_eliminar"":0,""count_pending"":0,""count_review_action"":0,""count_other"":0}";import;qa_ok_importar_found
X59301300038;CYLINDER LINER STAGE 1;;17.1 KGM;import;qa_ok_importar_found;true;1;12V4000M53;1200037;23;"{""total_rows"":1,""count_ok_importar"":1,""count_ok_eliminar"":0,""count_pending"":0,""count_review_action"":0,""count_other"":0}";import;qa_ok_importar_found
X59301300039;CYLINDER LINER STAGE 2;;18.7 KGM;import;qa_ok_importar_found;true;1;12V4000M53;1200038;23;"{""total_rows"":1,""count_ok_importar"":1,""count_ok_eliminar"":0,""count_pending"":0,""count_review_action"":0,""count_other"":0}";import;qa_ok_importar_found
X59301600002;DEAD-CENTER INDICATR;;245,000 g;import;qa_ok_importar_found;true;1;12V4000M53;1200136;35;"{""total_rows"":1,""count_ok_importar"":1,""count_ok_eliminar"":0,""count_pending"":0,""count_review_action"":0,""count_other"":0}";import;qa_ok_importar_found
X59302400016/75;EQUIPMENT RACK PRIMED;;263,000 kg;import;qa_ok_importar_found;true;1;12V4000M53;1200301;48;"{""total_rows"":1,""count_ok_importar"":1,""count_ok_eliminar"":0,""count_pending"":0,""count_review_action"":0,""count_other"":0}";import;qa_ok_importar_found
X59303100024;THRUST WASHER;;8.836 KGM;import;qa_ok_importar_found;true;1;12V4000M53;1200149;36;"{""total_rows"":1,""count_ok_importar"":1,""count_ok_eliminar"":0,""count_pending"":0,""count_review_action"":0,""count_other"":0}";import;qa_ok_importar_found
X59303700183;PISTON;;;import;qa_ok_importar_found;true;1;12V4000M53;1200418;68;"{""total_rows"":1,""count_ok_importar"":1,""count_ok_eliminar"":0,""count_pending"":0,""count_review_action"":0,""count_other"":0}";import;qa_ok_importar_found
X59305200001;IDLER GEAR FOR CAMSHAFT DRIVE;;17,400 kg;import;qa_ok_importar_found;true;1;12V4000M53;1200310;49;"{""total_rows"":1,""count_ok_importar"":1,""count_ok_eliminar"":0,""count_pending"":0,""count_review_action"":0,""count_other"":0}";import;qa_ok_importar_found
X59305200004;IDLER GEAR FOR CAMSHAFT DRIVE;;13.92 KGM;import;qa_ok_importar_found;true;1;16V4000M73;1400336;56;"{""total_rows"":1,""count_ok_importar"":1,""count_ok_eliminar"":0,""count_pending"":0,""count_review_action"":0,""count_other"":0}";import;qa_ok_importar_found
X59308200003;CONNECTING PIEC E;;;import;qa_ok_importar_found;true;1;12V4000M53;1200651;108;"{""total_rows"":1,""count_ok_importar"":1,""count_ok_eliminar"":0,""count_pending"":0,""count_review_action"":0,""count_other"":0}";import;qa_ok_importar_found
X59308300001;FILTER HEAD;;25.600 kg;import;qa_ok_importar_found;true;2;20V4000M93L;1800696, 1804302;1223, 1600;"{""total_rows"":2,""count_ok_importar"":2,""count_ok_eliminar"":0,""count_pending"":0,""count_review_action"":0,""count_other"":0}";import;qa_ok_importar_found
X59308300011;BANJO SCREW;;;import;qa_ok_importar_found;true;1;16V4000M73;1400719;123;"{""total_rows"":1,""count_ok_importar"":1,""count_ok_eliminar"":0,""count_pending"":0,""count_review_action"":0,""count_other"":0}";import;qa_ok_importar_found
X59308300012;VALVE WITH BAFFLE;;0.128 KGM;import;qa_ok_importar_found;true;1;12V4000M53;1200811;122;"{""total_rows"":1,""count_ok_importar"":1,""count_ok_eliminar"":0,""count_pending"":0,""count_review_action"":0,""count_other"":0}";import;qa_ok_importar_found
X59308300024;RETAINER;;9.49 KGM;import;qa_ok_importar_found;true;1;12V4000M53;1200807;122;"{""total_rows"":1,""count_ok_importar"":1,""count_ok_eliminar"":0,""count_pending"":0,""count_review_action"":0,""count_other"":0}";import;qa_ok_importar_found
X59308300031;FUEL FILTER SPIN-ON;;1,300 kg;import;qa_ok_importar_found;true;1;12V4000M53;1200834;123;"{""total_rows"":1,""count_ok_importar"":1,""count_ok_eliminar"":0,""count_pending"":0,""count_review_action"":0,""count_other"":0}";import;qa_ok_importar_found
X59308300046;CONNECTING PIECE F.ADDIT.FUEL FILTER;;;import;qa_ok_importar_found;true;1;16V4000M73;1400707;123;"{""total_rows"":1,""count_ok_importar"":1,""count_ok_eliminar"":0,""count_pending"":0,""count_review_action"":0,""count_other"":0}";import;qa_ok_importar_found
X59308700006;LECKA-SENSORHOUSING;;0.856 KGM;import;qa_ok_importar_found;true;1;12V4000M53;1200841;125;"{""total_rows"":1,""count_ok_importar"":1,""count_ok_eliminar"":0,""count_pending"":0,""count_review_action"":0,""count_other"":0}";import;qa_ok_importar_found
X59318300009;SOCKET PIPE;;0.098 KGM;import;qa_ok_importar_found;true;1;16V4000M73;1401721;227;"{""total_rows"":1,""count_ok_importar"":1,""count_ok_eliminar"":0,""count_pending"":0,""count_review_action"":0,""count_other"":0}";import;qa_ok_importar_found
X59318300024;OIL. DISTR. HOUSING;;54.2 KGM;import;qa_ok_importar_found;true;1;12V4000M53;1201333;184;"{""total_rows"":1,""count_ok_importar"":1,""count_ok_eliminar"":0,""count_pending"":0,""count_review_action"":0,""count_other"":0}";import;qa_ok_importar_found
X59320200040;FILTER CARTRIDGE FOR COOLANT;;0.54 KGM;import;qa_ok_importar_found;true;1;16V4000M73;1402077;260;"{""total_rows"":1,""count_ok_importar"":1,""count_ok_eliminar"":0,""count_pending"":0,""count_review_action"":0,""count_other"":0}";import;qa_ok_importar_found
X59320200098;PREHEATER 3-PHASIG, 9 KW, 400 V, 50 HZ,;;;import;qa_ok_importar_found;true;1;12V4000M53;1201730;225;"{""total_rows"":1,""count_ok_importar"":1,""count_ok_eliminar"":0,""count_pending"":0,""count_review_action"":0,""count_other"":0}";import;qa_ok_importar_found
X59320200138/75;COOLANT DISTRIB HSG PRIMED;;;import;qa_ok_importar_found;true;1;12V4000M53;1202175;261;"{""total_rows"":1,""count_ok_importar"":1,""count_ok_eliminar"":0,""count_pending"":0,""count_review_action"":0,""count_other"":0}";import;qa_ok_importar_found
X59320600011;THERMOSTAT HOUSING;;;import;qa_ok_importar_found;true;1;12V4000M53;1202199;264;"{""total_rows"":1,""count_ok_importar"":1,""count_ok_eliminar"":0,""count_pending"":0,""count_review_action"":0,""count_other"":0}";import;qa_ok_importar_found
X59401100017;INSPECT PORT COVER W/OIL FILLER NECK;;;import;qa_ok_importar_found;true;2;16V4000M73L;1503241, 1505704;503, 848;"{""total_rows"":2,""count_ok_importar"":2,""count_ok_eliminar"":0,""count_pending"":0,""count_review_action"":0,""count_other"":0}";import;qa_ok_importar_found
X59401100019;INSPECT PORT COVER W/OIL FILLER NECK;;4.969 kg SB;import;qa_ok_importar_found;true;4;16V4000M73L, 20V4000M93L;1500041, 1508197, 1800067, 1803639;18, 1191, 1128, 1501;"{""total_rows"":4,""count_ok_importar"":4,""count_ok_eliminar"":0,""count_pending"":0,""count_review_action"":0,""count_other"":0}";import;qa_ok_importar_found
X59401100038;INSPECT PORT COVER W/OIL FILLER NECK;;4.991 KGM;import;qa_ok_importar_found;true;1;12V4000M53;1203214;383;"{""total_rows"":1,""count_ok_importar"":1,""count_ok_eliminar"":0,""count_pending"":0,""count_review_action"":0,""count_other"":0}";import;qa_ok_importar_found
X59401100039;INSPECT PORT COVER W/OIL FILLER NECK;;4.99 KGM;import;qa_ok_importar_found;true;1;12V4000M53;1200068;27;"{""total_rows"":1,""count_ok_importar"":1,""count_ok_eliminar"":0,""count_pending"":0,""count_review_action"":0,""count_other"":0}";import;qa_ok_importar_found
X59401100066;CRANKCASE;;1.618,000;import;qa_ok_importar_found;true;1;12V4000M53;1200033;22;"{""total_rows"":1,""count_ok_importar"":1,""count_ok_eliminar"":0,""count_pending"":0,""count_review_action"":0,""count_other"":0}";import;qa_ok_importar_found
X59401400015;OIL PAN;;116,500 kg;import;qa_ok_importar_found;true;1;12V4000M70;1900063;31;"{""total_rows"":1,""count_ok_importar"":1,""count_ok_eliminar"":0,""count_pending"":0,""count_review_action"":0,""count_other"":0}";import;qa_ok_importar_found
X59401400050;OIL PAN;;320,300 kg;import;qa_ok_importar_found;true;1;12V4000M53;1200102;31;"{""total_rows"":1,""count_ok_importar"":1,""count_ok_eliminar"":0,""count_pending"":0,""count_review_action"":0,""count_other"":0}";import;qa_ok_importar_found
X59401800045;MANIFOLD;;1.115 KGM;import;qa_ok_importar_found;true;1;16V4000M73;1400208;43;"{""total_rows"":1,""count_ok_importar"":1,""count_ok_eliminar"":0,""count_pending"":0,""count_review_action"":0,""count_other"":0}";import;qa_ok_importar_found
X59402400005;EQUIPMENT RACK;;262.600 kg;import;qa_ok_importar_found;true;1;16V4000M73;1400320;55;"{""total_rows"":1,""count_ok_importar"":1,""count_ok_eliminar"":0,""count_pending"":0,""count_review_action"":0,""count_other"":0}";import;qa_ok_importar_found
X59402400005/75;EQUIPMENT RACK PRIMED;;253.000 kg;import;qa_ok_importar_found;true;4;20V4000M93;1700306, 1704051, 1707791, 1711531;52, 448, 844, 1240;"{""total_rows"":4,""count_ok_importar"":4,""count_ok_eliminar"":0,""count_pending"":0,""count_review_action"":0,""count_other"":0}";import;qa_ok_importar_found
X59403100001;CR/SHFT ASM 12V-06CWT-STROKE210;;;import;qa_ok_importar_found;true;1;12V4000M53;1200339;55;"{""total_rows"":1,""count_ok_importar"":1,""count_ok_eliminar"":0,""count_pending"":0,""count_review_action"":0,""count_other"":0}";import;qa_ok_importar_found
X59403200001;FLYWHEEL;;120 KG;import;qa_ok_importar_found;true;4;16V4000M73L;1500291, 1503497, 1505960, 1508447;53, 538, 883, 1226;"{""total_rows"":4,""count_ok_importar"":4,""count_ok_eliminar"":0,""count_pending"":0,""count_review_action"":0,""count_other"":0}";import;qa_ok_importar_found
X59403200003/42;FLYWHEEL W/ACCEPT CERTIFICAT;;;import;qa_ok_importar_found;true;1;12V4000M53;1200368;60;"{""total_rows"":1,""count_ok_importar"":1,""count_ok_eliminar"":0,""count_pending"":0,""count_review_action"":0,""count_other"":0}";import;qa_ok_importar_found
X59403500006;VIBRATION DAMPER D44/8/2;;;import;qa_ok_importar_found;true;1;12V4000M53;1200385;63;"{""total_rows"":1,""count_ok_importar"":1,""count_ok_eliminar"":0,""count_pending"":0,""count_review_action"":0,""count_other"":0}";import;qa_ok_importar_found
X59407300002;BRACKET FOR HP PUMP;;4.212 kg;import;qa_ok_importar_found;true;1;16V4000M73;1400552;100;"{""total_rows"":1,""count_ok_importar"":1,""count_ok_eliminar"":0,""count_pending"":0,""count_review_action"":0,""count_other"":0}";import;qa_ok_importar_found
X59407300006/87;HP PUMP W/ACCEPT CERTIFICAT Busine;;45,000 kg EM;import;qa_ok_importar_found;true;1;12V4000M53;1200535;93;"{""total_rows"":1,""count_ok_importar"":1,""count_ok_eliminar"":0,""count_pending"":0,""count_review_action"":0,""count_other"":0}";import;qa_ok_importar_found
X59407500009;INJECTOR;;3,540 KG EM;import;qa_ok_importar_found;true;4;16V4000M73L;1500435, 1503641, 1506104, 1508592;89, 574, 919, 1262;"{""total_rows"":4,""count_ok_importar"":4,""count_ok_eliminar"":0,""count_pending"":0,""count_review_action"":0,""count_other"":0}";import;qa_ok_importar_found
X59407500022;INJECTOR;;3.527 kg EM;import;qa_ok_importar_found;true;4;20V4000M93;1700561, 1704309, 1708049, 1711789;102, 498, 894, 1290;"{""total_rows"":4,""count_ok_importar"":4,""count_ok_eliminar"":0,""count_pending"":0,""count_review_action"":0,""count_other"":0}";import;qa_ok_importar_found
X59407700014;ADAPTER;DROSSEL-DURCHM 1,1MM;0.328 KGM;import;qa_ok_importar_found;true;1;16V4000M73;1400598;107;"{""total_rows"":1,""count_ok_importar"":1,""count_ok_eliminar"":0,""count_pending"":0,""count_review_action"":0,""count_other"":0}";import;qa_ok_importar_found
X59407700023;HP FUEL LINE;;0.285 KGM;import;qa_ok_importar_found;true;1;12V4000M53;1200595;102;"{""total_rows"":1,""count_ok_importar"":1,""count_ok_eliminar"":0,""count_pending"":0,""count_review_action"":0,""count_other"":0}";import;qa_ok_importar_found
X59407700034;HP ACCUMULATOR DOUBLE-WALLED, RIGH;;16 KGM;import;qa_ok_importar_found;true;1;12V4000M53;1200594;102;"{""total_rows"":1,""count_ok_importar"":1,""count_ok_eliminar"":0,""count_pending"":0,""count_review_action"":0,""count_other"":0}";import;qa_ok_importar_found
X59407700035;HP ACCUMULATOR DOUBLE-WALLED, LEFT;;16 KGM;import;qa_ok_importar_found;true;1;12V4000M53;1200593;102;"{""total_rows"":1,""count_ok_importar"":1,""count_ok_eliminar"":0,""count_pending"":0,""count_review_action"":0,""count_other"":0}";import;qa_ok_importar_found
X59407800003;FUEL DISTRIBUTOR JACKETED;;5.100 kg EM;import;qa_ok_importar_found;true;1;20V4000M93L;1800538;1203;"{""total_rows"":1,""count_ok_importar"":1,""count_ok_eliminar"":0,""count_pending"":0,""count_review_action"":0,""count_other"":0}";import;qa_ok_importar_found
X59407800006;FUEL DISTRIBU TOR;;5,100 kg EM;import;qa_ok_importar_found;true;1;12V4000M53;1200571;101;"{""total_rows"":1,""count_ok_importar"":1,""count_ok_eliminar"":0,""count_pending"":0,""count_review_action"":0,""count_other"":0}";import;qa_ok_importar_found
X59408300026;FILTER HEAD;;25.000 kg;import;qa_ok_importar_found;true;1;16V4000M73;1400731;124;"{""total_rows"":1,""count_ok_importar"":1,""count_ok_eliminar"":0,""count_pending"":0,""count_review_action"":0,""count_other"":0}";import;qa_ok_importar_found
X59408300033/89;FUEL PREFILTER;;;import;qa_ok_importar_found;true;1;16V4000M73;1400771;128;"{""total_rows"":1,""count_ok_importar"":1,""count_ok_eliminar"":0,""count_pending"":0,""count_review_action"":0,""count_other"":0}";import;qa_ok_importar_found
X59410100104;EXHAUST TURBOCHARGER LEFT ZR175;;93,252 kg EM;import;qa_ok_importar_found;true;1;12V4000M53;1200853;127;"{""total_rows"":1,""count_ok_importar"":1,""count_ok_eliminar"":0,""count_pending"":0,""count_review_action"":0,""count_other"":0}";import;qa_ok_importar_found
X59410100105;EXHAUST TURBOCHARGER RIGHT ACTIVE ZR175;;96,500 kg EM;import;qa_ok_importar_found;true;1;12V4000M53;1200862;127;"{""total_rows"":1,""count_ok_importar"":1,""count_ok_eliminar"":0,""count_pending"":0,""count_review_action"":0,""count_other"":0}";import;qa_ok_importar_found
X59412300013;INTAKE HOUSING VERTICAL;;6.155 KGM;import;qa_ok_importar_found;true;1;16V4000M73;1401055;159;"{""total_rows"":1,""count_ok_importar"":1,""count_ok_eliminar"":0,""count_pending"":0,""count_review_action"":0,""count_other"":0}";import;qa_ok_importar_found
X59412300090;INTAKE HOUSING;;16,100 kg;import;qa_ok_importar_found;true;1;12V4000M53;1201067;149;"{""total_rows"":1,""count_ok_importar"":1,""count_ok_eliminar"":0,""count_pending"":0,""count_review_action"":0,""count_other"":0}";import;qa_ok_importar_found
X59412400026;CHARGE-AIR PIPE END MEMBER, RIGHT;;7.952 KGM;import;qa_ok_importar_found;true;1;12V4000M53;1201137;158;"{""total_rows"":1,""count_ok_importar"":1,""count_ok_eliminar"":0,""count_pending"":0,""count_review_action"":0,""count_other"":0}";import;qa_ok_importar_found
X59414100023;RESTRICTOR;;0.509 kg;import;qa_ok_importar_found;true;2;20V4000M93L;1801448, 1805054;1294, 1671;"{""total_rows"":2,""count_ok_importar"":2,""count_ok_eliminar"":0,""count_pending"":0,""count_review_action"":0,""count_other"":0}";import;qa_ok_importar_found
X59414100024;EXHAUST PIPE;;1.620 kg;import;qa_ok_importar_found;true;2;20V4000M93L;1801491, 1805097;1294, 1671;"{""total_rows"":2,""count_ok_importar"":2,""count_ok_eliminar"":0,""count_pending"":0,""count_review_action"":0,""count_other"":0}";import;qa_ok_importar_found
X59414100025;EXHAUST PIPE;;1.720 kg EM;import;qa_ok_importar_found;true;2;20V4000M93L;1801493, 1805099;1295, 1672;"{""total_rows"":2,""count_ok_importar"":2,""count_ok_eliminar"":0,""count_pending"":0,""count_review_action"":0,""count_other"":0}";import;qa_ok_importar_found
X59414100027;EXHAUST LINE INNER ELEMENT;;5,734 kg;import;qa_ok_importar_found;true;1;12V4000M53;1201200;163;"{""total_rows"":1,""count_ok_importar"":1,""count_ok_eliminar"":0,""count_pending"":0,""count_review_action"":0,""count_other"":0}";import;qa_ok_importar_found
X59414100035;RETAINER FOR EXH. PIPE;;1.622 KGM;import;qa_ok_importar_found;true;1;12V4000M53;1201215;164;"{""total_rows"":1,""count_ok_importar"":1,""count_ok_eliminar"":0,""count_pending"":0,""count_review_action"":0,""count_other"":0}";import;qa_ok_importar_found
X59414100036;EXHAUST PIPE;;1.738 KGM;import;qa_ok_importar_found;true;1;12V4000M53;1201207;163;"{""total_rows"":1,""count_ok_importar"":1,""count_ok_eliminar"":0,""count_pending"":0,""count_review_action"":0,""count_other"":0}";import;qa_ok_importar_found
X59414100037;EXHAUST PIPE;;1.593 KGM;import;qa_ok_importar_found;true;1;12V4000M53;1201206;163;"{""total_rows"":1,""count_ok_importar"":1,""count_ok_eliminar"":0,""count_pending"":0,""count_review_action"":0,""count_other"":0}";import;qa_ok_importar_found
X59414100038;COVER PLATE;;221,600 g;import;qa_ok_importar_found;true;1;12V4000M53;1201218;164;"{""total_rows"":1,""count_ok_importar"":1,""count_ok_eliminar"":0,""count_pending"":0,""count_review_action"":0,""count_other"":0}";import;qa_ok_importar_found
X59414100047;RESTRICTOR;;513,700 g;import;qa_ok_importar_found;true;1;12V4000M53;1201163;163;"{""total_rows"":1,""count_ok_importar"":1,""count_ok_eliminar"":0,""count_pending"":0,""count_review_action"":0,""count_other"":0}";import;qa_ok_importar_found
X59414100053;EXHAUST HOUSING;;50.5 KGM;import;qa_ok_importar_found;true;1;16V4000M73;1401218;180;"{""total_rows"":1,""count_ok_importar"":1,""count_ok_eliminar"":0,""count_pending"":0,""count_review_action"":0,""count_other"":0}";import;qa_ok_importar_found
X59414100066;EXHAUST HOUSING;;29.76 KGM;import;qa_ok_importar_found;true;1;12V4000M53;1201179;163;"{""total_rows"":1,""count_ok_importar"":1,""count_ok_eliminar"":0,""count_pending"":0,""count_review_action"":0,""count_other"":0}";import;qa_ok_importar_found
X59414100067;EXHAUST HOUSING;;29.7 KGM;import;qa_ok_importar_found;true;1;12V4000M53;1201184;163;"{""total_rows"":1,""count_ok_importar"":1,""count_ok_eliminar"":0,""count_pending"":0,""count_review_action"":0,""count_other"":0}";import;qa_ok_importar_found
X59414300006;CARRIER HOUSING;;42,875 kg EM;import;qa_ok_importar_found;true;1;12V4000M53;1201250;170;"{""total_rows"":1,""count_ok_importar"":1,""count_ok_eliminar"":0,""count_pending"":0,""count_review_action"":0,""count_other"":0}";import;qa_ok_importar_found
X59414500003;INTERMEDIATE FLANGE W/TEST CONNECTION;;8.54 KGM;import;qa_ok_importar_found;true;4;16V4000M73L;1501115, 1504322, 1506785, 1509271;178, 664, 1009, 1349;"{""total_rows"":4,""count_ok_importar"":4,""count_ok_eliminar"":0,""count_pending"":0,""count_review_action"":0,""count_other"":0}";import;qa_ok_importar_found
X59414500004;EXHAUST ELBOW;;24.75 KGM;import;qa_ok_importar_found;true;4;16V4000M73L;1501001, 1504208, 1506671, 1509155;166, 652, 997, 1337;"{""total_rows"":4,""count_ok_importar"":4,""count_ok_eliminar"":0,""count_pending"":0,""count_review_action"":0,""count_other"":0}";import;qa_ok_importar_found
X59414500018;EXHAUST PIPE BELLOWS;;13,350 KG;import;qa_ok_importar_found;true;4;16V4000M73L;1501117, 1504324, 1506787, 1509273;180, 666, 1011, 1351;"{""total_rows"":4,""count_ok_importar"":4,""count_ok_eliminar"":0,""count_pending"":0,""count_review_action"":0,""count_other"":0}";import;qa_ok_importar_found
X59414500018/87;EXH PIPE BELLOWS;;14.5 KGM;import;qa_ok_importar_found;true;4;20V4000M93;1701526, 1705266, 1709006, 1712751;200, 596, 992, 1388;"{""total_rows"":4,""count_ok_importar"":4,""count_ok_eliminar"":0,""count_pending"":0,""count_review_action"":0,""count_other"":0}";import;qa_ok_importar_found
X59418100011/87;PUMP UNIT;;28.66 KGM;import;qa_ok_importar_found;true;1;12V4000M70;1901402;206;"{""total_rows"":1,""count_ok_importar"":1,""count_ok_eliminar"":0,""count_pending"":0,""count_review_action"":0,""count_other"":0}";import;qa_ok_importar_found
X59418300007;GUIDE HOUSING;;63.500 kg SB;import;qa_ok_importar_found;true;2;20V4000M93L;1802096, 1805755;1355, 1735;"{""total_rows"":2,""count_ok_importar"":2,""count_ok_eliminar"":0,""count_pending"":0,""count_review_action"":0,""count_other"":0}";import;qa_ok_importar_found
X59418300009;GUIDE HOUSING;;63.5 KGM;import;qa_ok_importar_found;true;1;16V4000M73;1401546;209;"{""total_rows"":1,""count_ok_importar"":1,""count_ok_eliminar"":0,""count_pending"":0,""count_review_action"":0,""count_other"":0}";import;qa_ok_importar_found
X59418400001;OIL SPRAY NOZZLE;;197.000 g EM;import;qa_ok_importar_found;true;4;20V4000M93L;1802106, 1802115, 1805765, 1805774;1358, 1738;"{""total_rows"":4,""count_ok_importar"":4,""count_ok_eliminar"":0,""count_pending"":0,""count_review_action"":0,""count_other"":0}";import;qa_ok_importar_found
X59418400002;RETAINER;;169.000 g;import;qa_ok_importar_found;true;4;20V4000M93L;1802112, 1802121, 1805771, 1805780;1358, 1738;"{""total_rows"":4,""count_ok_importar"":4,""count_ok_eliminar"":0,""count_pending"":0,""count_review_action"":0,""count_other"":0}";import;qa_ok_importar_found
X59418400003;RETAINER;;172.300 g;import;qa_ok_importar_found;true;4;20V4000M93L;1802111, 1802120, 1805770, 1805779;1358, 1738;"{""total_rows"":4,""count_ok_importar"":4,""count_ok_eliminar"":0,""count_pending"":0,""count_review_action"":0,""count_other"":0}";import;qa_ok_importar_found
X59418400005;RETAINER;;0.165 KGM;import;qa_ok_importar_found;true;1;16V4000M73;1401764;232;"{""total_rows"":1,""count_ok_importar"":1,""count_ok_eliminar"":0,""count_pending"":0,""count_review_action"":0,""count_other"":0}";import;qa_ok_importar_found
X59418400006;RETAINER;;0.172 KGM;import;qa_ok_importar_found;true;1;16V4000M73;1401763;232;"{""total_rows"":1,""count_ok_importar"":1,""count_ok_eliminar"":0,""count_pending"":0,""count_review_action"":0,""count_other"":0}";import;qa_ok_importar_found
X59418400007;OIL SPRAY NOZZLE;;125.000 g EM;import;qa_ok_importar_found;true;1;16V4000M73;1401749;232;"{""total_rows"":1,""count_ok_importar"":1,""count_ok_eliminar"":0,""count_pending"":0,""count_review_action"":0,""count_other"":0}";import;qa_ok_importar_found
X59418400008;OIL SPRAY NOZZLE;;190,000 g EM;import;qa_ok_importar_found;true;1;12V4000M53;1201505;210;"{""total_rows"":1,""count_ok_importar"":1,""count_ok_eliminar"":0,""count_pending"":0,""count_review_action"":0,""count_other"":0}";import;qa_ok_importar_found
X59418500017;RETAINER F/TU RBO OIL SUPPLY;;;import;qa_ok_importar_found;true;1;12V4000M53;1201246;170;"{""total_rows"":1,""count_ok_importar"":1,""count_ok_eliminar"":0,""count_pending"":0,""count_review_action"":0,""count_other"":0}";import;qa_ok_importar_found
X59418500037;RETAINER;;478,800 g;import;qa_ok_importar_found;true;1;12V4000M53;1201632;216;"{""total_rows"":1,""count_ok_importar"":1,""count_ok_eliminar"":0,""count_pending"":0,""count_review_action"":0,""count_other"":0}";import;qa_ok_importar_found
X59418500052;RETAINER;;0.762 KGM;import;qa_ok_importar_found;true;1;12V4000M53;1201268;171;"{""total_rows"":1,""count_ok_importar"":1,""count_ok_eliminar"":0,""count_pending"":0,""count_review_action"":0,""count_other"":0}";import;qa_ok_importar_found
X59420200201;RETAINER;;;import;qa_ok_importar_found;true;1;16V4000M73;1401949;252;"{""total_rows"":1,""count_ok_importar"":1,""count_ok_eliminar"":0,""count_pending"":0,""count_review_action"":0,""count_other"":0}";import;qa_ok_importar_found
X59420200233;RESTRICTOR;;0.007 KGM;import;qa_ok_importar_found;true;1;12V4000M53;1201236;170;"{""total_rows"":1,""count_ok_importar"":1,""count_ok_eliminar"":0,""count_pending"":0,""count_review_action"":0,""count_other"":0}";import;qa_ok_importar_found
X59420200234;RESTRICTOR;;0.01 KGM;import;qa_ok_importar_found;true;1;12V4000M53;1201237;170;"{""total_rows"":1,""count_ok_importar"":1,""count_ok_eliminar"":0,""count_pending"":0,""count_review_action"":0,""count_other"":0}";import;qa_ok_importar_found
X59420200235;RESTRICTOR;;0.012 KGM;import;qa_ok_importar_found;true;1;12V4000M53;1201238;170;"{""total_rows"":1,""count_ok_importar"":1,""count_ok_eliminar"":0,""count_pending"":0,""count_review_action"":0,""count_other"":0}";import;qa_ok_importar_found
X59420200238;RESTRICTOR;;0.011 KGM;import;qa_ok_importar_found;true;1;12V4000M53;1201240;170;"{""total_rows"":1,""count_ok_importar"":1,""count_ok_eliminar"":0,""count_pending"":0,""count_review_action"":0,""count_other"":0}";import;qa_ok_importar_found
X59420200252;SUPPORT PLATE FOR SEAWATER COOLER;;118,800 kg;import;qa_ok_importar_found;true;1;12V4000M53;1201768;228;"{""total_rows"":1,""count_ok_importar"":1,""count_ok_eliminar"":0,""count_pending"":0,""count_review_action"":0,""count_other"":0}";import;qa_ok_importar_found
X59420200275;COOLANT LINE;;506,000 g;import;qa_ok_importar_found;true;1;12V4000M53;1202033;243;"{""total_rows"":1,""count_ok_importar"":1,""count_ok_eliminar"":0,""count_pending"":0,""count_review_action"":0,""count_other"":0}";import;qa_ok_importar_found
X59420300001;COVER PLATE FOR SEAWATER COOLER;;;import;qa_ok_importar_found;true;6;16V4000M73L, 20V4000M93L;1501662, 1504869, 1507332, 1509820, 1802797, 1806456;242, 728, 1073, 1409, 1403, 1783;"{""total_rows"":6,""count_ok_importar"":6,""count_ok_eliminar"":0,""count_pending"":0,""count_review_action"":0,""count_other"":0}";import;qa_ok_importar_found
X59420300020;COOLANT LINE;;0.731 KGM;import;qa_ok_importar_found;true;1;16V4000M73;1401998;253;"{""total_rows"":1,""count_ok_importar"":1,""count_ok_eliminar"":0,""count_pending"":0,""count_review_action"":0,""count_other"":0}";import;qa_ok_importar_found
X59420300021;COOLANT LINE;;710.900 g;import;qa_ok_importar_found;true;1;16V4000M73;1402006;253;"{""total_rows"":1,""count_ok_importar"":1,""count_ok_eliminar"":0,""count_pending"":0,""count_review_action"":0,""count_other"":0}";import;qa_ok_importar_found
X59420300029;COOLANT ELBOW;;21.45 KGM;import;qa_ok_importar_found;true;1;12V4000M53;1202152;257;"{""total_rows"":1,""count_ok_importar"":1,""count_ok_eliminar"":0,""count_pending"":0,""count_review_action"":0,""count_other"":0}";import;qa_ok_importar_found
X59420300045;VENT LINE;;0.12 KGM;import;qa_ok_importar_found;true;1;12V4000M53;1201876;238;"{""total_rows"":1,""count_ok_importar"":1,""count_ok_eliminar"":0,""count_pending"":0,""count_review_action"":0,""count_other"":0}";import;qa_ok_importar_found
X59420300046;VENT LINE;;0.192 KGM;import;qa_ok_importar_found;true;1;12V4000M53;1201888;238;"{""total_rows"":1,""count_ok_importar"":1,""count_ok_eliminar"":0,""count_pending"":0,""count_review_action"":0,""count_other"":0}";import;qa_ok_importar_found
X59420300055;PARTITION PLATE;;7.6 KGM;import;qa_ok_importar_found;true;1;12V4000M53;1201780;231;"{""total_rows"":1,""count_ok_importar"":1,""count_ok_eliminar"":0,""count_pending"":0,""count_review_action"":0,""count_other"":0}";import;qa_ok_importar_found
X59420500001;BASE PLATE;;120.000 kg AB;import;qa_ok_importar_found;true;1;16V4000M73;1411865;1340;"{""total_rows"":1,""count_ok_importar"":1,""count_ok_eliminar"":0,""count_pending"":0,""count_review_action"":0,""count_other"":0}";import;qa_ok_importar_found
X59420600002;COOLANT DISTRIB HSG;;155.000 kg;import;qa_ok_importar_found;true;2;20V4000M93L;1802824, 1806483;1409, 1789;"{""total_rows"":2,""count_ok_importar"":2,""count_ok_eliminar"":0,""count_pending"":0,""count_review_action"":0,""count_other"":0}";import;qa_ok_importar_found
X59420600011;THERMOSTAT HOUSING;;;import;qa_ok_importar_found;true;1;16V4000M73;1402379;287;"{""total_rows"":1,""count_ok_importar"":1,""count_ok_eliminar"":0,""count_pending"":0,""count_review_action"":0,""count_other"":0}";import;qa_ok_importar_found
X59420700008;SEAWATER PUMP;;44.000 kg;import;qa_ok_importar_found;true;1;16V4000M73;1402455;293;"{""total_rows"":1,""count_ok_importar"":1,""count_ok_eliminar"":0,""count_pending"":0,""count_review_action"":0,""count_other"":0}";import;qa_ok_importar_found
X59420700010;COOLANT ELBOW FOR RAW WATER OUTLE;;;import;qa_ok_importar_found;true;2;20V4000M93L;1802901, 1806560;1416, 1796;"{""total_rows"":2,""count_ok_importar"":2,""count_ok_eliminar"":0,""count_pending"":0,""count_review_action"":0,""count_other"":0}";import;qa_ok_importar_found
X59450700030;STRIP F. WIRING HARNESS;;0.93 KGM;import;qa_ok_importar_found;true;1;12V4000M53;1202431;304;"{""total_rows"":1,""count_ok_importar"":1,""count_ok_eliminar"":0,""count_pending"":0,""count_review_action"":0,""count_other"":0}";import;qa_ok_importar_found
X59450700041;RETAINER FOR ENGINE CONTROL;;10.62 KGM;import;qa_ok_importar_found;true;1;12V4000M53;1202402;303;"{""total_rows"":1,""count_ok_importar"":1,""count_ok_eliminar"":0,""count_pending"":0,""count_review_action"":0,""count_other"":0}";import;qa_ok_importar_found
X59499100026;SPACER SLEEVE;;0.306 KGM;import;qa_ok_importar_found;true;1;16V4000M73;1400555;100;"{""total_rows"":1,""count_ok_importar"":1,""count_ok_eliminar"":0,""count_pending"":0,""count_review_action"":0,""count_other"":0}";import;qa_ok_importar_found
X59499100107;RETAINER;;0.089 KGM;import;qa_ok_importar_found;true;1;12V4000M53;1200717;111;"{""total_rows"":1,""count_ok_importar"":1,""count_ok_eliminar"":0,""count_pending"":0,""count_review_action"":0,""count_other"":0}";import;qa_ok_importar_found
X59499100113;O-RING;194 X 4;0.014 KGM;import;qa_ok_importar_found;true;1;12V4000M53;1201159;163;"{""total_rows"":1,""count_ok_importar"":1,""count_ok_eliminar"":0,""count_pending"":0,""count_review_action"":0,""count_other"":0}";import;qa_ok_importar_found
X59499100114;O-RING;258 X 4;0.02 KGM;import;qa_ok_importar_found;true;1;12V4000M53;1201160;163;"{""total_rows"":1,""count_ok_importar"":1,""count_ok_eliminar"":0,""count_pending"":0,""count_review_action"":0,""count_other"":0}";import;qa_ok_importar_found
X59499100164;RETAINER F.CRANKC.VENT.RIGHT;;6.6 KGM;import;qa_ok_importar_found;true;1;12V4000M53;1200159;40;"{""total_rows"":1,""count_ok_importar"":1,""count_ok_eliminar"":0,""count_pending"":0,""count_review_action"":0,""count_other"":0}";import;qa_ok_importar_found
X59499100411;EXH PIPE BELLOWS;;6.08 KGM;import;qa_ok_importar_found;true;8;16V4000M73L, 20V4000M93;1501056, 1504263, 1506726, 1509210, 1701468, 1705208, 1708948, 1712694;171, 657, 1002, 1342, 193, 589, 985, 1381;"{""total_rows"":8,""count_ok_importar"":8,""count_ok_eliminar"":0,""count_pending"":0,""count_review_action"":0,""count_other"":0}";import;qa_ok_importar_found
X59499100411/31;EXH PIPE BELLOWS LR ACCEPTANCE;;6.08 KGM;import;qa_ok_importar_found;true;1;12V4000M53;1201230;168;"{""total_rows"":1,""count_ok_importar"":1,""count_ok_eliminar"":0,""count_pending"":0,""count_review_action"":0,""count_other"":0}";import;qa_ok_importar_found
X59499100415;RETAINER;;0.096 KGM;import;qa_ok_importar_found;true;1;12V4000M53;1202665;318;"{""total_rows"":1,""count_ok_importar"":1,""count_ok_eliminar"":0,""count_pending"":0,""count_review_action"":0,""count_other"":0}";import;qa_ok_importar_found
X59499100442;RETAINER;;760,000 g;import;qa_ok_importar_found;true;1;12V4000M53;1201524;213;"{""total_rows"":1,""count_ok_importar"":1,""count_ok_eliminar"":0,""count_pending"":0,""count_review_action"":0,""count_other"":0}";import;qa_ok_importar_found
X59499100480;FLANGE F.VIB.DAMPER HOUSIN;;20 KGM;import;qa_ok_importar_found;true;1;12V4000M53;1200394;63;"{""total_rows"":1,""count_ok_importar"":1,""count_ok_eliminar"":0,""count_pending"":0,""count_review_action"":0,""count_other"":0}";import;qa_ok_importar_found
X59499100575;EXH PIPE BELLOWS;;;import;qa_ok_importar_found;true;1;16V4000M73;1407699;902;"{""total_rows"":1,""count_ok_importar"":1,""count_ok_eliminar"":0,""count_pending"":0,""count_review_action"":0,""count_other"":0}";import;qa_ok_importar_found
X59499100575/87;EXH PIPE BELLOWS WITH TEST CERT. 3.1;;;import;qa_ok_importar_found;true;1;12V4000M53;1201292;176;"{""total_rows"":1,""count_ok_importar"":1,""count_ok_eliminar"":0,""count_pending"":0,""count_review_action"":0,""count_other"":0}";import;qa_ok_importar_found
X59499100582;SHAFT;;595,500 g;import;qa_ok_importar_found;true;1;12V4000M53;1201088;151;"{""total_rows"":1,""count_ok_importar"":1,""count_ok_eliminar"":0,""count_pending"":0,""count_review_action"":0,""count_other"":0}";import;qa_ok_importar_found
X59499100642;LEVER;;200,000 g;import;qa_ok_importar_found;true;1;12V4000M53;1201107;152;"{""total_rows"":1,""count_ok_importar"":1,""count_ok_eliminar"":0,""count_pending"":0,""count_review_action"":0,""count_other"":0}";import;qa_ok_importar_found
X59499100956;RETAINER FOR SOLENOID VALVE;;3.2 KGM;import;qa_ok_importar_found;true;1;12V4000M53;1201559;213;"{""total_rows"":1,""count_ok_importar"":1,""count_ok_eliminar"":0,""count_pending"":0,""count_review_action"":0,""count_other"":0}";import;qa_ok_importar_found
X59501100005;CRANKCASE;;2083.000 k EM;import;qa_ok_importar_found;true;1;16V4000M73;1400053;26;"{""total_rows"":1,""count_ok_importar"":1,""count_ok_eliminar"":0,""count_pending"":0,""count_review_action"":0,""count_other"":0}";import;qa_ok_importar_found
X59501100012;COVER FOR CAMSHAFT CHAMBE;;36.238 KGM;import;qa_ok_importar_found;true;1;16V4000M73;1400035;26;"{""total_rows"":1,""count_ok_importar"":1,""count_ok_eliminar"":0,""count_pending"":0,""count_review_action"":0,""count_other"":0}";import;qa_ok_importar_found
X59501400006;OIL PAN;;144.000 kg;import;qa_ok_importar_found;true;1;16V4000M73;1400108;33;"{""total_rows"":1,""count_ok_importar"":1,""count_ok_eliminar"":0,""count_pending"":0,""count_review_action"":0,""count_other"":0}";import;qa_ok_importar_found
X59501800028;RETAINER;;6.969 KGM;import;qa_ok_importar_found;true;1;16V4000M73;1400173;43;"{""total_rows"":1,""count_ok_importar"":1,""count_ok_eliminar"":0,""count_pending"":0,""count_review_action"":0,""count_other"":0}";import;qa_ok_importar_found
X59507300003;HP PUMP;;80.000 kg EM;import;qa_ok_importar_found;true;1;16V4000M73;1400558;101;"{""total_rows"":1,""count_ok_importar"":1,""count_ok_eliminar"":0,""count_pending"":0,""count_review_action"":0,""count_other"":0}";import;qa_ok_importar_found
X59507300003/87;HP PUMP W/ACCEPT CERTIFICAT;;;import;qa_ok_importar_found;true;1;16V4000M73;1400560;101;"{""total_rows"":1,""count_ok_importar"":1,""count_ok_eliminar"":0,""count_pending"":0,""count_review_action"":0,""count_other"":0}";import;qa_ok_importar_found
X59507700002;HP FUEL LINE;;4,956 kg EM;import;qa_ok_importar_found;true;1;12V4000M53;1200570;101;"{""total_rows"":1,""count_ok_importar"":1,""count_ok_eliminar"":0,""count_pending"":0,""count_review_action"":0,""count_other"":0}";import;qa_ok_importar_found
X59507700003;HP FUEL LINE;;3,330 kg EM;import;qa_ok_importar_found;true;1;12V4000M53;1200557;101;"{""total_rows"":1,""count_ok_importar"":1,""count_ok_eliminar"":0,""count_pending"":0,""count_review_action"":0,""count_other"":0}";import;qa_ok_importar_found
X59507700004;HP FUEL LINE;;6,070 kg EM;import;qa_ok_importar_found;true;1;12V4000M53;1200558;101;"{""total_rows"":1,""count_ok_importar"":1,""count_ok_eliminar"":0,""count_pending"":0,""count_review_action"":0,""count_other"":0}";import;qa_ok_importar_found
X59508200014;RETAINER;;;import;qa_ok_importar_found;true;2;20V4000M93L;1800615, 1804187;1215, 1588;"{""total_rows"":2,""count_ok_importar"":2,""count_ok_eliminar"":0,""count_pending"":0,""count_review_action"":0,""count_other"":0}";import;qa_ok_importar_found
X59508200015;RETAINER;;1.200 kg SB;import;qa_ok_importar_found;true;4;20V4000M93;1700637, 1704383, 1708123, 1711863;115, 511, 907, 1303;"{""total_rows"":4,""count_ok_importar"":4,""count_ok_eliminar"":0,""count_pending"":0,""count_review_action"":0,""count_other"":0}";import;qa_ok_importar_found
X59510100008;BEARING HOUSING;;15.28 KGM;import;qa_ok_importar_found;true;1;16V4000M73;1400867;140;"{""total_rows"":1,""count_ok_importar"":1,""count_ok_eliminar"":0,""count_pending"":0,""count_review_action"":0,""count_other"":0}";import;qa_ok_importar_found
X59510100079;EXHAUST TURBOCHARGER LEFT ZR205;;114.000 kg EM;import;qa_ok_importar_found;true;1;16V4000M73;1400855;138;"{""total_rows"":1,""count_ok_importar"":1,""count_ok_eliminar"":0,""count_pending"":0,""count_review_action"":0,""count_other"":0}";import;qa_ok_importar_found
X59510100080;EXHAUST TURBOCHARGER RIGHT;;107 KG EM;import;qa_ok_importar_found;true;4;16V4000M73L;1500671, 1503877, 1506340, 1508828;123, 608, 953, 1296;"{""total_rows"":4,""count_ok_importar"":4,""count_ok_eliminar"":0,""count_pending"":0,""count_review_action"":0,""count_other"":0}";import;qa_ok_importar_found
X59511400003/31;INTERCOOLER;;585.000 kg EM;import;qa_ok_importar_found;true;1;16V4000M73;1401000;151;"{""total_rows"":1,""count_ok_importar"":1,""count_ok_eliminar"":0,""count_pending"":0,""count_review_action"":0,""count_other"":0}";import;qa_ok_importar_found
X59511400008;HEAT SHIELD;;3.971 kg;import;qa_ok_importar_found;true;1;16V4000M73;1401004;151;"{""total_rows"":1,""count_ok_importar"":1,""count_ok_eliminar"":0,""count_pending"":0,""count_review_action"":0,""count_other"":0}";import;qa_ok_importar_found
X59511400012/31;INTERCOOLER LR ACCEPTANCE;;490,000 kg EM;import;qa_ok_importar_found;true;1;12V4000M53;1200979;138;"{""total_rows"":1,""count_ok_importar"":1,""count_ok_eliminar"":0,""count_pending"":0,""count_review_action"":0,""count_other"":0}";import;qa_ok_importar_found
X59512300029;REDUCER;;1.27 KGM;import;qa_ok_importar_found;true;1;12V4000M53;1201050;149;"{""total_rows"":1,""count_ok_importar"":1,""count_ok_eliminar"":0,""count_pending"":0,""count_review_action"":0,""count_other"":0}";import;qa_ok_importar_found
X59512500033;AIR LINE F/AIR TRANSFER VALV;;;import;qa_ok_importar_found;true;1;12V4000M53;1201021;145;"{""total_rows"":1,""count_ok_importar"":1,""count_ok_eliminar"":0,""count_pending"":0,""count_review_action"":0,""count_other"":0}";import;qa_ok_importar_found
X59518500011;RETAINER;;519.000 g;import;qa_ok_importar_found;true;1;16V4000M73;1401771;234;"{""total_rows"":1,""count_ok_importar"":1,""count_ok_eliminar"":0,""count_pending"":0,""count_review_action"":0,""count_other"":0}";import;qa_ok_importar_found
X59518500041;OIL RETURN LINE;;288,900 g EM;import;qa_ok_importar_found;true;1;12V4000M53;1201626;216;"{""total_rows"":1,""count_ok_importar"":1,""count_ok_eliminar"":0,""count_pending"":0,""count_review_action"":0,""count_other"":0}";import;qa_ok_importar_found
X59518500043;OIL RETURN LINE;;622,500 g SB EM;import;qa_ok_importar_found;true;1;12V4000M53;1201629;216;"{""total_rows"":1,""count_ok_importar"":1,""count_ok_eliminar"":0,""count_pending"":0,""count_review_action"":0,""count_other"":0}";import;qa_ok_importar_found
X59518500044;OIL RETURN LINE;;670,000 g SB EM;import;qa_ok_importar_found;true;1;12V4000M53;1201657;217;"{""total_rows"":1,""count_ok_importar"":1,""count_ok_eliminar"":0,""count_pending"":0,""count_review_action"":0,""count_other"":0}";import;qa_ok_importar_found
X59520200024;COOLANT LINE 4000-03;;;import;qa_ok_importar_found;true;1;16V4000M73;1402118;267;"{""total_rows"":1,""count_ok_importar"":1,""count_ok_eliminar"":0,""count_pending"":0,""count_review_action"":0,""count_other"":0}";import;qa_ok_importar_found
X59520200039;PLUG-IN PIPE;;2.505 kg SB;import;qa_ok_importar_found;true;1;16V4000M73;1402111;267;"{""total_rows"":1,""count_ok_importar"":1,""count_ok_eliminar"":0,""count_pending"":0,""count_review_action"":0,""count_other"":0}";import;qa_ok_importar_found
X59520200040;PLUG-IN PIPE;;3.027 kg SB;import;qa_ok_importar_found;true;1;16V4000M73;1402129;267;"{""total_rows"":1,""count_ok_importar"":1,""count_ok_eliminar"":0,""count_pending"":0,""count_review_action"":0,""count_other"":0}";import;qa_ok_importar_found
X59520200167;PREHEATER 3-PHASIG, 12 KW, 400 V, 50 HZ,;;;import;qa_ok_importar_found;true;1;16V4000M73;1402092;264;"{""total_rows"":1,""count_ok_importar"":1,""count_ok_eliminar"":0,""count_pending"":0,""count_review_action"":0,""count_other"":0}";import;qa_ok_importar_found
X59520300007;COOLANT LINE;;20.545 kg SB;import;qa_ok_importar_found;true;1;16V4000M73;1402123;267;"{""total_rows"":1,""count_ok_importar"":1,""count_ok_eliminar"":0,""count_pending"":0,""count_review_action"":0,""count_other"":0}";import;qa_ok_importar_found
X59520500001;SEAWATER ELBOW;;13.88 KGM;import;qa_ok_importar_found;true;1;16V4000M73;1402426;291;"{""total_rows"":1,""count_ok_importar"":1,""count_ok_eliminar"":0,""count_pending"":0,""count_review_action"":0,""count_other"":0}";import;qa_ok_importar_found
X59525100013/31;STEEL-SPRING COUPLG LR ACCEPTANCE;;168.000 kg;import;qa_ok_importar_found;true;1;16V4000M73;1402581;310;"{""total_rows"":1,""count_ok_importar"":1,""count_ok_eliminar"":0,""count_pending"":0,""count_review_action"":0,""count_other"":0}";import;qa_ok_importar_found
X59541200002;FILTER ELEMENT;;;import;qa_ok_importar_found;true;1;12V4000M53;1206359;750;"{""total_rows"":1,""count_ok_importar"":1,""count_ok_eliminar"":0,""count_pending"":0,""count_review_action"":0,""count_other"":0}";import;qa_ok_importar_found
X59599100030;RETAINER;;2.668 KGM;import;qa_ok_importar_found;true;1;16V4000M73;1401978;253;"{""total_rows"":1,""count_ok_importar"":1,""count_ok_eliminar"":0,""count_pending"":0,""count_review_action"":0,""count_other"":0}";import;qa_ok_importar_found
X59599100037;RETAINER;;1.008 KGM;import;qa_ok_importar_found;true;1;16V4000M73;1401991;253;"{""total_rows"":1,""count_ok_importar"":1,""count_ok_eliminar"":0,""count_pending"":0,""count_review_action"":0,""count_other"":0}";import;qa_ok_importar_found
X59599100055;PIPE;;0,128 KG SB;import;qa_ok_importar_found;true;2;16V4000M73L;1507724, 1510213;1121, 1456;"{""total_rows"":2,""count_ok_importar"":2,""count_ok_eliminar"":0,""count_pending"":0,""count_review_action"":0,""count_other"":0}";import;qa_ok_importar_found
X59599100058;WASHER;;0.007 KGM;import;qa_ok_importar_found;true;1;12V4000M53;1200891;128;"{""total_rows"":1,""count_ok_importar"":1,""count_ok_eliminar"":0,""count_pending"":0,""count_review_action"":0,""count_other"":0}";import;qa_ok_importar_found
X59599100072;RETAINER;;0.211 KGM;import;qa_ok_importar_found;true;1;12V4000M53;1201948;239;"{""total_rows"":1,""count_ok_importar"":1,""count_ok_eliminar"":0,""count_pending"":0,""count_review_action"":0,""count_other"":0}";import;qa_ok_importar_found
X59601100009;INSPECT PORT COVER FOR SENSOR;;;import;qa_ok_importar_found;true;1;16V4000M73;1400019;24;"{""total_rows"":1,""count_ok_importar"":1,""count_ok_eliminar"":0,""count_pending"":0,""count_review_action"":0,""count_other"":0}";import;qa_ok_importar_found
X59601100011;COVER;;44.000 kg;import;qa_ok_importar_found;true;2;20V4000M93L;1800031, 1803604;1125, 1498;"{""total_rows"":2,""count_ok_importar"":2,""count_ok_eliminar"":0,""count_pending"":0,""count_review_action"":0,""count_other"":0}";import;qa_ok_importar_found
X59601100018;COVER FOR CAMSHAFT CHAMBE;;44.000 kg;import;qa_ok_importar_found;true;4;20V4000M93;1700029, 1703773, 1707513, 1711253;23, 419, 815, 1211;"{""total_rows"":4,""count_ok_importar"":4,""count_ok_eliminar"":0,""count_pending"":0,""count_review_action"":0,""count_other"":0}";import;qa_ok_importar_found
X59601400003;OIL PAN;;480.000 kg;import;qa_ok_importar_found;true;4;20V4000M93;1700118, 1703864, 1707604, 1711344;32, 428, 824, 1220;"{""total_rows"":4,""count_ok_importar"":4,""count_ok_eliminar"":0,""count_pending"":0,""count_review_action"":0,""count_other"":0}";import;qa_ok_importar_found
X59601800005;SUPPORT F OIL SEPARATOR;;;import;qa_ok_importar_found;true;6;20V4000M93, 20V4000M93L;1700205, 1703949, 1707689, 1711429, 1800202, 1803773;40, 436, 832, 1228, 1142, 1515;"{""total_rows"":6,""count_ok_importar"":6,""count_ok_eliminar"":0,""count_pending"":0,""count_review_action"":0,""count_other"":0}";import;qa_ok_importar_found
X59601800008;GASKET;;52.500 g;import;qa_ok_importar_found;true;2;20V4000M93L;1800204, 1803775;1142, 1515;"{""total_rows"":2,""count_ok_importar"":2,""count_ok_eliminar"":0,""count_pending"":0,""count_review_action"":0,""count_other"":0}";import;qa_ok_importar_found
X59601800014;COVER F/CRANKCASE VENTILA;;0.67 KGM;import;qa_ok_importar_found;true;1;12V4000M70;1900164;43;"{""total_rows"":1,""count_ok_importar"":1,""count_ok_eliminar"":0,""count_pending"":0,""count_review_action"":0,""count_other"":0}";import;qa_ok_importar_found
X59601800047;OIL PRESEPARATOR;;;import;qa_ok_importar_found;true;1;20V4000M93L;1803778;1515;"{""total_rows"":1,""count_ok_importar"":1,""count_ok_eliminar"":0,""count_pending"":0,""count_review_action"":0,""count_other"":0}";import;qa_ok_importar_found
X59601800098;VENT PIPE;;3.300 kg;import;qa_ok_importar_found;true;6;20V4000M93, 20V4000M93L;1700246, 1703990, 1707730, 1711470, 1800243, 1803815;41, 437, 833, 1229, 1143, 1516;"{""total_rows"":6,""count_ok_importar"":6,""count_ok_eliminar"":0,""count_pending"":0,""count_review_action"":0,""count_other"":0}";import;qa_ok_importar_found
X59601800099;CONNECTING PIPE VENT;;1.776 KGM;import;qa_ok_importar_found;true;6;20V4000M93, 20V4000M93L;1700166, 1703911, 1707651, 1711391, 1800164, 1803735;40, 436, 832, 1228, 1142, 1515;"{""total_rows"":6,""count_ok_importar"":6,""count_ok_eliminar"":0,""count_pending"":0,""count_review_action"":0,""count_other"":0}";import;qa_ok_importar_found
X59602400009;EQUIPMENT RACK;;;import;qa_ok_importar_found;true;2;20V4000M93L;1800296, 1803870;1152, 1525;"{""total_rows"":2,""count_ok_importar"":2,""count_ok_eliminar"":0,""count_pending"":0,""count_review_action"":0,""count_other"":0}";import;qa_ok_importar_found
X59603100002;CRANKSHAFT 20V-20CWT-STROKE190;;820.000;import;qa_ok_importar_found;true;6;20V4000M93, 20V4000M93L;1700343, 1704087, 1707827, 1711567, 1800337, 1803911;57, 453, 849, 1245, 1158, 1531;"{""total_rows"":6,""count_ok_importar"":6,""count_ok_eliminar"":0,""count_pending"":0,""count_review_action"":0,""count_other"":0}";import;qa_ok_importar_found
X59605300002;THRUST BEARING FLANG FOR CAMSHAFT;;1.642 KGM;import;qa_ok_importar_found;true;1;16V4000M73;1400504;87;"{""total_rows"":1,""count_ok_importar"":1,""count_ok_eliminar"":0,""count_pending"":0,""count_review_action"":0,""count_other"":0}";import;qa_ok_importar_found
X59607700001;HP ACCUMULATOR DOUBLE-WALLED, RIGH;;41 KGM;import;qa_ok_importar_found;true;4;20V4000M93;1700596, 1704343, 1708083, 1711823;106, 502, 898, 1294;"{""total_rows"":4,""count_ok_importar"":4,""count_ok_eliminar"":0,""count_pending"":0,""count_review_action"":0,""count_other"":0}";import;qa_ok_importar_found
X59607700002;HP ACCUMULATOR DOUBLE-WALLED, LEFT;;41 KGM;import;qa_ok_importar_found;true;4;20V4000M93;1700595, 1704342, 1708082, 1711822;106, 502, 898, 1294;"{""total_rows"":4,""count_ok_importar"":4,""count_ok_eliminar"":0,""count_pending"":0,""count_review_action"":0,""count_other"":0}";import;qa_ok_importar_found
X59608200024;RETAINER;;3.5 KGM;import;qa_ok_importar_found;true;1;16V4000M73;1400639;115;"{""total_rows"":1,""count_ok_importar"":1,""count_ok_eliminar"":0,""count_pending"":0,""count_review_action"":0,""count_other"":0}";import;qa_ok_importar_found
X59608300021;PLUG-IN PIPE;;0.373 KGM;import;qa_ok_importar_found;true;1;16V4000M73;1400704;123;"{""total_rows"":1,""count_ok_importar"":1,""count_ok_eliminar"":0,""count_pending"":0,""count_review_action"":0,""count_other"":0}";import;qa_ok_importar_found
X59608300022;PLUG-IN PIPE FOR FUEL FILTER;;0.399 KGM;import;qa_ok_importar_found;true;1;16V4000M73;1400701;123;"{""total_rows"":1,""count_ok_importar"":1,""count_ok_eliminar"":0,""count_pending"":0,""count_review_action"":0,""count_other"":0}";import;qa_ok_importar_found
X59608300026;COLLECTING TROUGH;;2,900 kg;import;qa_ok_importar_found;true;1;12V4000M53;1200828;122;"{""total_rows"":1,""count_ok_importar"":1,""count_ok_eliminar"":0,""count_pending"":0,""count_review_action"":0,""count_other"":0}";import;qa_ok_importar_found
X59610100058;COMPRESSOR HOUSING A/R=1.91CM;;37.900 kg;import;qa_ok_importar_found;true;16;20V4000M93;1700891, 1700961, 1701022, 1701083, 1704634, 1704704, 1704763, 1704822, 1708374, 1708444, 1708503, 1708562, 1712121, 1712191, 1712251, 1712311;140, 147, 150, 153, 536, 543, 546, 549, 932, 939, 942, 945, 1328, 1335, 1338, 1341;"{""total_rows"":16,""count_ok_importar"":16,""count_ok_eliminar"":0,""count_pending"":0,""count_review_action"":0,""count_other"":0}";import;qa_ok_importar_found
X59610100113;EXHAUST TURBOCHARGER LEFT ZR175;;92.000 kg EM;import;qa_ok_importar_found;true;2;20V4000M93L;1800804, 1804410;1235, 1612;"{""total_rows"":2,""count_ok_importar"":2,""count_ok_eliminar"":0,""count_pending"":0,""count_review_action"":0,""count_other"":0}";import;qa_ok_importar_found
X59610100114;EXHAUST TURBOCHARGER RIGHT ZR175;;95.500 kg EM;import;qa_ok_importar_found;true;2;20V4000M93L;1800807, 1804413;1235, 1612;"{""total_rows"":2,""count_ok_importar"":2,""count_ok_eliminar"":0,""count_pending"":0,""count_review_action"":0,""count_other"":0}";import;qa_ok_importar_found
X59610100115;EXHAUST TURBOCHARGER LEFT ZR175;;96.700 kg EM;import;qa_ok_importar_found;true;2;20V4000M93L;1800808, 1804414;1235, 1612;"{""total_rows"":2,""count_ok_importar"":2,""count_ok_eliminar"":0,""count_pending"":0,""count_review_action"":0,""count_other"":0}";import;qa_ok_importar_found
X59610100121;EXHAUST FLAP;;;import;qa_ok_importar_found;true;6;20V4000M93L;1800930, 1800990, 1801053, 1804536, 1804596, 1804659;1245, 1248, 1251, 1622, 1625, 1628;"{""total_rows"":6,""count_ok_importar"":6,""count_ok_eliminar"":0,""count_pending"":0,""count_review_action"":0,""count_other"":0}";import;qa_ok_importar_found
X59610100122;SHAFT;;;import;qa_ok_importar_found;true;1;12V4000M53;1200970;136;"{""total_rows"":1,""count_ok_importar"":1,""count_ok_eliminar"":0,""count_pending"":0,""count_review_action"":0,""count_other"":0}";import;qa_ok_importar_found
X59610100123;SHAFT;;0.132 KGM;import;qa_ok_importar_found;true;1;12V4000M53;1200867;127;"{""total_rows"":1,""count_ok_importar"":1,""count_ok_eliminar"":0,""count_pending"":0,""count_review_action"":0,""count_other"":0}";import;qa_ok_importar_found
X59610100163;EXHAUST FLAP;;0.745 KGM;import;qa_ok_importar_found;true;1;12V4000M53;1200964;135;"{""total_rows"":1,""count_ok_importar"":1,""count_ok_eliminar"":0,""count_pending"":0,""count_review_action"":0,""count_other"":0}";import;qa_ok_importar_found
X59610100194;EXHAUST TURBOCHARGER LEFT INACTIVE ZR175;;104.000 kg EM;import;qa_ok_importar_found;true;4;20V4000M93;1700847, 1704593, 1708333, 1712076;137, 533, 929, 1325;"{""total_rows"":4,""count_ok_importar"":4,""count_ok_eliminar"":0,""count_pending"":0,""count_review_action"":0,""count_other"":0}";import;qa_ok_importar_found
X59610100195;EXHAUST TURBOCHARGER RIGHT ACTIVE ZR175;;101.500 kg EM;import;qa_ok_importar_found;true;4;20V4000M93;1700857, 1704603, 1708343, 1712086;137, 533, 929, 1325;"{""total_rows"":4,""count_ok_importar"":4,""count_ok_eliminar"":0,""count_pending"":0,""count_review_action"":0,""count_other"":0}";import;qa_ok_importar_found
X59610100196;EXHAUST TURBOCHARGER LEFT ACTIVE ZR175;;97.000 kg EM;import;qa_ok_importar_found;true;4;20V4000M93;1700858, 1704604, 1708344, 1712087;137, 533, 929, 1325;"{""total_rows"":4,""count_ok_importar"":4,""count_ok_eliminar"":0,""count_pending"":0,""count_review_action"":0,""count_other"":0}";import;qa_ok_importar_found
X59610100197;EXHAUST TURBOCHARGER RIGHT ACTIVE ZR175;;112.500 kg EM;import;qa_ok_importar_found;true;4;20V4000M93;1700859, 1704605, 1708345, 1712088;137, 533, 929, 1325;"{""total_rows"":4,""count_ok_importar"":4,""count_ok_eliminar"":0,""count_pending"":0,""count_review_action"":0,""count_other"":0}";import;qa_ok_importar_found
X59611100003;BRACKET LEFT;;35.222 kg;import;qa_ok_importar_found;true;1;16V4000M73;1401017;151;"{""total_rows"":1,""count_ok_importar"":1,""count_ok_eliminar"":0,""count_pending"":0,""count_review_action"":0,""count_other"":0}";import;qa_ok_importar_found
X59611300003;BRACKET RIGHT;;36.388 kg;import;qa_ok_importar_found;true;1;16V4000M73;1401018;151;"{""total_rows"":1,""count_ok_importar"":1,""count_ok_eliminar"":0,""count_pending"":0,""count_review_action"":0,""count_other"":0}";import;qa_ok_importar_found
X59611400005/87;INTERCOOLER WITH TEST CERT. 3.1;;;import;qa_ok_importar_found;true;2;20V4000M93L;1801074, 1804680;1254, 1631;"{""total_rows"":2,""count_ok_importar"":2,""count_ok_eliminar"":0,""count_pending"":0,""count_review_action"":0,""count_other"":0}";import;qa_ok_importar_found
X59611400009;SUPPORT FOR INTERCOOLER;;;import;qa_ok_importar_found;true;2;20V4000M93L;1801076, 1804682;1254, 1631;"{""total_rows"":2,""count_ok_importar"":2,""count_ok_eliminar"":0,""count_pending"":0,""count_review_action"":0,""count_other"":0}";import;qa_ok_importar_found
X59611400013;HEAT SHIELD FOR INTERCOOLER;;;import;qa_ok_importar_found;true;2;20V4000M93L;1801078, 1804684;1254, 1631;"{""total_rows"":2,""count_ok_importar"":2,""count_ok_eliminar"":0,""count_pending"":0,""count_review_action"":0,""count_other"":0}";import;qa_ok_importar_found
X59611400014;SUPPORT FOR INTERCOOLER;;35,500 kg;import;qa_ok_importar_found;true;1;12V4000M53;1200991;138;"{""total_rows"":1,""count_ok_importar"":1,""count_ok_eliminar"":0,""count_pending"":0,""count_review_action"":0,""count_other"":0}";import;qa_ok_importar_found
X59611400019;HEAT SHIELD;;47.300 kg;import;qa_ok_importar_found;true;4;20V4000M93;1701119, 1704859, 1708599, 1712348;156, 552, 948, 1344;"{""total_rows"":4,""count_ok_importar"":4,""count_ok_eliminar"":0,""count_pending"":0,""count_review_action"":0,""count_other"":0}";import;qa_ok_importar_found
X59611400024/87;INTERCOOLER WITH TEST CERT. 3.1;;937.000 kg EM;import;qa_ok_importar_found;true;4;20V4000M93;1701115, 1704855, 1708595, 1712344;156, 552, 948, 1344;"{""total_rows"":4,""count_ok_importar"":4,""count_ok_eliminar"":0,""count_pending"":0,""count_review_action"":0,""count_other"":0}";import;qa_ok_importar_found
X59612300001;LEVER;;;import;qa_ok_importar_found;true;2;20V4000M93L;1801192, 1804798;1267, 1644;"{""total_rows"":2,""count_ok_importar"":2,""count_ok_eliminar"":0,""count_pending"":0,""count_review_action"":0,""count_other"":0}";import;qa_ok_importar_found
X59612300016;INTAKE HOUSING;;14.860 kg EM;import;qa_ok_importar_found;true;1;16V4000M73;1401051;159;"{""total_rows"":1,""count_ok_importar"":1,""count_ok_eliminar"":0,""count_pending"":0,""count_review_action"":0,""count_other"":0}";import;qa_ok_importar_found
X59612300019;INTAKE HOUSING VERTIKAL;;6.270 kg;import;qa_ok_importar_found;true;2;20V4000M93L;1801148, 1804754;1265, 1642;"{""total_rows"":2,""count_ok_importar"":2,""count_ok_eliminar"":0,""count_pending"":0,""count_review_action"":0,""count_other"":0}";import;qa_ok_importar_found
X59612300026;LEVER;;255.900 g;import;qa_ok_importar_found;true;1;16V4000M73;1401096;162;"{""total_rows"":1,""count_ok_importar"":1,""count_ok_eliminar"":0,""count_pending"":0,""count_review_action"":0,""count_other"":0}";import;qa_ok_importar_found
X59614100003;SPACER;;0.027 KGM;import;qa_ok_importar_found;true;1;12V4000M53;1201211;164;"{""total_rows"":1,""count_ok_importar"":1,""count_ok_eliminar"":0,""count_pending"":0,""count_review_action"":0,""count_other"":0}";import;qa_ok_importar_found
X59614500003/89;EXHAUST PIPE BELLOWS;;;import;qa_ok_importar_found;true;2;20V4000M93L;1801593, 1805252;1308, 1688;"{""total_rows"":2,""count_ok_importar"":2,""count_ok_eliminar"":0,""count_pending"":0,""count_review_action"":0,""count_other"":0}";import;qa_ok_importar_found
X59614500004;FLANGE;;4.4 KGM;import;qa_ok_importar_found;true;2;20V4000M93L;1801590, 1805249;1307, 1687;"{""total_rows"":2,""count_ok_importar"":2,""count_ok_eliminar"":0,""count_pending"":0,""count_review_action"":0,""count_other"":0}";import;qa_ok_importar_found
X59618100018;VALVE HOLDER;;5.300 kg;import;qa_ok_importar_found;true;2;20V4000M93L;1801866, 1805525;1334, 1714;"{""total_rows"":2,""count_ok_importar"":2,""count_ok_eliminar"":0,""count_pending"":0,""count_review_action"":0,""count_other"":0}";import;qa_ok_importar_found
X59618300008/30;AUTOMATIC OIL FILTER GL ACCEPTANCE;;145.000 kg;import;qa_ok_importar_found;true;2;20V4000M93L;1801943, 1805602;1346, 1726;"{""total_rows"":2,""count_ok_importar"":2,""count_ok_eliminar"":0,""count_pending"":0,""count_review_action"":0,""count_other"":0}";import;qa_ok_importar_found
X59618300029/87;OIL COOLER;;209.200 kg KANAELE: 50 OEL / 51 KM;import;qa_ok_importar_found;true;4;20V4000M93;1701928, 1705668, 1709408, 1713153;244, 640, 1036, 1432;"{""total_rows"":4,""count_ok_importar"":4,""count_ok_eliminar"":0,""count_pending"":0,""count_review_action"":0,""count_other"":0}";import;qa_ok_importar_found
X59618300033/24;AUTOMATIC OIL FILTER;;138.000 kg;import;qa_ok_importar_found;true;4;20V4000M93;1701785, 1705525, 1709265, 1713010;236, 632, 1028, 1424;"{""total_rows"":4,""count_ok_importar"":4,""count_ok_eliminar"":0,""count_pending"":0,""count_review_action"":0,""count_other"":0}";import;qa_ok_importar_found
X59618500011;OIL RETURN LINE F/TURBO OIL SUPPLY;;;import;qa_ok_importar_found;true;2;20V4000M93L;1801720, 1805379;1331, 1711;"{""total_rows"":2,""count_ok_importar"":2,""count_ok_eliminar"":0,""count_pending"":0,""count_review_action"":0,""count_other"":0}";import;qa_ok_importar_found
X59618500012;OIL LINE F/TURBO OIL SUPPLY;;0.299 KGM;import;qa_ok_importar_found;true;2;20V4000M93L;1801717, 1805376;1331, 1711;"{""total_rows"":2,""count_ok_importar"":2,""count_ok_eliminar"":0,""count_pending"":0,""count_review_action"":0,""count_other"":0}";import;qa_ok_importar_found
X59618500013;OIL LINE F/TURBO OIL SUPPLY;;287.000 g;import;qa_ok_importar_found;true;2;20V4000M93L;1801746, 1805405;1331, 1711;"{""total_rows"":2,""count_ok_importar"":2,""count_ok_eliminar"":0,""count_pending"":0,""count_review_action"":0,""count_other"":0}";import;qa_ok_importar_found
X59618500014;OIL RETURN LINE F/TURBO OIL SUPPLY;;655.200 g;import;qa_ok_importar_found;true;2;20V4000M93L;1801795, 1805454;1332, 1712;"{""total_rows"":2,""count_ok_importar"":2,""count_ok_eliminar"":0,""count_pending"":0,""count_review_action"":0,""count_other"":0}";import;qa_ok_importar_found
X59618500015;OIL LINE F/TURBO OIL SUPPLY;;267.000 g;import;qa_ok_importar_found;true;2;20V4000M93L;1801792, 1805451;1332, 1712;"{""total_rows"":2,""count_ok_importar"":2,""count_ok_eliminar"":0,""count_pending"":0,""count_review_action"":0,""count_other"":0}";import;qa_ok_importar_found
X59618500016;OIL LINE F/TURBO OIL SUPPLY;;277.000 g;import;qa_ok_importar_found;true;2;20V4000M93L;1801829, 1805488;1333, 1713;"{""total_rows"":2,""count_ok_importar"":2,""count_ok_eliminar"":0,""count_pending"":0,""count_review_action"":0,""count_other"":0}";import;qa_ok_importar_found
X59618500020;OIL RETURN LINE FROM T/CHARGER, RT;;638.100 g SB EM;import;qa_ok_importar_found;true;2;20V4000M93L;1801832, 1805491;1333, 1713;"{""total_rows"":2,""count_ok_importar"":2,""count_ok_eliminar"":0,""count_pending"":0,""count_review_action"":0,""count_other"":0}";import;qa_ok_importar_found
X59618500021;OIL RETURN LINE;;625.100 g;import;qa_ok_importar_found;true;2;20V4000M93L;1801749, 1805408;1331, 1711;"{""total_rows"":2,""count_ok_importar"":2,""count_ok_eliminar"":0,""count_pending"":0,""count_review_action"":0,""count_other"":0}";import;qa_ok_importar_found
X59618500028;RETAINER;;0.515 kg;import;qa_ok_importar_found;true;2;20V4000M93L;1801741, 1805400;1331, 1711;"{""total_rows"":2,""count_ok_importar"":2,""count_ok_eliminar"":0,""count_pending"":0,""count_review_action"":0,""count_other"":0}";import;qa_ok_importar_found
X59618500034;RETAINER;;398.000 g;import;qa_ok_importar_found;true;2;20V4000M93L;1801550, 1805156;1298, 1675;"{""total_rows"":2,""count_ok_importar"":2,""count_ok_eliminar"":0,""count_pending"":0,""count_review_action"":0,""count_other"":0}";import;qa_ok_importar_found
X59618500045;OIL RETURN LINE F/TURBO OIL SUPPLY;;0.647 KGM;import;qa_ok_importar_found;true;4;20V4000M93;1702087, 1705827, 1709567, 1713311;252, 648, 1044, 1440;"{""total_rows"":4,""count_ok_importar"":4,""count_ok_eliminar"":0,""count_pending"":0,""count_review_action"":0,""count_other"":0}";import;qa_ok_importar_found
X59618500046;OIL RETURN LINE F/TURBO OIL SUPPLY;;0.6 KGM;import;qa_ok_importar_found;true;4;20V4000M93;1702043, 1705783, 1709523, 1713267;252, 648, 1044, 1440;"{""total_rows"":4,""count_ok_importar"":4,""count_ok_eliminar"":0,""count_pending"":0,""count_review_action"":0,""count_other"":0}";import;qa_ok_importar_found
X59618500047;OIL RETURN LINE F/TURBO OIL SUPPLY;;625.000 g;import;qa_ok_importar_found;true;4;20V4000M93;1702128, 1705868, 1709608, 1713351;253, 649, 1045, 1441;"{""total_rows"":4,""count_ok_importar"":4,""count_ok_eliminar"":0,""count_pending"":0,""count_review_action"":0,""count_other"":0}";import;qa_ok_importar_found
X59618500048;OIL RETURN LINE F/TURBO OIL SUPPLY;;613.000 g;import;qa_ok_importar_found;true;4;20V4000M93;1701995, 1705735, 1709475, 1713220;251, 647, 1043, 1439;"{""total_rows"":4,""count_ok_importar"":4,""count_ok_eliminar"":0,""count_pending"":0,""count_review_action"":0,""count_other"":0}";import;qa_ok_importar_found
X59618500051;OIL LINE F/TURBO OIL SUPPLY;;278.100 g;import;qa_ok_importar_found;true;4;20V4000M93;1702125, 1705865, 1709605, 1713348;253, 649, 1045, 1441;"{""total_rows"":4,""count_ok_importar"":4,""count_ok_eliminar"":0,""count_pending"":0,""count_review_action"":0,""count_other"":0}";import;qa_ok_importar_found
X59618500052;OIL LINE F/TURBO OIL SUPPLY;;0.28 KGM;import;qa_ok_importar_found;true;4;20V4000M93;1702040, 1705780, 1709520, 1713264;252, 648, 1044, 1440;"{""total_rows"":4,""count_ok_importar"":4,""count_ok_eliminar"":0,""count_pending"":0,""count_review_action"":0,""count_other"":0}";import;qa_ok_importar_found
X59618500053;OIL LINE F/TURBO OIL SUPPLY;;266.500 g;import;qa_ok_importar_found;true;4;20V4000M93;1702084, 1705824, 1709564, 1713308;252, 648, 1044, 1440;"{""total_rows"":4,""count_ok_importar"":4,""count_ok_eliminar"":0,""count_pending"":0,""count_review_action"":0,""count_other"":0}";import;qa_ok_importar_found
X59618500054;OIL LINE F/TURBO OIL SUPPLY;;0.300 kg;import;qa_ok_importar_found;true;4;20V4000M93;1701992, 1705732, 1709472, 1713217;251, 647, 1043, 1439;"{""total_rows"":4,""count_ok_importar"":4,""count_ok_eliminar"":0,""count_pending"":0,""count_review_action"":0,""count_other"":0}";import;qa_ok_importar_found
X59620200081;VENT LINE;;0.120 kg;import;qa_ok_importar_found;true;6;20V4000M93, 20V4000M93L;1702654, 1706394, 1710134, 1713878, 1802706, 1806365;288, 684, 1080, 1476, 1397, 1777;"{""total_rows"":6,""count_ok_importar"":6,""count_ok_eliminar"":0,""count_pending"":0,""count_review_action"":0,""count_other"":0}";import;qa_ok_importar_found
X59620200102;RETAINER;;4.860 kg;import;qa_ok_importar_found;true;2;20V4000M93L;1802380, 1806039;1385, 1765;"{""total_rows"":2,""count_ok_importar"":2,""count_ok_eliminar"":0,""count_pending"":0,""count_review_action"":0,""count_other"":0}";import;qa_ok_importar_found
X59620200103;COVER PLATE FOR SEAWATER COOLER;;45.467 kg;import;qa_ok_importar_found;true;5;16V4000M73L, 20V4000M93L;1501645, 1504852, 1507315, 1802784, 1806443;238, 724, 1069, 1400, 1780;"{""total_rows"":5,""count_ok_importar"":5,""count_ok_eliminar"":0,""count_pending"":0,""count_review_action"":0,""count_other"":0}";import;qa_ok_importar_found
X59620200109;RETAINER;;4.600 kg;import;qa_ok_importar_found;true;1;16V4000M73;1402115;267;"{""total_rows"":1,""count_ok_importar"":1,""count_ok_eliminar"":0,""count_pending"":0,""count_review_action"":0,""count_other"":0}";import;qa_ok_importar_found
X59620200110;COVER PLATE BR 4000;;46,000 kg;import;qa_ok_importar_found;true;1;12V4000M53;1201769;228;"{""total_rows"":1,""count_ok_importar"":1,""count_ok_eliminar"":0,""count_pending"":0,""count_review_action"":0,""count_other"":0}";import;qa_ok_importar_found
X59620200112;COOLANT LINE;;580.000 g SB;import;qa_ok_importar_found;true;4;20V4000M93;1702392, 1706132, 1709872, 1713616;280, 676, 1072, 1468;"{""total_rows"":4,""count_ok_importar"":4,""count_ok_eliminar"":0,""count_pending"":0,""count_review_action"":0,""count_other"":0}";import;qa_ok_importar_found
X59620200127;COOLANT DISTRIB HSG;;147.000 kg;import;qa_ok_importar_found;true;1;16V4000M73;1402363;286;"{""total_rows"":1,""count_ok_importar"":1,""count_ok_eliminar"":0,""count_pending"":0,""count_review_action"":0,""count_other"":0}";import;qa_ok_importar_found
X59620200128;COOLANT DISTRIBUTION HOUSING;;156.000 kg;import;qa_ok_importar_found;true;1;16V4000M73;1402352;285;"{""total_rows"":1,""count_ok_importar"":1,""count_ok_eliminar"":0,""count_pending"":0,""count_review_action"":0,""count_other"":0}";import;qa_ok_importar_found
X59620300015;VENT LINE;;190.000 g;import;qa_ok_importar_found;true;6;20V4000M93, 20V4000M93L;1702636, 1706376, 1710116, 1713860, 1802688, 1806347;288, 684, 1080, 1476, 1397, 1777;"{""total_rows"":6,""count_ok_importar"":6,""count_ok_eliminar"":0,""count_pending"":0,""count_review_action"":0,""count_other"":0}";import;qa_ok_importar_found
X59620600002;THERMOSTAT HOUSING;;;import;qa_ok_importar_found;true;2;20V4000M93L;1802852, 1806511;1411, 1791;"{""total_rows"":2,""count_ok_importar"":2,""count_ok_eliminar"":0,""count_pending"":0,""count_review_action"":0,""count_other"":0}";import;qa_ok_importar_found
X59620600003;THERMOSTAT HOUSING;;;import;qa_ok_importar_found;true;4;20V4000M93;1702793, 1706533, 1710273, 1714016;302, 698, 1094, 1490;"{""total_rows"":4,""count_ok_importar"":4,""count_ok_eliminar"":0,""count_pending"":0,""count_review_action"":0,""count_other"":0}";import;qa_ok_importar_found
X59620600004;THERMAL ACTUATOR;;;import;qa_ok_importar_found;true;4;20V4000M93;1702802, 1706542, 1710282, 1714025;302, 698, 1094, 1490;"{""total_rows"":4,""count_ok_importar"":4,""count_ok_eliminar"":0,""count_pending"":0,""count_review_action"":0,""count_other"":0}";import;qa_ok_importar_found
X59623100003;ENGINE SUPPORT;;3,569 kg;import;qa_ok_importar_found;true;1;12V4000M53;1202366;288;"{""total_rows"":1,""count_ok_importar"":1,""count_ok_eliminar"":0,""count_pending"":0,""count_review_action"":0,""count_other"":0}";import;qa_ok_importar_found
X59623100004;ENGINE SUPPORT MAIN PTO END;;8.3 KGM;import;qa_ok_importar_found;true;1;12V4000M53;1202361;287;"{""total_rows"":1,""count_ok_importar"":1,""count_ok_eliminar"":0,""count_pending"":0,""count_review_action"":0,""count_other"":0}";import;qa_ok_importar_found
X59623100008;MOUNTING BRACKET;;46.400 kg;import;qa_ok_importar_found;true;2;20V4000M93L;1803063, 1806721;1436, 1816;"{""total_rows"":2,""count_ok_importar"":2,""count_ok_eliminar"":0,""count_pending"":0,""count_review_action"":0,""count_other"":0}";import;qa_ok_importar_found
X59625100006/30;STEEL-SPRING COUPLG GL ACCEPTANCE;;170.000 kg;import;qa_ok_importar_found;true;2;20V4000M93L;1803064, 1806722;1438, 1818;"{""total_rows"":2,""count_ok_importar"":2,""count_ok_eliminar"":0,""count_pending"":0,""count_review_action"":0,""count_other"":0}";import;qa_ok_importar_found
X59625100029/24;STEEL-SPRING COUPLG CCS ACCEPTANCE;;201.000 kg;import;qa_ok_importar_found;true;4;20V4000M93;1702991, 1706731, 1710471, 1714213;329, 725, 1121, 1517;"{""total_rows"":4,""count_ok_importar"":4,""count_ok_eliminar"":0,""count_pending"":0,""count_review_action"":0,""count_other"":0}";import;qa_ok_importar_found
X59699100017;RETAINER;;2.124 kg;import;qa_ok_importar_found;true;6;20V4000M93, 20V4000M93L;1702359, 1706099, 1709839, 1713583, 1802410, 1806069;279, 675, 1071, 1467, 1387, 1767;"{""total_rows"":6,""count_ok_importar"":6,""count_ok_eliminar"":0,""count_pending"":0,""count_review_action"":0,""count_other"":0}";import;qa_ok_importar_found
X59699100019;RETAINER;;1.400 kg;import;qa_ok_importar_found;true;2;20V4000M93L;1802389, 1806048;1387, 1767;"{""total_rows"":2,""count_ok_importar"":2,""count_ok_eliminar"":0,""count_pending"":0,""count_review_action"":0,""count_other"":0}";import;qa_ok_importar_found
X59699100024;RETAINER;;246.000 g;import;qa_ok_importar_found;true;2;20V4000M93L;1801232, 1804838;1273, 1650;"{""total_rows"":2,""count_ok_importar"":2,""count_ok_eliminar"":0,""count_pending"":0,""count_review_action"":0,""count_other"":0}";import;qa_ok_importar_found
X59699100031;RETAINER;;213.500 g;import;qa_ok_importar_found;true;2;20V4000M93L;1801713, 1805372;1331, 1711;"{""total_rows"":2,""count_ok_importar"":2,""count_ok_eliminar"":0,""count_pending"":0,""count_review_action"":0,""count_other"":0}";import;qa_ok_importar_found
X59699100034;SPACER SLEEVE;10,5 X 22 X 18,5;0.042 KGM;import;qa_ok_importar_found;true;1;12V4000M53;1200265;42;"{""total_rows"":1,""count_ok_importar"":1,""count_ok_eliminar"":0,""count_pending"":0,""count_review_action"":0,""count_other"":0}";import;qa_ok_importar_found
X59699100041;PLUG FOR HEAT SHIELD;;;import;qa_ok_importar_found;true;8;20V4000M93L;1800847, 1800917, 1800978, 1801040, 1804453, 1804523, 1804584, 1804646;1238, 1245, 1248, 1251, 1615, 1622, 1625, 1628;"{""total_rows"":8,""count_ok_importar"":8,""count_ok_eliminar"":0,""count_pending"":0,""count_review_action"":0,""count_other"":0}";import;qa_ok_importar_found
X59699100051;RETAINER F. WIRING HARNESS;;;import;qa_ok_importar_found;true;1;16V4000M73;1402992;340;"{""total_rows"":1,""count_ok_importar"":1,""count_ok_eliminar"":0,""count_pending"":0,""count_review_action"":0,""count_other"":0}";import;qa_ok_importar_found
X59699100056;RETAINER;;379.000 g;import;qa_ok_importar_found;true;2;20V4000M93L;1802183, 1805842;1364, 1744;"{""total_rows"":2,""count_ok_importar"":2,""count_ok_eliminar"":0,""count_pending"":0,""count_review_action"":0,""count_other"":0}";import;qa_ok_importar_found
X59699100058;PLUG;;0.217 KGM;import;qa_ok_importar_found;true;1;12V4000M53;1202404;303;"{""total_rows"":1,""count_ok_importar"":1,""count_ok_eliminar"":0,""count_pending"":0,""count_review_action"":0,""count_other"":0}";import;qa_ok_importar_found
X59699100064;PLUG;;0.095 KGM;import;qa_ok_importar_found;true;2;16V4000M73L;1507727, 1510216;1121, 1456;"{""total_rows"":2,""count_ok_importar"":2,""count_ok_eliminar"":0,""count_pending"":0,""count_review_action"":0,""count_other"":0}";import;qa_ok_importar_found
X59699100256;RETAINER;;234.100 g;import;qa_ok_importar_found;true;4;20V4000M93;1701988, 1705728, 1709468, 1713213;251, 647, 1043, 1439;"{""total_rows"":4,""count_ok_importar"":4,""count_ok_eliminar"":0,""count_pending"":0,""count_review_action"":0,""count_other"":0}";import;qa_ok_importar_found
X59699100274;RETAINER;;1.25 KGM;import;qa_ok_importar_found;true;4;20V4000M93;1702337, 1706077, 1709817, 1713561;279, 675, 1071, 1467;"{""total_rows"":4,""count_ok_importar"":4,""count_ok_eliminar"":0,""count_pending"":0,""count_review_action"":0,""count_other"":0}";import;qa_ok_importar_found
X59699100281;SHAFT;;0.584 KGM;import;qa_ok_importar_found;true;1;12V4000M70;1900964;154;"{""total_rows"":1,""count_ok_importar"":1,""count_ok_eliminar"":0,""count_pending"":0,""count_review_action"":0,""count_other"":0}";import;qa_ok_importar_found
X59699100656;RETAINER;;250.500 g;import;qa_ok_importar_found;true;4;20V4000M93;1701268, 1705008, 1708748, 1712496;175, 571, 967, 1363;"{""total_rows"":4,""count_ok_importar"":4,""count_ok_eliminar"":0,""count_pending"":0,""count_review_action"":0,""count_other"":0}";import;qa_ok_importar_found
XP51566400020;GOVERNOR;;1.160 kg;import;qa_ok_importar_found;true;2;20V4000M93L;1807260, 1807279;1874, 1877;"{""total_rows"":2,""count_ok_importar"":2,""count_ok_eliminar"":0,""count_pending"":0,""count_review_action"":0,""count_other"":0}";import;qa_ok_importar_found
XP51699100033;NUT;;0.009 KGM;import;qa_ok_importar_found;true;1;12V4000M40A;1102646;145;"{""total_rows"":1,""count_ok_importar"":1,""count_ok_eliminar"":0,""count_pending"":0,""count_review_action"":0,""count_other"":0}";import;qa_ok_importar_found
XP52418900013;GEAR PUMP;;;import;qa_ok_importar_found;true;1;12V4000M40A;1102647;226;"{""total_rows"":1,""count_ok_importar"":1,""count_ok_eliminar"":0,""count_pending"":0,""count_review_action"":0,""count_other"":0}";import;qa_ok_importar_found
XP52499100226;V-BAND CLAMP;;0.5 KGM;import;qa_ok_importar_found;true;1;12V4000M53;1201447;198;"{""total_rows"":1,""count_ok_importar"":1,""count_ok_eliminar"":0,""count_pending"":0,""count_review_action"":0,""count_other"":0}";import;qa_ok_importar_found
XP52607300003;CONTROL BLOCK;;;import;qa_ok_importar_found;true;1;12V4000M53;1200538;94;"{""total_rows"":1,""count_ok_importar"":1,""count_ok_eliminar"":0,""count_pending"":0,""count_review_action"":0,""count_other"":0}";import;qa_ok_importar_found
XP52611400008;GASKET;1.30 M;0.065 KGM;import;qa_ok_importar_found;true;2;20V4000M93L;1801114, 1804720;1258, 1635;"{""total_rows"":2,""count_ok_importar"":2,""count_ok_eliminar"":0,""count_pending"":0,""count_review_action"":0,""count_other"":0}";import;qa_ok_importar_found
XP52618100009;GEAR PUMP;;5.57 KGM;import;qa_ok_importar_found;true;1;12V4000M70;1901411;207;"{""total_rows"":1,""count_ok_importar"":1,""count_ok_eliminar"":0,""count_pending"":0,""count_review_action"":0,""count_other"":0}";import;qa_ok_importar_found
XP52618300032;OIL FILTER ELEMENT;RUND ÜBERLAPPTE AUSFÜHRUNG;0.032 KGM;import;qa_ok_importar_found;true;4;20V4000M93;1701871, 1705611, 1709351, 1713096;239, 635, 1031, 1427;"{""total_rows"":4,""count_ok_importar"":4,""count_ok_eliminar"":0,""count_pending"":0,""count_review_action"":0,""count_other"":0}";import;qa_ok_importar_found
XP52699100008;FLANGE;;;import;qa_ok_importar_found;true;1;12V4000M40A;1102653;111;"{""total_rows"":1,""count_ok_importar"":1,""count_ok_eliminar"":0,""count_pending"":0,""count_review_action"":0,""count_other"":0}";import;qa_ok_importar_found
XP52699100011;SEAL RING;70X35X2;0.009 KGM;import;qa_ok_importar_found;true;1;12V4000M40A;1102654;111;"{""total_rows"":1,""count_ok_importar"":1,""count_ok_eliminar"":0,""count_pending"":0,""count_review_action"":0,""count_other"":0}";import;qa_ok_importar_found
XP52699100014;STRAINER;;0.017 KGM;import;qa_ok_importar_found;true;1;12V4000M40A;1102655;111;"{""total_rows"":1,""count_ok_importar"":1,""count_ok_eliminar"":0,""count_pending"":0,""count_review_action"":0,""count_other"":0}";import;qa_ok_importar_found
XP52699100128;ANGLE CONNECTION;;0.064 KGM;import;qa_ok_importar_found;true;5;16V4000M73L, 16V4000M90;1500197, 1503403, 1505866, 1508353, 1600165;35, 520, 865, 1208;"{""total_rows"":5,""count_ok_importar"":5,""count_ok_eliminar"":0,""count_pending"":0,""count_review_action"":0,""count_other"":0}";import;qa_ok_importar_found
XP52699100170;SHAFT SEAL RING;;0.028 KGM;import;qa_ok_importar_found;true;3;16V4000M73L, 20V4000M93L;1502084, 1510722, 1806791;299, 1549, 1831;"{""total_rows"":3,""count_ok_importar"":3,""count_ok_eliminar"":0,""count_pending"":0,""count_review_action"":0,""count_other"":0}";import;qa_ok_importar_found
XP52700600008;MAINTENANCE KIT;;1.246 KGM;import;qa_ok_importar_found;true;1;16V4000M73;1411155;1285;"{""total_rows"":1,""count_ok_importar"":1,""count_ok_eliminar"":0,""count_pending"":0,""count_review_action"":0,""count_other"":0}";import;qa_ok_importar_found
XP52707300006;CONTROL BLOCK;;5.240 kg;import;qa_ok_importar_found;true;4;20V4000M93;1700552, 1704300, 1708040, 1711780;99, 495, 891, 1287;"{""total_rows"":4,""count_ok_importar"":4,""count_ok_eliminar"":0,""count_pending"":0,""count_review_action"":0,""count_other"":0}";import;qa_ok_importar_found
XP52711400022;INTERCOOLER;LADELUFTKUEHLER;EM;import;qa_ok_importar_found;true;4;16V4000M73L;1500845, 1504051, 1506514, 1508999;138, 623, 968, 1310;"{""total_rows"":4,""count_ok_importar"":4,""count_ok_eliminar"":0,""count_pending"":0,""count_review_action"":0,""count_other"":0}";import;qa_ok_importar_found
XP52711400023;INTERCOOLER;;440.000 kg;import;qa_ok_importar_found;true;1;16V4000M73;1401026;152;"{""total_rows"":1,""count_ok_importar"":1,""count_ok_eliminar"":0,""count_pending"":0,""count_review_action"":0,""count_other"":0}";import;qa_ok_importar_found
XP52717300063;O-RING;;0.001 KGM;import;qa_ok_importar_found;true;1;12V4000M70;1901314;198;"{""total_rows"":1,""count_ok_importar"":1,""count_ok_eliminar"":0,""count_pending"":0,""count_review_action"":0,""count_other"":0}";import;qa_ok_importar_found
XP52725100022;O-RING;3 X 215;0.01 KGM;import;qa_ok_importar_found;true;2;20V4000M93L;1803083, 1806741;1440, 1820;"{""total_rows"":2,""count_ok_importar"":2,""count_ok_eliminar"":0,""count_pending"":0,""count_review_action"":0,""count_other"":0}";import;qa_ok_importar_found
XP52725100023;O-RING;;0.010 kg;import;qa_ok_importar_found;true;2;20V4000M93L;1803084, 1806742;1440, 1820;"{""total_rows"":2,""count_ok_importar"":2,""count_ok_eliminar"":0,""count_pending"":0,""count_review_action"":0,""count_other"":0}";import;qa_ok_importar_found
XP52725100024;O-RING;;0.010 kg;import;qa_ok_importar_found;true;2;20V4000M93L;1803085, 1806743;1440, 1820;"{""total_rows"":2,""count_ok_importar"":2,""count_ok_eliminar"":0,""count_pending"":0,""count_review_action"":0,""count_other"":0}";import;qa_ok_importar_found
XP52725100036;O-RING;;100.000 g;import;qa_ok_importar_found;true;2;20V4000M93L;1803081, 1806739;1440, 1820;"{""total_rows"":2,""count_ok_importar"":2,""count_ok_eliminar"":0,""count_pending"":0,""count_review_action"":0,""count_other"":0}";import;qa_ok_importar_found
XP52725100046;O-RING;;999.000 kg;import;qa_ok_importar_found;true;1;16V4000M73;1402598;312;"{""total_rows"":1,""count_ok_importar"":1,""count_ok_eliminar"":0,""count_pending"":0,""count_review_action"":0,""count_other"":0}";import;qa_ok_importar_found
XP52725100047;O-RING;;2.000 kg;import;qa_ok_importar_found;true;1;16V4000M73;1402600;312;"{""total_rows"":1,""count_ok_importar"":1,""count_ok_eliminar"":0,""count_pending"":0,""count_review_action"":0,""count_other"":0}";import;qa_ok_importar_found
XP52725100048;O-RING;;0.070 kg;import;qa_ok_importar_found;true;1;16V4000M73;1402601;312;"{""total_rows"":1,""count_ok_importar"":1,""count_ok_eliminar"":0,""count_pending"":0,""count_review_action"":0,""count_other"":0}";import;qa_ok_importar_found
XP52899100585;VALVE;;;import;qa_ok_importar_found;true;1;12V4000M70;1901352;201;"{""total_rows"":1,""count_ok_importar"":1,""count_ok_eliminar"":0,""count_pending"":0,""count_review_action"":0,""count_other"":0}";import;qa_ok_importar_found
XP52899100586;SCREW;;;import;qa_ok_importar_found;true;1;12V4000M70;1901363;201;"{""total_rows"":1,""count_ok_importar"":1,""count_ok_eliminar"":0,""count_pending"":0,""count_review_action"":0,""count_other"":0}";import;qa_ok_importar_found
XP52899100590;UNION END;;0.021 KGM;import;qa_ok_importar_found;true;1;12V4000M70;1901365;201;"{""total_rows"":1,""count_ok_importar"":1,""count_ok_eliminar"":0,""count_pending"":0,""count_review_action"":0,""count_other"":0}";import;qa_ok_importar_found
XP52899100595;O-RING;;0.001 KGM;import;qa_ok_importar_found;true;1;12V4000M70;1901350;201;"{""total_rows"":1,""count_ok_importar"":1,""count_ok_eliminar"":0,""count_pending"":0,""count_review_action"":0,""count_other"":0}";import;qa_ok_importar_found
XP52899100596;RING;;0.006 KGM;import;qa_ok_importar_found;true;1;12V4000M70;1901351;201;"{""total_rows"":1,""count_ok_importar"":1,""count_ok_eliminar"":0,""count_pending"":0,""count_review_action"":0,""count_other"":0}";import;qa_ok_importar_found
XP52899100597;PISTON RING, COMP.;;;import;qa_ok_importar_found;true;1;12V4000M70;1901358;201;"{""total_rows"":1,""count_ok_importar"":1,""count_ok_eliminar"":0,""count_pending"":0,""count_review_action"":0,""count_other"":0}";import;qa_ok_importar_found
XP52899100601;PRESSURE SPRING;;;import;qa_ok_importar_found;true;1;12V4000M70;1901357;201;"{""total_rows"":1,""count_ok_importar"":1,""count_ok_eliminar"":0,""count_pending"":0,""count_review_action"":0,""count_other"":0}";import;qa_ok_importar_found
XP52899100602;RING;;;import;qa_ok_importar_found;true;1;12V4000M70;1901356;201;"{""total_rows"":1,""count_ok_importar"":1,""count_ok_eliminar"":0,""count_pending"":0,""count_review_action"":0,""count_other"":0}";import;qa_ok_importar_found
XP53208800001;SWITCHGEAR CABINET;;;import;qa_ok_importar_found;true;1;12V4000M53;1206366;750;"{""total_rows"":1,""count_ok_importar"":1,""count_ok_eliminar"":0,""count_pending"":0,""count_review_action"":0,""count_other"":0}";import;qa_ok_importar_found
XP53208800003;DIFF-PRESSURE GAUGE WITH SWITCH;0-2,5 BAR, 2 KONTAKTE;3.704 KGM;import;qa_ok_importar_found;true;1;12V4000M53;1206367;750;"{""total_rows"":1,""count_ok_importar"":1,""count_ok_eliminar"":0,""count_pending"":0,""count_review_action"":0,""count_other"":0}";import;qa_ok_importar_found
XP53208800004;LEVEL PROBE;;155,000 g;import;qa_ok_importar_found;true;1;12V4000M53;1206369;750;"{""total_rows"":1,""count_ok_importar"":1,""count_ok_eliminar"":0,""count_pending"":0,""count_review_action"":0,""count_other"":0}";import;qa_ok_importar_found
XP53208800006;NON-RETURN VALVE;;;import;qa_ok_importar_found;true;1;12V4000M53;1206371;750;"{""total_rows"":1,""count_ok_importar"":1,""count_ok_eliminar"":0,""count_pending"":0,""count_review_action"":0,""count_other"":0}";import;qa_ok_importar_found
XP53208800007;MANOMETER;NG 63, 0-6 BAR;0.212 KGM;import;qa_ok_importar_found;true;1;12V4000M53;1206353;750;"{""total_rows"":1,""count_ok_importar"":1,""count_ok_eliminar"":0,""count_pending"":0,""count_review_action"":0,""count_other"":0}";import;qa_ok_importar_found
XP53208800064;GASKET;92X49X2;0.019 KGM;import;qa_ok_importar_found;true;1;12V4000M53;1206400;755;"{""total_rows"":1,""count_ok_importar"":1,""count_ok_eliminar"":0,""count_pending"":0,""count_review_action"":0,""count_other"":0}";import;qa_ok_importar_found
XP53517300040;WASHER;;0.02 KGM;import;qa_ok_importar_found;true;1;12V4000M40A;1102663;177;"{""total_rows"":1,""count_ok_importar"":1,""count_ok_eliminar"":0,""count_pending"":0,""count_review_action"":0,""count_other"":0}";import;qa_ok_importar_found
XP53517300055;SEALING RING;;;import;qa_ok_importar_found;true;1;12V4000M40A;1102674;177;"{""total_rows"":1,""count_ok_importar"":1,""count_ok_eliminar"":0,""count_pending"":0,""count_review_action"":0,""count_other"":0}";import;qa_ok_importar_found
XP53522400013;FILLISTER SCREW;M 10X 50;0.038 KGM;import;qa_ok_importar_found;true;4;16V4000M73L;1500839, 1504045, 1506508, 1508993;138, 623, 968, 1310;"{""total_rows"":4,""count_ok_importar"":4,""count_ok_eliminar"":0,""count_pending"":0,""count_review_action"":0,""count_other"":0}";import;qa_ok_importar_found
XP55825100001;DISHED WASHER;;6.800 g;import;qa_ok_importar_found;true;3;16V4000M90;1602027, 1602028, 1602052;280;"{""total_rows"":3,""count_ok_importar"":3,""count_ok_eliminar"":0,""count_pending"":0,""count_review_action"":0,""count_other"":0}";import;qa_ok_importar_found
XP55829300003;COUPLING;;0.368 KGM;import;qa_ok_importar_found;true;1;12V4000M70;1901407;207;"{""total_rows"":1,""count_ok_importar"":1,""count_ok_eliminar"":0,""count_pending"":0,""count_review_action"":0,""count_other"":0}";import;qa_ok_importar_found
XP56918100021;COVER;;1.39 KGM;import;qa_ok_importar_found;true;1;12V4000M70;1901419;208;"{""total_rows"":1,""count_ok_importar"":1,""count_ok_eliminar"":0,""count_pending"":0,""count_review_action"":0,""count_other"":0}";import;qa_ok_importar_found
XP56918100022;GEARCASE;;0,400 kg;import;qa_ok_importar_found;true;1;12V4000M70;1901423;208;"{""total_rows"":1,""count_ok_importar"":1,""count_ok_eliminar"":0,""count_pending"":0,""count_review_action"":0,""count_other"":0}";import;qa_ok_importar_found
XP56918100023;PR. LIM VV;;1.269 KGM;import;qa_ok_importar_found;true;1;12V4000M70;1901424;208;"{""total_rows"":1,""count_ok_importar"":1,""count_ok_eliminar"":0,""count_pending"":0,""count_review_action"":0,""count_other"":0}";import;qa_ok_importar_found
XP56918100024;OUTPUT SHAFT;;0.374 KGM;import;qa_ok_importar_found;true;1;12V4000M70;1901425;208;"{""total_rows"":1,""count_ok_importar"":1,""count_ok_eliminar"":0,""count_pending"":0,""count_review_action"":0,""count_other"":0}";import;qa_ok_importar_found
XP56918100025;IMPELLER SHAFT;;255,000 g;import;qa_ok_importar_found;true;1;12V4000M70;1901414;208;"{""total_rows"":1,""count_ok_importar"":1,""count_ok_eliminar"":0,""count_pending"":0,""count_review_action"":0,""count_other"":0}";import;qa_ok_importar_found
XP56918300032;O-RING;40,8 X 3,53;0.003 KGM;import;qa_ok_importar_found;true;10;16V4000M73L, 20V4000M93, 20V4000M93L;1501502, 1504709, 1507172, 1509660, 1701890, 1705630, 1709370, 1713115, 1802048, 1805707;222, 708, 1053, 1390, 240, 636, 1032, 1428, 1351, 1731;"{""total_rows"":10,""count_ok_importar"":10,""count_ok_eliminar"":0,""count_pending"":0,""count_review_action"":0,""count_other"":0}";import;qa_ok_importar_found
XP56918300033;O-RING;47,2 X 3,53;0.003 KGM;import;qa_ok_importar_found;true;10;16V4000M73L, 20V4000M93, 20V4000M93L;1501499, 1504706, 1507169, 1509657, 1701886, 1705626, 1709366, 1713111, 1802044, 1805703;222, 708, 1053, 1390, 240, 636, 1032, 1428, 1351, 1731;"{""total_rows"":10,""count_ok_importar"":10,""count_ok_eliminar"":0,""count_pending"":0,""count_review_action"":0,""count_other"":0}";import;qa_ok_importar_found
XP56918300035;O-RING;;;import;qa_ok_importar_found;true;6;20V4000M93, 20V4000M93L;1701888, 1705628, 1709368, 1713113, 1802046, 1805705;240, 636, 1032, 1428, 1351, 1731;"{""total_rows"":6,""count_ok_importar"":6,""count_ok_eliminar"":0,""count_pending"":0,""count_review_action"":0,""count_other"":0}";import;qa_ok_importar_found
XP56918300038;INDICATOR BUSHING;;0.006 KGM;import;qa_ok_importar_found;true;1;16V4000M73;1411182;1285;"{""total_rows"":1,""count_ok_importar"":1,""count_ok_eliminar"":0,""count_pending"":0,""count_review_action"":0,""count_other"":0}";import;qa_ok_importar_found
XP58320300006;PUMP;200 / 440V 50 / 60HZ IP55;10.55 KGM;import;qa_ok_importar_found;true;4;16V4000M73L;1502170, 1505311, 1507804, 1510293;315, 794, 1137, 1472;"{""total_rows"":4,""count_ok_importar"":4,""count_ok_eliminar"":0,""count_pending"":0,""count_review_action"":0,""count_other"":0}";import;qa_ok_importar_found
XP59320200147;HEATING ELEMENT;9 KW;;import;qa_ok_importar_found;true;1;12V4000M53;1201731;226;"{""total_rows"":1,""count_ok_importar"":1,""count_ok_eliminar"":0,""count_pending"":0,""count_review_action"":0,""count_other"":0}";import;qa_ok_importar_found
XP59408300034;FILTER CARTRIDGE FBO 60 356 10 MIC.;;;import;qa_ok_importar_found;true;1;16V4000M73;1400772;128;"{""total_rows"":1,""count_ok_importar"":1,""count_ok_eliminar"":0,""count_pending"":0,""count_review_action"":0,""count_other"":0}";import;qa_ok_importar_found
XP59408300055;MANOMETER;-0,3 - 10 BAR;107.200 g;import;qa_ok_importar_found;true;1;16V4000M73;1400781;129;"{""total_rows"":1,""count_ok_importar"":1,""count_ok_eliminar"":0,""count_pending"":0,""count_review_action"":0,""count_other"":0}";import;qa_ok_importar_found
XP59499100189;FLANGE FOR PUMP;;1.065 KGM;import;qa_ok_importar_found;true;1;12V4000M53;1201737;226;"{""total_rows"":1,""count_ok_importar"":1,""count_ok_eliminar"":0,""count_pending"":0,""count_review_action"":0,""count_other"":0}";import;qa_ok_importar_found
XT3499100004;BUSHING;;330,000 g;import;qa_ok_importar_found;true;1;12V4000M53;1200965;135;"{""total_rows"":1,""count_ok_importar"":1,""count_ok_eliminar"":0,""count_pending"":0,""count_review_action"":0,""count_other"":0}";import;qa_ok_importar_found
XT3499100005;BUSHING;;0.201 KGM;import;qa_ok_importar_found;true;1;12V4000M53;1200968;135;"{""total_rows"":1,""count_ok_importar"":1,""count_ok_eliminar"":0,""count_pending"":0,""count_review_action"":0,""count_other"":0}";import;qa_ok_importar_found
Z=2.201 031;PIN;;0.183 KGM;import;qa_ok_importar_found;true;1;12V4000M70;1902180;306;"{""total_rows"":1,""count_ok_importar"":1,""count_ok_eliminar"":0,""count_pending"":0,""count_review_action"":0,""count_other"":0}";import;qa_ok_importar_found
Z=2.201 033;VALVE SEAT 1;;;import;qa_ok_importar_found;true;1;12V4000M70;1902183;306;"{""total_rows"":1,""count_ok_importar"":1,""count_ok_eliminar"":0,""count_pending"":0,""count_review_action"":0,""count_other"":0}";import;qa_ok_importar_found
Z=7.4560.2.00;BASE COMPLETE;;;import;qa_ok_importar_found;true;1;12V4000M40A;1102735;288;"{""total_rows"":1,""count_ok_importar"":1,""count_ok_eliminar"":0,""count_pending"":0,""count_review_action"":0,""count_other"":0}";import;qa_ok_importar_found
Z=9-91224;BALL BEARING;;;import;qa_ok_importar_found;true;1;12V4000M70;1901313;198;"{""total_rows"":1,""count_ok_importar"":1,""count_ok_eliminar"":0,""count_pending"":0,""count_review_action"":0,""count_other"":0}";import;qa_ok_importar_found
Z=40X19X2;DISC WASHER (VULKAN);;14,700 G;import;qa_ok_importar_found;true;1;12V4000M40A;1102718;52;"{""total_rows"":1,""count_ok_importar"":1,""count_ok_eliminar"":0,""count_pending"":0,""count_review_action"":0,""count_other"":0}";import;qa_ok_importar_found
Z=0300 412;O-RING;;;import;qa_ok_importar_found;true;1;12V4000M40A;1102691;175;"{""total_rows"":1,""count_ok_importar"":1,""count_ok_eliminar"":0,""count_pending"":0,""count_review_action"":0,""count_other"":0}";import;qa_ok_importar_found
Z=0300 415;O-RING;;;import;qa_ok_importar_found;true;1;12V4000M40A;1102692;175;"{""total_rows"":1,""count_ok_importar"":1,""count_ok_eliminar"":0,""count_pending"":0,""count_review_action"":0,""count_other"":0}";import;qa_ok_importar_found
Z=0300 615;O-RING;;;import;qa_ok_importar_found;true;1;12V4000M40A;1102693;175;"{""total_rows"":1,""count_ok_importar"":1,""count_ok_eliminar"":0,""count_pending"":0,""count_review_action"":0,""count_other"":0}";import;qa_ok_importar_found
Z=0304 125;O-RING;;;import;qa_ok_importar_found;true;1;12V4000M40A;1102698;176;"{""total_rows"":1,""count_ok_importar"":1,""count_ok_eliminar"":0,""count_pending"":0,""count_review_action"":0,""count_other"":0}";import;qa_ok_importar_found
Z=5125 065;PRESSURE SPRING;;0.006 KGM;import;qa_ok_importar_found;true;1;12V4000M40A;1102725;172;"{""total_rows"":1,""count_ok_importar"":1,""count_ok_eliminar"":0,""count_pending"":0,""count_review_action"":0,""count_other"":0}";import;qa_ok_importar_found
Z=30467;BALL COCK;;7.829 KGM;import;qa_ok_importar_found;true;1;12V4000M70;1900692;121;"{""total_rows"":1,""count_ok_importar"":1,""count_ok_eliminar"":0,""count_pending"":0,""count_review_action"":0,""count_other"":0}";import;qa_ok_importar_found
Z=30560;SCREW;;;import;qa_ok_importar_found;true;1;12V4000M70;1900711;121;"{""total_rows"":1,""count_ok_importar"":1,""count_ok_eliminar"":0,""count_pending"":0,""count_review_action"":0,""count_other"":0}";import;qa_ok_importar_found
Z=150500;HOUSING;;;import;qa_ok_importar_found;true;1;12V4000M70;1900671;118;"{""total_rows"":1,""count_ok_importar"":1,""count_ok_eliminar"":0,""count_pending"":0,""count_review_action"":0,""count_other"":0}";import;qa_ok_importar_found
Z=150501;HOUSING;;;import;qa_ok_importar_found;true;1;12V4000M70;1900673;118;"{""total_rows"":1,""count_ok_importar"":1,""count_ok_eliminar"":0,""count_pending"":0,""count_review_action"":0,""count_other"":0}";import;qa_ok_importar_found
Z=150519;LEVER;;1,000 g;import;qa_ok_importar_found;true;1;12V4000M70;1900679;118;"{""total_rows"":1,""count_ok_importar"":1,""count_ok_eliminar"":0,""count_pending"":0,""count_review_action"":0,""count_other"":0}";import;qa_ok_importar_found
Z=150520;PIN;;75,000 g;import;qa_ok_importar_found;true;1;12V4000M70;1900678;118;"{""total_rows"":1,""count_ok_importar"":1,""count_ok_eliminar"":0,""count_pending"":0,""count_review_action"":0,""count_other"":0}";import;qa_ok_importar_found
Z=151009;COMPRESSION GLAND;GROESSE 0-2;0.025 KGM;import;qa_ok_importar_found;true;1;12V4000M70;1902174;306;"{""total_rows"":1,""count_ok_importar"":1,""count_ok_eliminar"":0,""count_pending"":0,""count_review_action"":0,""count_other"":0}";import;qa_ok_importar_found
Z=152003;VANE 1;;;import;qa_ok_importar_found;true;1;12V4000M70;1902179;306;"{""total_rows"":1,""count_ok_importar"":1,""count_ok_eliminar"":0,""count_pending"":0,""count_review_action"":0,""count_other"":0}";import;qa_ok_importar_found
Z=152007;SCREW 4;;;import;qa_ok_importar_found;true;1;12V4000M70;1902189;306;"{""total_rows"":1,""count_ok_importar"":1,""count_ok_eliminar"":0,""count_pending"":0,""count_review_action"":0,""count_other"":0}";import;qa_ok_importar_found
Z=166806-0;AXLE;;;import;qa_ok_importar_found;true;1;12V4000M40A;1102704;192;"{""total_rows"":1,""count_ok_importar"":1,""count_ok_eliminar"":0,""count_pending"":0,""count_review_action"":0,""count_other"":0}";import;qa_ok_importar_found
Z=166933-2;SHAFT;;;import;qa_ok_importar_found;true;1;12V4000M40A;1102705;192;"{""total_rows"":1,""count_ok_importar"":1,""count_ok_eliminar"":0,""count_pending"":0,""count_review_action"":0,""count_other"":0}";import;qa_ok_importar_found
Z=182004-2;VALVE;;;import;qa_ok_importar_found;true;1;12V4000M40A;1102707;192;"{""total_rows"":1,""count_ok_importar"":1,""count_ok_eliminar"":0,""count_pending"":0,""count_review_action"":0,""count_other"":0}";import;qa_ok_importar_found
Z=185194-8;HOUSING;;;import;qa_ok_importar_found;true;1;12V4000M40A;1102708;192;"{""total_rows"":1,""count_ok_importar"":1,""count_ok_eliminar"":0,""count_pending"":0,""count_review_action"":0,""count_other"":0}";import;qa_ok_importar_found
Z=185800-0;COVER;;;import;qa_ok_importar_found;true;1;12V4000M40A;1102709;192;"{""total_rows"":1,""count_ok_importar"":1,""count_ok_eliminar"":0,""count_pending"":0,""count_review_action"":0,""count_other"":0}";import;qa_ok_importar_found
Z=255719-7;PRESSURE SPRING;;0.014 KGM;import;qa_ok_importar_found;true;1;12V4000M40A;1102711;193;"{""total_rows"":1,""count_ok_importar"":1,""count_ok_eliminar"":0,""count_pending"":0,""count_review_action"":0,""count_other"":0}";import;qa_ok_importar_found
Z=400608;SCREW;;;import;qa_ok_importar_found;true;1;12V4000M70;1900688;118;"{""total_rows"":1,""count_ok_importar"":1,""count_ok_eliminar"":0,""count_pending"":0,""count_review_action"":0,""count_other"":0}";import;qa_ok_importar_found
Z=5209684;CLAMPING RING;;AB AUTOMATIKÖLFILTER;import;qa_ok_importar_found;true;1;16V4000M73;1411183;1285;"{""total_rows"":1,""count_ok_importar"":1,""count_ok_eliminar"":0,""count_pending"":0,""count_review_action"":0,""count_other"":0}";import;qa_ok_importar_found
Z=EN 24017 M16X16;HEX SCREW;;;import;qa_ok_importar_found;true;1;12V4000M40A;1102744;308;"{""total_rows"":1,""count_ok_importar"":1,""count_ok_eliminar"":0,""count_pending"":0,""count_review_action"":0,""count_other"":0}";import;qa_ok_importar_found
Z=G4 11661A;RING 2;;;import;qa_ok_importar_found;true;1;12V4000M40A;1102755;53;"{""total_rows"":1,""count_ok_importar"":1,""count_ok_eliminar"":0,""count_pending"":0,""count_review_action"":0,""count_other"":0}";import;qa_ok_importar_found
Z=G4 11897;FELT INSERT 2;;;import;qa_ok_importar_found;true;1;12V4000M40A;1102756;53;"{""total_rows"":1,""count_ok_importar"":1,""count_ok_eliminar"":0,""count_pending"":0,""count_review_action"":0,""count_other"":0}";import;qa_ok_importar_found
Z=M6X10DIN86;RD-HD SCRW;AC M6 X 10;;import;qa_ok_importar_found;true;1;12V4000M40A;1102757;288;"{""total_rows"":1,""count_ok_importar"":1,""count_ok_eliminar"":0,""count_pending"":0,""count_review_action"":0,""count_other"":0}";import;qa_ok_importar_found
