sku;designation_final;measurement_final;weight_final;decision;reason;qa_validated;occurrences;engines;source_ids;source_pages;qa_summary_json;import_decision;import_reason
10 5240981407;MANIFOLD INTAKE CHRG AIR O-RING HEX SCREW WASHER THREADED BUSHI COPPER SEALING THREAD PLUG COPPER SEALING THREAD PLUG COPPER SEALING;;;pending_review;qa_pending_or_review_found;false;2;20V4000M93L;1801271, 1804877;1279, 1656;"{""total_rows"":2,""count_ok_importar"":0,""count_ok_eliminar"":0,""count_pending"":2,""count_review_action"":2,""count_other"":2}";pending_review;qa_pending_or_review_found
10 5275305512;PLUG-IN BOARD PLATE SOFTWARE PLATE SOFTWARE;;;pending_review;qa_pending_or_review_found;false;2;16V4000M61;1302328, 1305099;370, 839;"{""total_rows"":2,""count_ok_importar"":0,""count_ok_eliminar"":0,""count_pending"":2,""count_review_action"":2,""count_other"":2}";pending_review;qa_pending_or_review_found
10 5275308412;PLUG-IN BOARD PLATE PLATE;;;pending_review;qa_pending_or_review_found;false;2;16V4000M61;1302308, 1305079;364, 833;"{""total_rows"":2,""count_ok_importar"":0,""count_ok_eliminar"":0,""count_pending"":2,""count_review_action"":2,""count_other"":2}";pending_review;qa_pending_or_review_found
10 INJECTOR 12 pc 3,500 kg EM;;;;pending_review;qa_pending_or_review_found;false;1;12V4000M53;1203690;452;"{""total_rows"":1,""count_ok_importar"":0,""count_ok_eliminar"":0,""count_pending"":1,""count_review_action"":1,""count_other"":1}";pending_review;qa_pending_or_review_found
14 MTU Frie;drichshafen Gm;e: 207 / 2;4-04;pending_review;qa_pending_or_review_found;false;7;12V4000M70;1901480, 1901730, 1901784, 1903867, 1904117, 1904171, 1905341;214, 251, 252, 551, 588, 589, 799;"{""total_rows"":7,""count_ok_importar"":0,""count_ok_eliminar"":0,""count_pending"":7,""count_review_action"":7,""count_other"":7}";pending_review;qa_pending_or_review_found
15 5240336101;CRANKSHAFT BEARING SIZE 2-3 Busine;;;pending_review;qa_pending_or_review_found;false;4;16V4000M73;1400390, 1403557, 1406726, 1409904;64, 418, 772, 1127;"{""total_rows"":4,""count_ok_importar"":0,""count_ok_eliminar"":0,""count_pending"":4,""count_review_action"":4,""count_other"":4}";pending_review;qa_pending_or_review_found
25 INJECTOR 16 pc 3.600 kg EM;;;;pending_review;qa_pending_or_review_found;false;4;16V4000M73;1400566, 1403733, 1406904, 1410082;103, 457, 811, 1166;"{""total_rows"":4,""count_ok_importar"":0,""count_ok_eliminar"":0,""count_pending"":4,""count_review_action"":4,""count_other"":4}";pending_review;qa_pending_or_review_found
25 INJECTOR 20 pc 3.600 kg EM;;;;pending_review;qa_pending_or_review_found;false;2;20V4000M93L;1800526, 1804097;1200, 1573;"{""total_rows"":2,""count_ok_importar"":0,""count_ok_eliminar"":0,""count_pending"":2,""count_review_action"":2,""count_other"":2}";pending_review;qa_pending_or_review_found
60 5282000258;BRACKET WASHER HEX SCREW CLAMP HALF TU GROMMET HEX SCREW VENT LINE CLAMP HALF TU GROMMET VENT LINE CLAMP HALF TU GROMMET WASHER HEX SCREW VENT LINE CLAMP HALF TU GROMMET HEX SCREW;;53.000 g;pending_review;qa_pending_or_review_found;false;6;20V4000M93, 20V4000M93L;1702499, 1706239, 1709979, 1713723, 1802551, 1806210;285, 681, 1077, 1473, 1394, 1774;"{""total_rows"":6,""count_ok_importar"":0,""count_ok_eliminar"":0,""count_pending"":6,""count_review_action"":6,""count_other"":6}";pending_review;qa_pending_or_review_found
90 0035337089;IDENTIFICATION PLAT E;47X135MM, BED 47X25MM;1,400 g;pending_review;qa_pending_or_review_found;false;2;12V4000M53;1206473, 1206608;783, 815;"{""total_rows"":2,""count_ok_importar"":0,""count_ok_eliminar"":0,""count_pending"":2,""count_review_action"":2,""count_other"":2}";pending_review;qa_pending_or_review_found
100 X52710100016;EXHAUST TURBOCHARGER RIGHT ZR195 STUD NUT HEX WASHER O-RING RING SEAL G7 KI KA HEX SCREW HEX SCREW SPACER;;;pending_review;qa_pending_or_review_found;false;1;16V4000M90;1600813;133;"{""total_rows"":1,""count_ok_importar"":0,""count_ok_eliminar"":0,""count_pending"":1,""count_review_action"":1,""count_other"":1}";pending_review;qa_pending_or_review_found
100 X52710100017;EXHAUST TURBOCHARGER LE STUD NUT HEX WASHER O-RING RING SEAL G7 KI KA HEX SCREW HEX SCREW SPACER;;;pending_review;qa_pending_or_review_found;false;1;16V4000M90;1600758;127;"{""total_rows"":1,""count_ok_importar"":0,""count_ok_eliminar"":0,""count_pending"":1,""count_review_action"":1,""count_other"":1}";pending_review;qa_pending_or_review_found
600 5240981853;TUBE FLOATING 84 ID TURBO/CAC;ge: 106 / 1;;pending_review;qa_pending_or_review_found;false;2;16V4000M90;1600770, 1600825;127, 133;"{""total_rows"":2,""count_ok_importar"":0,""count_ok_eliminar"":0,""count_pending"":2,""count_review_action"":2,""count_other"":2}";pending_review;qa_pending_or_review_found
710 5569970674;FITTING TEE VENT LINE CLAMP HALF TUBE GROMMET HEX SCREW RETAINER WASHER HEX SCREW RETAINER WASHER HEX SCREW CLAMP HALF TUBE GROMMET HEX SCREW RETAINER WASHER HEX SCREW RETAINER WASHER HEX SCREW VENT LINE VENT LINE CLAMP HALF TUBE GROMMET;;;pending_review;qa_pending_or_review_found;false;6;20V4000M93, 20V4000M93L;1702554, 1706294, 1710034, 1713778, 1802606, 1806265;286, 682, 1078, 1474, 1395, 1775;"{""total_rows"":6,""count_ok_importar"":0,""count_ok_eliminar"":0,""count_pending"":6,""count_review_action"":6,""count_other"":6}";pending_review;qa_pending_or_review_found
1240 X59308300034;FUEL FILTER MOUNTING PL WASHER HEX SCREW COLLECTING T WASHER HEX SCREW COPPER SEAL THREAD PLUG;;;pending_review;qa_pending_or_review_found;false;1;12V4000M53;1203972;477;"{""total_rows"":1,""count_ok_importar"":0,""count_ok_eliminar"":0,""count_pending"":1,""count_review_action"":1,""count_other"":1}";pending_review;qa_pending_or_review_found
1370 X56912300043;ACTUATING CYLINDER HEX SCREW CLEVIS ARTICULATED BEARING FOR FLAP CONTROL LEVER F/EXH FLAP CONTROL SCREW HEX SCREW PIN SPRING NUT RETAINER SPACER WASHER HEX SCREW WASHER HEX SCREW;;;pending_review;qa_pending_or_review_found;false;3;20V4000M93;1701505, 1705260, 1709000;196, 592, 988;"{""total_rows"":3,""count_ok_importar"":0,""count_ok_eliminar"":0,""count_pending"":3,""count_review_action"":3,""count_other"":3}";pending_review;qa_pending_or_review_found
1800 X56912300043;ACTUATING CYLINDER HEX SCREW RETAINER SPACER WASHER HEX SCREW WASHER HEX SCREW CLEVIS ARTICULATED BEARING FOR FLAP CONTROL LEVER F/EXH FLAP CONTROL SCREW HEX SCREW NUT PIN SPRING;;;pending_review;qa_pending_or_review_found;false;4;16V4000M73;1401318, 1404508, 1407677, 1410855;186, 540, 894, 1249;"{""total_rows"":4,""count_ok_importar"":0,""count_ok_eliminar"":0,""count_pending"":4,""count_review_action"":4,""count_other"":4}";pending_review;qa_pending_or_review_found
2300 X56912300043;ACTUATING CYLINDER RING SEALING A13 SCREW-FITTING UNION HEX SCREW RETAINER SPACER WASHER HEX SCREW WASHER HEX SCREW CLEVIS ARTICULATED BEARING FOR FLAP CONTROL LEVER F/EXH FLAP CONTROL SCREW HEX SCREW NUT PIN SPRING;;;pending_review;qa_pending_or_review_found;false;1;12V4000M53;1204419;526;"{""total_rows"":1,""count_ok_importar"":0,""count_ok_eliminar"":0,""count_pending"":1,""count_review_action"":1,""count_other"":1}";pending_review;qa_pending_or_review_found
00012500;WASHER;;1,500 g;pending_review;qa_pending_or_review_found;false;2;12V4000M70;1902062, 1904449;280, 617;"{""total_rows"":2,""count_ok_importar"":0,""count_ok_eliminar"":0,""count_pending"":2,""count_review_action"":2,""count_other"":2}";pending_review;qa_pending_or_review_found
00012501;WASHER;;5,500 g;pending_review;qa_pending_or_review_found;false;2;12V4000M70;1902064, 1904451;280, 617;"{""total_rows"":2,""count_ok_importar"":0,""count_ok_eliminar"":0,""count_pending"":2,""count_review_action"":2,""count_other"":2}";pending_review;qa_pending_or_review_found
40201;HYLOMAR M UNIVERSAL SEALANT;1 ST = 80 ML;0.105 KGM;pending_review;qa_pending_or_review_found;false;8;12V4000M70, 20V4000M93, 20V4000M93L;1902176, 1904563, 1702995, 1706735, 1710475, 1714217, 1803103, 1806764;306, 643, 332, 728, 1124, 1520, 1448, 1828;"{""total_rows"":8,""count_ok_importar"":0,""count_ok_eliminar"":0,""count_pending"":8,""count_review_action"":8,""count_other"":8}";pending_review;qa_pending_or_review_found
46531;UNION;H PG 13,5 - PG 9;0.01 KGM;pending_review;qa_pending_or_review_found;false;10;12V4000M53, 16V4000M61, 16V4000M73, 20V4000M93L;1203042, 1206202, 1302122, 1304893, 1402720, 1405889, 1409067, 1412270, 1803420, 1807102;348, 711, 346, 815, 323, 677, 1032, 1386, 1470, 1854;"{""total_rows"":10,""count_ok_importar"":0,""count_ok_eliminar"":0,""count_pending"":10,""count_review_action"":10,""count_other"":10}";pending_review;qa_pending_or_review_found
00047208;RING SNAP;;22,000 g;pending_review;qa_pending_or_review_found;false;2;12V4000M70;1902055, 1904442;280, 617;"{""total_rows"":2,""count_ok_importar"":0,""count_ok_eliminar"":0,""count_pending"":2,""count_review_action"":2,""count_other"":2}";pending_review;qa_pending_or_review_found
50010;SHRINKABLE HOSE;3/8 IN;0.025 KGM;pending_review;qa_pending_or_review_found;false;4;20V4000M93;1700583, 1704331, 1708071, 1711811;105, 501, 897, 1293;"{""total_rows"":4,""count_ok_importar"":0,""count_ok_eliminar"":0,""count_pending"":4,""count_review_action"":4,""count_other"":4}";pending_review;qa_pending_or_review_found
50155 TAPE SEALING PTFE;;MTS5034;;pending_review;qa_pending_or_review_found;false;1;20V4000M93;1712862;1403;"{""total_rows"":1,""count_ok_importar"":0,""count_ok_eliminar"":0,""count_pending"":1,""count_review_action"":1,""count_other"":1}";pending_review;qa_pending_or_review_found
50667 GREASE;;MTH5120;1.000 kg;pending_review;qa_pending_or_review_found;false;1;16V4000M90;1601146;168;"{""total_rows"":1,""count_ok_importar"":0,""count_ok_eliminar"":0,""count_pending"":1,""count_review_action"":1,""count_other"":1}";pending_review;qa_pending_or_review_found
00053301;SCREW;M 3X8 AEHNLIC;400,000;pending_review;qa_pending_or_review_found;false;1;12V4000M70;1905261;796;"{""total_rows"":1,""count_ok_importar"":0,""count_ok_eliminar"":0,""count_pending"":1,""count_review_action"":1,""count_other"":1}";pending_review;qa_pending_or_review_found
00053303;SCREW;M 4X12 AEHNLIC;1,800 g;pending_review;qa_pending_or_review_found;false;1;12V4000M70;1905259;796;"{""total_rows"":1,""count_ok_importar"":0,""count_ok_eliminar"":0,""count_pending"":1,""count_review_action"":1,""count_other"":1}";pending_review;qa_pending_or_review_found
00093100;BOLT HEX;;32,100 g;pending_review;qa_pending_or_review_found;false;2;12V4000M70;1902061, 1904448;280, 617;"{""total_rows"":2,""count_ok_importar"":0,""count_ok_eliminar"":0,""count_pending"":2,""count_review_action"":2,""count_other"":2}";pending_review;qa_pending_or_review_found
00093301;BOLT HEX S2000;;53,200 g MN;pending_review;qa_pending_or_review_found;false;4;12V4000M70;1902063, 1902065, 1904450, 1904452;280, 617;"{""total_rows"":4,""count_ok_importar"":0,""count_ok_eliminar"":0,""count_pending"":4,""count_review_action"":4,""count_other"":4}";pending_review;qa_pending_or_review_found
00120101;ROTARY SEAL;;136,700 g;pending_review;qa_pending_or_review_found;false;2;12V4000M70;1902058, 1904445;280, 617;"{""total_rows"":2,""count_ok_importar"":0,""count_ok_eliminar"":0,""count_pending"":2,""count_review_action"":2,""count_other"":2}";pending_review;qa_pending_or_review_found
00153327;CAP;723;4,000 g;pending_review;qa_pending_or_review_found;false;1;12V4000M70;1905263;796;"{""total_rows"":1,""count_ok_importar"":0,""count_ok_eliminar"":0,""count_pending"":1,""count_review_action"":1,""count_other"":1}";pending_review;qa_pending_or_review_found
000533704;;;;pending_review;qa_pending_or_review_found;false;4;20V4000M93;1703224, 1706964, 1710704, 1714446;353, 749, 1145, 1541;"{""total_rows"":4,""count_ok_importar"":0,""count_ok_eliminar"":0,""count_pending"":4,""count_review_action"":4,""count_other"":4}";pending_review;qa_pending_or_review_found
001237731;;;;pending_review;qa_pending_or_review_found;false;2;16V4000M61;1301775, 1304687;281, 780;"{""total_rows"":2,""count_ok_importar"":0,""count_ok_eliminar"":0,""count_pending"":2,""count_review_action"":2,""count_other"":2}";pending_review;qa_pending_or_review_found
01653151;BAYONET COUP;GR.6;97,500 g;pending_review;qa_pending_or_review_found;false;1;12V4000M70;1905271;796;"{""total_rows"":1,""count_ok_importar"":0,""count_ok_eliminar"":0,""count_pending"":1,""count_review_action"":1,""count_other"":1}";pending_review;qa_pending_or_review_found
01653152;BAYONET COUP;GR.10 EMV;117,500;pending_review;qa_pending_or_review_found;false;2;12V4000M70;1905256, 1905260;796;"{""total_rows"":2,""count_ok_importar"":0,""count_ok_eliminar"":0,""count_pending"":2,""count_review_action"":2,""count_other"":2}";pending_review;qa_pending_or_review_found
01653198;MODULE;2-P. 40A LP-ADA;30,000 g;pending_review;qa_pending_or_review_found;false;1;12V4000M70;1905275;796;"{""total_rows"":1,""count_ok_importar"":0,""count_ok_eliminar"":0,""count_pending"":1,""count_review_action"":1,""count_other"":1}";pending_review;qa_pending_or_review_found
01753100;FRAME;F. 2 MODULE UN;3,000 g;pending_review;qa_pending_or_review_found;false;1;12V4000M70;1905274;796;"{""total_rows"":1,""count_ok_importar"":0,""count_ok_eliminar"":0,""count_pending"":1,""count_review_action"":1,""count_other"":1}";pending_review;qa_pending_or_review_found
01753109;BAYONET COUP;GR.24 EMV;157,800;pending_review;qa_pending_or_review_found;false;1;12V4000M70;1905268;796;"{""total_rows"":1,""count_ok_importar"":0,""count_ok_eliminar"":0,""count_pending"":1,""count_review_action"":1,""count_other"":1}";pending_review;qa_pending_or_review_found
01753119;SEPARABLE CO PROTECTIVE CA;24-POL. 10A GR. LP-ANSCHL.;6,000 g;pending_review;qa_pending_or_review_found;false;1;12V4000M70;1905266;796;"{""total_rows"":1,""count_ok_importar"":0,""count_ok_eliminar"":0,""count_pending"":1,""count_review_action"":1,""count_other"":1}";pending_review;qa_pending_or_review_found
01753120;SEPARABLE CO;LP-ANSCHL.;3,000 g;pending_review;qa_pending_or_review_found;false;1;12V4000M70;1905258;796;"{""total_rows"":1,""count_ok_importar"":0,""count_ok_eliminar"":0,""count_pending"":1,""count_review_action"":1,""count_other"":1}";pending_review;qa_pending_or_review_found
01753121;SEPARABLE CO;6-POL. 16A GR.6;5,000 g;pending_review;qa_pending_or_review_found;false;1;12V4000M70;1905273;796;"{""total_rows"":1,""count_ok_importar"":0,""count_ok_eliminar"":0,""count_pending"":1,""count_review_action"":1,""count_other"":1}";pending_review;qa_pending_or_review_found
01753122;SEPARABLE CO;24-POL. 10A GR.;4,000 g;pending_review;qa_pending_or_review_found;false;1;12V4000M70;1905272;796;"{""total_rows"":1,""count_ok_importar"":0,""count_ok_eliminar"":0,""count_pending"":1,""count_review_action"":1,""count_other"":1}";pending_review;qa_pending_or_review_found
01753125;PROTECTIVE CA CONNECTOR;GR. 6 F. ANBAU;3,000 g;pending_review;qa_pending_or_review_found;false;1;12V4000M70;1905269;796;"{""total_rows"":1,""count_ok_importar"":0,""count_ok_eliminar"":0,""count_pending"":1,""count_review_action"":1,""count_other"":1}";pending_review;qa_pending_or_review_found
01753127;PROTECTIVE CA CONNECTOR;24. 16 F. ANBAU;78,440 g;pending_review;qa_pending_or_review_found;false;1;12V4000M70;1905267;796;"{""total_rows"":1,""count_ok_importar"":0,""count_ok_eliminar"":0,""count_pending"":1,""count_review_action"":1,""count_other"":1}";pending_review;qa_pending_or_review_found
01753131;PROTECTIVE CA;LP-ADAPTER 24-POL. 10A GR.;80,000 g;pending_review;qa_pending_or_review_found;false;1;12V4000M70;1905265;796;"{""total_rows"":1,""count_ok_importar"":0,""count_ok_eliminar"":0,""count_pending"":1,""count_review_action"":1,""count_other"":1}";pending_review;qa_pending_or_review_found
01753197;TRANSPORT PR;GR.6 F. ANBAUG;3,000 g;pending_review;qa_pending_or_review_found;false;1;12V4000M70;1905257;796;"{""total_rows"":1,""count_ok_importar"":0,""count_ok_eliminar"":0,""count_pending"":1,""count_review_action"":1,""count_other"":1}";pending_review;qa_pending_or_review_found
01753198;TRANSPORT PR;GR.10 F. ANBAU;3,000 g;pending_review;qa_pending_or_review_found;false;1;12V4000M70;1905255;796;"{""total_rows"":1,""count_ok_importar"":0,""count_ok_eliminar"":0,""count_pending"":1,""count_review_action"":1,""count_other"":1}";pending_review;qa_pending_or_review_found
01853100;TRANSPORT PR;GR.24 F. ANBAU;2,000 g;pending_review;qa_pending_or_review_found;false;1;12V4000M70;1905264;796;"{""total_rows"":1,""count_ok_importar"":0,""count_ok_eliminar"":0,""count_pending"":1,""count_review_action"":1,""count_other"":1}";pending_review;qa_pending_or_review_found
0002035183;RUBBER BELLOWS;STD EL 120MM, DN 50 MM;4.594 KGM;pending_review;qa_pending_or_review_found;false;2;20V4000M93L;1802965, 1806624;1421, 1801;"{""total_rows"":2,""count_ok_importar"":0,""count_ok_eliminar"":0,""count_pending"":2,""count_review_action"":2,""count_other"":2}";pending_review;qa_pending_or_review_found
009531648;;;;pending_review;qa_pending_or_review_found;false;3;16V4000M61, 16V4000M73L;1302461, 1502240, 1510814;396, 331, 1565;"{""total_rows"":3,""count_ok_importar"":0,""count_ok_eliminar"":0,""count_pending"":3,""count_review_action"":3,""count_other"":3}";pending_review;qa_pending_or_review_found
009531908;;;;pending_review;qa_pending_or_review_found;false;4;20V4000M93;1703223, 1706963, 1710703, 1714445;353, 749, 1145, 1541;"{""total_rows"":4,""count_ok_importar"":0,""count_ok_eliminar"":0,""count_pending"":4,""count_review_action"":4,""count_other"":4}";pending_review;qa_pending_or_review_found
10201520;;;;pending_review;qa_pending_or_review_found;false;6;20V4000M93, 20V4000M93L;1702439, 1706179, 1709919, 1713663, 1802491, 1806150;282, 678, 1074, 1470, 1391, 1771;"{""total_rows"":6,""count_ok_importar"":0,""count_ok_eliminar"":0,""count_pending"":6,""count_review_action"":6,""count_other"":6}";pending_review;qa_pending_or_review_found
10520550;0 540;;;pending_review;qa_pending_or_review_found;false;2;20V4000M93L;1803363, 1807045;1468, 1852;"{""total_rows"":2,""count_ok_importar"":0,""count_ok_eliminar"":0,""count_pending"":2,""count_review_action"":2,""count_other"":2}";pending_review;qa_pending_or_review_found
10901590;;;;pending_review;qa_pending_or_review_found;false;6;20V4000M93, 20V4000M93L;1702437, 1706177, 1709917, 1713661, 1802489, 1806148;282, 678, 1074, 1470, 1391, 1771;"{""total_rows"":6,""count_ok_importar"":0,""count_ok_eliminar"":0,""count_pending"":6,""count_review_action"":6,""count_other"":6}";pending_review;qa_pending_or_review_found
11001140;;;;pending_review;qa_pending_or_review_found;false;2;20V4000M93L;1802385, 1806044;1386, 1766;"{""total_rows"":2,""count_ok_importar"":0,""count_ok_eliminar"":0,""count_pending"":2,""count_review_action"":2,""count_other"":2}";pending_review;qa_pending_or_review_found
11012013;BAYONET COUPLING;;;pending_review;qa_pending_or_review_found;false;2;16V4000M61, 16V4000M73L;1302804, 1503053;473, 452;"{""total_rows"":2,""count_ok_importar"":0,""count_ok_eliminar"":0,""count_pending"":2,""count_review_action"":2,""count_other"":2}";pending_review;qa_pending_or_review_found
11050604;APPLIANCE CONNECTOR;;;pending_review;qa_pending_or_review_found;false;2;16V4000M73L;1503035, 1511264;448, 1645;"{""total_rows"":2,""count_ok_importar"":0,""count_ok_eliminar"":0,""count_pending"":2,""count_review_action"":2,""count_other"":2}";pending_review;qa_pending_or_review_found
12301525;155 1540 1420 0 1540 1340;;;pending_review;qa_pending_or_review_found;false;4;16V4000M73;1402134, 1405303, 1408481, 1411659;269, 623, 978, 1332;"{""total_rows"":4,""count_ok_importar"":0,""count_ok_eliminar"":0,""count_pending"":4,""count_review_action"":4,""count_other"":4}";pending_review;qa_pending_or_review_found
13001375;;;;pending_review;qa_pending_or_review_found;false;1;16V4000M90;1601731;232;"{""total_rows"":1,""count_ok_importar"":0,""count_ok_eliminar"":0,""count_pending"":1,""count_review_action"":1,""count_other"":1}";pending_review;qa_pending_or_review_found
13251225;;;;pending_review;qa_pending_or_review_found;false;2;16V4000M61;1301359, 1304272;218, 720;"{""total_rows"":2,""count_ok_importar"":0,""count_ok_eliminar"":0,""count_pending"":2,""count_review_action"":2,""count_other"":2}";pending_review;qa_pending_or_review_found
14601680;;;;pending_review;qa_pending_or_review_found;false;6;20V4000M93, 20V4000M93L;1702438, 1706178, 1709918, 1713662, 1802490, 1806149;282, 678, 1074, 1470, 1391, 1771;"{""total_rows"":6,""count_ok_importar"":0,""count_ok_eliminar"":0,""count_pending"":6,""count_review_action"":6,""count_other"":6}";pending_review;qa_pending_or_review_found
0015317686 5295300413/78;;;;pending_review;qa_pending_or_review_found;false;1;12V4000M70;1905039;745;"{""total_rows"":1,""count_ok_importar"":0,""count_ok_eliminar"":0,""count_pending"":1,""count_review_action"":1,""count_other"":1}";pending_review;qa_pending_or_review_found
16001675;;;;pending_review;qa_pending_or_review_found;false;1;16V4000M90;1601732;232;"{""total_rows"":1,""count_ok_importar"":0,""count_ok_eliminar"":0,""count_pending"":1,""count_review_action"":1,""count_other"":1}";pending_review;qa_pending_or_review_found
16020070;;;;pending_review;qa_pending_or_review_found;false;4;20V4000M93;1700600, 1704347, 1708087, 1711827;107, 503, 899, 1295;"{""total_rows"":4,""count_ok_importar"":0,""count_ok_eliminar"":0,""count_pending"":4,""count_review_action"":4,""count_other"":4}";pending_review;qa_pending_or_review_found
016531408;;;;pending_review;qa_pending_or_review_found;false;4;20V4000M93;1703210, 1706950, 1710690, 1714432;351, 747, 1143, 1539;"{""total_rows"":4,""count_ok_importar"":0,""count_ok_eliminar"":0,""count_pending"":4,""count_review_action"":4,""count_other"":4}";pending_review;qa_pending_or_review_found
016531438;;;;pending_review;qa_pending_or_review_found;false;4;20V4000M93;1703221, 1706961, 1710701, 1714443;353, 749, 1145, 1541;"{""total_rows"":4,""count_ok_importar"":0,""count_ok_eliminar"":0,""count_pending"":4,""count_review_action"":4,""count_other"":4}";pending_review;qa_pending_or_review_found
20062810;BEARING ANGUL;;750,000 g;pending_review;qa_pending_or_review_found;false;2;12V4000M70;1902072, 1904459;280, 617;"{""total_rows"":2,""count_ok_importar"":0,""count_ok_eliminar"":0,""count_pending"":2,""count_review_action"":2,""count_other"":2}";pending_review;qa_pending_or_review_found
20303025;BUTTON CAPS ROT;;;pending_review;qa_pending_or_review_found;false;1;16V4000M90;1602724;394;"{""total_rows"":1,""count_ok_importar"":0,""count_ok_eliminar"":0,""count_pending"":1,""count_review_action"":1,""count_other"":1}";pending_review;qa_pending_or_review_found
23024025;;"HD-SERIE NW22; 90&#x00B0; F.";;pending_review;qa_pending_or_review_found;false;1;12V4000M53;1206569;803;"{""total_rows"":1,""count_ok_importar"":0,""count_ok_eliminar"":0,""count_pending"":1,""count_review_action"":1,""count_other"":1}";pending_review;qa_pending_or_review_found
23503825;THERMOSTAT;;0.212 KGM;pending_review;qa_pending_or_review_found;false;1;20V4000M93L;1807272;1876;"{""total_rows"":1,""count_ok_importar"":0,""count_ok_eliminar"":0,""count_pending"":1,""count_review_action"":1,""count_other"":1}";pending_review;qa_pending_or_review_found
23511991;GASKET;;;pending_review;qa_pending_or_review_found;false;1;20V4000M93L;1807269;1876;"{""total_rows"":1,""count_ok_importar"":0,""count_ok_eliminar"":0,""count_pending"":1,""count_review_action"":1,""count_other"":1}";pending_review;qa_pending_or_review_found
23522269;GASKET;;;pending_review;qa_pending_or_review_found;false;1;20V4000M93L;1807270;1876;"{""total_rows"":1,""count_ok_importar"":0,""count_ok_eliminar"":0,""count_pending"":1,""count_review_action"":1,""count_other"":1}";pending_review;qa_pending_or_review_found
23523779;HOSE;;203.600 g;pending_review;qa_pending_or_review_found;false;6;20V4000M93, 20V4000M93L;1700241, 1703985, 1707725, 1711465, 1800238, 1803810;41, 437, 833, 1229, 1143, 1516;"{""total_rows"":6,""count_ok_importar"":0,""count_ok_eliminar"":0,""count_pending"":6,""count_review_action"":6,""count_other"":6}";pending_review;qa_pending_or_review_found
23529480;PUMP ASM;SEPARATE CIRC;;pending_review;qa_pending_or_review_found;false;1;20V4000M93L;1807274;1876;"{""total_rows"":1,""count_ok_importar"":0,""count_ok_eliminar"":0,""count_pending"":1,""count_review_action"":1,""count_other"":1}";pending_review;qa_pending_or_review_found
23530573;ELEMENT , OIL FILTER;;1.2 KGM;pending_review;qa_pending_or_review_found;false;1;20V4000M93L;1807273;1876;"{""total_rows"":1,""count_ok_importar"":0,""count_ok_eliminar"":0,""count_pending"":1,""count_review_action"":1,""count_other"":1}";pending_review;qa_pending_or_review_found
23530707;SECONDARY FUEL FILTER;2.3320;0.54 KGM;pending_review;qa_pending_or_review_found;false;1;20V4000M93L;1807264;1876;"{""total_rows"":1,""count_ok_importar"":0,""count_ok_eliminar"":0,""count_pending"":1,""count_review_action"":1,""count_other"":1}";pending_review;qa_pending_or_review_found
23540432;FILTER 4 LITER CENTRIFUGAL SPINNER OIL;;;pending_review;qa_pending_or_review_found;false;14;16V4000M73, 16V4000M73L, 20V4000M93, 20V4000M93L;1401708, 1404877, 1408055, 1411233, 1501511, 1504718, 1507181, 1509669, 1701892, 1705632, 1709372, 1713117, 1802050, 1805709;227, 581, 936, 1290, 224, 710, 1055, 1392, 241, 637, 1033, 1429, 1352, 1732;"{""total_rows"":14,""count_ok_importar"":0,""count_ok_eliminar"":0,""count_pending"":14,""count_review_action"":14,""count_other"":14}";pending_review;qa_pending_or_review_found
23540434;ROTOR DISASSEMBLY;;1.73 KGM;pending_review;qa_pending_or_review_found;false;14;16V4000M73, 16V4000M73L, 20V4000M93, 20V4000M93L;1401731, 1404900, 1408078, 1411256, 1501534, 1504741, 1507204, 1509692, 1701915, 1705655, 1709395, 1713140, 1802073, 1805732;228, 582, 937, 1291, 225, 711, 1056, 1393, 242, 638, 1034, 1430, 1353, 1733;"{""total_rows"":14,""count_ok_importar"":0,""count_ok_eliminar"":0,""count_pending"":14,""count_review_action"":14,""count_other"":14}";pending_review;qa_pending_or_review_found
23540454;BODY ASSEMBLY;;10.58 KGM;pending_review;qa_pending_or_review_found;false;14;16V4000M73, 16V4000M73L, 20V4000M93, 20V4000M93L;1401732, 1404901, 1408079, 1411257, 1501535, 1504742, 1507205, 1509693, 1701916, 1705656, 1709396, 1713141, 1802074, 1805733;228, 582, 937, 1291, 225, 711, 1056, 1393, 242, 638, 1034, 1430, 1353, 1733;"{""total_rows"":14,""count_ok_importar"":0,""count_ok_eliminar"":0,""count_pending"":14,""count_review_action"":14,""count_other"":14}";pending_review;qa_pending_or_review_found
23540455;CENTRIFUGAL OIL FILTER ASM;;8.7 KGM;pending_review;qa_pending_or_review_found;false;14;16V4000M73, 16V4000M73L, 20V4000M93, 20V4000M93L;1401724, 1404893, 1408071, 1411249, 1501527, 1504734, 1507197, 1509685, 1701908, 1705648, 1709388, 1713133, 1802066, 1805725;228, 582, 937, 1291, 225, 711, 1056, 1393, 242, 638, 1034, 1430, 1353, 1733;"{""total_rows"":14,""count_ok_importar"":0,""count_ok_eliminar"":0,""count_pending"":14,""count_review_action"":14,""count_other"":14}";pending_review;qa_pending_or_review_found
23540456;ROTOR COVER;;1.32 KGM;pending_review;qa_pending_or_review_found;false;12;16V4000M73, 16V4000M73L, 20V4000M93;1401734, 1404903, 1408081, 1411259, 1501537, 1504744, 1507207, 1509695, 1701918, 1705658, 1709398, 1713143;229, 583, 938, 1292, 226, 712, 1057, 1394, 243, 639, 1035, 1431;"{""total_rows"":12,""count_ok_importar"":0,""count_ok_eliminar"":0,""count_pending"":12,""count_review_action"":12,""count_other"":12}";pending_review;qa_pending_or_review_found
23540457;ROTOR TUBE;;2.600 kg;pending_review;qa_pending_or_review_found;false;14;16V4000M73, 16V4000M73L, 20V4000M93, 20V4000M93L;1401736, 1404905, 1408083, 1411261, 1501539, 1504746, 1507209, 1509697, 1701920, 1705660, 1709400, 1713145, 1802078, 1805737;229, 583, 938, 1292, 226, 712, 1057, 1394, 243, 639, 1035, 1431, 1354, 1734;"{""total_rows"":14,""count_ok_importar"":0,""count_ok_eliminar"":0,""count_pending"":14,""count_review_action"":14,""count_other"":14}";pending_review;qa_pending_or_review_found
23540458;ROTOR BASE;;1.54 KGM;pending_review;qa_pending_or_review_found;false;14;16V4000M73, 16V4000M73L, 20V4000M93, 20V4000M93L;1401737, 1404906, 1408084, 1411262, 1501540, 1504747, 1507210, 1509698, 1701921, 1705661, 1709401, 1713146, 1802079, 1805738;229, 583, 938, 1292, 226, 712, 1057, 1394, 243, 639, 1035, 1431, 1354, 1734;"{""total_rows"":14,""count_ok_importar"":0,""count_ok_eliminar"":0,""count_pending"":14,""count_review_action"":14,""count_other"":14}";pending_review;qa_pending_or_review_found
23540459;NOZZLE;;0.012 KGM;pending_review;qa_pending_or_review_found;false;14;16V4000M73, 16V4000M73L, 20V4000M93, 20V4000M93L;1401738, 1404907, 1408085, 1411263, 1501541, 1504748, 1507211, 1509699, 1701922, 1705662, 1709402, 1713147, 1802080, 1805739;229, 583, 938, 1292, 226, 712, 1057, 1394, 243, 639, 1035, 1431, 1354, 1734;"{""total_rows"":14,""count_ok_importar"":0,""count_ok_eliminar"":0,""count_pending"":14,""count_review_action"":14,""count_other"":14}";pending_review;qa_pending_or_review_found
23540460;CIRCLIP KIT;;0.017 KGM;pending_review;qa_pending_or_review_found;false;14;16V4000M73, 16V4000M73L, 20V4000M93, 20V4000M93L;1401730, 1404899, 1408077, 1411255, 1501533, 1504740, 1507203, 1509691, 1701914, 1705654, 1709394, 1713139, 1802072, 1805731;228, 582, 937, 1291, 225, 711, 1056, 1393, 242, 638, 1034, 1430, 1353, 1733;"{""total_rows"":14,""count_ok_importar"":0,""count_ok_eliminar"":0,""count_pending"":14,""count_review_action"":14,""count_other"":14}";pending_review;qa_pending_or_review_found
23540461;ROTOR COVER NUT;;0.435 KGM;pending_review;qa_pending_or_review_found;false;14;16V4000M73, 16V4000M73L, 20V4000M93, 20V4000M93L;1401735, 1404904, 1408082, 1411260, 1501538, 1504745, 1507208, 1509696, 1701919, 1705659, 1709399, 1713144, 1802077, 1805736;229, 583, 938, 1292, 226, 712, 1057, 1394, 243, 639, 1035, 1431, 1354, 1734;"{""total_rows"":14,""count_ok_importar"":0,""count_ok_eliminar"":0,""count_pending"":14,""count_review_action"":14,""count_other"":14}";pending_review;qa_pending_or_review_found
23540463;BEARING TUBE;;1.500 kg;pending_review;qa_pending_or_review_found;false;14;16V4000M73, 16V4000M73L, 20V4000M93, 20V4000M93L;1401733, 1404902, 1408080, 1411258, 1501536, 1504743, 1507206, 1509694, 1701917, 1705657, 1709397, 1713142, 1802075, 1805734;229, 583, 938, 1292, 226, 712, 1057, 1394, 243, 639, 1035, 1431, 1354, 1734;"{""total_rows"":14,""count_ok_importar"":0,""count_ok_eliminar"":0,""count_pending"":14,""count_review_action"":14,""count_other"":14}";pending_review;qa_pending_or_review_found
23540464;SEPARATION CONE;;195.000 g;pending_review;qa_pending_or_review_found;false;14;16V4000M73, 16V4000M73L, 20V4000M93, 20V4000M93L;1401739, 1404908, 1408086, 1411264, 1501542, 1504749, 1507212, 1509700, 1701923, 1705663, 1709403, 1713148, 1802081, 1805740;229, 583, 938, 1292, 226, 712, 1057, 1394, 243, 639, 1035, 1431, 1354, 1734;"{""total_rows"":14,""count_ok_importar"":0,""count_ok_eliminar"":0,""count_pending"":14,""count_review_action"":14,""count_other"":14}";pending_review;qa_pending_or_review_found
23540465;PAPER ELEMENT;;0.002 kg 1 ST. GLEICH 1 PAPIERSTREIFEN;pending_review;qa_pending_or_review_found;false;14;16V4000M73, 16V4000M73L, 20V4000M93, 20V4000M93L;1401740, 1404909, 1408087, 1411265, 1501543, 1504750, 1507213, 1509701, 1701924, 1705664, 1709404, 1713149, 1802082, 1805741;229, 583, 938, 1292, 226, 712, 1057, 1394, 243, 639, 1035, 1431, 1354, 1734;"{""total_rows"":14,""count_ok_importar"":0,""count_ok_eliminar"":0,""count_pending"":14,""count_review_action"":14,""count_other"":14}";pending_review;qa_pending_or_review_found
23540466;COVER ASSEMBLY;;4.74 KGM;pending_review;qa_pending_or_review_found;false;14;16V4000M73, 16V4000M73L, 20V4000M93, 20V4000M93L;1401725, 1404894, 1408072, 1411250, 1501528, 1504735, 1507198, 1509686, 1701909, 1705649, 1709389, 1713134, 1802067, 1805726;228, 582, 937, 1291, 225, 711, 1056, 1393, 242, 638, 1034, 1430, 1353, 1733;"{""total_rows"":14,""count_ok_importar"":0,""count_ok_eliminar"":0,""count_pending"":14,""count_review_action"":14,""count_other"":14}";pending_review;qa_pending_or_review_found
23540468;COVER NUT FIXING KIT;;0.346 KGM;pending_review;qa_pending_or_review_found;false;14;16V4000M73, 16V4000M73L, 20V4000M93, 20V4000M93L;1401727, 1404896, 1408074, 1411252, 1501530, 1504737, 1507200, 1509688, 1701911, 1705651, 1709391, 1713136, 1802069, 1805728;228, 582, 937, 1291, 225, 711, 1056, 1393, 242, 638, 1034, 1430, 1353, 1733;"{""total_rows"":14,""count_ok_importar"":0,""count_ok_eliminar"":0,""count_pending"":14,""count_review_action"":14,""count_other"":14}";pending_review;qa_pending_or_review_found
23540469;BAND CLAMP;;1.083 KGM;pending_review;qa_pending_or_review_found;false;14;16V4000M73, 16V4000M73L, 20V4000M93, 20V4000M93L;1401726, 1404895, 1408073, 1411251, 1501529, 1504736, 1507199, 1509687, 1701910, 1705650, 1709390, 1713135, 1802068, 1805727;228, 582, 937, 1291, 225, 711, 1056, 1393, 242, 638, 1034, 1430, 1353, 1733;"{""total_rows"":14,""count_ok_importar"":0,""count_ok_eliminar"":0,""count_pending"":14,""count_review_action"":14,""count_other"":14}";pending_review;qa_pending_or_review_found
23540470;SUPPL. FEED VALVE;;0.455 KGM;pending_review;qa_pending_or_review_found;false;14;16V4000M73, 16V4000M73L, 20V4000M93, 20V4000M93L;1401728, 1404897, 1408075, 1411253, 1501531, 1504738, 1507201, 1509689, 1701912, 1705652, 1709392, 1713137, 1802070, 1805729;228, 582, 937, 1291, 225, 711, 1056, 1393, 242, 638, 1034, 1430, 1353, 1733;"{""total_rows"":14,""count_ok_importar"":0,""count_ok_eliminar"":0,""count_pending"":14,""count_review_action"":14,""count_other"":14}";pending_review;qa_pending_or_review_found
23540471;SEALS KIT;;0.102 KGM;pending_review;qa_pending_or_review_found;false;14;16V4000M73, 16V4000M73L, 20V4000M93, 20V4000M93L;1401729, 1404898, 1408076, 1411254, 1501532, 1504739, 1507202, 1509690, 1701913, 1705653, 1709393, 1713138, 1802071, 1805730;228, 582, 937, 1291, 225, 711, 1056, 1393, 242, 638, 1034, 1430, 1353, 1733;"{""total_rows"":14,""count_ok_importar"":0,""count_ok_eliminar"":0,""count_pending"":14,""count_review_action"":14,""count_other"":14}";pending_review;qa_pending_or_review_found
23822310;;;;pending_review;qa_pending_or_review_found;false;6;20V4000M93, 20V4000M93L;1702443, 1706183, 1709923, 1713667, 1802495, 1806154;284, 680, 1076, 1472, 1393, 1773;"{""total_rows"":6,""count_ok_importar"":0,""count_ok_eliminar"":0,""count_pending"":6,""count_review_action"":6,""count_other"":6}";pending_review;qa_pending_or_review_found
25002640;;;;pending_review;qa_pending_or_review_found;false;6;20V4000M93, 20V4000M93L;1702442, 1706182, 1709922, 1713666, 1802494, 1806153;284, 680, 1076, 1472, 1393, 1773;"{""total_rows"":6,""count_ok_importar"":0,""count_ok_eliminar"":0,""count_pending"":6,""count_review_action"":6,""count_other"":6}";pending_review;qa_pending_or_review_found
25220225;;;;pending_review;qa_pending_or_review_found;false;1;16V4000M90;1601125;167;"{""total_rows"":1,""count_ok_importar"":0,""count_ok_eliminar"":0,""count_pending"":1,""count_review_action"":1,""count_other"":1}";pending_review;qa_pending_or_review_found
0025315581;1 TERMINAL;ORANGE;;pending_review;qa_pending_or_review_found;false;1;12V4000M53;1206599;813;"{""total_rows"":1,""count_ok_importar"":0,""count_ok_eliminar"":0,""count_pending"":1,""count_review_action"":1,""count_other"":1}";pending_review;qa_pending_or_review_found
25640456;ROTOR COVER;;;pending_review;qa_pending_or_review_found;false;2;20V4000M93L;1802076, 1805735;1354, 1734;"{""total_rows"":2,""count_ok_importar"":0,""count_ok_eliminar"":0,""count_pending"":2,""count_review_action"":2,""count_other"":2}";pending_review;qa_pending_or_review_found
25702550;;;;pending_review;qa_pending_or_review_found;false;6;20V4000M93, 20V4000M93L;1702444, 1706184, 1709924, 1713668, 1802496, 1806155;284, 680, 1076, 1472, 1393, 1773;"{""total_rows"":6,""count_ok_importar"":0,""count_ok_eliminar"":0,""count_pending"":6,""count_review_action"":6,""count_other"":6}";pending_review;qa_pending_or_review_found
26502760;;;;pending_review;qa_pending_or_review_found;false;6;20V4000M93, 20V4000M93L;1702441, 1706181, 1709921, 1713665, 1802493, 1806152;284, 680, 1076, 1472, 1393, 1773;"{""total_rows"":6,""count_ok_importar"":0,""count_ok_eliminar"":0,""count_pending"":6,""count_review_action"":6,""count_other"":6}";pending_review;qa_pending_or_review_found
26802386;;;;pending_review;qa_pending_or_review_found;false;6;20V4000M93, 20V4000M93L;1702440, 1706180, 1709920, 1713664, 1802492, 1806151;284, 680, 1076, 1472, 1393, 1773;"{""total_rows"":6,""count_ok_importar"":0,""count_ok_eliminar"":0,""count_pending"":6,""count_review_action"":6,""count_other"":6}";pending_review;qa_pending_or_review_found
30120130;;;;pending_review;qa_pending_or_review_found;false;1;12V4000M53;1205520;648;"{""total_rows"":1,""count_ok_importar"":0,""count_ok_eliminar"":0,""count_pending"":1,""count_review_action"":1,""count_other"":1}";pending_review;qa_pending_or_review_found
33008700;;;;pending_review;qa_pending_or_review_found;false;1;12V4000M53;1205559;663;"{""total_rows"":1,""count_ok_importar"":0,""count_ok_eliminar"":0,""count_pending"":1,""count_review_action"":1,""count_other"":1}";pending_review;qa_pending_or_review_found
0035352931;PRESSURE SEN SOR;;163,200 G;pending_review;qa_pending_or_review_found;false;7;16V4000M73L, 20V4000M93L;1502303, 1505340, 1507833, 1510314, 1510347, 1803335, 1807017;337, 799, 1142, 1477, 1466, 1850;"{""total_rows"":7,""count_ok_importar"":0,""count_ok_eliminar"":0,""count_pending"":7,""count_review_action"":7,""count_other"":7}";pending_review;qa_pending_or_review_found
36003900;;;;pending_review;qa_pending_or_review_found;false;4;20V4000M93;1701978, 1705718, 1709458, 1713203;250, 646, 1042, 1438;"{""total_rows"":4,""count_ok_importar"":0,""count_ok_eliminar"":0,""count_pending"":4,""count_review_action"":4,""count_other"":4}";pending_review;qa_pending_or_review_found
37303170;0 150 4100 370 0;;;pending_review;qa_pending_or_review_found;false;1;12V4000M53;1204655;567;"{""total_rows"":1,""count_ok_importar"":0,""count_ok_eliminar"":0,""count_pending"":1,""count_review_action"":1,""count_other"":1}";pending_review;qa_pending_or_review_found
37504150;;;;pending_review;qa_pending_or_review_found;false;4;20V4000M93;1701977, 1705717, 1709457, 1713202;250, 646, 1042, 1438;"{""total_rows"":4,""count_ok_importar"":0,""count_ok_eliminar"":0,""count_pending"":4,""count_review_action"":4,""count_other"":4}";pending_review;qa_pending_or_review_found
40530500;4 390 00;;;pending_review;qa_pending_or_review_found;false;4;20V4000M93L;1800889, 1801012, 1804495, 1804618;1244, 1250, 1621, 1627;"{""total_rows"":4,""count_ok_importar"":0,""count_ok_eliminar"":0,""count_pending"":4,""count_review_action"":4,""count_other"":4}";pending_review;qa_pending_or_review_found
40601020;SEALING STRIP;;;pending_review;qa_pending_or_review_found;false;8;16V4000M73, 16V4000M73L;1401037, 1404206, 1407375, 1410553, 1500841, 1504047, 1506510, 1508995;153, 507, 861, 1216, 138, 623, 968, 1310;"{""total_rows"":8,""count_ok_importar"":0,""count_ok_eliminar"":0,""count_pending"":8,""count_review_action"":8,""count_other"":8}";pending_review;qa_pending_or_review_found
45505400;;;;pending_review;qa_pending_or_review_found;false;1;12V4000M53;1205561;663;"{""total_rows"":1,""count_ok_importar"":0,""count_ok_eliminar"":0,""count_pending"":1,""count_review_action"":1,""count_other"":1}";pending_review;qa_pending_or_review_found
50005000;330 5050 6720 96 98 40 20;;;pending_review;qa_pending_or_review_found;false;1;12V4000M53;1205558;663;"{""total_rows"":1,""count_ok_importar"":0,""count_ok_eliminar"":0,""count_pending"":1,""count_review_action"":1,""count_other"":1}";pending_review;qa_pending_or_review_found
51040210;;;;pending_review;qa_pending_or_review_found;false;2;20V4000M93L;1801950, 1805609;1347, 1727;"{""total_rows"":2,""count_ok_importar"":0,""count_ok_eliminar"":0,""count_pending"":2,""count_review_action"":2,""count_other"":2}";pending_review;qa_pending_or_review_found
52418801;COPPER SEALING RING;MBN15005;6,200 g;pending_review;qa_pending_or_review_found;false;2;12V4000M70;1901589, 1903976;233, 570;"{""total_rows"":2,""count_ok_importar"":0,""count_ok_eliminar"":0,""count_pending"":2,""count_review_action"":2,""count_other"":2}";pending_review;qa_pending_or_review_found
52720101;SEAL CARRIER F;;172,800 g;pending_review;qa_pending_or_review_found;false;6;12V4000M70;1902067, 1902068, 1902070, 1904454, 1904455, 1904457;280, 617;"{""total_rows"":6,""count_ok_importar"":0,""count_ok_eliminar"":0,""count_pending"":6,""count_review_action"":6,""count_other"":6}";pending_review;qa_pending_or_review_found
52720104;SPIRAL HOUSING;;17,076 kg;pending_review;qa_pending_or_review_found;false;2;12V4000M70;1902069, 1904456;280, 617;"{""total_rows"":2,""count_ok_importar"":0,""count_ok_eliminar"":0,""count_pending"":2,""count_review_action"":2,""count_other"":2}";pending_review;qa_pending_or_review_found
52720105;SHAFT WAT PUM;;1,904 kg;pending_review;qa_pending_or_review_found;false;2;12V4000M70;1902054, 1904441;280, 617;"{""total_rows"":2,""count_ok_importar"":0,""count_ok_eliminar"":0,""count_pending"":2,""count_review_action"":2,""count_other"":2}";pending_review;qa_pending_or_review_found
57001800;;;;pending_review;qa_pending_or_review_found;false;4;20V4000M93;1701970, 1705710, 1709450, 1713195;250, 646, 1042, 1438;"{""total_rows"":4,""count_ok_importar"":0,""count_ok_eliminar"":0,""count_pending"":4,""count_review_action"":4,""count_other"":4}";pending_review;qa_pending_or_review_found
60062059;0 550 540;;;pending_review;qa_pending_or_review_found;false;2;20V4000M93L;1803361, 1807043;1468, 1852;"{""total_rows"":2,""count_ok_importar"":0,""count_ok_eliminar"":0,""count_pending"":2,""count_review_action"":2,""count_other"":2}";pending_review;qa_pending_or_review_found
60305011;;;;pending_review;qa_pending_or_review_found;false;4;16V4000M73;1400600, 1403770, 1406939, 1410117;108, 462, 816, 1171;"{""total_rows"":4,""count_ok_importar"":0,""count_ok_eliminar"":0,""count_pending"":4,""count_review_action"":4,""count_other"":4}";pending_review;qa_pending_or_review_found
62060054;0;;;pending_review;qa_pending_or_review_found;false;2;20V4000M93L;1802384, 1806043;1386, 1766;"{""total_rows"":2,""count_ok_importar"":0,""count_ok_eliminar"":0,""count_pending"":2,""count_review_action"":2,""count_other"":2}";pending_review;qa_pending_or_review_found
67068069;0 590 l Online Print 25-12-2604023;;;pending_review;qa_pending_or_review_found;false;2;20V4000M93L;1803362, 1807044;1468, 1852;"{""total_rows"":2,""count_ok_importar"":0,""count_ok_eliminar"":0,""count_pending"":2,""count_review_action"":2,""count_other"":2}";pending_review;qa_pending_or_review_found
67503800;;;;pending_review;qa_pending_or_review_found;false;4;20V4000M93;1701976, 1705716, 1709456, 1713201;250, 646, 1042, 1438;"{""total_rows"":4,""count_ok_importar"":0,""count_ok_eliminar"":0,""count_pending"":4,""count_review_action"":4,""count_other"":4}";pending_review;qa_pending_or_review_found
70038604;SEAL OIL 48 X 72;;31,200 g;pending_review;qa_pending_or_review_found;false;2;12V4000M70;1902057, 1904444;280, 617;"{""total_rows"":2,""count_ok_importar"":0,""count_ok_eliminar"":0,""count_pending"":2,""count_review_action"":2,""count_other"":2}";pending_review;qa_pending_or_review_found
70042913;O-RING;;18,600 g;pending_review;qa_pending_or_review_found;false;2;12V4000M70;1902060, 1904447;280, 617;"{""total_rows"":2,""count_ok_importar"":0,""count_ok_eliminar"":0,""count_pending"":2,""count_review_action"":2,""count_other"":2}";pending_review;qa_pending_or_review_found
70042919;O-RING;;25,800 g;pending_review;qa_pending_or_review_found;false;2;12V4000M70;1902059, 1904446;280, 617;"{""total_rows"":2,""count_ok_importar"":0,""count_ok_eliminar"":0,""count_pending"":2,""count_review_action"":2,""count_other"":2}";pending_review;qa_pending_or_review_found
70073086;0;;;pending_review;qa_pending_or_review_found;false;2;20V4000M93L;1802386, 1806045;1386, 1766;"{""total_rows"":2,""count_ok_importar"":0,""count_ok_eliminar"":0,""count_pending"":2,""count_review_action"":2,""count_other"":2}";pending_review;qa_pending_or_review_found
70510050;BEARING CYLIND;;623,000 g;pending_review;qa_pending_or_review_found;false;2;12V4000M70;1902073, 1904460;280, 617;"{""total_rows"":2,""count_ok_importar"":0,""count_ok_eliminar"":0,""count_pending"":2,""count_review_action"":2,""count_other"":2}";pending_review;qa_pending_or_review_found
70809010;IDENTIFICATION PLATE ELAT;;;pending_review;qa_pending_or_review_found;false;8;20V4000M93;1703731, 1703738, 1707471, 1707478, 1711211, 1711218, 1714952, 1714959;403, 404, 799, 800, 1195, 1196, 1591, 1592;"{""total_rows"":8,""count_ok_importar"":0,""count_ok_eliminar"":0,""count_pending"":8,""count_review_action"":8,""count_other"":8}";pending_review;qa_pending_or_review_found
79007800;;;;pending_review;qa_pending_or_review_found;false;4;20V4000M93;1701972, 1705712, 1709452, 1713197;250, 646, 1042, 1438;"{""total_rows"":4,""count_ok_importar"":0,""count_ok_eliminar"":0,""count_pending"":4,""count_review_action"":4,""count_other"":4}";pending_review;qa_pending_or_review_found
79505250;;;;pending_review;qa_pending_or_review_found;false;1;12V4000M53;1205560;663;"{""total_rows"":1,""count_ok_importar"":0,""count_ok_eliminar"":0,""count_pending"":1,""count_review_action"":1,""count_other"":1}";pending_review;qa_pending_or_review_found
80007950;;;;pending_review;qa_pending_or_review_found;false;4;20V4000M93;1701975, 1705715, 1709455, 1713200;250, 646, 1042, 1438;"{""total_rows"":4,""count_ok_importar"":0,""count_ok_eliminar"":0,""count_pending"":4,""count_review_action"":4,""count_other"":4}";pending_review;qa_pending_or_review_found
90100110;;;;pending_review;qa_pending_or_review_found;false;3;16V4000M61, 16V4000M73L;1302768, 1503025, 1511254;465, 444, 1641;"{""total_rows"":3,""count_ok_importar"":0,""count_ok_eliminar"":0,""count_pending"":3,""count_review_action"":3,""count_other"":3}";pending_review;qa_pending_or_review_found
90104030;;;;pending_review;qa_pending_or_review_found;false;4;16V4000M73;1401695, 1404864, 1408042, 1411219;225, 579, 934, 1288;"{""total_rows"":4,""count_ok_importar"":0,""count_ok_eliminar"":0,""count_pending"":4,""count_review_action"":4,""count_other"":4}";pending_review;qa_pending_or_review_found
91000100;RIVET;AK 3,2X 7,49;0,900 g;pending_review;qa_pending_or_review_found;false;1;12V4000M70;1905262;796;"{""total_rows"":1,""count_ok_importar"":0,""count_ok_eliminar"":0,""count_pending"":1,""count_review_action"":1,""count_other"":1}";pending_review;qa_pending_or_review_found
0095317880;CABLE NI /;;120,000 gAB;pending_review;qa_pending_or_review_found;false;4;12V4000M53, 20V4000M93L;1202951, 1206111, 1803499, 1807181;345, 708, 1475, 1859;"{""total_rows"":4,""count_ok_importar"":0,""count_ok_eliminar"":0,""count_pending"":4,""count_review_action"":4,""count_other"":4}";pending_review;qa_pending_or_review_found
000137020203;SPRING WASHER;B 20;0.007 KGM;pending_review;qa_pending_or_review_found;false;6;20V4000M93L;1802817, 1803123, 1803128, 1806476, 1806805, 1806810;1407, 1451, 1787, 1835;"{""total_rows"":6,""count_ok_importar"":0,""count_ok_eliminar"":0,""count_pending"":6,""count_review_action"":6,""count_other"":6}";pending_review;qa_pending_or_review_found
00760303310;;;4.600 g;pending_review;qa_pending_or_review_found;false;2;20V4000M93L;1802025, 1805684;1349, 1729;"{""total_rows"":2,""count_ok_importar"":0,""count_ok_eliminar"":0,""count_pending"":2,""count_review_action"":2,""count_other"":2}";pending_review;qa_pending_or_review_found
000912016003;SCREW;M 16 X 40;0.093 KGM;pending_review;qa_pending_or_review_found;false;4;20V4000M93L;1803035, 1803044, 1806693, 1806702;1432, 1433, 1812, 1813;"{""total_rows"":4,""count_ok_importar"":0,""count_ok_eliminar"":0,""count_pending"":4,""count_review_action"":4,""count_other"":4}";pending_review;qa_pending_or_review_found
000931024029;HEX SCREW;M 24 X100;0.435 KGM;pending_review;qa_pending_or_review_found;false;2;20V4000M93L;1806755, 1806759;1823;"{""total_rows"":2,""count_ok_importar"":0,""count_ok_eliminar"":0,""count_pending"":2,""count_review_action"":2,""count_other"":2}";pending_review;qa_pending_or_review_found
5105380080/S0017;SOFTWARE Busine;VAR_1\ED_7.01;1.000 g KE KF;pending_review;qa_pending_or_review_found;false;1;16V4000M90;1602814;404;"{""total_rows"":1,""count_ok_importar"":0,""count_ok_eliminar"":0,""count_pending"":1,""count_review_action"":1,""count_other"":1}";pending_review;qa_pending_or_review_found
5110250612 005401303000;;;;pending_review;qa_pending_or_review_found;false;2;12V4000M70;1900809, 1903251;133, 472;"{""total_rows"":2,""count_ok_importar"":0,""count_ok_eliminar"":0,""count_pending"":2,""count_review_action"":2,""count_other"":2}";pending_review;qa_pending_or_review_found
5241880080 5241880102 000000003925;;;;pending_review;qa_pending_or_review_found;false;4;12V4000M70;1900172, 1900176, 1902612, 1902616;46, 47, 385, 386;"{""total_rows"":4,""count_ok_importar"":0,""count_ok_eliminar"":0,""count_pending"":4,""count_review_action"":4,""count_other"":4}";pending_review;qa_pending_or_review_found
5275335689;IDENTIFICATION PLATE FOR ELECTRONICS PROGRAMMING;16X37 (HXB);1.000 g 16X37 (HXB) ELECTRONICS;pending_review;qa_pending_or_review_found;false;1;16V4000M90;1602908;421;"{""total_rows"":1,""count_ok_importar"":0,""count_ok_eliminar"":0,""count_pending"":1,""count_review_action"":1,""count_other"":1}";pending_review;qa_pending_or_review_found
5360980032 5360980018 5269930101 5360980090 0009963401 5360980176 000934010005;;;;pending_review;qa_pending_or_review_found;false;2;12V4000M70;1900990, 1903432;158, 497;"{""total_rows"":2,""count_ok_importar"":0,""count_ok_eliminar"":0,""count_pending"":2,""count_review_action"":2,""count_other"":2}";pending_review;qa_pending_or_review_found
8699970274 8699970273 8699970272 8699970287 700429122001;;;;pending_review;qa_pending_or_review_found;false;2;12V4000M70;1901511, 1903898;221, 558;"{""total_rows"":2,""count_ok_importar"":0,""count_ok_eliminar"":0,""count_pending"":2,""count_review_action"":2,""count_other"":2}";pending_review;qa_pending_or_review_found
14015013010;;;;pending_review;qa_pending_or_review_found;false;2;20V4000M93L;1800563, 1804134;1205, 1578;"{""total_rows"":2,""count_ok_importar"":0,""count_ok_eliminar"":0,""count_pending"":2,""count_review_action"":2,""count_other"":2}";pending_review;qa_pending_or_review_found
60301605011;;;;pending_review;qa_pending_or_review_found;false;2;20V4000M93L;1800562, 1804133;1205, 1578;"{""total_rows"":2,""count_ok_importar"":0,""count_ok_eliminar"":0,""count_pending"":2,""count_review_action"":2,""count_other"":2}";pending_review;qa_pending_or_review_found
69002900275;;;;pending_review;qa_pending_or_review_found;false;4;20V4000M93;1701973, 1705713, 1709453, 1713198;250, 646, 1042, 1438;"{""total_rows"":4,""count_ok_importar"":0,""count_ok_eliminar"":0,""count_pending"":4,""count_review_action"":4,""count_other"":4}";pending_review;qa_pending_or_review_found
90804050607;;;;pending_review;qa_pending_or_review_found;false;1;16V4000M61;1302710;451;"{""total_rows"":1,""count_ok_importar"":0,""count_ok_eliminar"":0,""count_pending"":1,""count_review_action"":1,""count_other"":1}";pending_review;qa_pending_or_review_found
204032010003;HEX NUT;M 10;0.009 KGM;pending_review;qa_pending_or_review_found;false;4;20V4000M93L;1801591, 1801601, 1805250, 1805260;1308, 1688;"{""total_rows"":4,""count_ok_importar"":0,""count_ok_eliminar"":0,""count_pending"":4,""count_review_action"":4,""count_other"":4}";pending_review;qa_pending_or_review_found
ADAPTER FOR 0165313683;;;;pending_review;qa_pending_or_review_found;false;4;16V4000M73;1402659, 1405828, 1409006, 1412209;320, 674, 1029, 1383;"{""total_rows"":4,""count_ok_importar"":0,""count_ok_eliminar"":0,""count_pending"":4,""count_review_action"":4,""count_other"":4}";pending_review;qa_pending_or_review_found
B00E50200605/S0001;PART DUST CAP FOR;;;pending_review;qa_pending_or_review_found;false;7;12V4000M53, 20V4000M93;1203130, 1206299, 1703697, 1707445, 1711185, 1714902, 1714904;362, 725, 397, 793, 1189, 1585;"{""total_rows"":7,""count_ok_importar"":0,""count_ok_eliminar"":0,""count_pending"":7,""count_review_action"":7,""count_other"":7}";pending_review;qa_pending_or_review_found
B00E50201524;PART PLUG-IN BOARD;;;pending_review;qa_pending_or_review_found;false;1;20V4000M93;1714903;1585;"{""total_rows"":1,""count_ok_importar"":0,""count_ok_eliminar"":0,""count_pending"":1,""count_review_action"":1,""count_other"":1}";pending_review;qa_pending_or_review_found
B00E50201528/S0002;;;;pending_review;qa_pending_or_review_found;false;6;12V4000M53, 20V4000M93;1203114, 1206274, 1703680, 1707420, 1711160, 1714901;361, 724, 396, 792, 1188, 1584;"{""total_rows"":6,""count_ok_importar"":0,""count_ok_eliminar"":0,""count_pending"":6,""count_review_action"":6,""count_other"":6}";pending_review;qa_pending_or_review_found
B00E50202634;;;;pending_review;qa_pending_or_review_found;false;1;12V4000M53;1206709;832;"{""total_rows"":1,""count_ok_importar"":0,""count_ok_eliminar"":0,""count_pending"":1,""count_review_action"":1,""count_other"":1}";pending_review;qa_pending_or_review_found
B00E50202636;;;;pending_review;qa_pending_or_review_found;false;1;12V4000M53;1206718;832;"{""total_rows"":1,""count_ok_importar"":0,""count_ok_eliminar"":0,""count_pending"":1,""count_review_action"":1,""count_other"":1}";pending_review;qa_pending_or_review_found
B00E50202643;;;;pending_review;qa_pending_or_review_found;false;3;12V4000M53;1206715, 1206716, 1206717;832;"{""total_rows"":3,""count_ok_importar"":0,""count_ok_eliminar"":0,""count_pending"":3,""count_review_action"":3,""count_other"":3}";pending_review;qa_pending_or_review_found
B00E50202646;;;;pending_review;qa_pending_or_review_found;false;1;12V4000M53;1206720;832;"{""total_rows"":1,""count_ok_importar"":0,""count_ok_eliminar"":0,""count_pending"":1,""count_review_action"":1,""count_other"":1}";pending_review;qa_pending_or_review_found
B00E50202658;;;;pending_review;qa_pending_or_review_found;false;1;12V4000M53;1206721;832;"{""total_rows"":1,""count_ok_importar"":0,""count_ok_eliminar"":0,""count_pending"":1,""count_review_action"":1,""count_other"":1}";pending_review;qa_pending_or_review_found
B00E50202966;;;62,000 g;pending_review;qa_pending_or_review_found;false;1;12V4000M53;1206695;827;"{""total_rows"":1,""count_ok_importar"":0,""count_ok_eliminar"":0,""count_pending"":1,""count_review_action"":1,""count_other"":1}";pending_review;qa_pending_or_review_found
B00E50203040;;;;pending_review;qa_pending_or_review_found;false;4;12V4000M53;1206711, 1206712, 1206713, 1206714;832;"{""total_rows"":4,""count_ok_importar"":0,""count_ok_eliminar"":0,""count_pending"":4,""count_review_action"":4,""count_other"":4}";pending_review;qa_pending_or_review_found
B00E50203132;;;;pending_review;qa_pending_or_review_found;false;1;12V4000M53;1206723;832;"{""total_rows"":1,""count_ok_importar"":0,""count_ok_eliminar"":0,""count_pending"":1,""count_review_action"":1,""count_other"":1}";pending_review;qa_pending_or_review_found
B00E50203183;;;;pending_review;qa_pending_or_review_found;false;2;12V4000M53;1206470, 1206471;782;"{""total_rows"":2,""count_ok_importar"":0,""count_ok_eliminar"":0,""count_pending"":2,""count_review_action"":2,""count_other"":2}";pending_review;qa_pending_or_review_found
B00E50203203;;;;pending_review;qa_pending_or_review_found;false;2;12V4000M53;1206474, 1206475;784;"{""total_rows"":2,""count_ok_importar"":0,""count_ok_eliminar"":0,""count_pending"":2,""count_review_action"":2,""count_other"":2}";pending_review;qa_pending_or_review_found
B00E50203206;;;;pending_review;qa_pending_or_review_found;false;2;12V4000M53;1206479, 1206480;786;"{""total_rows"":2,""count_ok_importar"":0,""count_ok_eliminar"":0,""count_pending"":2,""count_review_action"":2,""count_other"":2}";pending_review;qa_pending_or_review_found
B00E50203209;;;;pending_review;qa_pending_or_review_found;false;1;12V4000M53;1206484;788;"{""total_rows"":1,""count_ok_importar"":0,""count_ok_eliminar"":0,""count_pending"":1,""count_review_action"":1,""count_other"":1}";pending_review;qa_pending_or_review_found
B00E50203221;;;;pending_review;qa_pending_or_review_found;false;2;12V4000M53;1206488, 1206489;790;"{""total_rows"":2,""count_ok_importar"":0,""count_ok_eliminar"":0,""count_pending"":2,""count_review_action"":2,""count_other"":2}";pending_review;qa_pending_or_review_found
B00E50203234;;;;pending_review;qa_pending_or_review_found;false;1;12V4000M53;1206493;792;"{""total_rows"":1,""count_ok_importar"":0,""count_ok_eliminar"":0,""count_pending"":1,""count_review_action"":1,""count_other"":1}";pending_review;qa_pending_or_review_found
B00E50203236;;;;pending_review;qa_pending_or_review_found;false;2;12V4000M53;1206495, 1206496;794;"{""total_rows"":2,""count_ok_importar"":0,""count_ok_eliminar"":0,""count_pending"":2,""count_review_action"":2,""count_other"":2}";pending_review;qa_pending_or_review_found
B00E50203244;;;;pending_review;qa_pending_or_review_found;false;1;12V4000M53;1206530;798;"{""total_rows"":1,""count_ok_importar"":0,""count_ok_eliminar"":0,""count_pending"":1,""count_review_action"":1,""count_other"":1}";pending_review;qa_pending_or_review_found
B00E50203284;;;;pending_review;qa_pending_or_review_found;false;1;12V4000M53;1206451;777;"{""total_rows"":1,""count_ok_importar"":0,""count_ok_eliminar"":0,""count_pending"":1,""count_review_action"":1,""count_other"":1}";pending_review;qa_pending_or_review_found
B00E50203327;;;;pending_review;qa_pending_or_review_found;false;1;12V4000M53;1206500;796;"{""total_rows"":1,""count_ok_importar"":0,""count_ok_eliminar"":0,""count_pending"":1,""count_review_action"":1,""count_other"":1}";pending_review;qa_pending_or_review_found
B00E50203529;;;;pending_review;qa_pending_or_review_found;false;1;12V4000M53;1206719;832;"{""total_rows"":1,""count_ok_importar"":0,""count_ok_eliminar"":0,""count_pending"":1,""count_review_action"":1,""count_other"":1}";pending_review;qa_pending_or_review_found
B00E50203687;;;;pending_review;qa_pending_or_review_found;false;1;12V4000M53;1206606;814;"{""total_rows"":1,""count_ok_importar"":0,""count_ok_eliminar"":0,""count_pending"":1,""count_review_action"":1,""count_other"":1}";pending_review;qa_pending_or_review_found
B00E50203697;;;;pending_review;qa_pending_or_review_found;false;1;12V4000M53;1206460;780;"{""total_rows"":1,""count_ok_importar"":0,""count_ok_eliminar"":0,""count_pending"":1,""count_review_action"":1,""count_other"":1}";pending_review;qa_pending_or_review_found
B00E50204146;;;;pending_review;qa_pending_or_review_found;false;1;12V4000M53;1206708;831;"{""total_rows"":1,""count_ok_importar"":0,""count_ok_eliminar"":0,""count_pending"":1,""count_review_action"":1,""count_other"":1}";pending_review;qa_pending_or_review_found
B00E50204185;;;;pending_review;qa_pending_or_review_found;false;2;12V4000M53;1206710, 1206725;832;"{""total_rows"":2,""count_ok_importar"":0,""count_ok_eliminar"":0,""count_pending"":2,""count_review_action"":2,""count_other"":2}";pending_review;qa_pending_or_review_found
B00E50204393;;;;pending_review;qa_pending_or_review_found;false;1;12V4000M53;1206630;820;"{""total_rows"":1,""count_ok_importar"":0,""count_ok_eliminar"":0,""count_pending"":1,""count_review_action"":1,""count_other"":1}";pending_review;qa_pending_or_review_found
B00E50204401;;;3,000 kg;pending_review;qa_pending_or_review_found;false;1;12V4000M53;1206650;826;"{""total_rows"":1,""count_ok_importar"":0,""count_ok_eliminar"":0,""count_pending"":1,""count_review_action"":1,""count_other"":1}";pending_review;qa_pending_or_review_found
B00E50205323;;;;pending_review;qa_pending_or_review_found;false;1;12V4000M53;1206700;827;"{""total_rows"":1,""count_ok_importar"":0,""count_ok_eliminar"":0,""count_pending"":1,""count_review_action"":1,""count_other"":1}";pending_review;qa_pending_or_review_found
B00E50205348;;;3,000 kg;pending_review;qa_pending_or_review_found;false;1;12V4000M53;1206646;826;"{""total_rows"":1,""count_ok_importar"":0,""count_ok_eliminar"":0,""count_pending"":1,""count_review_action"":1,""count_other"":1}";pending_review;qa_pending_or_review_found
B00E50205351;;;4,000 kg;pending_review;qa_pending_or_review_found;false;2;12V4000M53;1206645, 1206667;826;"{""total_rows"":2,""count_ok_importar"":0,""count_ok_eliminar"":0,""count_pending"":2,""count_review_action"":2,""count_other"":2}";pending_review;qa_pending_or_review_found
B00E50205356;CONTROL CONSOLE W;RAL 9003 / OHNE;;pending_review;qa_pending_or_review_found;false;2;12V4000M53;1206643, 1206644;825;"{""total_rows"":2,""count_ok_importar"":0,""count_ok_eliminar"":0,""count_pending"":2,""count_review_action"":2,""count_other"":2}";pending_review;qa_pending_or_review_found
B00E51000202;;;;pending_review;qa_pending_or_review_found;false;1;12V4000M53;1206626;818;"{""total_rows"":1,""count_ok_importar"":0,""count_ok_eliminar"":0,""count_pending"":1,""count_review_action"":1,""count_other"":1}";pending_review;qa_pending_or_review_found
BYPASS V;;;0.500 kg KE;pending_review;qa_pending_or_review_found;false;2;20V4000M93L;1802024, 1805683;1349, 1729;"{""total_rows"":2,""count_ok_importar"":0,""count_ok_eliminar"":0,""count_pending"":2,""count_review_action"":2,""count_other"":2}";pending_review;qa_pending_or_review_found
CLAMP FOR CO X59610100201;;;459.100 g;pending_review;qa_pending_or_review_found;false;8;16V4000M73;1400894, 1400964, 1404060, 1404130, 1407229, 1407299, 1410407, 1410477;140, 147, 494, 501, 848, 855, 1203, 1210;"{""total_rows"":8,""count_ok_importar"":0,""count_ok_eliminar"":0,""count_pending"":8,""count_review_action"":8,""count_other"":8}";pending_review;qa_pending_or_review_found
CONNECTING P;;;;pending_review;qa_pending_or_review_found;false;2;20V4000M93L;1802003, 1805662;1348, 1728;"{""total_rows"":2,""count_ok_importar"":0,""count_ok_eliminar"":0,""count_pending"":2,""count_review_action"":2,""count_other"":2}";pending_review;qa_pending_or_review_found
EX59601100004;CRANKCASE 20;;;pending_review;qa_pending_or_review_found;false;4;20V4000M93;1700049, 1703794, 1707534, 1711274;24, 420, 816, 1212;"{""total_rows"":4,""count_ok_importar"":0,""count_ok_eliminar"":0,""count_pending"":4,""count_review_action"":4,""count_other"":4}";pending_review;qa_pending_or_review_found
FILTER HOUSING;;;;pending_review;qa_pending_or_review_found;false;1;20V4000M93L;1804251;1596;"{""total_rows"":1,""count_ok_importar"":0,""count_ok_eliminar"":0,""count_pending"":1,""count_review_action"":1,""count_other"":1}";pending_review;qa_pending_or_review_found
FLANGE FOR G;;;;pending_review;qa_pending_or_review_found;false;2;20V4000M93L;1801957, 1805616;1348, 1728;"{""total_rows"":2,""count_ok_importar"":0,""count_ok_eliminar"":0,""count_pending"":2,""count_review_action"":2,""count_other"":2}";pending_review;qa_pending_or_review_found
FRAME;;;;pending_review;qa_pending_or_review_found;false;1;20V4000M93L;1804250;1596;"{""total_rows"":1,""count_ok_importar"":0,""count_ok_eliminar"":0,""count_pending"":1,""count_review_action"":1,""count_other"":1}";pending_review;qa_pending_or_review_found
KE190;;;;pending_review;qa_pending_or_review_found;false;1;16V4000M90;1600235;48;"{""total_rows"":1,""count_ok_importar"":0,""count_ok_eliminar"":0,""count_pending"":1,""count_review_action"":1,""count_other"":1}";pending_review;qa_pending_or_review_found
M93L;;;;pending_review;qa_pending_or_review_found;false;6;20V4000M93, 20V4000M93L;1700028, 1703784, 1707532, 1711273, 1800051, 1803600;23, 419, 815, 1211, 1125, 1498;"{""total_rows"":6,""count_ok_importar"":0,""count_ok_eliminar"":0,""count_pending"":6,""count_review_action"":6,""count_other"":6}";pending_review;qa_pending_or_review_found
MALE CONNECTOR F. DATA X00E50208295;;"RJ45; 4-POL; PU";100,000 gAB;pending_review;qa_pending_or_review_found;false;2;12V4000M53;1206477, 1206482;785, 787;"{""total_rows"":2,""count_ok_importar"":0,""count_ok_eliminar"":0,""count_pending"":2,""count_review_action"":2,""count_other"":2}";pending_review;qa_pending_or_review_found
ON-ENGINE SEN WIRING HARNE X00E50700740;;;4.125 kg;pending_review;qa_pending_or_review_found;false;4;16V4000M73;1402618, 1405787, 1408965, 1412168;319, 673, 1028, 1382;"{""total_rows"":4,""count_ok_importar"":0,""count_ok_eliminar"":0,""count_pending"":4,""count_review_action"":4,""count_other"":4}";pending_review;qa_pending_or_review_found
PIPE;;WELLROHR NW10;23,000 g;pending_review;qa_pending_or_review_found;false;2;12V4000M53;1202745, 1205905;331, 694;"{""total_rows"":2,""count_ok_importar"":0,""count_ok_eliminar"":0,""count_pending"":1,""count_review_action"":2,""count_other"":2}";pending_review;qa_pending_or_review_found
PLATE;PLATE;;;pending_review;qa_pending_or_review_found;false;1;12V4000M53;1206410;762;"{""total_rows"":1,""count_ok_importar"":0,""count_ok_eliminar"":0,""count_pending"":1,""count_review_action"":1,""count_other"":1}";pending_review;qa_pending_or_review_found
RIVET;RIVET;;;pending_review;qa_pending_or_review_found;false;1;12V4000M40A;1102435;388;"{""total_rows"":1,""count_ok_importar"":0,""count_ok_eliminar"":0,""count_pending"":0,""count_review_action"":1,""count_other"":1}";pending_review;qa_pending_or_review_found
SWITCH E-STOP 45MM 635H22706/2;;;;pending_review;qa_pending_or_review_found;false;3;20V4000M93;1703075, 1706815, 1710555;343, 739, 1135;"{""total_rows"":3,""count_ok_importar"":0,""count_ok_eliminar"":0,""count_pending"":3,""count_review_action"":3,""count_other"":3}";pending_review;qa_pending_or_review_found
SWITCH E-STOP 635H22706/2;;;148.900 g;pending_review;qa_pending_or_review_found;false;1;20V4000M93;1714298;1531;"{""total_rows"":1,""count_ok_importar"":0,""count_ok_eliminar"":0,""count_pending"":1,""count_review_action"":1,""count_other"":1}";pending_review;qa_pending_or_review_found
TERMINAL BOX MECHANICAL;TERMINAL BOX MECHANICAL;;;pending_review;qa_pending_or_review_found;false;1;12V4000M53;1206406;762;"{""total_rows"":1,""count_ok_importar"":0,""count_ok_eliminar"":0,""count_pending"":1,""count_review_action"":1,""count_other"":1}";pending_review;qa_pending_or_review_found
WASHER A 007603033100;;;4.600 g;pending_review;qa_pending_or_review_found;false;3;16V4000M73;1401671, 1404840, 1408018;222, 576, 931;"{""total_rows"":3,""count_ok_importar"":0,""count_ok_eliminar"":0,""count_pending"":3,""count_review_action"":3,""count_other"":3}";pending_review;qa_pending_or_review_found
WELDING-NECK FLANGE;;;;pending_review;qa_pending_or_review_found;false;1;20V4000M93L;1804243;1596;"{""total_rows"":1,""count_ok_importar"":0,""count_ok_eliminar"":0,""count_pending"":1,""count_review_action"":1,""count_other"":1}";pending_review;qa_pending_or_review_found
WIRING HARNE X00E50700428;;;;pending_review;qa_pending_or_review_found;false;4;16V4000M73;1402638, 1405807, 1408985, 1412189;319, 673, 1028, 1382;"{""total_rows"":4,""count_ok_importar"":0,""count_ok_eliminar"":0,""count_pending"":4,""count_review_action"":4,""count_other"":4}";pending_review;qa_pending_or_review_found
X00E50200124;;CODE C KONTAKTVERR. 4-POL.;0,010 kg;pending_review;qa_pending_or_review_found;false;1;12V4000M53;1206467;781;"{""total_rows"":1,""count_ok_importar"":0,""count_ok_eliminar"":0,""count_pending"":1,""count_review_action"":1,""count_other"":1}";pending_review;qa_pending_or_review_found
X00E50200606;PRESSURE SEN;;112 G;pending_review;qa_pending_or_review_found;false;6;16V4000M73L, 20V4000M93L;1502298, 1505335, 1507828, 1510318, 1803330, 1807012;337, 799, 1142, 1477, 1466, 1850;"{""total_rows"":6,""count_ok_importar"":0,""count_ok_eliminar"":0,""count_pending"":6,""count_review_action"":6,""count_other"":6}";pending_review;qa_pending_or_review_found
X00E50200632;;;;pending_review;qa_pending_or_review_found;false;1;16V4000M90;1602101;298;"{""total_rows"":1,""count_ok_importar"":0,""count_ok_eliminar"":0,""count_pending"":1,""count_review_action"":1,""count_other"":1}";pending_review;qa_pending_or_review_found
X00E50200882;;;;pending_review;qa_pending_or_review_found;false;1;16V4000M90;1602534;346;"{""total_rows"":1,""count_ok_importar"":0,""count_ok_eliminar"":0,""count_pending"":1,""count_review_action"":1,""count_other"":1}";pending_review;qa_pending_or_review_found
X00E50201022;;;;pending_review;qa_pending_or_review_found;false;4;20V4000M93L;1803544, 1803545, 1807226, 1807227;1480, 1864;"{""total_rows"":4,""count_ok_importar"":0,""count_ok_eliminar"":0,""count_pending"":4,""count_review_action"":4,""count_other"":4}";pending_review;qa_pending_or_review_found
X00E50201863;;;5,800 g;pending_review;qa_pending_or_review_found;false;1;12V4000M53;1206685;827;"{""total_rows"":1,""count_ok_importar"":0,""count_ok_eliminar"":0,""count_pending"":1,""count_review_action"":1,""count_other"":1}";pending_review;qa_pending_or_review_found
X00E50201864;;;1,000 g;pending_review;qa_pending_or_review_found;false;1;12V4000M53;1206686;827;"{""total_rows"":1,""count_ok_importar"":0,""count_ok_eliminar"":0,""count_pending"":1,""count_review_action"":1,""count_other"":1}";pending_review;qa_pending_or_review_found
X00E50201986;;;;pending_review;qa_pending_or_review_found;false;1;16V4000M90;1602831;405;"{""total_rows"":1,""count_ok_importar"":0,""count_ok_eliminar"":0,""count_pending"":1,""count_review_action"":1,""count_other"":1}";pending_review;qa_pending_or_review_found
X00E50202782;;12-POL.;;pending_review;qa_pending_or_review_found;false;1;12V4000M53;1206459;778;"{""total_rows"":1,""count_ok_importar"":0,""count_ok_eliminar"":0,""count_pending"":1,""count_review_action"":1,""count_other"":1}";pending_review;qa_pending_or_review_found
X00E50203600/S0002;;;;pending_review;qa_pending_or_review_found;false;1;16V4000M90;1602638;381;"{""total_rows"":1,""count_ok_importar"":0,""count_ok_eliminar"":0,""count_pending"":1,""count_review_action"":1,""count_other"":1}";pending_review;qa_pending_or_review_found
X00E50203604/S0002DISPLAY;;;;pending_review;qa_pending_or_review_found;false;1;16V4000M90;1602781;403;"{""total_rows"":1,""count_ok_importar"":0,""count_ok_eliminar"":0,""count_pending"":1,""count_review_action"":1,""count_other"":1}";pending_review;qa_pending_or_review_found
X00E50203856;;"CAT5E; 2X2XAW GN";68,000 g AB;pending_review;qa_pending_or_review_found;false;5;12V4000M53;1206476, 1206481, 1206485, 1206490, 1206497;785, 787, 789, 791, 795;"{""total_rows"":5,""count_ok_importar"":0,""count_ok_eliminar"":0,""count_pending"":5,""count_review_action"":5,""count_other"":5}";pending_review;qa_pending_or_review_found
X00E50205157;HOUSING FOR GE;250X270X184/RAL9003;2,990 KG;pending_review;qa_pending_or_review_found;false;1;16V4000M61;1302449;393;"{""total_rows"":1,""count_ok_importar"":0,""count_ok_eliminar"":0,""count_pending"":1,""count_review_action"":1,""count_other"":1}";pending_review;qa_pending_or_review_found
X00E50205163;HOUSING FOR CONTR;360X270X160 RAL 9003 GLAT;;pending_review;qa_pending_or_review_found;false;1;16V4000M61;1301914;328;"{""total_rows"":1,""count_ok_importar"":0,""count_ok_eliminar"":0,""count_pending"":1,""count_review_action"":1,""count_other"":1}";pending_review;qa_pending_or_review_found
X00E50205179;;;;pending_review;qa_pending_or_review_found;false;4;20V4000M93;1703725, 1707465, 1711205, 1714939;402, 798, 1194, 1590;"{""total_rows"":4,""count_ok_importar"":0,""count_ok_eliminar"":0,""count_pending"":4,""count_review_action"":4,""count_other"":4}";pending_review;qa_pending_or_review_found
X00E50205800;;;;pending_review;qa_pending_or_review_found;false;1;12V4000M53;1206404;760;"{""total_rows"":1,""count_ok_importar"":0,""count_ok_eliminar"":0,""count_pending"":1,""count_review_action"":1,""count_other"":1}";pending_review;qa_pending_or_review_found
X00E50205802;;;;pending_review;qa_pending_or_review_found;false;1;12V4000M53;1206405;761;"{""total_rows"":1,""count_ok_importar"":0,""count_ok_eliminar"":0,""count_pending"":1,""count_review_action"":1,""count_other"":1}";pending_review;qa_pending_or_review_found
X00E50205963;;CODE B KONTAKTVERR. FÜR BUCHS;14,000 g;pending_review;qa_pending_or_review_found;false;1;12V4000M53;1206458;778;"{""total_rows"":1,""count_ok_importar"":0,""count_ok_eliminar"":0,""count_pending"":1,""count_review_action"":1,""count_other"":1}";pending_review;qa_pending_or_review_found
X00E50206357;;;;pending_review;qa_pending_or_review_found;false;4;20V4000M93;1703726, 1707466, 1711206, 1714940;402, 798, 1194, 1590;"{""total_rows"":4,""count_ok_importar"":0,""count_ok_eliminar"":0,""count_pending"":4,""count_review_action"":4,""count_other"":4}";pending_review;qa_pending_or_review_found
X00E50206571;;;;pending_review;qa_pending_or_review_found;false;1;16V4000M90;1602514;338;"{""total_rows"":1,""count_ok_importar"":0,""count_ok_eliminar"":0,""count_pending"":1,""count_review_action"":1,""count_other"":1}";pending_review;qa_pending_or_review_found
X00E50206571/S0001PLUG;;;159.000 g;pending_review;qa_pending_or_review_found;false;5;16V4000M90;1602498, 1602502, 1602581, 1602772, 1602903;336, 357, 403, 421;"{""total_rows"":5,""count_ok_importar"":0,""count_ok_eliminar"":0,""count_pending"":5,""count_review_action"":5,""count_other"":5}";pending_review;qa_pending_or_review_found
X00E50206653;;;;pending_review;qa_pending_or_review_found;false;2;12V4000M53;1203105, 1206265;357, 720;"{""total_rows"":2,""count_ok_importar"":0,""count_ok_eliminar"":0,""count_pending"":2,""count_review_action"":2,""count_other"":2}";pending_review;qa_pending_or_review_found
X00E50207201;;;;pending_review;qa_pending_or_review_found;false;4;12V4000M53;1202847, 1202848, 1206002, 1206003;338, 701;"{""total_rows"":4,""count_ok_importar"":0,""count_ok_eliminar"":0,""count_pending"":4,""count_review_action"":4,""count_other"":4}";pending_review;qa_pending_or_review_found
X00E50207217;;;156.000 g;pending_review;qa_pending_or_review_found;false;10;12V4000M53, 16V4000M73, 20V4000M93;1202852, 1206007, 1402627, 1405796, 1408974, 1412178, 1703035, 1706775, 1710515, 1714260;338, 701, 319, 673, 1028, 1382, 342, 738, 1134, 1530;"{""total_rows"":10,""count_ok_importar"":0,""count_ok_eliminar"":0,""count_pending"":10,""count_review_action"":10,""count_other"":10}";pending_review;qa_pending_or_review_found
X00E50207306;;;17,600 g;pending_review;qa_pending_or_review_found;false;1;12V4000M53;1206658;826;"{""total_rows"":1,""count_ok_importar"":0,""count_ok_eliminar"":0,""count_pending"":1,""count_review_action"":1,""count_other"":1}";pending_review;qa_pending_or_review_found
X00E50207938;;;;pending_review;qa_pending_or_review_found;false;4;20V4000M93;1703213, 1706953, 1710694, 1714435;352, 748, 1144, 1540;"{""total_rows"":4,""count_ok_importar"":0,""count_ok_eliminar"":0,""count_pending"":4,""count_review_action"":4,""count_other"":4}";pending_review;qa_pending_or_review_found
X00E50208264;;;;pending_review;qa_pending_or_review_found;false;1;12V4000M53;1206568;802;"{""total_rows"":1,""count_ok_importar"":0,""count_ok_eliminar"":0,""count_pending"":1,""count_review_action"":1,""count_other"":1}";pending_review;qa_pending_or_review_found
X00E50208271;;;;pending_review;qa_pending_or_review_found;false;1;12V4000M53;1206594;812;"{""total_rows"":1,""count_ok_importar"":0,""count_ok_eliminar"":0,""count_pending"":1,""count_review_action"":1,""count_other"":1}";pending_review;qa_pending_or_review_found
X00E50208275;;;;pending_review;qa_pending_or_review_found;false;1;12V4000M53;1206581;807;"{""total_rows"":1,""count_ok_importar"":0,""count_ok_eliminar"":0,""count_pending"":1,""count_review_action"":1,""count_other"":1}";pending_review;qa_pending_or_review_found
X00E50208295;;"RJ45; 4-POL; PU 47X135MM, BED";100,000 gAB;pending_review;qa_pending_or_review_found;false;3;12V4000M53;1206486, 1206491, 1206498;789, 791, 795;"{""total_rows"":3,""count_ok_importar"":0,""count_ok_eliminar"":0,""count_pending"":3,""count_review_action"":3,""count_other"":3}";pending_review;qa_pending_or_review_found
X00E50208301;BLADE CONNECT CRIMP CONTACT;K;100,000 kg;pending_review;qa_pending_or_review_found;false;1;12V4000M53;1206565;801;"{""total_rows"":1,""count_ok_importar"":0,""count_ok_eliminar"":0,""count_pending"":1,""count_review_action"":1,""count_other"":1}";pending_review;qa_pending_or_review_found
X00E50208320;;"BUCHSE 0,75-1,5QMM; BUCHSE";;pending_review;qa_pending_or_review_found;false;1;12V4000M53;1206468;781;"{""total_rows"":1,""count_ok_importar"":0,""count_ok_eliminar"":0,""count_pending"":1,""count_review_action"":1,""count_other"":1}";pending_review;qa_pending_or_review_found
X00E50208388;;;105.300 g;pending_review;qa_pending_or_review_found;false;10;12V4000M53, 16V4000M73, 20V4000M93;1202840, 1206000, 1402622, 1405791, 1408969, 1412173, 1703027, 1706767, 1710507, 1714252;338, 701, 319, 673, 1028, 1382, 342, 738, 1134, 1530;"{""total_rows"":10,""count_ok_importar"":0,""count_ok_eliminar"":0,""count_pending"":10,""count_review_action"":10,""count_other"":10}";pending_review;qa_pending_or_review_found
X00E50208471;;;66,000 g;pending_review;qa_pending_or_review_found;false;1;12V4000M53;1206654;826;"{""total_rows"":1,""count_ok_importar"":0,""count_ok_eliminar"":0,""count_pending"":1,""count_review_action"":1,""count_other"":1}";pending_review;qa_pending_or_review_found
X00E50208575;;;12,000 g;pending_review;qa_pending_or_review_found;false;1;12V4000M53;1206655;826;"{""total_rows"":1,""count_ok_importar"":0,""count_ok_eliminar"":0,""count_pending"":1,""count_review_action"":1,""count_other"":1}";pending_review;qa_pending_or_review_found
X00E50208729;;;9,000 g;pending_review;qa_pending_or_review_found;false;1;12V4000M53;1206661;826;"{""total_rows"":1,""count_ok_importar"":0,""count_ok_eliminar"":0,""count_pending"":1,""count_review_action"":1,""count_other"":1}";pending_review;qa_pending_or_review_found
X00E50208755;;BUCHSENGEHAEUSE 15X11,5X19MM, 2 LOE;;pending_review;qa_pending_or_review_found;false;1;12V4000M53;1206580;804;"{""total_rows"":1,""count_ok_importar"":0,""count_ok_eliminar"":0,""count_pending"":1,""count_review_action"":1,""count_other"":1}";pending_review;qa_pending_or_review_found
X00E50209021;CONNECTION CRIMP BARREL F.SHIELD;ING;1,000 g;pending_review;qa_pending_or_review_found;false;2;12V4000M53;1206555, 1206619;801, 817;"{""total_rows"":2,""count_ok_importar"":0,""count_ok_eliminar"":0,""count_pending"":2,""count_review_action"":2,""count_other"":2}";pending_review;qa_pending_or_review_found
X00E50209121;;;403,100 g;pending_review;qa_pending_or_review_found;false;1;12V4000M53;1206664;826;"{""total_rows"":1,""count_ok_importar"":0,""count_ok_eliminar"":0,""count_pending"":1,""count_review_action"":1,""count_other"":1}";pending_review;qa_pending_or_review_found
X00E50209122;;;510,600 g;pending_review;qa_pending_or_review_found;false;1;12V4000M53;1206651;826;"{""total_rows"":1,""count_ok_importar"":0,""count_ok_eliminar"":0,""count_pending"":1,""count_review_action"":1,""count_other"":1}";pending_review;qa_pending_or_review_found
X00E50209130;;;;pending_review;qa_pending_or_review_found;false;1;12V4000M53;1206690;827;"{""total_rows"":1,""count_ok_importar"":0,""count_ok_eliminar"":0,""count_pending"":1,""count_review_action"":1,""count_other"":1}";pending_review;qa_pending_or_review_found
X00E50209139;;;10,000 kg;pending_review;qa_pending_or_review_found;false;1;12V4000M53;1206649;826;"{""total_rows"":1,""count_ok_importar"":0,""count_ok_eliminar"":0,""count_pending"":1,""count_review_action"":1,""count_other"":1}";pending_review;qa_pending_or_review_found
X00E50209177;CRIMP CONTACT F/SEPARABLE CONNECT Busin;"1,0-2,5QMM; BUC";0,500 g;pending_review;qa_pending_or_review_found;false;1;12V4000M53;1206593;809;"{""total_rows"":1,""count_ok_importar"":0,""count_ok_eliminar"":0,""count_pending"":1,""count_review_action"":1,""count_other"":1}";pending_review;qa_pending_or_review_found
X00E50209213;;;12,000 g;pending_review;qa_pending_or_review_found;false;1;12V4000M53;1206656;826;"{""total_rows"":1,""count_ok_importar"":0,""count_ok_eliminar"":0,""count_pending"":1,""count_review_action"":1,""count_other"":1}";pending_review;qa_pending_or_review_found
X00E50209275;;;1,000 g;pending_review;qa_pending_or_review_found;false;1;12V4000M53;1206696;827;"{""total_rows"":1,""count_ok_importar"":0,""count_ok_eliminar"":0,""count_pending"":1,""count_review_action"":1,""count_other"":1}";pending_review;qa_pending_or_review_found
X00E50209290;;;60,000 g;pending_review;qa_pending_or_review_found;false;1;12V4000M53;1206657;826;"{""total_rows"":1,""count_ok_importar"":0,""count_ok_eliminar"":0,""count_pending"":1,""count_review_action"":1,""count_other"":1}";pending_review;qa_pending_or_review_found
X00E50209299;;;;pending_review;qa_pending_or_review_found;false;1;12V4000M53;1206609;816;"{""total_rows"":1,""count_ok_importar"":0,""count_ok_eliminar"":0,""count_pending"":1,""count_review_action"":1,""count_other"":1}";pending_review;qa_pending_or_review_found
X00E50209300;;;1,000 g;pending_review;qa_pending_or_review_found;false;1;12V4000M53;1206698;827;"{""total_rows"":1,""count_ok_importar"":0,""count_ok_eliminar"":0,""count_pending"":1,""count_review_action"":1,""count_other"":1}";pending_review;qa_pending_or_review_found
X00E50209351/S0001;ENGINE MONITORING EMU1-01/;EMU1-01/D;3,289 kg;pending_review;qa_pending_or_review_found;false;2;12V4000M70;1902433, 1904820;346, 683;"{""total_rows"":2,""count_ok_importar"":0,""count_ok_eliminar"":0,""count_pending"":2,""count_review_action"":2,""count_other"":2}";pending_review;qa_pending_or_review_found
X00E50209366;;;;pending_review;qa_pending_or_review_found;false;6;12V4000M53, 20V4000M93;1203080, 1206240, 1703313, 1707053, 1710793, 1714534;353, 716, 360, 756, 1152, 1548;"{""total_rows"":6,""count_ok_importar"":0,""count_ok_eliminar"":0,""count_pending"":6,""count_review_action"":6,""count_other"":6}";pending_review;qa_pending_or_review_found
X00E50209366/76GOVERNOR;;;;pending_review;qa_pending_or_review_found;false;2;12V4000M53;1203099, 1206259;355, 718;"{""total_rows"":2,""count_ok_importar"":0,""count_ok_eliminar"":0,""count_pending"":2,""count_review_action"":2,""count_other"":2}";pending_review;qa_pending_or_review_found
X00E50209366/77GOVERNOR;;;;pending_review;qa_pending_or_review_found;false;2;12V4000M53;1203100, 1206260;355, 718;"{""total_rows"":2,""count_ok_importar"":0,""count_ok_eliminar"":0,""count_pending"":2,""count_review_action"":2,""count_other"":2}";pending_review;qa_pending_or_review_found
X00E50700336;;;3.665 kg;pending_review;qa_pending_or_review_found;false;2;20V4000M93L;1803325, 1807007;1466, 1850;"{""total_rows"":2,""count_ok_importar"":0,""count_ok_eliminar"":0,""count_pending"":2,""count_review_action"":2,""count_other"":2}";pending_review;qa_pending_or_review_found
X00E50700383;;;3.330 kg;pending_review;qa_pending_or_review_found;false;2;20V4000M93L;1803324, 1807006;1466, 1850;"{""total_rows"":2,""count_ok_importar"":0,""count_ok_eliminar"":0,""count_pending"":2,""count_review_action"":2,""count_other"":2}";pending_review;qa_pending_or_review_found
X00E50700386;;;;pending_review;qa_pending_or_review_found;false;2;20V4000M93L;1803326, 1807008;1466, 1850;"{""total_rows"":2,""count_ok_importar"":0,""count_ok_eliminar"":0,""count_pending"":2,""count_review_action"":2,""count_other"":2}";pending_review;qa_pending_or_review_found
X00E50700427;WIRING HARNE;;2,560 KG;pending_review;qa_pending_or_review_found;false;4;16V4000M73L;1502318, 1505355, 1507848, 1510337;337, 799, 1142, 1477;"{""total_rows"":4,""count_ok_importar"":0,""count_ok_eliminar"":0,""count_pending"":4,""count_review_action"":4,""count_other"":4}";pending_review;qa_pending_or_review_found
X00E50700444;;;2,405 kg 75,000 g;pending_review;qa_pending_or_review_found;false;6;12V4000M53;1202834, 1202835, 1202844, 1205994, 1205995, 1206024;338, 701;"{""total_rows"":6,""count_ok_importar"":0,""count_ok_eliminar"":0,""count_pending"":6,""count_review_action"":6,""count_other"":6}";pending_review;qa_pending_or_review_found
X00E50700482;;;190.000 g;pending_review;qa_pending_or_review_found;false;5;20V4000M93;1703024, 1706764, 1710504, 1714247, 1714248;342, 738, 1134, 1530;"{""total_rows"":5,""count_ok_importar"":0,""count_ok_eliminar"":0,""count_pending"":5,""count_review_action"":5,""count_other"":5}";pending_review;qa_pending_or_review_found
X00E50700628;;;;pending_review;qa_pending_or_review_found;false;4;12V4000M53;1202833, 1202845, 1205993, 1206025;338, 701;"{""total_rows"":4,""count_ok_importar"":0,""count_ok_eliminar"":0,""count_pending"":4,""count_review_action"":4,""count_other"":4}";pending_review;qa_pending_or_review_found
X00E50700711;;;;pending_review;qa_pending_or_review_found;false;4;20V4000M93;1703214, 1706954, 1710695, 1714436;352, 748, 1144, 1540;"{""total_rows"":4,""count_ok_importar"":0,""count_ok_eliminar"":0,""count_pending"":4,""count_review_action"":4,""count_other"":4}";pending_review;qa_pending_or_review_found
X00E50700741;;;;pending_review;qa_pending_or_review_found;false;4;20V4000M93;1703022, 1706762, 1710502, 1714245;342, 738, 1134, 1530;"{""total_rows"":4,""count_ok_importar"":0,""count_ok_eliminar"":0,""count_pending"":4,""count_review_action"":4,""count_other"":4}";pending_review;qa_pending_or_review_found
X00E50700781;;;4.945 kg;pending_review;qa_pending_or_review_found;false;1;20V4000M93;1714249;1530;"{""total_rows"":1,""count_ok_importar"":0,""count_ok_eliminar"":0,""count_pending"":1,""count_review_action"":1,""count_other"":1}";pending_review;qa_pending_or_review_found
X00E50700858;;;;pending_review;qa_pending_or_review_found;false;4;20V4000M93;1703023, 1706763, 1710503, 1714246;342, 738, 1134, 1530;"{""total_rows"":4,""count_ok_importar"":0,""count_ok_eliminar"":0,""count_pending"":4,""count_review_action"":4,""count_other"":4}";pending_review;qa_pending_or_review_found
X00010351/S0002;;;;pending_review;qa_pending_or_review_found;false;1;16V4000M90;1602737;399;"{""total_rows"":1,""count_ok_importar"":0,""count_ok_eliminar"":0,""count_pending"":1,""count_review_action"":1,""count_other"":1}";pending_review;qa_pending_or_review_found
X00012916 001481004000;;;;pending_review;qa_pending_or_review_found;false;2;12V4000M70;1900806, 1903248;132, 471;"{""total_rows"":2,""count_ok_importar"":0,""count_ok_eliminar"":0,""count_pending"":2,""count_review_action"":2,""count_other"":2}";pending_review;qa_pending_or_review_found
X00013978;TERMINAL FOR CYLINDER HEAD Busin;;25.000 g;pending_review;qa_pending_or_review_found;false;6;16V4000M73, 20V4000M93L;1402778, 1405947, 1409125, 1412328, 1803482, 1807164;326, 680, 1035, 1389, 1473, 1857;"{""total_rows"":6,""count_ok_importar"":0,""count_ok_eliminar"":0,""count_pending"":6,""count_review_action"":6,""count_other"":6}";pending_review;qa_pending_or_review_found
X00014469 0095316480;;;;pending_review;qa_pending_or_review_found;false;1;12V4000M70;1905016;739;"{""total_rows"":1,""count_ok_importar"":0,""count_ok_eliminar"":0,""count_pending"":1,""count_review_action"":1,""count_other"":1}";pending_review;qa_pending_or_review_found
X00026992;HP ACCUMULATOR DOUBLE-WA LLED, LEFT;;26.400 kg EM;pending_review;qa_pending_or_review_found;false;2;20V4000M93L;1800544, 1804114;1203, 1576;"{""total_rows"":2,""count_ok_importar"":0,""count_ok_eliminar"":0,""count_pending"":2,""count_review_action"":2,""count_other"":2}";pending_review;qa_pending_or_review_found
X00026993;HP ACCUMULATOR DOUBLE -WALLED, RIGH B;;26.400 kg EM;pending_review;qa_pending_or_review_found;false;2;20V4000M93L;1800545, 1804115;1203, 1576;"{""total_rows"":2,""count_ok_importar"":0,""count_ok_eliminar"":0,""count_pending"":2,""count_review_action"":2,""count_other"":2}";pending_review;qa_pending_or_review_found
X00044892;PARTITION PLAT E;;7.660 kg;pending_review;qa_pending_or_review_found;false;10;16V4000M73, 16V4000M73L, 20V4000M93L;1402332, 1405501, 1408679, 1411878, 1501655, 1504862, 1507325, 1509813, 1802804, 1806463;279, 633, 988, 1342, 240, 726, 1071, 1407, 1404, 1784;"{""total_rows"":10,""count_ok_importar"":0,""count_ok_eliminar"":0,""count_pending"":10,""count_review_action"":10,""count_other"":10}";pending_review;qa_pending_or_review_found
X5241890000;;;;pending_review;qa_pending_or_review_found;false;2;20V4000M93L;1802154, 1805813;1363, 1743;"{""total_rows"":2,""count_ok_importar"":0,""count_ok_eliminar"":0,""count_pending"":2,""count_review_action"":2,""count_other"":2}";pending_review;qa_pending_or_review_found
X52402400009;EQUIPMENT R;;201,000 kg;pending_review;qa_pending_or_review_found;false;2;12V4000M70;1900206, 1902646;49, 388;"{""total_rows"":2,""count_ok_importar"":0,""count_ok_eliminar"":0,""count_pending"":2,""count_review_action"":2,""count_other"":2}";pending_review;qa_pending_or_review_found
X52404100177;;;;pending_review;qa_pending_or_review_found;false;8;16V4000M73, 20V4000M93;1400481, 1403647, 1406818, 1409998, 1700466, 1704212, 1707955, 1711698;81, 435, 789, 1144, 78, 474, 870, 1266;"{""total_rows"":8,""count_ok_importar"":0,""count_ok_eliminar"":0,""count_pending"":8,""count_review_action"":8,""count_other"":8}";pending_review;qa_pending_or_review_found
X52418900008;;;;pending_review;qa_pending_or_review_found;false;2;20V4000M93L;1802143, 1805807;1363, 1743;"{""total_rows"":2,""count_ok_importar"":0,""count_ok_eliminar"":0,""count_pending"":2,""count_review_action"":2,""count_other"":2}";pending_review;qa_pending_or_review_found
X52450700024R;;;;pending_review;qa_pending_or_review_found;false;1;16V4000M90;1602295;318;"{""total_rows"":1,""count_ok_importar"":0,""count_ok_eliminar"":0,""count_pending"":1,""count_review_action"":1,""count_other"":1}";pending_review;qa_pending_or_review_found
X52450700025R;;;;pending_review;qa_pending_or_review_found;false;1;16V4000M90;1602332;319;"{""total_rows"":1,""count_ok_importar"":0,""count_ok_eliminar"":0,""count_pending"":1,""count_review_action"":1,""count_other"":1}";pending_review;qa_pending_or_review_found
X52450700026R;;;;pending_review;qa_pending_or_review_found;false;1;16V4000M90;1602389;320;"{""total_rows"":1,""count_ok_importar"":0,""count_ok_eliminar"":0,""count_pending"":1,""count_review_action"":1,""count_other"":1}";pending_review;qa_pending_or_review_found
X52450700027R;;;;pending_review;qa_pending_or_review_found;false;1;16V4000M90;1602333;319;"{""total_rows"":1,""count_ok_importar"":0,""count_ok_eliminar"":0,""count_pending"":1,""count_review_action"":1,""count_other"":1}";pending_review;qa_pending_or_review_found
X52450700028R;;;;pending_review;qa_pending_or_review_found;false;1;16V4000M90;1602334;319;"{""total_rows"":1,""count_ok_importar"":0,""count_ok_eliminar"":0,""count_pending"":1,""count_review_action"":1,""count_other"":1}";pending_review;qa_pending_or_review_found
X52450700029R;;;;pending_review;qa_pending_or_review_found;false;1;16V4000M90;1602297;318;"{""total_rows"":1,""count_ok_importar"":0,""count_ok_eliminar"":0,""count_pending"":1,""count_review_action"":1,""count_other"":1}";pending_review;qa_pending_or_review_found
X52450700030R;;;;pending_review;qa_pending_or_review_found;false;1;16V4000M90;1602298;318;"{""total_rows"":1,""count_ok_importar"":0,""count_ok_eliminar"":0,""count_pending"":1,""count_review_action"":1,""count_other"":1}";pending_review;qa_pending_or_review_found
X52450700032R;;;;pending_review;qa_pending_or_review_found;false;1;16V4000M90;1602299;318;"{""total_rows"":1,""count_ok_importar"":0,""count_ok_eliminar"":0,""count_pending"":1,""count_review_action"":1,""count_other"":1}";pending_review;qa_pending_or_review_found
X52617300002;STARTER AIR RI;;24,540 kg;pending_review;qa_pending_or_review_found;false;1;12V4000M70;1903731;536;"{""total_rows"":1,""count_ok_importar"":0,""count_ok_eliminar"":0,""count_pending"":1,""count_review_action"":1,""count_other"":1}";pending_review;qa_pending_or_review_found
X52710100028;EXHAUST TURBO CHARGER RIGHT SIDE;;;pending_review;qa_pending_or_review_found;false;2;16V4000M61;1300703, 1303614;121, 625;"{""total_rows"":2,""count_ok_importar"":0,""count_ok_eliminar"":0,""count_pending"":2,""count_review_action"":2,""count_other"":2}";pending_review;qa_pending_or_review_found
X52810100041B;;;;pending_review;qa_pending_or_review_found;false;7;20V4000M93;1700865, 1700935, 1700996, 1701057, 1704641, 1708399, 1712093;140, 147, 150, 153, 536, 932, 1328;"{""total_rows"":7,""count_ok_importar"":0,""count_ok_eliminar"":0,""count_pending"":7,""count_review_action"":7,""count_other"":7}";pending_review;qa_pending_or_review_found
X52812500014;GUIDE TUBE Business Por;;5.880 kg;pending_review;qa_pending_or_review_found;false;2;20V4000M93L;1801299, 1804905;1282, 1659;"{""total_rows"":2,""count_ok_importar"":0,""count_ok_eliminar"":0,""count_pending"":2,""count_review_action"":2,""count_other"":2}";pending_review;qa_pending_or_review_found
X53566400071/30;GENSET GL ACCEPTANCE GENSET GL ACCEPTANCE 1 ss Portal Online Print 25-12-2023;;1000.000 k;pending_review;qa_pending_or_review_found;false;1;20V4000M93L;1807255;1872;"{""total_rows"":1,""count_ok_importar"":0,""count_ok_eliminar"":0,""count_pending"":1,""count_review_action"":1,""count_other"":1}";pending_review;qa_pending_or_review_found
X59308300010;CONNECTING PIEC E Busin;;;pending_review;qa_pending_or_review_found;false;2;20V4000M93L;1800671, 1804277;1222, 1599;"{""total_rows"":2,""count_ok_importar"":0,""count_ok_eliminar"":0,""count_pending"":2,""count_review_action"":2,""count_other"":2}";pending_review;qa_pending_or_review_found
X59410100113;THREADED SLE EVE;;369.000 g;pending_review;qa_pending_or_review_found;false;8;16V4000M73, 16V4000M73L;1402503, 1405672, 1408850, 1412051, 1501758, 1504965, 1507428, 1509916;298, 652, 1007, 1361, 250, 736, 1081, 1417;"{""total_rows"":8,""count_ok_importar"":0,""count_ok_eliminar"":0,""count_pending"":8,""count_review_action"":8,""count_other"":8}";pending_review;qa_pending_or_review_found
X59414100003;EXHAUST HOU SING;;;pending_review;qa_pending_or_review_found;false;2;20V4000M93L;1801442, 1805048;1294, 1671;"{""total_rows"":2,""count_ok_importar"":0,""count_ok_eliminar"":0,""count_pending"":2,""count_review_action"":2,""count_other"":2}";pending_review;qa_pending_or_review_found
X59414100005;EXHAUST HOU SING F OR 1 CYLINDER;;;pending_review;qa_pending_or_review_found;false;2;20V4000M93L;1801457, 1805063;1294, 1671;"{""total_rows"":2,""count_ok_importar"":0,""count_ok_eliminar"":0,""count_pending"":2,""count_review_action"":2,""count_other"":2}";pending_review;qa_pending_or_review_found
X59420200182D;;;;pending_review;qa_pending_or_review_found;false;1;12V4000M53;1205141;595;"{""total_rows"":1,""count_ok_importar"":0,""count_ok_eliminar"":0,""count_pending"":1,""count_review_action"":1,""count_other"":1}";pending_review;qa_pending_or_review_found
X59510100008B;;;;pending_review;qa_pending_or_review_found;false;8;16V4000M73;1400870, 1400940, 1404067, 1404137, 1407255, 1407325, 1410436, 1410506;140, 147, 494, 501, 848, 855, 1203, 1210;"{""total_rows"":8,""count_ok_importar"":0,""count_ok_eliminar"":0,""count_pending"":8,""count_review_action"":8,""count_other"":8}";pending_review;qa_pending_or_review_found
X59510100035C;;;;pending_review;qa_pending_or_review_found;false;8;16V4000M73;1400872, 1400942, 1404069, 1404139, 1407257, 1407327, 1410438, 1410508;140, 147, 494, 501, 848, 855, 1203, 1210;"{""total_rows"":8,""count_ok_importar"":0,""count_ok_eliminar"":0,""count_pending"":8,""count_review_action"":8,""count_other"":8}";pending_review;qa_pending_or_review_found
X59602400008;EQUIPMENT R ACK;;208.000 kg;pending_review;qa_pending_or_review_found;false;2;20V4000M93L;1800320, 1803894;1153, 1526;"{""total_rows"":2,""count_ok_importar"":0,""count_ok_eliminar"":0,""count_pending"":2,""count_review_action"":2,""count_other"":2}";pending_review;qa_pending_or_review_found
X59610100058C;;;;pending_review;qa_pending_or_review_found;false;7;20V4000M93;1700867, 1700937, 1700998, 1701059, 1704643, 1708401, 1712095;140, 147, 150, 153, 536, 932, 1328;"{""total_rows"":7,""count_ok_importar"":0,""count_ok_eliminar"":0,""count_pending"":7,""count_review_action"":7,""count_other"":7}";pending_review;qa_pending_or_review_found
X59610100101T;;;;pending_review;qa_pending_or_review_found;false;15;16V4000M73, 20V4000M93;1400871, 1400941, 1404068, 1404138, 1407256, 1407326, 1410437, 1410507, 1700866, 1700936, 1700997, 1701058, 1704642, 1708400, 1712094;140, 147, 494, 501, 848, 855, 1203, 1210, 150, 153, 536, 932, 1328;"{""total_rows"":15,""count_ok_importar"":0,""count_ok_eliminar"":0,""count_pending"":15,""count_review_action"":15,""count_other"":15}";pending_review;qa_pending_or_review_found
X59610100116;EXHAUST TURBOCHARGER RIGHT Busines;;93.400 kg EM;pending_review;qa_pending_or_review_found;false;2;20V4000M93L;1800809, 1804415;1235, 1612;"{""total_rows"":2,""count_ok_importar"":0,""count_ok_eliminar"":0,""count_pending"":2,""count_review_action"":2,""count_other"":2}";pending_review;qa_pending_or_review_found
X59612300023;RETAINER F/INTAKE AIR SYSTEM B;;349.400 g;pending_review;qa_pending_or_review_found;false;6;20V4000M93, 20V4000M93L;1701171, 1704911, 1708651, 1712400, 1801137, 1804743;167, 563, 959, 1355, 1265, 1642;"{""total_rows"":6,""count_ok_importar"":0,""count_ok_eliminar"":0,""count_pending"":6,""count_review_action"":6,""count_other"":6}";pending_review;qa_pending_or_review_found
X59614300003;CARRIER HOUS ING;;40.000 kg EM;pending_review;qa_pending_or_review_found;false;2;20V4000M93L;1801517, 1805123;1297, 1674;"{""total_rows"":2,""count_ok_importar"":0,""count_ok_eliminar"":0,""count_pending"":2,""count_review_action"":2,""count_other"":2}";pending_review;qa_pending_or_review_found
X59634200024/30;GEARBOX GEARBOX 1 s Portal Online Print 25-12-2023;;6900.000 k;pending_review;qa_pending_or_review_found;false;2;20V4000M93L;1803129, 1806811;1453, 1837;"{""total_rows"":2,""count_ok_importar"":0,""count_ok_eliminar"":0,""count_pending"":2,""count_review_action"":2,""count_other"":2}";pending_review;qa_pending_or_review_found
XP51566400025;SPARE PARTS KIT ss Portal Online Prin;;;pending_review;qa_pending_or_review_found;false;1;20V4000M93L;1807258;1873;"{""total_rows"":1,""count_ok_importar"":0,""count_ok_eliminar"":0,""count_pending"":1,""count_review_action"":1,""count_other"":1}";pending_review;qa_pending_or_review_found
XP52600600001M;;;;pending_review;qa_pending_or_review_found;false;3;16V4000M73;1401625, 1404803, 1407984;221, 575, 930;"{""total_rows"":3,""count_ok_importar"":0,""count_ok_eliminar"":0,""count_pending"":3,""count_review_action"":3,""count_other"":3}";pending_review;qa_pending_or_review_found
XP52618300035C;;;;pending_review;qa_pending_or_review_found;false;9;16V4000M73, 20V4000M93, 20V4000M93L;1401683, 1404852, 1408030, 1701854, 1705594, 1709334, 1713079, 1802015, 1805674;222, 576, 931, 238, 634, 1030, 1426, 1349, 1729;"{""total_rows"":9,""count_ok_importar"":0,""count_ok_eliminar"":0,""count_pending"":9,""count_review_action"":9,""count_other"":9}";pending_review;qa_pending_or_review_found
XP52699100138R;;;65.000 g;pending_review;qa_pending_or_review_found;false;9;16V4000M73, 20V4000M93, 20V4000M93L;1401682, 1404851, 1408029, 1701853, 1705593, 1709333, 1713078, 1802014, 1805673;222, 576, 931, 238, 634, 1030, 1426, 1349, 1729;"{""total_rows"":9,""count_ok_importar"":0,""count_ok_eliminar"":0,""count_pending"":9,""count_review_action"":9,""count_other"":9}";pending_review;qa_pending_or_review_found
XP52699100164;NON-RETURN V;"DN40/PN16; 5MB";;pending_review;qa_pending_or_review_found;false;2;16V4000M73L;1502079, 1510717;299, 1549;"{""total_rows"":2,""count_ok_importar"":0,""count_ok_eliminar"":0,""count_pending"":2,""count_review_action"":2,""count_other"":2}";pending_review;qa_pending_or_review_found
XP52700600009;;;;pending_review;qa_pending_or_review_found;false;4;16V4000M73;1401693, 1404863, 1408041, 1411217;224, 578, 933, 1287;"{""total_rows"":4,""count_ok_importar"":0,""count_ok_eliminar"":0,""count_pending"":4,""count_review_action"":4,""count_other"":4}";pending_review;qa_pending_or_review_found
XP52708800015G;;;145.000 g;pending_review;qa_pending_or_review_found;false;1;20V4000M93L;1804246;1596;"{""total_rows"":1,""count_ok_importar"":0,""count_ok_eliminar"":0,""count_pending"":1,""count_review_action"":1,""count_other"":1}";pending_review;qa_pending_or_review_found
XP52711400030;HEAT SHIELD Bu;;;pending_review;qa_pending_or_review_found;false;4;16V4000M73;1401033, 1404202, 1407371, 1410548;152, 506, 860, 1215;"{""total_rows"":4,""count_ok_importar"":0,""count_ok_eliminar"":0,""count_pending"":4,""count_review_action"":4,""count_other"":4}";pending_review;qa_pending_or_review_found
XP52718300011S;;;;pending_review;qa_pending_or_review_found;false;3;16V4000M73;1401640, 1404809, 1407987;222, 576, 931;"{""total_rows"":3,""count_ok_importar"":0,""count_ok_eliminar"":0,""count_pending"":3,""count_review_action"":3,""count_other"":3}";pending_review;qa_pending_or_review_found
XP52814500041;EDGE PROTECTOR Busine;;;pending_review;qa_pending_or_review_found;false;2;20V4000M93L;1801579, 1805185;1304, 1681;"{""total_rows"":2,""count_ok_importar"":0,""count_ok_eliminar"":0,""count_pending"":2,""count_review_action"":2,""count_other"":2}";pending_review;qa_pending_or_review_found
XP52818300006O;;;;pending_review;qa_pending_or_review_found;false;6;20V4000M93, 20V4000M93L;1701795, 1705535, 1709275, 1713021, 1802002, 1805661;237, 633, 1029, 1425, 1348, 1728;"{""total_rows"":6,""count_ok_importar"":0,""count_ok_eliminar"":0,""count_pending"":6,""count_review_action"":6,""count_other"":6}";pending_review;qa_pending_or_review_found
XP52818300008S;;;;pending_review;qa_pending_or_review_found;false;6;20V4000M93, 20V4000M93L;1701799, 1705538, 1709278, 1713024, 1802004, 1805663;237, 633, 1029, 1425, 1348, 1728;"{""total_rows"":6,""count_ok_importar"":0,""count_ok_eliminar"":0,""count_pending"":6,""count_review_action"":6,""count_other"":6}";pending_review;qa_pending_or_review_found
XP52818300009S;;;;pending_review;qa_pending_or_review_found;false;6;20V4000M93, 20V4000M93L;1701800, 1705539, 1709279, 1713025, 1801951, 1805610;237, 633, 1029, 1425, 1348, 1728;"{""total_rows"":6,""count_ok_importar"":0,""count_ok_eliminar"":0,""count_pending"":6,""count_review_action"":6,""count_other"":6}";pending_review;qa_pending_or_review_found
XP52818300010F;;;;pending_review;qa_pending_or_review_found;false;6;20V4000M93, 20V4000M93L;1701793, 1705533, 1709273, 1713019, 1801984, 1805643;237, 633, 1029, 1425, 1348, 1728;"{""total_rows"":6,""count_ok_importar"":0,""count_ok_eliminar"":0,""count_pending"":6,""count_review_action"":6,""count_other"":6}";pending_review;qa_pending_or_review_found
XP52818300011O;;;;pending_review;qa_pending_or_review_found;false;6;20V4000M93, 20V4000M93L;1701802, 1705541, 1709281, 1713027, 1801955, 1805613;237, 633, 1029, 1425, 1348, 1728;"{""total_rows"":6,""count_ok_importar"":0,""count_ok_eliminar"":0,""count_pending"":6,""count_review_action"":6,""count_other"":6}";pending_review;qa_pending_or_review_found
XP52818300012D;;;;pending_review;qa_pending_or_review_found;false;6;20V4000M93, 20V4000M93L;1701804, 1705543, 1709283, 1713029, 1801956, 1805615;237, 633, 1029, 1425, 1348, 1728;"{""total_rows"":6,""count_ok_importar"":0,""count_ok_eliminar"":0,""count_pending"":6,""count_review_action"":6,""count_other"":6}";pending_review;qa_pending_or_review_found
XP52818300022F;;;;pending_review;qa_pending_or_review_found;false;4;20V4000M93;1701805, 1705544, 1709284, 1713030;237, 633, 1029, 1425;"{""total_rows"":4,""count_ok_importar"":0,""count_ok_eliminar"":0,""count_pending"":4,""count_review_action"":4,""count_other"":4}";pending_review;qa_pending_or_review_found
XP52818300023M;;;;pending_review;qa_pending_or_review_found;false;8;20V4000M93;1701792, 1701798, 1705532, 1705568, 1709272, 1709324, 1713017, 1713018;237, 633, 1029, 1425;"{""total_rows"":8,""count_ok_importar"":0,""count_ok_eliminar"":0,""count_pending"":8,""count_review_action"":8,""count_other"":8}";pending_review;qa_pending_or_review_found
XP52840500011;TENSION SPRIN;;;pending_review;qa_pending_or_review_found;false;4;20V4000M93L;1803133, 1803134, 1806815, 1806816;1454, 1838;"{""total_rows"":4,""count_ok_importar"":0,""count_ok_eliminar"":0,""count_pending"":4,""count_review_action"":4,""count_other"":4}";pending_review;qa_pending_or_review_found
XP52840500014;VALVE ess Portal ess Portal;;;pending_review;qa_pending_or_review_found;false;2;20V4000M93L;1803137, 1806819;1454, 1838;"{""total_rows"":2,""count_ok_importar"":0,""count_ok_eliminar"":0,""count_pending"":2,""count_review_action"":2,""count_other"":2}";pending_review;qa_pending_or_review_found
XP52899100081G;;;;pending_review;qa_pending_or_review_found;false;6;20V4000M93, 20V4000M93L;1701813, 1705552, 1709292, 1713038, 1801966, 1805625;237, 633, 1029, 1425, 1348, 1728;"{""total_rows"":6,""count_ok_importar"":0,""count_ok_eliminar"":0,""count_pending"":6,""count_review_action"":6,""count_other"":6}";pending_review;qa_pending_or_review_found
XP52899100091S;;;;pending_review;qa_pending_or_review_found;false;11;16V4000M73, 20V4000M93;1401669, 1404838, 1408016, 1701855, 1701865, 1705595, 1705605, 1709335, 1709345, 1713080, 1713090;222, 576, 931, 238, 634, 1030, 1426;"{""total_rows"":11,""count_ok_importar"":0,""count_ok_eliminar"":0,""count_pending"":11,""count_review_action"":11,""count_other"":11}";pending_review;qa_pending_or_review_found
XP52899100092S;;;;pending_review;qa_pending_or_review_found;false;7;16V4000M73, 20V4000M93;1401662, 1404831, 1408009, 1701837, 1705577, 1709316, 1713062;222, 576, 931, 237, 633, 1029, 1425;"{""total_rows"":7,""count_ok_importar"":0,""count_ok_eliminar"":0,""count_pending"":7,""count_review_action"":7,""count_other"":7}";pending_review;qa_pending_or_review_found
XP52899100093S;;;;pending_review;qa_pending_or_review_found;false;4;20V4000M93;1701821, 1705560, 1709300, 1713046;237, 633, 1029, 1425;"{""total_rows"":4,""count_ok_importar"":0,""count_ok_eliminar"":0,""count_pending"":4,""count_review_action"":4,""count_other"":4}";pending_review;qa_pending_or_review_found
XP52899100094S;;;;pending_review;qa_pending_or_review_found;false;7;16V4000M73, 20V4000M93;1401647, 1404816, 1407994, 1701825, 1705564, 1709304, 1713050;222, 576, 931, 237, 633, 1029, 1425;"{""total_rows"":7,""count_ok_importar"":0,""count_ok_eliminar"":0,""count_pending"":7,""count_review_action"":7,""count_other"":7}";pending_review;qa_pending_or_review_found
XP53199100001;MAINTENANCE KIT Business P;;;pending_review;qa_pending_or_review_found;false;2;20V4000M93L;1807267, 1807268;1876;"{""total_rows"":2,""count_ok_importar"":0,""count_ok_eliminar"":0,""count_pending"":2,""count_review_action"":2,""count_other"":2}";pending_review;qa_pending_or_review_found
XP53208800001S;;;27.000 kg;pending_review;qa_pending_or_review_found;false;3;16V4000M90, 20V4000M93L;1600558, 1804240, 1804249;113, 1596;"{""total_rows"":3,""count_ok_importar"":0,""count_ok_eliminar"":0,""count_pending"":3,""count_review_action"":3,""count_other"":3}";pending_review;qa_pending_or_review_found
XP53208800004L;;;155.000 g;pending_review;qa_pending_or_review_found;false;1;20V4000M93L;1804253;1596;"{""total_rows"":1,""count_ok_importar"":0,""count_ok_eliminar"":0,""count_pending"":1,""count_review_action"":1,""count_other"":1}";pending_review;qa_pending_or_review_found
XP53208800005S;;;465.000 g;pending_review;qa_pending_or_review_found;false;1;20V4000M93L;1804254;1596;"{""total_rows"":1,""count_ok_importar"":0,""count_ok_eliminar"":0,""count_pending"":1,""count_review_action"":1,""count_other"":1}";pending_review;qa_pending_or_review_found
XP53208800007P;;;215.000 g;pending_review;qa_pending_or_review_found;false;1;20V4000M93L;1804237;1596;"{""total_rows"":1,""count_ok_importar"":0,""count_ok_eliminar"":0,""count_pending"":1,""count_review_action"":1,""count_other"":1}";pending_review;qa_pending_or_review_found
XP53208800011B;;;210.000 g;pending_review;qa_pending_or_review_found;false;2;20V4000M93L;1804238, 1804241;1596;"{""total_rows"":2,""count_ok_importar"":0,""count_ok_eliminar"":0,""count_pending"":2,""count_review_action"":2,""count_other"":2}";pending_review;qa_pending_or_review_found
XP53208800015E;;;183.000 g;pending_review;qa_pending_or_review_found;false;1;20V4000M93L;1804245;1596;"{""total_rows"":1,""count_ok_importar"":0,""count_ok_eliminar"":0,""count_pending"":1,""count_review_action"":1,""count_other"":1}";pending_review;qa_pending_or_review_found
XP53208800064G;;;20.000 g;pending_review;qa_pending_or_review_found;false;1;20V4000M93L;1804244;1596;"{""total_rows"":1,""count_ok_importar"":0,""count_ok_eliminar"":0,""count_pending"":1,""count_review_action"":1,""count_other"":1}";pending_review;qa_pending_or_review_found
XP53208800070B;;;6.600 kg;pending_review;qa_pending_or_review_found;false;1;20V4000M93L;1804239;1596;"{""total_rows"":1,""count_ok_importar"":0,""count_ok_eliminar"":0,""count_pending"":1,""count_review_action"":1,""count_other"":1}";pending_review;qa_pending_or_review_found
XP53208800071S;;;;pending_review;qa_pending_or_review_found;false;1;20V4000M93L;1804242;1596;"{""total_rows"":1,""count_ok_importar"":0,""count_ok_eliminar"":0,""count_pending"":1,""count_review_action"":1,""count_other"":1}";pending_review;qa_pending_or_review_found
XP53208800074N;;;0.673 kg;pending_review;qa_pending_or_review_found;false;1;20V4000M93L;1804255;1596;"{""total_rows"":1,""count_ok_importar"":0,""count_ok_eliminar"":0,""count_pending"":1,""count_review_action"":1,""count_other"":1}";pending_review;qa_pending_or_review_found
XP53208800077W;;KUNSTSTOFF;0.368 kg;pending_review;qa_pending_or_review_found;false;1;20V4000M93L;1804248;1596;"{""total_rows"":1,""count_ok_importar"":0,""count_ok_eliminar"":0,""count_pending"":1,""count_review_action"":1,""count_other"":1}";pending_review;qa_pending_or_review_found
XP56918300037P;;;100.000 g;pending_review;qa_pending_or_review_found;false;2;20V4000M93L;1801990, 1805649;1348, 1728;"{""total_rows"":2,""count_ok_importar"":0,""count_ok_eliminar"":0,""count_pending"":2,""count_review_action"":2,""count_other"":2}";pending_review;qa_pending_or_review_found
XP56918300038I;;;0.100 kg;pending_review;qa_pending_or_review_found;false;2;20V4000M93L;1801991, 1805650;1348, 1728;"{""total_rows"":2,""count_ok_importar"":0,""count_ok_eliminar"":0,""count_pending"":2,""count_review_action"":2,""count_other"":2}";pending_review;qa_pending_or_review_found
XP56918300055O;;;;pending_review;qa_pending_or_review_found;false;4;20V4000M93;1701811, 1705550, 1709290, 1713036;237, 633, 1029, 1425;"{""total_rows"":4,""count_ok_importar"":0,""count_ok_eliminar"":0,""count_pending"":4,""count_review_action"":4,""count_other"":4}";pending_review;qa_pending_or_review_found
XP57518300057R;;;3,000 g;pending_review;qa_pending_or_review_found;false;2;12V4000M53;1203314, 1203318;395;"{""total_rows"":2,""count_ok_importar"":0,""count_ok_eliminar"":0,""count_pending"":2,""count_review_action"":2,""count_other"":2}";pending_review;qa_pending_or_review_found
XP59325100002;;;;pending_review;qa_pending_or_review_found;false;1;16V4000M90;1600310;57;"{""total_rows"":1,""count_ok_importar"":0,""count_ok_eliminar"":0,""count_pending"":1,""count_review_action"":1,""count_other"":1}";pending_review;qa_pending_or_review_found
XP59600600001M;;;;pending_review;qa_pending_or_review_found;false;4;20V4000M93L;1801952, 1801973, 1805614, 1805632;1348, 1728;"{""total_rows"":4,""count_ok_importar"":0,""count_ok_eliminar"":0,""count_pending"":4,""count_review_action"":4,""count_other"":4}";pending_review;qa_pending_or_review_found
XP59611400054;;;;pending_review;qa_pending_or_review_found;false;4;20V4000M93;1701142, 1704885, 1708627, 1712371;158, 554, 950, 1346;"{""total_rows"":4,""count_ok_importar"":0,""count_ok_eliminar"":0,""count_pending"":4,""count_review_action"":4,""count_other"":4}";pending_review;qa_pending_or_review_found
XP59618300009C;;;;pending_review;qa_pending_or_review_found;false;6;20V4000M93, 20V4000M93L;1701794, 1705534, 1709274, 1713020, 1801995, 1805654;237, 633, 1029, 1425, 1348, 1728;"{""total_rows"":6,""count_ok_importar"":0,""count_ok_eliminar"":0,""count_pending"":6,""count_review_action"":6,""count_other"":6}";pending_review;qa_pending_or_review_found
XP59618300010S;;;;pending_review;qa_pending_or_review_found;false;6;20V4000M93, 20V4000M93L;1701801, 1705540, 1709280, 1713026, 1801953, 1805611;237, 633, 1029, 1425, 1348, 1728;"{""total_rows"":6,""count_ok_importar"":0,""count_ok_eliminar"":0,""count_pending"":6,""count_review_action"":6,""count_other"":6}";pending_review;qa_pending_or_review_found
XP59618300011W;;;;pending_review;qa_pending_or_review_found;false;6;20V4000M93, 20V4000M93L;1701840, 1705580, 1709319, 1713065, 1801996, 1805655;237, 633, 1029, 1425, 1348, 1728;"{""total_rows"":6,""count_ok_importar"":0,""count_ok_eliminar"":0,""count_pending"":6,""count_review_action"":6,""count_other"":6}";pending_review;qa_pending_or_review_found
XP59618300012N;;;;pending_review;qa_pending_or_review_found;false;6;20V4000M93, 20V4000M93L;1701841, 1705581, 1709320, 1713066, 1801997, 1805656;237, 633, 1029, 1425, 1348, 1728;"{""total_rows"":6,""count_ok_importar"":0,""count_ok_eliminar"":0,""count_pending"":6,""count_review_action"":6,""count_other"":6}";pending_review;qa_pending_or_review_found
XP59618300014W;;;;pending_review;qa_pending_or_review_found;false;6;20V4000M93, 20V4000M93L;1701844, 1705584, 1709323, 1713069, 1802000, 1805659;237, 633, 1029, 1425, 1348, 1728;"{""total_rows"":6,""count_ok_importar"":0,""count_ok_eliminar"":0,""count_pending"":6,""count_review_action"":6,""count_other"":6}";pending_review;qa_pending_or_review_found
XP59618300015N;;;130.000 g;pending_review;qa_pending_or_review_found;false;6;20V4000M93, 20V4000M93L;1701850, 1705590, 1709330, 1713075, 1802011, 1805670;238, 634, 1030, 1426, 1349, 1729;"{""total_rows"":6,""count_ok_importar"":0,""count_ok_eliminar"":0,""count_pending"":6,""count_review_action"":6,""count_other"":6}";pending_review;qa_pending_or_review_found
XP59618300018F;;;;pending_review;qa_pending_or_review_found;false;6;20V4000M93, 20V4000M93L;1701863, 1705603, 1709343, 1713088, 1802020, 1805679;238, 634, 1030, 1426, 1349, 1729;"{""total_rows"":6,""count_ok_importar"":0,""count_ok_eliminar"":0,""count_pending"":6,""count_review_action"":6,""count_other"":6}";pending_review;qa_pending_or_review_found
XP59618300034C;;;;pending_review;qa_pending_or_review_found;false;4;20V4000M93;1701797, 1705537, 1709277, 1713023;237, 633, 1029, 1425;"{""total_rows"":4,""count_ok_importar"":0,""count_ok_eliminar"":0,""count_pending"":4,""count_review_action"":4,""count_other"":4}";pending_review;qa_pending_or_review_found
XP59618300036V;;;;pending_review;qa_pending_or_review_found;false;7;16V4000M73, 20V4000M93;1401688, 1404857, 1408035, 1701859, 1705599, 1709339, 1713084;222, 576, 931, 238, 634, 1030, 1426;"{""total_rows"":7,""count_ok_importar"":0,""count_ok_eliminar"":0,""count_pending"":7,""count_review_action"":7,""count_other"":7}";pending_review;qa_pending_or_review_found
XP59618300037P;;;;pending_review;qa_pending_or_review_found;false;7;16V4000M73, 20V4000M93;1401689, 1404858, 1408036, 1701860, 1705600, 1709340, 1713085;222, 576, 931, 238, 634, 1030, 1426;"{""total_rows"":7,""count_ok_importar"":0,""count_ok_eliminar"":0,""count_pending"":7,""count_review_action"":7,""count_other"":7}";pending_review;qa_pending_or_review_found
XP59618300038B;;;;pending_review;qa_pending_or_review_found;false;7;16V4000M73, 20V4000M93;1401690, 1404859, 1408037, 1701861, 1705601, 1709341, 1713086;223, 577, 932, 238, 634, 1030, 1426;"{""total_rows"":7,""count_ok_importar"":0,""count_ok_eliminar"":0,""count_pending"":7,""count_review_action"":7,""count_other"":7}";pending_review;qa_pending_or_review_found
XP59618300039P;;;;pending_review;qa_pending_or_review_found;false;7;16V4000M73, 20V4000M93;1401691, 1404860, 1408038, 1701862, 1705602, 1709342, 1713087;223, 577, 932, 238, 634, 1030, 1426;"{""total_rows"":7,""count_ok_importar"":0,""count_ok_eliminar"":0,""count_pending"":7,""count_review_action"":7,""count_other"":7}";pending_review;qa_pending_or_review_found
XP59699100499B;;;;pending_review;qa_pending_or_review_found;false;7;16V4000M73, 20V4000M93;1401661, 1404830, 1408008, 1701836, 1705576, 1709315, 1713061;222, 576, 931, 237, 633, 1029, 1425;"{""total_rows"":7,""count_ok_importar"":0,""count_ok_eliminar"":0,""count_pending"":7,""count_review_action"":7,""count_other"":7}";pending_review;qa_pending_or_review_found
XT3499100004B;;;325.800 g;pending_review;qa_pending_or_review_found;false;9;20V4000M93;1704722, 1704781, 1704840, 1708462, 1708521, 1708580, 1712209, 1712269, 1712329;543, 546, 549, 939, 942, 945, 1335, 1338, 1341;"{""total_rows"":9,""count_ok_importar"":0,""count_ok_eliminar"":0,""count_pending"":9,""count_review_action"":9,""count_other"":9}";pending_review;qa_pending_or_review_found
XT3499100005B;;;204.000 g;pending_review;qa_pending_or_review_found;false;9;20V4000M93;1704721, 1704780, 1704839, 1708461, 1708520, 1708579, 1712208, 1712268, 1712328;543, 546, 549, 939, 942, 945, 1335, 1338, 1341;"{""total_rows"":9,""count_ok_importar"":0,""count_ok_eliminar"":0,""count_pending"":9,""count_review_action"":9,""count_other"":9}";pending_review;qa_pending_or_review_found
Z=30022 NUT;;;4.600 g;pending_review;qa_pending_or_review_found;false;9;16V4000M73, 20V4000M93, 20V4000M93L;1401658, 1404827, 1408005, 1701833, 1705573, 1709312, 1713058, 1801987, 1805646;222, 576, 931, 237, 633, 1029, 1425, 1348, 1728;"{""total_rows"":9,""count_ok_importar"":0,""count_ok_eliminar"":0,""count_pending"":9,""count_review_action"":9,""count_other"":9}";pending_review;qa_pending_or_review_found
Z=169651-7 8490910009 Z=161901-4 8490910011 Z=255719-7 8490910022 000910999015 007603014102 007603021100;;;;pending_review;qa_pending_or_review_found;false;2;12V4000M70;1901427, 1903814;209, 546;"{""total_rows"":2,""count_ok_importar"":0,""count_ok_eliminar"":0,""count_pending"":2,""count_review_action"":2,""count_other"":2}";pending_review;qa_pending_or_review_found
