sku;designation_final;measurement_final;weight_final;decision;reason;qa_validated;occurrences;engines;source_ids;source_pages;qa_summary_json;import_decision;import_reason
135M55009/1;STRAP 75 X20;;0.06 KGM;import;qa_ok_importar_found;true;1;12V4000M53;1200710;111;"{""total_rows"":1,""count_ok_importar"":1,""count_ok_eliminar"":0,""count_pending"":0,""count_review_action"":0,""count_other"":0}";import;qa_ok_importar_found
635H22706/2;SWITCH;;;import;qa_ok_importar_found;true;1;12V4000M40A;1102423;346;"{""total_rows"":1,""count_ok_importar"":1,""count_ok_eliminar"":0,""count_pending"":0,""count_review_action"":0,""count_other"":0}";import;qa_ok_importar_found
000000002970;HEX SCREW;M 12 X 70;64,700 g M 12 X 70 ISO4017;import;qa_ok_importar_found;true;1;12V4000M53;1201765;228;"{""total_rows"":1,""count_ok_importar"":1,""count_ok_eliminar"":0,""count_pending"":0,""count_review_action"":0,""count_other"":0}";import;qa_ok_importar_found
000000003326;HEX SCREW;M 10 X 35;0.027 KGM;import;qa_ok_importar_found;true;1;12V4000M40A;1100070;104;"{""total_rows"":1,""count_ok_importar"":1,""count_ok_eliminar"":0,""count_pending"":0,""count_review_action"":0,""count_other"":0}";import;qa_ok_importar_found
000000004744;HEX NUT;M 12;14,300 g M 12 ISO4032;import;qa_ok_importar_found;true;1;12V4000M53;1200972;138;"{""total_rows"":1,""count_ok_importar"":1,""count_ok_eliminar"":0,""count_pending"":0,""count_review_action"":0,""count_other"":0}";import;qa_ok_importar_found
41458;LEAD SEAL;;1 KG;import;qa_ok_importar_found;true;1;12V4000M40A;1100083;404;"{""total_rows"":1,""count_ok_importar"":1,""count_ok_eliminar"":0,""count_pending"":0,""count_review_action"":0,""count_other"":0}";import;qa_ok_importar_found
50667;GREASE;1 TIN = 1 KG;1.116 KGM;import;qa_ok_importar_found;true;1;12V4000M40A;1100086;154;"{""total_rows"":1,""count_ok_importar"":1,""count_ok_eliminar"":0,""count_pending"":0,""count_review_action"":0,""count_other"":0}";import;qa_ok_importar_found
0000100070;MANIFOLD;;1.347 KGM;import;qa_ok_importar_found;true;1;12V4000M40A;1100088;29;"{""total_rows"":1,""count_ok_importar"":1,""count_ok_eliminar"":0,""count_pending"":0,""count_review_action"":0,""count_other"":0}";import;qa_ok_importar_found
0000352500;DAMPER;;;import;qa_ok_importar_found;true;1;12V4000M40A;1100095;51;"{""total_rows"":1,""count_ok_importar"":1,""count_ok_eliminar"":0,""count_pending"":0,""count_review_action"":0,""count_other"":0}";import;qa_ok_importar_found
0000787949;VALVE FLOW RESTRICTOR;;408,600 G;import;qa_ok_importar_found;true;1;12V4000M40A;1100099;92;"{""total_rows"":1,""count_ok_importar"":1,""count_ok_eliminar"":0,""count_pending"":0,""count_review_action"":0,""count_other"":0}";import;qa_ok_importar_found
0000983018;ACTUATING CYLINDER;;1,285 KG;import;qa_ok_importar_found;true;10;16V4000M73L, 20V4000M93L;1500871, 1501088, 1504078, 1504295, 1506541, 1506758, 1801159, 1801541, 1804765, 1805147;149, 174, 635, 660, 980, 1005, 1267, 1298, 1644, 1675;"{""total_rows"":10,""count_ok_importar"":10,""count_ok_eliminar"":0,""count_pending"":0,""count_review_action"":0,""count_other"":0}";import;qa_ok_importar_found
0001400182;BELLOWS TURBO EXHAUS T TUBE;;;import;qa_ok_importar_found;true;1;16V4000M90;1601180;172;"{""total_rows"":1,""count_ok_importar"":1,""count_ok_eliminar"":0,""count_pending"":0,""count_review_action"":0,""count_other"":0}";import;qa_ok_importar_found
0001400182/31;EXHAUST PIPE BELLOWS LR ACCEPTANCE;;;import;qa_ok_importar_found;true;1;16V4000M61;1300977;168;"{""total_rows"":1,""count_ok_importar"":1,""count_ok_eliminar"":0,""count_pending"":0,""count_review_action"":0,""count_other"":0}";import;qa_ok_importar_found
0001501150;ALT ASM F50301-120A/28V AVF-HUNGARY;;15.970 kg;import;qa_ok_importar_found;true;1;16V4000M90;1601949;266;"{""total_rows"":1,""count_ok_importar"":1,""count_ok_eliminar"":0,""count_pending"":0,""count_review_action"":0,""count_other"":0}";import;qa_ok_importar_found
0001501927;COUPLING;;2.692 kg;import;qa_ok_importar_found;true;1;16V4000M90;1601950;266;"{""total_rows"":1,""count_ok_importar"":1,""count_ok_eliminar"":0,""count_pending"":0,""count_review_action"":0,""count_other"":0}";import;qa_ok_importar_found
0001880846;PLATE;;0.74 KGM;import;qa_ok_importar_found;true;1;12V4000M40A;1100107;208;"{""total_rows"":1,""count_ok_importar"":1,""count_ok_eliminar"":0,""count_pending"":0,""count_review_action"":0,""count_other"":0}";import;qa_ok_importar_found
0002035583;BELLOWS RUBBER;DN 210 BOLT CIRCLE 1 PC 10,954 KG L 145 MM , D 125 MM;;import;qa_ok_importar_found;true;1;12V4000M40A;1100120;310;"{""total_rows"":1,""count_ok_importar"":1,""count_ok_eliminar"":0,""count_pending"":0,""count_review_action"":0,""count_other"":0}";import;qa_ok_importar_found
0002035683;RUBBER BELLOWS;STD EL 145 MM,DN 150 MM;13.400 kg STD EL 145 MM,DN 150 MM;import;qa_ok_importar_found;true;1;20V4000M93L;1806804;1834;"{""total_rows"":1,""count_ok_importar"":1,""count_ok_eliminar"":0,""count_pending"":0,""count_review_action"":0,""count_other"":0}";import;qa_ok_importar_found
0002039496;PREHEATING UNIT ERSATZ 0002039496/87;;63.975 kg P;import;qa_ok_importar_found;true;2;20V4000M93L;1802303, 1805962;1380, 1760;"{""total_rows"":2,""count_ok_importar"":2,""count_ok_eliminar"":0,""count_pending"":0,""count_review_action"":0,""count_other"":0}";import;qa_ok_importar_found
0002041620;FILTER HEAD;;;import;qa_ok_importar_found;true;2;20V4000M93L;1802291, 1805950;1376, 1756;"{""total_rows"":2,""count_ok_importar"":2,""count_ok_eliminar"":0,""count_pending"":0,""count_review_action"":0,""count_other"":0}";import;qa_ok_importar_found
5132155;SEAL RING;;20 G;import;qa_ok_importar_found;true;1;12V4000M40A;1100124;267;"{""total_rows"":1,""count_ok_importar"":1,""count_ok_eliminar"":0,""count_pending"":0,""count_review_action"":0,""count_other"":0}";import;qa_ok_importar_found
05132155;SEALING RING;;0.019 KGM;import;qa_ok_importar_found;true;1;12V4000M53;1202210;264;"{""total_rows"":1,""count_ok_importar"":1,""count_ok_eliminar"":0,""count_pending"":0,""count_review_action"":0,""count_other"":0}";import;qa_ok_importar_found
0005313789;AUDIBLE ALARM VDO;;;import;qa_ok_importar_found;true;1;16V4000M90;1602563;355;"{""total_rows"":1,""count_ok_importar"":1,""count_ok_eliminar"":0,""count_pending"":0,""count_review_action"":0,""count_other"":0}";import;qa_ok_importar_found
0005330732;HANDLE;;;import;qa_ok_importar_found;true;1;12V4000M40A;1100169;358;"{""total_rows"":1,""count_ok_importar"":1,""count_ok_eliminar"":0,""count_pending"":0,""count_review_action"":0,""count_other"":0}";import;qa_ok_importar_found
0005336343;PIPE;;;import;qa_ok_importar_found;true;1;16V4000M61;1302038;340;"{""total_rows"":1,""count_ok_importar"":1,""count_ok_eliminar"":0,""count_pending"":0,""count_review_action"":0,""count_other"":0}";import;qa_ok_importar_found
0005353703;LEVEL MONITOR;;185,000 g;import;qa_ok_importar_found;true;1;12V4000M70;1900714;121;"{""total_rows"":1,""count_ok_importar"":1,""count_ok_eliminar"":0,""count_pending"":0,""count_review_action"":0,""count_other"":0}";import;qa_ok_importar_found
0005356430;TEMPERATURE SENSOR;M14X1,5, L=29, STECKER DIN72585,;0.045 KGM;import;qa_ok_importar_found;true;1;12V4000M40A;1100212;328;"{""total_rows"":1,""count_ok_importar"":1,""count_ok_eliminar"":0,""count_pending"":0,""count_review_action"":0,""count_other"":0}";import;qa_ok_importar_found
0009902164;THREADED NIPPLE;;;import;qa_ok_importar_found;true;1;16V4000M73;1400745;125;"{""total_rows"":1,""count_ok_importar"":1,""count_ok_eliminar"":0,""count_pending"":0,""count_review_action"":0,""count_other"":0}";import;qa_ok_importar_found
0010107351;INJECTOR;;1,001 KG;import;qa_ok_importar_found;true;1;12V4000M40A;1100234;88;"{""total_rows"":1,""count_ok_importar"":1,""count_ok_eliminar"":0,""count_pending"":0,""count_review_action"":0,""count_other"":0}";import;qa_ok_importar_found
0012030596;PREHEATER;;46,200 KG;import;qa_ok_importar_found;true;1;12V4000M40A;1100240;253;"{""total_rows"":1,""count_ok_importar"":1,""count_ok_eliminar"":0,""count_pending"":0,""count_review_action"":0,""count_other"":0}";import;qa_ok_importar_found
0015318481;ATTACHING;;;import;qa_ok_importar_found;true;1;12V4000M40A;1100251;388;"{""total_rows"":1,""count_ok_importar"":1,""count_ok_eliminar"":0,""count_pending"":0,""count_review_action"":0,""count_other"":0}";import;qa_ok_importar_found
0019971871;UNION REDUCTION 1.5 IN X M52X2 AIR STRTR;;0.605 KGM;import;qa_ok_importar_found;true;2;20V4000M93L;1801609, 1805268;1312, 1692;"{""total_rows"":2,""count_ok_importar"":2,""count_ok_eliminar"":0,""count_pending"":0,""count_review_action"":0,""count_other"":0}";import;qa_ok_importar_found
0021803301;OIL PUMP;;23.84 KGM;import;qa_ok_importar_found;true;1;12V4000M40A;1100331;195;"{""total_rows"":1,""count_ok_importar"":1,""count_ok_eliminar"":0,""count_pending"":0,""count_review_action"":0,""count_other"":0}";import;qa_ok_importar_found
23540304;GASKET KIT;;82,200 G;import;qa_ok_importar_found;true;1;12V4000M40A;1100334;203;"{""total_rows"":1,""count_ok_importar"":1,""count_ok_eliminar"":0,""count_pending"":0,""count_review_action"":0,""count_other"":0}";import;qa_ok_importar_found
0035351731;PRESSURE SENSOR;"G1/4""A,SW27,L=64,";;import;qa_ok_importar_found;true;1;12V4000M40A;1100376;345;"{""total_rows"":1,""count_ok_importar"":1,""count_ok_eliminar"":0,""count_pending"":0,""count_review_action"":0,""count_other"":0}";import;qa_ok_importar_found
0045315281;RETAINER FOR TERMINAL;B = 6 MM;0.003 KGM;import;qa_ok_importar_found;true;1;12V4000M40A;1100387;358;"{""total_rows"":1,""count_ok_importar"":1,""count_ok_eliminar"":0,""count_pending"":0,""count_review_action"":0,""count_other"":0}";import;qa_ok_importar_found
0045358831;PRESSURE SENSOR 6 BAR RE;;;import;qa_ok_importar_found;true;1;12V4000M40A;1100396;225;"{""total_rows"":1,""count_ok_importar"":1,""count_ok_eliminar"":0,""count_pending"":0,""count_review_action"":0,""count_other"":0}";import;qa_ok_importar_found
0045358931;PRESSURE SENSOR;M14X1,5,SW=27,0-6BAR_RELATIV,;142,300 G;import;qa_ok_importar_found;true;1;12V4000M40A;1100398;328;"{""total_rows"":1,""count_ok_importar"":1,""count_ok_eliminar"":0,""count_pending"":0,""count_review_action"":0,""count_other"":0}";import;qa_ok_importar_found
0052031775;THERMAL ACTUATOR;;;import;qa_ok_importar_found;true;1;12V4000M53;1202209;264;"{""total_rows"":1,""count_ok_importar"":1,""count_ok_eliminar"":0,""count_pending"":0,""count_review_action"":0,""count_other"":0}";import;qa_ok_importar_found
0052031875;THERMAL ACTUATOR;;;import;qa_ok_importar_found;true;1;12V4000M40A;1100404;267;"{""total_rows"":1,""count_ok_importar"":1,""count_ok_eliminar"":0,""count_pending"":0,""count_review_action"":0,""count_other"":0}";import;qa_ok_importar_found
0055345410;SWITCH;;;import;qa_ok_importar_found;true;1;12V4000M40A;1100421;378;"{""total_rows"":1,""count_ok_importar"":1,""count_ok_eliminar"":0,""count_pending"":0,""count_review_action"":0,""count_other"":0}";import;qa_ok_importar_found
0065312481;TERMINAL;2X3POLIG, 125V/7,5A;0.003 KGM;import;qa_ok_importar_found;true;2;16V4000M90;1602608, 1602694;365, 388;"{""total_rows"":2,""count_ok_importar"":2,""count_ok_eliminar"":0,""count_pending"":0,""count_review_action"":0,""count_other"":0}";import;qa_ok_importar_found
0065312581;TERMINAL;;MN 2X4POLIG, 125V/7,5A;import;qa_ok_importar_found;true;1;16V4000M61;1302908;498;"{""total_rows"":1,""count_ok_importar"":1,""count_ok_eliminar"":0,""count_pending"":0,""count_review_action"":0,""count_other"":0}";import;qa_ok_importar_found
0065312781;SEPARABLE CONNECTOR 20POL.;125V/7,5A;;import;qa_ok_importar_found;true;1;16V4000M90;1602582;357;"{""total_rows"":1,""count_ok_importar"":1,""count_ok_eliminar"":0,""count_pending"":0,""count_review_action"":0,""count_other"":0}";import;qa_ok_importar_found
0065313225;CAPACITOR;;2,000 g;import;qa_ok_importar_found;true;1;12V4000M70;1902403;343;"{""total_rows"":1,""count_ok_importar"":1,""count_ok_eliminar"":0,""count_pending"":0,""count_review_action"":0,""count_other"":0}";import;qa_ok_importar_found
0065314481;TERMINAL;32X15,6X20,6, 2;;import;qa_ok_importar_found;true;1;16V4000M61;1302896;495;"{""total_rows"":1,""count_ok_importar"":1,""count_ok_eliminar"":0,""count_pending"":0,""count_review_action"":0,""count_other"":0}";import;qa_ok_importar_found
0095314348;INTEGRATED CIRCUIT;DIP-8, EEPROM_;;import;qa_ok_importar_found;true;1;12V4000M40A;1100450;360;"{""total_rows"":1,""count_ok_importar"":1,""count_ok_eliminar"":0,""count_pending"":0,""count_review_action"":0,""count_other"":0}";import;qa_ok_importar_found
0105314680;CABLE;8X2,5MM2, + 1X2X0,75MM;0.46 KGM;import;qa_ok_importar_found;true;4;16V4000M73L;1502758, 1502796, 1510984, 1511022;401, 404, 1598, 1601;"{""total_rows"":4,""count_ok_importar"":4,""count_ok_eliminar"":0,""count_pending"":0,""count_review_action"":0,""count_other"":0}";import;qa_ok_importar_found
000125010521;WASHER;;4.000 g;import;qa_ok_importar_found;true;1;16V4000M73;1400763;126;"{""total_rows"":1,""count_ok_importar"":1,""count_ok_eliminar"":0,""count_pending"":0,""count_review_action"":0,""count_other"":0}";import;qa_ok_importar_found
0155315283;BAYONET COUPLING;;;import;qa_ok_importar_found;true;1;16V4000M61;1302035;340;"{""total_rows"":1,""count_ok_importar"":1,""count_ok_eliminar"":0,""count_pending"":0,""count_review_action"":0,""count_other"":0}";import;qa_ok_importar_found
0299976748;O-RING;;14,200 G;import;qa_ok_importar_found;true;1;12V4000M40A;1100579;154;"{""total_rows"":1,""count_ok_importar"":1,""count_ok_eliminar"":0,""count_pending"":0,""count_review_action"":0,""count_other"":0}";import;qa_ok_importar_found
000472068000;RING SNAP;68 X 2,5;0.017 KGM;import;qa_ok_importar_found;true;1;12V4000M40A;1100592;58;"{""total_rows"":1,""count_ok_importar"":1,""count_ok_eliminar"":0,""count_pending"":0,""count_review_action"":0,""count_other"":0}";import;qa_ok_importar_found
000580008001;EYE BOLT;;56.000 g;import;qa_ok_importar_found;true;1;16V4000M73;1400765;126;"{""total_rows"":1,""count_ok_importar"":1,""count_ok_eliminar"":0,""count_pending"":0,""count_review_action"":0,""count_other"":0}";import;qa_ok_importar_found
000908020001;PLUG;M 20 X 1,5;0.038 KGM;import;qa_ok_importar_found;true;1;12V4000M40A;1100619;287;"{""total_rows"":1,""count_ok_importar"":1,""count_ok_eliminar"":0,""count_pending"":0,""count_review_action"":0,""count_other"":0}";import;qa_ok_importar_found
000912010118;SCREW;;85.500 g;import;qa_ok_importar_found;true;1;16V4000M73;1400726;124;"{""total_rows"":1,""count_ok_importar"":1,""count_ok_eliminar"":0,""count_pending"":0,""count_review_action"":0,""count_other"":0}";import;qa_ok_importar_found
000934004013;NUT HEX S2000/4000;M 4;0.001 KGM;import;qa_ok_importar_found;true;1;12V4000M40A;1100791;357;"{""total_rows"":1,""count_ok_importar"":1,""count_ok_eliminar"":0,""count_pending"":0,""count_review_action"":0,""count_other"":0}";import;qa_ok_importar_found
000934012021;VPI - HEX NUT;;;import;qa_ok_importar_found;true;1;12V4000M70;1902131;296;"{""total_rows"":1,""count_ok_importar"":1,""count_ok_eliminar"":0,""count_pending"":0,""count_review_action"":0,""count_other"":0}";import;qa_ok_importar_found
000934022002;NUT HEX 10;M 22 X 1,5;0.065 KGM;import;qa_ok_importar_found;true;2;16V4000M73L;1507723, 1510212;1119, 1454;"{""total_rows"":2,""count_ok_importar"":2,""count_ok_eliminar"":0,""count_pending"":0,""count_review_action"":0,""count_other"":0}";import;qa_ok_importar_found
000988020019;RING SHIM;20 X 28 X 2;0.001 KGM;import;qa_ok_importar_found;true;1;12V4000M70;1900968;154;"{""total_rows"":1,""count_ok_importar"":1,""count_ok_eliminar"":0,""count_pending"":0,""count_review_action"":0,""count_other"":0}";import;qa_ok_importar_found
3555420273;BUSHING FOR SPEED SENSOR;;0.006 KGM;import;qa_ok_importar_found;true;1;12V4000M53;1201041;149;"{""total_rows"":1,""count_ok_importar"":1,""count_ok_eliminar"":0,""count_pending"":0,""count_review_action"":0,""count_other"":0}";import;qa_ok_importar_found
5005317674;EPROM;;;import;qa_ok_importar_found;true;1;12V4000M40A;1100874;404;"{""total_rows"":1,""count_ok_importar"":1,""count_ok_eliminar"":0,""count_pending"":0,""count_review_action"":0,""count_other"":0}";import;qa_ok_importar_found
5005317674/77;EPROM ADJUSTED MEM7-01;MN EINGESTELLT KOMPL. M. MOTORDAT;10 G;import;qa_ok_importar_found;true;1;12V4000M40A;1102397;407;"{""total_rows"":1,""count_ok_importar"":1,""count_ok_eliminar"":0,""count_pending"":0,""count_review_action"":0,""count_other"":0}";import;qa_ok_importar_found
5045300897;PLUG-IN BOARD;;27,000 g;import;qa_ok_importar_found;true;1;12V4000M70;1904944;718;"{""total_rows"":1,""count_ok_importar"":1,""count_ok_eliminar"":0,""count_pending"":0,""count_review_action"":0,""count_other"":0}";import;qa_ok_importar_found
5045309892;PLUG-IN BOARD;IIB 1-01;15 G;import;qa_ok_importar_found;true;1;12V4000M40A;1100886;360;"{""total_rows"":1,""count_ok_importar"":1,""count_ok_eliminar"":0,""count_pending"":0,""count_review_action"":0,""count_other"":0}";import;qa_ok_importar_found
5105306662;PANEL MECHANICAL;;512 G;import;qa_ok_importar_found;true;1;12V4000M40A;1100893;373;"{""total_rows"":1,""count_ok_importar"":1,""count_ok_eliminar"":0,""count_pending"":0,""count_review_action"":0,""count_other"":0}";import;qa_ok_importar_found
5105385875/S0002;DISPLAY BRIDGE CONTROL STAN;;2,220 KG;import;qa_ok_importar_found;true;1;12V4000M40A;1102404;357;"{""total_rows"":1,""count_ok_importar"":1,""count_ok_eliminar"":0,""count_pending"":0,""count_review_action"":0,""count_other"":0}";import;qa_ok_importar_found
5110250052;WASHER;;8 G;import;qa_ok_importar_found;true;1;12V4000M40A;1100919;121;"{""total_rows"":1,""count_ok_importar"":1,""count_ok_eliminar"":0,""count_pending"":0,""count_review_action"":0,""count_other"":0}";import;qa_ok_importar_found
5110850560;RING SEAL FUER ABGASTURBOLADER;;5,700 g;import;qa_ok_importar_found;true;1;12V4000M53;1200878;128;"{""total_rows"":1,""count_ok_importar"":1,""count_ok_eliminar"":0,""count_pending"":0,""count_review_action"":0,""count_other"":0}";import;qa_ok_importar_found
5110850960;RING SEAL ASM;;5,910 G;import;qa_ok_importar_found;true;1;12V4000M40A;1100938;121;"{""total_rows"":1,""count_ok_importar"":1,""count_ok_eliminar"":0,""count_pending"":0,""count_review_action"":0,""count_other"":0}";import;qa_ok_importar_found
5185301585/76;CONTROL CONSOLE NOT ADJUSTED;;25 KG;import;qa_ok_importar_found;true;1;12V4000M40A;1102405;359;"{""total_rows"":1,""count_ok_importar"":1,""count_ok_eliminar"":0,""count_pending"":0,""count_review_action"":0,""count_other"":0}";import;qa_ok_importar_found
5185301585/77;CONTROL CONSOLE COMPLETE;;;import;qa_ok_importar_found;true;1;12V4000M40A;1102406;359;"{""total_rows"":1,""count_ok_importar"":1,""count_ok_eliminar"":0,""count_pending"":0,""count_review_action"":0,""count_other"":0}";import;qa_ok_importar_found
5185302185/S0004;CONTROL CONSOLE IN ENGINE ROOM;;;import;qa_ok_importar_found;true;1;12V4000M40A;1102407;353;"{""total_rows"":1,""count_ok_importar"":1,""count_ok_eliminar"":0,""count_pending"":0,""count_review_action"":0,""count_other"":0}";import;qa_ok_importar_found
5205304531;SENSOR FOR FUEL;;182,400 G;import;qa_ok_importar_found;true;1;12V4000M40A;1100954;345;"{""total_rows"":1,""count_ok_importar"":1,""count_ok_eliminar"":0,""count_pending"":0,""count_review_action"":0,""count_other"":0}";import;qa_ok_importar_found
5240100264;OIL FILLER NECK BR4000;;4,280 KG;import;qa_ok_importar_found;true;1;12V4000M40A;1100956;17;"{""total_rows"":1,""count_ok_importar"":1,""count_ok_eliminar"":0,""count_pending"":0,""count_review_action"":0,""count_other"":0}";import;qa_ok_importar_found
5240101672;OIL DIPSTICK;;0.207 KGM;import;qa_ok_importar_found;true;1;16V4000M61;1300053;17;"{""total_rows"":1,""count_ok_importar"":1,""count_ok_eliminar"":0,""count_pending"":0,""count_review_action"":0,""count_other"":0}";import;qa_ok_importar_found
5240101933;EQUIPMENT RACK;;201 KG;import;qa_ok_importar_found;true;1;12V4000M40A;1100962;36;"{""total_rows"":1,""count_ok_importar"":1,""count_ok_eliminar"":0,""count_pending"":0,""count_review_action"":0,""count_other"":0}";import;qa_ok_importar_found
5240106920;CYLINDER HEAD;;EM;import;qa_ok_importar_found;true;1;12V4000M40A;1100965;64;"{""total_rows"":1,""count_ok_importar"":1,""count_ok_eliminar"":0,""count_pending"":0,""count_review_action"":0,""count_other"":0}";import;qa_ok_importar_found
5240110440;FILLER PIECE STRIP;;2,900 KG;import;qa_ok_importar_found;true;1;12V4000M40A;1100970;13;"{""total_rows"":1,""count_ok_importar"":1,""count_ok_eliminar"":0,""count_pending"":0,""count_review_action"":0,""count_other"":0}";import;qa_ok_importar_found
5240114410;CYLINDER LINER;;16,900 KG;import;qa_ok_importar_found;true;1;12V4000M40A;1100980;14;"{""total_rows"":1,""count_ok_importar"":1,""count_ok_eliminar"":0,""count_pending"":0,""count_review_action"":0,""count_other"":0}";import;qa_ok_importar_found
5240114510;CYLINDER LINER;;16,980 KG;import;qa_ok_importar_found;true;1;12V4000M40A;1100981;14;"{""total_rows"":1,""count_ok_importar"":1,""count_ok_eliminar"":0,""count_pending"":0,""count_review_action"":0,""count_other"":0}";import;qa_ok_importar_found
5240151302;HOUSING FRONT;;;import;qa_ok_importar_found;true;1;12V4000M40A;1100993;37;"{""total_rows"":1,""count_ok_importar"":1,""count_ok_eliminar"":0,""count_pending"":0,""count_review_action"":0,""count_other"":0}";import;qa_ok_importar_found
5240160319;SEALING RING SIZE 0;;;import;qa_ok_importar_found;true;1;12V4000M40A;1100997;64;"{""total_rows"":1,""count_ok_importar"":1,""count_ok_eliminar"":0,""count_pending"":0,""count_review_action"":0,""count_other"":0}";import;qa_ok_importar_found
5240160905;CYLINDER HEAD COVER CHROMIUM-PLATED;;;import;qa_ok_importar_found;true;1;16V4000M61;1303355;585;"{""total_rows"":1,""count_ok_importar"":1,""count_ok_eliminar"":0,""count_pending"":0,""count_review_action"":0,""count_other"":0}";import;qa_ok_importar_found
5240161005;COVER CYLINDER HEAD;;1.94 KGM;import;qa_ok_importar_found;true;1;12V4000M40A;1100999;80;"{""total_rows"":1,""count_ok_importar"":1,""count_ok_eliminar"":0,""count_pending"":0,""count_review_action"":0,""count_other"":0}";import;qa_ok_importar_found
5240161580;GASKET FOR CYLINDER HEAD;;230 G;import;qa_ok_importar_found;true;1;12V4000M40A;1101000;64;"{""total_rows"":1,""count_ok_importar"":1,""count_ok_eliminar"":0,""count_pending"":0,""count_review_action"":0,""count_other"":0}";import;qa_ok_importar_found
5240336101;CRANKSHAFT BEARING UPPER HALF;;375 G;import;qa_ok_importar_found;true;1;12V4000M40A;1101032;45;"{""total_rows"":1,""count_ok_importar"":1,""count_ok_eliminar"":0,""count_pending"":0,""count_review_action"":0,""count_other"":0}";import;qa_ok_importar_found
5240336201;CRANKSHAFT BEARING SIZE 0-1;;;import;qa_ok_importar_found;true;1;12V4000M40A;1101033;46;"{""total_rows"":1,""count_ok_importar"":1,""count_ok_eliminar"":0,""count_pending"":0,""count_review_action"":0,""count_other"":0}";import;qa_ok_importar_found
5240336301;CRANKSHAFT BEARING SIZE 0-2;;0.422 KGM;import;qa_ok_importar_found;true;1;12V4000M40A;1101034;46;"{""total_rows"":1,""count_ok_importar"":1,""count_ok_eliminar"":0,""count_pending"":0,""count_review_action"":0,""count_other"":0}";import;qa_ok_importar_found
5240336401;CRANKSHAFT BEARING SIZE 0-3;;;import;qa_ok_importar_found;true;1;12V4000M40A;1101035;46;"{""total_rows"":1,""count_ok_importar"":1,""count_ok_eliminar"":0,""count_pending"":0,""count_review_action"":0,""count_other"":0}";import;qa_ok_importar_found
5240336501;CRANKSHAFT BEARING SIZE 1-0;;;import;qa_ok_importar_found;true;1;12V4000M40A;1101036;46;"{""total_rows"":1,""count_ok_importar"":1,""count_ok_eliminar"":0,""count_pending"":0,""count_review_action"":0,""count_other"":0}";import;qa_ok_importar_found
5240336601;CRANKSHAFT BEARING SIZE 1-1;;;import;qa_ok_importar_found;true;1;12V4000M40A;1101037;46;"{""total_rows"":1,""count_ok_importar"":1,""count_ok_eliminar"":0,""count_pending"":0,""count_review_action"":0,""count_other"":0}";import;qa_ok_importar_found
5240336701;CRANKSHAFT BEARING SIZE 1-2;;0.48 KGM;import;qa_ok_importar_found;true;1;12V4000M40A;1101039;46;"{""total_rows"":1,""count_ok_importar"":1,""count_ok_eliminar"":0,""count_pending"":0,""count_review_action"":0,""count_other"":0}";import;qa_ok_importar_found
5240336801;CRANKSHAFT BEARING SIZE 1-3;;;import;qa_ok_importar_found;true;1;12V4000M40A;1101041;46;"{""total_rows"":1,""count_ok_importar"":1,""count_ok_eliminar"":0,""count_pending"":0,""count_review_action"":0,""count_other"":0}";import;qa_ok_importar_found
5240336901;CRANKSHAFT BEARING SIZE 2-0;;0.42 KGM;import;qa_ok_importar_found;true;1;12V4000M40A;1101043;46;"{""total_rows"":1,""count_ok_importar"":1,""count_ok_eliminar"":0,""count_pending"":0,""count_review_action"":0,""count_other"":0}";import;qa_ok_importar_found
5240337001;CRANKSHAFT BEARING SIZE 2-1;;;import;qa_ok_importar_found;true;1;12V4000M40A;1101045;46;"{""total_rows"":1,""count_ok_importar"":1,""count_ok_eliminar"":0,""count_pending"":0,""count_review_action"":0,""count_other"":0}";import;qa_ok_importar_found
5240337101;CRANKSHAFT BEARING SIZE 2-2;;;import;qa_ok_importar_found;true;1;12V4000M40A;1101047;46;"{""total_rows"":1,""count_ok_importar"":1,""count_ok_eliminar"":0,""count_pending"":0,""count_review_action"":0,""count_other"":0}";import;qa_ok_importar_found
5240337201;CRANKSHAFT BEARING SIZE 2-3;;;import;qa_ok_importar_found;true;1;12V4000M40A;1101049;46;"{""total_rows"":1,""count_ok_importar"":1,""count_ok_eliminar"":0,""count_pending"":0,""count_review_action"":0,""count_other"":0}";import;qa_ok_importar_found
5240500344;FLANGE ASM CAMSHAFT THRUST BEARING;;;import;qa_ok_importar_found;true;1;12V4000M40A;1101068;69;"{""total_rows"":1,""count_ok_importar"":1,""count_ok_eliminar"":0,""count_pending"":0,""count_review_action"":0,""count_other"":0}";import;qa_ok_importar_found
5240500434;ARM ROCKER EXHAUST 1;;;import;qa_ok_importar_found;true;1;12V4000M40A;1101070;73;"{""total_rows"":1,""count_ok_importar"":1,""count_ok_eliminar"":0,""count_pending"":0,""count_review_action"":0,""count_other"":0}";import;qa_ok_importar_found
5240500436;ROCKER SHAFT SUPPORT 1;;;import;qa_ok_importar_found;true;1;12V4000M40A;1101071;73;"{""total_rows"":1,""count_ok_importar"":1,""count_ok_eliminar"":0,""count_pending"":0,""count_review_action"":0,""count_other"":0}";import;qa_ok_importar_found
5240500705;IDLER GEAR;;17,760 KG;import;qa_ok_importar_found;true;1;12V4000M40A;1101072;37;"{""total_rows"":1,""count_ok_importar"":1,""count_ok_eliminar"":0,""count_pending"":0,""count_review_action"":0,""count_other"":0}";import;qa_ok_importar_found
5240500930;PUSHROD;;600 G;import;qa_ok_importar_found;true;1;12V4000M40A;1101074;69;"{""total_rows"":1,""count_ok_importar"":1,""count_ok_eliminar"":0,""count_pending"":0,""count_review_action"":0,""count_other"":0}";import;qa_ok_importar_found
5240500933;RKR ARM ASM INTAKE GEN SET G23;;;import;qa_ok_importar_found;true;1;16V4000M61;1300408;74;"{""total_rows"":1,""count_ok_importar"":1,""count_ok_eliminar"":0,""count_pending"":0,""count_review_action"":0,""count_other"":0}";import;qa_ok_importar_found
5240502135;SWING FOLL. INLET;;;import;qa_ok_importar_found;true;1;12V4000M40A;1101075;77;"{""total_rows"":1,""count_ok_importar"":1,""count_ok_eliminar"":0,""count_pending"":0,""count_review_action"":0,""count_other"":0}";import;qa_ok_importar_found
5240502235;SWING FOLL. EXHAUST;;;import;qa_ok_importar_found;true;1;12V4000M40A;1101076;77;"{""total_rows"":1,""count_ok_importar"":1,""count_ok_eliminar"":0,""count_pending"":0,""count_review_action"":0,""count_other"":0}";import;qa_ok_importar_found
5240502335;SWING FOLL.;;8 KG;import;qa_ok_importar_found;true;1;12V4000M40A;1101077;72;"{""total_rows"":1,""count_ok_importar"":1,""count_ok_eliminar"":0,""count_pending"":0,""count_review_action"":0,""count_other"":0}";import;qa_ok_importar_found
5240530120;VALVE SPRING OUTER;;0.147 KGM;import;qa_ok_importar_found;true;1;12V4000M40A;1101083;65;"{""total_rows"":1,""count_ok_importar"":1,""count_ok_eliminar"":0,""count_pending"":0,""count_review_action"":0,""count_other"":0}";import;qa_ok_importar_found
5240530125;RETAINER VALVE SPRING;;0,034 KG;import;qa_ok_importar_found;true;1;12V4000M40A;1101085;65;"{""total_rows"":1,""count_ok_importar"":1,""count_ok_eliminar"":0,""count_pending"":0,""count_review_action"":0,""count_other"":0}";import;qa_ok_importar_found
5240530530;VALVE GUIDE INSERT;D 19R6 / D10.6+0.05;133,600 g EM D 19R6 / D10.6+0.05;import;qa_ok_importar_found;true;1;12V4000M53;1200467;76;"{""total_rows"":1,""count_ok_importar"":1,""count_ok_eliminar"":0,""count_pending"":0,""count_review_action"":0,""count_other"":0}";import;qa_ok_importar_found
5240540101;ROLLER TAPPET;;0.34 KGM;import;qa_ok_importar_found;true;1;16V4000M73;1400514;91;"{""total_rows"":1,""count_ok_importar"":1,""count_ok_eliminar"":0,""count_pending"":0,""count_review_action"":0,""count_other"":0}";import;qa_ok_importar_found
5240550018;ROLLER;;0.269 KGM;import;qa_ok_importar_found;true;1;12V4000M40A;1101088;78;"{""total_rows"":1,""count_ok_importar"":1,""count_ok_eliminar"":0,""count_pending"":0,""count_review_action"":0,""count_other"":0}";import;qa_ok_importar_found
5240550210;BEARING PEDESTAL;;;import;qa_ok_importar_found;true;1;12V4000M40A;1101091;76;"{""total_rows"":1,""count_ok_importar"":1,""count_ok_eliminar"":0,""count_pending"":0,""count_review_action"":0,""count_other"":0}";import;qa_ok_importar_found
5240550320;BOLT ADJUSTING;;66 G;import;qa_ok_importar_found;true;1;12V4000M40A;1101092;74;"{""total_rows"":1,""count_ok_importar"":1,""count_ok_eliminar"":0,""count_pending"":0,""count_review_action"":0,""count_other"":0}";import;qa_ok_importar_found
5240550501;ROCKER ARM FOLLOWER SWING INLET CAM;;;import;qa_ok_importar_found;true;1;12V4000M40A;1101094;78;"{""total_rows"":1,""count_ok_importar"":1,""count_ok_eliminar"":0,""count_pending"":0,""count_review_action"":0,""count_other"":0}";import;qa_ok_importar_found
5240550601;ROCKER ARM FOLLOWER SWING EXHAUST CAM 4000;;;import;qa_ok_importar_found;true;1;12V4000M40A;1101100;79;"{""total_rows"":1,""count_ok_importar"":1,""count_ok_eliminar"":0,""count_pending"":0,""count_review_action"":0,""count_other"":0}";import;qa_ok_importar_found
5240550650;BUSHING;;30 G;import;qa_ok_importar_found;true;1;12V4000M40A;1101101;78;"{""total_rows"":1,""count_ok_importar"":1,""count_ok_eliminar"":0,""count_pending"":0,""count_review_action"":0,""count_other"":0}";import;qa_ok_importar_found
5240550705;ROCKER SHAFT;;;import;qa_ok_importar_found;true;1;12V4000M40A;1101104;76;"{""total_rows"":1,""count_ok_importar"":1,""count_ok_eliminar"":0,""count_pending"":0,""count_review_action"":0,""count_other"":0}";import;qa_ok_importar_found
5240550801;ARM ROCKER INTAKE-03 GENSET C23;;;import;qa_ok_importar_found;true;1;16V4000M61;1300425;76;"{""total_rows"":1,""count_ok_importar"":1,""count_ok_eliminar"":0,""count_pending"":0,""count_review_action"":0,""count_other"":0}";import;qa_ok_importar_found
5240551106;BRIDGE VALVE FLOATING BR;24 PC 300 G;;import;qa_ok_importar_found;true;1;12V4000M40A;1101105;72;"{""total_rows"":1,""count_ok_importar"":1,""count_ok_eliminar"":0,""count_pending"":0,""count_review_action"":0,""count_other"":0}";import;qa_ok_importar_found
5240709632;FUEL RETURN LINE;;71 G;import;qa_ok_importar_found;true;1;12V4000M40A;1101115;105;"{""total_rows"":1,""count_ok_importar"":1,""count_ok_eliminar"":0,""count_pending"":0,""count_review_action"":0,""count_other"":0}";import;qa_ok_importar_found
5240780768;CONNECTING PIECE;;930 G;import;qa_ok_importar_found;true;1;12V4000M40A;1101123;92;"{""total_rows"":1,""count_ok_importar"":1,""count_ok_eliminar"":0,""count_pending"":0,""count_review_action"":0,""count_other"":0}";import;qa_ok_importar_found
5240900850;PUMP FUEL LOW PRESSURE (7.5 BAR);;5 KG;import;qa_ok_importar_found;true;1;12V4000M40A;1101133;104;"{""total_rows"":1,""count_ok_importar"":1,""count_ok_eliminar"":0,""count_pending"":0,""count_review_action"":0,""count_other"":0}";import;qa_ok_importar_found
5240901517;INTAKE HOUSING;;;import;qa_ok_importar_found;true;1;12V4000M70;1900945;154;"{""total_rows"":1,""count_ok_importar"":1,""count_ok_eliminar"":0,""count_pending"":0,""count_review_action"":0,""count_other"":0}";import;qa_ok_importar_found
5240901617;HOUSING ASM INTAKE A -BANK;;7.8 KGM;import;qa_ok_importar_found;true;1;12V4000M70;1900921;151;"{""total_rows"":1,""count_ok_importar"":1,""count_ok_eliminar"":0,""count_pending"":0,""count_review_action"":0,""count_other"":0}";import;qa_ok_importar_found
5240910024;DRIVE ADAPTER LP FUEL PMP M12X1.5-6G THD;;;import;qa_ok_importar_found;true;1;12V4000M40A;1101140;83;"{""total_rows"":1,""count_ok_importar"":1,""count_ok_eliminar"":0,""count_pending"":0,""count_review_action"":0,""count_other"":0}";import;qa_ok_importar_found
5240920024;ELBOW FOR FUEL;;;import;qa_ok_importar_found;true;1;12V4000M53;1200798;117;"{""total_rows"":1,""count_ok_importar"":1,""count_ok_eliminar"":0,""count_pending"":0,""count_review_action"":0,""count_other"":0}";import;qa_ok_importar_found
5240980010;FLAP;;1,288 kg;import;qa_ok_importar_found;true;1;12V4000M53;1201119;154;"{""total_rows"":1,""count_ok_importar"":1,""count_ok_eliminar"":0,""count_pending"":0,""count_review_action"":0,""count_other"":0}";import;qa_ok_importar_found
5240980111;SHAFT;;;import;qa_ok_importar_found;true;1;16V4000M61;1300820;142;"{""total_rows"":1,""count_ok_importar"":1,""count_ok_eliminar"":0,""count_pending"":0,""count_review_action"":0,""count_other"":0}";import;qa_ok_importar_found
5240980907;MANIFOLD INTAKE CHRG AIR CENTER;;8 KGM;import;qa_ok_importar_found;true;1;12V4000M40A;1101146;143;"{""total_rows"":1,""count_ok_importar"":1,""count_ok_eliminar"":0,""count_pending"":0,""count_review_action"":0,""count_other"":0}";import;qa_ok_importar_found
5240981107;MANIFOLD CHARGE AIR FRONT B-BANK;;8,600 KG;import;qa_ok_importar_found;true;1;12V4000M40A;1101151;143;"{""total_rows"":1,""count_ok_importar"":1,""count_ok_eliminar"":0,""count_pending"":0,""count_review_action"":0,""count_other"":0}";import;qa_ok_importar_found
5240981407;MANIFOLD CHARGE AIR FRONT A-BANK;;7,721 KG;import;qa_ok_importar_found;true;1;12V4000M40A;1101154;143;"{""total_rows"":1,""count_ok_importar"":1,""count_ok_eliminar"":0,""count_pending"":0,""count_review_action"":0,""count_other"":0}";import;qa_ok_importar_found
5241510133;SHAFT;;;import;qa_ok_importar_found;true;1;12V4000M53;1202357;285;"{""total_rows"":1,""count_ok_importar"":1,""count_ok_eliminar"":0,""count_pending"":0,""count_review_action"":0,""count_other"":0}";import;qa_ok_importar_found
5241534940;BRACKET OFFSET H:38;;94.400 g;import;qa_ok_importar_found;true;5;16V4000M73L, 20V4000M93L;1502521, 1505558, 1508051, 1803296, 1806978;356, 818, 1161, 1460, 1844;"{""total_rows"":5,""count_ok_importar"":5,""count_ok_eliminar"":0,""count_pending"":0,""count_review_action"":0,""count_other"":0}";import;qa_ok_importar_found
5242000474;BASE PLATE;;31,400 KG;import;qa_ok_importar_found;true;1;12V4000M40A;1101246;230;"{""total_rows"":1,""count_ok_importar"":1,""count_ok_eliminar"":0,""count_pending"":0,""count_review_action"":0,""count_other"":0}";import;qa_ok_importar_found
5242006152;CONDENSATE LINE INTERCOOLER, LEFT;;147,400 G;import;qa_ok_importar_found;true;1;12V4000M40A;1101260;131;"{""total_rows"":1,""count_ok_importar"":1,""count_ok_eliminar"":0,""count_pending"":0,""count_review_action"":0,""count_other"":0}";import;qa_ok_importar_found
5242032122;ELBOW BR4000;;;import;qa_ok_importar_found;true;1;12V4000M40A;1101299;248;"{""total_rows"":1,""count_ok_importar"":1,""count_ok_eliminar"":0,""count_pending"":0,""count_review_action"":0,""count_other"":0}";import;qa_ok_importar_found
5242032473;THERMOSTAT HOUSING;;;import;qa_ok_importar_found;true;1;12V4000M40A;1101302;270;"{""total_rows"":1,""count_ok_importar"":1,""count_ok_eliminar"":0,""count_pending"":0,""count_review_action"":0,""count_other"":0}";import;qa_ok_importar_found
5242032840;BRACKET L 4000;;;import;qa_ok_importar_found;true;2;20V4000M93L;1802348, 1806007;1382, 1762;"{""total_rows"":2,""count_ok_importar"":2,""count_ok_eliminar"":0,""count_pending"":0,""count_review_action"":0,""count_other"":0}";import;qa_ok_importar_found
5242033573;HOUSING WATER DISTRIBUTION;;;import;qa_ok_importar_found;true;1;16V4000M90;1601831;245;"{""total_rows"":1,""count_ok_importar"":1,""count_ok_eliminar"":0,""count_pending"":0,""count_review_action"":0,""count_other"":0}";import;qa_ok_importar_found
5242240509;SUPT ENG W/12MM HOLE FLYWHL HSG MT;;;import;qa_ok_importar_found;true;1;12V4000M40A;1101306;295;"{""total_rows"":1,""count_ok_importar"":1,""count_ok_eliminar"":0,""count_pending"":0,""count_review_action"":0,""count_other"":0}";import;qa_ok_importar_found
5242370902;ENGINE CARRIER;;;import;qa_ok_importar_found;true;1;12V4000M40A;1101310;294;"{""total_rows"":1,""count_ok_importar"":1,""count_ok_eliminar"":0,""count_pending"":0,""count_review_action"":0,""count_other"":0}";import;qa_ok_importar_found
5242370940;RETAINER;;2,690 KG;import;qa_ok_importar_found;true;1;12V4000M40A;1101311;55;"{""total_rows"":1,""count_ok_importar"":1,""count_ok_eliminar"":0,""count_pending"":0,""count_review_action"":0,""count_other"":0}";import;qa_ok_importar_found
5249870051;FLAP SEAL;;1,273 g;import;qa_ok_importar_found;true;1;12V4000M53;1201118;154;"{""total_rows"":1,""count_ok_importar"":1,""count_ok_eliminar"":0,""count_pending"":0,""count_review_action"":0,""count_other"":0}";import;qa_ok_importar_found
5260100613;OIL PAN;;;import;qa_ok_importar_found;true;1;12V4000M40A;1101332;20;"{""total_rows"":1,""count_ok_importar"":1,""count_ok_eliminar"":0,""count_pending"":0,""count_review_action"":0,""count_other"":0}";import;qa_ok_importar_found
5260180002;COVER;;704 G;import;qa_ok_importar_found;true;1;12V4000M40A;1101336;31;"{""total_rows"":1,""count_ok_importar"":1,""count_ok_eliminar"":0,""count_pending"":0,""count_review_action"":0,""count_other"":0}";import;qa_ok_importar_found
5260300105;FLYWHEEL;;120.000 kg;import;qa_ok_importar_found;true;1;16V4000M90;1600293;53;"{""total_rows"":1,""count_ok_importar"":1,""count_ok_eliminar"":0,""count_pending"":0,""count_review_action"":0,""count_other"":0}";import;qa_ok_importar_found
5260300105/31;FLYWHEEL;;120,000 kg;import;qa_ok_importar_found;true;1;12V4000M70;1900274;60;"{""total_rows"":1,""count_ok_importar"":1,""count_ok_eliminar"":0,""count_pending"":0,""count_review_action"":0,""count_other"":0}";import;qa_ok_importar_found
5260300701/30;CRANKSHAFT GL ACCEPTANCE;EM;;import;qa_ok_importar_found;true;1;12V4000M40A;1102409;42;"{""total_rows"":1,""count_ok_importar"":1,""count_ok_eliminar"":0,""count_pending"":0,""count_review_action"":0,""count_other"":0}";import;qa_ok_importar_found
5260500001;CAMSHAFT FOR 12V;;50,500 KG;import;qa_ok_importar_found;true;1;12V4000M40A;1101337;69;"{""total_rows"":1,""count_ok_importar"":1,""count_ok_eliminar"":0,""count_pending"":0,""count_review_action"":0,""count_other"":0}";import;qa_ok_importar_found
5260701101;HP FUEL PUMP;;64 KG;import;qa_ok_importar_found;true;1;12V4000M40A;1101342;82;"{""total_rows"":1,""count_ok_importar"":1,""count_ok_eliminar"":0,""count_pending"":0,""count_review_action"":0,""count_other"":0}";import;qa_ok_importar_found
5260980420/31;COOLER CHARGE AIR B-BANK RB;;;import;qa_ok_importar_found;true;1;12V4000M70;1900885;139;"{""total_rows"":1,""count_ok_importar"":1,""count_ok_eliminar"":0,""count_pending"":0,""count_review_action"":0,""count_other"":0}";import;qa_ok_importar_found
5260980520/31;COOLER CHARGE;;117,000 kg;import;qa_ok_importar_found;true;1;12V4000M70;1900860;138;"{""total_rows"":1,""count_ok_importar"":1,""count_ok_eliminar"":0,""count_pending"":0,""count_review_action"":0,""count_other"":0}";import;qa_ok_importar_found
5260981120;COOLER CHARGE;;52,500 KG;import;qa_ok_importar_found;true;1;12V4000M40A;1101351;131;"{""total_rows"":1,""count_ok_importar"":1,""count_ok_eliminar"":0,""count_pending"":0,""count_review_action"":0,""count_other"":0}";import;qa_ok_importar_found
5260981220;COOLER CHARGE;;57 KG;import;qa_ok_importar_found;true;1;12V4000M40A;1101352;131;"{""total_rows"":1,""count_ok_importar"":1,""count_ok_eliminar"":0,""count_pending"":0,""count_review_action"":0,""count_other"":0}";import;qa_ok_importar_found
5261530037;SCREEN WIRE MTG STRIPS;;1.12 KGM;import;qa_ok_importar_found;true;1;12V4000M40A;1101368;331;"{""total_rows"":1,""count_ok_importar"":1,""count_ok_eliminar"":0,""count_pending"":0,""count_review_action"":0,""count_other"":0}";import;qa_ok_importar_found
5261800465/31;OIL COOLER LR ACCEPTANCE 4000-03;;;import;qa_ok_importar_found;true;1;16V4000M73;1401542;209;"{""total_rows"":1,""count_ok_importar"":1,""count_ok_eliminar"":0,""count_pending"":0,""count_review_action"":0,""count_other"":0}";import;qa_ok_importar_found
5261800465/87;OIL COOLER WITH TEST CERT. 3.1;;;import;qa_ok_importar_found;true;4;16V4000M73L;1501327, 1504534, 1506997, 1509483;204, 690, 1035, 1373;"{""total_rows"":4,""count_ok_importar"":4,""count_ok_eliminar"":0,""count_pending"":0,""count_review_action"":0,""count_other"":0}";import;qa_ok_importar_found
5262030539;FLANGE 4000LH;;0.650 kg;import;qa_ok_importar_found;true;2;20V4000M93L;1801474, 1805080;1294, 1671;"{""total_rows"":2,""count_ok_importar"":2,""count_ok_eliminar"":0,""count_pending"":0,""count_review_action"":0,""count_other"":0}";import;qa_ok_importar_found
5265300113;PLUG-IN BOARD;M;;import;qa_ok_importar_found;true;1;12V4000M40A;1101385;374;"{""total_rows"":1,""count_ok_importar"":1,""count_ok_eliminar"":0,""count_pending"":0,""count_review_action"":0,""count_other"":0}";import;qa_ok_importar_found
5265300213;PLUG-IN BOARD;KF;;import;qa_ok_importar_found;true;1;12V4000M40A;1101386;381;"{""total_rows"":1,""count_ok_importar"":1,""count_ok_eliminar"":0,""count_pending"":0,""count_review_action"":0,""count_other"":0}";import;qa_ok_importar_found
5270101805;BLK;;2.063 KG;import;qa_ok_importar_found;true;1;16V4000M61;1300017;12;"{""total_rows"":1,""count_ok_importar"":1,""count_ok_eliminar"":0,""count_pending"":0,""count_review_action"":0,""count_other"":0}";import;qa_ok_importar_found
5270180331;VENT HOUSING 4000;;;import;qa_ok_importar_found;true;1;12V4000M40A;1101397;30;"{""total_rows"":1,""count_ok_importar"":1,""count_ok_eliminar"":0,""count_pending"":0,""count_review_action"":0,""count_other"":0}";import;qa_ok_importar_found
5270300701/31;CRANKSHAFT;;EM;import;qa_ok_importar_found;true;1;16V4000M61;1300211;40;"{""total_rows"":1,""count_ok_importar"":1,""count_ok_eliminar"":0,""count_pending"":0,""count_review_action"":0,""count_other"":0}";import;qa_ok_importar_found
5270500101;CAMSHAFT FOR 16V;;;import;qa_ok_importar_found;true;1;16V4000M61;1300378;67;"{""total_rows"":1,""count_ok_importar"":1,""count_ok_eliminar"":0,""count_pending"":0,""count_review_action"":0,""count_other"":0}";import;qa_ok_importar_found
5270510101;CAMSHAFT;;;import;qa_ok_importar_found;true;1;16V4000M61;1300389;68;"{""total_rows"":1,""count_ok_importar"":1,""count_ok_eliminar"":0,""count_pending"":0,""count_review_action"":0,""count_other"":0}";import;qa_ok_importar_found
5271400421;CARRIER HOUSING COVER;;45 KG;import;qa_ok_importar_found;true;1;12V4000M40A;1101401;157;"{""total_rows"":1,""count_ok_importar"":1,""count_ok_eliminar"":0,""count_pending"":0,""count_review_action"":0,""count_other"":0}";import;qa_ok_importar_found
5271401118;CARRIER HOUSING;;62,700 KG;import;qa_ok_importar_found;true;1;12V4000M40A;1101402;157;"{""total_rows"":1,""count_ok_importar"":1,""count_ok_eliminar"":0,""count_pending"":0,""count_review_action"":0,""count_other"":0}";import;qa_ok_importar_found
5271401218;CARRIER HSG;;142 KG;import;qa_ok_importar_found;true;1;12V4000M40A;1101403;157;"{""total_rows"":1,""count_ok_importar"":1,""count_ok_eliminar"":0,""count_pending"":0,""count_review_action"":0,""count_other"":0}";import;qa_ok_importar_found
5271530037;SCREEN WIRE MTG STRIPS;;1.700 kg;import;qa_ok_importar_found;true;2;16V4000M90;1602253, 1602277;317, 318;"{""total_rows"":2,""count_ok_importar"":2,""count_ok_eliminar"":0,""count_pending"":0,""count_review_action"":0,""count_other"":0}";import;qa_ok_importar_found
5272030822;ELBOW;;;import;qa_ok_importar_found;true;1;16V4000M90;1601868;251;"{""total_rows"":1,""count_ok_importar"":1,""count_ok_eliminar"":0,""count_pending"":0,""count_review_action"":0,""count_other"":0}";import;qa_ok_importar_found
5275300813;PLUG-IN BOARD;;100 G;import;qa_ok_importar_found;true;1;16V4000M61;1302548;405;"{""total_rows"":1,""count_ok_importar"":1,""count_ok_eliminar"":0,""count_pending"":0,""count_review_action"":0,""count_other"":0}";import;qa_ok_importar_found
5275302613;PLUG-IN BOARD;;100,000 g;import;qa_ok_importar_found;true;1;12V4000M70;1905298;797;"{""total_rows"":1,""count_ok_importar"":1,""count_ok_eliminar"":0,""count_pending"":0,""count_review_action"":0,""count_other"":0}";import;qa_ok_importar_found
5275303413;PLUG-IN BOARD;;539,000 g;import;qa_ok_importar_found;true;1;12V4000M70;1904979;735;"{""total_rows"":1,""count_ok_importar"":1,""count_ok_eliminar"":0,""count_pending"":0,""count_review_action"":0,""count_other"":0}";import;qa_ok_importar_found
5275303837;PROGRAMMING CONNECTR FOR MONITOR SYSTEM PIM4;;;import;qa_ok_importar_found;true;1;16V4000M90;1602605;362;"{""total_rows"":1,""count_ok_importar"":1,""count_ok_eliminar"":0,""count_pending"":0,""count_review_action"":0,""count_other"":0}";import;qa_ok_importar_found
5275304360;HOUSING;;KF;import;qa_ok_importar_found;true;1;16V4000M61;1302312;367;"{""total_rows"":1,""count_ok_importar"":1,""count_ok_eliminar"":0,""count_pending"":0,""count_review_action"":0,""count_other"":0}";import;qa_ok_importar_found
5275304360/S0003;HOUSING;;3,440 KG KF;import;qa_ok_importar_found;true;1;12V4000M40A;1102412;408;"{""total_rows"":1,""count_ok_importar"":1,""count_ok_eliminar"":0,""count_pending"":0,""count_review_action"":0,""count_other"":0}";import;qa_ok_importar_found
5275305512;PLUG-IN BOARD MEM 6-01/A;KF;;import;qa_ok_importar_found;true;1;12V4000M40A;1101426;411;"{""total_rows"":1,""count_ok_importar"":1,""count_ok_eliminar"":0,""count_pending"":0,""count_review_action"":0,""count_other"":0}";import;qa_ok_importar_found
5275305512/76;PLUG-IN BOARD NOT ADJUSTED;;73 G;import;qa_ok_importar_found;true;1;12V4000M40A;1102413;412;"{""total_rows"":1,""count_ok_importar"":1,""count_ok_eliminar"":0,""count_pending"":0,""count_review_action"":0,""count_other"":0}";import;qa_ok_importar_found
5275307654;GOVERNOR;EM 455X277X91 (LXBXH);6,600 KG;import;qa_ok_importar_found;true;1;12V4000M40A;1101434;403;"{""total_rows"":1,""count_ok_importar"":1,""count_ok_eliminar"":0,""count_pending"":0,""count_review_action"":0,""count_other"":0}";import;qa_ok_importar_found
5275308412;PLUG-IN BOARD;;57 G;import;qa_ok_importar_found;true;1;12V4000M40A;1101435;406;"{""total_rows"":1,""count_ok_importar"":1,""count_ok_eliminar"":0,""count_pending"":0,""count_review_action"":0,""count_other"":0}";import;qa_ok_importar_found
5275308912;PLUG-IN BOARD;;17,000 g;import;qa_ok_importar_found;true;1;12V4000M70;1905296;797;"{""total_rows"":1,""count_ok_importar"":1,""count_ok_eliminar"":0,""count_pending"":0,""count_review_action"":0,""count_other"":0}";import;qa_ok_importar_found
5275309837;VPI - PROG CONN FOR MON SYS PIM4;;5.000 g M;import;qa_ok_importar_found;true;1;16V4000M90;1602607;364;"{""total_rows"":1,""count_ok_importar"":1,""count_ok_eliminar"":0,""count_pending"":0,""count_review_action"":0,""count_other"":0}";import;qa_ok_importar_found
5280140002;OIL PAN;;480.000 kg;import;qa_ok_importar_found;true;2;20V4000M93L;1800100, 1803672;1133, 1506;"{""total_rows"":2,""count_ok_importar"":2,""count_ok_eliminar"":0,""count_pending"":0,""count_review_action"":0,""count_other"":0}";import;qa_ok_importar_found
5280150031;INDICATOR DEAD CENTE R;;0.25 KGM;import;qa_ok_importar_found;true;2;20V4000M93L;1800133, 1803705;1138, 1511;"{""total_rows"":2,""count_ok_importar"":2,""count_ok_eliminar"":0,""count_pending"":0,""count_review_action"":0,""count_other"":0}";import;qa_ok_importar_found
5280330362;THRUST WASHER;;9.260 kg;import;qa_ok_importar_found;true;1;16V4000M73;1400158;39;"{""total_rows"":1,""count_ok_importar"":1,""count_ok_eliminar"":0,""count_pending"":0,""count_review_action"":0,""count_other"":0}";import;qa_ok_importar_found
5280500044;THRUST BEARING FLANG FOR CAMSHAFT;;1.647 kg;import;qa_ok_importar_found;true;2;20V4000M93L;1800465, 1804038;1184, 1557;"{""total_rows"":2,""count_ok_importar"":2,""count_ok_eliminar"":0,""count_pending"":0,""count_review_action"":0,""count_other"":0}";import;qa_ok_importar_found
5280510201;CAMSHAFT FREE END;;;import;qa_ok_importar_found;true;6;20V4000M93, 20V4000M93L;1700496, 1704246, 1707986, 1711726, 1800469, 1804042;85, 481, 877, 1273, 1185, 1558;"{""total_rows"":6,""count_ok_importar"":6,""count_ok_eliminar"":0,""count_pending"":0,""count_review_action"":0,""count_other"":0}";import;qa_ok_importar_found
5281700102;VALVE AIR STARTER 1;;;import;qa_ok_importar_found;true;1;12V4000M70;1901345;200;"{""total_rows"":1,""count_ok_importar"":1,""count_ok_eliminar"":0,""count_pending"":0,""count_review_action"":0,""count_other"":0}";import;qa_ok_importar_found
5281840509;COVER WATER DISTRIBUTION HOUSING BR 4000;;;import;qa_ok_importar_found;true;1;12V4000M53;1201476;204;"{""total_rows"":1,""count_ok_importar"":1,""count_ok_eliminar"":0,""count_pending"":0,""count_review_action"":0,""count_other"":0}";import;qa_ok_importar_found
5281840609;FLANGE;;0.22 KGM;import;qa_ok_importar_found;true;1;16V4000M73;1401713;227;"{""total_rows"":1,""count_ok_importar"":1,""count_ok_eliminar"":0,""count_pending"":0,""count_review_action"":0,""count_other"":0}";import;qa_ok_importar_found
5285301983;MODULAR SYSTEM;;408 G;import;qa_ok_importar_found;true;1;12V4000M40A;1101440;360;"{""total_rows"":1,""count_ok_importar"":1,""count_ok_eliminar"":0,""count_pending"":0,""count_review_action"":0,""count_other"":0}";import;qa_ok_importar_found
5295300413;PLUG-IN BOARD;;50,000 g;import;qa_ok_importar_found;true;1;12V4000M70;1905035;744;"{""total_rows"":1,""count_ok_importar"":1,""count_ok_eliminar"":0,""count_pending"":0,""count_review_action"":0,""count_other"":0}";import;qa_ok_importar_found
5295306812/76;PLUG-IN BOARD NOT ADJUSTED;;100 G;import;qa_ok_importar_found;true;1;12V4000M40A;1102415;316;"{""total_rows"":1,""count_ok_importar"":1,""count_ok_eliminar"":0,""count_pending"":0,""count_review_action"":0,""count_other"":0}";import;qa_ok_importar_found
5295306812/S0003;PLUG-IN BOARD;MPU27-01 MIT U;32,600 G KF;import;qa_ok_importar_found;true;1;12V4000M40A;1102416;315;"{""total_rows"":1,""count_ok_importar"":1,""count_ok_eliminar"":0,""count_pending"":0,""count_review_action"":0,""count_other"":0}";import;qa_ok_importar_found
5295307212;PLUG-IN BOARD;;;import;qa_ok_importar_found;true;1;12V4000M70;1905324;799;"{""total_rows"":1,""count_ok_importar"":1,""count_ok_eliminar"":0,""count_pending"":0,""count_review_action"":0,""count_other"":0}";import;qa_ok_importar_found
5295308212/76;PLUG-IN BOARD NOT ADJUSTED;;108,500 G;import;qa_ok_importar_found;true;1;12V4000M40A;1102417;391;"{""total_rows"":1,""count_ok_importar"":1,""count_ok_eliminar"":0,""count_pending"":0,""count_review_action"":0,""count_other"":0}";import;qa_ok_importar_found
5295308212/S0001;PLUG-IN BOARD;MPU 23-03 /URL;50 G;import;qa_ok_importar_found;true;1;12V4000M40A;1102418;360;"{""total_rows"":1,""count_ok_importar"":1,""count_ok_eliminar"":0,""count_pending"":0,""count_review_action"":0,""count_other"":0}";import;qa_ok_importar_found
5295308612;PLUG-IN BOARD;BOB1-02;11 G;import;qa_ok_importar_found;true;1;12V4000M40A;1101460;390;"{""total_rows"":1,""count_ok_importar"":1,""count_ok_eliminar"":0,""count_pending"":0,""count_review_action"":0,""count_other"":0}";import;qa_ok_importar_found
5295308712;PLUG-IN BOARD;;200 G;import;qa_ok_importar_found;true;1;16V4000M61;1302558;405;"{""total_rows"":1,""count_ok_importar"":1,""count_ok_eliminar"":0,""count_pending"":0,""count_review_action"":0,""count_other"":0}";import;qa_ok_importar_found
5295309312;PLUG-IN BOARD;;30 G;import;qa_ok_importar_found;true;1;12V4000M40A;1101464;367;"{""total_rows"":1,""count_ok_importar"":1,""count_ok_eliminar"":0,""count_pending"":0,""count_review_action"":0,""count_other"":0}";import;qa_ok_importar_found
5295309312/78;PLUG-IN BOARD;;93,800 G;import;qa_ok_importar_found;true;1;12V4000M40A;1102422;368;"{""total_rows"":1,""count_ok_importar"":1,""count_ok_eliminar"":0,""count_pending"":0,""count_review_action"":0,""count_other"":0}";import;qa_ok_importar_found
5315460443;BRACKET H:41 S2000/S 4000;;0.064 KGM;import;qa_ok_importar_found;true;1;12V4000M53;1202569;306;"{""total_rows"":1,""count_ok_importar"":1,""count_ok_eliminar"":0,""count_pending"":0,""count_review_action"":0,""count_other"":0}";import;qa_ok_importar_found
5319971132;PLUG;;0.035 kg M18X1.5;import;qa_ok_importar_found;true;2;20V4000M93L;1801087, 1804693;1254, 1631;"{""total_rows"":2,""count_ok_importar"":2,""count_ok_eliminar"":0,""count_pending"":0,""count_review_action"":0,""count_other"":0}";import;qa_ok_importar_found
5350980050;BUSHING;;187,600 g;import;qa_ok_importar_found;true;1;12V4000M53;1201082;151;"{""total_rows"":1,""count_ok_importar"":1,""count_ok_eliminar"":0,""count_pending"":0,""count_review_action"":0,""count_other"":0}";import;qa_ok_importar_found
5360520080;GASKET;;0.006 KGM;import;qa_ok_importar_found;true;1;12V4000M40A;1101472;36;"{""total_rows"":1,""count_ok_importar"":1,""count_ok_eliminar"":0,""count_pending"":0,""count_review_action"":0,""count_other"":0}";import;qa_ok_importar_found
5360980118;ACTUATING CYLINDER BR2000 1;;;import;qa_ok_importar_found;true;1;12V4000M70;1900981;157;"{""total_rows"":1,""count_ok_importar"":1,""count_ok_eliminar"":0,""count_pending"":0,""count_review_action"":0,""count_other"":0}";import;qa_ok_importar_found
5410100080;INSERT;;137 G;import;qa_ok_importar_found;true;1;12V4000M40A;1101482;32;"{""total_rows"":1,""count_ok_importar"":1,""count_ok_eliminar"":0,""count_pending"":0,""count_review_action"":0,""count_other"":0}";import;qa_ok_importar_found
5502030343;BRACKET;;56,900 g;import;qa_ok_importar_found;true;1;12V4000M53;1200224;41;"{""total_rows"":1,""count_ok_importar"":1,""count_ok_eliminar"":0,""count_pending"":0,""count_review_action"":0,""count_other"":0}";import;qa_ok_importar_found
5550540174;PIN;;45 G;import;qa_ok_importar_found;true;1;12V4000M40A;1101497;78;"{""total_rows"":1,""count_ok_importar"":1,""count_ok_eliminar"":0,""count_pending"":0,""count_review_action"":0,""count_other"":0}";import;qa_ok_importar_found
5550781241;BRACKET;;0.103 KGM;import;qa_ok_importar_found;true;12;20V4000M93, 20V4000M93L;1702614, 1702622, 1706354, 1706362, 1710094, 1710102, 1713838, 1713846, 1802666, 1802674, 1806325, 1806333;288, 684, 1080, 1476, 1397, 1777;"{""total_rows"":12,""count_ok_importar"":12,""count_ok_eliminar"":0,""count_pending"":0,""count_review_action"":0,""count_other"":0}";import;qa_ok_importar_found
5564910150;BUSHING;8,5 X 20 X 22;0.044 KGM;import;qa_ok_importar_found;true;1;12V4000M53;1201665;217;"{""total_rows"":1,""count_ok_importar"":1,""count_ok_eliminar"":0,""count_pending"":0,""count_review_action"":0,""count_other"":0}";import;qa_ok_importar_found
5590981750;FLANGE;;190,000 g;import;qa_ok_importar_found;true;1;12V4000M53;1201090;151;"{""total_rows"":1,""count_ok_importar"":1,""count_ok_eliminar"":0,""count_pending"":0,""count_review_action"":0,""count_other"":0}";import;qa_ok_importar_found
5840983726;BRACKET;;52.800 g;import;qa_ok_importar_found;true;1;16V4000M73;1400813;132;"{""total_rows"":1,""count_ok_importar"":1,""count_ok_eliminar"":0,""count_pending"":0,""count_review_action"":0,""count_other"":0}";import;qa_ok_importar_found
006885005005;KEY WOODRUFF A;A 5 X 5 X 28;0.005 KGM;import;qa_ok_importar_found;true;1;12V4000M40A;1101553;192;"{""total_rows"":1,""count_ok_importar"":1,""count_ok_eliminar"":0,""count_pending"":0,""count_review_action"":0,""count_other"":0}";import;qa_ok_importar_found
8499970035;GASKET;;0.07 KGM;import;qa_ok_importar_found;true;1;12V4000M40A;1101668;209;"{""total_rows"":1,""count_ok_importar"":1,""count_ok_eliminar"":0,""count_pending"":0,""count_review_action"":0,""count_other"":0}";import;qa_ok_importar_found
8599970023;SEALING RING;;140 G;import;qa_ok_importar_found;true;1;12V4000M40A;1101681;308;"{""total_rows"":1,""count_ok_importar"":1,""count_ok_eliminar"":0,""count_pending"":0,""count_review_action"":0,""count_other"":0}";import;qa_ok_importar_found
8599970120;O-RING;;50.000 g 17,12 X 2,62;import;qa_ok_importar_found;true;1;16V4000M90;1600739;122;"{""total_rows"":1,""count_ok_importar"":1,""count_ok_eliminar"":0,""count_pending"":0,""count_review_action"":0,""count_other"":0}";import;qa_ok_importar_found
8690740389;SOLENOID;;2,060 KG;import;qa_ok_importar_found;true;1;12V4000M40A;1101684;84;"{""total_rows"":1,""count_ok_importar"":1,""count_ok_eliminar"":0,""count_pending"":0,""count_review_action"":0,""count_other"":0}";import;qa_ok_importar_found
8691800002;GEAR-TYPE PUMP;;5,500 KG;import;qa_ok_importar_found;true;1;12V4000M40A;1101686;191;"{""total_rows"":1,""count_ok_importar"":1,""count_ok_eliminar"":0,""count_pending"":0,""count_review_action"":0,""count_other"":0}";import;qa_ok_importar_found
8691840034;FILTERING SCREEN;;187.200 g;import;qa_ok_importar_found;true;1;16V4000M73;1401670;222;"{""total_rows"":1,""count_ok_importar"":1,""count_ok_eliminar"":0,""count_pending"":0,""count_review_action"":0,""count_other"":0}";import;qa_ok_importar_found
8692030012;AUTOMATIC CUT-OUT;;;import;qa_ok_importar_found;true;2;20V4000M93L;1802315, 1805974;1381, 1761;"{""total_rows"":2,""count_ok_importar"":2,""count_ok_eliminar"":0,""count_pending"":0,""count_review_action"":0,""count_other"":0}";import;qa_ok_importar_found
8692030031;PUMP;;8,800 KG;import;qa_ok_importar_found;true;1;12V4000M40A;1101691;254;"{""total_rows"":1,""count_ok_importar"":1,""count_ok_eliminar"":0,""count_pending"":0,""count_review_action"":0,""count_other"":0}";import;qa_ok_importar_found
8692030056;CONTROL;;71,100 G;import;qa_ok_importar_found;true;1;12V4000M40A;1101693;254;"{""total_rows"":1,""count_ok_importar"":1,""count_ok_eliminar"":0,""count_pending"":0,""count_review_action"":0,""count_other"":0}";import;qa_ok_importar_found
8692030059;SWITCH;;92 G;import;qa_ok_importar_found;true;1;12V4000M40A;1101695;254;"{""total_rows"":1,""count_ok_importar"":1,""count_ok_eliminar"":0,""count_pending"":0,""count_review_action"":0,""count_other"":0}";import;qa_ok_importar_found
8692030152;CONTACTOR;;100 G;import;qa_ok_importar_found;true;1;12V4000M40A;1101699;254;"{""total_rows"":1,""count_ok_importar"":1,""count_ok_eliminar"":0,""count_pending"":0,""count_review_action"":0,""count_other"":0}";import;qa_ok_importar_found
8692030520;OVERCURRENT TRIP 1;;;import;qa_ok_importar_found;true;1;16V4000M61;1301578;243;"{""total_rows"":1,""count_ok_importar"":1,""count_ok_eliminar"":0,""count_pending"":0,""count_review_action"":0,""count_other"":0}";import;qa_ok_importar_found
8699950012;CLAMP;;551,800;import;qa_ok_importar_found;true;1;12V4000M40A;1101710;203;"{""total_rows"":1,""count_ok_importar"":1,""count_ok_eliminar"":0,""count_pending"":0,""count_review_action"":0,""count_other"":0}";import;qa_ok_importar_found
8699970154;ADHESIVE;;869 G;import;qa_ok_importar_found;true;1;12V4000M40A;1101713;210;"{""total_rows"":1,""count_ok_importar"":1,""count_ok_eliminar"":0,""count_pending"":0,""count_review_action"":0,""count_other"":0}";import;qa_ok_importar_found
28200750053/0;SPACER BUSHING;;64,300 G;import;qa_ok_importar_found;true;1;12V4000M40A;1102394;258;"{""total_rows"":1,""count_ok_importar"":1,""count_ok_eliminar"":0,""count_pending"":0,""count_review_action"":0,""count_other"":0}";import;qa_ok_importar_found
200835008005;STUD;;31,700 G;import;qa_ok_importar_found;true;1;12V4000M40A;1101756;122;"{""total_rows"":1,""count_ok_importar"":1,""count_ok_eliminar"":0,""count_pending"":0,""count_review_action"":0,""count_other"":0}";import;qa_ok_importar_found
200988045000;RING SHIM 2;;;import;qa_ok_importar_found;true;1;12V4000M40A;1101776;73;"{""total_rows"":1,""count_ok_importar"":1,""count_ok_eliminar"":0,""count_pending"":0,""count_review_action"":0,""count_other"":0}";import;qa_ok_importar_found
204017006007;HEX SCREW;M 6 X 40;0.009 KGM;import;qa_ok_importar_found;true;1;12V4000M40A;1101779;332;"{""total_rows"":1,""count_ok_importar"":1,""count_ok_eliminar"":0,""count_pending"":0,""count_review_action"":0,""count_other"":0}";import;qa_ok_importar_found
304014008002;HEX SCREW;M 8 X 65;0.025 KGM;import;qa_ok_importar_found;true;2;20V4000M93L;1802718, 1806377;1398, 1778;"{""total_rows"":2,""count_ok_importar"":2,""count_ok_eliminar"":0,""count_pending"":0,""count_review_action"":0,""count_other"":0}";import;qa_ok_importar_found
304017010032;HEX SCREW;M 10 X 65;42,300 g M 10 X 65 ISO4017;import;qa_ok_importar_found;true;1;12V4000M53;1200577;101;"{""total_rows"":1,""count_ok_importar"":1,""count_ok_eliminar"":0,""count_pending"":0,""count_review_action"":0,""count_other"":0}";import;qa_ok_importar_found
304032016003;HEX NUT;M 16;34,000 g M 16 ISO4032;import;qa_ok_importar_found;true;1;12V4000M53;1202101;250;"{""total_rows"":1,""count_ok_importar"":1,""count_ok_eliminar"":0,""count_pending"":0,""count_review_action"":0,""count_other"":0}";import;qa_ok_importar_found
304032020001;HEX NUT;M 20;0.063 KGM;import;qa_ok_importar_found;true;1;12V4000M53;1202363;287;"{""total_rows"":1,""count_ok_importar"":1,""count_ok_eliminar"":0,""count_pending"":0,""count_review_action"":0,""count_other"":0}";import;qa_ok_importar_found
700368045011;RUBBER SLEEVE;45 X 80;101.100 g;import;qa_ok_importar_found;true;6;20V4000M93, 20V4000M93L;1700253, 1703997, 1707737, 1711477, 1800250, 1803822;41, 437, 833, 1229, 1143, 1516;"{""total_rows"":6,""count_ok_importar"":6,""count_ok_eliminar"":0,""count_pending"":0,""count_review_action"":0,""count_other"":0}";import;qa_ok_importar_found
700386050002;SEAL OIL;A 50 X 72 X 8;0.031 KGM;import;qa_ok_importar_found;true;1;12V4000M40A;1102027;247;"{""total_rows"":1,""count_ok_importar"":1,""count_ok_eliminar"":0,""count_pending"":0,""count_review_action"":0,""count_other"":0}";import;qa_ok_importar_found
700425000049;LABEL MTU;;3,900 G;import;qa_ok_importar_found;true;1;12V4000M40A;1102038;121;"{""total_rows"":1,""count_ok_importar"":1,""count_ok_eliminar"":0,""count_pending"":0,""count_review_action"":0,""count_other"":0}";import;qa_ok_importar_found
700425000182;EMI-LABEL NON-EPA;;;import;qa_ok_importar_found;true;1;12V4000M53;1200002;16;"{""total_rows"":1,""count_ok_importar"":1,""count_ok_eliminar"":0,""count_pending"":0,""count_review_action"":0,""count_other"":0}";import;qa_ok_importar_found
700425000235;PLATE F/TURBOCHARGER;;3,000 g;import;qa_ok_importar_found;true;1;12V4000M53;1200895;129;"{""total_rows"":1,""count_ok_importar"":1,""count_ok_eliminar"":0,""count_pending"":0,""count_review_action"":0,""count_other"":0}";import;qa_ok_importar_found
700429021001;O-RING;A 21 X 2;0,600 G 21 X 2;import;qa_ok_importar_found;true;1;12V4000M40A;1102048;89;"{""total_rows"":1,""count_ok_importar"":1,""count_ok_eliminar"":0,""count_pending"":0,""count_review_action"":0,""count_other"":0}";import;qa_ok_importar_found
700429030002;O-RING;A 30 X 4;0.003 KGM;import;qa_ok_importar_found;true;1;12V4000M40A;1102058;104;"{""total_rows"":1,""count_ok_importar"":1,""count_ok_eliminar"":0,""count_pending"":0,""count_review_action"":0,""count_other"":0}";import;qa_ok_importar_found
700429033001;O-RING;A 33 X 5;0.004 KGM;import;qa_ok_importar_found;true;1;12V4000M40A;1102061;26;"{""total_rows"":1,""count_ok_importar"":1,""count_ok_eliminar"":0,""count_pending"":0,""count_review_action"":0,""count_other"":0}";import;qa_ok_importar_found
700429039000;O-RING;A 39,2 X 3;0.002 KGM;import;qa_ok_importar_found;true;1;12V4000M40A;1102069;65;"{""total_rows"":1,""count_ok_importar"":1,""count_ok_eliminar"":0,""count_pending"":0,""count_review_action"":0,""count_other"":0}";import;qa_ok_importar_found
700429070000;O-RING;A 70 X 5;0.01 KGM;import;qa_ok_importar_found;true;1;12V4000M40A;1102084;20;"{""total_rows"":1,""count_ok_importar"":1,""count_ok_eliminar"":0,""count_pending"":0,""count_review_action"":0,""count_other"":0}";import;qa_ok_importar_found
700429083000;O-RING;A 83 X 5;0.011 KGM;import;qa_ok_importar_found;true;1;12V4000M40A;1102095;36;"{""total_rows"":1,""count_ok_importar"":1,""count_ok_eliminar"":0,""count_pending"":0,""count_review_action"":0,""count_other"":0}";import;qa_ok_importar_found
700429085002;O-RING;A 85 X 6;0.017 KGM;import;qa_ok_importar_found;true;1;12V4000M40A;1102100;143;"{""total_rows"":1,""count_ok_importar"":1,""count_ok_eliminar"":0,""count_pending"":0,""count_review_action"":0,""count_other"":0}";import;qa_ok_importar_found
700429194000;O-RING;;15.000 g;import;qa_ok_importar_found;true;10;20V4000M93L;1801444, 1801450, 1801460, 1801468, 1801480, 1805050, 1805056, 1805066, 1805074, 1805086;1294, 1671;"{""total_rows"":10,""count_ok_importar"":10,""count_ok_eliminar"":0,""count_pending"":0,""count_review_action"":0,""count_other"":0}";import;qa_ok_importar_found
700429244000;O-RING;;21,100 G;import;qa_ok_importar_found;true;1;12V4000M40A;1102142;154;"{""total_rows"":1,""count_ok_importar"":1,""count_ok_eliminar"":0,""count_pending"":0,""count_review_action"":0,""count_other"":0}";import;qa_ok_importar_found
700429250000;O-RING;;21.500 g 250 X 4 MMN429;import;qa_ok_importar_found;true;2;20V4000M93L;1800512, 1804085;1195, 1568;"{""total_rows"":2,""count_ok_importar"":2,""count_ok_eliminar"":0,""count_pending"":0,""count_review_action"":0,""count_other"":0}";import;qa_ok_importar_found
700429258000;O-RING;;20.000 g;import;qa_ok_importar_found;true;10;20V4000M93L;1801445, 1801451, 1801461, 1801469, 1801481, 1805051, 1805057, 1805067, 1805075, 1805087;1294, 1671;"{""total_rows"":10,""count_ok_importar"":10,""count_ok_eliminar"":0,""count_pending"":0,""count_review_action"":0,""count_other"":0}";import;qa_ok_importar_found
700500000861;END SLEEVE END SPLIC E 1.5;E 1,5 - 8 (SCHWARZ);0.001 KGM;import;qa_ok_importar_found;true;1;12V4000M40A;1102159;354;"{""total_rows"":1,""count_ok_importar"":1,""count_ok_eliminar"":0,""count_pending"":0,""count_review_action"":0,""count_other"":0}";import;qa_ok_importar_found
735038020106;HOSE;1SC 19 CC 500;0.734 KGM;import;qa_ok_importar_found;true;1;12V4000M40A;1102204;184;"{""total_rows"":1,""count_ok_importar"":1,""count_ok_eliminar"":0,""count_pending"":0,""count_review_action"":0,""count_other"":0}";import;qa_ok_importar_found
735038020112;HOSE;1SC 19 CC 800;0.89 KGM;import;qa_ok_importar_found;true;1;12V4000M40A;1102206;99;"{""total_rows"":1,""count_ok_importar"":1,""count_ok_eliminar"":0,""count_pending"":0,""count_review_action"":0,""count_other"":0}";import;qa_ok_importar_found
B00E50201528/77;MONITOR WITH SOFTWARE EIM 2-02;;;import;qa_ok_importar_found;true;1;12V4000M53;1203146;363;"{""total_rows"":1,""count_ok_importar"":1,""count_ok_eliminar"":0,""count_pending"":0,""count_review_action"":0,""count_other"":0}";import;qa_ok_importar_found
B00E50202738;HOUSING WITHOUT BASE PLATE SAM1-06;;700,000 g;import;qa_ok_importar_found;true;1;12V4000M70;1905021;741;"{""total_rows"":1,""count_ok_importar"":1,""count_ok_eliminar"":0,""count_pending"":0,""count_review_action"":0,""count_other"":0}";import;qa_ok_importar_found
B00E50202739;HOUSING WITHOUT INTERLOCK;;1,347 g;import;qa_ok_importar_found;true;1;12V4000M70;1904969;735;"{""total_rows"":1,""count_ok_importar"":1,""count_ok_eliminar"":0,""count_pending"":0,""count_review_action"":0,""count_other"":0}";import;qa_ok_importar_found
B00E50202855/S0001;BUS COUPLER FOR SYSTEM BUS;;;import;qa_ok_importar_found;true;1;12V4000M53;1206434;771;"{""total_rows"":1,""count_ok_importar"":1,""count_ok_eliminar"":0,""count_pending"":0,""count_review_action"":0,""count_other"":0}";import;qa_ok_importar_found
B00E50205356/S0001;CONTROL CONSOLE WITH DISPLAY;;;import;qa_ok_importar_found;true;1;12V4000M53;1206637;824;"{""total_rows"":1,""count_ok_importar"":1,""count_ok_eliminar"":0,""count_pending"":0,""count_review_action"":0,""count_other"":0}";import;qa_ok_importar_found
B00E51000051/S0001;NETWORK SWITCH FOR COPPER CABLES;HW: 05 / FW: 3.9 8GT;;import;qa_ok_importar_found;true;1;12V4000M53;1206627;819;"{""total_rows"":1,""count_ok_importar"":1,""count_ok_eliminar"":0,""count_pending"":0,""count_review_action"":0,""count_other"":0}";import;qa_ok_importar_found
E0010107351;INJECTOR;;800 G;import;qa_ok_importar_found;true;1;12V4000M40A;1102425;88;"{""total_rows"":1,""count_ok_importar"":1,""count_ok_eliminar"":0,""count_pending"":0,""count_review_action"":0,""count_other"":0}";import;qa_ok_importar_found
E23525323;FUEL PUMP ASM;;;import;qa_ok_importar_found;true;1;20V4000M93L;1807275;1876;"{""total_rows"":1,""count_ok_importar"":1,""count_ok_eliminar"":0,""count_pending"":0,""count_review_action"":0,""count_other"":0}";import;qa_ok_importar_found
E5260101605;CRANKCASE;;1.721,591;import;qa_ok_importar_found;true;1;12V4000M40A;1102426;13;"{""total_rows"":1,""count_ok_importar"":1,""count_ok_eliminar"":0,""count_pending"":0,""count_review_action"":0,""count_other"":0}";import;qa_ok_importar_found
E5260500001;CAMSHAFT;;;import;qa_ok_importar_found;true;1;12V4000M40A;1102427;69;"{""total_rows"":1,""count_ok_importar"":1,""count_ok_eliminar"":0,""count_pending"":0,""count_review_action"":0,""count_other"":0}";import;qa_ok_importar_found
E5260701101;HP PUMP;;64 KG;import;qa_ok_importar_found;true;1;12V4000M40A;1102428;82;"{""total_rows"":1,""count_ok_importar"":1,""count_ok_eliminar"":0,""count_pending"":0,""count_review_action"":0,""count_other"":0}";import;qa_ok_importar_found
E5260701201;HP PUMP;;60.000 kg EM;import;qa_ok_importar_found;true;1;16V4000M90;1600468;92;"{""total_rows"":1,""count_ok_importar"":1,""count_ok_eliminar"":0,""count_pending"":0,""count_review_action"":0,""count_other"":0}";import;qa_ok_importar_found
E5270101805;CRANKCASE;;2.076 KG;import;qa_ok_importar_found;true;1;16V4000M61;1300015;12;"{""total_rows"":1,""count_ok_importar"":1,""count_ok_eliminar"":0,""count_pending"":0,""count_review_action"":0,""count_other"":0}";import;qa_ok_importar_found
E5270500101;CAMSHAFT;;;import;qa_ok_importar_found;true;1;16V4000M61;1300379;67;"{""total_rows"":1,""count_ok_importar"":1,""count_ok_eliminar"":0,""count_pending"":0,""count_review_action"":0,""count_other"":0}";import;qa_ok_importar_found
E5280500101;CAMSHAFT;;20.000 g;import;qa_ok_importar_found;true;6;20V4000M93, 20V4000M93L;1700486, 1704236, 1707976, 1711716, 1800460, 1804033;84, 480, 876, 1272, 1184, 1557;"{""total_rows"":6,""count_ok_importar"":6,""count_ok_eliminar"":0,""count_pending"":0,""count_review_action"":0,""count_other"":0}";import;qa_ok_importar_found
EX52404100028;CYLINDER HEAD;;48,500 kg;import;qa_ok_importar_found;true;1;12V4000M70;1900373;78;"{""total_rows"":1,""count_ok_importar"":1,""count_ok_eliminar"":0,""count_pending"":0,""count_review_action"":0,""count_other"":0}";import;qa_ok_importar_found
EX52407500039;INJECTOR;;1,900 kg;import;qa_ok_importar_found;true;1;12V4000M70;1900486;102;"{""total_rows"":1,""count_ok_importar"":1,""count_ok_eliminar"":0,""count_pending"":0,""count_review_action"":0,""count_other"":0}";import;qa_ok_importar_found
EX59401100066;CRANKCASE;;1.618,000;import;qa_ok_importar_found;true;1;12V4000M53;1200031;22;"{""total_rows"":1,""count_ok_importar"":1,""count_ok_eliminar"":0,""count_pending"":0,""count_review_action"":0,""count_other"":0}";import;qa_ok_importar_found
EX59407500009;INJECTOR;;3.540 kg;import;qa_ok_importar_found;true;1;16V4000M73;1400563;103;"{""total_rows"":1,""count_ok_importar"":1,""count_ok_eliminar"":0,""count_pending"":0,""count_review_action"":0,""count_other"":0}";import;qa_ok_importar_found
EX59407500024;INJECTOR;;3,500 kg;import;qa_ok_importar_found;true;1;12V4000M53;1200546;97;"{""total_rows"":1,""count_ok_importar"":1,""count_ok_eliminar"":0,""count_pending"":0,""count_review_action"":0,""count_other"":0}";import;qa_ok_importar_found
R0010107351;INJECTOR;;1,920 KG;import;qa_ok_importar_found;true;1;12V4000M40A;1102430;88;"{""total_rows"":1,""count_ok_importar"":1,""count_ok_eliminar"":0,""count_pending"":0,""count_review_action"":0,""count_other"":0}";import;qa_ok_importar_found
R23505886;OIL PUMP;;;import;qa_ok_importar_found;true;1;20V4000M93L;1807265;1876;"{""total_rows"":1,""count_ok_importar"":1,""count_ok_eliminar"":0,""count_pending"":0,""count_review_action"":0,""count_other"":0}";import;qa_ok_importar_found
R5260701101;HP PUMP;;64 G;import;qa_ok_importar_found;true;1;12V4000M40A;1102433;82;"{""total_rows"":1,""count_ok_importar"":1,""count_ok_eliminar"":0,""count_pending"":0,""count_review_action"":0,""count_other"":0}";import;qa_ok_importar_found
R5260701201;HP PUMP;;62.050 kg MN EM;import;qa_ok_importar_found;true;1;16V4000M90;1600469;92;"{""total_rows"":1,""count_ok_importar"":1,""count_ok_eliminar"":0,""count_pending"":0,""count_review_action"":0,""count_other"":0}";import;qa_ok_importar_found
RX00040054/42;CONROD ASM;;9.615,000;import;qa_ok_importar_found;true;1;12V4000M70;1900365;75;"{""total_rows"":1,""count_ok_importar"":1,""count_ok_eliminar"":0,""count_pending"":0,""count_review_action"":0,""count_other"":0}";import;qa_ok_importar_found
RX00040057/42;CONROD ASM;;9,580 kg;import;qa_ok_importar_found;true;1;12V4000M53;1200428;70;"{""total_rows"":1,""count_ok_importar"":1,""count_ok_eliminar"":0,""count_pending"":0,""count_review_action"":0,""count_other"":0}";import;qa_ok_importar_found
RX52404100028;CYLINDER HEAD W.VALVE + SEAT RING;;52,400 kg;import;qa_ok_importar_found;true;1;12V4000M70;1900372;78;"{""total_rows"":1,""count_ok_importar"":1,""count_ok_eliminar"":0,""count_pending"":0,""count_review_action"":0,""count_other"":0}";import;qa_ok_importar_found
RX52407500039;INJECTOR;;1,900 kg;import;qa_ok_importar_found;true;1;12V4000M70;1900487;102;"{""total_rows"":1,""count_ok_importar"":1,""count_ok_eliminar"":0,""count_pending"":0,""count_review_action"":0,""count_other"":0}";import;qa_ok_importar_found
RX52603800003/42;CONROD ASM;;12,700 kg;import;qa_ok_importar_found;true;1;12V4000M70;1900366;75;"{""total_rows"":1,""count_ok_importar"":1,""count_ok_eliminar"":0,""count_pending"":0,""count_review_action"":0,""count_other"":0}";import;qa_ok_importar_found
RX59407500009;INJECTOR;;3.590 kg;import;qa_ok_importar_found;true;1;16V4000M73;1400564;103;"{""total_rows"":1,""count_ok_importar"":1,""count_ok_eliminar"":0,""count_pending"":0,""count_review_action"":0,""count_other"":0}";import;qa_ok_importar_found
RX59407500024;INJECTOR;;3,500 kg;import;qa_ok_importar_found;true;1;12V4000M53;1200547;97;"{""total_rows"":1,""count_ok_importar"":1,""count_ok_eliminar"":0,""count_pending"":0,""count_review_action"":0,""count_other"":0}";import;qa_ok_importar_found
X00E50200133/S0002;ENGINE MONITORING EMU7-02 / URL;;;import;qa_ok_importar_found;true;2;20V4000M93L;1803538, 1807220;1478, 1862;"{""total_rows"":2,""count_ok_importar"":2,""count_ok_eliminar"":0,""count_pending"":0,""count_review_action"":0,""count_other"":0}";import;qa_ok_importar_found
X00E50200228;PLUG-IN BOARD;;290,000 g;import;qa_ok_importar_found;true;1;12V4000M70;1905297;797;"{""total_rows"":1,""count_ok_importar"":1,""count_ok_eliminar"":0,""count_pending"":0,""count_review_action"":0,""count_other"":0}";import;qa_ok_importar_found
X00E50200664;PLUG-IN BOARD;KF MPU23-04,;49 G;import;qa_ok_importar_found;true;1;12V4000M40A;1102586;363;"{""total_rows"":1,""count_ok_importar"":1,""count_ok_eliminar"":0,""count_pending"":0,""count_review_action"":0,""count_other"":0}";import;qa_ok_importar_found
X00E50200724;LEVEL MONITOR;WASSERSONDE,;28.500 g;import;qa_ok_importar_found;true;1;16V4000M73;1400782;129;"{""total_rows"":1,""count_ok_importar"":1,""count_ok_eliminar"":0,""count_pending"":0,""count_review_action"":0,""count_other"":0}";import;qa_ok_importar_found
X00E50200899;AUDIBLE ALARM FOR MONITORING;152X152X128 (BXLXH);740 G;import;qa_ok_importar_found;true;1;12V4000M40A;1102588;397;"{""total_rows"":1,""count_ok_importar"":1,""count_ok_eliminar"":0,""count_pending"":0,""count_review_action"":0,""count_other"":0}";import;qa_ok_importar_found
X00E50201370;TEMPERATURE;;196 G;import;qa_ok_importar_found;true;4;16V4000M73L;1502307, 1505344, 1507837, 1510326;337, 799, 1142, 1477;"{""total_rows"":4,""count_ok_importar"":4,""count_ok_eliminar"":0,""count_pending"":0,""count_review_action"":0,""count_other"":0}";import;qa_ok_importar_found
X00E50201372;TEMPERATURE SENSOR;M14X1,5,110MM, KABEL=1M,STECKER,;230 G;import;qa_ok_importar_found;true;1;12V4000M40A;1102591;345;"{""total_rows"":1,""count_ok_importar"":1,""count_ok_eliminar"":0,""count_pending"":0,""count_review_action"":0,""count_other"":0}";import;qa_ok_importar_found
X00E50201981;PLUG-IN BOARD;;405 G;import;qa_ok_importar_found;true;1;12V4000M40A;1102594;370;"{""total_rows"":1,""count_ok_importar"":1,""count_ok_eliminar"":0,""count_pending"":0,""count_review_action"":0,""count_other"":0}";import;qa_ok_importar_found
X00E50202224;PLUG-IN BOARD;COB3-03,;;import;qa_ok_importar_found;true;1;12V4000M40A;1102595;361;"{""total_rows"":1,""count_ok_importar"":1,""count_ok_eliminar"":0,""count_pending"":0,""count_review_action"":0,""count_other"":0}";import;qa_ok_importar_found
X00E50202404;PLUG-IN BOARD;AB SAB2-03 (MB VON SAM);623 G;import;qa_ok_importar_found;true;1;12V4000M40A;1102596;402;"{""total_rows"":1,""count_ok_importar"":1,""count_ok_eliminar"":0,""count_pending"":0,""count_review_action"":0,""count_other"":0}";import;qa_ok_importar_found
X00E50202753/S0003;HOUSING WITHOUT INTERLOCK;296X152X80 (LXBXH);1,320 KG;import;qa_ok_importar_found;true;1;16V4000M61;1302364;377;"{""total_rows"":1,""count_ok_importar"":1,""count_ok_eliminar"":0,""count_pending"":0,""count_review_action"":0,""count_other"":0}";import;qa_ok_importar_found
X00E50202754/S0003;HOUSING WITH INTERLOCK;360X314X95 (LXBXH);1.368 KG;import;qa_ok_importar_found;true;1;12V4000M40A;1102601;399;"{""total_rows"":1,""count_ok_importar"":1,""count_ok_eliminar"":0,""count_pending"":0,""count_review_action"":0,""count_other"":0}";import;qa_ok_importar_found
X00E50203036;LED YELLOW;D=5MM,L=9MM,LEUCHTFARBE=GELB,;0.001 KGM;import;qa_ok_importar_found;true;1;12V4000M40A;1102602;371;"{""total_rows"":1,""count_ok_importar"":1,""count_ok_eliminar"":0,""count_pending"":0,""count_review_action"":0,""count_other"":0}";import;qa_ok_importar_found
X00E50203517;CONNECTION INTERFACE;;;import;qa_ok_importar_found;true;1;12V4000M40A;1102605;398;"{""total_rows"":1,""count_ok_importar"":1,""count_ok_eliminar"":0,""count_pending"":0,""count_review_action"":0,""count_other"":0}";import;qa_ok_importar_found
X00E50203604/S0002;DISPLAY UNLABELLED;;1,880 kg;import;qa_ok_importar_found;true;1;12V4000M70;1905284;797;"{""total_rows"":1,""count_ok_importar"":1,""count_ok_eliminar"":0,""count_pending"":0,""count_review_action"":0,""count_other"":0}";import;qa_ok_importar_found
X00E50205167/S0001;DISPLAY UNLABELLED;"360X270X65; RAL 9003";;import;qa_ok_importar_found;true;1;16V4000M61;1302539;405;"{""total_rows"":1,""count_ok_importar"":1,""count_ok_eliminar"":0,""count_pending"":0,""count_review_action"":0,""count_other"":0}";import;qa_ok_importar_found
X00E50206571/S0001;PLUG-IN BOARD;;159,000 g;import;qa_ok_importar_found;true;1;12V4000M70;1904942;718;"{""total_rows"":1,""count_ok_importar"":1,""count_ok_eliminar"":0,""count_pending"":0,""count_review_action"":0,""count_other"":0}";import;qa_ok_importar_found
X00E50206616/76;GOVERNOR NOT ADJUSTED;;7,058 kg;import;qa_ok_importar_found;true;1;12V4000M70;1902419;343;"{""total_rows"":1,""count_ok_importar"":1,""count_ok_eliminar"":0,""count_pending"":0,""count_review_action"":0,""count_other"":0}";import;qa_ok_importar_found
X00E50206616/77;GOVERNOR ADJUSTED;;5,000 kg;import;qa_ok_importar_found;true;1;12V4000M70;1902420;343;"{""total_rows"":1,""count_ok_importar"":1,""count_ok_eliminar"":0,""count_pending"":0,""count_review_action"":0,""count_other"":0}";import;qa_ok_importar_found
X00E50209721;PLUG-IN BOARD;;30,000 g;import;qa_ok_importar_found;true;1;12V4000M70;1904945;718;"{""total_rows"":1,""count_ok_importar"":1,""count_ok_eliminar"":0,""count_pending"":0,""count_review_action"":0,""count_other"":0}";import;qa_ok_importar_found
X00001906;STARTER;;29.880 kg;import;qa_ok_importar_found;true;1;16V4000M90;1601196;176;"{""total_rows"":1,""count_ok_importar"":1,""count_ok_eliminar"":0,""count_pending"":0,""count_review_action"":0,""count_other"":0}";import;qa_ok_importar_found
X00001910;STARTER;;29.880 kg;import;qa_ok_importar_found;true;1;16V4000M90;1601194;176;"{""total_rows"":1,""count_ok_importar"":1,""count_ok_eliminar"":0,""count_pending"":0,""count_review_action"":0,""count_other"":0}";import;qa_ok_importar_found
X00003011;GASKET;;8.200 g;import;qa_ok_importar_found;true;5;16V4000M73L, 20V4000M93L;1501082, 1504289, 1506752, 1801529, 1805135;173, 659, 1004, 1297, 1674;"{""total_rows"":5,""count_ok_importar"":5,""count_ok_eliminar"":0,""count_pending"":0,""count_review_action"":0,""count_other"":0}";import;qa_ok_importar_found
X00003012;GASKET;;11.000 g;import;qa_ok_importar_found;true;5;16V4000M73L, 20V4000M93L;1501083, 1504290, 1506753, 1801530, 1805136;173, 659, 1004, 1297, 1674;"{""total_rows"":5,""count_ok_importar"":5,""count_ok_eliminar"":0,""count_pending"":0,""count_review_action"":0,""count_other"":0}";import;qa_ok_importar_found
X00003040;GASKET;;6.000 g;import;qa_ok_importar_found;true;5;16V4000M73L, 20V4000M93L;1501081, 1504288, 1506751, 1801528, 1805134;173, 659, 1004, 1297, 1674;"{""total_rows"":5,""count_ok_importar"":5,""count_ok_eliminar"":0,""count_pending"":0,""count_review_action"":0,""count_other"":0}";import;qa_ok_importar_found
X00003043;GASKET;;9.000 g;import;qa_ok_importar_found;true;5;16V4000M73L, 20V4000M93L;1501062, 1504269, 1506732, 1801509, 1805115;173, 659, 1004, 1297, 1674;"{""total_rows"":5,""count_ok_importar"":5,""count_ok_eliminar"":0,""count_pending"":0,""count_review_action"":0,""count_other"":0}";import;qa_ok_importar_found
X00003620;OIL FILTER ELEMENT;;;import;qa_ok_importar_found;true;6;16V4000M73L, 20V4000M93L;1501489, 1504696, 1507159, 1509647, 1802029, 1805688;221, 707, 1052, 1389, 1350, 1730;"{""total_rows"":6,""count_ok_importar"":6,""count_ok_eliminar"":0,""count_pending"":0,""count_review_action"":0,""count_other"":0}";import;qa_ok_importar_found
X00005421/87;OIL COOLER WITH TEST CERT. 3.1;;230.000 kg;import;qa_ok_importar_found;true;2;20V4000M93L;1802089, 1805748;1355, 1735;"{""total_rows"":2,""count_ok_importar"":2,""count_ok_eliminar"":0,""count_pending"":0,""count_review_action"":0,""count_other"":0}";import;qa_ok_importar_found
X00008369;PISTON;;12,700 KG;import;qa_ok_importar_found;true;1;12V4000M40A;1102441;57;"{""total_rows"":1,""count_ok_importar"":1,""count_ok_eliminar"":0,""count_pending"":0,""count_review_action"":0,""count_other"":0}";import;qa_ok_importar_found
X00008637;FLANGE;;7.680 kg;import;qa_ok_importar_found;true;1;16V4000M90;1600342;60;"{""total_rows"":1,""count_ok_importar"":1,""count_ok_eliminar"":0,""count_pending"":0,""count_review_action"":0,""count_other"":0}";import;qa_ok_importar_found
X00009406;CYLINDER HEAD COVER;;2.500 kg;import;qa_ok_importar_found;true;6;16V4000M73L, 20V4000M93L;1500421, 1503627, 1506090, 1508578, 1800511, 1804084;84, 569, 914, 1257, 1195, 1568;"{""total_rows"":6,""count_ok_importar"":6,""count_ok_eliminar"":0,""count_pending"":0,""count_review_action"":0,""count_other"":0}";import;qa_ok_importar_found
X00010021;CONTROL LEVER ROS 07-05 (EMV MODIFIZIERT);;;import;qa_ok_importar_found;true;1;16V4000M90;1602887;419;"{""total_rows"":1,""count_ok_importar"":1,""count_ok_eliminar"":0,""count_pending"":0,""count_review_action"":0,""count_other"":0}";import;qa_ok_importar_found
X00010351;CONTROL CONSOLE IN ENGINE ROOM;360 X 270 X 180;;import;qa_ok_importar_found;true;1;12V4000M70;1905253;795;"{""total_rows"":1,""count_ok_importar"":1,""count_ok_eliminar"":0,""count_pending"":0,""count_review_action"":0,""count_other"":0}";import;qa_ok_importar_found
X00011606;SOCKET-TERMINL STRIP;54X13,5X18,6, 12;13,000 g AB;import;qa_ok_importar_found;true;1;12V4000M70;1905049;748;"{""total_rows"":1,""count_ok_importar"":1,""count_ok_eliminar"":0,""count_pending"":0,""count_review_action"":0,""count_other"":0}";import;qa_ok_importar_found
X00012174;PMP ASM SEA WATER;;38,360 KG;import;qa_ok_importar_found;true;1;12V4000M40A;1102457;279;"{""total_rows"":1,""count_ok_importar"":1,""count_ok_eliminar"":0,""count_pending"":0,""count_review_action"":0,""count_other"":0}";import;qa_ok_importar_found
X00012309/30;FLANGE;;29,800 KG;import;qa_ok_importar_found;true;1;12V4000M40A;1102458;305;"{""total_rows"":1,""count_ok_importar"":1,""count_ok_eliminar"":0,""count_pending"":0,""count_review_action"":0,""count_other"":0}";import;qa_ok_importar_found
X00018307;MAGNETIC NUT;M16X1.5 LH;84,700 g M16X1.5 LH;import;qa_ok_importar_found;true;1;12V4000M53;1200885;128;"{""total_rows"":1,""count_ok_importar"":1,""count_ok_eliminar"":0,""count_pending"":0,""count_review_action"":0,""count_other"":0}";import;qa_ok_importar_found
X00018621;R/SHFT SUPT;;3,600 KG;import;qa_ok_importar_found;true;1;16V4000M61;1300415;74;"{""total_rows"":1,""count_ok_importar"":1,""count_ok_eliminar"":0,""count_pending"":0,""count_review_action"":0,""count_other"":0}";import;qa_ok_importar_found
X00018622;ROCKER SHAFT SUPPORT;;;import;qa_ok_importar_found;true;1;16V4000M61;1300419;75;"{""total_rows"":1,""count_ok_importar"":1,""count_ok_eliminar"":0,""count_pending"":0,""count_review_action"":0,""count_other"":0}";import;qa_ok_importar_found
X00018636;RKR ARM ASM;;6,470 KG;import;qa_ok_importar_found;true;1;16V4000M61;1300390;70;"{""total_rows"":1,""count_ok_importar"":1,""count_ok_eliminar"":0,""count_pending"":0,""count_review_action"":0,""count_other"":0}";import;qa_ok_importar_found
X00019778;STARTER FOR COMPRESSED AIR;;;import;qa_ok_importar_found;true;1;12V4000M40A;1102475;169;"{""total_rows"":1,""count_ok_importar"":1,""count_ok_eliminar"":0,""count_pending"":0,""count_review_action"":0,""count_other"":0}";import;qa_ok_importar_found
X00021061;PLUG-IN BOARD;"MEM8-01;";;import;qa_ok_importar_found;true;1;16V4000M61;1302726;455;"{""total_rows"":1,""count_ok_importar"":1,""count_ok_eliminar"":0,""count_pending"":0,""count_review_action"":0,""count_other"":0}";import;qa_ok_importar_found
X00021634;GEAR CAMSHAFT;;15,500 KG;import;qa_ok_importar_found;true;1;12V4000M40A;1102477;69;"{""total_rows"":1,""count_ok_importar"":1,""count_ok_eliminar"":0,""count_pending"":0,""count_review_action"":0,""count_other"":0}";import;qa_ok_importar_found
X00021750;GEAR;;1,770 KG;import;qa_ok_importar_found;true;1;12V4000M40A;1102478;247;"{""total_rows"":1,""count_ok_importar"":1,""count_ok_eliminar"":0,""count_pending"":0,""count_review_action"":0,""count_other"":0}";import;qa_ok_importar_found
X00021778;F/W HSG ASM;;246.500 kg;import;qa_ok_importar_found;true;1;16V4000M73;1400143;38;"{""total_rows"":1,""count_ok_importar"":1,""count_ok_eliminar"":0,""count_pending"":0,""count_review_action"":0,""count_other"":0}";import;qa_ok_importar_found
X00021778/75;FLYWHEEL HOUSING PRIMED;;165,000 kg;import;qa_ok_importar_found;true;1;12V4000M53;1200135;35;"{""total_rows"":1,""count_ok_importar"":1,""count_ok_eliminar"":0,""count_pending"":0,""count_review_action"":0,""count_other"":0}";import;qa_ok_importar_found
X00026990;RAIL FUEL HIGH PRESS DOUBLE WALL A-BANK;;55.000 kg EM;import;qa_ok_importar_found;true;1;16V4000M73;1400582;106;"{""total_rows"":1,""count_ok_importar"":1,""count_ok_eliminar"":0,""count_pending"":0,""count_review_action"":0,""count_other"":0}";import;qa_ok_importar_found
X00026991;RAIL FUEL HIGH PRESS DOUBLE WALL B-BANK;;54.500 kg EM;import;qa_ok_importar_found;true;1;16V4000M73;1400583;106;"{""total_rows"":1,""count_ok_importar"":1,""count_ok_eliminar"":0,""count_pending"":0,""count_review_action"":0,""count_other"":0}";import;qa_ok_importar_found
X00027068;TUBE FUEL DOUBLE WALL;;299.000 g EM;import;qa_ok_importar_found;true;2;20V4000M93L;1800559, 1804130;1204, 1577;"{""total_rows"":2,""count_ok_importar"":2,""count_ok_eliminar"":0,""count_pending"":0,""count_review_action"":0,""count_other"":0}";import;qa_ok_importar_found
X00028593;PLATE FLANGE VIB DAMPER HSG;;;import;qa_ok_importar_found;true;1;16V4000M73;1400408;68;"{""total_rows"":1,""count_ok_importar"":1,""count_ok_eliminar"":0,""count_pending"":0,""count_review_action"":0,""count_other"":0}";import;qa_ok_importar_found
X00029037;CRANKSHAFT 16V-12CWT-STROKE190;;;import;qa_ok_importar_found;true;1;16V4000M73;1400359;61;"{""total_rows"":1,""count_ok_importar"":1,""count_ok_eliminar"":0,""count_pending"":0,""count_review_action"":0,""count_other"":0}";import;qa_ok_importar_found
X00029037/31;CRANKSHAFT LR ACCEPTANCE 16V-12CWT-STROKE190;;617.000;import;qa_ok_importar_found;true;1;16V4000M73;1400357;60;"{""total_rows"":1,""count_ok_importar"":1,""count_ok_eliminar"":0,""count_pending"":0,""count_review_action"":0,""count_other"":0}";import;qa_ok_importar_found
X00030151/30;INTERMEDIATE FLANGE;;44,500 KG;import;qa_ok_importar_found;true;1;12V4000M40A;1102502;305;"{""total_rows"":1,""count_ok_importar"":1,""count_ok_eliminar"":0,""count_pending"":0,""count_review_action"":0,""count_other"":0}";import;qa_ok_importar_found
X00030152/30;RING;;10,360 KG;import;qa_ok_importar_found;true;1;12V4000M40A;1102503;305;"{""total_rows"":1,""count_ok_importar"":1,""count_ok_eliminar"":0,""count_pending"":0,""count_review_action"":0,""count_other"":0}";import;qa_ok_importar_found
X00030153/30;FLANGE;;14,600 KG;import;qa_ok_importar_found;true;1;12V4000M40A;1102504;305;"{""total_rows"":1,""count_ok_importar"":1,""count_ok_eliminar"":0,""count_pending"":0,""count_review_action"":0,""count_other"":0}";import;qa_ok_importar_found
X00031095;LEVEL MONITOR;TAU;195,100 G;import;qa_ok_importar_found;true;1;12V4000M40A;1102505;345;"{""total_rows"":1,""count_ok_importar"":1,""count_ok_eliminar"":0,""count_pending"":0,""count_review_action"":0,""count_other"":0}";import;qa_ok_importar_found
X00031104;LEVEL MONITOR;WASSERSONDE DYN.UB-VERHALTEN;191 G;import;qa_ok_importar_found;true;1;12V4000M40A;1102506;345;"{""total_rows"":1,""count_ok_importar"":1,""count_ok_eliminar"":0,""count_pending"":0,""count_review_action"":0,""count_other"":0}";import;qa_ok_importar_found
X00031805;SEALING RING BR 8000;;A13X18,0X1,5 DIN7603;import;qa_ok_importar_found;true;1;16V4000M73;1401653;222;"{""total_rows"":1,""count_ok_importar"":1,""count_ok_eliminar"":0,""count_pending"":0,""count_review_action"":0,""count_other"":0}";import;qa_ok_importar_found
X00032042;CONNECTING PIEC E;;;import;qa_ok_importar_found;true;1;12V4000M53;1200621;107;"{""total_rows"":1,""count_ok_importar"":1,""count_ok_eliminar"":0,""count_pending"":0,""count_review_action"":0,""count_other"":0}";import;qa_ok_importar_found
X00033644;NOZZLE LUBE OIL SPRAY;;249 G;import;qa_ok_importar_found;true;1;12V4000M40A;1102510;195;"{""total_rows"":1,""count_ok_importar"":1,""count_ok_eliminar"":0,""count_pending"":0,""count_review_action"":0,""count_other"":0}";import;qa_ok_importar_found
X00033645;BLOCK PSTN LUBE NOZZLE SUPT W/THRU HOLE;;166,600 G;import;qa_ok_importar_found;true;1;12V4000M40A;1102511;195;"{""total_rows"":1,""count_ok_importar"":1,""count_ok_eliminar"":0,""count_pending"":0,""count_review_action"":0,""count_other"":0}";import;qa_ok_importar_found
X00033646;BLK PSTN LUBE NOZZLE SUPT W/O THRU;;185 G;import;qa_ok_importar_found;true;1;12V4000M40A;1102512;195;"{""total_rows"":1,""count_ok_importar"":1,""count_ok_eliminar"":0,""count_pending"":0,""count_review_action"":0,""count_other"":0}";import;qa_ok_importar_found
X00034054;SHIM;;;import;qa_ok_importar_found;true;1;12V4000M70;1902130;296;"{""total_rows"":1,""count_ok_importar"":1,""count_ok_eliminar"":0,""count_pending"":0,""count_review_action"":0,""count_other"":0}";import;qa_ok_importar_found
X00034057;LOCKING DEVICE 4000;;;import;qa_ok_importar_found;true;1;12V4000M53;1202381;291;"{""total_rows"":1,""count_ok_importar"":1,""count_ok_eliminar"":0,""count_pending"":0,""count_review_action"":0,""count_other"":0}";import;qa_ok_importar_found
X00034058;LOCKING DEVICE 4000;;;import;qa_ok_importar_found;true;1;12V4000M53;1202382;291;"{""total_rows"":1,""count_ok_importar"":1,""count_ok_eliminar"":0,""count_pending"":0,""count_review_action"":0,""count_other"":0}";import;qa_ok_importar_found
X00035257;O-RING;7 X 208;5,000 g 7 X 208;import;qa_ok_importar_found;true;1;12V4000M53;1200403;64;"{""total_rows"":1,""count_ok_importar"":1,""count_ok_eliminar"":0,""count_pending"":0,""count_review_action"":0,""count_other"":0}";import;qa_ok_importar_found
X00035420;HP FUEL LINE JACKETED;;4.649 kg EM;import;qa_ok_importar_found;true;2;20V4000M93L;1800533, 1804104;1203, 1576;"{""total_rows"":2,""count_ok_importar"":2,""count_ok_eliminar"":0,""count_pending"":0,""count_review_action"":0,""count_other"":0}";import;qa_ok_importar_found
X00035421;HP FUEL LINE DOUBLE-WALLED, LEFT;;3.173 kg EM;import;qa_ok_importar_found;true;2;20V4000M93L;1800550, 1804120;1203, 1576;"{""total_rows"":2,""count_ok_importar"":2,""count_ok_eliminar"":0,""count_pending"":0,""count_review_action"":0,""count_other"":0}";import;qa_ok_importar_found
X00035422;HP FUEL LINE DOUBLE-WALLED, RIGH;;5.594 kg EM;import;qa_ok_importar_found;true;2;20V4000M93L;1800551, 1804122;1203, 1576;"{""total_rows"":2,""count_ok_importar"":2,""count_ok_eliminar"":0,""count_pending"":0,""count_review_action"":0,""count_other"":0}";import;qa_ok_importar_found
X00035690;PISTON EPSILON 15.2;;;import;qa_ok_importar_found;true;1;16V4000M73;1400433;73;"{""total_rows"":1,""count_ok_importar"":1,""count_ok_eliminar"":0,""count_pending"":0,""count_review_action"":0,""count_other"":0}";import;qa_ok_importar_found
X00035844;FUEL PUMP;;80.000 kg 50 HZ;import;qa_ok_importar_found;true;1;20V4000M93L;1806783;1830;"{""total_rows"":1,""count_ok_importar"":1,""count_ok_eliminar"":0,""count_pending"":0,""count_review_action"":0,""count_other"":0}";import;qa_ok_importar_found
X00036161;FUEL FILTER;;;import;qa_ok_importar_found;true;1;20V4000M93L;1804235;1594;"{""total_rows"":1,""count_ok_importar"":1,""count_ok_eliminar"":0,""count_pending"":0,""count_review_action"":0,""count_other"":0}";import;qa_ok_importar_found
X00036684;COOLANT PUMP;;30.750 kg;import;qa_ok_importar_found;true;1;16V4000M73;1401891;248;"{""total_rows"":1,""count_ok_importar"":1,""count_ok_eliminar"":0,""count_pending"":0,""count_review_action"":0,""count_other"":0}";import;qa_ok_importar_found
X00036967;FUEL PUMP;;;import;qa_ok_importar_found;true;2;16V4000M73L;1502075, 1510713;298, 1548;"{""total_rows"":2,""count_ok_importar"":2,""count_ok_eliminar"":0,""count_pending"":0,""count_review_action"":0,""count_other"":0}";import;qa_ok_importar_found
X00037017;IMPELLER FOR SEAWATER PUMP;;;import;qa_ok_importar_found;true;1;16V4000M73;1402475;294;"{""total_rows"":1,""count_ok_importar"":1,""count_ok_eliminar"":0,""count_pending"":0,""count_review_action"":0,""count_other"":0}";import;qa_ok_importar_found
X00038367;FUEL FILTER;;;import;qa_ok_importar_found;true;2;16V4000M73L;1502096, 1510734;301, 1551;"{""total_rows"":2,""count_ok_importar"":2,""count_ok_eliminar"":0,""count_pending"":0,""count_review_action"":0,""count_other"":0}";import;qa_ok_importar_found
X00038494;FILTER ELEMENT;FC 001-040, 4120;2.360 kg;import;qa_ok_importar_found;true;4;16V4000M73L, 16V4000M90, 20V4000M93L;1502097, 1510735, 1600556, 1804236;302, 1552, 113, 1596;"{""total_rows"":4,""count_ok_importar"":4,""count_ok_eliminar"":0,""count_pending"":0,""count_review_action"":0,""count_other"":0}";import;qa_ok_importar_found
X00038564;ELBOW;;12,870 kg;import;qa_ok_importar_found;true;1;12V4000M53;1202059;247;"{""total_rows"":1,""count_ok_importar"":1,""count_ok_eliminar"":0,""count_pending"":0,""count_review_action"":0,""count_other"":0}";import;qa_ok_importar_found
X00038945;PRESSURE SENSOR;M14X1,5,DICHTKEGEL,SW=27,;0,117 G;import;qa_ok_importar_found;true;1;12V4000M40A;1102518;345;"{""total_rows"":1,""count_ok_importar"":1,""count_ok_eliminar"":0,""count_pending"":0,""count_review_action"":0,""count_other"":0}";import;qa_ok_importar_found
X00039514;EXHAUST TURBOCHARGER RIGHT SIDE;;76,200 KG EM;import;qa_ok_importar_found;true;1;12V4000M40A;1102519;120;"{""total_rows"":1,""count_ok_importar"":1,""count_ok_eliminar"":0,""count_pending"":0,""count_review_action"":0,""count_other"":0}";import;qa_ok_importar_found
X00039517;EXHAUST TURBOCHARGER LEFT SIDE;;;import;qa_ok_importar_found;true;1;12V4000M40A;1102520;126;"{""total_rows"":1,""count_ok_importar"":1,""count_ok_eliminar"":0,""count_pending"":0,""count_review_action"":0,""count_other"":0}";import;qa_ok_importar_found
X00039766;TUBE OIL MARINE;;0.47 KGM;import;qa_ok_importar_found;true;1;12V4000M40A;1102521;224;"{""total_rows"":1,""count_ok_importar"":1,""count_ok_eliminar"":0,""count_pending"":0,""count_review_action"":0,""count_other"":0}";import;qa_ok_importar_found
X00039852;FILTER HEAD FOR FUEL FILTER 1;;;import;qa_ok_importar_found;true;1;12V4000M40A;1102523;107;"{""total_rows"":1,""count_ok_importar"":1,""count_ok_eliminar"":0,""count_pending"":0,""count_review_action"":0,""count_other"":0}";import;qa_ok_importar_found
X00040054/42;CONROD ASM;;9,770 KG;import;qa_ok_importar_found;true;1;12V4000M40A;1102524;60;"{""total_rows"":1,""count_ok_importar"":1,""count_ok_eliminar"":0,""count_pending"":0,""count_review_action"":0,""count_other"":0}";import;qa_ok_importar_found
X00040625;COVER FOR SOLAS;;7 G;import;qa_ok_importar_found;true;1;12V4000M40A;1102527;198;"{""total_rows"":1,""count_ok_importar"":1,""count_ok_eliminar"":0,""count_pending"":0,""count_review_action"":0,""count_other"":0}";import;qa_ok_importar_found
X00040708;BUSHING;;325.200 g;import;qa_ok_importar_found;true;1;16V4000M73;1400984;147;"{""total_rows"":1,""count_ok_importar"":1,""count_ok_eliminar"":0,""count_pending"":0,""count_review_action"":0,""count_other"":0}";import;qa_ok_importar_found
X00040711;BUSHING;;203.500 g;import;qa_ok_importar_found;true;1;16V4000M73;1400983;147;"{""total_rows"":1,""count_ok_importar"":1,""count_ok_eliminar"":0,""count_pending"":0,""count_review_action"":0,""count_other"":0}";import;qa_ok_importar_found
X00040714;CONROD BEARING SIZE 0-0;;;import;qa_ok_importar_found;true;1;12V4000M40A;1102528;60;"{""total_rows"":1,""count_ok_importar"":1,""count_ok_eliminar"":0,""count_pending"":0,""count_review_action"":0,""count_other"":0}";import;qa_ok_importar_found
X00040715;CONROD BEARING SIZE 0-1;;300 G;import;qa_ok_importar_found;true;1;12V4000M40A;1102529;60;"{""total_rows"":1,""count_ok_importar"":1,""count_ok_eliminar"":0,""count_pending"":0,""count_review_action"":0,""count_other"":0}";import;qa_ok_importar_found
X00040717;CONROD BEARING SIZE 0-2;;0.275 KGM;import;qa_ok_importar_found;true;1;12V4000M40A;1102530;60;"{""total_rows"":1,""count_ok_importar"":1,""count_ok_eliminar"":0,""count_pending"":0,""count_review_action"":0,""count_other"":0}";import;qa_ok_importar_found
X00040718;CONROD BEARING SIZE 0-3;;0,320 KG;import;qa_ok_importar_found;true;1;12V4000M40A;1102531;60;"{""total_rows"":1,""count_ok_importar"":1,""count_ok_eliminar"":0,""count_pending"":0,""count_review_action"":0,""count_other"":0}";import;qa_ok_importar_found
X00040978;FUEL DELIVERY PUMP;;5,700 kg EM;import;qa_ok_importar_found;true;1;12V4000M53;1200797;115;"{""total_rows"":1,""count_ok_importar"":1,""count_ok_eliminar"":0,""count_pending"":0,""count_review_action"":0,""count_other"":0}";import;qa_ok_importar_found
X00041391;ACTUATOR VLV;;1,880 KG;import;qa_ok_importar_found;true;1;12V4000M40A;1102532;143;"{""total_rows"":1,""count_ok_importar"":1,""count_ok_eliminar"":0,""count_pending"":0,""count_review_action"":0,""count_other"":0}";import;qa_ok_importar_found
X00042197;INLET VALVE;;335,800 gEM;import;qa_ok_importar_found;true;1;12V4000M53;1200456;74;"{""total_rows"":1,""count_ok_importar"":1,""count_ok_eliminar"":0,""count_pending"":0,""count_review_action"":0,""count_other"":0}";import;qa_ok_importar_found
X00042421;FUEL FILTER SPIN-ON;;;import;qa_ok_importar_found;true;1;16V4000M73;1400689;121;"{""total_rows"":1,""count_ok_importar"":1,""count_ok_eliminar"":0,""count_pending"":0,""count_review_action"":0,""count_other"":0}";import;qa_ok_importar_found
X00042495;SEAWATER ELBOW F/GRBOX OIL COOLING;;;import;qa_ok_importar_found;true;2;20V4000M93L;1802812, 1806471;1406, 1786;"{""total_rows"":2,""count_ok_importar"":2,""count_ok_eliminar"":0,""count_pending"":0,""count_review_action"":0,""count_other"":0}";import;qa_ok_importar_found
X00042702;VALVE;;0,200 KG;import;qa_ok_importar_found;true;1;12V4000M40A;1102562;171;"{""total_rows"":1,""count_ok_importar"":1,""count_ok_eliminar"":0,""count_pending"":0,""count_review_action"":0,""count_other"":0}";import;qa_ok_importar_found
X00043025;CHARGE-AIR LINE END MEMBER, RIGHT BR4000;;;import;qa_ok_importar_found;true;1;16V4000M73;1401177;173;"{""total_rows"":1,""count_ok_importar"":1,""count_ok_eliminar"":0,""count_pending"":0,""count_review_action"":0,""count_other"":0}";import;qa_ok_importar_found
X52401100007/87;SAFETY VALVE WITH TEST CERT. 3.1;;;import;qa_ok_importar_found;true;6;20V4000M93L;1800010, 1800016, 1800023, 1803582, 1803588, 1803595;1123, 1496;"{""total_rows"":6,""count_ok_importar"":6,""count_ok_eliminar"":0,""count_pending"":0,""count_review_action"":0,""count_other"":0}";import;qa_ok_importar_found
X52403500004;CAMSHAFT GEAR;;;import;qa_ok_importar_found;true;1;16V4000M73;1400499;87;"{""total_rows"":1,""count_ok_importar"":1,""count_ok_eliminar"":0,""count_pending"":0,""count_review_action"":0,""count_other"":0}";import;qa_ok_importar_found
X52404100028;CYLINDER HEAD W.VALVE + SEAT RING;;;import;qa_ok_importar_found;true;1;16V4000M61;1300354;62;"{""total_rows"":1,""count_ok_importar"":1,""count_ok_eliminar"":0,""count_pending"":0,""count_review_action"":0,""count_other"":0}";import;qa_ok_importar_found
X52404100033;CYLINDER HEAD W.VALVE + SEAT RING 20;;;import;qa_ok_importar_found;true;2;20V4000M93L;1800436, 1804007;1178, 1551;"{""total_rows"":2,""count_ok_importar"":2,""count_ok_eliminar"":0,""count_pending"":0,""count_review_action"":0,""count_other"":0}";import;qa_ok_importar_found
X52404100139;CYLINDER HEAD W.VALVE + SEAT RING;;;import;qa_ok_importar_found;true;4;16V4000M73L;1500345, 1503551, 1506014, 1508502;67, 552, 897, 1240;"{""total_rows"":4,""count_ok_importar"":4,""count_ok_eliminar"":0,""count_pending"":0,""count_review_action"":0,""count_other"":0}";import;qa_ok_importar_found
X52404100143;VALVE GUIDE INSERT;D 19.3R6 / D10.6+0.05;137,300 g EM D 19.3R6 / D10.6+0.05;import;qa_ok_importar_found;true;1;12V4000M53;1200475;76;"{""total_rows"":1,""count_ok_importar"":1,""count_ok_eliminar"":0,""count_pending"":0,""count_review_action"":0,""count_other"":0}";import;qa_ok_importar_found
X52404100144;CYLINDER HEAD;;49,000 kg;import;qa_ok_importar_found;true;1;12V4000M70;1900388;79;"{""total_rows"":1,""count_ok_importar"":1,""count_ok_eliminar"":0,""count_pending"":0,""count_review_action"":0,""count_other"":0}";import;qa_ok_importar_found
X52404100178;CYLINDER HEAD W/VALVES;;;import;qa_ok_importar_found;true;1;16V4000M73;1400461;80;"{""total_rows"":1,""count_ok_importar"":1,""count_ok_eliminar"":0,""count_pending"":0,""count_review_action"":0,""count_other"":0}";import;qa_ok_importar_found
X52404100205;CYL.HEAD WITH VALVES;;;import;qa_ok_importar_found;true;4;20V4000M93;1700447, 1704195, 1707935, 1711675;77, 473, 869, 1265;"{""total_rows"":4,""count_ok_importar"":4,""count_ok_eliminar"":0,""count_pending"":0,""count_review_action"":0,""count_other"":0}";import;qa_ok_importar_found
X52404100209;CYL.HEAD WITH VALVES BR4000 MX03/PX03;;;import;qa_ok_importar_found;true;1;12V4000M53;1200440;73;"{""total_rows"":1,""count_ok_importar"":1,""count_ok_eliminar"":0,""count_pending"":0,""count_review_action"":0,""count_other"":0}";import;qa_ok_importar_found
X52404200035;GASKET FOR CYLINDER HEAD;;;import;qa_ok_importar_found;true;4;16V4000M73L;1500347, 1503553, 1506016, 1508504;67, 552, 897, 1240;"{""total_rows"":4,""count_ok_importar"":4,""count_ok_eliminar"":0,""count_pending"":0,""count_review_action"":0,""count_other"":0}";import;qa_ok_importar_found
X52405200015;THRUST MEMBER FOR ROCKER ARM;;;import;qa_ok_importar_found;true;1;12V4000M53;1200521;89;"{""total_rows"":1,""count_ok_importar"":1,""count_ok_eliminar"":0,""count_pending"":0,""count_review_action"":0,""count_other"":0}";import;qa_ok_importar_found
X52405200018;CAMSHAFT GEAR;;;import;qa_ok_importar_found;true;1;12V4000M53;1200478;80;"{""total_rows"":1,""count_ok_importar"":1,""count_ok_eliminar"":0,""count_pending"":0,""count_review_action"":0,""count_other"":0}";import;qa_ok_importar_found
X52405200030;CAMSHAFT GEAR;;;import;qa_ok_importar_found;true;4;20V4000M93;1700488, 1704238, 1707978, 1711718;84, 480, 876, 1272;"{""total_rows"":4,""count_ok_importar"":4,""count_ok_eliminar"":0,""count_pending"":0,""count_review_action"":0,""count_other"":0}";import;qa_ok_importar_found
X52405500011;ADJUSTING SCREW;;;import;qa_ok_importar_found;true;1;16V4000M73;1400537;95;"{""total_rows"":1,""count_ok_importar"":1,""count_ok_eliminar"":0,""count_pending"":0,""count_review_action"":0,""count_other"":0}";import;qa_ok_importar_found
X52405500012;ROCKER ARM;;;import;qa_ok_importar_found;true;1;16V4000M73;1400505;89;"{""total_rows"":1,""count_ok_importar"":1,""count_ok_eliminar"":0,""count_pending"":0,""count_review_action"":0,""count_other"":0}";import;qa_ok_importar_found
X52405500013;ROCKER ARM INLET;;3.060 kg;import;qa_ok_importar_found;true;1;16V4000M73;1400522;93;"{""total_rows"":1,""count_ok_importar"":1,""count_ok_eliminar"":0,""count_pending"":0,""count_review_action"":0,""count_other"":0}";import;qa_ok_importar_found
X52405500014;ROCKER ARM EXHAUST;;;import;qa_ok_importar_found;true;1;16V4000M73;1400523;93;"{""total_rows"":1,""count_ok_importar"":1,""count_ok_eliminar"":0,""count_pending"":0,""count_review_action"":0,""count_other"":0}";import;qa_ok_importar_found
X52405500123;ROCKER ARM EXHAUST;;1,356 kg;import;qa_ok_importar_found;true;1;12V4000M53;1200508;87;"{""total_rows"":1,""count_ok_importar"":1,""count_ok_eliminar"":0,""count_pending"":0,""count_review_action"":0,""count_other"":0}";import;qa_ok_importar_found
X52405500124;ROCKER ARM INLET;;;import;qa_ok_importar_found;true;1;12V4000M53;1200507;87;"{""total_rows"":1,""count_ok_importar"":1,""count_ok_eliminar"":0,""count_pending"":0,""count_review_action"":0,""count_other"":0}";import;qa_ok_importar_found
X52405500130;CYLINDER HEAD COVER;;;import;qa_ok_importar_found;true;1;12V4000M53;1200531;91;"{""total_rows"":1,""count_ok_importar"":1,""count_ok_eliminar"":0,""count_pending"":0,""count_review_action"":0,""count_other"":0}";import;qa_ok_importar_found
X52405500135;VALVE BRIDGE;;275,800 g;import;qa_ok_importar_found;true;1;12V4000M53;1200490;83;"{""total_rows"":1,""count_ok_importar"":1,""count_ok_eliminar"":0,""count_pending"":0,""count_review_action"":0,""count_other"":0}";import;qa_ok_importar_found
X52405500145;ROCKER ARM;;6,560 kg;import;qa_ok_importar_found;true;1;12V4000M53;1200489;83;"{""total_rows"":1,""count_ok_importar"":1,""count_ok_eliminar"":0,""count_pending"":0,""count_review_action"":0,""count_other"":0}";import;qa_ok_importar_found
X52405500146;ROCKER SHAFT SUPPORT;;;import;qa_ok_importar_found;true;1;12V4000M53;1200506;87;"{""total_rows"":1,""count_ok_importar"":1,""count_ok_eliminar"":0,""count_pending"":0,""count_review_action"":0,""count_other"":0}";import;qa_ok_importar_found
X52407500023;INJECTOR;;2 KG EM;import;qa_ok_importar_found;true;1;16V4000M61;1300463;87;"{""total_rows"":1,""count_ok_importar"":1,""count_ok_eliminar"":0,""count_pending"":0,""count_review_action"":0,""count_other"":0}";import;qa_ok_importar_found
X52407500024;INJECTOR;;;import;qa_ok_importar_found;true;1;16V4000M90;1600492;98;"{""total_rows"":1,""count_ok_importar"":1,""count_ok_eliminar"":0,""count_pending"":0,""count_review_action"":0,""count_other"":0}";import;qa_ok_importar_found
X52407500039;INJECTOR;;1,900 kg;import;qa_ok_importar_found;true;1;12V4000M70;1900488;102;"{""total_rows"":1,""count_ok_importar"":1,""count_ok_eliminar"":0,""count_pending"":0,""count_review_action"":0,""count_other"":0}";import;qa_ok_importar_found
X52408100002;LINK;;49 G;import;qa_ok_importar_found;true;1;12V4000M40A;1102610;104;"{""total_rows"":1,""count_ok_importar"":1,""count_ok_eliminar"":0,""count_pending"":0,""count_review_action"":0,""count_other"":0}";import;qa_ok_importar_found
X52408100009;FUEL PRIMING PUMP;;1.610,200;import;qa_ok_importar_found;true;1;12V4000M53;1200812;122;"{""total_rows"":1,""count_ok_importar"":1,""count_ok_eliminar"":0,""count_pending"":0,""count_review_action"":0,""count_other"":0}";import;qa_ok_importar_found
X52408200010;FUEL LINE TO PLATE-CORE COOLE;;212.300 g;import;qa_ok_importar_found;true;1;16V4000M73;1400811;132;"{""total_rows"":1,""count_ok_importar"":1,""count_ok_eliminar"":0,""count_pending"":0,""count_review_action"":0,""count_other"":0}";import;qa_ok_importar_found
X52408300004;COLLECTING TROUGH;;;import;qa_ok_importar_found;true;1;12V4000M40A;1102611;105;"{""total_rows"":1,""count_ok_importar"":1,""count_ok_eliminar"":0,""count_pending"":0,""count_review_action"":0,""count_other"":0}";import;qa_ok_importar_found
X52417200010;STARTER;;28,375 kg;import;qa_ok_importar_found;true;1;12V4000M53;1201303;180;"{""total_rows"":1,""count_ok_importar"":1,""count_ok_eliminar"":0,""count_pending"":0,""count_review_action"":0,""count_other"":0}";import;qa_ok_importar_found
X52417200011;STARTER;;21,000 kg;import;qa_ok_importar_found;true;1;12V4000M53;1201305;180;"{""total_rows"":1,""count_ok_importar"":1,""count_ok_eliminar"":0,""count_pending"":0,""count_review_action"":0,""count_other"":0}";import;qa_ok_importar_found
X52418300001;FLTR CENTRIF;;12,418 KG;import;qa_ok_importar_found;true;1;12V4000M40A;1102612;201;"{""total_rows"":1,""count_ok_importar"":1,""count_ok_eliminar"":0,""count_pending"":0,""count_review_action"":0,""count_other"":0}";import;qa_ok_importar_found
X52418300028;CENTRIFUGAL OIL FLTR;;;import;qa_ok_importar_found;true;1;12V4000M53;1201441;197;"{""total_rows"":1,""count_ok_importar"":1,""count_ok_eliminar"":0,""count_pending"":0,""count_review_action"":0,""count_other"":0}";import;qa_ok_importar_found
X52418900006;GEAR PUMP FOR OIL REPLENISHMN;;9,200 KG;import;qa_ok_importar_found;true;1;16V4000M61;1301340;214;"{""total_rows"":1,""count_ok_importar"":1,""count_ok_eliminar"":0,""count_pending"":0,""count_review_action"":0,""count_other"":0}";import;qa_ok_importar_found
X52418900009;GEAR PUMP FOR OIL MONITORING;;9.700 kg;import;qa_ok_importar_found;true;1;16V4000M73;1401856;241;"{""total_rows"":1,""count_ok_importar"":1,""count_ok_eliminar"":0,""count_pending"":0,""count_review_action"":0,""count_other"":0}";import;qa_ok_importar_found
X52418900012;GEAR PUMP FOR OIL REPLENISHMN;;8,600 KG;import;qa_ok_importar_found;true;1;12V4000M40A;1102613;224;"{""total_rows"":1,""count_ok_importar"":1,""count_ok_eliminar"":0,""count_pending"":0,""count_review_action"":0,""count_other"":0}";import;qa_ok_importar_found
X52420200011;PUMP ASM WTR HI TEMP CLG CIRCUIT;;26,600 KG;import;qa_ok_importar_found;true;1;12V4000M40A;1102614;246;"{""total_rows"":1,""count_ok_importar"":1,""count_ok_eliminar"":0,""count_pending"":0,""count_review_action"":0,""count_other"":0}";import;qa_ok_importar_found
X52421300002;RETAINER FOR ALTERNATOR;;;import;qa_ok_importar_found;true;1;12V4000M40A;1102616;105;"{""total_rows"":1,""count_ok_importar"":1,""count_ok_eliminar"":0,""count_pending"":0,""count_review_action"":0,""count_other"":0}";import;qa_ok_importar_found
X52421300029;GENERATOR AVG2902 DELCO 140A;;15,650 kg;import;qa_ok_importar_found;true;1;12V4000M53;1202342;283;"{""total_rows"":1,""count_ok_importar"":1,""count_ok_eliminar"":0,""count_pending"":0,""count_review_action"":0,""count_other"":0}";import;qa_ok_importar_found
X52450700016;RETAINER F. WIRING HARNESS;HC219/1;1.566 KGM;import;qa_ok_importar_found;true;1;12V4000M40A;1102618;105;"{""total_rows"":1,""count_ok_importar"":1,""count_ok_eliminar"":0,""count_pending"":0,""count_review_action"":0,""count_other"":0}";import;qa_ok_importar_found
X52499100176;BUSHING FOR ROCKER ARM;;;import;qa_ok_importar_found;true;1;12V4000M53;1200520;89;"{""total_rows"":1,""count_ok_importar"":1,""count_ok_eliminar"":0,""count_pending"":0,""count_review_action"":0,""count_other"":0}";import;qa_ok_importar_found
X52499100725;4/2-WAY SOL. VALVE;;;import;qa_ok_importar_found;true;1;12V4000M53;1201017;145;"{""total_rows"":1,""count_ok_importar"":1,""count_ok_eliminar"":0,""count_pending"":0,""count_review_action"":0,""count_other"":0}";import;qa_ok_importar_found
X52601100004;COVER ASM OIL FILLER NECK;;4,320 KG SB;import;qa_ok_importar_found;true;1;16V4000M61;1300049;16;"{""total_rows"":1,""count_ok_importar"":1,""count_ok_eliminar"":0,""count_pending"":0,""count_review_action"":0,""count_other"":0}";import;qa_ok_importar_found
X52603100002;CRANKSHAFT 12V4000-03 LH;;;import;qa_ok_importar_found;true;1;12V4000M53;1200340;56;"{""total_rows"":1,""count_ok_importar"":1,""count_ok_eliminar"":0,""count_pending"":0,""count_review_action"":0,""count_other"":0}";import;qa_ok_importar_found
X52603800003/42;CONROD ASM;;9,500 kg;import;qa_ok_importar_found;true;1;12V4000M70;1900355;75;"{""total_rows"":1,""count_ok_importar"":1,""count_ok_eliminar"":0,""count_pending"":0,""count_review_action"":0,""count_other"":0}";import;qa_ok_importar_found
X52603800010/42;CONROD ASM BR4000 LANGHUB;;9,725 kg EM;import;qa_ok_importar_found;true;1;12V4000M53;1200419;70;"{""total_rows"":1,""count_ok_importar"":1,""count_ok_eliminar"":0,""count_pending"":0,""count_review_action"":0,""count_other"":0}";import;qa_ok_importar_found
X52607700001;ADAPTER;1MM;339.500 g EM DROSSEL-DURCHM 1,1MM;import;qa_ok_importar_found;true;2;20V4000M93L;1800560, 1804131;1204, 1577;"{""total_rows"":2,""count_ok_importar"":2,""count_ok_eliminar"":0,""count_pending"":0,""count_review_action"":0,""count_other"":0}";import;qa_ok_importar_found
X52610100073;EXHAUST TURBOCHARGER LEFT SIDE;;;import;qa_ok_importar_found;true;1;12V4000M70;1900761;129;"{""total_rows"":1,""count_ok_importar"":1,""count_ok_eliminar"":0,""count_pending"":0,""count_review_action"":0,""count_other"":0}";import;qa_ok_importar_found
X52610100074;EXHAUST TURBOCHARGER RIGHT SIDE;;;import;qa_ok_importar_found;true;1;12V4000M70;1900753;129;"{""total_rows"":1,""count_ok_importar"":1,""count_ok_eliminar"":0,""count_pending"":0,""count_review_action"":0,""count_other"":0}";import;qa_ok_importar_found
X52617300001;STARTER AIR LEFT SIDE;;24.540 kg;import;qa_ok_importar_found;true;1;16V4000M73;1401365;197;"{""total_rows"":1,""count_ok_importar"":1,""count_ok_eliminar"":0,""count_pending"":0,""count_review_action"":0,""count_other"":0}";import;qa_ok_importar_found
X52620200081;PUMP ASM WTR HI TEMP CLG CIRCUIT;;;import;qa_ok_importar_found;true;1;16V4000M61;1301535;238;"{""total_rows"":1,""count_ok_importar"":1,""count_ok_eliminar"":0,""count_pending"":0,""count_review_action"":0,""count_other"":0}";import;qa_ok_importar_found
X52620200183;COOLANT PUMP HIGH-TEMP CIRCUIT;;;import;qa_ok_importar_found;true;1;12V4000M53;1202058;247;"{""total_rows"":1,""count_ok_importar"":1,""count_ok_eliminar"":0,""count_pending"":0,""count_review_action"":0,""count_other"":0}";import;qa_ok_importar_found
X52620300004;FLANGE;;0.915 g;import;qa_ok_importar_found;true;2;20V4000M93L;1801475, 1805081;1294, 1671;"{""total_rows"":2,""count_ok_importar"":2,""count_ok_eliminar"":0,""count_pending"":0,""count_review_action"":0,""count_other"":0}";import;qa_ok_importar_found
X52623100018;MOUNTING BRACKET;;25,400 kg;import;qa_ok_importar_found;true;1;12V4000M53;1202370;289;"{""total_rows"":1,""count_ok_importar"":1,""count_ok_eliminar"":0,""count_pending"":0,""count_review_action"":0,""count_other"":0}";import;qa_ok_importar_found
X52650200006;RETAINER TOP;;;import;qa_ok_importar_found;true;1;16V4000M73;1402782;329;"{""total_rows"":1,""count_ok_importar"":1,""count_ok_eliminar"":0,""count_pending"":0,""count_review_action"":0,""count_other"":0}";import;qa_ok_importar_found
X52701400008;OIL PAN;;;import;qa_ok_importar_found;true;1;16V4000M61;1300070;19;"{""total_rows"":1,""count_ok_importar"":1,""count_ok_eliminar"":0,""count_pending"":0,""count_review_action"":0,""count_other"":0}";import;qa_ok_importar_found
X52707300005;HP PUMP;;80.000 kg EM;import;qa_ok_importar_found;true;2;20V4000M93L;1800522, 1804095;1198, 1571;"{""total_rows"":2,""count_ok_importar"":2,""count_ok_eliminar"":0,""count_pending"":0,""count_review_action"":0,""count_other"":0}";import;qa_ok_importar_found
X52710100016;EXHAUST TURBOCHARGER RIGHT ZR195;;69.300 kg EM;import;qa_ok_importar_found;true;1;16V4000M90;1600812;133;"{""total_rows"":1,""count_ok_importar"":1,""count_ok_eliminar"":0,""count_pending"":0,""count_review_action"":0,""count_other"":0}";import;qa_ok_importar_found
X52710100017;EXHAUST TURBOCHARGER LEFT ZR195;;67.700 kg EM;import;qa_ok_importar_found;true;1;16V4000M90;1600757;127;"{""total_rows"":1,""count_ok_importar"":1,""count_ok_eliminar"":0,""count_pending"":0,""count_review_action"":0,""count_other"":0}";import;qa_ok_importar_found
X52710100027;EXHAUST TURBOCHARGER LEFT SIDE;;;import;qa_ok_importar_found;true;1;16V4000M61;1300652;115;"{""total_rows"":1,""count_ok_importar"":1,""count_ok_eliminar"":0,""count_pending"":0,""count_review_action"":0,""count_other"":0}";import;qa_ok_importar_found
X52718300010;OIL FILTER AUTOMATIC;;;import;qa_ok_importar_found;true;3;16V4000M73L;1501414, 1504621, 1507084;217, 703, 1048;"{""total_rows"":3,""count_ok_importar"":3,""count_ok_eliminar"":0,""count_pending"":0,""count_review_action"":0,""count_other"":0}";import;qa_ok_importar_found
X52718300038/31;AUTOMATIC OIL FILTER;;;import;qa_ok_importar_found;true;1;16V4000M73;1401610;219;"{""total_rows"":1,""count_ok_importar"":1,""count_ok_eliminar"":0,""count_pending"":0,""count_review_action"":0,""count_other"":0}";import;qa_ok_importar_found
X52801500001;LIFTING EYE;;3,825 KG;import;qa_ok_importar_found;true;1;12V4000M40A;1102642;24;"{""total_rows"":1,""count_ok_importar"":1,""count_ok_eliminar"":0,""count_pending"":0,""count_review_action"":0,""count_other"":0}";import;qa_ok_importar_found
X52801500003;LIFTING EYE;;3.69 KGM;import;qa_ok_importar_found;true;1;12V4000M70;1900093;35;"{""total_rows"":1,""count_ok_importar"":1,""count_ok_eliminar"":0,""count_pending"":0,""count_review_action"":0,""count_other"":0}";import;qa_ok_importar_found
X52803500004;IDLER GEAR F.SEC.PTO, FREE END;;14.000 kg;import;qa_ok_importar_found;true;2;20V4000M93L;1800315, 1803889;1153, 1526;"{""total_rows"":2,""count_ok_importar"":2,""count_ok_eliminar"":0,""count_pending"":0,""count_review_action"":0,""count_other"":0}";import;qa_ok_importar_found
X52810100007;SHAFT;;133.500 g;import;qa_ok_importar_found;true;2;20V4000M93L;1800811, 1804417;1235, 1612;"{""total_rows"":2,""count_ok_importar"":2,""count_ok_eliminar"":0,""count_pending"":0,""count_review_action"":0,""count_other"":0}";import;qa_ok_importar_found
X52814100025;EXHAUST PIPE BELLOWS;;;import;qa_ok_importar_found;true;2;20V4000M93L;1801433, 1805039;1290, 1667;"{""total_rows"":2,""count_ok_importar"":2,""count_ok_eliminar"":0,""count_pending"":0,""count_review_action"":0,""count_other"":0}";import;qa_ok_importar_found
X52820200054;VENT LINE;;175.000 g;import;qa_ok_importar_found;true;6;20V4000M93, 20V4000M93L;1702549, 1706289, 1710029, 1713773, 1802601, 1806260;286, 682, 1078, 1474, 1395, 1775;"{""total_rows"":6,""count_ok_importar"":6,""count_ok_eliminar"":0,""count_pending"":0,""count_review_action"":0,""count_other"":0}";import;qa_ok_importar_found
X52820200161;COOLANT LINE;;1.975 g SB;import;qa_ok_importar_found;true;2;20V4000M93L;1802444, 1806103;1388, 1768;"{""total_rows"":2,""count_ok_importar"":2,""count_ok_eliminar"":0,""count_pending"":0,""count_review_action"":0,""count_other"":0}";import;qa_ok_importar_found
X52820200163;COOLANT LINE;;707.000 g SB;import;qa_ok_importar_found;true;6;20V4000M93, 20V4000M93L;1702352, 1706092, 1709832, 1713576, 1802403, 1806062;279, 675, 1071, 1467, 1387, 1767;"{""total_rows"":6,""count_ok_importar"":6,""count_ok_eliminar"":0,""count_pending"":0,""count_review_action"":0,""count_other"":0}";import;qa_ok_importar_found
X52820200164;COOLANT LINE;;797.000 g SB;import;qa_ok_importar_found;true;6;20V4000M93, 20V4000M93L;1702357, 1706097, 1709837, 1713581, 1802408, 1806067;279, 675, 1071, 1467, 1387, 1767;"{""total_rows"":6,""count_ok_importar"":6,""count_ok_eliminar"":0,""count_pending"":0,""count_review_action"":0,""count_other"":0}";import;qa_ok_importar_found
X52820200173;THERMAL ACTUATOR;;;import;qa_ok_importar_found;true;1;16V4000M73;1402388;287;"{""total_rows"":1,""count_ok_importar"":1,""count_ok_eliminar"":0,""count_pending"":0,""count_review_action"":0,""count_other"":0}";import;qa_ok_importar_found
X52820200177;FLANGE;;;import;qa_ok_importar_found;true;6;20V4000M93L;1802357, 1802362, 1802377, 1806016, 1806021, 1806036;1384, 1764;"{""total_rows"":6,""count_ok_importar"":6,""count_ok_eliminar"":0,""count_pending"":0,""count_review_action"":0,""count_other"":0}";import;qa_ok_importar_found
X52899100016;HALF-CLAMP;;;import;qa_ok_importar_found;true;2;20V4000M93L;1802805, 1806464;1406, 1786;"{""total_rows"":2,""count_ok_importar"":2,""count_ok_eliminar"":0,""count_pending"":0,""count_review_action"":0,""count_other"":0}";import;qa_ok_importar_found
X54823100002;ENGINE SUPPORT;;7,765 kg;import;qa_ok_importar_found;true;1;12V4000M70;1902118;293;"{""total_rows"":1,""count_ok_importar"":1,""count_ok_eliminar"":0,""count_pending"":0,""count_review_action"":0,""count_other"":0}";import;qa_ok_importar_found
X57518500026;SCREW-FITTING UNION F/TURBO OIL SUPPLY;;;import;qa_ok_importar_found;true;1;12V4000M53;1202021;242;"{""total_rows"":1,""count_ok_importar"":1,""count_ok_eliminar"":0,""count_pending"":0,""count_review_action"":0,""count_other"":0}";import;qa_ok_importar_found
X59301300013;CYLINDER LINER SIZE;;;import;qa_ok_importar_found;true;1;16V4000M73;1400068;28;"{""total_rows"":1,""count_ok_importar"":1,""count_ok_eliminar"":0,""count_pending"":0,""count_review_action"":0,""count_other"":0}";import;qa_ok_importar_found
X59301300014;CYLINDER LINER SIZE 2;;;import;qa_ok_importar_found;true;1;16V4000M73;1400069;28;"{""total_rows"":1,""count_ok_importar"":1,""count_ok_eliminar"":0,""count_pending"":0,""count_review_action"":0,""count_other"":0}";import;qa_ok_importar_found
X59302400016/75;EQUIPMENT RACK PRIMED;;263,000 kg;import;qa_ok_importar_found;true;1;12V4000M53;1200301;48;"{""total_rows"":1,""count_ok_importar"":1,""count_ok_eliminar"":0,""count_pending"":0,""count_review_action"":0,""count_other"":0}";import;qa_ok_importar_found
X59303700183;PISTON;;;import;qa_ok_importar_found;true;1;12V4000M53;1200418;68;"{""total_rows"":1,""count_ok_importar"":1,""count_ok_eliminar"":0,""count_pending"":0,""count_review_action"":0,""count_other"":0}";import;qa_ok_importar_found
X59305200004;IDLER GEAR FOR CAMSHAFT DRIVE;;13.92 KGM;import;qa_ok_importar_found;true;1;16V4000M73;1400336;56;"{""total_rows"":1,""count_ok_importar"":1,""count_ok_eliminar"":0,""count_pending"":0,""count_review_action"":0,""count_other"":0}";import;qa_ok_importar_found
X59308200003;CONNECTING PIEC E;;;import;qa_ok_importar_found;true;1;12V4000M53;1200651;108;"{""total_rows"":1,""count_ok_importar"":1,""count_ok_eliminar"":0,""count_pending"":0,""count_review_action"":0,""count_other"":0}";import;qa_ok_importar_found
X59308300001;FILTER HEAD;;25.600 kg;import;qa_ok_importar_found;true;2;20V4000M93L;1800696, 1804302;1223, 1600;"{""total_rows"":2,""count_ok_importar"":2,""count_ok_eliminar"":0,""count_pending"":0,""count_review_action"":0,""count_other"":0}";import;qa_ok_importar_found
X59308300011;BANJO SCREW;;;import;qa_ok_importar_found;true;1;16V4000M73;1400719;123;"{""total_rows"":1,""count_ok_importar"":1,""count_ok_eliminar"":0,""count_pending"":0,""count_review_action"":0,""count_other"":0}";import;qa_ok_importar_found
X59308300012;VALVE WITH BAFFLE;;0.128 KGM;import;qa_ok_importar_found;true;1;12V4000M53;1200811;122;"{""total_rows"":1,""count_ok_importar"":1,""count_ok_eliminar"":0,""count_pending"":0,""count_review_action"":0,""count_other"":0}";import;qa_ok_importar_found
X59308300031;FUEL FILTER SPIN-ON;;1,300 kg;import;qa_ok_importar_found;true;1;12V4000M53;1200834;123;"{""total_rows"":1,""count_ok_importar"":1,""count_ok_eliminar"":0,""count_pending"":0,""count_review_action"":0,""count_other"":0}";import;qa_ok_importar_found
X59308300046;CONNECTING PIECE F.ADDIT.FUEL FILTER;;;import;qa_ok_importar_found;true;1;16V4000M73;1400707;123;"{""total_rows"":1,""count_ok_importar"":1,""count_ok_eliminar"":0,""count_pending"":0,""count_review_action"":0,""count_other"":0}";import;qa_ok_importar_found
X59320200098;PREHEATER 3-PHASIG, 9 KW, 400 V, 50 HZ,;;;import;qa_ok_importar_found;true;1;12V4000M53;1201730;225;"{""total_rows"":1,""count_ok_importar"":1,""count_ok_eliminar"":0,""count_pending"":0,""count_review_action"":0,""count_other"":0}";import;qa_ok_importar_found
X59320200138/75;COOLANT DISTRIB HSG PRIMED;;;import;qa_ok_importar_found;true;1;12V4000M53;1202175;261;"{""total_rows"":1,""count_ok_importar"":1,""count_ok_eliminar"":0,""count_pending"":0,""count_review_action"":0,""count_other"":0}";import;qa_ok_importar_found
X59320600011;THERMOSTAT HOUSING;;;import;qa_ok_importar_found;true;1;12V4000M53;1202199;264;"{""total_rows"":1,""count_ok_importar"":1,""count_ok_eliminar"":0,""count_pending"":0,""count_review_action"":0,""count_other"":0}";import;qa_ok_importar_found
X59401100017;INSPECT PORT COVER W/OIL FILLER NECK;;;import;qa_ok_importar_found;true;2;16V4000M73L;1503241, 1505704;503, 848;"{""total_rows"":2,""count_ok_importar"":2,""count_ok_eliminar"":0,""count_pending"":0,""count_review_action"":0,""count_other"":0}";import;qa_ok_importar_found
X59401100019;INSPECT PORT COVER W/OIL FILLER NECK;;4.969 kg SB;import;qa_ok_importar_found;true;4;16V4000M73L, 20V4000M93L;1500041, 1508197, 1800067, 1803639;18, 1191, 1128, 1501;"{""total_rows"":4,""count_ok_importar"":4,""count_ok_eliminar"":0,""count_pending"":0,""count_review_action"":0,""count_other"":0}";import;qa_ok_importar_found
X59401100066;CRANKCASE;;1.618,000;import;qa_ok_importar_found;true;1;12V4000M53;1200033;22;"{""total_rows"":1,""count_ok_importar"":1,""count_ok_eliminar"":0,""count_pending"":0,""count_review_action"":0,""count_other"":0}";import;qa_ok_importar_found
X59401400015;OIL PAN;;116,500 kg;import;qa_ok_importar_found;true;1;12V4000M70;1900063;31;"{""total_rows"":1,""count_ok_importar"":1,""count_ok_eliminar"":0,""count_pending"":0,""count_review_action"":0,""count_other"":0}";import;qa_ok_importar_found
X59402400005;EQUIPMENT RACK;;262.600 kg;import;qa_ok_importar_found;true;1;16V4000M73;1400320;55;"{""total_rows"":1,""count_ok_importar"":1,""count_ok_eliminar"":0,""count_pending"":0,""count_review_action"":0,""count_other"":0}";import;qa_ok_importar_found
X59402400005/75;EQUIPMENT RACK PRIMED;;253.000 kg;import;qa_ok_importar_found;true;4;20V4000M93;1700306, 1704051, 1707791, 1711531;52, 448, 844, 1240;"{""total_rows"":4,""count_ok_importar"":4,""count_ok_eliminar"":0,""count_pending"":0,""count_review_action"":0,""count_other"":0}";import;qa_ok_importar_found
X59403100001;CR/SHFT ASM 12V-06CWT-STROKE210;;;import;qa_ok_importar_found;true;1;12V4000M53;1200339;55;"{""total_rows"":1,""count_ok_importar"":1,""count_ok_eliminar"":0,""count_pending"":0,""count_review_action"":0,""count_other"":0}";import;qa_ok_importar_found
X59403200001;FLYWHEEL;;120 KG;import;qa_ok_importar_found;true;4;16V4000M73L;1500291, 1503497, 1505960, 1508447;53, 538, 883, 1226;"{""total_rows"":4,""count_ok_importar"":4,""count_ok_eliminar"":0,""count_pending"":0,""count_review_action"":0,""count_other"":0}";import;qa_ok_importar_found
X59403200003/42;FLYWHEEL W/ACCEPT CERTIFICAT;;;import;qa_ok_importar_found;true;1;12V4000M53;1200368;60;"{""total_rows"":1,""count_ok_importar"":1,""count_ok_eliminar"":0,""count_pending"":0,""count_review_action"":0,""count_other"":0}";import;qa_ok_importar_found
X59403500006;VIBRATION DAMPER D44/8/2;;;import;qa_ok_importar_found;true;1;12V4000M53;1200385;63;"{""total_rows"":1,""count_ok_importar"":1,""count_ok_eliminar"":0,""count_pending"":0,""count_review_action"":0,""count_other"":0}";import;qa_ok_importar_found
X59407300002;BRACKET FOR HP PUMP;;4.212 kg;import;qa_ok_importar_found;true;1;16V4000M73;1400552;100;"{""total_rows"":1,""count_ok_importar"":1,""count_ok_eliminar"":0,""count_pending"":0,""count_review_action"":0,""count_other"":0}";import;qa_ok_importar_found
X59407300006/87;HP PUMP W/ACCEPT CERTIFICAT Busine;;45,000 kg EM;import;qa_ok_importar_found;true;1;12V4000M53;1200535;93;"{""total_rows"":1,""count_ok_importar"":1,""count_ok_eliminar"":0,""count_pending"":0,""count_review_action"":0,""count_other"":0}";import;qa_ok_importar_found
X59407500009;INJECTOR;;3,540 KG EM;import;qa_ok_importar_found;true;4;16V4000M73L;1500435, 1503641, 1506104, 1508592;89, 574, 919, 1262;"{""total_rows"":4,""count_ok_importar"":4,""count_ok_eliminar"":0,""count_pending"":0,""count_review_action"":0,""count_other"":0}";import;qa_ok_importar_found
X59407500022;INJECTOR;;3.527 kg EM;import;qa_ok_importar_found;true;4;20V4000M93;1700561, 1704309, 1708049, 1711789;102, 498, 894, 1290;"{""total_rows"":4,""count_ok_importar"":4,""count_ok_eliminar"":0,""count_pending"":0,""count_review_action"":0,""count_other"":0}";import;qa_ok_importar_found
X59407800003;FUEL DISTRIBUTOR JACKETED;;5.100 kg EM;import;qa_ok_importar_found;true;1;20V4000M93L;1800538;1203;"{""total_rows"":1,""count_ok_importar"":1,""count_ok_eliminar"":0,""count_pending"":0,""count_review_action"":0,""count_other"":0}";import;qa_ok_importar_found
X59408300033/89;FUEL PREFILTER;;;import;qa_ok_importar_found;true;1;16V4000M73;1400771;128;"{""total_rows"":1,""count_ok_importar"":1,""count_ok_eliminar"":0,""count_pending"":0,""count_review_action"":0,""count_other"":0}";import;qa_ok_importar_found
X59410100104;EXHAUST TURBOCHARGER LEFT ZR175;;93,252 kg EM;import;qa_ok_importar_found;true;1;12V4000M53;1200853;127;"{""total_rows"":1,""count_ok_importar"":1,""count_ok_eliminar"":0,""count_pending"":0,""count_review_action"":0,""count_other"":0}";import;qa_ok_importar_found
X59410100105;EXHAUST TURBOCHARGER RIGHT ACTIVE ZR175;;96,500 kg EM;import;qa_ok_importar_found;true;1;12V4000M53;1200862;127;"{""total_rows"":1,""count_ok_importar"":1,""count_ok_eliminar"":0,""count_pending"":0,""count_review_action"":0,""count_other"":0}";import;qa_ok_importar_found
X59412300090;INTAKE HOUSING;;16,100 kg;import;qa_ok_importar_found;true;1;12V4000M53;1201067;149;"{""total_rows"":1,""count_ok_importar"":1,""count_ok_eliminar"":0,""count_pending"":0,""count_review_action"":0,""count_other"":0}";import;qa_ok_importar_found
X59414100023;RESTRICTOR;;0.509 kg;import;qa_ok_importar_found;true;2;20V4000M93L;1801448, 1805054;1294, 1671;"{""total_rows"":2,""count_ok_importar"":2,""count_ok_eliminar"":0,""count_pending"":0,""count_review_action"":0,""count_other"":0}";import;qa_ok_importar_found
X59414100024;EXHAUST PIPE;;1.620 kg;import;qa_ok_importar_found;true;2;20V4000M93L;1801491, 1805097;1294, 1671;"{""total_rows"":2,""count_ok_importar"":2,""count_ok_eliminar"":0,""count_pending"":0,""count_review_action"":0,""count_other"":0}";import;qa_ok_importar_found
X59414100025;EXHAUST PIPE;;1.720 kg EM;import;qa_ok_importar_found;true;2;20V4000M93L;1801493, 1805099;1295, 1672;"{""total_rows"":2,""count_ok_importar"":2,""count_ok_eliminar"":0,""count_pending"":0,""count_review_action"":0,""count_other"":0}";import;qa_ok_importar_found
X59414100027;EXHAUST LINE INNER ELEMENT;;5,734 kg;import;qa_ok_importar_found;true;1;12V4000M53;1201200;163;"{""total_rows"":1,""count_ok_importar"":1,""count_ok_eliminar"":0,""count_pending"":0,""count_review_action"":0,""count_other"":0}";import;qa_ok_importar_found
X59414500018;EXHAUST PIPE BELLOWS;;13,350 KG;import;qa_ok_importar_found;true;4;16V4000M73L;1501117, 1504324, 1506787, 1509273;180, 666, 1011, 1351;"{""total_rows"":4,""count_ok_importar"":4,""count_ok_eliminar"":0,""count_pending"":0,""count_review_action"":0,""count_other"":0}";import;qa_ok_importar_found
X59418300007;GUIDE HOUSING;;63.500 kg SB;import;qa_ok_importar_found;true;2;20V4000M93L;1802096, 1805755;1355, 1735;"{""total_rows"":2,""count_ok_importar"":2,""count_ok_eliminar"":0,""count_pending"":0,""count_review_action"":0,""count_other"":0}";import;qa_ok_importar_found
X59418400001;OIL SPRAY NOZZLE;;197.000 g EM;import;qa_ok_importar_found;true;4;20V4000M93L;1802106, 1802115, 1805765, 1805774;1358, 1738;"{""total_rows"":4,""count_ok_importar"":4,""count_ok_eliminar"":0,""count_pending"":0,""count_review_action"":0,""count_other"":0}";import;qa_ok_importar_found
X59418400002;RETAINER;;169.000 g;import;qa_ok_importar_found;true;4;20V4000M93L;1802112, 1802121, 1805771, 1805780;1358, 1738;"{""total_rows"":4,""count_ok_importar"":4,""count_ok_eliminar"":0,""count_pending"":0,""count_review_action"":0,""count_other"":0}";import;qa_ok_importar_found
X59418400003;RETAINER;;172.300 g;import;qa_ok_importar_found;true;4;20V4000M93L;1802111, 1802120, 1805770, 1805779;1358, 1738;"{""total_rows"":4,""count_ok_importar"":4,""count_ok_eliminar"":0,""count_pending"":0,""count_review_action"":0,""count_other"":0}";import;qa_ok_importar_found
X59418500017;RETAINER F/TU RBO OIL SUPPLY;;;import;qa_ok_importar_found;true;1;12V4000M53;1201246;170;"{""total_rows"":1,""count_ok_importar"":1,""count_ok_eliminar"":0,""count_pending"":0,""count_review_action"":0,""count_other"":0}";import;qa_ok_importar_found
X59418500037;RETAINER;;478,800 g;import;qa_ok_importar_found;true;1;12V4000M53;1201632;216;"{""total_rows"":1,""count_ok_importar"":1,""count_ok_eliminar"":0,""count_pending"":0,""count_review_action"":0,""count_other"":0}";import;qa_ok_importar_found
X59420200275;COOLANT LINE;;506,000 g;import;qa_ok_importar_found;true;1;12V4000M53;1202033;243;"{""total_rows"":1,""count_ok_importar"":1,""count_ok_eliminar"":0,""count_pending"":0,""count_review_action"":0,""count_other"":0}";import;qa_ok_importar_found
X59420300001;COVER PLATE FOR SEAWATER COOLER;;;import;qa_ok_importar_found;true;6;16V4000M73L, 20V4000M93L;1501662, 1504869, 1507332, 1509820, 1802797, 1806456;242, 728, 1073, 1409, 1403, 1783;"{""total_rows"":6,""count_ok_importar"":6,""count_ok_eliminar"":0,""count_pending"":0,""count_review_action"":0,""count_other"":0}";import;qa_ok_importar_found
X59420300046;VENT LINE;;0.192 KGM;import;qa_ok_importar_found;true;1;12V4000M53;1201888;238;"{""total_rows"":1,""count_ok_importar"":1,""count_ok_eliminar"":0,""count_pending"":0,""count_review_action"":0,""count_other"":0}";import;qa_ok_importar_found
X59420500001;BASE PLATE;;120.000 kg AB;import;qa_ok_importar_found;true;1;16V4000M73;1411865;1340;"{""total_rows"":1,""count_ok_importar"":1,""count_ok_eliminar"":0,""count_pending"":0,""count_review_action"":0,""count_other"":0}";import;qa_ok_importar_found
X59420600002;COOLANT DISTRIB HSG;;155.000 kg;import;qa_ok_importar_found;true;2;20V4000M93L;1802824, 1806483;1409, 1789;"{""total_rows"":2,""count_ok_importar"":2,""count_ok_eliminar"":0,""count_pending"":0,""count_review_action"":0,""count_other"":0}";import;qa_ok_importar_found
X59420600011;THERMOSTAT HOUSING;;;import;qa_ok_importar_found;true;1;16V4000M73;1402379;287;"{""total_rows"":1,""count_ok_importar"":1,""count_ok_eliminar"":0,""count_pending"":0,""count_review_action"":0,""count_other"":0}";import;qa_ok_importar_found
X59420700008;SEAWATER PUMP;;44.000 kg;import;qa_ok_importar_found;true;1;16V4000M73;1402455;293;"{""total_rows"":1,""count_ok_importar"":1,""count_ok_eliminar"":0,""count_pending"":0,""count_review_action"":0,""count_other"":0}";import;qa_ok_importar_found
X59420700010;COOLANT ELBOW FOR RAW WATER OUTLE;;;import;qa_ok_importar_found;true;2;20V4000M93L;1802901, 1806560;1416, 1796;"{""total_rows"":2,""count_ok_importar"":2,""count_ok_eliminar"":0,""count_pending"":0,""count_review_action"":0,""count_other"":0}";import;qa_ok_importar_found
X59499100442;RETAINER;;760,000 g;import;qa_ok_importar_found;true;1;12V4000M53;1201524;213;"{""total_rows"":1,""count_ok_importar"":1,""count_ok_eliminar"":0,""count_pending"":0,""count_review_action"":0,""count_other"":0}";import;qa_ok_importar_found
X59499100575;EXH PIPE BELLOWS;;;import;qa_ok_importar_found;true;1;16V4000M73;1407699;902;"{""total_rows"":1,""count_ok_importar"":1,""count_ok_eliminar"":0,""count_pending"":0,""count_review_action"":0,""count_other"":0}";import;qa_ok_importar_found
X59499100575/87;EXH PIPE BELLOWS WITH TEST CERT. 3.1;;;import;qa_ok_importar_found;true;1;12V4000M53;1201292;176;"{""total_rows"":1,""count_ok_importar"":1,""count_ok_eliminar"":0,""count_pending"":0,""count_review_action"":0,""count_other"":0}";import;qa_ok_importar_found
X59499100582;SHAFT;;595,500 g;import;qa_ok_importar_found;true;1;12V4000M53;1201088;151;"{""total_rows"":1,""count_ok_importar"":1,""count_ok_eliminar"":0,""count_pending"":0,""count_review_action"":0,""count_other"":0}";import;qa_ok_importar_found
X59499100642;LEVER;;200,000 g;import;qa_ok_importar_found;true;1;12V4000M53;1201107;152;"{""total_rows"":1,""count_ok_importar"":1,""count_ok_eliminar"":0,""count_pending"":0,""count_review_action"":0,""count_other"":0}";import;qa_ok_importar_found
X59501100005;CRANKCASE;;2083.000 k EM;import;qa_ok_importar_found;true;1;16V4000M73;1400053;26;"{""total_rows"":1,""count_ok_importar"":1,""count_ok_eliminar"":0,""count_pending"":0,""count_review_action"":0,""count_other"":0}";import;qa_ok_importar_found
X59501400006;OIL PAN;;144.000 kg;import;qa_ok_importar_found;true;1;16V4000M73;1400108;33;"{""total_rows"":1,""count_ok_importar"":1,""count_ok_eliminar"":0,""count_pending"":0,""count_review_action"":0,""count_other"":0}";import;qa_ok_importar_found
X59507300003;HP PUMP;;80.000 kg EM;import;qa_ok_importar_found;true;1;16V4000M73;1400558;101;"{""total_rows"":1,""count_ok_importar"":1,""count_ok_eliminar"":0,""count_pending"":0,""count_review_action"":0,""count_other"":0}";import;qa_ok_importar_found
X59507300003/87;HP PUMP W/ACCEPT CERTIFICAT;;;import;qa_ok_importar_found;true;1;16V4000M73;1400560;101;"{""total_rows"":1,""count_ok_importar"":1,""count_ok_eliminar"":0,""count_pending"":0,""count_review_action"":0,""count_other"":0}";import;qa_ok_importar_found
X59507700002;HP FUEL LINE;;4,956 kg EM;import;qa_ok_importar_found;true;1;12V4000M53;1200570;101;"{""total_rows"":1,""count_ok_importar"":1,""count_ok_eliminar"":0,""count_pending"":0,""count_review_action"":0,""count_other"":0}";import;qa_ok_importar_found
X59507700003;HP FUEL LINE;;3,330 kg EM;import;qa_ok_importar_found;true;1;12V4000M53;1200557;101;"{""total_rows"":1,""count_ok_importar"":1,""count_ok_eliminar"":0,""count_pending"":0,""count_review_action"":0,""count_other"":0}";import;qa_ok_importar_found
X59507700004;HP FUEL LINE;;6,070 kg EM;import;qa_ok_importar_found;true;1;12V4000M53;1200558;101;"{""total_rows"":1,""count_ok_importar"":1,""count_ok_eliminar"":0,""count_pending"":0,""count_review_action"":0,""count_other"":0}";import;qa_ok_importar_found
X59508200014;RETAINER;;;import;qa_ok_importar_found;true;2;20V4000M93L;1800615, 1804187;1215, 1588;"{""total_rows"":2,""count_ok_importar"":2,""count_ok_eliminar"":0,""count_pending"":0,""count_review_action"":0,""count_other"":0}";import;qa_ok_importar_found
X59510100079;EXHAUST TURBOCHARGER LEFT ZR205;;114.000 kg EM;import;qa_ok_importar_found;true;1;16V4000M73;1400855;138;"{""total_rows"":1,""count_ok_importar"":1,""count_ok_eliminar"":0,""count_pending"":0,""count_review_action"":0,""count_other"":0}";import;qa_ok_importar_found
X59510100080;EXHAUST TURBOCHARGER RIGHT;;107 KG EM;import;qa_ok_importar_found;true;4;16V4000M73L;1500671, 1503877, 1506340, 1508828;123, 608, 953, 1296;"{""total_rows"":4,""count_ok_importar"":4,""count_ok_eliminar"":0,""count_pending"":0,""count_review_action"":0,""count_other"":0}";import;qa_ok_importar_found
X59511400003/31;INTERCOOLER;;585.000 kg EM;import;qa_ok_importar_found;true;1;16V4000M73;1401000;151;"{""total_rows"":1,""count_ok_importar"":1,""count_ok_eliminar"":0,""count_pending"":0,""count_review_action"":0,""count_other"":0}";import;qa_ok_importar_found
X59511400008;HEAT SHIELD;;3.971 kg;import;qa_ok_importar_found;true;1;16V4000M73;1401004;151;"{""total_rows"":1,""count_ok_importar"":1,""count_ok_eliminar"":0,""count_pending"":0,""count_review_action"":0,""count_other"":0}";import;qa_ok_importar_found
X59511400012/31;INTERCOOLER LR ACCEPTANCE;;490,000 kg EM;import;qa_ok_importar_found;true;1;12V4000M53;1200979;138;"{""total_rows"":1,""count_ok_importar"":1,""count_ok_eliminar"":0,""count_pending"":0,""count_review_action"":0,""count_other"":0}";import;qa_ok_importar_found
X59518500011;RETAINER;;519.000 g;import;qa_ok_importar_found;true;1;16V4000M73;1401771;234;"{""total_rows"":1,""count_ok_importar"":1,""count_ok_eliminar"":0,""count_pending"":0,""count_review_action"":0,""count_other"":0}";import;qa_ok_importar_found
X59518500043;OIL RETURN LINE;;622,500 g SB EM;import;qa_ok_importar_found;true;1;12V4000M53;1201629;216;"{""total_rows"":1,""count_ok_importar"":1,""count_ok_eliminar"":0,""count_pending"":0,""count_review_action"":0,""count_other"":0}";import;qa_ok_importar_found
X59518500044;OIL RETURN LINE;;670,000 g SB EM;import;qa_ok_importar_found;true;1;12V4000M53;1201657;217;"{""total_rows"":1,""count_ok_importar"":1,""count_ok_eliminar"":0,""count_pending"":0,""count_review_action"":0,""count_other"":0}";import;qa_ok_importar_found
X59520200024;COOLANT LINE 4000-03;;;import;qa_ok_importar_found;true;1;16V4000M73;1402118;267;"{""total_rows"":1,""count_ok_importar"":1,""count_ok_eliminar"":0,""count_pending"":0,""count_review_action"":0,""count_other"":0}";import;qa_ok_importar_found
X59520200167;PREHEATER 3-PHASIG, 12 KW, 400 V, 50 HZ,;;;import;qa_ok_importar_found;true;1;16V4000M73;1402092;264;"{""total_rows"":1,""count_ok_importar"":1,""count_ok_eliminar"":0,""count_pending"":0,""count_review_action"":0,""count_other"":0}";import;qa_ok_importar_found
X59541200002;FILTER ELEMENT;;;import;qa_ok_importar_found;true;1;12V4000M53;1206359;750;"{""total_rows"":1,""count_ok_importar"":1,""count_ok_eliminar"":0,""count_pending"":0,""count_review_action"":0,""count_other"":0}";import;qa_ok_importar_found
X59601100009;INSPECT PORT COVER FOR SENSOR;;;import;qa_ok_importar_found;true;1;16V4000M73;1400019;24;"{""total_rows"":1,""count_ok_importar"":1,""count_ok_eliminar"":0,""count_pending"":0,""count_review_action"":0,""count_other"":0}";import;qa_ok_importar_found
X59601100011;COVER;;44.000 kg;import;qa_ok_importar_found;true;2;20V4000M93L;1800031, 1803604;1125, 1498;"{""total_rows"":2,""count_ok_importar"":2,""count_ok_eliminar"":0,""count_pending"":0,""count_review_action"":0,""count_other"":0}";import;qa_ok_importar_found
X59601400003;OIL PAN;;480.000 kg;import;qa_ok_importar_found;true;4;20V4000M93;1700118, 1703864, 1707604, 1711344;32, 428, 824, 1220;"{""total_rows"":4,""count_ok_importar"":4,""count_ok_eliminar"":0,""count_pending"":0,""count_review_action"":0,""count_other"":0}";import;qa_ok_importar_found
X59601800005;SUPPORT F OIL SEPARATOR;;;import;qa_ok_importar_found;true;6;20V4000M93, 20V4000M93L;1700205, 1703949, 1707689, 1711429, 1800202, 1803773;40, 436, 832, 1228, 1142, 1515;"{""total_rows"":6,""count_ok_importar"":6,""count_ok_eliminar"":0,""count_pending"":0,""count_review_action"":0,""count_other"":0}";import;qa_ok_importar_found
X59601800008;GASKET;;52.500 g;import;qa_ok_importar_found;true;2;20V4000M93L;1800204, 1803775;1142, 1515;"{""total_rows"":2,""count_ok_importar"":2,""count_ok_eliminar"":0,""count_pending"":0,""count_review_action"":0,""count_other"":0}";import;qa_ok_importar_found
X59601800047;OIL PRESEPARATOR;;;import;qa_ok_importar_found;true;1;20V4000M93L;1803778;1515;"{""total_rows"":1,""count_ok_importar"":1,""count_ok_eliminar"":0,""count_pending"":0,""count_review_action"":0,""count_other"":0}";import;qa_ok_importar_found
X59602400009;EQUIPMENT RACK;;;import;qa_ok_importar_found;true;2;20V4000M93L;1800296, 1803870;1152, 1525;"{""total_rows"":2,""count_ok_importar"":2,""count_ok_eliminar"":0,""count_pending"":0,""count_review_action"":0,""count_other"":0}";import;qa_ok_importar_found
X59603100002;CRANKSHAFT 20V-20CWT-STROKE190;;820.000;import;qa_ok_importar_found;true;6;20V4000M93, 20V4000M93L;1700343, 1704087, 1707827, 1711567, 1800337, 1803911;57, 453, 849, 1245, 1158, 1531;"{""total_rows"":6,""count_ok_importar"":6,""count_ok_eliminar"":0,""count_pending"":0,""count_review_action"":0,""count_other"":0}";import;qa_ok_importar_found
X59610100058;COMPRESSOR HOUSING A/R=1.91CM;;37.900 kg;import;qa_ok_importar_found;true;16;20V4000M93;1700891, 1700961, 1701022, 1701083, 1704634, 1704704, 1704763, 1704822, 1708374, 1708444, 1708503, 1708562, 1712121, 1712191, 1712251, 1712311;140, 147, 150, 153, 536, 543, 546, 549, 932, 939, 942, 945, 1328, 1335, 1338, 1341;"{""total_rows"":16,""count_ok_importar"":16,""count_ok_eliminar"":0,""count_pending"":0,""count_review_action"":0,""count_other"":0}";import;qa_ok_importar_found
X59610100113;EXHAUST TURBOCHARGER LEFT ZR175;;92.000 kg EM;import;qa_ok_importar_found;true;2;20V4000M93L;1800804, 1804410;1235, 1612;"{""total_rows"":2,""count_ok_importar"":2,""count_ok_eliminar"":0,""count_pending"":0,""count_review_action"":0,""count_other"":0}";import;qa_ok_importar_found
X59610100114;EXHAUST TURBOCHARGER RIGHT ZR175;;95.500 kg EM;import;qa_ok_importar_found;true;2;20V4000M93L;1800807, 1804413;1235, 1612;"{""total_rows"":2,""count_ok_importar"":2,""count_ok_eliminar"":0,""count_pending"":0,""count_review_action"":0,""count_other"":0}";import;qa_ok_importar_found
X59610100115;EXHAUST TURBOCHARGER LEFT ZR175;;96.700 kg EM;import;qa_ok_importar_found;true;2;20V4000M93L;1800808, 1804414;1235, 1612;"{""total_rows"":2,""count_ok_importar"":2,""count_ok_eliminar"":0,""count_pending"":0,""count_review_action"":0,""count_other"":0}";import;qa_ok_importar_found
X59610100121;EXHAUST FLAP;;;import;qa_ok_importar_found;true;6;20V4000M93L;1800930, 1800990, 1801053, 1804536, 1804596, 1804659;1245, 1248, 1251, 1622, 1625, 1628;"{""total_rows"":6,""count_ok_importar"":6,""count_ok_eliminar"":0,""count_pending"":0,""count_review_action"":0,""count_other"":0}";import;qa_ok_importar_found
X59610100122;SHAFT;;;import;qa_ok_importar_found;true;1;12V4000M53;1200970;136;"{""total_rows"":1,""count_ok_importar"":1,""count_ok_eliminar"":0,""count_pending"":0,""count_review_action"":0,""count_other"":0}";import;qa_ok_importar_found
X59610100194;EXHAUST TURBOCHARGER LEFT INACTIVE ZR175;;104.000 kg EM;import;qa_ok_importar_found;true;4;20V4000M93;1700847, 1704593, 1708333, 1712076;137, 533, 929, 1325;"{""total_rows"":4,""count_ok_importar"":4,""count_ok_eliminar"":0,""count_pending"":0,""count_review_action"":0,""count_other"":0}";import;qa_ok_importar_found
X59610100195;EXHAUST TURBOCHARGER RIGHT ACTIVE ZR175;;101.500 kg EM;import;qa_ok_importar_found;true;4;20V4000M93;1700857, 1704603, 1708343, 1712086;137, 533, 929, 1325;"{""total_rows"":4,""count_ok_importar"":4,""count_ok_eliminar"":0,""count_pending"":0,""count_review_action"":0,""count_other"":0}";import;qa_ok_importar_found
X59610100196;EXHAUST TURBOCHARGER LEFT ACTIVE ZR175;;97.000 kg EM;import;qa_ok_importar_found;true;4;20V4000M93;1700858, 1704604, 1708344, 1712087;137, 533, 929, 1325;"{""total_rows"":4,""count_ok_importar"":4,""count_ok_eliminar"":0,""count_pending"":0,""count_review_action"":0,""count_other"":0}";import;qa_ok_importar_found
X59610100197;EXHAUST TURBOCHARGER RIGHT ACTIVE ZR175;;112.500 kg EM;import;qa_ok_importar_found;true;4;20V4000M93;1700859, 1704605, 1708345, 1712088;137, 533, 929, 1325;"{""total_rows"":4,""count_ok_importar"":4,""count_ok_eliminar"":0,""count_pending"":0,""count_review_action"":0,""count_other"":0}";import;qa_ok_importar_found
X59611100003;BRACKET LEFT;;35.222 kg;import;qa_ok_importar_found;true;1;16V4000M73;1401017;151;"{""total_rows"":1,""count_ok_importar"":1,""count_ok_eliminar"":0,""count_pending"":0,""count_review_action"":0,""count_other"":0}";import;qa_ok_importar_found
X59611300003;BRACKET RIGHT;;36.388 kg;import;qa_ok_importar_found;true;1;16V4000M73;1401018;151;"{""total_rows"":1,""count_ok_importar"":1,""count_ok_eliminar"":0,""count_pending"":0,""count_review_action"":0,""count_other"":0}";import;qa_ok_importar_found
X59611400005/87;INTERCOOLER WITH TEST CERT. 3.1;;;import;qa_ok_importar_found;true;2;20V4000M93L;1801074, 1804680;1254, 1631;"{""total_rows"":2,""count_ok_importar"":2,""count_ok_eliminar"":0,""count_pending"":0,""count_review_action"":0,""count_other"":0}";import;qa_ok_importar_found
X59611400009;SUPPORT FOR INTERCOOLER;;;import;qa_ok_importar_found;true;2;20V4000M93L;1801076, 1804682;1254, 1631;"{""total_rows"":2,""count_ok_importar"":2,""count_ok_eliminar"":0,""count_pending"":0,""count_review_action"":0,""count_other"":0}";import;qa_ok_importar_found
X59611400013;HEAT SHIELD FOR INTERCOOLER;;;import;qa_ok_importar_found;true;2;20V4000M93L;1801078, 1804684;1254, 1631;"{""total_rows"":2,""count_ok_importar"":2,""count_ok_eliminar"":0,""count_pending"":0,""count_review_action"":0,""count_other"":0}";import;qa_ok_importar_found
X59611400019;HEAT SHIELD;;47.300 kg;import;qa_ok_importar_found;true;4;20V4000M93;1701119, 1704859, 1708599, 1712348;156, 552, 948, 1344;"{""total_rows"":4,""count_ok_importar"":4,""count_ok_eliminar"":0,""count_pending"":0,""count_review_action"":0,""count_other"":0}";import;qa_ok_importar_found
X59611400024/87;INTERCOOLER WITH TEST CERT. 3.1;;937.000 kg EM;import;qa_ok_importar_found;true;4;20V4000M93;1701115, 1704855, 1708595, 1712344;156, 552, 948, 1344;"{""total_rows"":4,""count_ok_importar"":4,""count_ok_eliminar"":0,""count_pending"":0,""count_review_action"":0,""count_other"":0}";import;qa_ok_importar_found
X59612300001;LEVER;;;import;qa_ok_importar_found;true;2;20V4000M93L;1801192, 1804798;1267, 1644;"{""total_rows"":2,""count_ok_importar"":2,""count_ok_eliminar"":0,""count_pending"":0,""count_review_action"":0,""count_other"":0}";import;qa_ok_importar_found
X59612300016;INTAKE HOUSING;;14.860 kg EM;import;qa_ok_importar_found;true;1;16V4000M73;1401051;159;"{""total_rows"":1,""count_ok_importar"":1,""count_ok_eliminar"":0,""count_pending"":0,""count_review_action"":0,""count_other"":0}";import;qa_ok_importar_found
X59612300019;INTAKE HOUSING VERTIKAL;;6.270 kg;import;qa_ok_importar_found;true;2;20V4000M93L;1801148, 1804754;1265, 1642;"{""total_rows"":2,""count_ok_importar"":2,""count_ok_eliminar"":0,""count_pending"":0,""count_review_action"":0,""count_other"":0}";import;qa_ok_importar_found
X59614500003/89;EXHAUST PIPE BELLOWS;;;import;qa_ok_importar_found;true;2;20V4000M93L;1801593, 1805252;1308, 1688;"{""total_rows"":2,""count_ok_importar"":2,""count_ok_eliminar"":0,""count_pending"":0,""count_review_action"":0,""count_other"":0}";import;qa_ok_importar_found
X59614500004;FLANGE;;4.4 KGM;import;qa_ok_importar_found;true;2;20V4000M93L;1801590, 1805249;1307, 1687;"{""total_rows"":2,""count_ok_importar"":2,""count_ok_eliminar"":0,""count_pending"":0,""count_review_action"":0,""count_other"":0}";import;qa_ok_importar_found
X59618100018;VALVE HOLDER;;5.300 kg;import;qa_ok_importar_found;true;2;20V4000M93L;1801866, 1805525;1334, 1714;"{""total_rows"":2,""count_ok_importar"":2,""count_ok_eliminar"":0,""count_pending"":0,""count_review_action"":0,""count_other"":0}";import;qa_ok_importar_found
X59618300008/30;AUTOMATIC OIL FILTER GL ACCEPTANCE;;145.000 kg;import;qa_ok_importar_found;true;2;20V4000M93L;1801943, 1805602;1346, 1726;"{""total_rows"":2,""count_ok_importar"":2,""count_ok_eliminar"":0,""count_pending"":0,""count_review_action"":0,""count_other"":0}";import;qa_ok_importar_found
X59618300029/87;OIL COOLER;;209.200 kg KANAELE: 50 OEL / 51 KM;import;qa_ok_importar_found;true;4;20V4000M93;1701928, 1705668, 1709408, 1713153;244, 640, 1036, 1432;"{""total_rows"":4,""count_ok_importar"":4,""count_ok_eliminar"":0,""count_pending"":0,""count_review_action"":0,""count_other"":0}";import;qa_ok_importar_found
X59618300033/24;AUTOMATIC OIL FILTER;;138.000 kg;import;qa_ok_importar_found;true;4;20V4000M93;1701785, 1705525, 1709265, 1713010;236, 632, 1028, 1424;"{""total_rows"":4,""count_ok_importar"":4,""count_ok_eliminar"":0,""count_pending"":0,""count_review_action"":0,""count_other"":0}";import;qa_ok_importar_found
X59618500011;OIL RETURN LINE F/TURBO OIL SUPPLY;;;import;qa_ok_importar_found;true;2;20V4000M93L;1801720, 1805379;1331, 1711;"{""total_rows"":2,""count_ok_importar"":2,""count_ok_eliminar"":0,""count_pending"":0,""count_review_action"":0,""count_other"":0}";import;qa_ok_importar_found
X59618500012;OIL LINE F/TURBO OIL SUPPLY;;0.299 KGM;import;qa_ok_importar_found;true;2;20V4000M93L;1801717, 1805376;1331, 1711;"{""total_rows"":2,""count_ok_importar"":2,""count_ok_eliminar"":0,""count_pending"":0,""count_review_action"":0,""count_other"":0}";import;qa_ok_importar_found
X59618500013;OIL LINE F/TURBO OIL SUPPLY;;287.000 g;import;qa_ok_importar_found;true;2;20V4000M93L;1801746, 1805405;1331, 1711;"{""total_rows"":2,""count_ok_importar"":2,""count_ok_eliminar"":0,""count_pending"":0,""count_review_action"":0,""count_other"":0}";import;qa_ok_importar_found
X59618500014;OIL RETURN LINE F/TURBO OIL SUPPLY;;655.200 g;import;qa_ok_importar_found;true;2;20V4000M93L;1801795, 1805454;1332, 1712;"{""total_rows"":2,""count_ok_importar"":2,""count_ok_eliminar"":0,""count_pending"":0,""count_review_action"":0,""count_other"":0}";import;qa_ok_importar_found
X59618500015;OIL LINE F/TURBO OIL SUPPLY;;267.000 g;import;qa_ok_importar_found;true;2;20V4000M93L;1801792, 1805451;1332, 1712;"{""total_rows"":2,""count_ok_importar"":2,""count_ok_eliminar"":0,""count_pending"":0,""count_review_action"":0,""count_other"":0}";import;qa_ok_importar_found
X59618500016;OIL LINE F/TURBO OIL SUPPLY;;277.000 g;import;qa_ok_importar_found;true;2;20V4000M93L;1801829, 1805488;1333, 1713;"{""total_rows"":2,""count_ok_importar"":2,""count_ok_eliminar"":0,""count_pending"":0,""count_review_action"":0,""count_other"":0}";import;qa_ok_importar_found
X59618500020;OIL RETURN LINE FROM T/CHARGER, RT;;638.100 g SB EM;import;qa_ok_importar_found;true;2;20V4000M93L;1801832, 1805491;1333, 1713;"{""total_rows"":2,""count_ok_importar"":2,""count_ok_eliminar"":0,""count_pending"":0,""count_review_action"":0,""count_other"":0}";import;qa_ok_importar_found
X59618500021;OIL RETURN LINE;;625.100 g;import;qa_ok_importar_found;true;2;20V4000M93L;1801749, 1805408;1331, 1711;"{""total_rows"":2,""count_ok_importar"":2,""count_ok_eliminar"":0,""count_pending"":0,""count_review_action"":0,""count_other"":0}";import;qa_ok_importar_found
X59618500028;RETAINER;;0.515 kg;import;qa_ok_importar_found;true;2;20V4000M93L;1801741, 1805400;1331, 1711;"{""total_rows"":2,""count_ok_importar"":2,""count_ok_eliminar"":0,""count_pending"":0,""count_review_action"":0,""count_other"":0}";import;qa_ok_importar_found
X59618500034;RETAINER;;398.000 g;import;qa_ok_importar_found;true;2;20V4000M93L;1801550, 1805156;1298, 1675;"{""total_rows"":2,""count_ok_importar"":2,""count_ok_eliminar"":0,""count_pending"":0,""count_review_action"":0,""count_other"":0}";import;qa_ok_importar_found
X59620200081;VENT LINE;;0.120 kg;import;qa_ok_importar_found;true;6;20V4000M93, 20V4000M93L;1702654, 1706394, 1710134, 1713878, 1802706, 1806365;288, 684, 1080, 1476, 1397, 1777;"{""total_rows"":6,""count_ok_importar"":6,""count_ok_eliminar"":0,""count_pending"":0,""count_review_action"":0,""count_other"":0}";import;qa_ok_importar_found
X59620200102;RETAINER;;4.860 kg;import;qa_ok_importar_found;true;2;20V4000M93L;1802380, 1806039;1385, 1765;"{""total_rows"":2,""count_ok_importar"":2,""count_ok_eliminar"":0,""count_pending"":0,""count_review_action"":0,""count_other"":0}";import;qa_ok_importar_found
X59620200103;COVER PLATE FOR SEAWATER COOLER;;45.467 kg;import;qa_ok_importar_found;true;5;16V4000M73L, 20V4000M93L;1501645, 1504852, 1507315, 1802784, 1806443;238, 724, 1069, 1400, 1780;"{""total_rows"":5,""count_ok_importar"":5,""count_ok_eliminar"":0,""count_pending"":0,""count_review_action"":0,""count_other"":0}";import;qa_ok_importar_found
X59620200110;COVER PLATE BR 4000;;46,000 kg;import;qa_ok_importar_found;true;1;12V4000M53;1201769;228;"{""total_rows"":1,""count_ok_importar"":1,""count_ok_eliminar"":0,""count_pending"":0,""count_review_action"":0,""count_other"":0}";import;qa_ok_importar_found
X59620200127;COOLANT DISTRIB HSG;;147.000 kg;import;qa_ok_importar_found;true;1;16V4000M73;1402363;286;"{""total_rows"":1,""count_ok_importar"":1,""count_ok_eliminar"":0,""count_pending"":0,""count_review_action"":0,""count_other"":0}";import;qa_ok_importar_found
X59620200128;COOLANT DISTRIBUTION HOUSING;;156.000 kg;import;qa_ok_importar_found;true;1;16V4000M73;1402352;285;"{""total_rows"":1,""count_ok_importar"":1,""count_ok_eliminar"":0,""count_pending"":0,""count_review_action"":0,""count_other"":0}";import;qa_ok_importar_found
X59620300015;VENT LINE;;190.000 g;import;qa_ok_importar_found;true;6;20V4000M93, 20V4000M93L;1702636, 1706376, 1710116, 1713860, 1802688, 1806347;288, 684, 1080, 1476, 1397, 1777;"{""total_rows"":6,""count_ok_importar"":6,""count_ok_eliminar"":0,""count_pending"":0,""count_review_action"":0,""count_other"":0}";import;qa_ok_importar_found
X59620600002;THERMOSTAT HOUSING;;;import;qa_ok_importar_found;true;2;20V4000M93L;1802852, 1806511;1411, 1791;"{""total_rows"":2,""count_ok_importar"":2,""count_ok_eliminar"":0,""count_pending"":0,""count_review_action"":0,""count_other"":0}";import;qa_ok_importar_found
X59620600003;THERMOSTAT HOUSING;;;import;qa_ok_importar_found;true;4;20V4000M93;1702793, 1706533, 1710273, 1714016;302, 698, 1094, 1490;"{""total_rows"":4,""count_ok_importar"":4,""count_ok_eliminar"":0,""count_pending"":0,""count_review_action"":0,""count_other"":0}";import;qa_ok_importar_found
X59620600004;THERMAL ACTUATOR;;;import;qa_ok_importar_found;true;4;20V4000M93;1702802, 1706542, 1710282, 1714025;302, 698, 1094, 1490;"{""total_rows"":4,""count_ok_importar"":4,""count_ok_eliminar"":0,""count_pending"":0,""count_review_action"":0,""count_other"":0}";import;qa_ok_importar_found
X59623100003;ENGINE SUPPORT;;3,569 kg;import;qa_ok_importar_found;true;1;12V4000M53;1202366;288;"{""total_rows"":1,""count_ok_importar"":1,""count_ok_eliminar"":0,""count_pending"":0,""count_review_action"":0,""count_other"":0}";import;qa_ok_importar_found
X59623100008;MOUNTING BRACKET;;46.400 kg;import;qa_ok_importar_found;true;2;20V4000M93L;1803063, 1806721;1436, 1816;"{""total_rows"":2,""count_ok_importar"":2,""count_ok_eliminar"":0,""count_pending"":0,""count_review_action"":0,""count_other"":0}";import;qa_ok_importar_found
X59699100017;RETAINER;;2.124 kg;import;qa_ok_importar_found;true;6;20V4000M93, 20V4000M93L;1702359, 1706099, 1709839, 1713583, 1802410, 1806069;279, 675, 1071, 1467, 1387, 1767;"{""total_rows"":6,""count_ok_importar"":6,""count_ok_eliminar"":0,""count_pending"":0,""count_review_action"":0,""count_other"":0}";import;qa_ok_importar_found
X59699100019;RETAINER;;1.400 kg;import;qa_ok_importar_found;true;2;20V4000M93L;1802389, 1806048;1387, 1767;"{""total_rows"":2,""count_ok_importar"":2,""count_ok_eliminar"":0,""count_pending"":0,""count_review_action"":0,""count_other"":0}";import;qa_ok_importar_found
X59699100024;RETAINER;;246.000 g;import;qa_ok_importar_found;true;2;20V4000M93L;1801232, 1804838;1273, 1650;"{""total_rows"":2,""count_ok_importar"":2,""count_ok_eliminar"":0,""count_pending"":0,""count_review_action"":0,""count_other"":0}";import;qa_ok_importar_found
X59699100031;RETAINER;;213.500 g;import;qa_ok_importar_found;true;2;20V4000M93L;1801713, 1805372;1331, 1711;"{""total_rows"":2,""count_ok_importar"":2,""count_ok_eliminar"":0,""count_pending"":0,""count_review_action"":0,""count_other"":0}";import;qa_ok_importar_found
X59699100041;PLUG FOR HEAT SHIELD;;;import;qa_ok_importar_found;true;8;20V4000M93L;1800847, 1800917, 1800978, 1801040, 1804453, 1804523, 1804584, 1804646;1238, 1245, 1248, 1251, 1615, 1622, 1625, 1628;"{""total_rows"":8,""count_ok_importar"":8,""count_ok_eliminar"":0,""count_pending"":0,""count_review_action"":0,""count_other"":0}";import;qa_ok_importar_found
X59699100056;RETAINER;;379.000 g;import;qa_ok_importar_found;true;2;20V4000M93L;1802183, 1805842;1364, 1744;"{""total_rows"":2,""count_ok_importar"":2,""count_ok_eliminar"":0,""count_pending"":0,""count_review_action"":0,""count_other"":0}";import;qa_ok_importar_found
XP51566400020;GOVERNOR;;1.160 kg;import;qa_ok_importar_found;true;2;20V4000M93L;1807260, 1807279;1874, 1877;"{""total_rows"":2,""count_ok_importar"":2,""count_ok_eliminar"":0,""count_pending"":0,""count_review_action"":0,""count_other"":0}";import;qa_ok_importar_found
XP52418900013;GEAR PUMP;;;import;qa_ok_importar_found;true;1;12V4000M40A;1102647;226;"{""total_rows"":1,""count_ok_importar"":1,""count_ok_eliminar"":0,""count_pending"":0,""count_review_action"":0,""count_other"":0}";import;qa_ok_importar_found
XP52607300003;CONTROL BLOCK;;;import;qa_ok_importar_found;true;1;12V4000M53;1200538;94;"{""total_rows"":1,""count_ok_importar"":1,""count_ok_eliminar"":0,""count_pending"":0,""count_review_action"":0,""count_other"":0}";import;qa_ok_importar_found
XP52611400008;GASKET;1.30 M;0.065 KGM;import;qa_ok_importar_found;true;2;20V4000M93L;1801114, 1804720;1258, 1635;"{""total_rows"":2,""count_ok_importar"":2,""count_ok_eliminar"":0,""count_pending"":0,""count_review_action"":0,""count_other"":0}";import;qa_ok_importar_found
XP52707300006;CONTROL BLOCK;;5.240 kg;import;qa_ok_importar_found;true;4;20V4000M93;1700552, 1704300, 1708040, 1711780;99, 495, 891, 1287;"{""total_rows"":4,""count_ok_importar"":4,""count_ok_eliminar"":0,""count_pending"":0,""count_review_action"":0,""count_other"":0}";import;qa_ok_importar_found
XP52711400022;INTERCOOLER;LADELUFTKUEHLER;EM;import;qa_ok_importar_found;true;4;16V4000M73L;1500845, 1504051, 1506514, 1508999;138, 623, 968, 1310;"{""total_rows"":4,""count_ok_importar"":4,""count_ok_eliminar"":0,""count_pending"":0,""count_review_action"":0,""count_other"":0}";import;qa_ok_importar_found
XP52711400023;INTERCOOLER;;440.000 kg;import;qa_ok_importar_found;true;1;16V4000M73;1401026;152;"{""total_rows"":1,""count_ok_importar"":1,""count_ok_eliminar"":0,""count_pending"":0,""count_review_action"":0,""count_other"":0}";import;qa_ok_importar_found
XP52725100023;O-RING;;0.010 kg;import;qa_ok_importar_found;true;2;20V4000M93L;1803084, 1806742;1440, 1820;"{""total_rows"":2,""count_ok_importar"":2,""count_ok_eliminar"":0,""count_pending"":0,""count_review_action"":0,""count_other"":0}";import;qa_ok_importar_found
XP52725100036;O-RING;;100.000 g;import;qa_ok_importar_found;true;2;20V4000M93L;1803081, 1806739;1440, 1820;"{""total_rows"":2,""count_ok_importar"":2,""count_ok_eliminar"":0,""count_pending"":0,""count_review_action"":0,""count_other"":0}";import;qa_ok_importar_found
XP52725100046;O-RING;;999.000 kg;import;qa_ok_importar_found;true;1;16V4000M73;1402598;312;"{""total_rows"":1,""count_ok_importar"":1,""count_ok_eliminar"":0,""count_pending"":0,""count_review_action"":0,""count_other"":0}";import;qa_ok_importar_found
XP52725100047;O-RING;;2.000 kg;import;qa_ok_importar_found;true;1;16V4000M73;1402600;312;"{""total_rows"":1,""count_ok_importar"":1,""count_ok_eliminar"":0,""count_pending"":0,""count_review_action"":0,""count_other"":0}";import;qa_ok_importar_found
XP52725100048;O-RING;;0.070 kg;import;qa_ok_importar_found;true;1;16V4000M73;1402601;312;"{""total_rows"":1,""count_ok_importar"":1,""count_ok_eliminar"":0,""count_pending"":0,""count_review_action"":0,""count_other"":0}";import;qa_ok_importar_found
XP52899100585;VALVE;;;import;qa_ok_importar_found;true;1;12V4000M70;1901352;201;"{""total_rows"":1,""count_ok_importar"":1,""count_ok_eliminar"":0,""count_pending"":0,""count_review_action"":0,""count_other"":0}";import;qa_ok_importar_found
XP53208800006;NON-RETURN VALVE;;;import;qa_ok_importar_found;true;1;12V4000M53;1206371;750;"{""total_rows"":1,""count_ok_importar"":1,""count_ok_eliminar"":0,""count_pending"":0,""count_review_action"":0,""count_other"":0}";import;qa_ok_importar_found
XP53517300055;SEALING RING;;;import;qa_ok_importar_found;true;1;12V4000M40A;1102674;177;"{""total_rows"":1,""count_ok_importar"":1,""count_ok_eliminar"":0,""count_pending"":0,""count_review_action"":0,""count_other"":0}";import;qa_ok_importar_found
XP55825100001;DISHED WASHER;;6.800 g;import;qa_ok_importar_found;true;3;16V4000M90;1602027, 1602028, 1602052;280;"{""total_rows"":3,""count_ok_importar"":3,""count_ok_eliminar"":0,""count_pending"":0,""count_review_action"":0,""count_other"":0}";import;qa_ok_importar_found
XP59320200147;HEATING ELEMENT;9 KW;;import;qa_ok_importar_found;true;1;12V4000M53;1201731;226;"{""total_rows"":1,""count_ok_importar"":1,""count_ok_eliminar"":0,""count_pending"":0,""count_review_action"":0,""count_other"":0}";import;qa_ok_importar_found
XP59408300034;FILTER CARTRIDGE FBO 60 356 10 MIC.;;;import;qa_ok_importar_found;true;1;16V4000M73;1400772;128;"{""total_rows"":1,""count_ok_importar"":1,""count_ok_eliminar"":0,""count_pending"":0,""count_review_action"":0,""count_other"":0}";import;qa_ok_importar_found
Z=2.201 033;VALVE SEAT 1;;;import;qa_ok_importar_found;true;1;12V4000M70;1902183;306;"{""total_rows"":1,""count_ok_importar"":1,""count_ok_eliminar"":0,""count_pending"":0,""count_review_action"":0,""count_other"":0}";import;qa_ok_importar_found
Z=7.4560.2.00;BASE COMPLETE;;;import;qa_ok_importar_found;true;1;12V4000M40A;1102735;288;"{""total_rows"":1,""count_ok_importar"":1,""count_ok_eliminar"":0,""count_pending"":0,""count_review_action"":0,""count_other"":0}";import;qa_ok_importar_found
Z=9-91224;BALL BEARING;;;import;qa_ok_importar_found;true;1;12V4000M70;1901313;198;"{""total_rows"":1,""count_ok_importar"":1,""count_ok_eliminar"":0,""count_pending"":0,""count_review_action"":0,""count_other"":0}";import;qa_ok_importar_found
Z=0300 412;O-RING;;;import;qa_ok_importar_found;true;1;12V4000M40A;1102691;175;"{""total_rows"":1,""count_ok_importar"":1,""count_ok_eliminar"":0,""count_pending"":0,""count_review_action"":0,""count_other"":0}";import;qa_ok_importar_found
Z=0300 415;O-RING;;;import;qa_ok_importar_found;true;1;12V4000M40A;1102692;175;"{""total_rows"":1,""count_ok_importar"":1,""count_ok_eliminar"":0,""count_pending"":0,""count_review_action"":0,""count_other"":0}";import;qa_ok_importar_found
Z=0300 615;O-RING;;;import;qa_ok_importar_found;true;1;12V4000M40A;1102693;175;"{""total_rows"":1,""count_ok_importar"":1,""count_ok_eliminar"":0,""count_pending"":0,""count_review_action"":0,""count_other"":0}";import;qa_ok_importar_found
Z=0304 125;O-RING;;;import;qa_ok_importar_found;true;1;12V4000M40A;1102698;176;"{""total_rows"":1,""count_ok_importar"":1,""count_ok_eliminar"":0,""count_pending"":0,""count_review_action"":0,""count_other"":0}";import;qa_ok_importar_found
Z=30560;SCREW;;;import;qa_ok_importar_found;true;1;12V4000M70;1900711;121;"{""total_rows"":1,""count_ok_importar"":1,""count_ok_eliminar"":0,""count_pending"":0,""count_review_action"":0,""count_other"":0}";import;qa_ok_importar_found
Z=166806-0;AXLE;;;import;qa_ok_importar_found;true;1;12V4000M40A;1102704;192;"{""total_rows"":1,""count_ok_importar"":1,""count_ok_eliminar"":0,""count_pending"":0,""count_review_action"":0,""count_other"":0}";import;qa_ok_importar_found
Z=166933-2;SHAFT;;;import;qa_ok_importar_found;true;1;12V4000M40A;1102705;192;"{""total_rows"":1,""count_ok_importar"":1,""count_ok_eliminar"":0,""count_pending"":0,""count_review_action"":0,""count_other"":0}";import;qa_ok_importar_found
Z=182004-2;VALVE;;;import;qa_ok_importar_found;true;1;12V4000M40A;1102707;192;"{""total_rows"":1,""count_ok_importar"":1,""count_ok_eliminar"":0,""count_pending"":0,""count_review_action"":0,""count_other"":0}";import;qa_ok_importar_found
Z=185194-8;HOUSING;;;import;qa_ok_importar_found;true;1;12V4000M40A;1102708;192;"{""total_rows"":1,""count_ok_importar"":1,""count_ok_eliminar"":0,""count_pending"":0,""count_review_action"":0,""count_other"":0}";import;qa_ok_importar_found
Z=185800-0;COVER;;;import;qa_ok_importar_found;true;1;12V4000M40A;1102709;192;"{""total_rows"":1,""count_ok_importar"":1,""count_ok_eliminar"":0,""count_pending"":0,""count_review_action"":0,""count_other"":0}";import;qa_ok_importar_found
Z=5209684;CLAMPING RING;;AB AUTOMATIKÖLFILTER;import;qa_ok_importar_found;true;1;16V4000M73;1411183;1285;"{""total_rows"":1,""count_ok_importar"":1,""count_ok_eliminar"":0,""count_pending"":0,""count_review_action"":0,""count_other"":0}";import;qa_ok_importar_found
Z=EN 24017 M16X16;HEX SCREW;;;import;qa_ok_importar_found;true;1;12V4000M40A;1102744;308;"{""total_rows"":1,""count_ok_importar"":1,""count_ok_eliminar"":0,""count_pending"":0,""count_review_action"":0,""count_other"":0}";import;qa_ok_importar_found
Z=G4 11661A;RING 2;;;import;qa_ok_importar_found;true;1;12V4000M40A;1102755;53;"{""total_rows"":1,""count_ok_importar"":1,""count_ok_eliminar"":0,""count_pending"":0,""count_review_action"":0,""count_other"":0}";import;qa_ok_importar_found
Z=G4 11897;FELT INSERT 2;;;import;qa_ok_importar_found;true;1;12V4000M40A;1102756;53;"{""total_rows"":1,""count_ok_importar"":1,""count_ok_eliminar"":0,""count_pending"":0,""count_review_action"":0,""count_other"":0}";import;qa_ok_importar_found
Z=M6X10DIN86;RD-HD SCRW;AC M6 X 10;;import;qa_ok_importar_found;true;1;12V4000M40A;1102757;288;"{""total_rows"":1,""count_ok_importar"":1,""count_ok_eliminar"":0,""count_pending"":0,""count_review_action"":0,""count_other"":0}";import;qa_ok_importar_found
