sku;post_title;post_name;post_status;post_content;post_excerpt;regular_price;categories;tags;product_type;images;meta:engine_model;meta:source_page;meta:pos;meta:bom;meta:designation_final;meta:measure_final;meta:weight_final;meta:sust_status;meta:sust_new_part_number;meta:sust_superseded_list;meta:qa_revision_estado;meta:qa_revision_accion;meta:import_decision;meta:import_reason;import_decision;import_reason;source_engine_file;source_id;source_page;pn_final;designation_final;measure_final;weight_final;sust_status;sust_hierarchie;sust_new_part_number;sust_superseded_list;qa_revision_estado;qa_revision_accion;image_url_valid
5240110440;FILLER PIECE STRIP;5240110440;publish;"Engine: 12V4000M40A
Part Number: 5240110440
Designation: FILLER PIECE STRIP
Measurement: 
Weight: 2,900 KG
Source Page: 13
BOM: 010.00475
Substitution Status: SI
New Part Number: X52401100023
Superseded List: 5240110440";FILLER PIECE STRIP;;12VM40A-11;12V4000M40A, Superseded, importar;simple;https://milu-naval.mystagingwebsite.com/wp-content/uploads/2026/02/12V4000M40A-0012-01-60.webp;12V4000M40A;13;60;010.00475;FILLER PIECE STRIP;;2,900 KG;SI;X52401100023;5240110440;ok;importar;import_superseded;conflictos detectados: weight_conflict | ya existe en WordPress/product-export | relacion superseded clara;import_superseded;conflictos detectados: weight_conflict | ya existe en WordPress/product-export | relacion superseded clara;engine_12V4000M40A.json;1100970;13;5240110440aaa;FILLER PIECE STRIP;;2,900 KG;SI;Superseded;X52401100023;5240110440;ok;importar;yes
E5260101605;CRANKCASE;e5260101605;publish;"Engine: 12V4000M40A
Part Number: E5260101605
Designation: CRANKCASE
Measurement: 
Weight: 1.721,591
Source Page: 13
BOM: 010.00475
Substitution Status: SI
New Part Number: EX52601100091
Superseded List: E5260101605";CRANKCASE;;12VM40A-11;12V4000M40A, Superseded, importar;simple;https://milu-naval.mystagingwebsite.com/wp-content/uploads/2026/02/12V4000M40A-0012-01-168.webp;12V4000M40A;13;168;010.00475;CRANKCASE;;1.721,591;SI;EX52601100091;E5260101605;ok;importar;import_superseded;relacion superseded clara;import_superseded;relacion superseded clara;engine_12V4000M40A.json;1102426;13;E5260101605;CRANKCASE;;1.721,591;SI;Superseded;EX52601100091;E5260101605;ok;importar;yes
5240114410;CYLINDER LINER;5240114410;publish;"Engine: 12V4000M40A
Part Number: 5240114410
Designation: CYLINDER LINER
Measurement: 
Weight: 16,900 KG
Source Page: 14
BOM: 5260101605
Substitution Status: SI
New Part Number: X52401300016
Superseded List: 5240114410";CYLINDER LINER;;12VM40A-11;12V4000M40A, Superseded, importar;simple;https://milu-naval.mystagingwebsite.com/wp-content/uploads/2026/02/12V4000M40A-0014-01-80.webp;12V4000M40A;14;80;5260101605;CYLINDER LINER;;16,900 KG;SI;X52401300016;5240114410;ok;importar;import_superseded;conflictos detectados: designation_conflict | relacion superseded clara;import_superseded;conflictos detectados: designation_conflict | relacion superseded clara;engine_12V4000M40A.json;1100980;14;5240114410;CYLINDER LINER;;16,900 KG;SI;Superseded;X52401300016;5240114410;ok;importar;yes
5240114510;CYLINDER LINER;5240114510;publish;"Engine: 12V4000M40A
Part Number: 5240114510
Designation: CYLINDER LINER
Measurement: 
Weight: 16,980 KG
Source Page: 14
BOM: 5260101605
Substitution Status: SI
New Part Number: X52401300017
Superseded List: 5240114510";CYLINDER LINER;;12VM40A-11;12V4000M40A, Superseded, importar;simple;https://milu-naval.mystagingwebsite.com/wp-content/uploads/2026/02/12V4000M40A-0014-01-90.webp;12V4000M40A;14;90;5260101605;CYLINDER LINER;;16,980 KG;SI;X52401300017;5240114510;ok;importar;import_superseded;conflictos detectados: designation_conflict | relacion superseded clara;import_superseded;conflictos detectados: designation_conflict | relacion superseded clara;engine_12V4000M40A.json;1100981;14;5240114510;CYLINDER LINER;;16,980 KG;SI;Superseded;X52401300017;5240114510;ok;importar;yes
5240100264;OIL FILLER NECK BR4000;5240100264;publish;"Engine: 12V4000M40A
Part Number: 5240100264
Designation: OIL FILLER NECK BR4000
Measurement: 
Weight: 4,280 KG
Source Page: 17
BOM: 010.00002
Substitution Status: SI
New Part Number: X52601100055
Superseded List: 5240100264";OIL FILLER NECK BR4000;;12VM40A-11;12V4000M40A, Superseded, importar;simple;https://milu-naval.mystagingwebsite.com/wp-content/uploads/2026/02/12V4000M40A-0017-01-5.webp;12V4000M40A;17;5;010.00002;OIL FILLER NECK BR4000;;4,280 KG;SI;X52601100055;5240100264;ok;importar;import_superseded;relacion superseded clara;import_superseded;relacion superseded clara;engine_12V4000M40A.json;1100956;17;5240100264;OIL FILLER NECK BR4000;;4,280 KG;SI;Superseded;X52601100055;5240100264;ok;importar;yes
5260100613;OIL PAN;5260100613;publish;"Engine: 12V4000M40A
Part Number: 5260100613
Designation: OIL PAN
Measurement: 
Weight: 
Source Page: 20
BOM: 010.00061
Substitution Status: SI
New Part Number: X59401400071
Superseded List: 5260100613";OIL PAN;;12VM40A-14;12V4000M40A, Superseded, importar;simple;https://milu-naval.mystagingwebsite.com/wp-content/uploads/2026/02/12V4000M40A-0020-01-25.webp;12V4000M40A;20;25;010.00061;OIL PAN;;;SI;X59401400071;5260100613;ok;importar;import_superseded;ya existe en WordPress/product-export | relacion superseded clara;import_superseded;ya existe en WordPress/product-export | relacion superseded clara;engine_12V4000M40A.json;1101332;20;5260100613;OIL PAN;;;SI;Superseded;X59401400071;5260100613;ok;importar;yes
700429070000;O-RING;700429070000;publish;"Engine: 12V4000M40A
Part Number: 700429070000
Designation: O-RING
Measurement: A 70 X 5
Weight: 0.01 KGM
Source Page: 20
BOM: 010.00061
Substitution Status: SI
New Part Number: 735252070000
Superseded List: 700429070000";O-RING;;12VM40A-14;12V4000M40A, Superseded, importar;simple;https://milu-naval.mystagingwebsite.com/wp-content/uploads/2026/02/12V4000M40A-0020-01-165.webp;12V4000M40A;20;165;010.00061;O-RING;A 70 X 5;0.01 KGM;SI;735252070000;700429070000;ok;importar;import_superseded;relacion superseded clara;import_superseded;relacion superseded clara;engine_12V4000M40A.json;1102084;20;700429070000;O-RING;A 70 X 5;0.01 KGM;SI;Superseded;735252070000;700429070000;ok;importar;yes
X52801500001;LIFTING EYE;x52801500001;publish;"Engine: 12V4000M40A
Part Number: X52801500001
Designation: LIFTING EYE
Measurement: 
Weight: 3,825 KG
Source Page: 24
BOM: 010.00131
Substitution Status: SI
New Part Number: X52801500002
Superseded List: X52801500001";LIFTING EYE;;12VM40A-15;12V4000M40A, Superseded, importar;simple;https://milu-naval.mystagingwebsite.com/wp-content/uploads/2026/02/12V4000M40A-0024-01-10.webp;12V4000M40A;24;10;010.00131;LIFTING EYE;;3,825 KG;SI;X52801500002;X52801500001;ok;importar;import_superseded;ya existe en WordPress/product-export | relacion superseded clara;import_superseded;ya existe en WordPress/product-export | relacion superseded clara;engine_12V4000M40A.json;1102642;24;X52801500001;LIFTING EYE;;3,825 KG;SI;Superseded;X52801500002;X52801500001;ok;importar;yes
700429033001;O-RING;700429033001;publish;"Engine: 12V4000M40A
Part Number: 700429033001
Designation: O-RING
Measurement: A 33 X 5
Weight: 0.004 KGM
Source Page: 26
BOM: 010.00365
Substitution Status: SI
New Part Number: 735252033000
Superseded List: 700429033001";O-RING;;12VM40A-16;12V4000M40A, Superseded, importar;simple;https://milu-naval.mystagingwebsite.com/wp-content/uploads/2026/02/12V4000M40A-0026-01-60.webp;12V4000M40A;26;60;010.00365;O-RING;A 33 X 5;0.004 KGM;SI;735252033000;700429033001;ok;importar;import_superseded;relacion superseded clara;import_superseded;relacion superseded clara;engine_12V4000M40A.json;1102061;26;700429033001;O-RING;A 33 X 5;0.004 KGM;SI;Superseded;735252033000;700429033001;ok;importar;yes
0000100070;MANIFOLD;0000100070;publish;"Engine: 12V4000M40A
Part Number: 0000100070
Designation: MANIFOLD
Measurement: 
Weight: 1.347 KGM
Source Page: 29
BOM: 010.00367
Substitution Status: SI
New Part Number: X00023475
Superseded List: 0000100070";MANIFOLD;;12VM40A-18;12V4000M40A, Superseded, importar;simple;https://milu-naval.mystagingwebsite.com/wp-content/uploads/2026/02/12V4000M40A-0029-01-220.webp;12V4000M40A;29;220;010.00367;MANIFOLD;;1.347 KGM;SI;X00023475;0000100070;ok;importar;import_superseded;relacion superseded clara;import_superseded;relacion superseded clara;engine_12V4000M40A.json;1100088;29;0000100070;MANIFOLD;;1.347 KGM;SI;Superseded;X00023475;0000100070;ok;importar;yes
5270180331;VENT HOUSING 4000;5270180331;publish;"Engine: 12V4000M70
Part Number: 5270180331
Designation: VENT HOUSING 4000
Measurement: nan
Weight: nan
Source Page: 42
BOM: X00014067
Substitution Status: SI
New Part Number: X52601800047
Superseded List: 5270180331";VENT HOUSING 4000;;12VM70-18;12V4000M70, Superseded, importar;simple;https://milu-naval.mystagingwebsite.com/wp-content/uploads/2026/01/sin_imagen.jpeg;12V4000M70;42;50;X00014067;VENT HOUSING 4000;nan;nan;SI;X52601800047;5270180331;ok;importar;import_superseded;conflictos detectados: designation_conflict, weight_conflict | relacion superseded clara;import_superseded;conflictos detectados: designation_conflict, weight_conflict | relacion superseded clara;engine_12V4000M70.json;1900160;42;5270180331;VENT HOUSING 4000;nan;nan;SI;Superseded;X52601800047;5270180331;ok;importar;yes
5260180002;COVER;5260180002;publish;"Engine: 12V4000M40A
Part Number: 5260180002
Designation: COVER
Measurement: 
Weight: 704 G
Source Page: 31
BOM: X00014074
Substitution Status: SI
New Part Number: X59601800014
Superseded List: 5260180002";COVER;;12VM40A-18;12V4000M40A, Superseded, importar;simple;https://milu-naval.mystagingwebsite.com/wp-content/uploads/2026/02/12V4000M40A-0031-01-250.webp;12V4000M40A;31;250;X00014074;COVER;;704 G;SI;X59601800014;5260180002;ok;importar;import_superseded;relacion superseded clara;import_superseded;relacion superseded clara;engine_12V4000M40A.json;1101336;31;5260180002;COVER;;704 G;SI;Superseded;X59601800014;5260180002;ok;importar;yes
5410100080;INSERT;5410100080;publish;"Engine: 12V4000M40A
Part Number: 5410100080
Designation: INSERT
Measurement: 
Weight: 137 G
Source Page: 32
BOM: 0000187135
Substitution Status: SI
New Part Number: 5200180035
Superseded List: 5410100080";INSERT;;12VM40A-18;12V4000M40A, Superseded, importar;simple;https://milu-naval.mystagingwebsite.com/wp-content/uploads/2026/02/12V4000M40A-0032-01-10.webp;12V4000M40A;32;10;0000187135;INSERT;;137 G;SI;5200180035;5410100080;ok;importar;import_superseded;conflictos detectados: designation_conflict, weight_conflict | relacion superseded clara;import_superseded;conflictos detectados: designation_conflict, weight_conflict | relacion superseded clara;engine_12V4000M40A.json;1101482;32;5410100080;INSERT;;137 G;SI;Superseded;5200180035;5410100080;ok;importar;yes
5240101933;EQUIPMENT RACK;5240101933;publish;"Engine: 12V4000M40A
Part Number: 5240101933
Designation: EQUIPMENT RACK
Measurement: 
Weight: 201 KG
Source Page: 36
BOM: 020.00111
Substitution Status: SI
New Part Number: X52402400012
Superseded List: 5240101933";EQUIPMENT RACK;;12VM40A-24;12V4000M40A, Superseded, importar;simple;https://milu-naval.mystagingwebsite.com/wp-content/uploads/2026/02/12V4000M40A-0036-01-10.webp;12V4000M40A;36;10;020.00111;EQUIPMENT RACK;;201 KG;SI;X52402400012;5240101933;ok;importar;import_superseded;conflictos detectados: weight_conflict | relacion superseded clara;import_superseded;conflictos detectados: weight_conflict | relacion superseded clara;engine_12V4000M40A.json;1100962;36;5240101933;EQUIPMENT RACK;;201 KG;SI;Superseded;X52402400012;5240101933;ok;importar;yes
5360520080;GASKET;5360520080;publish;"Engine: 12V4000M70
Part Number: 5360520080
Designation: GASKET
Measurement: nan
Weight: 0.006 KGM
Source Page: 48
BOM: 020.00111
Substitution Status: SI
New Part Number: X59599100132
Superseded List: 5360520080";GASKET;;12VM70-24;12V4000M70, Superseded, importar;simple;https://milu-naval.mystagingwebsite.com/wp-content/uploads/2026/01/sin_imagen.jpeg;12V4000M70;48;35;020.00111;GASKET;nan;0.006 KGM;SI;X59599100132;5360520080;ok;importar;import_superseded;relacion superseded clara;import_superseded;relacion superseded clara;engine_12V4000M70.json;1900185;48;5360520080;GASKET;nan;0.006 KGM;SI;Superseded;X59599100132;5360520080;ok;importar;yes
700429083000;O-RING;700429083000;publish;"Engine: 12V4000M40A
Part Number: 700429083000
Designation: O-RING
Measurement: A 83 X 5
Weight: 0.011 KGM
Source Page: 36
BOM: 020.00111
Substitution Status: SI
New Part Number: 735252083000
Superseded List: 700429083000";O-RING;;12VM40A-24;12V4000M40A, Superseded, importar;simple;https://milu-naval.mystagingwebsite.com/wp-content/uploads/2026/02/12V4000M40A-0036-01-55.webp;12V4000M40A;36;55;020.00111;O-RING;A 83 X 5;0.011 KGM;SI;735252083000;700429083000;ok;importar;import_superseded;relacion superseded clara;import_superseded;relacion superseded clara;engine_12V4000M40A.json;1102095;36;700429083000;O-RING;A 83 X 5;0.011 KGM;SI;Superseded;735252083000;700429083000;ok;importar;yes
5240151302;HOUSING FRONT;5240151302;publish;"Engine: 12V4000M40A
Part Number: 5240151302
Designation: HOUSING FRONT
Measurement: 
Weight: 
Source Page: 37
BOM: 5240101933
Substitution Status: SI
New Part Number: X52402400013
Superseded List: 5240151302";HOUSING FRONT;;12VM40A-24;12V4000M40A, Superseded, importar;simple;https://milu-naval.mystagingwebsite.com/wp-content/uploads/2026/02/12V4000M40A-0037-01-5.webp;12V4000M40A;37;5;5240101933;HOUSING FRONT;;;SI;X52402400013;5240151302;ok;importar;import_superseded;acciones QA contradictorias para el mismo PN | estado QA requiere revision manual | conflictos detectados: designation_conflict | relacion superseded clara;import_superseded;acciones QA contradictorias para el mismo PN | estado QA requiere revision manual | conflictos detectados: designation_conflict | relacion superseded clara;engine_12V4000M40A.json;1100993;37;5240151302;HOUSING FRONT;;;SI;Superseded;X52402400013;5240151302;ok;importar;yes
5240500705;IDLER GEAR;5240500705;publish;"Engine: 12V4000M40A
Part Number: 5240500705
Designation: IDLER GEAR
Measurement: 
Weight: 17,760 KG
Source Page: 37
BOM: 5240101933
Substitution Status: SI
New Part Number: X59305200001
Superseded List: 5240500705";IDLER GEAR;;12VM40A-24;12V4000M40A, Superseded, importar;simple;https://milu-naval.mystagingwebsite.com/wp-content/uploads/2026/02/12V4000M40A-0037-01-25.webp;12V4000M40A;37;25;5240101933;IDLER GEAR;;17,760 KG;SI;X59305200001;5240500705;ok;importar;import_superseded;conflictos detectados: weight_conflict | ya existe en WordPress/product-export | relacion superseded clara;import_superseded;conflictos detectados: weight_conflict | ya existe en WordPress/product-export | relacion superseded clara;engine_12V4000M40A.json;1101072;37;5240500705;IDLER GEAR;;17,760 KG;SI;Superseded;X59305200001;5240500705;ok;importar;yes
5260300701/30;CRANKSHAFT GL ACCEPTANCE;5260300701-30;publish;"Engine: 12V4000M40A
Part Number: 5260300701/30
Designation: CRANKSHAFT GL ACCEPTANCE
Measurement: EM
Weight: 
Source Page: 42
BOM: 030.00073
Substitution Status: SI
New Part Number: E5260300701/30
Superseded List: 5260300701/30";CRANKSHAFT GL ACCEPTANCE;;12VM40A-31;12V4000M40A, Superseded, importar;simple;https://milu-naval.mystagingwebsite.com/wp-content/uploads/2026/02/12V4000M40A-0042-01-5.webp;12V4000M40A;42;5;030.00073;CRANKSHAFT GL ACCEPTANCE;EM;;SI;E5260300701/30;5260300701/30;ok;importar;import_superseded;relacion superseded clara;import_superseded;relacion superseded clara;engine_12V4000M40A.json;1102409;42;5260300701/30;CRANKSHAFT GL ACCEPTANCE;EM;;SI;Superseded;E5260300701/30;5260300701/30;ok;importar;yes
5240336101;CRANKSHAFT BEARING UPPER HALF;5240336101;publish;"Engine: 12V4000M40A
Part Number: 5240336101
Designation: CRANKSHAFT BEARING UPPER HALF
Measurement: 
Weight: 375 G
Source Page: 45
BOM: 030.00656
Substitution Status: SI
New Part Number: X00016024
Superseded List: 5240336101";CRANKSHAFT BEARING UPPER HALF;;12VM40A-31;12V4000M40A, Superseded, importar;simple;https://milu-naval.mystagingwebsite.com/wp-content/uploads/2026/02/12V4000M40A-0045-01-150.webp;12V4000M40A;45;150;030.00656;CRANKSHAFT BEARING UPPER HALF;;375 G;SI;X00016024;5240336101;ok;importar;import_superseded;acciones QA contradictorias para el mismo PN | estado QA requiere revision manual | conflictos detectados: designation_conflict | ya existe en WordPress/product-export | relacion superseded clara;import_superseded;acciones QA contradictorias para el mismo PN | estado QA requiere revision manual | conflictos detectados: designation_conflict | ya existe en WordPress/product-export | relacion superseded clara;engine_12V4000M40A.json;1101032;45;5240336101;CRANKSHAFT BEARING UPPER HALF;;375 G;SI;Superseded;X00016024;5240336101;ok;importar;yes
5240336201;CRANKSHAFT BEARING SIZE 0-1;5240336201;publish;"Engine: 16V4000M61
Part Number: 5240336201
Designation: CRANKSHAFT BEARING SIZE 0-1
Measurement: 
Weight: 44 G
Source Page: 42
BOM: 030.00657
Substitution Status: SI
New Part Number: X52403100003
Superseded List: 5240336201";CRANKSHAFT BEARING SIZE 0-1;;16VM61-31;16V4000M61, Superseded, importar;simple;https://milu-naval.mystagingwebsite.com/wp-content/uploads/2026/02/16V4000M61-0041-01-165.webp;16V4000M61;42;165;030.00657;CRANKSHAFT BEARING SIZE 0-1;;44 G;SI;X52403100003;5240336201;ok;importar;import_superseded;conflictos detectados: weight_conflict | ya existe en WordPress/product-export | relacion superseded clara;import_superseded;conflictos detectados: weight_conflict | ya existe en WordPress/product-export | relacion superseded clara;engine_16V4000M61.json;1300239;42;5240336201;CRANKSHAFT BEARING SIZE 0-1;;44 G;SI;Superseded;X52403100003;5240336201;ok;importar;yes
5240336301;CRANKSHAFT BEARING SIZE 0-2;5240336301;publish;"Engine: 12V4000M40A
Part Number: 5240336301
Designation: CRANKSHAFT BEARING SIZE 0-2
Measurement: 
Weight: 0.422 KGM
Source Page: 46
BOM: 030.00656
Substitution Status: SI
New Part Number: X52403100004
Superseded List: 5240336301";CRANKSHAFT BEARING SIZE 0-2;;12VM40A-31;12V4000M40A, Superseded, importar;simple;https://milu-naval.mystagingwebsite.com/wp-content/uploads/2026/02/12V4000M40A-0045-01-175.webp;12V4000M40A;46;175;030.00656;CRANKSHAFT BEARING SIZE 0-2;;0.422 KGM;SI;X52403100004;5240336301;ok;importar;import_superseded;ya existe en WordPress/product-export | relacion superseded clara;import_superseded;ya existe en WordPress/product-export | relacion superseded clara;engine_12V4000M40A.json;1101034;46;5240336301;CRANKSHAFT BEARING SIZE 0-2;;0.422 KGM;SI;Superseded;X52403100004;5240336301;ok;importar;yes
5240336401;CRANKSHAFT BEARING SIZE 0-3;5240336401;publish;"Engine: 16V4000M61
Part Number: 5240336401
Designation: CRANKSHAFT BEARING SIZE 0-3
Measurement: 
Weight: 482 G
Source Page: 42
BOM: 030.00657
Substitution Status: SI
New Part Number: X52403100005
Superseded List: 5240336401";CRANKSHAFT BEARING SIZE 0-3;;16VM61-31;16V4000M61, Superseded, importar;simple;https://milu-naval.mystagingwebsite.com/wp-content/uploads/2026/02/16V4000M61-0041-01-185.webp;16V4000M61;42;185;030.00657;CRANKSHAFT BEARING SIZE 0-3;;482 G;SI;X52403100005;5240336401;ok;importar;import_superseded;conflictos detectados: weight_conflict | ya existe en WordPress/product-export | relacion superseded clara;import_superseded;conflictos detectados: weight_conflict | ya existe en WordPress/product-export | relacion superseded clara;engine_16V4000M61.json;1300243;42;5240336401;CRANKSHAFT BEARING SIZE 0-3;;482 G;SI;Superseded;X52403100005;5240336401;ok;importar;yes
5240336501;CRANKSHAFT BEARING SIZE 1-0;5240336501;publish;"Engine: 16V4000M61
Part Number: 5240336501
Designation: CRANKSHAFT BEARING SIZE 1-0
Measurement: 
Weight: 450 G
Source Page: 42
BOM: 030.00657
Substitution Status: SI
New Part Number: X52403100006
Superseded List: 5240336501";CRANKSHAFT BEARING SIZE 1-0;;16VM61-31;16V4000M61, Superseded, importar;simple;https://milu-naval.mystagingwebsite.com/wp-content/uploads/2026/02/16V4000M61-0041-01-195.webp;16V4000M61;42;195;030.00657;CRANKSHAFT BEARING SIZE 1-0;;450 G;SI;X52403100006;5240336501;ok;importar;import_superseded;conflictos detectados: weight_conflict | ya existe en WordPress/product-export | relacion superseded clara;import_superseded;conflictos detectados: weight_conflict | ya existe en WordPress/product-export | relacion superseded clara;engine_16V4000M61.json;1300245;42;5240336501;CRANKSHAFT BEARING SIZE 1-0;;450 G;SI;Superseded;X52403100006;5240336501;ok;importar;yes
5240336601;CRANKSHAFT BEARING SIZE 1-1;5240336601;publish;"Engine: 16V4000M61
Part Number: 5240336601
Designation: CRANKSHAFT BEARING SIZE 1-1
Measurement: 
Weight: 457,500 G
Source Page: 42
BOM: 030.00657
Substitution Status: SI
New Part Number: X52403100007
Superseded List: 5240336601";CRANKSHAFT BEARING SIZE 1-1;;16VM61-31;16V4000M61, Superseded, importar;simple;https://milu-naval.mystagingwebsite.com/wp-content/uploads/2026/02/16V4000M61-0041-01-205.webp;16V4000M61;42;205;030.00657;CRANKSHAFT BEARING SIZE 1-1;;457,500 G;SI;X52403100007;5240336601;ok;importar;import_superseded;conflictos detectados: weight_conflict | ya existe en WordPress/product-export | relacion superseded clara;import_superseded;conflictos detectados: weight_conflict | ya existe en WordPress/product-export | relacion superseded clara;engine_16V4000M61.json;1300247;42;5240336601;CRANKSHAFT BEARING SIZE 1-1;;457,500 G;SI;Superseded;X52403100007;5240336601;ok;importar;yes
5240336701;CRANKSHAFT BEARING SIZE 1-2;5240336701;publish;"Engine: 12V4000M40A
Part Number: 5240336701
Designation: CRANKSHAFT BEARING SIZE 1-2
Measurement: 
Weight: 0.48 KGM
Source Page: 46
BOM: 030.00656
Substitution Status: SI
New Part Number: X52403100008
Superseded List: 5240336701";CRANKSHAFT BEARING SIZE 1-2;;12VM40A-31;12V4000M40A, Superseded, importar;simple;https://milu-naval.mystagingwebsite.com/wp-content/uploads/2026/02/12V4000M40A-0045-01-215.webp;12V4000M40A;46;215;030.00656;CRANKSHAFT BEARING SIZE 1-2;;0.48 KGM;SI;X52403100008;5240336701;ok;importar;import_superseded;ya existe en WordPress/product-export | relacion superseded clara;import_superseded;ya existe en WordPress/product-export | relacion superseded clara;engine_12V4000M40A.json;1101039;46;5240336701;CRANKSHAFT BEARING SIZE 1-2;;0.48 KGM;SI;Superseded;X52403100008;5240336701;ok;importar;yes
5240336801;CRANKSHAFT BEARING SIZE 1-3;5240336801;publish;"Engine: 16V4000M61
Part Number: 5240336801
Designation: CRANKSHAFT BEARING SIZE 1-3
Measurement: 
Weight: 1 KG
Source Page: 42
BOM: 030.00657
Substitution Status: SI
New Part Number: X52403100009
Superseded List: 5240336801";CRANKSHAFT BEARING SIZE 1-3;;16VM61-31;16V4000M61, Superseded, importar;simple;https://milu-naval.mystagingwebsite.com/wp-content/uploads/2026/02/16V4000M61-0041-01-225.webp;16V4000M61;42;225;030.00657;CRANKSHAFT BEARING SIZE 1-3;;1 KG;SI;X52403100009;5240336801;ok;importar;import_superseded;conflictos detectados: weight_conflict | ya existe en WordPress/product-export | relacion superseded clara;import_superseded;conflictos detectados: weight_conflict | ya existe en WordPress/product-export | relacion superseded clara;engine_16V4000M61.json;1300251;42;5240336801;CRANKSHAFT BEARING SIZE 1-3;;1 KG;SI;Superseded;X52403100009;5240336801;ok;importar;yes
5240336901;CRANKSHAFT BEARING SIZE 2-0;5240336901;publish;"Engine: 12V4000M40A
Part Number: 5240336901
Designation: CRANKSHAFT BEARING SIZE 2-0
Measurement: 
Weight: 0.42 KGM
Source Page: 46
BOM: 030.00656
Substitution Status: SI
New Part Number: X52403100010
Superseded List: 5240336901";CRANKSHAFT BEARING SIZE 2-0;;12VM40A-31;12V4000M40A, Superseded, importar;simple;https://milu-naval.mystagingwebsite.com/wp-content/uploads/2026/02/12V4000M40A-0045-01-235.webp;12V4000M40A;46;235;030.00656;CRANKSHAFT BEARING SIZE 2-0;;0.42 KGM;SI;X52403100010;5240336901;ok;importar;import_superseded;ya existe en WordPress/product-export | relacion superseded clara;import_superseded;ya existe en WordPress/product-export | relacion superseded clara;engine_12V4000M40A.json;1101043;46;5240336901;CRANKSHAFT BEARING SIZE 2-0;;0.42 KGM;SI;Superseded;X52403100010;5240336901;ok;importar;yes
5240337001;CRANKSHAFT BEARING SIZE 2-1;5240337001;publish;"Engine: 16V4000M61
Part Number: 5240337001
Designation: CRANKSHAFT BEARING SIZE 2-1
Measurement: 
Weight: 470 G
Source Page: 42
BOM: 030.00657
Substitution Status: SI
New Part Number: X52403100011
Superseded List: 5240337001";CRANKSHAFT BEARING SIZE 2-1;;16VM61-31;16V4000M61, Superseded, importar;simple;https://milu-naval.mystagingwebsite.com/wp-content/uploads/2026/02/16V4000M61-0041-01-245.webp;16V4000M61;42;245;030.00657;CRANKSHAFT BEARING SIZE 2-1;;470 G;SI;X52403100011;5240337001;ok;importar;import_superseded;conflictos detectados: weight_conflict | ya existe en WordPress/product-export | relacion superseded clara;import_superseded;conflictos detectados: weight_conflict | ya existe en WordPress/product-export | relacion superseded clara;engine_16V4000M61.json;1300255;42;5240337001;CRANKSHAFT BEARING SIZE 2-1;;470 G;SI;Superseded;X52403100011;5240337001;ok;importar;yes
5240337101;CRANKSHAFT BEARING SIZE 2-2;5240337101;publish;"Engine: 16V4000M61
Part Number: 5240337101
Designation: CRANKSHAFT BEARING SIZE 2-2
Measurement: 
Weight: 580 G
Source Page: 42
BOM: 030.00657
Substitution Status: SI
New Part Number: X52403100012
Superseded List: 5240337101";CRANKSHAFT BEARING SIZE 2-2;;16VM61-31;16V4000M61, Superseded, importar;simple;https://milu-naval.mystagingwebsite.com/wp-content/uploads/2026/02/16V4000M61-0041-01-255.webp;16V4000M61;42;255;030.00657;CRANKSHAFT BEARING SIZE 2-2;;580 G;SI;X52403100012;5240337101;ok;importar;import_superseded;conflictos detectados: weight_conflict | ya existe en WordPress/product-export | relacion superseded clara;import_superseded;conflictos detectados: weight_conflict | ya existe en WordPress/product-export | relacion superseded clara;engine_16V4000M61.json;1300257;42;5240337101;CRANKSHAFT BEARING SIZE 2-2;;580 G;SI;Superseded;X52403100012;5240337101;ok;importar;yes
5240337201;CRANKSHAFT BEARING SIZE 2-3;5240337201;publish;"Engine: 16V4000M61
Part Number: 5240337201
Designation: CRANKSHAFT BEARING SIZE 2-3
Measurement: 
Weight: 840 G
Source Page: 42
BOM: 030.00657
Substitution Status: SI
New Part Number: X52403100013
Superseded List: 5240337201";CRANKSHAFT BEARING SIZE 2-3;;16VM61-31;16V4000M61, Superseded, importar;simple;https://milu-naval.mystagingwebsite.com/wp-content/uploads/2026/02/16V4000M61-0041-01-265.webp;16V4000M61;42;265;030.00657;CRANKSHAFT BEARING SIZE 2-3;;840 G;SI;X52403100013;5240337201;ok;importar;import_superseded;conflictos detectados: weight_conflict | ya existe en WordPress/product-export | relacion superseded clara;import_superseded;conflictos detectados: weight_conflict | ya existe en WordPress/product-export | relacion superseded clara;engine_16V4000M61.json;1300259;42;5240337201;CRANKSHAFT BEARING SIZE 2-3;;840 G;SI;Superseded;X52403100013;5240337201;ok;importar;yes
0000352500;DAMPER;0000352500;publish;"Engine: 12V4000M70
Part Number: 0000352500
Designation: DAMPER
Measurement: 
Weight: 87,000 kg
Source Page: 62
BOM: 030.00485
Substitution Status: SI
New Part Number: E0000352500
Superseded List: 0000352500";DAMPER;;12VM70-35;12V4000M70, Superseded, importar;simple;https://milu-naval.mystagingwebsite.com/wp-content/uploads/2026/01/sin_imagen.jpeg;12V4000M70;62;15;030.00485;DAMPER;;87,000 kg;SI;E0000352500;0000352500;ok;importar;import_superseded;conflictos detectados: weight_conflict | ya existe en WordPress/product-export | relacion superseded clara;import_superseded;conflictos detectados: weight_conflict | ya existe en WordPress/product-export | relacion superseded clara;engine_12V4000M70.json;1900280;62;0000352500;DAMPER;;87,000 kg;SI;Superseded;E0000352500;0000352500;ok;importar;yes
Z=G4 11661A;RING 2;z-g4-11661a;publish;"Engine: 12V4000M40A
Part Number: Z=G4 11661A
Designation: RING 2
Measurement: 
Weight: 
Source Page: 53
BOM: 0000171160
Substitution Status: SI
New Part Number: 0000171160
Superseded List: Z=G4 11661A";RING 2;;12VM40A-35;12V4000M40A, Superseded, importar;simple;https://milu-naval.mystagingwebsite.com/wp-content/uploads/2026/02/12V4000M40A-0053-01-5.webp;12V4000M40A;53;5;0000171160;RING 2;;;SI;0000171160;Z=G4 11661A;ok;importar;import_superseded;ya existe en WordPress/product-export | relacion superseded clara;import_superseded;ya existe en WordPress/product-export | relacion superseded clara;engine_12V4000M40A.json;1102755;53;Z=G4 11661A;RING 2;;;SI;Superseded;0000171160;Z=G4 11661A;ok;importar;yes
Z=G4 11897;FELT INSERT 2;z-g4-11897;publish;"Engine: 12V4000M40A
Part Number: Z=G4 11897
Designation: FELT INSERT 2
Measurement: 
Weight: 
Source Page: 53
BOM: 0000171160
Substitution Status: SI
New Part Number: 0000171160
Superseded List: Z=G4 11897";FELT INSERT 2;;12VM40A-35;12V4000M40A, Superseded, importar;simple;https://milu-naval.mystagingwebsite.com/wp-content/uploads/2026/02/12V4000M40A-0053-01-10.webp;12V4000M40A;53;10;0000171160;FELT INSERT 2;;;SI;0000171160;Z=G4 11897;ok;importar;import_superseded;ya existe en WordPress/product-export | relacion superseded clara;import_superseded;ya existe en WordPress/product-export | relacion superseded clara;engine_12V4000M40A.json;1102756;53;Z=G4 11897;FELT INSERT 2;;;SI;Superseded;0000171160;Z=G4 11897;ok;importar;yes
5242370940;RETAINER;5242370940;publish;"Engine: 12V4000M40A
Part Number: 5242370940
Designation: RETAINER
Measurement: 
Weight: 2,690 KG
Source Page: 55
BOM: 030.00160
Substitution Status: SI
New Part Number: X52403600001
Superseded List: 5242370940";RETAINER;;12VM40A-36;12V4000M40A, Superseded, importar;simple;https://milu-naval.mystagingwebsite.com/wp-content/uploads/2026/02/12V4000M40A-0055-01-25.webp;12V4000M40A;55;25;030.00160;RETAINER;;2,690 KG;SI;X52403600001;5242370940;ok;importar;import_superseded;acciones QA contradictorias para el mismo PN | estado QA requiere revision manual | conflictos detectados: designation_conflict, weight_conflict | relacion superseded clara;import_superseded;acciones QA contradictorias para el mismo PN | estado QA requiere revision manual | conflictos detectados: designation_conflict, weight_conflict | relacion superseded clara;engine_12V4000M40A.json;1101311;55;5242370940;RETAINER;;2,690 KG;SI;Superseded;X52403600001;5242370940;ok;importar;yes
X00008369;PISTON;x00008369;publish;"Engine: 12V4000M40A
Part Number: X00008369
Designation: PISTON
Measurement: 
Weight: 12,700 KG
Source Page: 57
BOM: X00009734
Substitution Status: SI
New Part Number: EX00008369
Superseded List: X00008369";PISTON;;12VM40A-37;12V4000M40A, Superseded, importar;simple;https://milu-naval.mystagingwebsite.com/wp-content/uploads/2026/01/X00008369.jpeg, https://milu-naval.mystagingwebsite.com/wp-content/uploads/2026/02/12V4000M40A-0057-01-50.webp;12V4000M40A;57;50;X00009734;PISTON;;12,700 KG;SI;EX00008369;X00008369;ok;importar;import_superseded;acciones QA contradictorias para el mismo PN | estado QA requiere revision manual | relacion superseded clara;import_superseded;acciones QA contradictorias para el mismo PN | estado QA requiere revision manual | relacion superseded clara;engine_12V4000M40A.json;1102441;57;X00008369;PISTON;;12,700 KG;SI;Superseded;EX00008369;X00008369;ok;importar;yes
000472068000;RING SNAP;000472068000;publish;"Engine: 12V4000M40A
Part Number: 000472068000
Designation: RING SNAP
Measurement: 68 X 2,5
Weight: 0.017 KGM
Source Page: 58
BOM: X00008369
Substitution Status: SI
New Part Number: X52403700066
Superseded List: 000472068000";RING SNAP;;12VM40A-37;12V4000M40A, Superseded, importar;simple;https://milu-naval.mystagingwebsite.com/wp-content/uploads/2026/02/12V4000M40A-0058-01-300.webp;12V4000M40A;58;300;X00008369;RING SNAP;68 X 2,5;0.017 KGM;SI;X52403700066;000472068000;ok;importar;import_superseded;ya existe en WordPress/product-export | relacion superseded clara;import_superseded;ya existe en WordPress/product-export | relacion superseded clara;engine_12V4000M40A.json;1100592;58;000472068000;RING SNAP;68 X 2,5;0.017 KGM;SI;Superseded;X52403700066;000472068000;ok;importar;yes
X00040054/42;CONROD ASM;x00040054-42;publish;"Engine: 12V4000M40A
Part Number: X00040054/42
Designation: CONROD ASM
Measurement: 
Weight: 9,770 KG
Source Page: 60
BOM: X00043174
Substitution Status: SI
New Part Number: EX59403800070/42
Superseded List: X00040054/42";CONROD ASM;;12VM40A-38;12V4000M40A, Superseded, importar;simple;https://milu-naval.mystagingwebsite.com/wp-content/uploads/2026/02/12V4000M40A-0060-01-10.webp;12V4000M40A;60;10;X00043174;CONROD ASM;;9,770 KG;SI;EX59403800070/42;X00040054/42;ok;importar;import_superseded;conflictos detectados: weight_conflict | relacion superseded clara;import_superseded;conflictos detectados: weight_conflict | relacion superseded clara;engine_12V4000M40A.json;1102524;60;X00040054/42;CONROD ASM;;9,770 KG;SI;Superseded;EX59403800070/42;X00040054/42;ok;importar;yes
X00040714;CONROD BEARING;x00040714;publish;"Engine: 12V4000M70
Part Number: X00040714
Designation: CONROD BEARING
Measurement: nan
Weight: 260,000 g
Source Page: 75
BOM: X00043174
Substitution Status: SI
New Part Number: X52403800001
Superseded List: X00040714";CONROD BEARING;;12VM70-38;12V4000M70, Superseded, importar;simple;https://milu-naval.mystagingwebsite.com/wp-content/uploads/2026/01/sin_imagen.jpeg;12V4000M70;75;25;X00043174;CONROD BEARING;nan;260,000 g;SI;X52403800001;X00040714;ok;importar;import_superseded;conflictos detectados: designation_conflict | ya existe en WordPress/product-export | relacion superseded clara;import_superseded;conflictos detectados: designation_conflict | ya existe en WordPress/product-export | relacion superseded clara;engine_12V4000M70.json;1900357;75;X00040714;CONROD BEARING;nan;260,000 g;SI;Superseded;X52403800001;X00040714;ok;importar;yes
X00040715;CONROD BEARING;x00040715;publish;"Engine: 12V4000M70
Part Number: X00040715
Designation: CONROD BEARING
Measurement: nan
Weight: 260,000 g
Source Page: 75
BOM: X00043174
Substitution Status: SI
New Part Number: X52403800006
Superseded List: X00040715";CONROD BEARING;;12VM70-38;12V4000M70, Superseded, importar;simple;https://milu-naval.mystagingwebsite.com/wp-content/uploads/2026/01/sin_imagen.jpeg;12V4000M70;75;50;X00043174;CONROD BEARING;nan;260,000 g;SI;X52403800006;X00040715;ok;importar;import_superseded;conflictos detectados: designation_conflict, weight_conflict | ya existe en WordPress/product-export | relacion superseded clara;import_superseded;conflictos detectados: designation_conflict, weight_conflict | ya existe en WordPress/product-export | relacion superseded clara;engine_12V4000M70.json;1900361;75;X00040715;CONROD BEARING;nan;260,000 g;SI;Superseded;X52403800006;X00040715;ok;importar;yes
X00040717;CONROD BEARING SIZE 0-2;x00040717;publish;"Engine: 12V4000M70
Part Number: X00040717
Designation: CONROD BEARING SIZE 0-2
Measurement: nan
Weight: 0.275 KGM
Source Page: 75
BOM: X00043174
Substitution Status: SI
New Part Number: X52403800007
Superseded List: X00040717";CONROD BEARING SIZE 0-2;;12VM70-38;12V4000M70, Superseded, importar;simple;https://milu-naval.mystagingwebsite.com/wp-content/uploads/2026/01/sin_imagen.jpeg;12V4000M70;75;55;X00043174;CONROD BEARING SIZE 0-2;nan;0.275 KGM;SI;X52403800007;X00040717;ok;importar;import_superseded;ya existe en WordPress/product-export | relacion superseded clara;import_superseded;ya existe en WordPress/product-export | relacion superseded clara;engine_12V4000M70.json;1900362;75;X00040717;CONROD BEARING SIZE 0-2;nan;0.275 KGM;SI;Superseded;X52403800007;X00040717;ok;importar;yes
X00040718;CONROD BEARING;x00040718;publish;"Engine: 12V4000M70
Part Number: X00040718
Designation: CONROD BEARING
Measurement: nan
Weight: 0,275 kg
Source Page: 75
BOM: X00043174
Substitution Status: SI
New Part Number: X52403800008
Superseded List: X00040718";CONROD BEARING;;12VM70-38;12V4000M70, Superseded, importar;simple;https://milu-naval.mystagingwebsite.com/wp-content/uploads/2026/01/sin_imagen.jpeg;12V4000M70;75;60;X00043174;CONROD BEARING;nan;0,275 kg;SI;X52403800008;X00040718;ok;importar;import_superseded;conflictos detectados: designation_conflict, weight_conflict | ya existe en WordPress/product-export | relacion superseded clara;import_superseded;conflictos detectados: designation_conflict, weight_conflict | ya existe en WordPress/product-export | relacion superseded clara;engine_12V4000M70.json;1900363;75;X00040718;CONROD BEARING;nan;0,275 kg;SI;Superseded;X52403800008;X00040718;ok;importar;yes
5240106920;CYLINDER HEAD;5240106920;publish;"Engine: 12V4000M40A
Part Number: 5240106920
Designation: CYLINDER HEAD
Measurement: 
Weight: EM
Source Page: 64
BOM: XS526040.00013
Substitution Status: SI
New Part Number: E5240106920
Superseded List: 5240106920";CYLINDER HEAD;;12VM40A-41;12V4000M40A, Superseded, importar;simple;https://milu-naval.mystagingwebsite.com/wp-content/uploads/2026/02/12V4000M40A-0063-01-70.webp;12V4000M40A;64;70;XS526040.00013;CYLINDER HEAD;;EM;SI;E5240106920;5240106920;ok;importar;import_superseded;relacion superseded clara;import_superseded;relacion superseded clara;engine_12V4000M40A.json;1100965;64;5240106920;CYLINDER HEAD;;EM;SI;Superseded;E5240106920;5240106920;ok;importar;yes
5240160319;SEALING RING SIZE 0;5240160319;publish;"Engine: 12V4000M70
Part Number: 5240160319
Designation: SEALING RING SIZE 0
Measurement: nan
Weight: 165,800 g
Source Page: 78
BOM: XS526040.00011
Substitution Status: SI
New Part Number: X52404200052
Superseded List: 5240160319";SEALING RING SIZE 0;;12VM70-41;12V4000M70, Superseded, importar;simple;https://milu-naval.mystagingwebsite.com/wp-content/uploads/2026/01/sin_imagen.jpeg;12V4000M70;78;50;XS526040.00011;SEALING RING SIZE 0;nan;165,800 g;SI;X52404200052;5240160319;ok;importar;import_superseded;relacion superseded clara;import_superseded;relacion superseded clara;engine_12V4000M70.json;1900375;78;5240160319;SEALING RING SIZE 0;nan;165,800 g;SI;Superseded;X52404200052;5240160319;ok;importar;yes
5240161580;GASKET FOR CYLINDER HEAD;5240161580;publish;"Engine: 12V4000M40A
Part Number: 5240161580
Designation: GASKET FOR CYLINDER HEAD
Measurement: 
Weight: 230 G
Source Page: 64
BOM: XS526040.00013
Substitution Status: SI
New Part Number: X52404200043
Superseded List: 5240161580";GASKET FOR CYLINDER HEAD;;12VM40A-41;12V4000M40A, Superseded, importar;simple;https://milu-naval.mystagingwebsite.com/wp-content/uploads/2026/02/12V4000M40A-0063-02-120.webp;12V4000M40A;64;120;XS526040.00013;GASKET FOR CYLINDER HEAD;;230 G;SI;X52404200043;5240161580;ok;importar;import_superseded;ya existe en WordPress/product-export | relacion superseded clara;import_superseded;ya existe en WordPress/product-export | relacion superseded clara;engine_12V4000M40A.json;1101000;64;5240161580;GASKET FOR CYLINDER HEAD;;230 G;SI;Superseded;X52404200043;5240161580;ok;importar;yes
5240530120;VALVE SPRING OUTER;5240530120;publish;"Engine: 12V4000M40A
Part Number: 5240530120
Designation: VALVE SPRING OUTER
Measurement: 
Weight: 0.147 KGM
Source Page: 65
BOM: 5240106920
Substitution Status: SI
New Part Number: X52404100107
Superseded List: 5240530120";VALVE SPRING OUTER;;12VM40A-41;12V4000M40A, Superseded, importar;simple;https://milu-naval.mystagingwebsite.com/wp-content/uploads/2026/01/5240530120.jpeg, https://milu-naval.mystagingwebsite.com/wp-content/uploads/2026/02/12V4000M40A-0065-01-25.webp;12V4000M40A;65;25;5240106920;VALVE SPRING OUTER;;0.147 KGM;SI;X52404100107;5240530120;ok;importar;import_superseded;relacion superseded clara;import_superseded;relacion superseded clara;engine_12V4000M40A.json;1101083;65;5240530120;VALVE SPRING OUTER;;0.147 KGM;SI;Superseded;X52404100107;5240530120;ok;importar;yes
5240530125;RETAINER VALVE SPRING;5240530125;publish;"Engine: 12V4000M40A
Part Number: 5240530125
Designation: RETAINER VALVE SPRING
Measurement: 
Weight: 0,034 KG
Source Page: 65
BOM: 5240106920
Substitution Status: SI
New Part Number: X52404100293
Superseded List: 5240530125";RETAINER VALVE SPRING;;12VM40A-41;12V4000M40A, Superseded, importar;simple;https://milu-naval.mystagingwebsite.com/wp-content/uploads/2026/02/12V4000M40A-0065-01-30.webp;12V4000M40A;65;30;5240106920;RETAINER VALVE SPRING;;0,034 KG;SI;X52404100293;5240530125;ok;importar;import_superseded;acciones QA contradictorias para el mismo PN | estado QA requiere revision manual | conflictos detectados: designation_conflict, weight_conflict | relacion superseded clara;import_superseded;acciones QA contradictorias para el mismo PN | estado QA requiere revision manual | conflictos detectados: designation_conflict, weight_conflict | relacion superseded clara;engine_12V4000M40A.json;1101085;65;5240530125;RETAINER VALVE SPRING;;0,034 KG;SI;Superseded;X52404100293;5240530125;ok;importar;yes
700429039000;O-RING;700429039000;publish;"Engine: 12V4000M40A
Part Number: 700429039000
Designation: O-RING
Measurement: A 39,2 X 3
Weight: 0.002 KGM
Source Page: 65
BOM: 5240106920
Substitution Status: SI
New Part Number: 735252039000
Superseded List: 700429039000";O-RING;;12VM40A-41;12V4000M40A, Superseded, importar;simple;https://milu-naval.mystagingwebsite.com/wp-content/uploads/2026/02/12V4000M40A-0065-01-60.webp;12V4000M40A;65;60;5240106920;O-RING;A 39,2 X 3;0.002 KGM;SI;735252039000;700429039000;ok;importar;import_superseded;ya existe en WordPress/product-export | relacion superseded clara;import_superseded;ya existe en WordPress/product-export | relacion superseded clara;engine_12V4000M40A.json;1102069;65;700429039000;O-RING;A 39,2 X 3;0.002 KGM;SI;Superseded;735252039000;700429039000;ok;importar;yes
5240500344;FLANGE ASM CAMSHAFT THRUST BEARING;5240500344;publish;"Engine: 16V4000M90
Part Number: 5240500344
Designation: FLANGE ASM CAMSHAFT THRUST BEARING
Measurement: 
Weight: 1.981 kg
Source Page: 79
BOM: 050.00027
Substitution Status: SI
New Part Number: X52405300005
Superseded List: 5240500344";FLANGE ASM CAMSHAFT THRUST BEARING;;16VM90-51;16V4000M90, Superseded, importar;simple;https://milu-naval.mystagingwebsite.com/wp-content/uploads/2026/02/16V4000M90-0078-01-80.webp;16V4000M90;79;80;050.00027;FLANGE ASM CAMSHAFT THRUST BEARING;;1.981 kg;SI;X52405300005;5240500344;ok;importar;import_superseded;ya existe en WordPress/product-export | relacion superseded clara;import_superseded;ya existe en WordPress/product-export | relacion superseded clara;engine_16V4000M90.json;1600413;79;5240500344;FLANGE ASM CAMSHAFT THRUST BEARING;;1.981 kg;SI;Superseded;X52405300005;5240500344;ok;importar;yes
5240500930;PUSHROD;5240500930;publish;"Engine: 12V4000M40A
Part Number: 5240500930
Designation: PUSHROD
Measurement: 
Weight: 600 G
Source Page: 69
BOM: 050.00026
Substitution Status: SI
New Part Number: X52405400013
Superseded List: 5240500930";PUSHROD;;12VM40A-51;12V4000M40A, Superseded, importar;simple;https://milu-naval.mystagingwebsite.com/wp-content/uploads/2026/02/12V4000M40A-0068-02-100.webp;12V4000M40A;69;100;050.00026;PUSHROD;;600 G;SI;X52405400013;5240500930;ok;importar;import_superseded;conflictos detectados: designation_conflict, weight_conflict | ya existe en WordPress/product-export | relacion superseded clara;import_superseded;conflictos detectados: designation_conflict, weight_conflict | ya existe en WordPress/product-export | relacion superseded clara;engine_12V4000M40A.json;1101074;69;5240500930;PUSHROD;;600 G;SI;Superseded;X52405400013;5240500930;ok;importar;yes
5260500001;CAMSHAFT FOR 12V;5260500001;publish;"Engine: 12V4000M40A
Part Number: 5260500001
Designation: CAMSHAFT FOR 12V
Measurement: 
Weight: 50,500 KG
Source Page: 69
BOM: 050.00026
Substitution Status: SI
New Part Number: X52605100017
Superseded List: 5260500001";CAMSHAFT FOR 12V;;12VM40A-51;12V4000M40A, Superseded, importar;simple;https://milu-naval.mystagingwebsite.com/wp-content/uploads/2026/02/12V4000M40A-0067-01-25.webp;12V4000M40A;69;25;050.00026;CAMSHAFT FOR 12V;;50,500 KG;SI;X52605100017;5260500001;ok;importar;import_superseded;relacion superseded clara;import_superseded;relacion superseded clara;engine_12V4000M40A.json;1101337;69;5260500001;CAMSHAFT FOR 12V;;50,500 KG;SI;Superseded;X52605100017;5260500001;ok;importar;yes
E5260500001;CAMSHAFT;e5260500001;publish;"Engine: 12V4000M70
Part Number: E5260500001
Designation: CAMSHAFT
Measurement: 
Weight: 50,000 kg
Source Page: 84
BOM: 050.00026
Substitution Status: SI
New Part Number: X52605100017
Superseded List: E5260500001";CAMSHAFT;;12VM70-51;12V4000M70, Superseded, importar;simple;https://milu-naval.mystagingwebsite.com/wp-content/uploads/2026/01/sin_imagen.jpeg;12V4000M70;84;30;050.00026;CAMSHAFT;;50,000 kg;SI;X52605100017;E5260500001;ok;importar;import_superseded;relacion superseded clara;import_superseded;relacion superseded clara;engine_12V4000M70.json;1900407;84;E5260500001;CAMSHAFT;;50,000 kg;SI;Superseded;X52605100017;E5260500001;ok;importar;yes
X00021634;GEAR CAMSHAFT;x00021634;publish;"Engine: 12V4000M40A
Part Number: X00021634
Designation: GEAR CAMSHAFT
Measurement: 
Weight: 15,500 KG
Source Page: 69
BOM: 050.00026
Substitution Status: SI
New Part Number: X52405200022
Superseded List: X00021634";GEAR CAMSHAFT;;12VM40A-51;12V4000M40A, Superseded, importar;simple;https://milu-naval.mystagingwebsite.com/wp-content/uploads/2026/02/12V4000M40A-0067-02-40.webp;12V4000M40A;69;40;050.00026;GEAR CAMSHAFT;;15,500 KG;SI;X52405200022;X00021634;ok;importar;import_superseded;conflictos detectados: designation_conflict, weight_conflict | relacion superseded clara;import_superseded;conflictos detectados: designation_conflict, weight_conflict | relacion superseded clara;engine_12V4000M40A.json;1102477;69;X00021634;GEAR CAMSHAFT;;15,500 KG;SI;Superseded;X52405200022;X00021634;ok;importar;yes
5240502335;SWING FOLL.;5240502335;publish;"Engine: 12V4000M40A
Part Number: 5240502335
Designation: SWING FOLL.
Measurement: 
Weight: 8 KG
Source Page: 72
BOM: 050.00065
Substitution Status: SI
New Part Number: X52405500220
Superseded List: 5240502335";SWING FOLL.;;12VM40A-55;12V4000M40A, Superseded, importar;simple;https://milu-naval.mystagingwebsite.com/wp-content/uploads/2026/02/12V4000M40A-0072-01-40.webp;12V4000M40A;72;40;050.00065;SWING FOLL.;;8 KG;SI;X52405500220;5240502335;ok;importar;import_superseded;conflictos detectados: weight_conflict | relacion superseded clara;import_superseded;conflictos detectados: weight_conflict | relacion superseded clara;engine_12V4000M40A.json;1101077;72;5240502335;SWING FOLL.;;8 KG;SI;Superseded;X52405500220;5240502335;ok;importar;yes
5240551106;BRIDGE VALVE FLOATING BR;5240551106;publish;"Engine: 12V4000M40A
Part Number: 5240551106
Designation: BRIDGE VALVE FLOATING BR
Measurement: 24 PC 300 G
Weight: 
Source Page: 72
BOM: 050.00065
Substitution Status: SI
New Part Number: X52405500212
Superseded List: 5240551106";BRIDGE VALVE FLOATING BR;;12VM40A-55;12V4000M40A, Superseded, importar;simple;https://milu-naval.mystagingwebsite.com/wp-content/uploads/2026/02/12V4000M40A-0072-01-30.webp;12V4000M40A;72;30;050.00065;BRIDGE VALVE FLOATING BR;24 PC 300 G;;SI;X52405500212;5240551106;ok;importar;import_superseded;conflictos detectados: designation_conflict, weight_conflict | relacion superseded clara;import_superseded;conflictos detectados: designation_conflict, weight_conflict | relacion superseded clara;engine_12V4000M40A.json;1101105;72;5240551106;BRIDGE VALVE FLOATING BR;24 PC 300 G;;SI;Superseded;X52405500212;5240551106;ok;importar;yes
5240500434;ARM ROCKER EXHAUST 1;5240500434;publish;"Engine: 12V4000M40A
Part Number: 5240500434
Designation: ARM ROCKER EXHAUST 1
Measurement: 
Weight: 
Source Page: 73
BOM: 5240500833
Substitution Status: SI
New Part Number: X52405500215
Superseded List: 5240500434";ARM ROCKER EXHAUST 1;;12VM40A-55;12V4000M40A, Superseded, importar;simple;https://milu-naval.mystagingwebsite.com/wp-content/uploads/2026/02/12V4000M40A-0073-01-10.webp;12V4000M40A;73;10;5240500833;ARM ROCKER EXHAUST 1;;;SI;X52405500215;5240500434;ok;importar;import_superseded;conflictos detectados: designation_conflict | relacion superseded clara;import_superseded;conflictos detectados: designation_conflict | relacion superseded clara;engine_12V4000M40A.json;1101070;73;5240500434;ARM ROCKER EXHAUST 1;;;SI;Superseded;X52405500215;5240500434;ok;importar;yes
5240500436;ROCKER SHAFT SUPPORT 1;5240500436;publish;"Engine: 12V4000M40A
Part Number: 5240500436
Designation: ROCKER SHAFT SUPPORT 1
Measurement: 
Weight: 
Source Page: 73
BOM: 5240500833
Substitution Status: SI
New Part Number: X52405500217
Superseded List: 5240500436";ROCKER SHAFT SUPPORT 1;;12VM40A-55;12V4000M40A, Superseded, importar;simple;https://milu-naval.mystagingwebsite.com/wp-content/uploads/2026/02/12V4000M40A-0073-01-15.webp;12V4000M40A;73;15;5240500833;ROCKER SHAFT SUPPORT 1;;;SI;X52405500217;5240500436;ok;importar;import_superseded;relacion superseded clara;import_superseded;relacion superseded clara;engine_12V4000M40A.json;1101071;73;5240500436;ROCKER SHAFT SUPPORT 1;;;SI;Superseded;X52405500217;5240500436;ok;importar;yes
200988045000;RING SHIM;200988045000;publish;"Engine: 12V4000M70
Part Number: 200988045000
Designation: RING SHIM
Measurement: 
Weight: 8,600 g
Source Page: 90
BOM: X52405500145
Substitution Status: SI
New Part Number: X52499100774
Superseded List: 200988045000";RING SHIM;;12VM70-55;12V4000M70, Superseded, importar;simple;https://milu-naval.mystagingwebsite.com/wp-content/uploads/2026/01/sin_imagen.jpeg;12V4000M70;90;40;X52405500145;RING SHIM;;8,600 g;SI;X52499100774;200988045000;ok;importar;import_superseded;conflictos detectados: designation_conflict, weight_conflict | relacion superseded clara;import_superseded;conflictos detectados: designation_conflict, weight_conflict | relacion superseded clara;engine_12V4000M70.json;1900436;90;200988045000;RING SHIM;;8,600 g;SI;Superseded;X52499100774;200988045000;ok;importar;yes
5240550320;BOLT ADJUSTING;5240550320;publish;"Engine: 12V4000M40A
Part Number: 5240550320
Designation: BOLT ADJUSTING
Measurement: 
Weight: 66 G
Source Page: 74
BOM: 5240500433
Substitution Status: SI
New Part Number: X52499100259
Superseded List: 5240550320";BOLT ADJUSTING;;12VM40A-55;12V4000M40A, Superseded, importar;simple;https://milu-naval.mystagingwebsite.com/wp-content/uploads/2026/02/12V4000M40A-0074-01-20.webp;12V4000M40A;74;20;5240500433;BOLT ADJUSTING;;66 G;SI;X52499100259;5240550320;ok;importar;import_superseded;ya existe en WordPress/product-export | relacion superseded clara;import_superseded;ya existe en WordPress/product-export | relacion superseded clara;engine_12V4000M40A.json;1101092;74;5240550320;BOLT ADJUSTING;;66 G;SI;Superseded;X52499100259;5240550320;ok;importar;yes
5240550210;BEARING PEDESTAL;5240550210;publish;"Engine: 12V4000M40A
Part Number: 5240550210
Designation: BEARING PEDESTAL
Measurement: 
Weight: 
Source Page: 76
BOM: 5240500436
Substitution Status: SI
New Part Number: X52405500217
Superseded List: 5240550210";BEARING PEDESTAL;;12VM40A-55;12V4000M40A, Superseded, importar;simple;https://milu-naval.mystagingwebsite.com/wp-content/uploads/2026/02/12V4000M40A-0076-01-5.webp;12V4000M40A;76;5;5240500436;BEARING PEDESTAL;;;SI;X52405500217;5240550210;ok;importar;import_superseded;relacion superseded clara;import_superseded;relacion superseded clara;engine_12V4000M40A.json;1101091;76;5240550210;BEARING PEDESTAL;;;SI;Superseded;X52405500217;5240550210;ok;importar;yes
5240550705;ROCKER SHAFT;5240550705;publish;"Engine: 12V4000M40A
Part Number: 5240550705
Designation: ROCKER SHAFT
Measurement: 
Weight: 
Source Page: 76
BOM: 5240500436
Substitution Status: SI
New Part Number: X52405500097
Superseded List: 5240550705";ROCKER SHAFT;;12VM40A-55;12V4000M40A, Superseded, importar;simple;https://milu-naval.mystagingwebsite.com/wp-content/uploads/2026/02/12V4000M40A-0076-01-10.webp;12V4000M40A;76;10;5240500436;ROCKER SHAFT;;;SI;X52405500097;5240550705;ok;importar;import_superseded;conflictos detectados: designation_conflict | ya existe en WordPress/product-export | relacion superseded clara;import_superseded;conflictos detectados: designation_conflict | ya existe en WordPress/product-export | relacion superseded clara;engine_12V4000M40A.json;1101104;76;5240550705;ROCKER SHAFT;;;SI;Superseded;X52405500097;5240550705;ok;importar;yes
5240502135;SWING FOLL. INLET;5240502135;publish;"Engine: 12V4000M40A
Part Number: 5240502135
Designation: SWING FOLL. INLET
Measurement: 
Weight: 
Source Page: 77
BOM: 5240502335
Substitution Status: SI
New Part Number: X52405500137
Superseded List: 5240502135";SWING FOLL. INLET;;12VM40A-55;12V4000M40A, Superseded, importar;simple;https://milu-naval.mystagingwebsite.com/wp-content/uploads/2026/02/12V4000M40A-0077-01-5.webp;12V4000M40A;77;5;5240502335;SWING FOLL. INLET;;;SI;X52405500137;5240502135;ok;importar;import_superseded;ya existe en WordPress/product-export | relacion superseded clara;import_superseded;ya existe en WordPress/product-export | relacion superseded clara;engine_12V4000M40A.json;1101075;77;5240502135;SWING FOLL. INLET;;;SI;Superseded;X52405500137;5240502135;ok;importar;yes
5240502235;SWING FOLL. EXHAUST;5240502235;publish;"Engine: 12V4000M40A
Part Number: 5240502235
Designation: SWING FOLL. EXHAUST
Measurement: 
Weight: 
Source Page: 77
BOM: 5240502335
Substitution Status: SI
New Part Number: X52405500138
Superseded List: 5240502235";SWING FOLL. EXHAUST;;12VM40A-55;12V4000M40A, Superseded, importar;simple;https://milu-naval.mystagingwebsite.com/wp-content/uploads/2026/02/12V4000M40A-0077-01-10.webp;12V4000M40A;77;10;5240502335;SWING FOLL. EXHAUST;;;SI;X52405500138;5240502235;ok;importar;import_superseded;ya existe en WordPress/product-export | relacion superseded clara;import_superseded;ya existe en WordPress/product-export | relacion superseded clara;engine_12V4000M40A.json;1101076;77;5240502235;SWING FOLL. EXHAUST;;;SI;Superseded;X52405500138;5240502235;ok;importar;yes
5240550018;ROLLER;5240550018;publish;"Engine: 12V4000M40A
Part Number: 5240550018
Designation: ROLLER
Measurement: 
Weight: 0.269 KGM
Source Page: 78
BOM: 5240502135
Substitution Status: SI
New Part Number: X52405500164
Superseded List: 5240550018";ROLLER;;12VM40A-55;12V4000M40A, Superseded, importar;simple;https://milu-naval.mystagingwebsite.com/wp-content/uploads/2026/02/12V4000M40A-0078-01-15.webp;12V4000M40A;78;15;5240502135;ROLLER;;0.269 KGM;SI;X52405500164;5240550018;ok;importar;import_superseded;relacion superseded clara;import_superseded;relacion superseded clara;engine_12V4000M40A.json;1101088;78;5240550018;ROLLER;;0.269 KGM;SI;Superseded;X52405500164;5240550018;ok;importar;yes
5240550501;ROCKER ARM FOLLOWER SWING INLET CAM;5240550501;publish;"Engine: 12V4000M40A
Part Number: 5240550501
Designation: ROCKER ARM FOLLOWER SWING INLET CAM
Measurement: 
Weight: 
Source Page: 78
BOM: 5240502135
Substitution Status: SI
New Part Number: X52405500137
Superseded List: 5240550501";ROCKER ARM FOLLOWER SWING INLET CAM;;12VM40A-55;12V4000M40A, Superseded, importar;simple;https://milu-naval.mystagingwebsite.com/wp-content/uploads/2026/02/12V4000M40A-0078-01-5.webp;12V4000M40A;78;5;5240502135;ROCKER ARM FOLLOWER SWING INLET CAM;;;SI;X52405500137;5240550501;ok;importar;import_superseded;conflictos detectados: designation_conflict | ya existe en WordPress/product-export | relacion superseded clara;import_superseded;conflictos detectados: designation_conflict | ya existe en WordPress/product-export | relacion superseded clara;engine_12V4000M40A.json;1101094;78;5240550501;ROCKER ARM FOLLOWER SWING INLET CAM;;;SI;Superseded;X52405500137;5240550501;ok;importar;yes
5240550650;BUSHING;5240550650;publish;"Engine: 12V4000M40A
Part Number: 5240550650
Designation: BUSHING
Measurement: 
Weight: 30 G
Source Page: 78
BOM: 5240502135
Substitution Status: SI
New Part Number: X52499100179
Superseded List: 5240550650";BUSHING;;12VM40A-55;12V4000M40A, Superseded, importar;simple;https://milu-naval.mystagingwebsite.com/wp-content/uploads/2026/02/12V4000M40A-0078-01-20.webp;12V4000M40A;78;20;5240502135;BUSHING;;30 G;SI;X52499100179;5240550650;ok;importar;import_superseded;conflictos detectados: weight_conflict | relacion superseded clara;import_superseded;conflictos detectados: weight_conflict | relacion superseded clara;engine_12V4000M40A.json;1101101;78;5240550650;BUSHING;;30 G;SI;Superseded;X52499100179;5240550650;ok;importar;yes
5550540174;PIN;5550540174;publish;"Engine: 12V4000M40A
Part Number: 5550540174
Designation: PIN
Measurement: 
Weight: 45 G
Source Page: 78
BOM: 5240502135
Substitution Status: SI
New Part Number: X52499100180
Superseded List: 5550540174";PIN;;12VM40A-55;12V4000M40A, Superseded, importar;simple;https://milu-naval.mystagingwebsite.com/wp-content/uploads/2026/02/12V4000M40A-0078-01-25.webp;12V4000M40A;78;25;5240502135;PIN;;45 G;SI;X52499100180;5550540174;ok;importar;import_superseded;acciones QA contradictorias para el mismo PN | estado QA requiere revision manual | conflictos detectados: weight_conflict | relacion superseded clara;import_superseded;acciones QA contradictorias para el mismo PN | estado QA requiere revision manual | conflictos detectados: weight_conflict | relacion superseded clara;engine_12V4000M40A.json;1101497;78;5550540174;PIN;;45 G;SI;Superseded;X52499100180;5550540174;ok;importar;yes
5240550601;ROCKER ARM FOLLOWER SWING EXHAUST CAM 4000;5240550601;publish;"Engine: 12V4000M40A
Part Number: 5240550601
Designation: ROCKER ARM FOLLOWER SWING EXHAUST CAM 4000
Measurement: 
Weight: 
Source Page: 79
BOM: 5240502235
Substitution Status: SI
New Part Number: X52405500138
Superseded List: 5240550601";ROCKER ARM FOLLOWER SWING EXHAUST CAM 4000;;12VM40A-55;12V4000M40A, Superseded, importar;simple;https://milu-naval.mystagingwebsite.com/wp-content/uploads/2026/02/12V4000M40A-0079-01-5.webp;12V4000M40A;79;5;5240502235;ROCKER ARM FOLLOWER SWING EXHAUST CAM 4000;;;SI;X52405500138;5240550601;ok;importar;import_superseded;conflictos detectados: designation_conflict | ya existe en WordPress/product-export | relacion superseded clara;import_superseded;conflictos detectados: designation_conflict | ya existe en WordPress/product-export | relacion superseded clara;engine_12V4000M40A.json;1101100;79;5240550601;ROCKER ARM FOLLOWER SWING EXHAUST CAM 4000;;;SI;Superseded;X52405500138;5240550601;ok;importar;yes
5240161005;COVER CYLINDER HEAD;5240161005;publish;"Engine: 12V4000M40A
Part Number: 5240161005
Designation: COVER CYLINDER HEAD
Measurement: 
Weight: 1.94 KGM
Source Page: 80
BOM: 050.00094
Substitution Status: SI
New Part Number: X52405500120
Superseded List: 5240161005";COVER CYLINDER HEAD;;12VM40A-55;12V4000M40A, Superseded, importar;simple;https://milu-naval.mystagingwebsite.com/wp-content/uploads/2026/02/12V4000M40A-0080-01-5.webp;12V4000M40A;80;5;050.00094;COVER CYLINDER HEAD;;1.94 KGM;SI;X52405500120;5240161005;ok;importar;import_superseded;relacion superseded clara;import_superseded;relacion superseded clara;engine_12V4000M40A.json;1100999;80;5240161005;COVER CYLINDER HEAD;;1.94 KGM;SI;Superseded;X52405500120;5240161005;ok;importar;yes
5260701101;HP FUEL PUMP;5260701101;publish;"Engine: 12V4000M70
Part Number: 5260701101
Designation: HP FUEL PUMP
Measurement: EM
Weight: 62,000 kg
Source Page: 96
BOM: 070.00056
Substitution Status: SI
New Part Number: EX52607300010/87
Superseded List: 5260701101";HP FUEL PUMP;;12VM70-73;12V4000M70, Superseded, importar;simple;https://milu-naval.mystagingwebsite.com/wp-content/uploads/2026/01/sin_imagen.jpeg;12V4000M70;96;5;070.00056;HP FUEL PUMP;EM;62,000 kg;SI;EX52607300010/87;5260701101;ok;importar;import_superseded;conflictos detectados: weight_conflict | relacion superseded clara;import_superseded;conflictos detectados: weight_conflict | relacion superseded clara;engine_12V4000M70.json;1900465;96;5260701101;HP FUEL PUMP;EM;62,000 kg;SI;Superseded;EX52607300010/87;5260701101;ok;importar;yes
E5260701101;HP PUMP;e5260701101;publish;"Engine: 12V4000M70
Part Number: E5260701101
Designation: HP PUMP
Measurement: MN EM
Weight: 62,000 kg
Source Page: 96
BOM: 070.00056
Substitution Status: SI
New Part Number: EX52607300010/87
Superseded List: E5260701101";HP PUMP;;12VM70-73;12V4000M70, Superseded, importar;simple;https://milu-naval.mystagingwebsite.com/wp-content/uploads/2026/01/sin_imagen.jpeg;12V4000M70;96;30;070.00056;HP PUMP;MN EM;62,000 kg;SI;EX52607300010/87;E5260701101;ok;importar;import_superseded;conflictos detectados: weight_conflict | relacion superseded clara;import_superseded;conflictos detectados: weight_conflict | relacion superseded clara;engine_12V4000M70.json;1900464;96;E5260701101;HP PUMP;MN EM;62,000 kg;SI;Superseded;EX52607300010/87;E5260701101;ok;importar;yes
R5260701101;HP PUMP;r5260701101;publish;"Engine: 12V4000M40A
Part Number: R5260701101
Designation: HP PUMP
Measurement: 
Weight: 64 G
Source Page: 82
BOM: 070.00056
Substitution Status: SI
New Part Number: RX52607300010/87
Superseded List: R5260701101";HP PUMP;;12VM40A-73;12V4000M40A, Superseded, importar;simple;https://milu-naval.mystagingwebsite.com/wp-content/uploads/2026/02/12V4000M40A-0082-01-35.webp;12V4000M40A;82;35;070.00056;HP PUMP;;64 G;SI;RX52607300010/87;R5260701101;ok;importar;import_superseded;acciones QA contradictorias para el mismo PN | estado QA requiere revision manual | conflictos detectados: designation_conflict | relacion superseded clara;import_superseded;acciones QA contradictorias para el mismo PN | estado QA requiere revision manual | conflictos detectados: designation_conflict | relacion superseded clara;engine_12V4000M40A.json;1102433;82;R5260701101;HP PUMP;;64 G;SI;Superseded;RX52607300010/87;R5260701101;ok;importar;yes
5240910024;DRIVE ADAPTER LP FUEL PMP M12X1.5-6G THD;5240910024;publish;"Engine: 12V4000M40A
Part Number: 5240910024
Designation: DRIVE ADAPTER LP FUEL PMP M12X1.5-6G THD
Measurement: 
Weight: 
Source Page: 83
BOM: 5260701101
Substitution Status: SI
New Part Number: X52725100099
Superseded List: 5240910024";DRIVE ADAPTER LP FUEL PMP M12X1.5-6G THD;;12VM40A-73;12V4000M40A, Superseded, importar;simple;https://milu-naval.mystagingwebsite.com/wp-content/uploads/2026/02/12V4000M40A-0083-01-15.webp;12V4000M40A;83;15;5260701101;DRIVE ADAPTER LP FUEL PMP M12X1.5-6G THD;;;SI;X52725100099;5240910024;ok;importar;import_superseded;acciones QA contradictorias para el mismo PN | estado QA requiere revision manual | conflictos detectados: designation_conflict | ya existe en WordPress/product-export | relacion superseded clara;import_superseded;acciones QA contradictorias para el mismo PN | estado QA requiere revision manual | conflictos detectados: designation_conflict | ya existe en WordPress/product-export | relacion superseded clara;engine_12V4000M40A.json;1101140;83;5240910024;DRIVE ADAPTER LP FUEL PMP M12X1.5-6G THD;;;SI;Superseded;X52725100099;5240910024;ok;importar;yes
8690740389;SOLENOID;8690740389;publish;"Engine: 12V4000M40A
Part Number: 8690740389
Designation: SOLENOID
Measurement: 
Weight: 2,060 KG
Source Page: 84
BOM: 8693000017
Substitution Status: SI
New Part Number: 8690740395
Superseded List: 8690740389";SOLENOID;;12VM40A-73;12V4000M40A, Superseded, importar;simple;https://milu-naval.mystagingwebsite.com/wp-content/uploads/2026/02/12V4000M40A-0084-01-20.webp;12V4000M40A;84;20;8693000017;SOLENOID;;2,060 KG;SI;8690740395;8690740389;ok;importar;import_superseded;conflictos detectados: weight_conflict | relacion superseded clara;import_superseded;conflictos detectados: weight_conflict | relacion superseded clara;engine_12V4000M40A.json;1101684;84;8690740389;SOLENOID;;2,060 KG;SI;Superseded;8690740395;8690740389;ok;importar;yes
0010107351;INJECTOR;0010107351;publish;"Engine: 12V4000M40A
Part Number: 0010107351
Designation: INJECTOR
Measurement: 
Weight: 1,001 KG
Source Page: 88
BOM: 070.00123
Substitution Status: SI
New Part Number: EX52407500049
Superseded List: 0010107351";INJECTOR;;12VM40A-75;12V4000M40A, Superseded, importar;simple;https://milu-naval.mystagingwebsite.com/wp-content/uploads/2026/02/12V4000M40A-0088-01-5.webp;12V4000M40A;88;5;070.00123;INJECTOR;;1,001 KG;SI;EX52407500049;0010107351;ok;importar;import_superseded;relacion superseded clara;import_superseded;relacion superseded clara;engine_12V4000M40A.json;1100234;88;0010107351;INJECTOR;;1,001 KG;SI;Superseded;EX52407500049;0010107351;ok;importar;yes
E0010107351;INJECTOR;e0010107351;publish;"Engine: 12V4000M40A
Part Number: E0010107351
Designation: INJECTOR
Measurement: 
Weight: 800 G
Source Page: 88
BOM: 070.00123
Substitution Status: SI
New Part Number: EX52407500049
Superseded List: E0010107351";INJECTOR;;12VM40A-75;12V4000M40A, Superseded, importar;simple;https://milu-naval.mystagingwebsite.com/wp-content/uploads/2026/02/12V4000M40A-0088-01-25.webp;12V4000M40A;88;25;070.00123;INJECTOR;;800 G;SI;EX52407500049;E0010107351;ok;importar;import_superseded;relacion superseded clara;import_superseded;relacion superseded clara;engine_12V4000M40A.json;1102425;88;E0010107351;INJECTOR;;800 G;SI;Superseded;EX52407500049;E0010107351;ok;importar;yes
R0010107351;INJECTOR;r0010107351;publish;"Engine: 12V4000M40A
Part Number: R0010107351
Designation: INJECTOR
Measurement: 
Weight: 1,920 KG
Source Page: 88
BOM: 070.00123
Substitution Status: SI
New Part Number: RX52407500049
Superseded List: R0010107351";INJECTOR;;12VM40A-75;12V4000M40A, Superseded, importar;simple;https://milu-naval.mystagingwebsite.com/wp-content/uploads/2026/02/12V4000M40A-0088-01-30.webp;12V4000M40A;88;30;070.00123;INJECTOR;;1,920 KG;SI;RX52407500049;R0010107351;ok;importar;import_superseded;relacion superseded clara;import_superseded;relacion superseded clara;engine_12V4000M40A.json;1102430;88;R0010107351;INJECTOR;;1,920 KG;SI;Superseded;RX52407500049;R0010107351;ok;importar;yes
700429021001;O-RING;700429021001;publish;"Engine: 12V4000M40A
Part Number: 700429021001
Designation: O-RING
Measurement: A 21 X 2
Weight: 0.001 KGM
Source Page: 89
BOM: 0010107351
Substitution Status: SI
New Part Number: XP53207700002
Superseded List: 700429021001";O-RING;;12VM40A-75;12V4000M40A, Superseded, importar;simple;https://milu-naval.mystagingwebsite.com/wp-content/uploads/2026/02/12V4000M40A-0089-01-5.webp;12V4000M40A;89;5;0010107351;O-RING;A 21 X 2;0.001 KGM;SI;XP53207700002;700429021001;ok;importar;import_superseded;relacion superseded clara;import_superseded;relacion superseded clara;engine_12V4000M40A.json;1102048;89;700429021001;O-RING;A 21 X 2;0.001 KGM;SI;Superseded;XP53207700002;700429021001;ok;importar;yes
0000787949;VALVE FLOW RESTRICTOR;0000787949;publish;"Engine: 12V4000M40A
Part Number: 0000787949
Designation: VALVE FLOW RESTRICTOR
Measurement: 
Weight: 408,600 G
Source Page: 92
BOM: 070.00058
Substitution Status: SI
New Part Number: X52407800004
Superseded List: 0000787949";VALVE FLOW RESTRICTOR;;12VM40A-77;12V4000M40A, Superseded, importar;simple;https://milu-naval.mystagingwebsite.com/wp-content/uploads/2026/02/12V4000M40A-0091-02-100.webp;12V4000M40A;92;100;070.00058;VALVE FLOW RESTRICTOR;;408,600 G;SI;X52407800004;0000787949;ok;importar;import_superseded;ya existe en WordPress/product-export | relacion superseded clara;import_superseded;ya existe en WordPress/product-export | relacion superseded clara;engine_12V4000M40A.json;1100099;92;0000787949;VALVE FLOW RESTRICTOR;;408,600 G;SI;Superseded;X52407800004;0000787949;ok;importar;yes
5240780768;CONNECTING PIECE;5240780768;publish;"Engine: 12V4000M40A
Part Number: 5240780768
Designation: CONNECTING PIECE
Measurement: 
Weight: 930 G
Source Page: 92
BOM: 070.00058
Substitution Status: SI
New Part Number: X52499100586
Superseded List: 5240780768";CONNECTING PIECE;;12VM40A-77;12V4000M40A, Superseded, importar;simple;https://milu-naval.mystagingwebsite.com/wp-content/uploads/2026/02/12V4000M40A-0091-02-90.webp;12V4000M40A;92;90;070.00058;CONNECTING PIECE;;930 G;SI;X52499100586;5240780768;ok;importar;import_superseded;acciones QA contradictorias para el mismo PN | estado QA requiere revision manual | conflictos detectados: designation_conflict | relacion superseded clara;import_superseded;acciones QA contradictorias para el mismo PN | estado QA requiere revision manual | conflictos detectados: designation_conflict | relacion superseded clara;engine_12V4000M40A.json;1101123;92;5240780768;CONNECTING PIECE;;930 G;SI;Superseded;X52499100586;5240780768;ok;importar;yes
735038020112;HOSE;735038020112;publish;"Engine: 12V4000M40A
Part Number: 735038020112
Designation: HOSE
Measurement: 1SC 19 CC 800
Weight: 0.89 KGM
Source Page: 99
BOM: XS527080.00016
Substitution Status: SI
New Part Number: 735038008135/N20
Superseded List: 735038020112";HOSE;;12VM40A-80;12V4000M40A, Superseded, importar;simple;https://milu-naval.mystagingwebsite.com/wp-content/uploads/2026/02/12V4000M40A-0099-01-10.webp;12V4000M40A;99;10;XS527080.00016;HOSE;1SC 19 CC 800;0.89 KGM;SI;735038008135/N20;735038020112;ok;importar;import_superseded;relacion superseded clara;import_superseded;relacion superseded clara;engine_12V4000M40A.json;1102206;99;735038020112;HOSE;1SC 19 CC 800;0.89 KGM;SI;Superseded;735038008135/N20;735038020112;ok;importar;yes
000000003326;HEX SCREW;000000003326;publish;"Engine: 12V4000M40A
Part Number: 000000003326
Designation: HEX SCREW
Measurement: M 10 X 35
Weight: 0.027 KGM
Source Page: 104
BOM: X00030241
Substitution Status: SI
New Part Number: 000000003326/85
Superseded List: 000000003326";HEX SCREW;;12VM40A-81;12V4000M40A, Superseded, importar;simple;https://milu-naval.mystagingwebsite.com/wp-content/uploads/2026/02/12V4000M40A-0102-01-400.webp, https://milu-naval.mystagingwebsite.com/wp-content/uploads/2026/02/12V4000M40A-0103-01-400.webp;12V4000M40A;104;400;X00030241;HEX SCREW;M 10 X 35;0.027 KGM;SI;000000003326/85;000000003326;ok;importar;import_superseded;relacion superseded clara;import_superseded;relacion superseded clara;engine_12V4000M40A.json;1100070;104;000000003326;HEX SCREW;M 10 X 35;0.027 KGM;SI;Superseded;000000003326/85;000000003326;ok;importar;yes
5240900850;PUMP FUEL LOW PRESSURE (7.5 BAR);5240900850;publish;"Engine: 16V4000M61
Part Number: 5240900850
Designation: PUMP FUEL LOW PRESSURE (7.5 BAR)
Measurement: 
Weight: 5 KG EM
Source Page: 95
BOM: X00039344
Substitution Status: SI
New Part Number: X52408100021
Superseded List: 5240900850";PUMP FUEL LOW PRESSURE (7.5 BAR);;16VM61-80;16V4000M61, Superseded, importar;simple;https://milu-naval.mystagingwebsite.com/wp-content/uploads/2026/02/16V4000M61-0093-01-250.webp;16V4000M61;95;250;X00039344;PUMP FUEL LOW PRESSURE (7.5 BAR);;5 KG EM;SI;X52408100021;5240900850;ok;importar;import_superseded;acciones QA contradictorias para el mismo PN | estado QA requiere revision manual | conflictos detectados: designation_conflict, weight_conflict | relacion superseded clara;import_superseded;acciones QA contradictorias para el mismo PN | estado QA requiere revision manual | conflictos detectados: designation_conflict, weight_conflict | relacion superseded clara;engine_16V4000M61.json;1300509;95;5240900850;PUMP FUEL LOW PRESSURE (7.5 BAR);;5 KG EM;SI;Superseded;X52408100021;5240900850;ok;importar;yes
700429030002;O-RING;700429030002;publish;"Engine: 12V4000M40A
Part Number: 700429030002
Designation: O-RING
Measurement: A 30 X 4
Weight: 0.003 KGM
Source Page: 104
BOM: X00030241
Substitution Status: SI
New Part Number: 735252030000
Superseded List: 700429030002";O-RING;;12VM40A-81;12V4000M40A, Superseded, importar;simple;https://milu-naval.mystagingwebsite.com/wp-content/uploads/2026/02/12V4000M40A-0102-01-450.webp;12V4000M40A;104;450;X00030241;O-RING;A 30 X 4;0.003 KGM;SI;735252030000;700429030002;ok;importar;import_superseded;relacion superseded clara;import_superseded;relacion superseded clara;engine_12V4000M40A.json;1102058;104;700429030002;O-RING;A 30 X 4;0.003 KGM;SI;Superseded;735252030000;700429030002;ok;importar;yes
X52408100002;LINK;x52408100002;publish;"Engine: 12V4000M40A
Part Number: X52408100002
Designation: LINK
Measurement: 
Weight: 49 G
Source Page: 104
BOM: X00030241
Substitution Status: SI
New Part Number: X52408100007
Superseded List: X52408100002";LINK;;12VM40A-81;12V4000M40A, Superseded, importar;simple;https://milu-naval.mystagingwebsite.com/wp-content/uploads/2026/02/12V4000M40A-0102-01-300.webp;12V4000M40A;104;300;X00030241;LINK;;49 G;SI;X52408100007;X52408100002;ok;importar;import_superseded;conflictos detectados: weight_conflict | ya existe en WordPress/product-export | relacion superseded clara;import_superseded;conflictos detectados: weight_conflict | ya existe en WordPress/product-export | relacion superseded clara;engine_12V4000M40A.json;1102610;104;X52408100002;LINK;;49 G;SI;Superseded;X52408100007;X52408100002;ok;importar;yes
5240709632;FUEL RETURN LINE;5240709632;publish;"Engine: 12V4000M40A
Part Number: 5240709632
Designation: FUEL RETURN LINE
Measurement: 
Weight: 71 G
Source Page: 105
BOM: X00030241
Substitution Status: SI
New Part Number: X52408600003
Superseded List: 5240709632";FUEL RETURN LINE;;12VM40A-81;12V4000M40A, Superseded, importar;simple;https://milu-naval.mystagingwebsite.com/wp-content/uploads/2026/02/12V4000M40A-0104-01-2800.webp;12V4000M40A;105;2800;X00030241;FUEL RETURN LINE;;71 G;SI;X52408600003;5240709632;ok;importar;import_superseded;conflictos detectados: designation_conflict | relacion superseded clara;import_superseded;conflictos detectados: designation_conflict | relacion superseded clara;engine_12V4000M40A.json;1101115;105;5240709632;FUEL RETURN LINE;;71 G;SI;Superseded;X52408600003;5240709632;ok;importar;yes
X52408300004;COLLECTING TROUGH;x52408300004;publish;"Engine: 12V4000M40A
Part Number: X52408300004
Designation: COLLECTING TROUGH
Measurement: 
Weight: 
Source Page: 105
BOM: X00030241
Substitution Status: SI
New Part Number: X52408300016
Superseded List: X52408300004";COLLECTING TROUGH;;12VM40A-81;12V4000M40A, Superseded, importar;simple;https://milu-naval.mystagingwebsite.com/wp-content/uploads/2026/02/12V4000M40A-0103-01-1425.webp;12V4000M40A;105;1425;X00030241;COLLECTING TROUGH;;;SI;X52408300016;X52408300004;ok;importar;import_superseded;ya existe en WordPress/product-export | relacion superseded clara;import_superseded;ya existe en WordPress/product-export | relacion superseded clara;engine_12V4000M40A.json;1102611;105;X52408300004;COLLECTING TROUGH;;;SI;Superseded;X52408300016;X52408300004;ok;importar;yes
X52421300002;RETAINER FOR ALTER;x52421300002;publish;"Engine: 12V4000M40A
Part Number: X52421300002
Designation: RETAINER FOR ALTER
Measurement: 
Weight: 
Source Page: 105
BOM: X00030241
Substitution Status: SI
New Part Number: X52421300005
Superseded List: X52421300002";RETAINER FOR ALTER;;12VM40A-81;12V4000M40A, Superseded, revisar;simple;https://milu-naval.mystagingwebsite.com/wp-content/uploads/2026/02/12V4000M40A-0103-01-1600.webp;12V4000M40A;105;1600;X00030241;RETAINER FOR ALTER;;;SI;X52421300005;X52421300002;pendiente;revisar;import_superseded;estado QA requiere revision manual | ya existe en WordPress/product-export | relacion superseded clara;import_superseded;estado QA requiere revision manual | ya existe en WordPress/product-export | relacion superseded clara;engine_12V4000M40A.json;1102616;105;X52421300002;RETAINER FOR ALTER;;;SI;Superseded;X52421300005;X52421300002;pendiente;revisar;yes
X52450700016;RETAINER F. WIRING HARNESS;x52450700016;publish;"Engine: 12V4000M40A
Part Number: X52450700016
Designation: RETAINER F. WIRING HARNESS
Measurement: HC219/1
Weight: 1.566 KGM
Source Page: 105
BOM: X00030241
Substitution Status: SI
New Part Number: X52450700015
Superseded List: X52450700016";RETAINER F. WIRING HARNESS;;12VM40A-81;12V4000M40A, Superseded, importar;simple;https://milu-naval.mystagingwebsite.com/wp-content/uploads/2026/02/12V4000M40A-0103-01-1675.webp;12V4000M40A;105;1675;X00030241;RETAINER F. WIRING HARNESS;HC219/1;1.566 KGM;SI;X52450700015;X52450700016;ok;importar;import_superseded;ya existe en WordPress/product-export | relacion superseded clara;import_superseded;ya existe en WordPress/product-export | relacion superseded clara;engine_12V4000M40A.json;1102618;105;X52450700016;RETAINER F. WIRING HARNESS;HC219/1;1.566 KGM;SI;Superseded;X52450700015;X52450700016;ok;importar;yes
X00039852;FILTER HEAD FOR FUEL FILTER 1;x00039852;publish;"Engine: 12V4000M70
Part Number: X00039852
Designation: FILTER HEAD FOR FUEL FILTER 1
Measurement: nan
Weight: nan
Source Page: 116
BOM: X00035409
Substitution Status: SI
New Part Number: X52608300039
Superseded List: X00039852";FILTER HEAD FOR FUEL FILTER 1;;12VM70-81;12V4000M70, Superseded, importar;simple;https://milu-naval.mystagingwebsite.com/wp-content/uploads/2026/01/sin_imagen.jpeg;12V4000M70;116;50;X00035409;FILTER HEAD FOR FUEL FILTER 1;nan;nan;SI;X52608300039;X00039852;ok;importar;import_superseded;conflictos detectados: designation_conflict | relacion superseded clara;import_superseded;conflictos detectados: designation_conflict | relacion superseded clara;engine_12V4000M70.json;1900666;116;X00039852;FILTER HEAD FOR FUEL FILTER 1;nan;nan;SI;Superseded;X52608300039;X00039852;ok;importar;yes
X00039514;EXHAUST TURBOCHARGER RIGHT S;x00039514;publish;"Engine: 12V4000M40A
Part Number: X00039514
Designation: EXHAUST TURBOCHARGER RIGHT S
Measurement: 
Weight: 76,200 KG EM
Source Page: 120
BOM: X00039534
Substitution Status: SI
New Part Number: EX00039514
Superseded List: X00039514";EXHAUST TURBOCHARGER RIGHT S;;12VM40A-101;12V4000M40A, Superseded, revisar;simple;https://milu-naval.mystagingwebsite.com/wp-content/uploads/2026/02/12V4000M40A-0119-01-100.webp;12V4000M40A;120;100;X00039534;EXHAUST TURBOCHARGER RIGHT S;;76,200 KG EM;SI;EX00039514;X00039514;pendiente;revisar;import_superseded;estado QA requiere revision manual | relacion superseded clara;import_superseded;estado QA requiere revision manual | relacion superseded clara;engine_12V4000M40A.json;1102519;120;X00039514;EXHAUST TURBOCHARGER RIGHT S;;76,200 KG EM;SI;Superseded;EX00039514;X00039514;pendiente;revisar;yes
5110250052;WASHER;5110250052;publish;"Engine: 16V4000M90
Part Number: 5110250052
Designation: WASHER
Measurement: 
Weight: 
Source Page: 128
BOM: X52710100017
Substitution Status: SI
New Part Number: X59599100058
Superseded List: 5110250052";WASHER;;16VM90-101;16V4000M90, Superseded, importar;simple;https://milu-naval.mystagingwebsite.com/wp-content/uploads/2026/02/16V4000M90-0128-01-600.webp;16V4000M90;128;600;X52710100017;WASHER;;;SI;X59599100058;5110250052;ok;importar;import_superseded;acciones QA contradictorias para el mismo PN | estado QA requiere revision manual | ya existe en WordPress/product-export | relacion superseded clara;import_superseded;acciones QA contradictorias para el mismo PN | estado QA requiere revision manual | ya existe en WordPress/product-export | relacion superseded clara;engine_16V4000M90.json;1600788;128;5110250052;WASHER;;;SI;Superseded;X59599100058;5110250052;ok;importar;yes
5110850960;RING SEAL ASM;5110850960;publish;"Engine: 12V4000M70
Part Number: 5110850960
Designation: RING SEAL ASM
Measurement: 
Weight: 5,800 g
Source Page: 130
BOM: X52610100073
Substitution Status: SI
New Part Number: XT3510100044
Superseded List: 5110850960";RING SEAL ASM;;12VM70-100;12V4000M70, Superseded, importar;simple;https://milu-naval.mystagingwebsite.com/wp-content/uploads/2026/01/5110850960.jpeg;12V4000M70;130;150;X52610100073;RING SEAL ASM;;5,800 g;SI;XT3510100044;5110850960;ok;importar;import_superseded;acciones QA contradictorias para el mismo PN | estado QA requiere revision manual | conflictos detectados: designation_conflict, weight_conflict | relacion superseded clara;import_superseded;acciones QA contradictorias para el mismo PN | estado QA requiere revision manual | conflictos detectados: designation_conflict, weight_conflict | relacion superseded clara;engine_12V4000M70.json;1900773;130;5110850960;RING SEAL ASM;;5,800 g;SI;Superseded;XT3510100044;5110850960;ok;importar;yes
700425000049;LABEL MTU ABGASTURBOLADER ID 39;700425000049;publish;"Engine: 16V4000M73L
Part Number: 700425000049
Designation: LABEL MTU ABGASTURBOLADER ID 39
Measurement: 39
Weight: 3,900 G
Source Page: 133
BOM: X59510100080
Substitution Status: SI
New Part Number: 700425000369
Superseded List: 700425000049";LABEL MTU ABGASTURBOLADER ID 39;;16VM73L-100;16V4000M73L, Superseded, importar;simple;https://milu-naval.mystagingwebsite.com/wp-content/uploads/2026/02/16V4000M73L-0132-01-290.webp;16V4000M73L;133;290;X59510100080;LABEL MTU ABGASTURBOLADER ID 39;39;3,900 G;SI;700425000369;700425000049;ok;importar;import_superseded;acciones QA contradictorias para el mismo PN | estado QA requiere revision manual | conflictos detectados: designation_conflict, weight_conflict | relacion superseded clara;import_superseded;acciones QA contradictorias para el mismo PN | estado QA requiere revision manual | conflictos detectados: designation_conflict, weight_conflict | relacion superseded clara;engine_16V4000M73L.json;1500768;133;700425000049;LABEL MTU ABGASTURBOLADER ID 39;39;3,900 G;SI;Superseded;700425000369;700425000049;ok;importar;yes
X00039517;EXHAUST TURBOCHARGER LEFT SIDE;x00039517;publish;"Engine: 12V4000M40A
Part Number: X00039517
Designation: EXHAUST TURBOCHARGER LEFT SIDE
Measurement: 
Weight: 
Source Page: 126
BOM: X00039533
Substitution Status: SI
New Part Number: EX00039517
Superseded List: X00039517";EXHAUST TURBOCHARGER LEFT SIDE;;12VM40A-101;12V4000M40A, Superseded, importar;simple;https://milu-naval.mystagingwebsite.com/wp-content/uploads/2026/02/12V4000M40A-0125-01-10.webp;12V4000M40A;126;10;X00039533;EXHAUST TURBOCHARGER LEFT SIDE;;;SI;EX00039517;X00039517;ok;importar;import_superseded;relacion superseded clara;import_superseded;relacion superseded clara;engine_12V4000M40A.json;1102520;126;X00039517;EXHAUST TURBOCHARGER LEFT SIDE;;;SI;Superseded;EX00039517;X00039517;ok;importar;yes
5242006152;CONDENSATE LIN;5242006152;publish;"Engine: 12V4000M40A
Part Number: 5242006152
Designation: CONDENSATE LIN
Measurement: 
Weight: 147,400 G
Source Page: 131
BOM: X00023232
Substitution Status: SI
New Part Number: X52620300034
Superseded List: 5242006152";CONDENSATE LIN;;12VM40A-111;12V4000M40A, Superseded, revisar;simple;https://milu-naval.mystagingwebsite.com/wp-content/uploads/2026/02/12V4000M40A-0130-01-85.webp;12V4000M40A;131;85;X00023232;CONDENSATE LIN;;147,400 G;SI;X52620300034;5242006152;pendiente;revisar;import_superseded;estado QA requiere revision manual | ya existe en WordPress/product-export | relacion superseded clara;import_superseded;estado QA requiere revision manual | ya existe en WordPress/product-export | relacion superseded clara;engine_12V4000M40A.json;1101260;131;5242006152;CONDENSATE LIN;;147,400 G;SI;Superseded;X52620300034;5242006152;pendiente;revisar;yes
5260981120;COOLER CHARGE;5260981120;publish;"Engine: 12V4000M40A
Part Number: 5260981120
Designation: COOLER CHARGE
Measurement: 
Weight: 52,500 KG
Source Page: 131
BOM: X00023232
Substitution Status: SI
New Part Number: X52611100021/87
Superseded List: 5260981120";COOLER CHARGE;;12VM40A-111;12V4000M40A, Superseded, importar;simple;https://milu-naval.mystagingwebsite.com/wp-content/uploads/2026/02/12V4000M40A-0130-01-15.webp;12V4000M40A;131;15;X00023232;COOLER CHARGE;;52,500 KG;SI;X52611100021/87;5260981120;ok;importar;import_superseded;conflictos detectados: designation_conflict | relacion superseded clara;import_superseded;conflictos detectados: designation_conflict | relacion superseded clara;engine_12V4000M40A.json;1101351;131;5260981120;COOLER CHARGE;;52,500 KG;SI;Superseded;X52611100021/87;5260981120;ok;importar;yes
5260981220;COOLER CHARGE;5260981220;publish;"Engine: 12V4000M40A
Part Number: 5260981220
Designation: COOLER CHARGE
Measurement: 
Weight: 57 KG
Source Page: 131
BOM: X00023232
Substitution Status: SI
New Part Number: X52611300033/87
Superseded List: 5260981220";COOLER CHARGE;;12VM40A-111;12V4000M40A, Superseded, importar;simple;https://milu-naval.mystagingwebsite.com/wp-content/uploads/2026/02/12V4000M40A-0131-01-215.webp;12V4000M40A;131;215;X00023232;COOLER CHARGE;;57 KG;SI;X52611300033/87;5260981220;ok;importar;import_superseded;conflictos detectados: designation_conflict, weight_conflict | relacion superseded clara;import_superseded;conflictos detectados: designation_conflict, weight_conflict | relacion superseded clara;engine_12V4000M40A.json;1101352;131;5260981220;COOLER CHARGE;;57 KG;SI;Superseded;X52611300033/87;5260981220;ok;importar;yes
5240980907;MANIFOLD INTAKE CHRG AIR CENTER;5240980907;publish;"Engine: 12V4000M40A
Part Number: 5240980907
Designation: MANIFOLD INTAKE CHRG AIR CENTER
Measurement: 
Weight: 8 KGM
Source Page: 143
BOM: 120.00227
Substitution Status: SI
New Part Number: X59512400001
Superseded List: 5240980907";MANIFOLD INTAKE CHRG AIR CENTER;;12VM40A-124;12V4000M40A, Superseded, importar;simple;https://milu-naval.mystagingwebsite.com/wp-content/uploads/2026/02/12V4000M40A-0142-01-15.webp, https://milu-naval.mystagingwebsite.com/wp-content/uploads/2026/02/12V4000M40A-0142-02-15.webp;12V4000M40A;143;15;120.00227;MANIFOLD INTAKE CHRG AIR CENTER;;8 KGM;SI;X59512400001;5240980907;ok;importar;import_superseded;relacion superseded clara;import_superseded;relacion superseded clara;engine_12V4000M40A.json;1101146;143;5240980907;MANIFOLD INTAKE CHRG AIR CENTER;;8 KGM;SI;Superseded;X59512400001;5240980907;ok;importar;yes
5240981107;CHARGE-AIR-PIPE END PIECE, RIGHT BR4000;5240981107;publish;"Engine: 16V4000M90
Part Number: 5240981107
Designation: CHARGE-AIR-PIPE END PIECE, RIGHT BR4000
Measurement: 
Weight: 
Source Page: 153
BOM: 120.00228
Substitution Status: SI
New Part Number: X59412400026
Superseded List: 5240981107";CHARGE-AIR-PIPE END PIECE, RIGHT BR4000;;16VM90-124;16V4000M90, Superseded, importar;simple;https://milu-naval.mystagingwebsite.com/wp-content/uploads/2026/02/16V4000M90-0152-02-70.webp;16V4000M90;153;70;120.00228;CHARGE-AIR-PIPE END PIECE, RIGHT BR4000;;;SI;X59412400026;5240981107;ok;importar;import_superseded;acciones QA contradictorias para el mismo PN | estado QA requiere revision manual | conflictos detectados: designation_conflict | ya existe en WordPress/product-export | relacion superseded clara;import_superseded;acciones QA contradictorias para el mismo PN | estado QA requiere revision manual | conflictos detectados: designation_conflict | ya existe en WordPress/product-export | relacion superseded clara;engine_16V4000M90.json;1601016;153;5240981107;CHARGE-AIR-PIPE END PIECE, RIGHT BR4000;;;SI;Superseded;X59412400026;5240981107;ok;importar;yes
5240981407;CHARGE-AIR PIPE END PIECE, LEFT;5240981407;publish;"Engine: 12V4000M53
Part Number: 5240981407
Designation: CHARGE-AIR PIPE END PIECE, LEFT
Measurement: 
Weight: 7,700 kg
Source Page: 158
BOM: XS594120.00019
Substitution Status: SI
New Part Number: X59612400009
Superseded List: 5240981407";CHARGE-AIR PIPE END PIECE, LEFT;;12VM53-124;12V4000M53, Superseded, importar;simple;https://milu-naval.mystagingwebsite.com/wp-content/uploads/2026/02/12V4000M53-0157-01-100.webp;12V4000M53;158;100;XS594120.00019;CHARGE-AIR PIPE END PIECE, LEFT;;7,700 kg;SI;X59612400009;5240981407;ok;importar;import_superseded;acciones QA contradictorias para el mismo PN | estado QA requiere revision manual | conflictos detectados: designation_conflict, weight_conflict | relacion superseded clara;import_superseded;acciones QA contradictorias para el mismo PN | estado QA requiere revision manual | conflictos detectados: designation_conflict, weight_conflict | relacion superseded clara;engine_12V4000M53.json;1201121;158;5240981407;CHARGE-AIR PIPE END PIECE, LEFT;;7,700 kg;SI;Superseded;X59612400009;5240981407;ok;importar;yes
700429085002;O-RING;700429085002;publish;"Engine: 12V4000M40A
Part Number: 700429085002
Designation: O-RING
Measurement: A 85 X 6
Weight: 0.017 KGM
Source Page: 143
BOM: 120.00227
Substitution Status: SI
New Part Number: 735252085001
Superseded List: 700429085002";O-RING;;12VM40A-124;12V4000M40A, Superseded, importar;simple;https://milu-naval.mystagingwebsite.com/wp-content/uploads/2026/02/12V4000M40A-0143-01-180.webp;12V4000M40A;143;180;120.00227;O-RING;A 85 X 6;0.017 KGM;SI;735252085001;700429085002;ok;importar;import_superseded;relacion superseded clara;import_superseded;relacion superseded clara;engine_12V4000M40A.json;1102100;143;700429085002;O-RING;A 85 X 6;0.017 KGM;SI;Superseded;735252085001;700429085002;ok;importar;yes
X00041391;ACTUATOR VLV;x00041391;publish;"Engine: 12V4000M40A
Part Number: X00041391
Designation: ACTUATOR VLV
Measurement: 
Weight: 1,880 KG
Source Page: 143
BOM: 120.00227
Substitution Status: SI
New Part Number: X52499100815
Superseded List: X00041391";ACTUATOR VLV;;12VM40A-124;12V4000M40A, Superseded, importar;simple;https://milu-naval.mystagingwebsite.com/wp-content/uploads/2026/02/12V4000M40A-0143-01-195.webp;12V4000M40A;143;195;120.00227;ACTUATOR VLV;;1,880 KG;SI;X52499100815;X00041391;ok;importar;import_superseded;acciones QA contradictorias para el mismo PN | estado QA requiere revision manual | conflictos detectados: designation_conflict, weight_conflict | relacion superseded clara;import_superseded;acciones QA contradictorias para el mismo PN | estado QA requiere revision manual | conflictos detectados: designation_conflict, weight_conflict | relacion superseded clara;engine_12V4000M40A.json;1102532;143;X00041391;ACTUATOR VLV;;1,880 KG;SI;Superseded;X52499100815;X00041391;ok;importar;yes
50667;GREASE;50667;publish;"Engine: 12V4000M40A
Part Number: 50667
Designation: GREASE
Measurement: 1 TIN = 1 KG
Weight: 1.116 KGM
Source Page: 154
BOM: 140.00231
Substitution Status: SI
New Part Number: 50667/1
Superseded List: ";GREASE;;12VM40A-142;12V4000M40A, Superseded, revisar;simple;https://milu-naval.mystagingwebsite.com/wp-content/uploads/2026/01/sin_imagen.jpeg;12V4000M40A;154;74;140.00231;GREASE;1 TIN = 1 KG;1.116 KGM;SI;50667/1;;pendiente;revisar;import_superseded;estado QA requiere revision manual | relacion superseded clara;import_superseded;estado QA requiere revision manual | relacion superseded clara;engine_12V4000M40A.json;1100086;154;;GREASE;1 TIN = 1 KG;1.116 KGM;SI;Superseded;50667/1;;pendiente;revisar;yes
0299976748;O-RING;0299976748;publish;"Engine: 12V4000M40A
Part Number: 0299976748
Designation: O-RING
Measurement: 
Weight: 14,200 G
Source Page: 154
BOM: 140.00231
Substitution Status: SI
New Part Number: 735252184000
Superseded List: 0299976748";O-RING;;12VM40A-142;12V4000M40A, Superseded, importar;simple;https://milu-naval.mystagingwebsite.com/wp-content/uploads/2026/01/0299976748.jpeg, https://milu-naval.mystagingwebsite.com/wp-content/uploads/2026/02/12V4000M40A-0154-01-75.webp;12V4000M40A;154;75;140.00231;O-RING;;14,200 G;SI;735252184000;0299976748;ok;importar;import_superseded;conflictos detectados: weight_conflict | relacion superseded clara;import_superseded;conflictos detectados: weight_conflict | relacion superseded clara;engine_12V4000M40A.json;1100579;154;0299976748;O-RING;;14,200 G;SI;Superseded;735252184000;0299976748;ok;importar;yes
700429244000;O-RING;700429244000;publish;"Engine: 12V4000M40A
Part Number: 700429244000
Designation: O-RING
Measurement: 
Weight: 21,100 G
Source Page: 154
BOM: 140.00231
Substitution Status: SI
New Part Number: 735252245000
Superseded List: 700429244000";O-RING;;12VM40A-142;12V4000M40A, Superseded, importar;simple;https://milu-naval.mystagingwebsite.com/wp-content/uploads/2026/02/12V4000M40A-0154-01-80.webp;12V4000M40A;154;80;140.00231;O-RING;;21,100 G;SI;735252245000;700429244000;ok;importar;import_superseded;conflictos detectados: weight_conflict | relacion superseded clara;import_superseded;conflictos detectados: weight_conflict | relacion superseded clara;engine_12V4000M40A.json;1102142;154;700429244000;O-RING;;21,100 G;SI;Superseded;735252245000;700429244000;ok;importar;yes
5271400421;CARRIER HOUSNG COVER;5271400421;publish;"Engine: 16V4000M90
Part Number: 5271400421
Designation: CARRIER HOUSNG COVER
Measurement: 
Weight: 45.000 kg
Source Page: 168
BOM: 140.00233
Substitution Status: SI
New Part Number: X52614300014
Superseded List: 5271400421";CARRIER HOUSNG COVER;;16VM90-143;16V4000M90, Superseded, importar;simple;https://milu-naval.mystagingwebsite.com/wp-content/uploads/2026/02/16V4000M90-0167-01-60.webp, https://milu-naval.mystagingwebsite.com/wp-content/uploads/2026/02/16V4000M90-0167-02-60.webp;16V4000M90;168;60;140.00233;CARRIER HOUSNG COVER;;45.000 kg;SI;X52614300014;5271400421;ok;importar;import_superseded;acciones QA contradictorias para el mismo PN | estado QA requiere revision manual | conflictos detectados: designation_conflict, weight_conflict | relacion superseded clara;import_superseded;acciones QA contradictorias para el mismo PN | estado QA requiere revision manual | conflictos detectados: designation_conflict, weight_conflict | relacion superseded clara;engine_16V4000M90.json;1601153;168;5271400421;CARRIER HOUSNG COVER;;45.000 kg;SI;Superseded;X52614300014;5271400421;ok;importar;yes
5271401118;CARRIER HOUSING;5271401118;publish;"Engine: 12V4000M40A
Part Number: 5271401118
Designation: CARRIER HOUSING
Measurement: 
Weight: 62,700 KG
Source Page: 157
BOM: 140.00233
Substitution Status: SI
New Part Number: X52614300011
Superseded List: 5271401118";CARRIER HOUSING;;12VM40A-143;12V4000M40A, Superseded, importar;simple;https://milu-naval.mystagingwebsite.com/wp-content/uploads/2026/02/12V4000M40A-0157-01-10.webp;12V4000M40A;157;10;140.00233;CARRIER HOUSING;;62,700 KG;SI;X52614300011;5271401118;ok;importar;import_superseded;acciones QA contradictorias para el mismo PN | estado QA requiere revision manual | conflictos detectados: designation_conflict, weight_conflict | relacion superseded clara;import_superseded;acciones QA contradictorias para el mismo PN | estado QA requiere revision manual | conflictos detectados: designation_conflict, weight_conflict | relacion superseded clara;engine_12V4000M40A.json;1101402;157;5271401118;CARRIER HOUSING;;62,700 KG;SI;Superseded;X52614300011;5271401118;ok;importar;yes
5271401218;CARRIER HSG;5271401218;publish;"Engine: 12V4000M40A
Part Number: 5271401218
Designation: CARRIER HSG
Measurement: 
Weight: 142 KG
Source Page: 157
BOM: 140.00233
Substitution Status: SI
New Part Number: X52614300012
Superseded List: 5271401218";CARRIER HSG;;12VM40A-143;12V4000M40A, Superseded, importar;simple;https://milu-naval.mystagingwebsite.com/wp-content/uploads/2026/02/12V4000M40A-0157-01-15.webp;12V4000M40A;157;15;140.00233;CARRIER HSG;;142 KG;SI;X52614300012;5271401218;ok;importar;import_superseded;conflictos detectados: weight_conflict | relacion superseded clara;import_superseded;conflictos detectados: weight_conflict | relacion superseded clara;engine_12V4000M40A.json;1101403;157;5271401218;CARRIER HSG;;142 KG;SI;Superseded;X52614300012;5271401218;ok;importar;yes
X00019778;STARTER FOR COMPRESSED AIR;x00019778;publish;"Engine: 12V4000M40A
Part Number: X00019778
Designation: STARTER FOR COMPRESSED AIR
Measurement: 
Weight: 
Source Page: 169
BOM: 170.00005
Substitution Status: SI
New Part Number: EX00019778
Superseded List: X00019778";STARTER FOR COMPRESSED AIR;;12VM40A-173;12V4000M40A, Superseded, importar;simple;https://milu-naval.mystagingwebsite.com/wp-content/uploads/2026/02/12V4000M40A-0169-01-15.webp;12V4000M40A;169;15;170.00005;STARTER FOR COMPRESSED AIR;;;SI;EX00019778;X00019778;ok;importar;import_superseded;relacion superseded clara;import_superseded;relacion superseded clara;engine_12V4000M40A.json;1102475;169;X00019778;STARTER FOR COMPRESSED AIR;;;SI;Superseded;EX00019778;X00019778;ok;importar;yes
X00042702;VALVE;x00042702;publish;"Engine: 12V4000M40A
Part Number: X00042702
Designation: VALVE
Measurement: 
Weight: 0.2 KGM
Source Page: 171
BOM: X00019778
Substitution Status: SI
New Part Number: XP52717300089
Superseded List: X00042702";VALVE;;12VM40A-173;12V4000M40A, Superseded, importar;simple;https://milu-naval.mystagingwebsite.com/wp-content/uploads/2026/02/12V4000M40A-0170-02-30.webp;12V4000M40A;171;30;X00019778;VALVE;;0.2 KGM;SI;XP52717300089;X00042702;ok;importar;import_superseded;relacion superseded clara;import_superseded;relacion superseded clara;engine_12V4000M40A.json;1102562;171;X00042702;VALVE;;0.2 KGM;SI;Superseded;XP52717300089;X00042702;ok;importar;yes
Z=0300 412;O-RING;z-0300-412;publish;"Engine: 12V4000M40A
Part Number: Z=0300 412
Designation: O-RING
Measurement: 
Weight: 
Source Page: 175
BOM: X00042636
Substitution Status: SI
New Part Number: 8695860558
Superseded List: Z=0300 412";O-RING;;12VM40A-173;12V4000M40A, Superseded, importar;simple;https://milu-naval.mystagingwebsite.com/wp-content/uploads/2026/02/12V4000M40A-0175-01-130.webp;12V4000M40A;175;130;X00042636;O-RING;;;SI;8695860558;Z=0300 412;ok;importar;import_superseded;relacion superseded clara;import_superseded;relacion superseded clara;engine_12V4000M40A.json;1102691;175;Z=0300 412;O-RING;;;SI;Superseded;8695860558;Z=0300 412;ok;importar;yes
Z=0300 415;O-RING;z-0300-415;publish;"Engine: 12V4000M40A
Part Number: Z=0300 415
Designation: O-RING
Measurement: 
Weight: 
Source Page: 175
BOM: X00042636
Substitution Status: SI
New Part Number: 8695860549
Superseded List: Z=0300 415";O-RING;;12VM40A-173;12V4000M40A, Superseded, importar;simple;https://milu-naval.mystagingwebsite.com/wp-content/uploads/2026/02/12V4000M40A-0175-01-90.webp;12V4000M40A;175;90;X00042636;O-RING;;;SI;8695860549;Z=0300 415;ok;importar;import_superseded;relacion superseded clara;import_superseded;relacion superseded clara;engine_12V4000M40A.json;1102692;175;Z=0300 415;O-RING;;;SI;Superseded;8695860549;Z=0300 415;ok;importar;yes
Z=0300 615;O-RING;z-0300-615;publish;"Engine: 12V4000M40A
Part Number: Z=0300 615
Designation: O-RING
Measurement: 
Weight: 
Source Page: 175
BOM: X00042636
Substitution Status: SI
New Part Number: 8695860393
Superseded List: Z=0300 615";O-RING;;12VM40A-173;12V4000M40A, Superseded, importar;simple;https://milu-naval.mystagingwebsite.com/wp-content/uploads/2026/02/12V4000M40A-0175-01-80.webp;12V4000M40A;175;80;X00042636;O-RING;;;SI;8695860393;Z=0300 615;ok;importar;import_superseded;relacion superseded clara;import_superseded;relacion superseded clara;engine_12V4000M40A.json;1102693;175;Z=0300 615;O-RING;;;SI;Superseded;8695860393;Z=0300 615;ok;importar;yes
Z=0304 125;O-RING;z-0304-125;publish;"Engine: 12V4000M40A
Part Number: Z=0304 125
Designation: O-RING
Measurement: 
Weight: 
Source Page: 176
BOM: X00042702
Substitution Status: SI
New Part Number: 8695860549
Superseded List: Z=0304 125";O-RING;;12VM40A-173;12V4000M40A, Superseded, importar;simple;https://milu-naval.mystagingwebsite.com/wp-content/uploads/2026/02/12V4000M40A-0176-01-30.webp;12V4000M40A;176;30;X00042702;O-RING;;;SI;8695860549;Z=0304 125;ok;importar;import_superseded;relacion superseded clara;import_superseded;relacion superseded clara;engine_12V4000M40A.json;1102698;176;Z=0304 125;O-RING;;;SI;Superseded;8695860549;Z=0304 125;ok;importar;yes
XP53517300055;SEALING RING;xp53517300055;publish;"Engine: 12V4000M40A
Part Number: XP53517300055
Designation: SEALING RING
Measurement: 
Weight: 
Source Page: 177
BOM: X00042803
Substitution Status: SI
New Part Number: XP53517300040
Superseded List: XP53517300055";SEALING RING;;12VM40A-173;12V4000M40A, Superseded, importar;simple;https://milu-naval.mystagingwebsite.com/wp-content/uploads/2026/02/12V4000M40A-0177-01-180.webp;12V4000M40A;177;180;X00042803;SEALING RING;;;SI;XP53517300040;XP53517300055;ok;importar;import_superseded;conflictos detectados: designation_conflict | ya existe en WordPress/product-export | relacion superseded clara;import_superseded;conflictos detectados: designation_conflict | ya existe en WordPress/product-export | relacion superseded clara;engine_12V4000M40A.json;1102674;177;XP53517300055;SEALING RING;;;SI;Superseded;XP53517300040;XP53517300055;ok;importar;yes
735038020106;HOSE;735038020106;publish;"Engine: 12V4000M40A
Part Number: 735038020106
Designation: HOSE
Measurement: 1SC 19 CC 500
Weight: 0.734 KGM
Source Page: 184
BOM: XS527180.00013
Substitution Status: SI
New Part Number: 735038020106/N20
Superseded List: 735038020106";HOSE;;12VM40A-180;12V4000M40A, Superseded, importar;simple;https://milu-naval.mystagingwebsite.com/wp-content/uploads/2026/02/12V4000M40A-0184-01-10.webp;12V4000M40A;184;10;XS527180.00013;HOSE;1SC 19 CC 500;0.734 KGM;SI;735038020106/N20;735038020106;ok;importar;import_superseded;relacion superseded clara;import_superseded;relacion superseded clara;engine_12V4000M40A.json;1102204;184;735038020106;HOSE;1SC 19 CC 500;0.734 KGM;SI;Superseded;735038020106/N20;735038020106;ok;importar;yes
8691800002;GEAR-TYPE PUMP;8691800002;publish;"Engine: 12V4000M40A
Part Number: 8691800002
Designation: GEAR-TYPE PUMP
Measurement: 
Weight: 5,500 KG
Source Page: 191
BOM: 0011809501
Substitution Status: SI
New Part Number: XP52618100009
Superseded List: 8691800002";GEAR-TYPE PUMP;;12VM40A-181;12V4000M40A, Superseded, importar;simple;https://milu-naval.mystagingwebsite.com/wp-content/uploads/2026/02/12V4000M40A-0191-01-10.webp;12V4000M40A;191;10;0011809501;GEAR-TYPE PUMP;;5,500 KG;SI;XP52618100009;8691800002;ok;importar;import_superseded;relacion superseded clara;import_superseded;relacion superseded clara;engine_12V4000M40A.json;1101686;191;8691800002;GEAR-TYPE PUMP;;5,500 KG;SI;Superseded;XP52618100009;8691800002;ok;importar;yes
006885005005;KEY WOODRUFF A;006885005005;publish;"Engine: 12V4000M40A
Part Number: 006885005005
Designation: KEY WOODRUFF A
Measurement: A 5 X 5 X 28
Weight: 0.005 KGM
Source Page: 192
BOM: 8691800002
Substitution Status: SI
New Part Number: 006885005018
Superseded List: 006885005005";KEY WOODRUFF A;;12VM40A-181;12V4000M40A, Superseded, importar;simple;https://milu-naval.mystagingwebsite.com/wp-content/uploads/2026/02/12V4000M40A-0192-01-45.webp;12V4000M40A;192;45;8691800002;KEY WOODRUFF A;A 5 X 5 X 28;0.005 KGM;SI;006885005018;006885005005;ok;importar;import_superseded;relacion superseded clara;import_superseded;relacion superseded clara;engine_12V4000M40A.json;1101553;192;006885005005;KEY WOODRUFF A;A 5 X 5 X 28;0.005 KGM;SI;Superseded;006885005018;006885005005;ok;importar;yes
Z=166806-0;AXLE;z-166806-0;publish;"Engine: 16V4000M61
Part Number: Z=166806-0
Designation: AXLE
Measurement: 
Weight: AC
Source Page: 187
BOM: 8691800002
Substitution Status: SI
New Part Number: XP56918100025
Superseded List: Z=166806-0";AXLE;;16VM61-181;16V4000M61, Superseded, importar;simple;https://milu-naval.mystagingwebsite.com/wp-content/uploads/2026/02/16V4000M61-0187-01-25.webp;16V4000M61;187;25;8691800002;AXLE;;AC;SI;XP56918100025;Z=166806-0;ok;importar;import_superseded;relacion superseded clara;import_superseded;relacion superseded clara;engine_16V4000M61.json;1301120;187;Z=166806-0;AXLE;;AC;SI;Superseded;XP56918100025;Z=166806-0;ok;importar;yes
Z=166933-2;SHAFT;z-166933-2;publish;"Engine: 16V4000M61
Part Number: Z=166933-2
Designation: SHAFT
Measurement: 
Weight: AC
Source Page: 187
BOM: 8691800002
Substitution Status: SI
New Part Number: XP56918100024
Superseded List: Z=166933-2";SHAFT;;16VM61-181;16V4000M61, Superseded, importar;simple;https://milu-naval.mystagingwebsite.com/wp-content/uploads/2026/02/16V4000M61-0187-01-20.webp;16V4000M61;187;20;8691800002;SHAFT;;AC;SI;XP56918100024;Z=166933-2;ok;importar;import_superseded;relacion superseded clara;import_superseded;relacion superseded clara;engine_16V4000M61.json;1301118;187;Z=166933-2;SHAFT;;AC;SI;Superseded;XP56918100024;Z=166933-2;ok;importar;yes
Z=182004-2;VALVE;z-182004-2;publish;"Engine: 16V4000M61
Part Number: Z=182004-2
Designation: VALVE
Measurement: 
Weight: AC
Source Page: 187
BOM: 8691800002
Substitution Status: SI
New Part Number: XP56918100023
Superseded List: Z=182004-2";VALVE;;16VM61-181;16V4000M61, Superseded, importar;simple;https://milu-naval.mystagingwebsite.com/wp-content/uploads/2026/02/16V4000M61-0187-01-15.webp;16V4000M61;187;15;8691800002;VALVE;;AC;SI;XP56918100023;Z=182004-2;ok;importar;import_superseded;conflictos detectados: weight_conflict | relacion superseded clara;import_superseded;conflictos detectados: weight_conflict | relacion superseded clara;engine_16V4000M61.json;1301117;187;Z=182004-2;VALVE;;AC;SI;Superseded;XP56918100023;Z=182004-2;ok;importar;yes
Z=185194-8;HOUSING;z-185194-8;publish;"Engine: 12V4000M40A
Part Number: Z=185194-8
Designation: HOUSING
Measurement: 
Weight: 
Source Page: 192
BOM: 8691800002
Substitution Status: SI
New Part Number: XP56918100022
Superseded List: Z=185194-8";HOUSING;;12VM40A-181;12V4000M40A, Superseded, importar;simple;https://milu-naval.mystagingwebsite.com/wp-content/uploads/2026/02/12V4000M40A-0192-01-10.webp;12V4000M40A;192;10;8691800002;HOUSING;;;SI;XP56918100022;Z=185194-8;ok;importar;import_superseded;relacion superseded clara;import_superseded;relacion superseded clara;engine_12V4000M40A.json;1102708;192;Z=185194-8;HOUSING;;;SI;Superseded;XP56918100022;Z=185194-8;ok;importar;yes
Z=185800-0;COVER;z-185800-0;publish;"Engine: 12V4000M40A
Part Number: Z=185800-0
Designation: COVER
Measurement: 
Weight: 
Source Page: 192
BOM: 8691800002
Substitution Status: SI
New Part Number: XP56918100021
Superseded List: Z=185800-0";COVER;;12VM40A-181;12V4000M40A, Superseded, importar;simple;https://milu-naval.mystagingwebsite.com/wp-content/uploads/2026/02/12V4000M40A-0192-01-5.webp;12V4000M40A;192;5;8691800002;COVER;;;SI;XP56918100021;Z=185800-0;ok;importar;import_superseded;relacion superseded clara;import_superseded;relacion superseded clara;engine_12V4000M40A.json;1102709;192;Z=185800-0;COVER;;;SI;Superseded;XP56918100021;Z=185800-0;ok;importar;yes
0021803301;OIL PUMP;0021803301;publish;"Engine: 12V4000M40A
Part Number: 0021803301
Designation: OIL PUMP
Measurement: 
Weight: 23.84 KGM
Source Page: 195
BOM: X00010483
Substitution Status: SI
New Part Number: 0021804101
Superseded List: 0021803301";OIL PUMP;;12VM40A-181;12V4000M40A, Superseded, importar;simple;https://milu-naval.mystagingwebsite.com/wp-content/uploads/2026/02/12V4000M40A-0194-01-20.webp;12V4000M40A;195;20;X00010483;OIL PUMP;;23.84 KGM;SI;0021804101;0021803301;ok;importar;import_superseded;ya existe en WordPress/product-export | relacion superseded clara;import_superseded;ya existe en WordPress/product-export | relacion superseded clara;engine_12V4000M40A.json;1100331;195;0021803301;OIL PUMP;;23.84 KGM;SI;Superseded;0021804101;0021803301;ok;importar;yes
X00033644;NOZZLE LUBE OIL SPRAY;x00033644;publish;"Engine: 12V4000M40A
Part Number: X00033644
Designation: NOZZLE LUBE OIL SPRAY
Measurement: 
Weight: 249 G
Source Page: 195
BOM: X00010483
Substitution Status: SI
New Part Number: X59418400008
Superseded List: X00033644";NOZZLE LUBE OIL SPRAY;;12VM40A-181;12V4000M40A, Superseded, importar;simple;https://milu-naval.mystagingwebsite.com/wp-content/uploads/2026/02/12V4000M40A-0194-02-145.webp;12V4000M40A;195;145;X00010483;NOZZLE LUBE OIL SPRAY;;249 G;SI;X59418400008;X00033644;ok;importar;import_superseded;conflictos detectados: designation_conflict, weight_conflict | ya existe en WordPress/product-export | relacion superseded clara;import_superseded;conflictos detectados: designation_conflict, weight_conflict | ya existe en WordPress/product-export | relacion superseded clara;engine_12V4000M40A.json;1102510;195;X00033644;NOZZLE LUBE OIL SPRAY;;249 G;SI;Superseded;X59418400008;X00033644;ok;importar;yes
X00033645;BLOCK PSTN LUBE NOZZ LE SUPT W/THRU HOLE;x00033645;publish;"Engine: 16V4000M90
Part Number: X00033645
Designation: BLOCK PSTN LUBE NOZZ LE SUPT W/THRU HOLE
Measurement: 
Weight: 166.600 g
Source Page: 185
BOM: X00009744
Substitution Status: SI
New Part Number: X52418400001
Superseded List: X00033645";BLOCK PSTN LUBE NOZZ LE SUPT W/THRU HOLE;;16VM90-181;16V4000M90, Superseded, importar;simple;https://milu-naval.mystagingwebsite.com/wp-content/uploads/2026/02/16V4000M90-0184-02-125.webp;16V4000M90;185;125;X00009744;BLOCK PSTN LUBE NOZZ LE SUPT W/THRU HOLE;;166.600 g;SI;X52418400001;X00033645;ok;importar;import_superseded;acciones QA contradictorias para el mismo PN | estado QA requiere revision manual | conflictos detectados: designation_conflict, weight_conflict | ya existe en WordPress/product-export | relacion superseded clara;import_superseded;acciones QA contradictorias para el mismo PN | estado QA requiere revision manual | conflictos detectados: designation_conflict, weight_conflict | ya existe en WordPress/product-export | relacion superseded clara;engine_16V4000M90.json;1601259;185;X00033645;BLOCK PSTN LUBE NOZZ LE SUPT W/THRU HOLE;;166.600 g;SI;Superseded;X52418400001;X00033645;ok;importar;yes
X00033646;BLK PSTN LUBE NOZZLE SUPT W/O THRU;x00033646;publish;"Engine: 12V4000M40A
Part Number: X00033646
Designation: BLK PSTN LUBE NOZZLE SUPT W/O THRU
Measurement: 
Weight: 185 G
Source Page: 195
BOM: X00010483
Substitution Status: SI
New Part Number: X52418400002
Superseded List: X00033646";BLK PSTN LUBE NOZZLE SUPT W/O THRU;;12VM40A-181;12V4000M40A, Superseded, importar;simple;https://milu-naval.mystagingwebsite.com/wp-content/uploads/2026/02/12V4000M40A-0194-02-125.webp;12V4000M40A;195;125;X00010483;BLK PSTN LUBE NOZZLE SUPT W/O THRU;;185 G;SI;X52418400002;X00033646;ok;importar;import_superseded;conflictos detectados: designation_conflict, weight_conflict | ya existe en WordPress/product-export | relacion superseded clara;import_superseded;conflictos detectados: designation_conflict, weight_conflict | ya existe en WordPress/product-export | relacion superseded clara;engine_12V4000M40A.json;1102512;195;X00033646;BLK PSTN LUBE NOZZLE SUPT W/O THRU;;185 G;SI;Superseded;X52418400002;X00033646;ok;importar;yes
X00040625;COVER FOR SOLAS;x00040625;publish;"Engine: 12V4000M70
Part Number: X00040625
Designation: COVER FOR SOLAS
Measurement: nan
Weight: 7,000 g
Source Page: 212
BOM: X00021913
Substitution Status: SI
New Part Number: X52499101038
Superseded List: X00040625";COVER FOR SOLAS;;12VM70-183;12V4000M70, Superseded, importar;simple;https://milu-naval.mystagingwebsite.com/wp-content/uploads/2026/01/sin_imagen.jpeg;12V4000M70;212;130;X00021913;COVER FOR SOLAS;nan;7,000 g;SI;X52499101038;X00040625;ok;importar;import_superseded;conflictos detectados: weight_conflict | relacion superseded clara;import_superseded;conflictos detectados: weight_conflict | relacion superseded clara;engine_12V4000M70.json;1901440;212;X00040625;COVER FOR SOLAS;nan;7,000 g;SI;Superseded;X52499101038;X00040625;ok;importar;yes
X52418300001;FLTR CENTRIF;x52418300001;publish;"Engine: 12V4000M40A
Part Number: X52418300001
Designation: FLTR CENTRIF
Measurement: 
Weight: 12,418 KG
Source Page: 201
BOM: XS526180.00008
Substitution Status: SI
New Part Number: X52418300026
Superseded List: X52418300001";FLTR CENTRIF;;12VM40A-183;12V4000M40A, Superseded, importar;simple;https://milu-naval.mystagingwebsite.com/wp-content/uploads/2026/02/12V4000M40A-0201-01-10.webp;12V4000M40A;201;10;XS526180.00008;FLTR CENTRIF;;12,418 KG;SI;X52418300026;X52418300001;ok;importar;import_superseded;conflictos detectados: weight_conflict | ya existe en WordPress/product-export | relacion superseded clara;import_superseded;conflictos detectados: weight_conflict | ya existe en WordPress/product-export | relacion superseded clara;engine_12V4000M40A.json;1102612;201;X52418300001;FLTR CENTRIF;;12,418 KG;SI;Superseded;X52418300026;X52418300001;ok;importar;yes
23540304;GASKET KIT;23540304;publish;"Engine: 12V4000M70
Part Number: 23540304
Designation: GASKET KIT
Measurement: nan
Weight: 71,400 g
Source Page: 217
BOM: X52418300028
Substitution Status: SI
New Part Number: 23540304/A1
Superseded List: ";GASKET KIT;;12VM70-183;12V4000M70, Superseded, revisar;simple;https://milu-naval.mystagingwebsite.com/wp-content/uploads/2026/01/sin_imagen.jpeg;12V4000M70;217;25;X52418300028;GASKET KIT;nan;71,400 g;SI;23540304/A1;;pendiente;revisar;import_superseded;estado QA requiere revision manual | conflictos detectados: weight_conflict | relacion superseded clara;import_superseded;estado QA requiere revision manual | conflictos detectados: weight_conflict | relacion superseded clara;engine_12V4000M70.json;1901489;217;;GASKET KIT;nan;71,400 g;SI;Superseded;23540304/A1;;pendiente;revisar;yes
8699950012;CLAMP;8699950012;publish;"Engine: 12V4000M40A
Part Number: 8699950012
Designation: CLAMP
Measurement: 
Weight: 551,800
Source Page: 203
BOM: 0001843597
Substitution Status: SI
New Part Number: XP52499100226
Superseded List: 8699950012";CLAMP;;12VM40A-183;12V4000M40A, Superseded, importar;simple;https://milu-naval.mystagingwebsite.com/wp-content/uploads/2026/02/12V4000M40A-0203-01-50.webp;12V4000M40A;203;50;0001843597;CLAMP;;551,800;SI;XP52499100226;8699950012;ok;importar;import_superseded;conflictos detectados: weight_conflict | ya existe en WordPress/product-export | relacion superseded clara;import_superseded;conflictos detectados: weight_conflict | ya existe en WordPress/product-export | relacion superseded clara;engine_12V4000M40A.json;1101710;203;8699950012;CLAMP;;551,800;SI;Superseded;XP52499100226;8699950012;ok;importar;yes
0001880846;PLATE;0001880846;publish;"Engine: 12V4000M40A
Part Number: 0001880846
Designation: PLATE
Measurement: 
Weight: 0.74 KGM
Source Page: 208
BOM: 180.00466
Substitution Status: SI
New Part Number: 0001880846/N20
Superseded List: 0001880846";PLATE;;12VM40A-183;12V4000M40A, Superseded, importar;simple;https://milu-naval.mystagingwebsite.com/wp-content/uploads/2026/02/12V4000M40A-0208-01-45.webp;12V4000M40A;208;45;180.00466;PLATE;;0.74 KGM;SI;0001880846/N20;0001880846;ok;importar;import_superseded;relacion superseded clara;import_superseded;relacion superseded clara;engine_12V4000M40A.json;1100107;208;0001880846;PLATE;;0.74 KGM;SI;Superseded;0001880846/N20;0001880846;ok;importar;yes
8499970035;GASKET;8499970035;publish;"Engine: 12V4000M70
Part Number: 8499970035
Designation: GASKET
Measurement: nan
Weight: 0.07 KGM
Source Page: 224
BOM: 0001880946
Substitution Status: SI
New Part Number: 8499970035/87
Superseded List: 8499970035";GASKET;;12VM70-183;12V4000M70, Superseded, importar;simple;https://milu-naval.mystagingwebsite.com/wp-content/uploads/2026/01/sin_imagen.jpeg;12V4000M70;224;5;0001880946;GASKET;nan;0.07 KGM;SI;8499970035/87;8499970035;ok;importar;import_superseded;relacion superseded clara;import_superseded;relacion superseded clara;engine_12V4000M70.json;1901525;224;8499970035;GASKET;nan;0.07 KGM;SI;Superseded;8499970035/87;8499970035;ok;importar;yes
8699970154;ADHESIVE;8699970154;publish;"Engine: 12V4000M70
Part Number: 8699970154
Designation: ADHESIVE
Measurement: nan
Weight: 773,000 g 250
Source Page: 224
BOM: 0001880946
Substitution Status: SI
New Part Number: X00063857
Superseded List: 8699970154";ADHESIVE;;12VM70-183;12V4000M70, Superseded, importar;simple;https://milu-naval.mystagingwebsite.com/wp-content/uploads/2026/01/sin_imagen.jpeg;12V4000M70;224;10;0001880946;ADHESIVE;nan;773,000 g 250;SI;X00063857;8699970154;ok;importar;import_superseded;conflictos detectados: measure_conflict, weight_conflict | relacion superseded clara;import_superseded;conflictos detectados: measure_conflict, weight_conflict | relacion superseded clara;engine_12V4000M70.json;1901524;224;8699970154;ADHESIVE;nan;773,000 g 250;SI;Superseded;X00063857;8699970154;ok;importar;yes
X00039766;TUBE OIL MARINE;x00039766;publish;"Engine: 12V4000M40A
Part Number: X00039766
Designation: TUBE OIL MARINE
Measurement: 
Weight: 0.47 KGM
Source Page: 224
BOM: XS524180.00020
Substitution Status: SI
New Part Number: X52418300002
Superseded List: X00039766";TUBE OIL MARINE;;12VM40A-189;12V4000M40A, Superseded, importar;simple;https://milu-naval.mystagingwebsite.com/wp-content/uploads/2026/02/12V4000M40A-0224-01-430.webp;12V4000M40A;224;430;XS524180.00020;TUBE OIL MARINE;;0.47 KGM;SI;X52418300002;X00039766;ok;importar;import_superseded;relacion superseded clara;import_superseded;relacion superseded clara;engine_12V4000M40A.json;1102521;224;X00039766;TUBE OIL MARINE;;0.47 KGM;SI;Superseded;X52418300002;X00039766;ok;importar;yes
X52418900012;GEAR PUMP F;x52418900012;publish;"Engine: 12V4000M40A
Part Number: X52418900012
Designation: GEAR PUMP F
Measurement: 
Weight: 8,600 KG
Source Page: 224
BOM: XS524180.00020
Substitution Status: SI
New Part Number: X52418900021
Superseded List: X52418900012";GEAR PUMP F;;12VM40A-189;12V4000M40A, Superseded, revisar;simple;https://milu-naval.mystagingwebsite.com/wp-content/uploads/2026/02/12V4000M40A-0223-01-60.webp;12V4000M40A;224;60;XS524180.00020;GEAR PUMP F;;8,600 KG;SI;X52418900021;X52418900012;pendiente;revisar;import_superseded;estado QA requiere revision manual | relacion superseded clara;import_superseded;estado QA requiere revision manual | relacion superseded clara;engine_12V4000M40A.json;1102613;224;X52418900012;GEAR PUMP F;;8,600 KG;SI;Superseded;X52418900021;X52418900012;pendiente;revisar;yes
0045358831;PRESSURE SENSOR 6 BAR REL;0045358831;publish;"Engine: 20V4000M93L
Part Number: 0045358831
Designation: PRESSURE SENSOR 6 BAR REL
Measurement: 
Weight: 92.900 g
Source Page: 1364
BOM: XS596180.00059
Substitution Status: SI
New Part Number: X00E50207199
Superseded List: 0045358831";PRESSURE SENSOR 6 BAR REL;;20VM93L-189;20V4000M93L, Superseded, importar;simple;https://milu-naval.mystagingwebsite.com/wp-content/uploads/2026/02/20V4000M93L-1363-01-350.webp;20V4000M93L;1364;350;XS596180.00059;PRESSURE SENSOR 6 BAR REL;;92.900 g;SI;X00E50207199;0045358831;ok;importar;import_superseded;acciones QA contradictorias para el mismo PN | estado QA requiere revision manual | conflictos detectados: designation_conflict, measure_conflict, weight_conflict | ya existe en WordPress/product-export | relacion superseded clara;import_superseded;acciones QA contradictorias para el mismo PN | estado QA requiere revision manual | conflictos detectados: designation_conflict, measure_conflict, weight_conflict | ya existe en WordPress/product-export | relacion superseded clara;engine_20V4000M93L.json;1802197;1364;0045358831;PRESSURE SENSOR 6 BAR REL;;92.900 g;SI;Superseded;X00E50207199;0045358831;ok;importar;yes
XP52418900013;GEAR PUMP;xp52418900013;publish;"Engine: 12V4000M40A
Part Number: XP52418900013
Designation: GEAR PUMP
Measurement: 
Weight: 
Source Page: 226
BOM: X52418900012
Substitution Status: SI
New Part Number: X52418900021
Superseded List: XP52418900013";GEAR PUMP;;12VM40A-189;12V4000M40A, Superseded, importar;simple;https://milu-naval.mystagingwebsite.com/wp-content/uploads/2026/02/12V4000M40A-0226-01-10.webp;12V4000M40A;226;10;X52418900012;GEAR PUMP;;;SI;X52418900021;XP52418900013;ok;importar;import_superseded;relacion superseded clara;import_superseded;relacion superseded clara;engine_12V4000M40A.json;1102647;226;XP52418900013;GEAR PUMP;;;SI;Superseded;X52418900021;XP52418900013;ok;importar;yes
5242000474;BASE PLATE;5242000474;publish;"Engine: 12V4000M70
Part Number: 5242000474
Designation: BASE PLATE
Measurement: nan
Weight: 32,785 kg
Source Page: 239
BOM: X00030235
Substitution Status: SI
New Part Number: X52420200093
Superseded List: 5242000474";BASE PLATE;;12VM70-200;12V4000M70, Superseded, importar;simple;https://milu-naval.mystagingwebsite.com/wp-content/uploads/2026/01/sin_imagen.jpeg;12V4000M70;239;775;X00030235;BASE PLATE;nan;32,785 kg;SI;X52420200093;5242000474;ok;importar;import_superseded;conflictos detectados: weight_conflict | relacion superseded clara;import_superseded;conflictos detectados: weight_conflict | relacion superseded clara;engine_12V4000M70.json;1901647;239;5242000474;BASE PLATE;nan;32,785 kg;SI;Superseded;X52420200093;5242000474;ok;importar;yes
X52420200011;PUMP ASM WTR HI TEMP CLG CIRCUIT;x52420200011;publish;"Engine: 12V4000M40A
Part Number: X52420200011
Designation: PUMP ASM WTR HI TEMP CLG CIRCUIT
Measurement: 
Weight: 26,600 KG
Source Page: 246
BOM: XS524200.00004
Substitution Status: SI
New Part Number: EX52620200202
Superseded List: X52420200011";PUMP ASM WTR HI TEMP CLG CIRCUIT;;12VM40A-202;12V4000M40A, Superseded, importar;simple;https://milu-naval.mystagingwebsite.com/wp-content/uploads/2026/02/12V4000M40A-0245-01-50.webp;12V4000M40A;246;50;XS524200.00004;PUMP ASM WTR HI TEMP CLG CIRCUIT;;26,600 KG;SI;EX52620200202;X52420200011;ok;importar;import_superseded;conflictos detectados: designation_conflict, weight_conflict | relacion superseded clara;import_superseded;conflictos detectados: designation_conflict, weight_conflict | relacion superseded clara;engine_12V4000M40A.json;1102614;246;X52420200011;PUMP ASM WTR HI TEMP CLG CIRCUIT;;26,600 KG;SI;Superseded;EX52620200202;X52420200011;ok;importar;yes
700386050002;SEAL OIL;700386050002;publish;"Engine: 12V4000M40A
Part Number: 700386050002
Designation: SEAL OIL
Measurement: A 50 X 72 X 8
Weight: 0.031 KGM
Source Page: 247
BOM: X52420200011
Substitution Status: SI
New Part Number: X51699100327
Superseded List: 700386050002";SEAL OIL;;12VM40A-202;12V4000M40A, Superseded, importar;simple;https://milu-naval.mystagingwebsite.com/wp-content/uploads/2026/02/12V4000M40A-0247-01-550.webp;12V4000M40A;247;550;X52420200011;SEAL OIL;A 50 X 72 X 8;0.031 KGM;SI;X51699100327;700386050002;ok;importar;import_superseded;relacion superseded clara;import_superseded;relacion superseded clara;engine_12V4000M40A.json;1102027;247;700386050002;SEAL OIL;A 50 X 72 X 8;0.031 KGM;SI;Superseded;X51699100327;700386050002;ok;importar;yes
X00021750;GEAR;x00021750;publish;"Engine: 12V4000M40A
Part Number: X00021750
Designation: GEAR
Measurement: 
Weight: 1,770 KG
Source Page: 247
BOM: X52420200011
Substitution Status: SI
New Part Number: X54899100143
Superseded List: X00021750";GEAR;;12VM40A-202;12V4000M40A, Superseded, importar;simple;https://milu-naval.mystagingwebsite.com/wp-content/uploads/2026/02/12V4000M40A-0247-01-350.webp;12V4000M40A;247;350;X52420200011;GEAR;;1,770 KG;SI;X54899100143;X00021750;ok;importar;import_superseded;conflictos detectados: weight_conflict | relacion superseded clara;import_superseded;conflictos detectados: weight_conflict | relacion superseded clara;engine_12V4000M40A.json;1102478;247;X00021750;GEAR;;1,770 KG;SI;Superseded;X54899100143;X00021750;ok;importar;yes
5242032122;ELBOW BR4000;5242032122;publish;"Engine: 12V4000M70
Part Number: 5242032122
Designation: ELBOW BR4000
Measurement: nan
Weight: nan
Source Page: 261
BOM: 5242001118
Substitution Status: SI
New Part Number: 5242001118
Superseded List: 5242032122";ELBOW BR4000;;12VM70-202;12V4000M70, Superseded, importar;simple;https://milu-naval.mystagingwebsite.com/wp-content/uploads/2026/01/sin_imagen.jpeg;12V4000M70;261;5;5242001118;ELBOW BR4000;nan;nan;SI;5242001118;5242032122;ok;importar;import_superseded;conflictos detectados: designation_conflict | ya existe en WordPress/product-export | relacion superseded clara;import_superseded;conflictos detectados: designation_conflict | ya existe en WordPress/product-export | relacion superseded clara;engine_12V4000M70.json;1901931;261;5242032122;ELBOW BR4000;nan;nan;SI;Superseded;5242001118;5242032122;ok;importar;yes
0012030596;PREHEATER;0012030596;publish;"Engine: 12V4000M40A
Part Number: 0012030596
Designation: PREHEATER
Measurement: 
Weight: 46,200 KG
Source Page: 253
BOM: XS526200.00036
Substitution Status: SI
New Part Number: 0012030596/87
Superseded List: 0012030596";PREHEATER;;12VM40A-202;12V4000M40A, Superseded, importar;simple;https://milu-naval.mystagingwebsite.com/wp-content/uploads/2026/02/12V4000M40A-0253-01-15.webp;12V4000M40A;253;15;XS526200.00036;PREHEATER;;46,200 KG;SI;0012030596/87;0012030596;ok;importar;import_superseded;relacion superseded clara;import_superseded;relacion superseded clara;engine_12V4000M40A.json;1100240;253;0012030596;PREHEATER;;46,200 KG;SI;Superseded;0012030596/87;0012030596;ok;importar;yes
8692030031;PUMP;8692030031;publish;"Engine: 12V4000M40A
Part Number: 8692030031
Designation: PUMP
Measurement: 
Weight: 8,800 KG
Source Page: 254
BOM: 0012030596
Substitution Status: SI
New Part Number: XP58320300006
Superseded List: 8692030031";PUMP;;12VM40A-202;12V4000M40A, Superseded, importar;simple;https://milu-naval.mystagingwebsite.com/wp-content/uploads/2026/02/12V4000M40A-0254-01-5.webp;12V4000M40A;254;5;0012030596;PUMP;;8,800 KG;SI;XP58320300006;8692030031;ok;importar;import_superseded;ya existe en WordPress/product-export | relacion superseded clara;import_superseded;ya existe en WordPress/product-export | relacion superseded clara;engine_12V4000M40A.json;1101691;254;8692030031;PUMP;;8,800 KG;SI;Superseded;XP58320300006;8692030031;ok;importar;yes
8692030056;CONTROL;8692030056;publish;"Engine: 12V4000M40A
Part Number: 8692030056
Designation: CONTROL
Measurement: 
Weight: 71,100 G
Source Page: 254
BOM: 0012030596
Substitution Status: SI
New Part Number: 8692030160
Superseded List: 8692030056";CONTROL;;12VM40A-202;12V4000M40A, Superseded, importar;simple;https://milu-naval.mystagingwebsite.com/wp-content/uploads/2026/02/12V4000M40A-0254-01-70.webp;12V4000M40A;254;70;0012030596;CONTROL;;71,100 G;SI;8692030160;8692030056;ok;importar;import_superseded;conflictos detectados: designation_conflict, weight_conflict | relacion superseded clara;import_superseded;conflictos detectados: designation_conflict, weight_conflict | relacion superseded clara;engine_12V4000M40A.json;1101693;254;8692030056;CONTROL;;71,100 G;SI;Superseded;8692030160;8692030056;ok;importar;yes
8692030059;SWITCH;8692030059;publish;"Engine: 12V4000M40A
Part Number: 8692030059
Designation: SWITCH
Measurement: 
Weight: 92 G
Source Page: 254
BOM: 0012030596
Substitution Status: SI
New Part Number: 8692030160
Superseded List: 8692030059";SWITCH;;12VM40A-202;12V4000M40A, Superseded, importar;simple;https://milu-naval.mystagingwebsite.com/wp-content/uploads/2026/02/12V4000M40A-0254-01-75.webp;12V4000M40A;254;75;0012030596;SWITCH;;92 G;SI;8692030160;8692030059;ok;importar;import_superseded;relacion superseded clara;import_superseded;relacion superseded clara;engine_12V4000M40A.json;1101695;254;8692030059;SWITCH;;92 G;SI;Superseded;8692030160;8692030059;ok;importar;yes
8692030152;CONTACTOR;8692030152;publish;"Engine: 12V4000M40A
Part Number: 8692030152
Designation: CONTACTOR
Measurement: 
Weight: 100 G
Source Page: 254
BOM: 0012030596
Substitution Status: SI
New Part Number: X59699101054
Superseded List: 8692030152";CONTACTOR;;12VM40A-202;12V4000M40A, Superseded, importar;simple;https://milu-naval.mystagingwebsite.com/wp-content/uploads/2026/02/12V4000M40A-0254-01-65.webp;12V4000M40A;254;65;0012030596;CONTACTOR;;100 G;SI;X59699101054;8692030152;ok;importar;import_superseded;conflictos detectados: weight_conflict | relacion superseded clara;import_superseded;conflictos detectados: weight_conflict | relacion superseded clara;engine_12V4000M40A.json;1101699;254;8692030152;CONTACTOR;;100 G;SI;Superseded;X59699101054;8692030152;ok;importar;yes
28200750053/0;SPACER BUSHING;28200750053-0;publish;"Engine: 12V4000M40A
Part Number: 28200750053/0
Designation: SPACER BUSHING
Measurement: 
Weight: 64,300 G
Source Page: 258
BOM: 200.00600
Substitution Status: SI
New Part Number: X00019462
Superseded List: 28200750053/0";SPACER BUSHING;;12VM40A-202;12V4000M40A, Superseded, importar;simple;https://milu-naval.mystagingwebsite.com/wp-content/uploads/2026/02/12V4000M40A-0257-01-685.webp;12V4000M40A;258;685;200.00600;SPACER BUSHING;;64,300 G;SI;X00019462;28200750053/0;ok;importar;import_superseded;conflictos detectados: weight_conflict | relacion superseded clara;import_superseded;conflictos detectados: weight_conflict | relacion superseded clara;engine_12V4000M40A.json;1102394;258;28200750053/0;SPACER BUSHING;;64,300 G;SI;Superseded;X00019462;28200750053/0;ok;importar;yes
5132155;SEAL RING;5132155;publish;"Engine: 12V4000M40A
Part Number: 5132155
Designation: SEAL RING
Measurement: 
Weight: 20 G
Source Page: 267
BOM: 200.00120
Substitution Status: SI
New Part Number: 0002034480
Superseded List: ";SEAL RING;;12VM40A-206;12V4000M40A, Superseded, revisar;simple;https://milu-naval.mystagingwebsite.com/wp-content/uploads/2026/02/12V4000M40A-0267-01-85.webp;12V4000M40A;267;85;200.00120;SEAL RING;;20 G;SI;0002034480;;pendiente;revisar;import_superseded;estado QA requiere revision manual | conflictos detectados: weight_conflict | ya existe en WordPress/product-export | relacion superseded clara;import_superseded;estado QA requiere revision manual | conflictos detectados: weight_conflict | ya existe en WordPress/product-export | relacion superseded clara;engine_12V4000M40A.json;1100124;267;;SEAL RING;;20 G;SI;Superseded;0002034480;;pendiente;revisar;yes
0052031875;THERMAL ACTUATOR;0052031875;publish;"Engine: 12V4000M70
Part Number: 0052031875
Designation: THERMAL ACTUATOR
Measurement: nan
Weight: nan
Source Page: 269
BOM: 200.00120
Substitution Status: SI
New Part Number: X59420300092
Superseded List: 0052031875";THERMAL ACTUATOR;;12VM70-206;12V4000M70, Superseded, importar;simple;https://milu-naval.mystagingwebsite.com/wp-content/uploads/2026/01/sin_imagen.jpeg;12V4000M70;269;80;200.00120;THERMAL ACTUATOR;nan;nan;SI;X59420300092;0052031875;ok;importar;import_superseded;relacion superseded clara;import_superseded;relacion superseded clara;engine_12V4000M70.json;1901993;269;0052031875;THERMAL ACTUATOR;nan;nan;SI;Superseded;X59420300092;0052031875;ok;importar;yes
5242032473;THERMOSTAT HOUSING;5242032473;publish;"Engine: 12V4000M40A
Part Number: 5242032473
Designation: THERMOSTAT HOUSING
Measurement: 
Weight: 
Source Page: 270
BOM: 5242001616
Substitution Status: SI
New Part Number: 5242001616
Superseded List: 5242032473";THERMOSTAT HOUSING;;12VM40A-206;12V4000M40A, Superseded, importar;simple;https://milu-naval.mystagingwebsite.com/wp-content/uploads/2026/02/12V4000M40A-0270-01-5.webp;12V4000M40A;270;5;5242001616;THERMOSTAT HOUSING;;;SI;5242001616;5242032473;ok;importar;import_superseded;ya existe en WordPress/product-export | relacion superseded clara;import_superseded;ya existe en WordPress/product-export | relacion superseded clara;engine_12V4000M40A.json;1101302;270;5242032473;THERMOSTAT HOUSING;;;SI;Superseded;5242001616;5242032473;ok;importar;yes
X00012174;PMP ASM SEA WATER 1;x00012174;publish;"Engine: 12V4000M70
Part Number: X00012174
Designation: PMP ASM SEA WATER 1
Measurement: nan
Weight: nan
Source Page: 279
BOM: XS526200.00009
Substitution Status: SI
New Part Number: EX52420700029
Superseded List: X00012174";PMP ASM SEA WATER 1;;12VM70-207;12V4000M70, Superseded, importar;simple;https://milu-naval.mystagingwebsite.com/wp-content/uploads/2026/01/sin_imagen.jpeg;12V4000M70;279;100;XS526200.00009;PMP ASM SEA WATER 1;nan;nan;SI;EX52420700029;X00012174;ok;importar;import_superseded;conflictos detectados: designation_conflict, weight_conflict | relacion superseded clara;import_superseded;conflictos detectados: designation_conflict, weight_conflict | relacion superseded clara;engine_12V4000M70.json;1902025;279;X00012174;PMP ASM SEA WATER 1;nan;nan;SI;Superseded;EX52420700029;X00012174;ok;importar;yes
000908020001;PLUG;000908020001;publish;"Engine: 12V4000M40A
Part Number: 000908020001
Designation: PLUG
Measurement: M 20 X 1,5
Weight: 0.038 KGM
Source Page: 287
BOM: 5242000585
Substitution Status: SI
New Part Number: 000908020000
Superseded List: 000908020001";PLUG;;12VM40A-208;12V4000M40A, Superseded, importar;simple;https://milu-naval.mystagingwebsite.com/wp-content/uploads/2026/02/12V4000M40A-0287-01-90.webp;12V4000M40A;287;90;5242000585;PLUG;M 20 X 1,5;0.038 KGM;SI;000908020000;000908020001;ok;importar;import_superseded;relacion superseded clara;import_superseded;relacion superseded clara;engine_12V4000M40A.json;1100619;287;000908020001;PLUG;M 20 X 1,5;0.038 KGM;SI;Superseded;000908020000;000908020001;ok;importar;yes
Z=7.4560.2.00;BASE COMPLETE;z-7-4560-2-00;publish;"Engine: 12V4000M70
Part Number: Z=7.4560.2.00
Designation: BASE COMPLETE
Measurement: nan
Weight: nan
Source Page: 288
BOM: 0002000017
Substitution Status: SI
New Part Number: 0002000017
Superseded List: Z=7.4560.2.00";BASE COMPLETE;;12VM70-208;12V4000M70, Superseded, importar;simple;https://milu-naval.mystagingwebsite.com/wp-content/uploads/2026/01/sin_imagen.jpeg;12V4000M70;288;10;0002000017;BASE COMPLETE;nan;nan;SI;0002000017;Z=7.4560.2.00;ok;importar;import_superseded;ya existe en WordPress/product-export | relacion superseded clara;import_superseded;ya existe en WordPress/product-export | relacion superseded clara;engine_12V4000M70.json;1902104;288;Z=7.4560.2.00;BASE COMPLETE;nan;nan;SI;Superseded;0002000017;Z=7.4560.2.00;ok;importar;yes
Z=M6X10DIN86;RD-HD SCRW;z-m6x10din86;publish;"Engine: 12V4000M40A
Part Number: Z=M6X10DIN86
Designation: RD-HD SCRW
Measurement: AC M6 X 10
Weight: 
Source Page: 288
BOM: 0002000017
Substitution Status: SI
New Part Number: 000084006133
Superseded List: Z=M6X10DIN86";RD-HD SCRW;;12VM40A-208;12V4000M40A, Superseded, importar;simple;https://milu-naval.mystagingwebsite.com/wp-content/uploads/2026/02/12V4000M40A-0288-01-15.webp;12V4000M40A;288;15;0002000017;RD-HD SCRW;AC M6 X 10;;SI;000084006133;Z=M6X10DIN86;ok;importar;import_superseded;relacion superseded clara;import_superseded;relacion superseded clara;engine_12V4000M40A.json;1102757;288;Z=M6X10DIN86;RD-HD SCRW;AC M6 X 10;;SI;Superseded;000084006133;Z=M6X10DIN86;ok;importar;yes
5242370902;ENGINE CARRIER;5242370902;publish;"Engine: 12V4000M40A
Part Number: 5242370902
Designation: ENGINE CARRIER
Measurement: 
Weight: 
Source Page: 294
BOM: 230.00001
Substitution Status: SI
New Part Number: X52623100103
Superseded List: 5242370902";ENGINE CARRIER;;12VM40A-231;12V4000M40A, Superseded, importar;simple;https://milu-naval.mystagingwebsite.com/wp-content/uploads/2026/02/12V4000M40A-0294-01-5.webp;12V4000M40A;294;5;230.00001;ENGINE CARRIER;;;SI;X52623100103;5242370902;ok;importar;import_superseded;relacion superseded clara;import_superseded;relacion superseded clara;engine_12V4000M40A.json;1101310;294;5242370902;ENGINE CARRIER;;;SI;Superseded;X52623100103;5242370902;ok;importar;yes
5242240509;SUPT ENG W/12MM HOLE FLYWHL HSG MT;5242240509;publish;"Engine: 12V4000M40A
Part Number: 5242240509
Designation: SUPT ENG W/12MM HOLE FLYWHL HSG MT
Measurement: 
Weight: 
Source Page: 295
BOM: 230.00054
Substitution Status: SI
New Part Number: X54823100023
Superseded List: 5242240509";SUPT ENG W/12MM HOLE FLYWHL HSG MT;;12VM40A-231;12V4000M40A, Superseded, importar;simple;https://milu-naval.mystagingwebsite.com/wp-content/uploads/2026/02/12V4000M40A-0295-01-10.webp;12V4000M40A;295;10;230.00054;SUPT ENG W/12MM HOLE FLYWHL HSG MT;;;SI;X54823100023;5242240509;ok;importar;import_superseded;relacion superseded clara;import_superseded;relacion superseded clara;engine_12V4000M40A.json;1101306;295;5242240509;SUPT ENG W/12MM HOLE FLYWHL HSG MT;;;SI;Superseded;X54823100023;5242240509;ok;importar;yes
X00012309/30;FLANGE;x00012309-30;publish;"Engine: 12V4000M40A
Part Number: X00012309/30
Designation: FLANGE
Measurement: 
Weight: 29,800 KG
Source Page: 305
BOM: XS526250.00024
Substitution Status: SI
New Part Number: X00012309/42
Superseded List: X00012309/30";FLANGE;;12VM40A-245;12V4000M40A, Superseded, importar;simple;https://milu-naval.mystagingwebsite.com/wp-content/uploads/2026/02/12V4000M40A-0305-01-175.webp;12V4000M40A;305;175;XS526250.00024;FLANGE;;29,800 KG;SI;X00012309/42;X00012309/30;ok;importar;import_superseded;relacion superseded clara;import_superseded;relacion superseded clara;engine_12V4000M40A.json;1102458;305;X00012309/30;FLANGE;;29,800 KG;SI;Superseded;X00012309/42;X00012309/30;ok;importar;yes
X00030151/30;INTERMEDIATE FLANGE;x00030151-30;publish;"Engine: 12V4000M40A
Part Number: X00030151/30
Designation: INTERMEDIATE FLANGE
Measurement: 
Weight: 44,500 KG
Source Page: 305
BOM: XS526250.00024
Substitution Status: SI
New Part Number: X00030151/42
Superseded List: X00030151/30";INTERMEDIATE FLANGE;;12VM40A-245;12V4000M40A, Superseded, importar;simple;https://milu-naval.mystagingwebsite.com/wp-content/uploads/2026/02/12V4000M40A-0305-01-225.webp;12V4000M40A;305;225;XS526250.00024;INTERMEDIATE FLANGE;;44,500 KG;SI;X00030151/42;X00030151/30;ok;importar;import_superseded;relacion superseded clara;import_superseded;relacion superseded clara;engine_12V4000M40A.json;1102502;305;X00030151/30;INTERMEDIATE FLANGE;;44,500 KG;SI;Superseded;X00030151/42;X00030151/30;ok;importar;yes
X00030152/30;RING;x00030152-30;publish;"Engine: 12V4000M40A
Part Number: X00030152/30
Designation: RING
Measurement: 
Weight: 10,360 KG
Source Page: 305
BOM: XS526250.00024
Substitution Status: SI
New Part Number: X00030152/42
Superseded List: X00030152/30";RING;;12VM40A-245;12V4000M40A, Superseded, importar;simple;https://milu-naval.mystagingwebsite.com/wp-content/uploads/2026/02/12V4000M40A-0305-01-250.webp;12V4000M40A;305;250;XS526250.00024;RING;;10,360 KG;SI;X00030152/42;X00030152/30;ok;importar;import_superseded;relacion superseded clara;import_superseded;relacion superseded clara;engine_12V4000M40A.json;1102503;305;X00030152/30;RING;;10,360 KG;SI;Superseded;X00030152/42;X00030152/30;ok;importar;yes
X00030153/30;FLANGE;x00030153-30;publish;"Engine: 12V4000M40A
Part Number: X00030153/30
Designation: FLANGE
Measurement: 
Weight: 14,600 KG
Source Page: 305
BOM: XS526250.00024
Substitution Status: SI
New Part Number: X00030153/42
Superseded List: X00030153/30";FLANGE;;12VM40A-245;12V4000M40A, Superseded, importar;simple;https://milu-naval.mystagingwebsite.com/wp-content/uploads/2026/02/12V4000M40A-0305-01-325.webp;12V4000M40A;305;325;XS526250.00024;FLANGE;;14,600 KG;SI;X00030153/42;X00030153/30;ok;importar;import_superseded;relacion superseded clara;import_superseded;relacion superseded clara;engine_12V4000M40A.json;1102504;305;X00030153/30;FLANGE;;14,600 KG;SI;Superseded;X00030153/42;X00030153/30;ok;importar;yes
8599970023;SEALING RING;8599970023;publish;"Engine: 12V4000M70
Part Number: 8599970023
Designation: SEALING RING
Measurement: nan
Weight: 140,000 g
Source Page: 303
BOM: 0162509901
Substitution Status: SI
New Part Number: XP52725100119/A1
Superseded List: 8599970023";SEALING RING;;12VM70-241;12V4000M70, Superseded, importar;simple;https://milu-naval.mystagingwebsite.com/wp-content/uploads/2026/01/sin_imagen.jpeg;12V4000M70;303;105;0162509901;SEALING RING;nan;140,000 g;SI;XP52725100119/A1;8599970023;ok;importar;import_superseded;conflictos detectados: weight_conflict | relacion superseded clara;import_superseded;conflictos detectados: weight_conflict | relacion superseded clara;engine_12V4000M70.json;1902152;303;8599970023;SEALING RING;nan;140,000 g;SI;Superseded;XP52725100119/A1;8599970023;ok;importar;yes
Z=EN 24017 M16X16;HEX SCREW;z-en-24017-m16x16;publish;"Engine: 12V4000M70
Part Number: Z=EN 24017 M16X16
Designation: HEX SCREW
Measurement: nan
Weight: 54,600 g
Source Page: 303
BOM: 0162509901
Substitution Status: SI
New Part Number: X00044929
Superseded List: Z=EN 24017 M16X16";HEX SCREW;;12VM70-241;12V4000M70, Superseded, importar;simple;https://milu-naval.mystagingwebsite.com/wp-content/uploads/2026/01/sin_imagen.jpeg;12V4000M70;303;55;0162509901;HEX SCREW;nan;54,600 g;SI;X00044929;Z=EN 24017 M16X16;ok;importar;import_superseded;conflictos detectados: weight_conflict | relacion superseded clara;import_superseded;conflictos detectados: weight_conflict | relacion superseded clara;engine_12V4000M70.json;1902164;303;Z=EN 24017 M16X16;HEX SCREW;nan;54,600 g;SI;Superseded;X00044929;Z=EN 24017 M16X16;ok;importar;yes
0002035583;BELLOWS RUBBER;0002035583;publish;"Engine: 12V4000M40A
Part Number: 0002035583
Designation: BELLOWS RUBBER
Measurement: DN 210 BOLT CIRCLE 1 PC 10,954 KG L 145 MM , D 125 MM
Weight: 
Source Page: 310
BOM: 200.00021
Substitution Status: SI
New Part Number: 0002035583/87
Superseded List: 0002035583";BELLOWS RUBBER;;12VM40A-301;12V4000M40A, Superseded, importar;simple;https://milu-naval.mystagingwebsite.com/wp-content/uploads/2026/02/12V4000M40A-0310-01-15.webp;12V4000M40A;310;15;200.00021;BELLOWS RUBBER;DN 210 BOLT CIRCLE 1 PC 10,954 KG L 145 MM , D 125 MM;;SI;0002035583/87;0002035583;ok;importar;import_superseded;acciones QA contradictorias para el mismo PN | estado QA requiere revision manual | conflictos detectados: designation_conflict | relacion superseded clara;import_superseded;acciones QA contradictorias para el mismo PN | estado QA requiere revision manual | conflictos detectados: designation_conflict | relacion superseded clara;engine_12V4000M40A.json;1100120;310;0002035583;BELLOWS RUBBER;DN 210 BOLT CIRCLE 1 PC 10,954 KG L 145 MM , D 125 MM;;SI;Superseded;0002035583/87;0002035583;ok;importar;yes
5295306812/S0003;PLUG-IN BOARD;5295306812-s0003;publish;"Engine: 12V4000M40A
Part Number: 5295306812/S0003
Designation: PLUG-IN BOARD
Measurement: MPU27-01 MIT U
Weight: 32,600 G KF
Source Page: 315
BOM: XK00E500.746010-14
Substitution Status: SI
New Part Number: 5295306812/S0004
Superseded List: 5295306812/S0003";PLUG-IN BOARD;;12VM40A-500;12V4000M40A, Superseded, importar;simple;https://milu-naval.mystagingwebsite.com/wp-content/uploads/2026/02/12V4000M40A-0315-01-70.webp;12V4000M40A;315;70;XK00E500.746010-14;PLUG-IN BOARD;MPU27-01 MIT U;32,600 G KF;SI;5295306812/S0004;5295306812/S0003;ok;importar;import_superseded;conflictos detectados: measure_conflict, weight_conflict | relacion superseded clara;import_superseded;conflictos detectados: measure_conflict, weight_conflict | relacion superseded clara;engine_12V4000M40A.json;1102416;315;5295306812/S0003;PLUG-IN BOARD;MPU27-01 MIT U;32,600 G KF;SI;Superseded;5295306812/S0004;5295306812/S0003;ok;importar;yes
5295306812/76;PLUG-IN BOARD NOT ADJUSTED;5295306812-76;publish;"Engine: 12V4000M40A
Part Number: 5295306812/76
Designation: PLUG-IN BOARD NOT ADJUSTED
Measurement: 
Weight: 100 G
Source Page: 316
BOM: 5295306812
Substitution Status: SI
New Part Number: 5295306812/S0004
Superseded List: 5295306812/76";PLUG-IN BOARD NOT ADJUSTED;;12VM40A-500;12V4000M40A, Superseded, importar;simple;https://milu-naval.mystagingwebsite.com/wp-content/uploads/2026/02/12V4000M40A-0316-01-300.webp;12V4000M40A;316;300;5295306812;PLUG-IN BOARD NOT ADJUSTED;;100 G;SI;5295306812/S0004;5295306812/76;ok;importar;import_superseded;conflictos detectados: weight_conflict | relacion superseded clara;import_superseded;conflictos detectados: weight_conflict | relacion superseded clara;engine_12V4000M40A.json;1102415;316;5295306812/76;PLUG-IN BOARD NOT ADJUSTED;;100 G;SI;Superseded;5295306812/S0004;5295306812/76;ok;importar;yes
0005356430;TEMPERATURE SENSOR;0005356430;publish;"Engine: 12V4000M40A
Part Number: 0005356430
Designation: TEMPERATURE SENSOR
Measurement: M14X1,5, L=29, STECKER DIN72585,
Weight: 0.045 KGM
Source Page: 328
BOM: 500.00274
Substitution Status: SI
New Part Number: B59651900002/N81
Superseded List: 0005356430";TEMPERATURE SENSOR;;12VM40A-507;12V4000M40A, Superseded, importar;simple;https://milu-naval.mystagingwebsite.com/wp-content/uploads/2026/02/12V4000M40A-0328-01-90.webp;12V4000M40A;328;90;500.00274;TEMPERATURE SENSOR;M14X1,5, L=29, STECKER DIN72585,;0.045 KGM;SI;B59651900002/N81;0005356430;ok;importar;import_superseded;relacion superseded clara;import_superseded;relacion superseded clara;engine_12V4000M40A.json;1100212;328;0005356430;TEMPERATURE SENSOR;M14X1,5, L=29, STECKER DIN72585,;0.045 KGM;SI;Superseded;B59651900002/N81;0005356430;ok;importar;yes
0045358931;PRESSURE SENSOR;0045358931;publish;"Engine: 12V4000M40A
Part Number: 0045358931
Designation: PRESSURE SENSOR
Measurement: M14X1,5,SW=27,0-6BAR_RELATIV,
Weight: 142,300 G
Source Page: 328
BOM: 500.00274
Substitution Status: SI
New Part Number: X00E50208386
Superseded List: 0045358931";PRESSURE SENSOR;;12VM40A-507;12V4000M40A, Superseded, importar;simple;https://milu-naval.mystagingwebsite.com/wp-content/uploads/2026/02/12V4000M40A-0328-01-110.webp;12V4000M40A;328;110;500.00274;PRESSURE SENSOR;M14X1,5,SW=27,0-6BAR_RELATIV,;142,300 G;SI;X00E50208386;0045358931;ok;importar;import_superseded;acciones QA contradictorias para el mismo PN | estado QA requiere revision manual | conflictos detectados: designation_conflict, weight_conflict | relacion superseded clara;import_superseded;acciones QA contradictorias para el mismo PN | estado QA requiere revision manual | conflictos detectados: designation_conflict, weight_conflict | relacion superseded clara;engine_12V4000M40A.json;1100398;328;0045358931;PRESSURE SENSOR;M14X1,5,SW=27,0-6BAR_RELATIV,;142,300 G;SI;Superseded;X00E50208386;0045358931;ok;importar;yes
5261530037;SCREEN WIRE MTG STRIPS;5261530037;publish;"Engine: 12V4000M40A
Part Number: 5261530037
Designation: SCREEN WIRE MTG STRIPS
Measurement: 
Weight: 1.12 KGM
Source Page: 331
BOM: XS526500.00023
Substitution Status: SI
New Part Number: X52699100661
Superseded List: 5261530037";SCREEN WIRE MTG STRIPS;;12VM40A-507;12V4000M40A, Superseded, importar;simple;https://milu-naval.mystagingwebsite.com/wp-content/uploads/2026/02/12V4000M40A-0330-01-1100.webp;12V4000M40A;331;1100;XS526500.00023;SCREEN WIRE MTG STRIPS;;1.12 KGM;SI;X52699100661;5261530037;ok;importar;import_superseded;relacion superseded clara;import_superseded;relacion superseded clara;engine_12V4000M40A.json;1101368;331;5261530037;SCREEN WIRE MTG STRIPS;;1.12 KGM;SI;Superseded;X52699100661;5261530037;ok;importar;yes
204017006007;HEX SCREW;204017006007;publish;"Engine: 12V4000M40A
Part Number: 204017006007
Designation: HEX SCREW
Measurement: M 6 X 40
Weight: 0.009 KGM
Source Page: 332
BOM: XS526500.00023
Substitution Status: SI
New Part Number: 204017006002
Superseded List: 204017006007";HEX SCREW;;12VM40A-507;12V4000M40A, Superseded, importar;simple;https://milu-naval.mystagingwebsite.com/wp-content/uploads/2026/02/12V4000M40A-0330-02-4550.webp;12V4000M40A;332;4550;XS526500.00023;HEX SCREW;M 6 X 40;0.009 KGM;SI;204017006002;204017006007;ok;importar;import_superseded;relacion superseded clara;import_superseded;relacion superseded clara;engine_12V4000M40A.json;1101779;332;204017006007;HEX SCREW;M 6 X 40;0.009 KGM;SI;Superseded;204017006002;204017006007;ok;importar;yes
0035351731;PRESSURE SENSOR TRAFAG 8242;0035351731;publish;"Engine: 16V4000M90
Part Number: 0035351731
Designation: PRESSURE SENSOR TRAFAG 8242
Measurement: 
Weight: 95.000 g
Source Page: 303
BOM: 500.00989
Substitution Status: SI
New Part Number: X00E50207196
Superseded List: 0035351731";PRESSURE SENSOR TRAFAG 8242;;16VM90-507;16V4000M90, Superseded, importar;simple;https://milu-naval.mystagingwebsite.com/wp-content/uploads/2026/02/16V4000M90-0301-02-375.webp;16V4000M90;303;375;500.00989;PRESSURE SENSOR TRAFAG 8242;;95.000 g;SI;X00E50207196;0035351731;ok;importar;import_superseded;acciones QA contradictorias para el mismo PN | estado QA requiere revision manual | conflictos detectados: designation_conflict | relacion superseded clara;import_superseded;acciones QA contradictorias para el mismo PN | estado QA requiere revision manual | conflictos detectados: designation_conflict | relacion superseded clara;engine_16V4000M90.json;1602159;303;0035351731;PRESSURE SENSOR TRAFAG 8242;;95.000 g;SI;Superseded;X00E50207196;0035351731;ok;importar;yes
5205304531;SENSOR FOR FUEL BR4000;5205304531;publish;"Engine: 16V4000M90
Part Number: 5205304531
Designation: SENSOR FOR FUEL BR4000
Measurement: 
Weight: 181.000 g
Source Page: 303
BOM: 500.00989
Substitution Status: SI
New Part Number: 8695300131
Superseded List: 5205304531";SENSOR FOR FUEL BR4000;;16VM90-507;16V4000M90, Superseded, importar;simple;https://milu-naval.mystagingwebsite.com/wp-content/uploads/2026/02/16V4000M90-0301-02-370.webp;16V4000M90;303;370;500.00989;SENSOR FOR FUEL BR4000;;181.000 g;SI;8695300131;5205304531;ok;importar;import_superseded;acciones QA contradictorias para el mismo PN | estado QA requiere revision manual | conflictos detectados: designation_conflict, weight_conflict | relacion superseded clara;import_superseded;acciones QA contradictorias para el mismo PN | estado QA requiere revision manual | conflictos detectados: designation_conflict, weight_conflict | relacion superseded clara;engine_16V4000M90.json;1602158;303;5205304531;SENSOR FOR FUEL BR4000;;181.000 g;SI;Superseded;8695300131;5205304531;ok;importar;yes
X00031095;LEVEL MONITOR;x00031095;publish;"Engine: 12V4000M40A
Part Number: X00031095
Designation: LEVEL MONITOR
Measurement: TAU
Weight: 195,100 G
Source Page: 345
BOM: 500.00987
Substitution Status: SI
New Part Number: X00E50203667
Superseded List: X00031095";LEVEL MONITOR;;12VM40A-507;12V4000M40A, Superseded, importar;simple;https://milu-naval.mystagingwebsite.com/wp-content/uploads/2026/02/12V4000M40A-0344-02-400.webp;12V4000M40A;345;400;500.00987;LEVEL MONITOR;TAU;195,100 G;SI;X00E50203667;X00031095;ok;importar;import_superseded;conflictos detectados: weight_conflict | ya existe en WordPress/product-export | relacion superseded clara;import_superseded;conflictos detectados: weight_conflict | ya existe en WordPress/product-export | relacion superseded clara;engine_12V4000M40A.json;1102505;345;X00031095;LEVEL MONITOR;TAU;195,100 G;SI;Superseded;X00E50203667;X00031095;ok;importar;yes
X00031104;LEVEL MONITOR;x00031104;publish;"Engine: 12V4000M40A
Part Number: X00031104
Designation: LEVEL MONITOR
Measurement: WASSERSONDE DYN.UB-VERHALTEN
Weight: 191 G
Source Page: 345
BOM: 500.00987
Substitution Status: SI
New Part Number: X00E50203659
Superseded List: X00031104";LEVEL MONITOR;;12VM40A-507;12V4000M40A, Superseded, importar;simple;https://milu-naval.mystagingwebsite.com/wp-content/uploads/2026/02/12V4000M40A-0345-01-210.webp;12V4000M40A;345;210;500.00987;LEVEL MONITOR;WASSERSONDE DYN.UB-VERHALTEN;191 G;SI;X00E50203659;X00031104;ok;importar;import_superseded;conflictos detectados: weight_conflict | ya existe en WordPress/product-export | relacion superseded clara;import_superseded;conflictos detectados: weight_conflict | ya existe en WordPress/product-export | relacion superseded clara;engine_12V4000M40A.json;1102506;345;X00031104;LEVEL MONITOR;WASSERSONDE DYN.UB-VERHALTEN;191 G;SI;Superseded;X00E50203659;X00031104;ok;importar;yes
X00038945;PRESSURE SENSOR 1600B/R;x00038945;publish;"Engine: 16V4000M90
Part Number: X00038945
Designation: PRESSURE SENSOR 1600B/R
Measurement: 
Weight: 117.400 gAB EMM14X1,5,DICHTKEGEL, SW=27,
Source Page: 302
BOM: 500.00989
Substitution Status: SI
New Part Number: X00E50207213
Superseded List: X00038945";PRESSURE SENSOR 1600B/R;;16VM90-507;16V4000M90, Superseded, importar;simple;https://milu-naval.mystagingwebsite.com/wp-content/uploads/2026/02/16V4000M90-0302-01-225.webp;16V4000M90;302;225;500.00989;PRESSURE SENSOR 1600B/R;;117.400 gAB EMM14X1,5,DICHTKEGEL, SW=27,;SI;X00E50207213;X00038945;ok;importar;import_superseded;acciones QA contradictorias para el mismo PN | estado QA requiere revision manual | conflictos detectados: designation_conflict, weight_conflict | relacion superseded clara;import_superseded;acciones QA contradictorias para el mismo PN | estado QA requiere revision manual | conflictos detectados: designation_conflict, weight_conflict | relacion superseded clara;engine_16V4000M90.json;1602143;302;X00038945;PRESSURE SENSOR 1600B/R;;117.400 gAB EMM14X1,5,DICHTKEGEL, SW=27,;SI;Superseded;X00E50207213;X00038945;ok;importar;yes
X00E50201372;TEMPERATURE;x00e50201372;publish;"Engine: 12V4000M70
Part Number: X00E50201372
Designation: TEMPERATURE
Measurement: 
Weight: 175,000 g
Source Page: 334
BOM: 500.00987
Substitution Status: SI
New Part Number: X00E50210379
Superseded List: X00E50201372";TEMPERATURE;;12VM70-507;12V4000M70, Superseded, importar;simple;https://milu-naval.mystagingwebsite.com/wp-content/uploads/2026/01/sin_imagen.jpeg;12V4000M70;334;411;500.00987;TEMPERATURE;;175,000 g;SI;X00E50210379;X00E50201372;ok;importar;import_superseded;acciones QA contradictorias para el mismo PN | estado QA requiere revision manual | conflictos detectados: designation_conflict, weight_conflict | ya existe en WordPress/product-export | relacion superseded clara;import_superseded;acciones QA contradictorias para el mismo PN | estado QA requiere revision manual | conflictos detectados: designation_conflict, weight_conflict | ya existe en WordPress/product-export | relacion superseded clara;engine_12V4000M70.json;1902358;334;X00E50201372;TEMPERATURE;;175,000 g;SI;Superseded;X00E50210379;X00E50201372;ok;importar;yes
635H22706/2;SWITCH;635h22706-2;publish;"Engine: 12V4000M70
Part Number: 635H22706/2
Designation: SWITCH
Measurement: 
Weight: 148,900 g
Source Page: 334
BOM: 500.00987
Substitution Status: SI
New Part Number: X00E50213730
Superseded List: 635H22706/2";SWITCH;;12VM70-507;12V4000M70, Superseded, importar;simple;https://milu-naval.mystagingwebsite.com/wp-content/uploads/2026/01/sin_imagen.jpeg;12V4000M70;334;461;500.00987;SWITCH;;148,900 g;SI;X00E50213730;635H22706/2;ok;importar;import_superseded;conflictos detectados: weight_conflict | relacion superseded clara;import_superseded;conflictos detectados: weight_conflict | relacion superseded clara;engine_12V4000M70.json;1902363;334;635H22706/2;SWITCH;;148,900 g;SI;Superseded;X00E50213730;635H22706/2;ok;importar;yes
5185302185/S0004;CONTROL CONSOLE IN ENGINE ROOM;5185302185-s0004;publish;"Engine: 12V4000M40A
Part Number: 5185302185/S0004
Designation: CONTROL CONSOLE IN ENGINE ROOM
Measurement: 
Weight: 
Source Page: 353
BOM: XK00E500.746010-03
Substitution Status: SI
New Part Number: X00046988/S0004
Superseded List: 5185302185/S0004";CONTROL CONSOLE IN ENGINE ROOM;;12VM40A-508;12V4000M40A, Superseded, importar;simple;https://milu-naval.mystagingwebsite.com/wp-content/uploads/2026/01/sin_imagen.jpeg;12V4000M40A;353;40;XK00E500.746010-03;CONTROL CONSOLE IN ENGINE ROOM;;;SI;X00046988/S0004;5185302185/S0004;ok;importar;import_superseded;relacion superseded clara;import_superseded;relacion superseded clara;engine_12V4000M40A.json;1102407;353;5185302185/S0004;CONTROL CONSOLE IN ENGINE ROOM;;;SI;Superseded;X00046988/S0004;5185302185/S0004;ok;importar;yes
700500000861;END SLEEVE END SPLIC E 1.5;700500000861;publish;"Engine: 12V4000M40A
Part Number: 700500000861
Designation: END SLEEVE END SPLIC E 1.5
Measurement: E 1,5 - 8 (SCHWARZ)
Weight: 0.001 KGM
Source Page: 354
BOM: 5005310982
Substitution Status: SI
New Part Number: 0015317685
Superseded List: 700500000861";END SLEEVE END SPLIC E 1.5;;12VM40A-508;12V4000M40A, Superseded, importar;simple;https://milu-naval.mystagingwebsite.com/wp-content/uploads/2026/02/12V4000M40A-0354-01-50.webp;12V4000M40A;354;50;5005310982;END SLEEVE END SPLIC E 1.5;E 1,5 - 8 (SCHWARZ);0.001 KGM;SI;0015317685;700500000861;ok;importar;import_superseded;relacion superseded clara;import_superseded;relacion superseded clara;engine_12V4000M40A.json;1102159;354;700500000861;END SLEEVE END SPLIC E 1.5;E 1,5 - 8 (SCHWARZ);0.001 KGM;SI;Superseded;0015317685;700500000861;ok;importar;yes
000934004013;NUT HEX S2000/4000;000934004013;publish;"Engine: 12V4000M40A
Part Number: 000934004013
Designation: NUT HEX S2000/4000
Measurement: M 4
Weight: 0.001 KGM
Source Page: 357
BOM: 5185302185
Substitution Status: SI
New Part Number: 200934004000
Superseded List: 000934004013";NUT HEX S2000/4000;;12VM40A-508;12V4000M40A, Superseded, importar;simple;https://milu-naval.mystagingwebsite.com/wp-content/uploads/2026/02/12V4000M40A-0356-01-245.webp;12V4000M40A;357;245;5185302185;NUT HEX S2000/4000;M 4;0.001 KGM;SI;200934004000;000934004013;ok;importar;import_superseded;ya existe en WordPress/product-export | relacion superseded clara;import_superseded;ya existe en WordPress/product-export | relacion superseded clara;engine_12V4000M40A.json;1100791;357;000934004013;NUT HEX S2000/4000;M 4;0.001 KGM;SI;Superseded;200934004000;000934004013;ok;importar;yes
5105385875/S0002;DISPLAY BRIDGE CONTROL STAN;5105385875-s0002;publish;"Engine: 12V4000M40A
Part Number: 5105385875/S0002
Designation: DISPLAY BRIDGE CONTROL STAN
Measurement: 
Weight: 2,220 KG
Source Page: 357
BOM: 5185302185
Substitution Status: SI
New Part Number: X00E50211270/S0001
Superseded List: 5105385875/S0002";DISPLAY BRIDGE CONTROL STAN;;12VM40A-508;12V4000M40A, Superseded, importar;simple;https://milu-naval.mystagingwebsite.com/wp-content/uploads/2026/02/12V4000M40A-0356-01-186.webp;12V4000M40A;357;186;5185302185;DISPLAY BRIDGE CONTROL STAN;;2,220 KG;SI;X00E50211270/S0001;5105385875/S0002;ok;importar;import_superseded;relacion superseded clara;import_superseded;relacion superseded clara;engine_12V4000M40A.json;1102404;357;5105385875/S0002;DISPLAY BRIDGE CONTROL STAN;;2,220 KG;SI;Superseded;X00E50211270/S0001;5105385875/S0002;ok;importar;yes
0005330732;HANDLE;0005330732;publish;"Engine: 12V4000M40A
Part Number: 0005330732
Designation: HANDLE
Measurement: 
Weight: 
Source Page: 358
BOM: 5185302185
Substitution Status: SI
New Part Number: B00E50208066
Superseded List: 0005330732";HANDLE;;12VM40A-508;12V4000M40A, Superseded, importar;simple;https://milu-naval.mystagingwebsite.com/wp-content/uploads/2026/02/12V4000M40A-0356-01-300.webp;12V4000M40A;358;300;5185302185;HANDLE;;;SI;B00E50208066;0005330732;ok;importar;import_superseded;relacion superseded clara;import_superseded;relacion superseded clara;engine_12V4000M40A.json;1100169;358;0005330732;HANDLE;;;SI;Superseded;B00E50208066;0005330732;ok;importar;yes
0045315281;RETAINER FOR TERMINAL;0045315281;publish;"Engine: 12V4000M40A
Part Number: 0045315281
Designation: RETAINER FOR TERMINAL
Measurement: B = 6 MM
Weight: 0.003 KGM
Source Page: 358
BOM: 5185302185
Substitution Status: SI
New Part Number: 0045318081
Superseded List: 0045315281";RETAINER FOR TERMINAL;;12VM40A-508;12V4000M40A, Superseded, importar;simple;https://milu-naval.mystagingwebsite.com/wp-content/uploads/2026/02/12V4000M40A-0356-02-460.webp;12V4000M40A;358;460;5185302185;RETAINER FOR TERMINAL;B = 6 MM;0.003 KGM;SI;0045318081;0045315281;ok;importar;import_superseded;ya existe en WordPress/product-export | relacion superseded clara;import_superseded;ya existe en WordPress/product-export | relacion superseded clara;engine_12V4000M40A.json;1100387;358;0045315281;RETAINER FOR TERMINAL;B = 6 MM;0.003 KGM;SI;Superseded;0045318081;0045315281;ok;importar;yes
5185301585/76;CONTROL CONSOLE NOT ADJUSTED;5185301585-76;publish;"Engine: 12V4000M40A
Part Number: 5185301585/76
Designation: CONTROL CONSOLE NOT ADJUSTED
Measurement: 
Weight: 25 KG
Source Page: 359
BOM: 5185302185
Substitution Status: SI
New Part Number: X00E50200023/76
Superseded List: 5185301585/76";CONTROL CONSOLE NOT ADJUSTED;;12VM40A-508;12V4000M40A, Superseded, importar;simple;https://milu-naval.mystagingwebsite.com/wp-content/uploads/2026/02/12V4000M40A-0357-01-805.webp;12V4000M40A;359;805;5185302185;CONTROL CONSOLE NOT ADJUSTED;;25 KG;SI;X00E50200023/76;5185301585/76;ok;importar;import_superseded;relacion superseded clara;import_superseded;relacion superseded clara;engine_12V4000M40A.json;1102405;359;5185301585/76;CONTROL CONSOLE NOT ADJUSTED;;25 KG;SI;Superseded;X00E50200023/76;5185301585/76;ok;importar;yes
5185301585/77;CONTROL CONSOLE COMPLETE;5185301585-77;publish;"Engine: 12V4000M40A
Part Number: 5185301585/77
Designation: CONTROL CONSOLE COMPLETE
Measurement: 
Weight: 
Source Page: 359
BOM: 5185302185
Substitution Status: SI
New Part Number: X00E50200023/76
Superseded List: 5185301585/77";CONTROL CONSOLE COMPLETE;;12VM40A-508;12V4000M40A, Superseded, importar;simple;https://milu-naval.mystagingwebsite.com/wp-content/uploads/2026/02/12V4000M40A-0357-01-810.webp;12V4000M40A;359;810;5185302185;CONTROL CONSOLE COMPLETE;;;SI;X00E50200023/76;5185301585/77;ok;importar;import_superseded;relacion superseded clara;import_superseded;relacion superseded clara;engine_12V4000M40A.json;1102406;359;5185301585/77;CONTROL CONSOLE COMPLETE;;;SI;Superseded;X00E50200023/76;5185301585/77;ok;importar;yes
0095314348;INTEGRATED CIRCUIT;0095314348;publish;"Engine: 12V4000M40A
Part Number: 0095314348
Designation: INTEGRATED CIRCUIT
Measurement: DIP-8, EEPROM_
Weight: 
Source Page: 360
BOM: 5285303969
Substitution Status: SI
New Part Number: 0095314348/76
Superseded List: 0095314348";INTEGRATED CIRCUIT;;12VM40A-508;12V4000M40A, Superseded, importar;simple;https://milu-naval.mystagingwebsite.com/wp-content/uploads/2026/02/12V4000M40A-0360-01-70.webp;12V4000M40A;360;70;5285303969;INTEGRATED CIRCUIT;DIP-8, EEPROM_;;SI;0095314348/76;0095314348;ok;importar;import_superseded;relacion superseded clara;import_superseded;relacion superseded clara;engine_12V4000M40A.json;1100450;360;0095314348;INTEGRATED CIRCUIT;DIP-8, EEPROM_;;SI;Superseded;0095314348/76;0095314348;ok;importar;yes
5045309892;PLUG-IN BOARD;5045309892;publish;"Engine: 12V4000M40A
Part Number: 5045309892
Designation: PLUG-IN BOARD
Measurement: IIB 1-01
Weight: 15 G
Source Page: 360
BOM: 5285303969
Substitution Status: SI
New Part Number: 5045309892/78
Superseded List: 5045309892";PLUG-IN BOARD;;12VM40A-508;12V4000M40A, Superseded, importar;simple;https://milu-naval.mystagingwebsite.com/wp-content/uploads/2026/02/12V4000M40A-0360-01-115.webp;12V4000M40A;360;115;5285303969;PLUG-IN BOARD;IIB 1-01;15 G;SI;5045309892/78;5045309892;ok;importar;import_superseded;relacion superseded clara;import_superseded;relacion superseded clara;engine_12V4000M40A.json;1100886;360;5045309892;PLUG-IN BOARD;IIB 1-01;15 G;SI;Superseded;5045309892/78;5045309892;ok;importar;yes
5285301983;MODULAR SYSTEM;5285301983;publish;"Engine: 12V4000M40A
Part Number: 5285301983
Designation: MODULAR SYSTEM
Measurement: 
Weight: 408 G
Source Page: 360
BOM: 5285303969
Substitution Status: SI
New Part Number: 5285301983/76
Superseded List: 5285301983";MODULAR SYSTEM;;12VM40A-508;12V4000M40A, Superseded, importar;simple;https://milu-naval.mystagingwebsite.com/wp-content/uploads/2026/02/12V4000M40A-0360-01-55.webp;12V4000M40A;360;55;5285303969;MODULAR SYSTEM;;408 G;SI;5285301983/76;5285301983;ok;importar;import_superseded;ya existe en WordPress/product-export | relacion superseded clara;import_superseded;ya existe en WordPress/product-export | relacion superseded clara;engine_12V4000M40A.json;1101440;360;5285301983;MODULAR SYSTEM;;408 G;SI;Superseded;5285301983/76;5285301983;ok;importar;yes
5295308212/S0001;PLUG-IN BOARD;5295308212-s0001;publish;"Engine: 12V4000M40A
Part Number: 5295308212/S0001
Designation: PLUG-IN BOARD
Measurement: MPU 23-03 /URL
Weight: 50 G
Source Page: 360
BOM: 5285303969
Substitution Status: SI
New Part Number: X00E50200664/76
Superseded List: 5295308212/S0001";PLUG-IN BOARD;;12VM40A-508;12V4000M40A, Superseded, importar;simple;https://milu-naval.mystagingwebsite.com/wp-content/uploads/2026/02/12V4000M40A-0360-01-80.webp;12V4000M40A;360;80;5285303969;PLUG-IN BOARD;MPU 23-03 /URL;50 G;SI;X00E50200664/76;5295308212/S0001;ok;importar;import_superseded;ya existe en WordPress/product-export | relacion superseded clara;import_superseded;ya existe en WordPress/product-export | relacion superseded clara;engine_12V4000M40A.json;1102418;360;5295308212/S0001;PLUG-IN BOARD;MPU 23-03 /URL;50 G;SI;Superseded;X00E50200664/76;5295308212/S0001;ok;importar;yes
X00E50202224;PLUG-IN BOARD;x00e50202224;publish;"Engine: 12V4000M40A
Part Number: X00E50202224
Designation: PLUG-IN BOARD
Measurement: COB3-03,
Weight: 
Source Page: 361
BOM: 5285301983
Substitution Status: SI
New Part Number: 5285301983/76
Superseded List: X00E50202224";PLUG-IN BOARD;;12VM40A-508;12V4000M40A, Superseded, importar;simple;https://milu-naval.mystagingwebsite.com/wp-content/uploads/2026/02/12V4000M40A-0361-01-25.webp;12V4000M40A;361;25;5285301983;PLUG-IN BOARD;COB3-03,;;SI;5285301983/76;X00E50202224;ok;importar;import_superseded;ya existe en WordPress/product-export | relacion superseded clara;import_superseded;ya existe en WordPress/product-export | relacion superseded clara;engine_12V4000M40A.json;1102595;361;X00E50202224;PLUG-IN BOARD;COB3-03,;;SI;Superseded;5285301983/76;X00E50202224;ok;importar;yes
X00E50200664;PLUG-IN BOARD;x00e50200664;publish;"Engine: 12V4000M40A
Part Number: X00E50200664
Designation: PLUG-IN BOARD
Measurement: KF MPU23-04,
Weight: 49 G
Source Page: 363
BOM: 5295308212
Substitution Status: SI
New Part Number: X00E50200664/76
Superseded List: X00E50200664";PLUG-IN BOARD;;12VM40A-508;12V4000M40A, Superseded, importar;simple;https://milu-naval.mystagingwebsite.com/wp-content/uploads/2026/02/12V4000M40A-0363-01-10.webp;12V4000M40A;363;10;5295308212;PLUG-IN BOARD;KF MPU23-04,;49 G;SI;X00E50200664/76;X00E50200664;ok;importar;import_superseded;ya existe en WordPress/product-export | relacion superseded clara;import_superseded;ya existe en WordPress/product-export | relacion superseded clara;engine_12V4000M40A.json;1102586;363;X00E50200664;PLUG-IN BOARD;KF MPU23-04,;49 G;SI;Superseded;X00E50200664/76;X00E50200664;ok;importar;yes
5295309312;PLUG-IN BOARD;5295309312;publish;"Engine: 16V4000M61
Part Number: 5295309312
Designation: PLUG-IN BOARD
Measurement: AIB 1-02
Weight: 30 G
Source Page: 393
BOM: X00E50205156
Substitution Status: SI
New Part Number: X00E50209721/78
Superseded List: 5295309312";PLUG-IN BOARD;;16VM61-508;16V4000M61, Superseded, importar;simple;https://milu-naval.mystagingwebsite.com/wp-content/uploads/2026/01/sin_imagen.jpeg;16V4000M61;393;345;X00E50205156;PLUG-IN BOARD;AIB 1-02;30 G;SI;X00E50209721/78;5295309312;ok;importar;import_superseded;acciones QA contradictorias para el mismo PN | estado QA requiere revision manual | conflictos detectados: designation_conflict, weight_conflict | relacion superseded clara;import_superseded;acciones QA contradictorias para el mismo PN | estado QA requiere revision manual | conflictos detectados: designation_conflict, weight_conflict | relacion superseded clara;engine_16V4000M61.json;1302444;393;5295309312;PLUG-IN BOARD;AIB 1-02;30 G;SI;Superseded;X00E50209721/78;5295309312;ok;importar;yes
5295309312/78;PLUG-IN BOARD;5295309312-78;publish;"Engine: 12V4000M40A
Part Number: 5295309312/78
Designation: PLUG-IN BOARD
Measurement: 
Weight: 93,800 G
Source Page: 368
BOM: 5295309312
Substitution Status: SI
New Part Number: X00E50209721/78
Superseded List: 5295309312/78";PLUG-IN BOARD;;12VM40A-508;12V4000M40A, Superseded, importar;simple;https://milu-naval.mystagingwebsite.com/wp-content/uploads/2026/02/12V4000M40A-0368-01-300.webp;12V4000M40A;368;300;5295309312;PLUG-IN BOARD;;93,800 G;SI;X00E50209721/78;5295309312/78;ok;importar;import_superseded;conflictos detectados: designation_conflict, weight_conflict | relacion superseded clara;import_superseded;conflictos detectados: designation_conflict, weight_conflict | relacion superseded clara;engine_12V4000M40A.json;1102422;368;5295309312/78;PLUG-IN BOARD;;93,800 G;SI;Superseded;X00E50209721/78;5295309312/78;ok;importar;yes
X00E50201981;PLUG-IN BOARD;x00e50201981;publish;"Engine: 12V4000M40A
Part Number: X00E50201981
Designation: PLUG-IN BOARD
Measurement: 
Weight: 405 G
Source Page: 370
BOM: X00E50203600
Substitution Status: SI
New Part Number: X00E50209563
Superseded List: X00E50201981";PLUG-IN BOARD;;12VM40A-508;12V4000M40A, Superseded, importar;simple;https://milu-naval.mystagingwebsite.com/wp-content/uploads/2026/02/12V4000M40A-0370-01-20.webp;12V4000M40A;370;20;X00E50203600;PLUG-IN BOARD;;405 G;SI;X00E50209563;X00E50201981;ok;importar;import_superseded;relacion superseded clara;import_superseded;relacion superseded clara;engine_12V4000M40A.json;1102594;370;X00E50201981;PLUG-IN BOARD;;405 G;SI;Superseded;X00E50209563;X00E50201981;ok;importar;yes
X00E50203036;LED YELLOW;x00e50203036;publish;"Engine: 12V4000M40A
Part Number: X00E50203036
Designation: LED YELLOW
Measurement: D=5MM,L=9MM,LEUCHTFARBE=GELB,
Weight: 0.001 KGM
Source Page: 371
BOM: X00E50201981
Substitution Status: SI
New Part Number: X00E50211690
Superseded List: X00E50203036";LED YELLOW;;12VM40A-508;12V4000M40A, Superseded, importar;simple;https://milu-naval.mystagingwebsite.com/wp-content/uploads/2026/02/12V4000M40A-0371-01-400.webp;12V4000M40A;371;400;X00E50201981;LED YELLOW;D=5MM,L=9MM,LEUCHTFARBE=GELB,;0.001 KGM;SI;X00E50211690;X00E50203036;ok;importar;import_superseded;relacion superseded clara;import_superseded;relacion superseded clara;engine_12V4000M40A.json;1102602;371;X00E50203036;LED YELLOW;D=5MM,L=9MM,LEUCHTFARBE=GELB,;0.001 KGM;SI;Superseded;X00E50211690;X00E50203036;ok;importar;yes
5105306662;PANEL MECHANICAL;5105306662;publish;"Engine: 12V4000M40A
Part Number: 5105306662
Designation: PANEL MECHANICAL
Measurement: 
Weight: 512 G
Source Page: 373
BOM: 5105306662
Substitution Status: SI
New Part Number: 5105306662/76
Superseded List: 5105306662";PANEL MECHANICAL;;12VM40A-508;12V4000M40A, Superseded, importar;simple;https://milu-naval.mystagingwebsite.com/wp-content/uploads/2026/02/12V4000M40A-0373-01-15.webp;12V4000M40A;373;15;5105306662;PANEL MECHANICAL;;512 G;SI;5105306662/76;5105306662;ok;importar;import_superseded;relacion superseded clara;import_superseded;relacion superseded clara;engine_12V4000M40A.json;1100893;373;5105306662;PANEL MECHANICAL;;512 G;SI;Superseded;5105306662/76;5105306662;ok;importar;yes
5265300113;PLUG-IN BOARD;5265300113;publish;"Engine: 12V4000M40A
Part Number: 5265300113
Designation: PLUG-IN BOARD
Measurement: M
Weight: 
Source Page: 374
BOM: 5105306662
Substitution Status: SI
New Part Number: 5265300113/76
Superseded List: 5265300113";PLUG-IN BOARD;;12VM40A-508;12V4000M40A, Superseded, importar;simple;https://milu-naval.mystagingwebsite.com/wp-content/uploads/2026/02/12V4000M40A-0374-01-35.webp;12V4000M40A;374;35;5105306662;PLUG-IN BOARD;M;;SI;5265300113/76;5265300113;ok;importar;import_superseded;relacion superseded clara;import_superseded;relacion superseded clara;engine_12V4000M40A.json;1101385;374;5265300113;PLUG-IN BOARD;M;;SI;Superseded;5265300113/76;5265300113;ok;importar;yes
0055345410;SWITCH;0055345410;publish;"Engine: 12V4000M40A
Part Number: 0055345410
Designation: SWITCH
Measurement: 
Weight: 11,800 G
Source Page: 379
BOM: 5105307362
Substitution Status: SI
New Part Number: B00E50206630
Superseded List: 0055345410";SWITCH;;12VM40A-508;12V4000M40A, Superseded, importar;simple;https://milu-naval.mystagingwebsite.com/wp-content/uploads/2026/02/12V4000M40A-0379-01-250.webp;12V4000M40A;379;250;5105307362;SWITCH;;11,800 G;SI;B00E50206630;0055345410;ok;importar;import_superseded;relacion superseded clara;import_superseded;relacion superseded clara;engine_12V4000M40A.json;1100422;379;0055345410;SWITCH;;11,800 G;SI;Superseded;B00E50206630;0055345410;ok;importar;yes
5265300213;PLUG-IN BOARD;5265300213;publish;"Engine: 12V4000M40A
Part Number: 5265300213
Designation: PLUG-IN BOARD
Measurement: KF
Weight: 
Source Page: 381
BOM: 5105301808
Substitution Status: SI
New Part Number: 5265300213/76
Superseded List: 5265300213";PLUG-IN BOARD;;12VM40A-508;12V4000M40A, Superseded, importar;simple;https://milu-naval.mystagingwebsite.com/wp-content/uploads/2026/02/12V4000M40A-0381-01-10.webp;12V4000M40A;381;10;5105301808;PLUG-IN BOARD;KF;;SI;5265300213/76;5265300213;ok;importar;import_superseded;relacion superseded clara;import_superseded;relacion superseded clara;engine_12V4000M40A.json;1101386;381;5265300213;PLUG-IN BOARD;KF;;SI;Superseded;5265300213/76;5265300213;ok;importar;yes
0015318481;ATTACHING;0015318481;publish;"Engine: 12V4000M40A
Part Number: 0015318481
Designation: ATTACHING
Measurement: 
Weight: 
Source Page: 388
BOM: 5105302438
Substitution Status: SI
New Part Number: X00E50207844
Superseded List: 0015318481";ATTACHING;;12VM40A-508;12V4000M40A, Superseded, importar;simple;https://milu-naval.mystagingwebsite.com/wp-content/uploads/2026/02/12V4000M40A-0387-01-345.webp;12V4000M40A;388;345;5105302438;ATTACHING;;;SI;X00E50207844;0015318481;ok;importar;import_superseded;relacion superseded clara;import_superseded;relacion superseded clara;engine_12V4000M40A.json;1100251;388;0015318481;ATTACHING;;;SI;Superseded;X00E50207844;0015318481;ok;importar;yes
5295308612;PLUG-IN BOARD;5295308612;publish;"Engine: 12V4000M40A
Part Number: 5295308612
Designation: PLUG-IN BOARD
Measurement: BOB1-02
Weight: 11 G
Source Page: 390
BOM: 5285307669
Substitution Status: SI
New Part Number: 5295308612/78
Superseded List: 5295308612";PLUG-IN BOARD;;12VM40A-508;12V4000M40A, Superseded, importar;simple;https://milu-naval.mystagingwebsite.com/wp-content/uploads/2026/02/12V4000M40A-0390-01-115.webp;12V4000M40A;390;115;5285307669;PLUG-IN BOARD;BOB1-02;11 G;SI;5295308612/78;5295308612;ok;importar;import_superseded;relacion superseded clara;import_superseded;relacion superseded clara;engine_12V4000M40A.json;1101460;390;5295308612;PLUG-IN BOARD;BOB1-02;11 G;SI;Superseded;5295308612/78;5295308612;ok;importar;yes
5295308212/76;PLUG-IN BOARD NOT ADJUSTED;5295308212-76;publish;"Engine: 12V4000M40A
Part Number: 5295308212/76
Designation: PLUG-IN BOARD NOT ADJUSTED
Measurement: 
Weight: 108,500 G
Source Page: 391
BOM: 5295308212
Substitution Status: SI
New Part Number: X00E50200664/76
Superseded List: 5295308212/76";PLUG-IN BOARD NOT ADJUSTED;;12VM40A-508;12V4000M40A, Superseded, importar;simple;https://milu-naval.mystagingwebsite.com/wp-content/uploads/2026/02/12V4000M40A-0391-01-250.webp;12V4000M40A;391;250;5295308212;PLUG-IN BOARD NOT ADJUSTED;;108,500 G;SI;X00E50200664/76;5295308212/76;ok;importar;import_superseded;ya existe en WordPress/product-export | relacion superseded clara;import_superseded;ya existe en WordPress/product-export | relacion superseded clara;engine_12V4000M40A.json;1102417;391;5295308212/76;PLUG-IN BOARD NOT ADJUSTED;;108,500 G;SI;Superseded;X00E50200664/76;5295308212/76;ok;importar;yes
X00E50200899;AUDIBLE ALARM FOR MONITORING;x00e50200899;publish;"Engine: 12V4000M40A
Part Number: X00E50200899
Designation: AUDIBLE ALARM FOR MONITORING
Measurement: 152X152X128 (BXLXH)
Weight: 740 G
Source Page: 397
BOM: 5005310289
Substitution Status: SI
New Part Number: B00E50204808
Superseded List: X00E50200899";AUDIBLE ALARM FOR MONITORING;;12VM40A-508;12V4000M40A, Superseded, importar;simple;https://milu-naval.mystagingwebsite.com/wp-content/uploads/2026/01/sin_imagen.jpeg;12V4000M40A;397;21;5005310289;AUDIBLE ALARM FOR MONITORING;152X152X128 (BXLXH);740 G;SI;B00E50204808;X00E50200899;ok;importar;import_superseded;relacion superseded clara;import_superseded;relacion superseded clara;engine_12V4000M40A.json;1102588;397;X00E50200899;AUDIBLE ALARM FOR MONITORING;152X152X128 (BXLXH);740 G;SI;Superseded;B00E50204808;X00E50200899;ok;importar;yes
X00E50203517;CONNECTION INTERFACE;x00e50203517;publish;"Engine: 12V4000M40A
Part Number: X00E50203517
Designation: CONNECTION INTERFACE
Measurement: 
Weight: 
Source Page: 398
BOM: XK00E510.746010-07
Substitution Status: SI
New Part Number: X00E50202228
Superseded List: X00E50203517";CONNECTION INTERFACE;;12VM40A-508;12V4000M40A, Superseded, importar;simple;https://milu-naval.mystagingwebsite.com/wp-content/uploads/2026/01/sin_imagen.jpeg;12V4000M40A;398;45;XK00E510.746010-07;CONNECTION INTERFACE;;;SI;X00E50202228;X00E50203517;ok;importar;import_superseded;relacion superseded clara;import_superseded;relacion superseded clara;engine_12V4000M40A.json;1102605;398;X00E50203517;CONNECTION INTERFACE;;;SI;Superseded;X00E50202228;X00E50203517;ok;importar;yes
X00E50202754/S0003;HOUSING WITH INTERLOCK;x00e50202754-s0003;publish;"Engine: 12V4000M40A
Part Number: X00E50202754/S0003
Designation: HOUSING WITH INTERLOCK
Measurement: 360X314X95 (LXBXH)
Weight: 1.368 KG
Source Page: 399
BOM: X00E50203517
Substitution Status: SI
New Part Number: X00E50210047
Superseded List: X00E50202754/S0003";HOUSING WITH INTERLOCK;;12VM40A-508;12V4000M40A, Superseded, importar;simple;https://milu-naval.mystagingwebsite.com/wp-content/uploads/2026/02/12V4000M40A-0399-01-25.webp;12V4000M40A;399;25;X00E50203517;HOUSING WITH INTERLOCK;360X314X95 (LXBXH);1.368 KG;SI;X00E50210047;X00E50202754/S0003;ok;importar;import_superseded;relacion superseded clara;import_superseded;relacion superseded clara;engine_12V4000M40A.json;1102601;399;X00E50202754/S0003;HOUSING WITH INTERLOCK;360X314X95 (LXBXH);1.368 KG;SI;Superseded;X00E50210047;X00E50202754/S0003;ok;importar;yes
X00E50202404;PLUG-IN BOARD;x00e50202404;publish;"Engine: 12V4000M40A
Part Number: X00E50202404
Designation: PLUG-IN BOARD
Measurement: AB SAB2-03 (MB VON SAM)
Weight: 623 G
Source Page: 402
BOM: X00E50202404
Substitution Status: SI
New Part Number: X00E50202404/S0004
Superseded List: X00E50202404";PLUG-IN BOARD;;12VM40A-508;12V4000M40A, Superseded, importar;simple;https://milu-naval.mystagingwebsite.com/wp-content/uploads/2026/02/12V4000M40A-0402-01-20.webp;12V4000M40A;402;20;X00E50202404;PLUG-IN BOARD;AB SAB2-03 (MB VON SAM);623 G;SI;X00E50202404/S0004;X00E50202404;ok;importar;import_superseded;ya existe en WordPress/product-export | relacion superseded clara;import_superseded;ya existe en WordPress/product-export | relacion superseded clara;engine_12V4000M40A.json;1102596;402;X00E50202404;PLUG-IN BOARD;AB SAB2-03 (MB VON SAM);623 G;SI;Superseded;X00E50202404/S0004;X00E50202404;ok;importar;yes
5275307654;GOVERNOR;5275307654;publish;"Engine: 12V4000M40A
Part Number: 5275307654
Designation: GOVERNOR
Measurement: EM 455X277X91 (LXBXH)
Weight: 6,600 KG
Source Page: 403
BOM: 510.00327
Substitution Status: SI
New Part Number: EX00E50211110/76
Superseded List: 5275307654";GOVERNOR;;12VM40A-508;12V4000M40A, Superseded, importar;simple;https://milu-naval.mystagingwebsite.com/wp-content/uploads/2026/02/12V4000M40A-0403-01-95.webp;12V4000M40A;403;95;510.00327;GOVERNOR;EM 455X277X91 (LXBXH);6,600 KG;SI;EX00E50211110/76;5275307654;ok;importar;import_superseded;acciones QA contradictorias para el mismo PN | estado QA requiere revision manual | conflictos detectados: designation_conflict, weight_conflict | relacion superseded clara;import_superseded;acciones QA contradictorias para el mismo PN | estado QA requiere revision manual | conflictos detectados: designation_conflict, weight_conflict | relacion superseded clara;engine_12V4000M40A.json;1101434;403;5275307654;GOVERNOR;EM 455X277X91 (LXBXH);6,600 KG;SI;Superseded;EX00E50211110/76;5275307654;ok;importar;yes
41458;LEAD SEAL;41458;publish;"Engine: 16V4000M61
Part Number: 41458
Designation: LEAD SEAL
Measurement: 0,5 - 0,3
Weight: 1 KG
Source Page: 363
BOM: X00E50206616
Substitution Status: SI
New Part Number: X00058032
Superseded List: ";LEAD SEAL;;16VM61-507;16V4000M61, Superseded, revisar;simple;https://milu-naval.mystagingwebsite.com/wp-content/uploads/2026/02/16V4000M61-0362-01-275.webp;16V4000M61;363;275;X00E50206616;LEAD SEAL;0,5 - 0,3;1 KG;SI;X00058032;;pendiente;revisar;import_superseded;estado QA requiere revision manual | conflictos detectados: weight_conflict | relacion superseded clara;import_superseded;estado QA requiere revision manual | conflictos detectados: weight_conflict | relacion superseded clara;engine_16V4000M61.json;1302298;363;;LEAD SEAL;0,5 - 0,3;1 KG;SI;Superseded;X00058032;;pendiente;revisar;yes
5005317674;EPROM;5005317674;publish;"Engine: 16V4000M61
Part Number: 5005317674
Designation: EPROM
Measurement: 56X26X16,
Weight: 
Source Page: 363
BOM: X00E50206616
Substitution Status: SI
New Part Number: X00E50208847
Superseded List: 5005317674";EPROM;;16VM61-507;16V4000M61, Superseded, importar;simple;https://milu-naval.mystagingwebsite.com/wp-content/uploads/2026/02/16V4000M61-0362-01-85.webp;16V4000M61;363;85;X00E50206616;EPROM;56X26X16,;;SI;X00E50208847;5005317674;ok;importar;import_superseded;relacion superseded clara;import_superseded;relacion superseded clara;engine_16V4000M61.json;1302305;363;5005317674;EPROM;56X26X16,;;SI;Superseded;X00E50208847;5005317674;ok;importar;yes
5275308412;PLUG-IN BOARD;5275308412;publish;"Engine: 12V4000M40A
Part Number: 5275308412
Designation: PLUG-IN BOARD
Measurement: 
Weight: 57 G
Source Page: 406
BOM: 5255380580
Substitution Status: SI
New Part Number: 5275308412/76
Superseded List: 5275308412";PLUG-IN BOARD;;12VM40A-508;12V4000M40A, Superseded, importar;simple;https://milu-naval.mystagingwebsite.com/wp-content/uploads/2026/02/12V4000M40A-0406-01-10.webp;12V4000M40A;406;10;5255380580;PLUG-IN BOARD;;57 G;SI;5275308412/76;5275308412;ok;importar;import_superseded;conflictos detectados: weight_conflict | relacion superseded clara;import_superseded;conflictos detectados: weight_conflict | relacion superseded clara;engine_12V4000M40A.json;1101435;406;5275308412;PLUG-IN BOARD;;57 G;SI;Superseded;5275308412/76;5275308412;ok;importar;yes
5005317674/77;EPROM ADJUSTED MEM7-01;5005317674-77;publish;"Engine: 12V4000M40A
Part Number: 5005317674/77
Designation: EPROM ADJUSTED MEM7-01
Measurement: MN EINGESTELLT KOMPL. M. MOTORDAT
Weight: 10 G
Source Page: 407
BOM: 5005317674
Substitution Status: SI
New Part Number: X00E50208847
Superseded List: 5005317674/77";EPROM ADJUSTED MEM7-01;;12VM40A-508;12V4000M40A, Superseded, importar;simple;https://milu-naval.mystagingwebsite.com/wp-content/uploads/2026/02/12V4000M40A-0407-01-45.webp;12V4000M40A;407;45;5005317674;EPROM ADJUSTED MEM7-01;MN EINGESTELLT KOMPL. M. MOTORDAT;10 G;SI;X00E50208847;5005317674/77;ok;importar;import_superseded;relacion superseded clara;import_superseded;relacion superseded clara;engine_12V4000M40A.json;1102397;407;5005317674/77;EPROM ADJUSTED MEM7-01;MN EINGESTELLT KOMPL. M. MOTORDAT;10 G;SI;Superseded;X00E50208847;5005317674/77;ok;importar;yes
5275304360/S0003;HOUSING;5275304360-s0003;publish;"Engine: 12V4000M40A
Part Number: 5275304360/S0003
Designation: HOUSING
Measurement: 
Weight: 3,440 KG KF
Source Page: 408
BOM: 510.00394
Substitution Status: SI
New Part Number: X00E50210456/S0001
Superseded List: 5275304360/S0003";HOUSING;;12VM40A-508;12V4000M40A, Superseded, importar;simple;https://milu-naval.mystagingwebsite.com/wp-content/uploads/2026/02/12V4000M40A-0408-01-95.webp;12V4000M40A;408;95;510.00394;HOUSING;;3,440 KG KF;SI;X00E50210456/S0001;5275304360/S0003;ok;importar;import_superseded;relacion superseded clara;import_superseded;relacion superseded clara;engine_12V4000M40A.json;1102412;408;5275304360/S0003;HOUSING;;3,440 KG KF;SI;Superseded;X00E50210456/S0001;5275304360/S0003;ok;importar;yes
5275305512;PLUG-IN BOARD MEM 6-01/A;5275305512;publish;"Engine: 12V4000M40A
Part Number: 5275305512
Designation: PLUG-IN BOARD MEM 6-01/A
Measurement: KF
Weight: 
Source Page: 411
BOM: 5275385880
Substitution Status: SI
New Part Number: 5275385880/S0004
Superseded List: 5275305512";PLUG-IN BOARD MEM 6-01/A;;12VM40A-508;12V4000M40A, Superseded, importar;simple;https://milu-naval.mystagingwebsite.com/wp-content/uploads/2026/02/12V4000M40A-0411-01-10.webp;12V4000M40A;411;10;5275385880;PLUG-IN BOARD MEM 6-01/A;KF;;SI;5275385880/S0004;5275305512;ok;importar;import_superseded;conflictos detectados: designation_conflict | relacion superseded clara;import_superseded;conflictos detectados: designation_conflict | relacion superseded clara;engine_12V4000M40A.json;1101426;411;5275305512;PLUG-IN BOARD MEM 6-01/A;KF;;SI;Superseded;5275385880/S0004;5275305512;ok;importar;yes
5275305512/76;PLUG-IN BOARD NOT ADJUSTED;5275305512-76;publish;"Engine: 12V4000M40A
Part Number: 5275305512/76
Designation: PLUG-IN BOARD NOT ADJUSTED
Measurement: 
Weight: 73 G
Source Page: 412
BOM: 5275305512
Substitution Status: SI
New Part Number: 5275385880/S0004
Superseded List: 5275305512/76";PLUG-IN BOARD NOT ADJUSTED;;12VM40A-508;12V4000M40A, Superseded, importar;simple;https://milu-naval.mystagingwebsite.com/wp-content/uploads/2026/01/sin_imagen.jpeg;12V4000M40A;412;55;5275305512;PLUG-IN BOARD NOT ADJUSTED;;73 G;SI;5275385880/S0004;5275305512/76;ok;importar;import_superseded;relacion superseded clara;import_superseded;relacion superseded clara;engine_12V4000M40A.json;1102413;412;5275305512/76;PLUG-IN BOARD NOT ADJUSTED;;73 G;SI;Superseded;5275385880/S0004;5275305512/76;ok;importar;yes
700425000182;EMI-LABEL NON-EPA;700425000182;publish;"Engine: 12V4000M53
Part Number: 700425000182
Designation: EMI-LABEL NON-EPA
Measurement: 
Weight: 
Source Page: 16
BOM: XS524000.00019
Substitution Status: SI
New Part Number: X53100400002
Superseded List: 700425000182";EMI-LABEL NON-EPA;;12VM53-4;12V4000M53, Superseded, importar;simple;https://milu-naval.mystagingwebsite.com/wp-content/uploads/2026/01/sin_imagen.jpeg;12V4000M53;16;100;XS524000.00019;EMI-LABEL NON-EPA;;;SI;X53100400002;700425000182;ok;importar;import_superseded;conflictos detectados: designation_conflict | relacion superseded clara;import_superseded;conflictos detectados: designation_conflict | relacion superseded clara;engine_12V4000M53.json;1200002;16;700425000182;EMI-LABEL NON-EPA;;;SI;Superseded;X53100400002;700425000182;ok;importar;yes
EX59401100066;CRANKCASE;ex59401100066;publish;"Engine: 12V4000M53
Part Number: EX59401100066
Designation: CRANKCASE
Measurement: 
Weight: 1.618,000
Source Page: 22
BOM: XS594010.00195
Substitution Status: SI
New Part Number: EX59401100126
Superseded List: EX59401100066";CRANKCASE;;12VM53-11;12V4000M53, Superseded, importar;simple;https://milu-naval.mystagingwebsite.com/wp-content/uploads/2026/01/sin_imagen.jpeg;12V4000M53;22;540;XS594010.00195;CRANKCASE;;1.618,000;SI;EX59401100126;EX59401100066;ok;importar;import_superseded;relacion superseded clara;import_superseded;relacion superseded clara;engine_12V4000M53.json;1200031;22;EX59401100066;CRANKCASE;;1.618,000;SI;Superseded;EX59401100126;EX59401100066;ok;importar;yes
X59401100066;CRANKCASE;x59401100066;publish;"Engine: 12V4000M53
Part Number: X59401100066
Designation: CRANKCASE
Measurement: 
Weight: 1.618,000
Source Page: 22
BOM: XS594010.00195
Substitution Status: SI
New Part Number: EX59401100126
Superseded List: X59401100066";CRANKCASE;;12VM53-11;12V4000M53, Superseded, importar;simple;https://milu-naval.mystagingwebsite.com/wp-content/uploads/2026/01/sin_imagen.jpeg;12V4000M53;22;70;XS594010.00195;CRANKCASE;;1.618,000;SI;EX59401100126;X59401100066;ok;importar;import_superseded;relacion superseded clara;import_superseded;relacion superseded clara;engine_12V4000M53.json;1200033;22;X59401100066;CRANKCASE;;1.618,000;SI;Superseded;EX59401100126;X59401100066;ok;importar;yes
X00021778/75;FLYWHEEL HOUSING PRIMED;x00021778-75;publish;"Engine: 12V4000M53
Part Number: X00021778/75
Designation: FLYWHEEL HOUSING PRIMED
Measurement: 
Weight: 165,000 kg
Source Page: 35
BOM: XS594010.00159
Substitution Status: SI
New Part Number: X52901600017/75
Superseded List: X00021778/75";FLYWHEEL HOUSING PRIMED;;12VM53-16;12V4000M53, Superseded, importar;simple;https://milu-naval.mystagingwebsite.com/wp-content/uploads/2026/02/12V4000M53-0035-01-50.webp;12V4000M53;35;50;XS594010.00159;FLYWHEEL HOUSING PRIMED;;165,000 kg;SI;X52901600017/75;X00021778/75;ok;importar;import_superseded;relacion superseded clara;import_superseded;relacion superseded clara;engine_12V4000M53.json;1200135;35;X00021778/75;FLYWHEEL HOUSING PRIMED;;165,000 kg;SI;Superseded;X52901600017/75;X00021778/75;ok;importar;yes
5502030343;BRACKET;5502030343;publish;"Engine: 12V4000M53
Part Number: 5502030343
Designation: BRACKET
Measurement: 
Weight: 56,900 g
Source Page: 41
BOM: XS594010.00077
Substitution Status: SI
New Part Number: 5502030843
Superseded List: 5502030343";BRACKET;;12VM53-18;12V4000M53, Superseded, importar;simple;https://milu-naval.mystagingwebsite.com/wp-content/uploads/2026/02/12V4000M53-0039-01-4500.webp;12V4000M53;41;4500;XS594010.00077;BRACKET;;56,900 g;SI;5502030843;5502030343;ok;importar;import_superseded;conflictos detectados: weight_conflict | relacion superseded clara;import_superseded;conflictos detectados: weight_conflict | relacion superseded clara;engine_12V4000M53.json;1200224;41;5502030343;BRACKET;;56,900 g;SI;Superseded;5502030843;5502030343;ok;importar;yes
X59302400016/75;EQUIPMENT RACK PRIMED;x59302400016-75;publish;"Engine: 12V4000M53
Part Number: X59302400016/75
Designation: EQUIPMENT RACK PRIMED
Measurement: 
Weight: 260 KGM
Source Page: 48
BOM: XS593020.00010
Substitution Status: SI
New Part Number: X59302400026/75
Superseded List: X59302400016/75";EQUIPMENT RACK PRIMED;;12VM53-24;12V4000M53, Superseded, importar;simple;https://milu-naval.mystagingwebsite.com/wp-content/uploads/2026/02/12V4000M53-0048-01-50.webp;12V4000M53;48;50;XS593020.00010;EQUIPMENT RACK PRIMED;;260 KGM;SI;X59302400026/75;X59302400016/75;ok;importar;import_superseded;relacion superseded clara;import_superseded;relacion superseded clara;engine_12V4000M53.json;1200301;48;X59302400016/75;EQUIPMENT RACK PRIMED;;260 KGM;SI;Superseded;X59302400026/75;X59302400016/75;ok;importar;yes
X59403100001;CR/SHFT ASM 12V-06CWT-STROKE210;x59403100001;publish;"Engine: 12V4000M53
Part Number: X59403100001
Designation: CR/SHFT ASM 12V-06CWT-STROKE210
Measurement: 
Weight: 
Source Page: 55
BOM: X59403100001
Substitution Status: SI
New Part Number: EX54703100028
Superseded List: X59403100001";CR/SHFT ASM 12V-06CWT-STROKE210;;12VM53-30;12V4000M53, Superseded, importar;simple;https://milu-naval.mystagingwebsite.com/wp-content/uploads/2026/02/12V4000M53-0055-01-10.webp;12V4000M53;55;10;X59403100001;CR/SHFT ASM 12V-06CWT-STROKE210;;;SI;EX54703100028;X59403100001;ok;importar;import_superseded;relacion superseded clara;import_superseded;relacion superseded clara;engine_12V4000M53.json;1200339;55;X59403100001;CR/SHFT ASM 12V-06CWT-STROKE210;;;SI;Superseded;EX54703100028;X59403100001;ok;importar;yes
X52603100002;CRANKSHAFT 12V4000-03 LH;x52603100002;publish;"Engine: 12V4000M53
Part Number: X52603100002
Designation: CRANKSHAFT 12V4000-03 LH
Measurement: 
Weight: 
Source Page: 56
BOM: X59403100001
Substitution Status: SI
New Part Number: EX54703100028
Superseded List: X52603100002";CRANKSHAFT 12V4000-03 LH;;12VM53-30;12V4000M53, Superseded, importar;simple;https://milu-naval.mystagingwebsite.com/wp-content/uploads/2026/02/12V4000M53-0056-01-10.webp;12V4000M53;56;10;X59403100001;CRANKSHAFT 12V4000-03 LH;;;SI;EX54703100028;X52603100002;ok;importar;import_superseded;relacion superseded clara;import_superseded;relacion superseded clara;engine_12V4000M53.json;1200340;56;X52603100002;CRANKSHAFT 12V4000-03 LH;;;SI;Superseded;EX54703100028;X52603100002;ok;importar;yes
X59403200003/42;FLYWHEEL W/ACCEPT CERTIFICAT;x59403200003-42;publish;"Engine: 12V4000M53
Part Number: X59403200003/42
Designation: FLYWHEEL W/ACCEPT CERTIFICAT
Measurement: 
Weight: 
Source Page: 60
BOM: XS594030.00069
Substitution Status: SI
New Part Number: EX59403200003/42
Superseded List: X59403200003/42";FLYWHEEL W/ACCEPT CERTIFICAT;;12VM53-32;12V4000M53, Superseded, importar;simple;https://milu-naval.mystagingwebsite.com/wp-content/uploads/2026/02/12V4000M53-0060-01-125.webp;12V4000M53;60;125;XS594030.00069;FLYWHEEL W/ACCEPT CERTIFICAT;;;SI;EX59403200003/42;X59403200003/42;ok;importar;import_superseded;relacion superseded clara;import_superseded;relacion superseded clara;engine_12V4000M53.json;1200368;60;X59403200003/42;FLYWHEEL W/ACCEPT CERTIFICAT;;;SI;Superseded;EX59403200003/42;X59403200003/42;ok;importar;yes
X59403500006;VIBRATION DAMPER D44/8/2;x59403500006;publish;"Engine: 12V4000M53
Part Number: X59403500006
Designation: VIBRATION DAMPER D44/8/2
Measurement: 
Weight: 
Source Page: 63
BOM: XS595030.00030
Substitution Status: SI
New Part Number: EX59403500006
Superseded List: X59403500006";VIBRATION DAMPER D44/8/2;;12VM53-35;12V4000M53, Superseded, importar;simple;https://milu-naval.mystagingwebsite.com/wp-content/uploads/2026/02/12V4000M53-0063-01-225.webp;12V4000M53;63;225;XS595030.00030;VIBRATION DAMPER D44/8/2;;;SI;EX59403500006;X59403500006;ok;importar;import_superseded;conflictos detectados: designation_conflict | ya existe en WordPress/product-export | relacion superseded clara;import_superseded;conflictos detectados: designation_conflict | ya existe en WordPress/product-export | relacion superseded clara;engine_12V4000M53.json;1200385;63;X59403500006;VIBRATION DAMPER D44/8/2;;;SI;Superseded;EX59403500006;X59403500006;ok;importar;yes
X00035257;O-RING;x00035257;publish;"Engine: 12V4000M53
Part Number: X00035257
Designation: O-RING
Measurement: 7 X 208
Weight: 0.049 KGM
Source Page: 64
BOM: X59403500006
Substitution Status: SI
New Part Number: 8699970418
Superseded List: X00035257";O-RING;;12VM53-35;12V4000M53, Superseded, importar;simple;https://milu-naval.mystagingwebsite.com/wp-content/uploads/2026/02/12V4000M53-0064-01-220.webp;12V4000M53;64;220;X59403500006;O-RING;7 X 208;0.049 KGM;SI;8699970418;X00035257;ok;importar;import_superseded;relacion superseded clara;import_superseded;relacion superseded clara;engine_12V4000M53.json;1200403;64;X00035257;O-RING;7 X 208;0.049 KGM;SI;Superseded;8699970418;X00035257;ok;importar;yes
X59303700183;PISTON;x59303700183;publish;"Engine: 12V4000M53
Part Number: X59303700183
Designation: PISTON
Measurement: 
Weight: 
Source Page: 68
BOM: XS526030.00044
Substitution Status: SI
New Part Number: EX59303700246
Superseded List: X59303700183";PISTON;;12VM53-37;12V4000M53, Superseded, importar;simple;https://milu-naval.mystagingwebsite.com/wp-content/uploads/2026/02/12V4000M53-0068-01-10.webp;12V4000M53;68;10;XS526030.00044;PISTON;;;SI;EX59303700246;X59303700183;ok;importar;import_superseded;relacion superseded clara;import_superseded;relacion superseded clara;engine_12V4000M53.json;1200418;68;X59303700183;PISTON;;;SI;Superseded;EX59303700246;X59303700183;ok;importar;yes
X52603800010/42;CONROD ASM BR4000 LANGHUB;x52603800010-42;publish;"Engine: 12V4000M53
Part Number: X52603800010/42
Designation: CONROD ASM BR4000 LANGHUB
Measurement: 
Weight: 9,725 kg EM
Source Page: 70
BOM: XS526030.00004
Substitution Status: SI
New Part Number: EX59403800071/42
Superseded List: X52603800010/42";CONROD ASM BR4000 LANGHUB;;12VM53-38;12V4000M53, Superseded, importar;simple;https://milu-naval.mystagingwebsite.com/wp-content/uploads/2026/02/12V4000M53-0070-01-100.webp;12V4000M53;70;100;XS526030.00004;CONROD ASM BR4000 LANGHUB;;9,725 kg EM;SI;EX59403800071/42;X52603800010/42;ok;importar;import_superseded;relacion superseded clara;import_superseded;relacion superseded clara;engine_12V4000M53.json;1200419;70;X52603800010/42;CONROD ASM BR4000 LANGHUB;;9,725 kg EM;SI;Superseded;EX59403800071/42;X52603800010/42;ok;importar;yes
RX00040057/42;CONROD ASM;rx00040057-42;publish;"Engine: 12V4000M53
Part Number: RX00040057/42
Designation: CONROD ASM
Measurement: 
Weight: 9,580 kg
Source Page: 70
BOM: XS526030.00004
Substitution Status: SI
New Part Number: RX52603800010/42
Superseded List: X00040057/42";CONROD ASM;;12VM53-38;12V4000M53, Superseded, importar;simple;https://milu-naval.mystagingwebsite.com/wp-content/uploads/2026/02/12V4000M53-0070-01-610.webp;12V4000M53;70;610;XS526030.00004;CONROD ASM;;9,580 kg;SI;RX52603800010/42;X00040057/42;ok;importar;import_superseded;ya existe en WordPress/product-export | relacion superseded clara;import_superseded;ya existe en WordPress/product-export | relacion superseded clara;engine_12V4000M53.json;1200428;70;RX00040057/42;CONROD ASM;;9,580 kg;SI;Superseded;RX52603800010/42;X00040057/42;ok;importar;yes
X52404100209;CYL.HEAD WITH VALVES BR4000 MX03/PX03;x52404100209;publish;"Engine: 12V4000M53
Part Number: X52404100209
Designation: CYL.HEAD WITH VALVES BR4000 MX03/PX03
Measurement: 
Weight: 
Source Page: 73
BOM: XS594040.00013
Substitution Status: SI
New Part Number: EX52404100209
Superseded List: X52404100209";CYL.HEAD WITH VALVES BR4000 MX03/PX03;;12VM53-41;12V4000M53, Superseded, importar;simple;https://milu-naval.mystagingwebsite.com/wp-content/uploads/2026/02/12V4000M53-0073-01-60.webp;12V4000M53;73;60;XS594040.00013;CYL.HEAD WITH VALVES BR4000 MX03/PX03;;;SI;EX52404100209;X52404100209;ok;importar;import_superseded;relacion superseded clara;import_superseded;relacion superseded clara;engine_12V4000M53.json;1200440;73;X52404100209;CYL.HEAD WITH VALVES BR4000 MX03/PX03;;;SI;Superseded;EX52404100209;X52404100209;ok;importar;yes
X00042197;INLET VALVE;x00042197;publish;"Engine: 12V4000M53
Part Number: X00042197
Designation: INLET VALVE
Measurement: 
Weight: 335,800 gEM
Source Page: 74
BOM: X52404100209
Substitution Status: SI
New Part Number: X52404100226/N00
Superseded List: X00042197";INLET VALVE;;12VM53-41;12V4000M53, Superseded, importar;simple;https://milu-naval.mystagingwebsite.com/wp-content/uploads/2026/02/12V4000M53-0074-01-40.webp;12V4000M53;74;40;X52404100209;INLET VALVE;;335,800 gEM;SI;X52404100226/N00;X00042197;ok;importar;import_superseded;conflictos detectados: designation_conflict, weight_conflict | relacion superseded clara;import_superseded;conflictos detectados: designation_conflict, weight_conflict | relacion superseded clara;engine_12V4000M53.json;1200456;74;X00042197;INLET VALVE;;335,800 gEM;SI;Superseded;X52404100226/N00;X00042197;ok;importar;yes
5240530530;VALVE GUIDE INSERT;5240530530;publish;"Engine: 12V4000M53
Part Number: 5240530530
Designation: VALVE GUIDE INSERT
Measurement: D 19R6 / D10.6+0.05
Weight: 0.134 KGM
Source Page: 76
BOM: X52404100208
Substitution Status: SI
New Part Number: 5240530830
Superseded List: 5240530530";VALVE GUIDE INSERT;;12VM53-41;12V4000M53, Superseded, importar;simple;https://milu-naval.mystagingwebsite.com/wp-content/uploads/2026/02/12V4000M53-0076-01-100.webp;12V4000M53;76;100;X52404100208;VALVE GUIDE INSERT;D 19R6 / D10.6+0.05;0.134 KGM;SI;5240530830;5240530530;ok;importar;import_superseded;ya existe en WordPress/product-export | relacion superseded clara;import_superseded;ya existe en WordPress/product-export | relacion superseded clara;engine_12V4000M53.json;1200467;76;5240530530;VALVE GUIDE INSERT;D 19R6 / D10.6+0.05;0.134 KGM;SI;Superseded;5240530830;5240530530;ok;importar;yes
X52404100143;VALVE GUIDE INSERT;x52404100143;publish;"Engine: 12V4000M53
Part Number: X52404100143
Designation: VALVE GUIDE INSERT
Measurement: D 19.3R6 / D10.6+0.05
Weight: 0.137 KGM
Source Page: 76
BOM: X52404100208
Substitution Status: SI
New Part Number: X52404100300
Superseded List: X52404100143";VALVE GUIDE INSERT;;12VM53-41;12V4000M53, Superseded, importar;simple;https://milu-naval.mystagingwebsite.com/wp-content/uploads/2026/02/12V4000M53-0076-01-80.webp;12V4000M53;76;80;X52404100208;VALVE GUIDE INSERT;D 19.3R6 / D10.6+0.05;0.137 KGM;SI;X52404100300;X52404100143;ok;importar;import_superseded;relacion superseded clara;import_superseded;relacion superseded clara;engine_12V4000M53.json;1200475;76;X52404100143;VALVE GUIDE INSERT;D 19.3R6 / D10.6+0.05;0.137 KGM;SI;Superseded;X52404100300;X52404100143;ok;importar;yes
X52405200018;CAMSHAFT GEAR;x52405200018;publish;"Engine: 12V4000M53
Part Number: X52405200018
Designation: CAMSHAFT GEAR
Measurement: 
Weight: 
Source Page: 80
BOM: XS526050.00002
Substitution Status: SI
New Part Number: X52405200023
Superseded List: X52405200018";CAMSHAFT GEAR;;12VM53-51;12V4000M53, Superseded, importar;simple;https://milu-naval.mystagingwebsite.com/wp-content/uploads/2026/02/12V4000M53-0078-02-300.webp;12V4000M53;80;300;XS526050.00002;CAMSHAFT GEAR;;;SI;X52405200023;X52405200018;ok;importar;import_superseded;relacion superseded clara;import_superseded;relacion superseded clara;engine_12V4000M53.json;1200478;80;X52405200018;CAMSHAFT GEAR;;;SI;Superseded;X52405200023;X52405200018;ok;importar;yes
X52405500145;ROCKER ARM;x52405500145;publish;"Engine: 12V4000M70
Part Number: X52405500145
Designation: ROCKER ARM
Measurement: nan
Weight: 6,560 kg
Source Page: 86
BOM: XS526050.00019
Substitution Status: SI
New Part Number: X52405500216
Superseded List: X52405500145";ROCKER ARM;;12VM70-55;12V4000M70, Superseded, importar;simple;https://milu-naval.mystagingwebsite.com/wp-content/uploads/2026/01/sin_imagen.jpeg;12V4000M70;86;10;XS526050.00019;ROCKER ARM;nan;6,560 kg;SI;X52405500216;X52405500145;ok;importar;import_superseded;conflictos detectados: weight_conflict | relacion superseded clara;import_superseded;conflictos detectados: weight_conflict | relacion superseded clara;engine_12V4000M70.json;1900415;86;X52405500145;ROCKER ARM;nan;6,560 kg;SI;Superseded;X52405500216;X52405500145;ok;importar;yes
X52405500135;VALVE BRIDGE;x52405500135;publish;"Engine: 12V4000M70
Part Number: X52405500135
Designation: VALVE BRIDGE
Measurement: nan
Weight: 275,800 g
Source Page: 86
BOM: XS526050.00019
Substitution Status: SI
New Part Number: X52405500212
Superseded List: X52405500135";VALVE BRIDGE;;12VM70-55;12V4000M70, Superseded, importar;simple;https://milu-naval.mystagingwebsite.com/wp-content/uploads/2026/01/sin_imagen.jpeg;12V4000M70;86;20;XS526050.00019;VALVE BRIDGE;nan;275,800 g;SI;X52405500212;X52405500135;ok;importar;import_superseded;conflictos detectados: weight_conflict | relacion superseded clara;import_superseded;conflictos detectados: weight_conflict | relacion superseded clara;engine_12V4000M70.json;1900417;86;X52405500135;VALVE BRIDGE;nan;275,800 g;SI;Superseded;X52405500212;X52405500135;ok;importar;yes
X52405500146;ROCKER SHAFT SUPPORT;x52405500146;publish;"Engine: 12V4000M70
Part Number: X52405500146
Designation: ROCKER SHAFT SUPPORT
Measurement: 
Weight: 3,523 kg
Source Page: 90
BOM: X52405500145
Substitution Status: SI
New Part Number: X52405500217
Superseded List: X52405500146";ROCKER SHAFT SUPPORT;;12VM70-55;12V4000M70, Superseded, importar;simple;https://milu-naval.mystagingwebsite.com/wp-content/uploads/2026/01/sin_imagen.jpeg;12V4000M70;90;10;X52405500145;ROCKER SHAFT SUPPORT;;3,523 kg;SI;X52405500217;X52405500146;ok;importar;import_superseded;conflictos detectados: weight_conflict | relacion superseded clara;import_superseded;conflictos detectados: weight_conflict | relacion superseded clara;engine_12V4000M70.json;1900432;90;X52405500146;ROCKER SHAFT SUPPORT;;3,523 kg;SI;Superseded;X52405500217;X52405500146;ok;importar;yes
X52405500124;ROCKER ARM INLET;x52405500124;publish;"Engine: 12V4000M70
Part Number: X52405500124
Designation: ROCKER ARM INLET
Measurement: 
Weight: 1,393 kg
Source Page: 90
BOM: X52405500145
Substitution Status: SI
New Part Number: X52405500214
Superseded List: X52405500124";ROCKER ARM INLET;;12VM70-55;12V4000M70, Superseded, importar;simple;https://milu-naval.mystagingwebsite.com/wp-content/uploads/2026/01/sin_imagen.jpeg;12V4000M70;90;20;X52405500145;ROCKER ARM INLET;;1,393 kg;SI;X52405500214;X52405500124;ok;importar;import_superseded;conflictos detectados: weight_conflict | relacion superseded clara;import_superseded;conflictos detectados: weight_conflict | relacion superseded clara;engine_12V4000M70.json;1900434;90;X52405500124;ROCKER ARM INLET;;1,393 kg;SI;Superseded;X52405500214;X52405500124;ok;importar;yes
X52405500123;ROCKER ARM EXHAUST;x52405500123;publish;"Engine: 12V4000M53
Part Number: X52405500123
Designation: ROCKER ARM EXHAUST
Measurement: 
Weight: 1,356 kg
Source Page: 87
BOM: X52405500145
Substitution Status: SI
New Part Number: X52405500215
Superseded List: X52405500123";ROCKER ARM EXHAUST;;12VM53-55;12V4000M53, Superseded, importar;simple;https://milu-naval.mystagingwebsite.com/wp-content/uploads/2026/02/12V4000M53-0087-01-30.webp;12V4000M53;87;30;X52405500145;ROCKER ARM EXHAUST;;1,356 kg;SI;X52405500215;X52405500123;ok;importar;import_superseded;conflictos detectados: weight_conflict | relacion superseded clara;import_superseded;conflictos detectados: weight_conflict | relacion superseded clara;engine_12V4000M53.json;1200508;87;X52405500123;ROCKER ARM EXHAUST;;1,356 kg;SI;Superseded;X52405500215;X52405500123;ok;importar;yes
X52499100176;BUSHING FOR;x52499100176;publish;"Engine: 12V4000M70
Part Number: X52499100176
Designation: BUSHING FOR
Measurement: nan
Weight: 115,000 g
Source Page: 92
BOM: X52405500124
Substitution Status: SI
New Part Number: 5240550550
Superseded List: X52499100176";BUSHING FOR;;12VM70-55;12V4000M70, Superseded, importar;simple;https://milu-naval.mystagingwebsite.com/wp-content/uploads/2026/01/sin_imagen.jpeg;12V4000M70;92;20;X52405500124;BUSHING FOR;nan;115,000 g;SI;5240550550;X52499100176;ok;importar;import_superseded;conflictos detectados: designation_conflict | ya existe en WordPress/product-export | relacion superseded clara;import_superseded;conflictos detectados: designation_conflict | ya existe en WordPress/product-export | relacion superseded clara;engine_12V4000M70.json;1900447;92;X52499100176;BUSHING FOR;nan;115,000 g;SI;Superseded;5240550550;X52499100176;ok;importar;yes
X52405200015;THRUST MEMBER FOR ROCKER ARM;x52405200015;publish;"Engine: 12V4000M53
Part Number: X52405200015
Designation: THRUST MEMBER FOR ROCKER ARM
Measurement: 
Weight: 
Source Page: 89
BOM: X52405500124
Substitution Status: SI
New Part Number: 5240500145
Superseded List: X52405200015";THRUST MEMBER FOR ROCKER ARM;;12VM53-55;12V4000M53, Superseded, importar;simple;https://milu-naval.mystagingwebsite.com/wp-content/uploads/2026/02/12V4000M53-0089-01-30.webp;12V4000M53;89;30;X52405500124;THRUST MEMBER FOR ROCKER ARM;;;SI;5240500145;X52405200015;ok;importar;import_superseded;acciones QA contradictorias para el mismo PN | estado QA requiere revision manual | conflictos detectados: designation_conflict | ya existe en WordPress/product-export | relacion superseded clara;import_superseded;acciones QA contradictorias para el mismo PN | estado QA requiere revision manual | conflictos detectados: designation_conflict | ya existe en WordPress/product-export | relacion superseded clara;engine_12V4000M53.json;1200521;89;X52405200015;THRUST MEMBER FOR ROCKER ARM;;;SI;Superseded;5240500145;X52405200015;ok;importar;yes
X52405500130;CYLINDER HEAD COVER;x52405500130;publish;"Engine: 16V4000M73
Part Number: X52405500130
Designation: CYLINDER HEAD COVER
Measurement: 
Weight: 2.400 kg
Source Page: 97
BOM: XS527010.00021
Substitution Status: SI
New Part Number: X52405500177
Superseded List: X52405500130";CYLINDER HEAD COVER;;16VM73-55;16V4000M73, Superseded, importar;simple;https://milu-naval.mystagingwebsite.com/wp-content/uploads/2026/02/16V4000M73-0097-01-10.webp;16V4000M73;97;10;XS527010.00021;CYLINDER HEAD COVER;;2.400 kg;SI;X52405500177;X52405500130;ok;importar;import_superseded;relacion superseded clara;import_superseded;relacion superseded clara;engine_16V4000M73.json;1400545;97;X52405500130;CYLINDER HEAD COVER;;2.400 kg;SI;Superseded;X52405500177;X52405500130;ok;importar;yes
X59407300006/87;HP PUMP W/ACCEPT CERTIFICAT Busine;x59407300006-87;publish;"Engine: 12V4000M53
Part Number: X59407300006/87
Designation: HP PUMP W/ACCEPT CERTIFICAT Busine
Measurement: 
Weight: 45,000 kg EM
Source Page: 93
BOM: XS593070.00027
Substitution Status: SI
New Part Number: EX59407300032/87
Superseded List: X59407300006/87";HP PUMP W/ACCEPT CERTIFICAT Busine;;12VM53-70;12V4000M53, Superseded, revisar;simple;https://milu-naval.mystagingwebsite.com/wp-content/uploads/2026/01/sin_imagen.jpeg;12V4000M53;93;20;XS593070.00027;HP PUMP W/ACCEPT CERTIFICAT Busine;;45,000 kg EM;SI;EX59407300032/87;X59407300006/87;pendiente;revisar;import_superseded;estado QA requiere revision manual | relacion superseded clara;import_superseded;estado QA requiere revision manual | relacion superseded clara;engine_12V4000M53.json;1200535;93;X59407300006/87;HP PUMP W/ACCEPT CERTIFICAT Busine;;45,000 kg EM;SI;Superseded;EX59407300032/87;X59407300006/87;pendiente;revisar;yes
XP52607300003;CONTROL BLOCK;xp52607300003;publish;"Engine: 12V4000M53
Part Number: XP52607300003
Designation: CONTROL BLOCK
Measurement: 
Weight: 
Source Page: 94
BOM: X59407300006
Substitution Status: SI
New Part Number: XP52607300022
Superseded List: XP52607300003";CONTROL BLOCK;;12VM53-70;12V4000M53, Superseded, importar;simple;https://milu-naval.mystagingwebsite.com/wp-content/uploads/2026/01/sin_imagen.jpeg;12V4000M53;94;10;X59407300006;CONTROL BLOCK;;;SI;XP52607300022;XP52607300003;ok;importar;import_superseded;relacion superseded clara;import_superseded;relacion superseded clara;engine_12V4000M53.json;1200538;94;XP52607300003;CONTROL BLOCK;;;SI;Superseded;XP52607300022;XP52607300003;ok;importar;yes
EX59407500024;INJECTOR;ex59407500024;publish;"Engine: 12V4000M53
Part Number: EX59407500024
Designation: INJECTOR
Measurement: 
Weight: 3,500 kg
Source Page: 97
BOM: XS594070.00024
Substitution Status: SI
New Part Number: EX59407500029
Superseded List: EX59407500024";INJECTOR;;12VM53-75;12V4000M53, Superseded, importar;simple;https://milu-naval.mystagingwebsite.com/wp-content/uploads/2026/01/sin_imagen.jpeg;12V4000M53;97;25;XS594070.00024;INJECTOR;;3,500 kg;SI;EX59407500029;EX59407500024;ok;importar;import_superseded;relacion superseded clara;import_superseded;relacion superseded clara;engine_12V4000M53.json;1200546;97;EX59407500024;INJECTOR;;3,500 kg;SI;Superseded;EX59407500029;EX59407500024;ok;importar;yes
RX59407500024;INJECTOR;rx59407500024;publish;"Engine: 12V4000M53
Part Number: RX59407500024
Designation: INJECTOR
Measurement: 
Weight: 3,500 kg
Source Page: 97
BOM: XS594070.00024
Substitution Status: SI
New Part Number: RX59407500029
Superseded List: X59407500024";INJECTOR;;12VM53-75;12V4000M53, Superseded, importar;simple;https://milu-naval.mystagingwebsite.com/wp-content/uploads/2026/01/sin_imagen.jpeg;12V4000M53;97;26;XS594070.00024;INJECTOR;;3,500 kg;SI;RX59407500029;X59407500024;ok;importar;import_superseded;relacion superseded clara;import_superseded;relacion superseded clara;engine_12V4000M53.json;1200547;97;RX59407500024;INJECTOR;;3,500 kg;SI;Superseded;RX59407500029;X59407500024;ok;importar;yes
X59507700003;HP FUEL LINE;x59507700003;publish;"Engine: 12V4000M53
Part Number: X59507700003
Designation: HP FUEL LINE
Measurement: 
Weight: 3,330 kg EM
Source Page: 101
BOM: XS594070.00020
Substitution Status: SI
New Part Number: X59507700027
Superseded List: X59507700003";HP FUEL LINE;;12VM53-77;12V4000M53, Superseded, importar;simple;https://milu-naval.mystagingwebsite.com/wp-content/uploads/2026/02/12V4000M53-0100-01-130.webp;12V4000M53;101;130;XS594070.00020;HP FUEL LINE;;3,330 kg EM;SI;X59507700027;X59507700003;ok;importar;import_superseded;conflictos detectados: weight_conflict | relacion superseded clara;import_superseded;conflictos detectados: weight_conflict | relacion superseded clara;engine_12V4000M53.json;1200557;101;X59507700003;HP FUEL LINE;;3,330 kg EM;SI;Superseded;X59507700027;X59507700003;ok;importar;yes
X59507700004;HP FUEL LINE;x59507700004;publish;"Engine: 12V4000M53
Part Number: X59507700004
Designation: HP FUEL LINE
Measurement: 
Weight: 6,070 kg EM
Source Page: 101
BOM: XS594070.00020
Substitution Status: SI
New Part Number: X59507700028
Superseded List: X59507700004";HP FUEL LINE;;12VM53-77;12V4000M53, Superseded, importar;simple;https://milu-naval.mystagingwebsite.com/wp-content/uploads/2026/02/12V4000M53-0100-01-150.webp;12V4000M53;101;150;XS594070.00020;HP FUEL LINE;;6,070 kg EM;SI;X59507700028;X59507700004;ok;importar;import_superseded;conflictos detectados: weight_conflict | relacion superseded clara;import_superseded;conflictos detectados: weight_conflict | relacion superseded clara;engine_12V4000M53.json;1200558;101;X59507700004;HP FUEL LINE;;6,070 kg EM;SI;Superseded;X59507700028;X59507700004;ok;importar;yes
X59507700002;HP FUEL LINE;x59507700002;publish;"Engine: 12V4000M53
Part Number: X59507700002
Designation: HP FUEL LINE
Measurement: 
Weight: 4,956 kg EM
Source Page: 101
BOM: XS594070.00020
Substitution Status: SI
New Part Number: X59507700029
Superseded List: X59507700002";HP FUEL LINE;;12VM53-77;12V4000M53, Superseded, importar;simple;https://milu-naval.mystagingwebsite.com/wp-content/uploads/2026/02/12V4000M53-0100-01-40.webp;12V4000M53;101;40;XS594070.00020;HP FUEL LINE;;4,956 kg EM;SI;X59507700029;X59507700002;ok;importar;import_superseded;conflictos detectados: weight_conflict | relacion superseded clara;import_superseded;conflictos detectados: weight_conflict | relacion superseded clara;engine_12V4000M53.json;1200570;101;X59507700002;HP FUEL LINE;;4,956 kg EM;SI;Superseded;X59507700029;X59507700002;ok;importar;yes
304017010032;HEX SCREW;304017010032;publish;"Engine: 12V4000M53
Part Number: 304017010032
Designation: HEX SCREW
Measurement: M 10 X 65
Weight: 0.042 KGM
Source Page: 101
BOM: XS594070.00020
Substitution Status: SI
New Part Number: 9909902417
Superseded List: 304017010032";HEX SCREW;;12VM53-77;12V4000M53, Superseded, importar;simple;https://milu-naval.mystagingwebsite.com/wp-content/uploads/2026/02/12V4000M53-0100-01-60.webp;12V4000M53;101;60;XS594070.00020;HEX SCREW;M 10 X 65;0.042 KGM;SI;9909902417;304017010032;ok;importar;import_superseded;relacion superseded clara;import_superseded;relacion superseded clara;engine_12V4000M53.json;1200577;101;304017010032;HEX SCREW;M 10 X 65;0.042 KGM;SI;Superseded;9909902417;304017010032;ok;importar;yes
X00032042;CONNECTING PIECE;x00032042;publish;"Engine: 16V4000M73
Part Number: X00032042
Designation: CONNECTING PIECE
Measurement: 
Weight: 559.400 g SB
Source Page: 115
BOM: XS595080.00013
Substitution Status: SI
New Part Number: X54708400018
Superseded List: X00032042";CONNECTING PIECE;;16VM73-82;16V4000M73, Superseded, importar;simple;https://milu-naval.mystagingwebsite.com/wp-content/uploads/2026/02/16V4000M73-0115-01-3020.webp;16V4000M73;115;3020;XS595080.00013;CONNECTING PIECE;;559.400 g SB;SI;X54708400018;X00032042;ok;importar;import_superseded;acciones QA contradictorias para el mismo PN | estado QA requiere revision manual | conflictos detectados: designation_conflict | relacion superseded clara;import_superseded;acciones QA contradictorias para el mismo PN | estado QA requiere revision manual | conflictos detectados: designation_conflict | relacion superseded clara;engine_16V4000M73.json;1400615;115;X00032042;CONNECTING PIECE;;559.400 g SB;SI;Superseded;X54708400018;X00032042;ok;importar;yes
X59308200003;CONNECTING PIEC E;x59308200003;publish;"Engine: 12V4000M53
Part Number: X59308200003
Designation: CONNECTING PIEC E
Measurement: 
Weight: 
Source Page: 108
BOM: XS593080.00025
Substitution Status: SI
New Part Number: X59399100302
Superseded List: X59308200003";CONNECTING PIEC E;;12VM53-80;12V4000M53, Superseded, revisar;simple;https://milu-naval.mystagingwebsite.com/wp-content/uploads/2026/02/12V4000M53-0107-01-490.webp;12V4000M53;108;490;XS593080.00025;CONNECTING PIEC E;;;SI;X59399100302;X59308200003;pendiente;revisar;import_superseded;estado QA requiere revision manual | relacion superseded clara;import_superseded;estado QA requiere revision manual | relacion superseded clara;engine_12V4000M53.json;1200651;108;X59308200003;CONNECTING PIEC E;;;SI;Superseded;X59399100302;X59308200003;pendiente;revisar;yes
135M55009/1;STRAP 75 X20;135m55009-1;publish;"Engine: 12V4000M53
Part Number: 135M55009/1
Designation: STRAP 75 X20
Measurement: 
Weight: 0.06 KGM
Source Page: 111
BOM: XS594080.00041
Substitution Status: SI
New Part Number: 136M55056/1
Superseded List: 135M55009/1";STRAP 75 X20;;12VM53-80;12V4000M53, Superseded, importar;simple;https://milu-naval.mystagingwebsite.com/wp-content/uploads/2026/02/12V4000M53-0110-01-360.webp;12V4000M53;111;360;XS594080.00041;STRAP 75 X20;;0.06 KGM;SI;136M55056/1;135M55009/1;ok;importar;import_superseded;relacion superseded clara;import_superseded;relacion superseded clara;engine_12V4000M53.json;1200710;111;135M55009/1;STRAP 75 X20;;0.06 KGM;SI;Superseded;136M55056/1;135M55009/1;ok;importar;yes
X00040978;FUEL DELIVERY PUMP;x00040978;publish;"Engine: 12V4000M53
Part Number: X00040978
Designation: FUEL DELIVERY PUMP
Measurement: 
Weight: 5,700 kg EM
Source Page: 115
BOM: XS595080.00007
Substitution Status: SI
New Part Number: X52808100014
Superseded List: X00040978";FUEL DELIVERY PUMP;;12VM53-81;12V4000M53, Superseded, importar;simple;https://milu-naval.mystagingwebsite.com/wp-content/uploads/2026/02/12V4000M53-0115-01-50.webp;12V4000M53;115;50;XS595080.00007;FUEL DELIVERY PUMP;;5,700 kg EM;SI;X52808100014;X00040978;ok;importar;import_superseded;conflictos detectados: weight_conflict | relacion superseded clara;import_superseded;conflictos detectados: weight_conflict | relacion superseded clara;engine_12V4000M53.json;1200797;115;X00040978;FUEL DELIVERY PUMP;;5,700 kg EM;SI;Superseded;X52808100014;X00040978;ok;importar;yes
5240920024;ELBOW FOR FUEL;5240920024;publish;"Engine: 12V4000M53
Part Number: 5240920024
Designation: ELBOW FOR FUEL
Measurement: 
Weight: 
Source Page: 117
BOM: 080.00094
Substitution Status: SI
New Part Number: X52408300035
Superseded List: 5240920024";ELBOW FOR FUEL;;12VM53-83;12V4000M53, Superseded, importar;simple;https://milu-naval.mystagingwebsite.com/wp-content/uploads/2026/02/12V4000M53-0117-01-10.webp;12V4000M53;117;10;080.00094;ELBOW FOR FUEL;;;SI;X52408300035;5240920024;ok;importar;import_superseded;conflictos detectados: designation_conflict | relacion superseded clara;import_superseded;conflictos detectados: designation_conflict | relacion superseded clara;engine_12V4000M53.json;1200798;117;5240920024;ELBOW FOR FUEL;;;SI;Superseded;X52408300035;5240920024;ok;importar;yes
X59308300012;VALVE WITH BAFFLE;x59308300012;publish;"Engine: 12V4000M53
Part Number: X59308300012
Designation: VALVE WITH BAFFLE
Measurement: 
Weight: 0.128 KGM
Source Page: 122
BOM: XS596080.00009
Substitution Status: SI
New Part Number: X59399100333
Superseded List: X59308300012";VALVE WITH BAFFLE;;12VM53-83;12V4000M53, Superseded, importar;simple;https://milu-naval.mystagingwebsite.com/wp-content/uploads/2026/02/12V4000M53-0121-01-1110.webp;12V4000M53;122;1110;XS596080.00009;VALVE WITH BAFFLE;;0.128 KGM;SI;X59399100333;X59308300012;ok;importar;import_superseded;relacion superseded clara;import_superseded;relacion superseded clara;engine_12V4000M53.json;1200811;122;X59308300012;VALVE WITH BAFFLE;;0.128 KGM;SI;Superseded;X59399100333;X59308300012;ok;importar;yes
X52408100009;FUEL PRIMING PUMP;x52408100009;publish;"Engine: 12V4000M53
Part Number: X52408100009
Designation: FUEL PRIMING PUMP
Measurement: 
Weight: 1.610,200
Source Page: 122
BOM: XS596080.00009
Substitution Status: SI
New Part Number: X52408100019
Superseded List: X52408100009";FUEL PRIMING PUMP;;12VM53-83;12V4000M53, Superseded, importar;simple;https://milu-naval.mystagingwebsite.com/wp-content/uploads/2026/02/12V4000M53-0121-01-1120.webp;12V4000M53;122;1120;XS596080.00009;FUEL PRIMING PUMP;;1.610,200;SI;X52408100019;X52408100009;ok;importar;import_superseded;relacion superseded clara;import_superseded;relacion superseded clara;engine_12V4000M53.json;1200812;122;X52408100009;FUEL PRIMING PUMP;;1.610,200;SI;Superseded;X52408100019;X52408100009;ok;importar;yes
X59308300034;FUEL FILTER;x59308300034;publish;"Engine: 12V4000M53
Part Number: X59308300034
Designation: FUEL FILTER
Measurement: 
Weight: 17,300 kg EM
Source Page: 122
BOM: XS596080.00009
Substitution Status: SI
New Part Number: X52608300043
Superseded List: X59308300034";FUEL FILTER;;12VM53-83;12V4000M53, Superseded, importar;simple;https://milu-naval.mystagingwebsite.com/wp-content/uploads/2026/02/12V4000M53-0121-01-1240.webp;12V4000M53;122;1240;XS596080.00009;FUEL FILTER;;17,300 kg EM;SI;X52608300043;X59308300034;ok;importar;import_superseded;relacion superseded clara;import_superseded;relacion superseded clara;engine_12V4000M53.json;1200824;122;X59308300034;FUEL FILTER;;17,300 kg EM;SI;Superseded;X52608300043;X59308300034;ok;importar;yes
X59308300031;FUEL FILTER SPIN-ON;x59308300031;publish;"Engine: 12V4000M53
Part Number: X59308300031
Designation: FUEL FILTER SPIN-ON
Measurement: 
Weight: 1,300 kg
Source Page: 123
BOM: X59308300034
Substitution Status: SI
New Part Number: X59308300058
Superseded List: X59308300031";FUEL FILTER SPIN-ON;;12VM53-83;12V4000M53, Superseded, importar;simple;https://milu-naval.mystagingwebsite.com/wp-content/uploads/2026/02/12V4000M53-0123-01-20.webp;12V4000M53;123;20;X59308300034;FUEL FILTER SPIN-ON;;1,300 kg;SI;X59308300058;X59308300031;ok;importar;import_superseded;relacion superseded clara;import_superseded;relacion superseded clara;engine_12V4000M53.json;1200834;123;X59308300031;FUEL FILTER SPIN-ON;;1,300 kg;SI;Superseded;X59308300058;X59308300031;ok;importar;yes
X59410100104;EXHAUST TURBOCHARGER LEFT ZR175;x59410100104;publish;"Engine: 12V4000M53
Part Number: X59410100104
Designation: EXHAUST TURBOCHARGER LEFT ZR175
Measurement: 
Weight: 93,252 kg EM
Source Page: 127
BOM: XS594100.00025
Substitution Status: SI
New Part Number: EX59410100104
Superseded List: X59410100104";EXHAUST TURBOCHARGER LEFT ZR175;;12VM53-101;12V4000M53, Superseded, importar;simple;https://milu-naval.mystagingwebsite.com/wp-content/uploads/2026/02/12V4000M53-0127-01-10.webp;12V4000M53;127;10;XS594100.00025;EXHAUST TURBOCHARGER LEFT ZR175;;93,252 kg EM;SI;EX59410100104;X59410100104;ok;importar;import_superseded;relacion superseded clara;import_superseded;relacion superseded clara;engine_12V4000M53.json;1200853;127;X59410100104;EXHAUST TURBOCHARGER LEFT ZR175;;93,252 kg EM;SI;Superseded;EX59410100104;X59410100104;ok;importar;yes
X59410100105;EXHAUST TURBOCHARGER RIGHT ACTIVE ZR175;x59410100105;publish;"Engine: 12V4000M53
Part Number: X59410100105
Designation: EXHAUST TURBOCHARGER RIGHT ACTIVE ZR175
Measurement: 
Weight: 96,500 kg EM
Source Page: 127
BOM: XS594100.00025
Substitution Status: SI
New Part Number: EX59410100105
Superseded List: X59410100105";EXHAUST TURBOCHARGER RIGHT ACTIVE ZR175;;12VM53-101;12V4000M53, Superseded, importar;simple;https://milu-naval.mystagingwebsite.com/wp-content/uploads/2026/02/12V4000M53-0127-01-20.webp;12V4000M53;127;20;XS594100.00025;EXHAUST TURBOCHARGER RIGHT ACTIVE ZR175;;96,500 kg EM;SI;EX59410100105;X59410100105;ok;importar;import_superseded;ya existe en WordPress/product-export | relacion superseded clara;import_superseded;ya existe en WordPress/product-export | relacion superseded clara;engine_12V4000M53.json;1200862;127;X59410100105;EXHAUST TURBOCHARGER RIGHT ACTIVE ZR175;;96,500 kg EM;SI;Superseded;EX59410100105;X59410100105;ok;importar;yes
5110850560;RING SEAL FUER ABGASTURBOLADER;5110850560;publish;"Engine: 12V4000M53
Part Number: 5110850560
Designation: RING SEAL FUER ABGASTURBOLADER
Measurement: 
Weight: 5,700 g
Source Page: 128
BOM: X59410100104
Substitution Status: SI
New Part Number: XT3510100044
Superseded List: 5110850560";RING SEAL FUER ABGASTURBOLADER;;12VM53-101;12V4000M53, Superseded, importar;simple;https://milu-naval.mystagingwebsite.com/wp-content/uploads/2026/02/12V4000M53-0128-01-20.webp;12V4000M53;128;20;X59410100104;RING SEAL FUER ABGASTURBOLADER;;5,700 g;SI;XT3510100044;5110850560;ok;importar;import_superseded;conflictos detectados: designation_conflict, weight_conflict | relacion superseded clara;import_superseded;conflictos detectados: designation_conflict, weight_conflict | relacion superseded clara;engine_12V4000M53.json;1200878;128;5110850560;RING SEAL FUER ABGASTURBOLADER;;5,700 g;SI;Superseded;XT3510100044;5110850560;ok;importar;yes
X00018307;MAGNETIC NUT;x00018307;publish;"Engine: 12V4000M53
Part Number: X00018307
Designation: MAGNETIC NUT
Measurement: M16X1.5 LH
Weight: 0.091 KGM
Source Page: 128
BOM: X59410100104
Substitution Status: SI
New Part Number: XT3510100252
Superseded List: X00018307";MAGNETIC NUT;;12VM53-101;12V4000M53, Superseded, importar;simple;https://milu-naval.mystagingwebsite.com/wp-content/uploads/2026/02/12V4000M53-0128-01-270.webp;12V4000M53;128;270;X59410100104;MAGNETIC NUT;M16X1.5 LH;0.091 KGM;SI;XT3510100252;X00018307;ok;importar;import_superseded;relacion superseded clara;import_superseded;relacion superseded clara;engine_12V4000M53.json;1200885;128;X00018307;MAGNETIC NUT;M16X1.5 LH;0.091 KGM;SI;Superseded;XT3510100252;X00018307;ok;importar;yes
700425000235;PLATE F/TURBOCHARGER;700425000235;publish;"Engine: 12V4000M53
Part Number: 700425000235
Designation: PLATE F/TURBOCHARGER
Measurement: 
Weight: 3,000 g
Source Page: 129
BOM: X59410100104
Substitution Status: SI
New Part Number: 700425000370
Superseded List: 700425000235";PLATE F/TURBOCHARGER;;12VM53-101;12V4000M53, Superseded, importar;simple;https://milu-naval.mystagingwebsite.com/wp-content/uploads/2026/02/12V4000M53-0128-01-310.webp;12V4000M53;129;310;X59410100104;PLATE F/TURBOCHARGER;;3,000 g;SI;700425000370;700425000235;ok;importar;import_superseded;acciones QA contradictorias para el mismo PN | estado QA requiere revision manual | conflictos detectados: designation_conflict, weight_conflict | relacion superseded clara;import_superseded;acciones QA contradictorias para el mismo PN | estado QA requiere revision manual | conflictos detectados: designation_conflict, weight_conflict | relacion superseded clara;engine_12V4000M53.json;1200895;129;700425000235;PLATE F/TURBOCHARGER;;3,000 g;SI;Superseded;700425000370;700425000235;ok;importar;yes
X59610100122;SHAFT;x59610100122;publish;"Engine: 12V4000M53
Part Number: X59610100122
Designation: SHAFT
Measurement: 
Weight: 
Source Page: 136
BOM: X59610100123
Substitution Status: SI
New Part Number: X59610100123
Superseded List: X59610100122";SHAFT;;12VM53-101;12V4000M53, Superseded, importar;simple;https://milu-naval.mystagingwebsite.com/wp-content/uploads/2026/02/12V4000M53-0136-01-50.webp;12V4000M53;136;50;X59610100123;SHAFT;;;SI;X59610100123;X59610100122;ok;importar;import_superseded;ya existe en WordPress/product-export | relacion superseded clara;import_superseded;ya existe en WordPress/product-export | relacion superseded clara;engine_12V4000M53.json;1200970;136;X59610100122;SHAFT;;;SI;Superseded;X59610100123;X59610100122;ok;importar;yes
000000004744;HEX NUT;000000004744;publish;"Engine: 12V4000M53
Part Number: 000000004744
Designation: HEX NUT
Measurement: M 12
Weight: 0.014 KGM
Source Page: 138
BOM: XS594110.00042
Substitution Status: SI
New Part Number: 000000004744/85
Superseded List: 000000004744";HEX NUT;;12VM53-111;12V4000M53, Superseded, importar;simple;https://milu-naval.mystagingwebsite.com/wp-content/uploads/2026/02/12V4000M53-0138-01-1050.webp;12V4000M53;138;1050;XS594110.00042;HEX NUT;M 12;0.014 KGM;SI;000000004744/85;000000004744;ok;importar;import_superseded;relacion superseded clara;import_superseded;relacion superseded clara;engine_12V4000M53.json;1200972;138;000000004744;HEX NUT;M 12;0.014 KGM;SI;Superseded;000000004744/85;000000004744;ok;importar;yes
X59511400012/31;INTERCOOLER LR ACCEPTANCE;x59511400012-31;publish;"Engine: 12V4000M53
Part Number: X59511400012/31
Designation: INTERCOOLER LR ACCEPTANCE
Measurement: 
Weight: 490,000 kg EM
Source Page: 138
BOM: XS594110.00042
Substitution Status: SI
New Part Number: EX59511400012/31
Superseded List: X59511400012/31";INTERCOOLER LR ACCEPTANCE;;12VM53-111;12V4000M53, Superseded, importar;simple;https://milu-naval.mystagingwebsite.com/wp-content/uploads/2026/02/12V4000M53-0138-01-150.webp;12V4000M53;138;150;XS594110.00042;INTERCOOLER LR ACCEPTANCE;;490,000 kg EM;SI;EX59511400012/31;X59511400012/31;ok;importar;import_superseded;ya existe en WordPress/product-export | relacion superseded clara;import_superseded;ya existe en WordPress/product-export | relacion superseded clara;engine_12V4000M53.json;1200979;138;X59511400012/31;INTERCOOLER LR ACCEPTANCE;;490,000 kg EM;SI;Superseded;EX59511400012/31;X59511400012/31;ok;importar;yes
X52499100725;4/2-WAY SOL. VALVE;x52499100725;publish;"Engine: 12V4000M53
Part Number: X52499100725
Designation: 4/2-WAY SOL. VALVE
Measurement: 
Weight: 1,180 kg
Source Page: 213
BOM: XS594180.00080
Substitution Status: SI
New Part Number: X52499100815
Superseded List: X52499100725";4/2-WAY SOL. VALVE;;12VM53-185;12V4000M53, Superseded, importar;simple;https://milu-naval.mystagingwebsite.com/wp-content/uploads/2026/02/12V4000M53-0212-01-250.webp;12V4000M53;213;250;XS594180.00080;4/2-WAY SOL. VALVE;;1,180 kg;SI;X52499100815;X52499100725;ok;importar;import_superseded;relacion superseded clara;import_superseded;relacion superseded clara;engine_12V4000M53.json;1201542;213;X52499100725;4/2-WAY SOL. VALVE;;1,180 kg;SI;Superseded;X52499100815;X52499100725;ok;importar;yes
3555420273;BUSHING FOR SPEED SENSOR;3555420273;publish;"Engine: 12V4000M53
Part Number: 3555420273
Designation: BUSHING FOR SPEED SENSOR
Measurement: 
Weight: 0.006 KGM
Source Page: 149
BOM: XS526120.00050
Substitution Status: SI
New Part Number: 0009922129
Superseded List: 3555420273";BUSHING FOR SPEED SENSOR;;12VM53-123;12V4000M53, Superseded, importar;simple;https://milu-naval.mystagingwebsite.com/wp-content/uploads/2026/02/12V4000M53-0148-02-1450.webp;12V4000M53;149;1450;XS526120.00050;BUSHING FOR SPEED SENSOR;;0.006 KGM;SI;0009922129;3555420273;ok;importar;import_superseded;relacion superseded clara;import_superseded;relacion superseded clara;engine_12V4000M53.json;1201041;149;3555420273;BUSHING FOR SPEED SENSOR;;0.006 KGM;SI;Superseded;0009922129;3555420273;ok;importar;yes
X59412300090;INTAKE HOUSING;x59412300090;publish;"Engine: 12V4000M53
Part Number: X59412300090
Designation: INTAKE HOUSING
Measurement: 
Weight: 16,100 kg
Source Page: 149
BOM: XS526120.00050
Substitution Status: SI
New Part Number: X59412300131
Superseded List: X59412300090";INTAKE HOUSING;;12VM53-123;12V4000M53, Superseded, importar;simple;https://milu-naval.mystagingwebsite.com/wp-content/uploads/2026/02/12V4000M53-0148-01-400.webp;12V4000M53;149;400;XS526120.00050;INTAKE HOUSING;;16,100 kg;SI;X59412300131;X59412300090;ok;importar;import_superseded;relacion superseded clara;import_superseded;relacion superseded clara;engine_12V4000M53.json;1201067;149;X59412300090;INTAKE HOUSING;;16,100 kg;SI;Superseded;X59412300131;X59412300090;ok;importar;yes
5350980050;BUSHING;5350980050;publish;"Engine: 12V4000M53
Part Number: 5350980050
Designation: BUSHING
Measurement: 
Weight: 0.19 KGM
Source Page: 151
BOM: X59412300090
Substitution Status: SI
New Part Number: X56912300025
Superseded List: 5350980050";BUSHING;;12VM53-123;12V4000M53, Superseded, importar;simple;https://milu-naval.mystagingwebsite.com/wp-content/uploads/2026/02/12V4000M53-0151-01-150.webp;12V4000M53;151;150;X59412300090;BUSHING;;0.19 KGM;SI;X56912300025;5350980050;ok;importar;import_superseded;relacion superseded clara;import_superseded;relacion superseded clara;engine_12V4000M53.json;1201082;151;5350980050;BUSHING;;0.19 KGM;SI;Superseded;X56912300025;5350980050;ok;importar;yes
X59499100582;SHAFT;x59499100582;publish;"Engine: 12V4000M53
Part Number: X59499100582
Designation: SHAFT
Measurement: 
Weight: 595,500 g
Source Page: 151
BOM: X59412300090
Substitution Status: SI
New Part Number: X59499101505
Superseded List: X59499100582";SHAFT;;12VM53-123;12V4000M53, Superseded, importar;simple;https://milu-naval.mystagingwebsite.com/wp-content/uploads/2026/02/12V4000M53-0151-01-350.webp;12V4000M53;151;350;X59412300090;SHAFT;;595,500 g;SI;X59499101505;X59499100582;ok;importar;import_superseded;relacion superseded clara;import_superseded;relacion superseded clara;engine_12V4000M53.json;1201088;151;X59499100582;SHAFT;;595,500 g;SI;Superseded;X59499101505;X59499100582;ok;importar;yes
5590981750;FLANGE;5590981750;publish;"Engine: 12V4000M53
Part Number: 5590981750
Designation: FLANGE
Measurement: 
Weight: 0.19 KGM
Source Page: 151
BOM: X59412300090
Substitution Status: SI
New Part Number: X56912300004
Superseded List: 5590981750";FLANGE;;12VM53-123;12V4000M53, Superseded, importar;simple;https://milu-naval.mystagingwebsite.com/wp-content/uploads/2026/02/12V4000M53-0151-01-450.webp;12V4000M53;151;450;X59412300090;FLANGE;;0.19 KGM;SI;X56912300004;5590981750;ok;importar;import_superseded;relacion superseded clara;import_superseded;relacion superseded clara;engine_12V4000M53.json;1201090;151;5590981750;FLANGE;;0.19 KGM;SI;Superseded;X56912300004;5590981750;ok;importar;yes
X59499100642;LEVER;x59499100642;publish;"Engine: 12V4000M53
Part Number: X59499100642
Designation: LEVER
Measurement: 
Weight: 200,000 g
Source Page: 152
BOM: X59412300090
Substitution Status: SI
New Part Number: X59499100811
Superseded List: X59499100642";LEVER;;12VM53-123;12V4000M53, Superseded, importar;simple;https://milu-naval.mystagingwebsite.com/wp-content/uploads/2026/02/12V4000M53-0151-01-1500.webp;12V4000M53;152;1500;X59412300090;LEVER;;200,000 g;SI;X59499100811;X59499100642;ok;importar;import_superseded;relacion superseded clara;import_superseded;relacion superseded clara;engine_12V4000M53.json;1201107;152;X59499100642;LEVER;;200,000 g;SI;Superseded;X59499100811;X59499100642;ok;importar;yes
5249870051;FLAP SEAL 1;5249870051;publish;"Engine: 12V4000M70
Part Number: 5249870051
Designation: FLAP SEAL 1
Measurement: nan
Weight: nan
Source Page: 156
BOM: 5240900265
Substitution Status: SI
New Part Number: 5240900265
Superseded List: 5249870051";FLAP SEAL 1;;12VM70-123;12V4000M70, Superseded, importar;simple;https://milu-naval.mystagingwebsite.com/wp-content/uploads/2026/01/sin_imagen.jpeg;12V4000M70;156;10;5240900265;FLAP SEAL 1;nan;nan;SI;5240900265;5249870051;ok;importar;import_superseded;conflictos detectados: designation_conflict, weight_conflict | ya existe en WordPress/product-export | relacion superseded clara;import_superseded;conflictos detectados: designation_conflict, weight_conflict | ya existe en WordPress/product-export | relacion superseded clara;engine_12V4000M70.json;1900979;156;5249870051;FLAP SEAL 1;nan;nan;SI;Superseded;5240900265;5249870051;ok;importar;yes
5240980010;FLAP 1;5240980010;publish;"Engine: 12V4000M70
Part Number: 5240980010
Designation: FLAP 1
Measurement: nan
Weight: nan
Source Page: 156
BOM: 5240900265
Substitution Status: SI
New Part Number: 5240900265
Superseded List: 5240980010";FLAP 1;;12VM70-123;12V4000M70, Superseded, importar;simple;https://milu-naval.mystagingwebsite.com/wp-content/uploads/2026/01/sin_imagen.jpeg;12V4000M70;156;5;5240900265;FLAP 1;nan;nan;SI;5240900265;5240980010;ok;importar;import_superseded;conflictos detectados: designation_conflict, weight_conflict | ya existe en WordPress/product-export | relacion superseded clara;import_superseded;conflictos detectados: designation_conflict, weight_conflict | ya existe en WordPress/product-export | relacion superseded clara;engine_12V4000M70.json;1900980;156;5240980010;FLAP 1;nan;nan;SI;Superseded;5240900265;5240980010;ok;importar;yes
X59414100027;EXHAUST LINE INNER ELEMENT;x59414100027;publish;"Engine: 12V4000M53
Part Number: X59414100027
Designation: EXHAUST LINE INNER ELEMENT
Measurement: 
Weight: 5,734 kg
Source Page: 163
BOM: XS594140.00085
Substitution Status: SI
New Part Number: X59414100239
Superseded List: X59414100027";EXHAUST LINE INNER ELEMENT;;12VM53-140;12V4000M53, Superseded, importar;simple;https://milu-naval.mystagingwebsite.com/wp-content/uploads/2026/02/12V4000M53-0162-01-3260.webp, https://milu-naval.mystagingwebsite.com/wp-content/uploads/2026/02/12V4000M53-0162-02-3260.webp;12V4000M53;163;3260;XS594140.00085;EXHAUST LINE INNER ELEMENT;;5,734 kg;SI;X59414100239;X59414100027;ok;importar;import_superseded;conflictos detectados: weight_conflict | relacion superseded clara;import_superseded;conflictos detectados: weight_conflict | relacion superseded clara;engine_12V4000M53.json;1201200;163;X59414100027;EXHAUST LINE INNER ELEMENT;;5,734 kg;SI;Superseded;X59414100239;X59414100027;ok;importar;yes
X59418500017;RETAINER F/TURBO OIL SUPPLY;x59418500017;publish;"Engine: 16V4000M73L
Part Number: X59418500017
Designation: RETAINER F/TURBO OIL SUPPLY
Measurement: 
Weight: 
Source Page: 173
BOM: XS595140.00002
Substitution Status: SI
New Part Number: X59418500093
Superseded List: X59418500017";RETAINER F/TURBO OIL SUPPLY;;16VM73L-143;16V4000M73L, Superseded, importar;simple;https://milu-naval.mystagingwebsite.com/wp-content/uploads/2026/02/16V4000M73L-0173-01-1350.webp;16V4000M73L;173;1350;XS595140.00002;RETAINER F/TURBO OIL SUPPLY;;;SI;X59418500093;X59418500017;ok;importar;import_superseded;acciones QA contradictorias para el mismo PN | estado QA requiere revision manual | conflictos detectados: designation_conflict | relacion superseded clara;import_superseded;acciones QA contradictorias para el mismo PN | estado QA requiere revision manual | conflictos detectados: designation_conflict | relacion superseded clara;engine_16V4000M73L.json;1501068;173;X59418500017;RETAINER F/TURBO OIL SUPPLY;;;SI;Superseded;X59418500093;X59418500017;ok;importar;yes
X59499100575/87;EXH PIPE BELLOWS WITH TEST CERT. 3.1;x59499100575-87;publish;"Engine: 12V4000M53
Part Number: X59499100575/87
Designation: EXH PIPE BELLOWS WITH TEST CERT. 3.1
Measurement: 
Weight: 
Source Page: 176
BOM: XS596140.00037
Substitution Status: SI
New Part Number: X54799101740/87
Superseded List: X59499100575/87";EXH PIPE BELLOWS WITH TEST CERT. 3.1;;12VM53-145;12V4000M53, Superseded, importar;simple;https://milu-naval.mystagingwebsite.com/wp-content/uploads/2026/01/sin_imagen.jpeg;12V4000M53;176;120;XS596140.00037;EXH PIPE BELLOWS WITH TEST CERT. 3.1;;;SI;X54799101740/87;X59499100575/87;ok;importar;import_superseded;relacion superseded clara;import_superseded;relacion superseded clara;engine_12V4000M53.json;1201292;176;X59499100575/87;EXH PIPE BELLOWS WITH TEST CERT. 3.1;;;SI;Superseded;X54799101740/87;X59499100575/87;ok;importar;yes
X52417200010;STARTER;x52417200010;publish;"Engine: 12V4000M53
Part Number: X52417200010
Designation: STARTER
Measurement: 
Weight: 28,375 kg
Source Page: 180
BOM: XS594170.00009
Substitution Status: SI
New Part Number: EX52417200010
Superseded List: X52417200010";STARTER;;12VM53-172;12V4000M53, Superseded, importar;simple;https://milu-naval.mystagingwebsite.com/wp-content/uploads/2026/02/12V4000M53-0180-01-100.webp;12V4000M53;180;100;XS594170.00009;STARTER;;28,375 kg;SI;EX52417200010;X52417200010;ok;importar;import_superseded;relacion superseded clara;import_superseded;relacion superseded clara;engine_12V4000M53.json;1201303;180;X52417200010;STARTER;;28,375 kg;SI;Superseded;EX52417200010;X52417200010;ok;importar;yes
X52417200011;STARTER;x52417200011;publish;"Engine: 12V4000M53
Part Number: X52417200011
Designation: STARTER
Measurement: 
Weight: 21,000 kg
Source Page: 180
BOM: XS594170.00009
Substitution Status: SI
New Part Number: EX52417200011
Superseded List: X52417200011";STARTER;;12VM53-172;12V4000M53, Superseded, importar;simple;https://milu-naval.mystagingwebsite.com/wp-content/uploads/2026/02/12V4000M53-0180-01-50.webp;12V4000M53;180;50;XS594170.00009;STARTER;;21,000 kg;SI;EX52417200011;X52417200011;ok;importar;import_superseded;relacion superseded clara;import_superseded;relacion superseded clara;engine_12V4000M53.json;1201305;180;X52417200011;STARTER;;21,000 kg;SI;Superseded;EX52417200011;X52417200011;ok;importar;yes
X52418300028;CENTRIFUGAL OIL FLTR;x52418300028;publish;"Engine: 12V4000M70
Part Number: X52418300028
Designation: CENTRIFUGAL OIL FLTR
Measurement: nan
Weight: nan
Source Page: 216
BOM: X52418300026
Substitution Status: SI
New Part Number: X52418300026
Superseded List: X52418300028";CENTRIFUGAL OIL FLTR;;12VM70-183;12V4000M70, Superseded, importar;simple;https://milu-naval.mystagingwebsite.com/wp-content/uploads/2026/01/sin_imagen.jpeg;12V4000M70;216;50;X52418300026;CENTRIFUGAL OIL FLTR;nan;nan;SI;X52418300026;X52418300028;ok;importar;import_superseded;ya existe en WordPress/product-export | relacion superseded clara;import_superseded;ya existe en WordPress/product-export | relacion superseded clara;engine_12V4000M70.json;1901485;216;X52418300028;CENTRIFUGAL OIL FLTR;nan;nan;SI;Superseded;X52418300026;X52418300028;ok;importar;yes
5281840509;COVER WATER DISTRIBUTION HOUSING BR 4000;5281840509;publish;"Engine: 12V4000M53
Part Number: 5281840509
Designation: COVER WATER DISTRIBUTION HOUSING BR 4000
Measurement: 
Weight: 
Source Page: 204
BOM: 180.00268
Substitution Status: SI
New Part Number: X52899100796
Superseded List: 5281840509";COVER WATER DISTRIBUTION HOUSING BR 4000;;12VM53-183;12V4000M53, Superseded, importar;simple;https://milu-naval.mystagingwebsite.com/wp-content/uploads/2026/02/12V4000M53-0204-01-10.webp;12V4000M53;204;10;180.00268;COVER WATER DISTRIBUTION HOUSING BR 4000;;;SI;X52899100796;5281840509;ok;importar;import_superseded;relacion superseded clara;import_superseded;relacion superseded clara;engine_12V4000M53.json;1201476;204;5281840509;COVER WATER DISTRIBUTION HOUSING BR 4000;;;SI;Superseded;X52899100796;5281840509;ok;importar;yes
X59499100442;RETAINER;x59499100442;publish;"Engine: 12V4000M53
Part Number: X59499100442
Designation: RETAINER
Measurement: 
Weight: 760,000 g
Source Page: 213
BOM: XS594180.00080
Substitution Status: SI
New Part Number: X59499101172
Superseded List: X59499100442";RETAINER;;12VM53-185;12V4000M53, Superseded, importar;simple;https://milu-naval.mystagingwebsite.com/wp-content/uploads/2026/02/12V4000M53-0212-01-1450.webp;12V4000M53;213;1450;XS594180.00080;RETAINER;;760,000 g;SI;X59499101172;X59499100442;ok;importar;import_superseded;relacion superseded clara;import_superseded;relacion superseded clara;engine_12V4000M53.json;1201524;213;X59499100442;RETAINER;;760,000 g;SI;Superseded;X59499101172;X59499100442;ok;importar;yes
X59518500043;OIL RETURN LINE;x59518500043;publish;"Engine: 12V4000M53
Part Number: X59518500043
Designation: OIL RETURN LINE
Measurement: 
Weight: 622,500 g SB EM
Source Page: 216
BOM: XS595180.00046
Substitution Status: SI
New Part Number: X59418500113
Superseded List: X59518500043";OIL RETURN LINE;;12VM53-185;12V4000M53, Superseded, importar;simple;https://milu-naval.mystagingwebsite.com/wp-content/uploads/2026/02/12V4000M53-0215-01-5300.webp;12V4000M53;216;5300;XS595180.00046;OIL RETURN LINE;;622,500 g SB EM;SI;X59418500113;X59518500043;ok;importar;import_superseded;relacion superseded clara;import_superseded;relacion superseded clara;engine_12V4000M53.json;1201629;216;X59518500043;OIL RETURN LINE;;622,500 g SB EM;SI;Superseded;X59418500113;X59518500043;ok;importar;yes
X59418500037;RETAINER;x59418500037;publish;"Engine: 12V4000M53
Part Number: X59418500037
Designation: RETAINER
Measurement: 
Weight: 478,800 g
Source Page: 216
BOM: XS595180.00046
Substitution Status: SI
New Part Number: X59499101540
Superseded List: X59418500037";RETAINER;;12VM53-185;12V4000M53, Superseded, importar;simple;https://milu-naval.mystagingwebsite.com/wp-content/uploads/2026/02/12V4000M53-0215-02-5700.webp;12V4000M53;216;5700;XS595180.00046;RETAINER;;478,800 g;SI;X59499101540;X59418500037;ok;importar;import_superseded;conflictos detectados: weight_conflict | relacion superseded clara;import_superseded;conflictos detectados: weight_conflict | relacion superseded clara;engine_12V4000M53.json;1201632;216;X59418500037;RETAINER;;478,800 g;SI;Superseded;X59499101540;X59418500037;ok;importar;yes
X59518500044;OIL RETURN LINE;x59518500044;publish;"Engine: 12V4000M53
Part Number: X59518500044
Designation: OIL RETURN LINE
Measurement: 
Weight: 670,000 g SB EM
Source Page: 217
BOM: XS595180.00046
Substitution Status: SI
New Part Number: X59418500103
Superseded List: X59518500044";OIL RETURN LINE;;12VM53-185;12V4000M53, Superseded, importar;simple;https://milu-naval.mystagingwebsite.com/wp-content/uploads/2026/02/12V4000M53-0215-01-8200.webp;12V4000M53;217;8200;XS595180.00046;OIL RETURN LINE;;670,000 g SB EM;SI;X59418500103;X59518500044;ok;importar;import_superseded;relacion superseded clara;import_superseded;relacion superseded clara;engine_12V4000M53.json;1201657;217;X59518500044;OIL RETURN LINE;;670,000 g SB EM;SI;Superseded;X59418500103;X59518500044;ok;importar;yes
5564910150;BUSHING;5564910150;publish;"Engine: 12V4000M53
Part Number: 5564910150
Designation: BUSHING
Measurement: 8,5 X 20 X 22
Weight: 0.044 KGM
Source Page: 217
BOM: XS595180.00046
Substitution Status: SI
New Part Number: 5531420553
Superseded List: 5564910150";BUSHING;;12VM53-185;12V4000M53, Superseded, importar;simple;https://milu-naval.mystagingwebsite.com/wp-content/uploads/2026/02/12V4000M53-0215-02-9100.webp;12V4000M53;217;9100;XS595180.00046;BUSHING;8,5 X 20 X 22;0.044 KGM;SI;5531420553;5564910150;ok;importar;import_superseded;relacion superseded clara;import_superseded;relacion superseded clara;engine_12V4000M53.json;1201665;217;5564910150;BUSHING;8,5 X 20 X 22;0.044 KGM;SI;Superseded;5531420553;5564910150;ok;importar;yes
X59320200098;PREHEATER 3-PHASIG, 9 KW, 400 V, 50 HZ,;x59320200098;publish;"Engine: 12V4000M53
Part Number: X59320200098
Designation: PREHEATER 3-PHASIG, 9 KW, 400 V, 50 HZ,
Measurement: 
Weight: 
Source Page: 225
BOM: XS593200.00049
Substitution Status: SI
New Part Number: X59320200153
Superseded List: X59320200098";PREHEATER 3-PHASIG, 9 KW, 400 V, 50 HZ,;;12VM53-200;12V4000M53, Superseded, importar;simple;https://milu-naval.mystagingwebsite.com/wp-content/uploads/2026/02/12V4000M53-0225-01-10.webp;12V4000M53;225;10;XS593200.00049;PREHEATER 3-PHASIG, 9 KW, 400 V, 50 HZ,;;;SI;X59320200153;X59320200098;ok;importar;import_superseded;relacion superseded clara;import_superseded;relacion superseded clara;engine_12V4000M53.json;1201730;225;X59320200098;PREHEATER 3-PHASIG, 9 KW, 400 V, 50 HZ,;;;SI;Superseded;X59320200153;X59320200098;ok;importar;yes
XP59320200147;HEATING ELEMENT;xp59320200147;publish;"Engine: 12V4000M53
Part Number: XP59320200147
Designation: HEATING ELEMENT
Measurement: 9 KW
Weight: 
Source Page: 226
BOM: X59320200098
Substitution Status: SI
New Part Number: XP59499100209
Superseded List: XP59320200147";HEATING ELEMENT;;12VM53-200;12V4000M53, Superseded, importar;simple;https://milu-naval.mystagingwebsite.com/wp-content/uploads/2026/02/12V4000M53-0226-01-10.webp;12V4000M53;226;10;X59320200098;HEATING ELEMENT;9 KW;;SI;XP59499100209;XP59320200147;ok;importar;import_superseded;relacion superseded clara;import_superseded;relacion superseded clara;engine_12V4000M53.json;1201731;226;XP59320200147;HEATING ELEMENT;9 KW;;SI;Superseded;XP59499100209;XP59320200147;ok;importar;yes
000000002970;HEX SCREW;000000002970;publish;"Engine: 12V4000M53
Part Number: 000000002970
Designation: HEX SCREW
Measurement: M 12 X 70
Weight: 0.065 KGM
Source Page: 228
BOM: XS594200.00065
Substitution Status: SI
New Part Number: 000000002970/85
Superseded List: 000000002970";HEX SCREW;;12VM53-200;12V4000M53, Superseded, importar;simple;https://milu-naval.mystagingwebsite.com/wp-content/uploads/2026/02/12V4000M53-0228-01-550.webp;12V4000M53;228;550;XS594200.00065;HEX SCREW;M 12 X 70;0.065 KGM;SI;000000002970/85;000000002970;ok;importar;import_superseded;relacion superseded clara;import_superseded;relacion superseded clara;engine_12V4000M53.json;1201765;228;000000002970;HEX SCREW;M 12 X 70;0.065 KGM;SI;Superseded;000000002970/85;000000002970;ok;importar;yes
X59620200110;COVER PLATE BR 4000;x59620200110;publish;"Engine: 12V4000M53
Part Number: X59620200110
Designation: COVER PLATE BR 4000
Measurement: 
Weight: 46,000 kg
Source Page: 228
BOM: XS594200.00065
Substitution Status: SI
New Part Number: X59320300048
Superseded List: X59620200110";COVER PLATE BR 4000;;12VM53-200;12V4000M53, Superseded, importar;simple;https://milu-naval.mystagingwebsite.com/wp-content/uploads/2026/02/12V4000M53-0228-01-850.webp;12V4000M53;228;850;XS594200.00065;COVER PLATE BR 4000;;46,000 kg;SI;X59320300048;X59620200110;ok;importar;import_superseded;conflictos detectados: weight_conflict | relacion superseded clara;import_superseded;conflictos detectados: weight_conflict | relacion superseded clara;engine_12V4000M53.json;1201769;228;X59620200110;COVER PLATE BR 4000;;46,000 kg;SI;Superseded;X59320300048;X59620200110;ok;importar;yes
X59420300046;VENT LINE;x59420300046;publish;"Engine: 12V4000M53
Part Number: X59420300046
Designation: VENT LINE
Measurement: 
Weight: 0.192 KGM
Source Page: 238
BOM: XS594200.00156
Substitution Status: SI
New Part Number: X59520200134
Superseded List: X59420300046";VENT LINE;;12VM53-200;12V4000M53, Superseded, importar;simple;https://milu-naval.mystagingwebsite.com/wp-content/uploads/2026/01/sin_imagen.jpeg;12V4000M53;238;800;XS594200.00156;VENT LINE;;0.192 KGM;SI;X59520200134;X59420300046;ok;importar;import_superseded;relacion superseded clara;import_superseded;relacion superseded clara;engine_12V4000M53.json;1201888;238;X59420300046;VENT LINE;;0.192 KGM;SI;Superseded;X59520200134;X59420300046;ok;importar;yes
X57518500026;SCREW-FITTING UNION F/TURBO OIL SUPPLY;x57518500026;publish;"Engine: 12V4000M53
Part Number: X57518500026
Designation: SCREW-FITTING UNION F/TURBO OIL SUPPLY
Measurement: 
Weight: 
Source Page: 242
BOM: X59420200182
Substitution Status: SI
New Part Number: X59399100305
Superseded List: X57518500026";SCREW-FITTING UNION F/TURBO OIL SUPPLY;;12VM53-200;12V4000M53, Superseded, importar;simple;https://milu-naval.mystagingwebsite.com/wp-content/uploads/2026/02/12V4000M53-0242-01-40.webp;12V4000M53;242;40;X59420200182;SCREW-FITTING UNION F/TURBO OIL SUPPLY;;;SI;X59399100305;X57518500026;ok;importar;import_superseded;relacion superseded clara;import_superseded;relacion superseded clara;engine_12V4000M53.json;1202021;242;X57518500026;SCREW-FITTING UNION F/TURBO OIL SUPPLY;;;SI;Superseded;X59399100305;X57518500026;ok;importar;yes
X59420200275;COOLANT LINE;x59420200275;publish;"Engine: 12V4000M53
Part Number: X59420200275
Designation: COOLANT LINE
Measurement: 
Weight: 506,000 g
Source Page: 243
BOM: XS594200.00160
Substitution Status: SI
New Part Number: X59420200394
Superseded List: X59420200275";COOLANT LINE;;12VM53-200;12V4000M53, Superseded, importar;simple;https://milu-naval.mystagingwebsite.com/wp-content/uploads/2026/01/sin_imagen.jpeg;12V4000M53;243;390;XS594200.00160;COOLANT LINE;;506,000 g;SI;X59420200394;X59420200275;ok;importar;import_superseded;relacion superseded clara;import_superseded;relacion superseded clara;engine_12V4000M53.json;1202033;243;X59420200275;COOLANT LINE;;506,000 g;SI;Superseded;X59420200394;X59420200275;ok;importar;yes
X52620200183;COOLANT PUMP HIGH-TEMP CIRCUIT;x52620200183;publish;"Engine: 12V4000M53
Part Number: X52620200183
Designation: COOLANT PUMP HIGH-TEMP CIRCUIT
Measurement: 
Weight: 
Source Page: 247
BOM: XS595200.00014
Substitution Status: SI
New Part Number: EX54920200040
Superseded List: X52620200183";COOLANT PUMP HIGH-TEMP CIRCUIT;;12VM53-202;12V4000M53, Superseded, importar;simple;https://milu-naval.mystagingwebsite.com/wp-content/uploads/2026/02/12V4000M53-0246-01-50.webp;12V4000M53;247;50;XS595200.00014;COOLANT PUMP HIGH-TEMP CIRCUIT;;;SI;EX54920200040;X52620200183;ok;importar;import_superseded;relacion superseded clara;import_superseded;relacion superseded clara;engine_12V4000M53.json;1202058;247;X52620200183;COOLANT PUMP HIGH-TEMP CIRCUIT;;;SI;Superseded;EX54920200040;X52620200183;ok;importar;yes
X00038564;ELBOW;x00038564;publish;"Engine: 12V4000M53
Part Number: X00038564
Designation: ELBOW
Measurement: 
Weight: 12,870 kg
Source Page: 247
BOM: XS595200.00014
Substitution Status: SI
New Part Number: X59620200168
Superseded List: X00038564";ELBOW;;12VM53-202;12V4000M53, Superseded, importar;simple;https://milu-naval.mystagingwebsite.com/wp-content/uploads/2026/02/12V4000M53-0246-02-500.webp;12V4000M53;247;500;XS595200.00014;ELBOW;;12,870 kg;SI;X59620200168;X00038564;ok;importar;import_superseded;conflictos detectados: weight_conflict | relacion superseded clara;import_superseded;conflictos detectados: weight_conflict | relacion superseded clara;engine_12V4000M53.json;1202059;247;X00038564;ELBOW;;12,870 kg;SI;Superseded;X59620200168;X00038564;ok;importar;yes
304032016003;HEX NUT;304032016003;publish;"Engine: 12V4000M53
Part Number: 304032016003
Designation: HEX NUT
Measurement: M 16
Weight: 0.034 KGM
Source Page: 250
BOM: XS593990.00034
Substitution Status: SI
New Part Number: 000934016019
Superseded List: 304032016003";HEX NUT;;12VM53-202;12V4000M53, Superseded, importar;simple;https://milu-naval.mystagingwebsite.com/wp-content/uploads/2026/02/12V4000M53-0250-01-450.webp;12V4000M53;250;450;XS593990.00034;HEX NUT;M 16;0.034 KGM;SI;000934016019;304032016003;ok;importar;import_superseded;ya existe en WordPress/product-export | relacion superseded clara;import_superseded;ya existe en WordPress/product-export | relacion superseded clara;engine_12V4000M53.json;1202101;250;304032016003;HEX NUT;M 16;0.034 KGM;SI;Superseded;000934016019;304032016003;ok;importar;yes
X59320200138/75;COOLANT DISTRIB HSG PRIMED;x59320200138-75;publish;"Engine: 12V4000M53
Part Number: X59320200138/75
Designation: COOLANT DISTRIB HSG PRIMED
Measurement: 
Weight: 
Source Page: 261
BOM: XS595200.00013
Substitution Status: SI
New Part Number: X59320200160/75
Superseded List: X59320200138/75";COOLANT DISTRIB HSG PRIMED;;12VM53-206;12V4000M53, Superseded, importar;simple;https://milu-naval.mystagingwebsite.com/wp-content/uploads/2026/02/12V4000M53-0261-01-50.webp;12V4000M53;261;50;XS595200.00013;COOLANT DISTRIB HSG PRIMED;;;SI;X59320200160/75;X59320200138/75;ok;importar;import_superseded;relacion superseded clara;import_superseded;relacion superseded clara;engine_12V4000M53.json;1202175;261;X59320200138/75;COOLANT DISTRIB HSG PRIMED;;;SI;Superseded;X59320200160/75;X59320200138/75;ok;importar;yes
X59320600011;THERMOSTAT HOUSING;x59320600011;publish;"Engine: 12V4000M53
Part Number: X59320600011
Designation: THERMOSTAT HOUSING
Measurement: 
Weight: 
Source Page: 264
BOM: XS594200.00073
Substitution Status: SI
New Part Number: X54720600004
Superseded List: X59320600011";THERMOSTAT HOUSING;;12VM53-206;12V4000M53, Superseded, importar;simple;https://milu-naval.mystagingwebsite.com/wp-content/uploads/2026/02/12V4000M53-0263-01-120.webp;12V4000M53;264;120;XS594200.00073;THERMOSTAT HOUSING;;;SI;X54720600004;X59320600011;ok;importar;import_superseded;relacion superseded clara;import_superseded;relacion superseded clara;engine_12V4000M53.json;1202199;264;X59320600011;THERMOSTAT HOUSING;;;SI;Superseded;X54720600004;X59320600011;ok;importar;yes
0052031775;THERMAL ACTUATOR;0052031775;publish;"Engine: 12V4000M53
Part Number: 0052031775
Designation: THERMAL ACTUATOR
Measurement: 
Weight: 
Source Page: 264
BOM: XS594200.00073
Substitution Status: SI
New Part Number: X59320300042
Superseded List: 0052031775";THERMAL ACTUATOR;;12VM53-206;12V4000M53, Superseded, importar;simple;https://milu-naval.mystagingwebsite.com/wp-content/uploads/2026/01/sin_imagen.jpeg;12V4000M53;264;260;XS594200.00073;THERMAL ACTUATOR;;;SI;X59320300042;0052031775;ok;importar;import_superseded;relacion superseded clara;import_superseded;relacion superseded clara;engine_12V4000M53.json;1202209;264;0052031775;THERMAL ACTUATOR;;;SI;Superseded;X59320300042;0052031775;ok;importar;yes
05132155;SEALING RING;05132155;publish;"Engine: 12V4000M53
Part Number: 05132155
Designation: SEALING RING
Measurement: 
Weight: 0.019 KGM
Source Page: 264
BOM: XS594200.00073
Substitution Status: SI
New Part Number: 0002034480
Superseded List: ";SEALING RING;;12VM53-206;12V4000M53, Superseded, revisar;simple;https://milu-naval.mystagingwebsite.com/wp-content/uploads/2026/02/12V4000M53-0263-01-300.webp;12V4000M53;264;300;XS594200.00073;SEALING RING;;0.019 KGM;SI;0002034480;;pendiente;revisar;import_superseded;estado QA requiere revision manual | relacion superseded clara;import_superseded;estado QA requiere revision manual | relacion superseded clara;engine_12V4000M53.json;1202210;264;;SEALING RING;;0.019 KGM;SI;Superseded;0002034480;;pendiente;revisar;yes
X52421300029;GENERATOR AVG2902 DELCO 140A;x52421300029;publish;"Engine: 12V4000M53
Part Number: X52421300029
Designation: GENERATOR AVG2902 DELCO 140A
Measurement: 
Weight: 15,650 kg
Source Page: 283
BOM: XS594210.00001
Substitution Status: SI
New Part Number: EX52421300029
Superseded List: X52421300029";GENERATOR AVG2902 DELCO 140A;;12VM53-213;12V4000M53, Superseded, importar;simple;https://milu-naval.mystagingwebsite.com/wp-content/uploads/2026/02/12V4000M53-0283-01-40.webp;12V4000M53;283;40;XS594210.00001;GENERATOR AVG2902 DELCO 140A;;15,650 kg;SI;EX52421300029;X52421300029;ok;importar;import_superseded;relacion superseded clara;import_superseded;relacion superseded clara;engine_12V4000M53.json;1202342;283;X52421300029;GENERATOR AVG2902 DELCO 140A;;15,650 kg;SI;Superseded;EX52421300029;X52421300029;ok;importar;yes
5241510133;SHAFT;5241510133;publish;"Engine: 12V4000M53
Part Number: 5241510133
Designation: SHAFT
Measurement: 
Weight: 
Source Page: 285
BOM: 5241500009
Substitution Status: SI
New Part Number: 5241500009
Superseded List: 5241510133";SHAFT;;12VM53-213;12V4000M53, Superseded, importar;simple;https://milu-naval.mystagingwebsite.com/wp-content/uploads/2026/02/12V4000M53-0285-01-5.webp;12V4000M53;285;5;5241500009;SHAFT;;;SI;5241500009;5241510133;ok;importar;import_superseded;ya existe en WordPress/product-export | relacion superseded clara;import_superseded;ya existe en WordPress/product-export | relacion superseded clara;engine_12V4000M53.json;1202357;285;5241510133;SHAFT;;;SI;Superseded;5241500009;5241510133;ok;importar;yes
304032020001;HEX NUT;304032020001;publish;"Engine: 12V4000M53
Part Number: 304032020001
Designation: HEX NUT
Measurement: M 20
Weight: 0.063 KGM
Source Page: 287
BOM: XS527230.00015
Substitution Status: SI
New Part Number: 000934020000
Superseded List: 304032020001";HEX NUT;;12VM53-231;12V4000M53, Superseded, importar;simple;https://milu-naval.mystagingwebsite.com/wp-content/uploads/2026/02/12V4000M53-0287-01-40.webp;12V4000M53;287;40;XS527230.00015;HEX NUT;M 20;0.063 KGM;SI;000934020000;304032020001;ok;importar;import_superseded;ya existe en WordPress/product-export | relacion superseded clara;import_superseded;ya existe en WordPress/product-export | relacion superseded clara;engine_12V4000M53.json;1202363;287;304032020001;HEX NUT;M 20;0.063 KGM;SI;Superseded;000934020000;304032020001;ok;importar;yes
X59623100003;ENGINE SUPPORT;x59623100003;publish;"Engine: 12V4000M53
Part Number: X59623100003
Designation: ENGINE SUPPORT
Measurement: 
Weight: 3,569 kg
Source Page: 288
BOM: X52723100019
Substitution Status: SI
New Part Number: X52723100019
Superseded List: X59623100003";ENGINE SUPPORT;;12VM53-231;12V4000M53, Superseded, importar;simple;https://milu-naval.mystagingwebsite.com/wp-content/uploads/2026/02/12V4000M53-0288-01-10.webp;12V4000M53;288;10;X52723100019;ENGINE SUPPORT;;3,569 kg;SI;X52723100019;X59623100003;ok;importar;import_superseded;conflictos detectados: weight_conflict | ya existe en WordPress/product-export | relacion superseded clara;import_superseded;conflictos detectados: weight_conflict | ya existe en WordPress/product-export | relacion superseded clara;engine_12V4000M53.json;1202366;288;X59623100003;ENGINE SUPPORT;;3,569 kg;SI;Superseded;X52723100019;X59623100003;ok;importar;yes
X52623100018;MOUNTING BRACKET;x52623100018;publish;"Engine: 12V4000M53
Part Number: X52623100018
Designation: MOUNTING BRACKET
Measurement: 
Weight: 25,400 kg
Source Page: 289
BOM: XS527230.00016
Substitution Status: SI
New Part Number: X52623100103
Superseded List: X52623100018";MOUNTING BRACKET;;12VM53-231;12V4000M53, Superseded, importar;simple;https://milu-naval.mystagingwebsite.com/wp-content/uploads/2026/02/12V4000M53-0289-01-10.webp;12V4000M53;289;10;XS527230.00016;MOUNTING BRACKET;;25,400 kg;SI;X52623100103;X52623100018;ok;importar;import_superseded;conflictos detectados: weight_conflict | relacion superseded clara;import_superseded;conflictos detectados: weight_conflict | relacion superseded clara;engine_12V4000M53.json;1202370;289;X52623100018;MOUNTING BRACKET;;25,400 kg;SI;Superseded;X52623100103;X52623100018;ok;importar;yes
X00034057;LOCKING DEVICE 4000;x00034057;publish;"Engine: 12V4000M53
Part Number: X00034057
Designation: LOCKING DEVICE 4000
Measurement: 
Weight: 
Source Page: 291
BOM: X52623100057
Substitution Status: SI
New Part Number: XP52623100079
Superseded List: X00034057";LOCKING DEVICE 4000;;12VM53-231;12V4000M53, Superseded, importar;simple;https://milu-naval.mystagingwebsite.com/wp-content/uploads/2026/02/12V4000M53-0291-01-130.webp;12V4000M53;291;130;X52623100057;LOCKING DEVICE 4000;;;SI;XP52623100079;X00034057;ok;importar;import_superseded;conflictos detectados: designation_conflict | relacion superseded clara;import_superseded;conflictos detectados: designation_conflict | relacion superseded clara;engine_12V4000M53.json;1202381;291;X00034057;LOCKING DEVICE 4000;;;SI;Superseded;XP52623100079;X00034057;ok;importar;yes
X00034058;LOCKING DEVICE 4000;x00034058;publish;"Engine: 12V4000M53
Part Number: X00034058
Designation: LOCKING DEVICE 4000
Measurement: 
Weight: 
Source Page: 291
BOM: X52623100057
Substitution Status: SI
New Part Number: XP52623100079
Superseded List: X00034058";LOCKING DEVICE 4000;;12VM53-231;12V4000M53, Superseded, importar;simple;https://milu-naval.mystagingwebsite.com/wp-content/uploads/2026/02/12V4000M53-0291-01-140.webp;12V4000M53;291;140;X52623100057;LOCKING DEVICE 4000;;;SI;XP52623100079;X00034058;ok;importar;import_superseded;acciones QA contradictorias para el mismo PN | estado QA requiere revision manual | conflictos detectados: designation_conflict | relacion superseded clara;import_superseded;acciones QA contradictorias para el mismo PN | estado QA requiere revision manual | conflictos detectados: designation_conflict | relacion superseded clara;engine_12V4000M53.json;1202382;291;X00034058;LOCKING DEVICE 4000;;;SI;Superseded;XP52623100079;X00034058;ok;importar;yes
5315460443;BRACKET H:41 S2000/S 4000;5315460443;publish;"Engine: 12V4000M53
Part Number: 5315460443
Designation: BRACKET H:41 S2000/S 4000
Measurement: 
Weight: 0.064 KGM
Source Page: 306
BOM: XS594500.00251
Substitution Status: SI
New Part Number: X51109600001
Superseded List: 5315460443";BRACKET H:41 S2000/S 4000;;12VM53-500;12V4000M53, Superseded, importar;simple;https://milu-naval.mystagingwebsite.com/wp-content/uploads/2026/02/12V4000M53-0302-02-9170.webp;12V4000M53;306;9170;XS594500.00251;BRACKET H:41 S2000/S 4000;;0.064 KGM;SI;X51109600001;5315460443;ok;importar;import_superseded;relacion superseded clara;import_superseded;relacion superseded clara;engine_12V4000M53.json;1202569;306;5315460443;BRACKET H:41 S2000/S 4000;;0.064 KGM;SI;Superseded;X51109600001;5315460443;ok;importar;yes
B00E50201528/77;MONITOR WITH SOFTWARE;b00e50201528-77;publish;"Engine: 20V4000M93
Part Number: B00E50201528/77
Designation: MONITOR WITH SOFTWARE
Measurement: 
Weight: 4.000 kg
Source Page: 398
BOM: B00E50201528
Substitution Status: SI
New Part Number: B00E50208135/76
Superseded List: B00E50201528/77";MONITOR WITH SOFTWARE;;20VM93-508;20V4000M93, Superseded, importar;simple;https://milu-naval.mystagingwebsite.com/wp-content/uploads/2026/02/20V4000M93-0397-01-490.webp;20V4000M93;398;490;B00E50201528;MONITOR WITH SOFTWARE;;4.000 kg;SI;B00E50208135/76;B00E50201528/77;ok;importar;import_superseded;conflictos detectados: designation_conflict | relacion superseded clara;import_superseded;conflictos detectados: designation_conflict | relacion superseded clara;engine_20V4000M93.json;1703712;398;B00E50201528/77;MONITOR WITH SOFTWARE;;4.000 kg;SI;Superseded;B00E50208135/76;B00E50201528/77;ok;importar;yes
X59541200002;FILTER ELEMENT;x59541200002;publish;"Engine: 12V4000M53
Part Number: X59541200002
Designation: FILTER ELEMENT
Measurement: 
Weight: 
Source Page: 750
BOM: X00027853
Substitution Status: SI
New Part Number: XP00A36400005
Superseded List: X59541200002";FILTER ELEMENT;;12VM53-83;12V4000M53, Superseded, importar;simple;https://milu-naval.mystagingwebsite.com/wp-content/uploads/2026/02/12V4000M53-0750-01-160.webp;12V4000M53;750;160;X00027853;FILTER ELEMENT;;;SI;XP00A36400005;X59541200002;ok;importar;import_superseded;relacion superseded clara;import_superseded;relacion superseded clara;engine_12V4000M53.json;1206359;750;X59541200002;FILTER ELEMENT;;;SI;Superseded;XP00A36400005;X59541200002;ok;importar;yes
XP53208800006;NON-RETURN VALVE;xp53208800006;publish;"Engine: 12V4000M53
Part Number: XP53208800006
Designation: NON-RETURN VALVE
Measurement: 
Weight: 
Source Page: 750
BOM: X00027853
Substitution Status: SI
New Part Number: X00034244
Superseded List: XP53208800006";NON-RETURN VALVE;;12VM53-83;12V4000M53, Superseded, importar;simple;https://milu-naval.mystagingwebsite.com/wp-content/uploads/2026/02/12V4000M53-0750-01-90.webp;12V4000M53;750;90;X00027853;NON-RETURN VALVE;;;SI;X00034244;XP53208800006;ok;importar;import_superseded;relacion superseded clara;import_superseded;relacion superseded clara;engine_12V4000M53.json;1206371;750;XP53208800006;NON-RETURN VALVE;;;SI;Superseded;X00034244;XP53208800006;ok;importar;yes
B00E50202855/S0001;BUS COUPLER FOR SYSTEM BUS;b00e50202855-s0001;publish;"Engine: 12V4000M53
Part Number: B00E50202855/S0001
Designation: BUS COUPLER FOR SYSTEM BUS
Measurement: 
Weight: 
Source Page: 771
BOM: BS00E510.00859
Substitution Status: SI
New Part Number: X00E50213318
Superseded List: B00E50202855/S0001";BUS COUPLER FOR SYSTEM BUS;;12VM53-511;12V4000M53, Superseded, importar;simple;https://milu-naval.mystagingwebsite.com/wp-content/uploads/2026/01/sin_imagen.jpeg;12V4000M53;771;130;BS00E510.00859;BUS COUPLER FOR SYSTEM BUS;;;SI;X00E50213318;B00E50202855/S0001;ok;importar;import_superseded;relacion superseded clara;import_superseded;relacion superseded clara;engine_12V4000M53.json;1206434;771;B00E50202855/S0001;BUS COUPLER FOR SYSTEM BUS;;;SI;Superseded;X00E50213318;B00E50202855/S0001;ok;importar;yes
B00E51000051/S0001;NETWORK SWITCH FOR COPPER CABLES;b00e51000051-s0001;publish;"Engine: 12V4000M53
Part Number: B00E51000051/S0001
Designation: NETWORK SWITCH FOR COPPER CABLES
Measurement: HW: 05 / FW: 3.9 8GT
Weight: 
Source Page: 819
BOM: B00E51000202
Substitution Status: SI
New Part Number: X00E50210679/S0001
Superseded List: B00E51000051/S0001";NETWORK SWITCH FOR COPPER CABLES;;12VM53-511;12V4000M53, Superseded, importar;simple;https://milu-naval.mystagingwebsite.com/wp-content/uploads/2026/01/sin_imagen.jpeg;12V4000M53;819;110;B00E51000202;NETWORK SWITCH FOR COPPER CABLES;HW: 05 / FW: 3.9 8GT;;SI;X00E50210679/S0001;B00E51000051/S0001;ok;importar;import_superseded;relacion superseded clara;import_superseded;relacion superseded clara;engine_12V4000M53.json;1206627;819;B00E51000051/S0001;NETWORK SWITCH FOR COPPER CABLES;HW: 05 / FW: 3.9 8GT;;SI;Superseded;X00E50210679/S0001;B00E51000051/S0001;ok;importar;yes
B00E50205356/S0001;CONTROL CONSOLE WITH DISPLAY;b00e50205356-s0001;publish;"Engine: 12V4000M53
Part Number: B00E50205356/S0001
Designation: CONTROL CONSOLE WITH DISPLAY
Measurement: 
Weight: 
Source Page: 824
BOM: BS00E510.00847
Substitution Status: SI
New Part Number: X00E50212044/S0001
Superseded List: B00E50205356/S0001";CONTROL CONSOLE WITH DISPLAY;;12VM53-517;12V4000M53, Superseded, importar;simple;https://milu-naval.mystagingwebsite.com/wp-content/uploads/2026/01/sin_imagen.jpeg;12V4000M53;824;671 180;BS00E510.00847;CONTROL CONSOLE WITH DISPLAY;;;SI;X00E50212044/S0001;B00E50205356/S0001;ok;importar;import_superseded;acciones QA contradictorias para el mismo PN | estado QA requiere revision manual | conflictos detectados: designation_conflict | relacion superseded clara;import_superseded;acciones QA contradictorias para el mismo PN | estado QA requiere revision manual | conflictos detectados: designation_conflict | relacion superseded clara;engine_12V4000M53.json;1206637;824;B00E50205356/S0001;CONTROL CONSOLE WITH DISPLAY;;;SI;Superseded;X00E50212044/S0001;B00E50205356/S0001;ok;importar;yes
X59401400015;OIL PAN;x59401400015;publish;"Engine: 12V4000M70
Part Number: X59401400015
Designation: OIL PAN
Measurement: 
Weight: 116,500 kg
Source Page: 31
BOM: XS594010.00083
Substitution Status: SI
New Part Number: X59401400071
Superseded List: X59401400015";OIL PAN;;12VM70-14;12V4000M70, Superseded, importar;simple;https://milu-naval.mystagingwebsite.com/wp-content/uploads/2026/01/sin_imagen.jpeg;12V4000M70;31;250;XS594010.00083;OIL PAN;;116,500 kg;SI;X59401400071;X59401400015;ok;importar;import_superseded;conflictos detectados: weight_conflict | relacion superseded clara;import_superseded;conflictos detectados: weight_conflict | relacion superseded clara;engine_12V4000M70.json;1900063;31;X59401400015;OIL PAN;;116,500 kg;SI;Superseded;X59401400071;X59401400015;ok;importar;yes
X52801500003;LIFTING EYE;x52801500003;publish;"Engine: 12V4000M70
Part Number: X52801500003
Designation: LIFTING EYE
Measurement: nan
Weight: 3.69 KGM
Source Page: 35
BOM: 010.00131
Substitution Status: SI
New Part Number: X52801500002
Superseded List: X52801500003";LIFTING EYE;;12VM70-15;12V4000M70, Superseded, importar;simple;https://milu-naval.mystagingwebsite.com/wp-content/uploads/2026/01/sin_imagen.jpeg;12V4000M70;35;10;010.00131;LIFTING EYE;nan;3.69 KGM;SI;X52801500002;X52801500003;ok;importar;import_superseded;ya existe en WordPress/product-export | relacion superseded clara;import_superseded;ya existe en WordPress/product-export | relacion superseded clara;engine_12V4000M70.json;1900091;35;X52801500003;LIFTING EYE;nan;3.69 KGM;SI;Superseded;X52801500002;X52801500003;ok;importar;yes
5260300105/31;FLYWHEEL;5260300105-31;publish;"Engine: 12V4000M70
Part Number: 5260300105/31
Designation: FLYWHEEL
Measurement: 
Weight: 120,000 kg
Source Page: 60
BOM: 030.00038
Substitution Status: SI
New Part Number: E5260300105/31
Superseded List: 5260300105/31";FLYWHEEL;;12VM70-32;12V4000M70, Superseded, importar;simple;https://milu-naval.mystagingwebsite.com/wp-content/uploads/2026/01/sin_imagen.jpeg;12V4000M70;60;30;030.00038;FLYWHEEL;;120,000 kg;SI;E5260300105/31;5260300105/31;ok;importar;import_superseded;conflictos detectados: weight_conflict | relacion superseded clara;import_superseded;conflictos detectados: weight_conflict | relacion superseded clara;engine_12V4000M70.json;1900274;60;5260300105/31;FLYWHEEL;;120,000 kg;SI;Superseded;E5260300105/31;5260300105/31;ok;importar;yes
X52603800003/42;CONROD ASM;x52603800003-42;publish;"Engine: 12V4000M70
Part Number: X52603800003/42
Designation: CONROD ASM
Measurement: nan
Weight: 9,500 kg
Source Page: 75
BOM: X00043174
Substitution Status: SI
New Part Number: EX59403800070/42
Superseded List: X52603800003/42";CONROD ASM;;12VM70-38;12V4000M70, Superseded, importar;simple;https://milu-naval.mystagingwebsite.com/wp-content/uploads/2026/01/sin_imagen.jpeg;12V4000M70;75;10;X00043174;CONROD ASM;nan;9,500 kg;SI;EX59403800070/42;X52603800003/42;ok;importar;import_superseded;conflictos detectados: designation_conflict, weight_conflict | relacion superseded clara;import_superseded;conflictos detectados: designation_conflict, weight_conflict | relacion superseded clara;engine_12V4000M70.json;1900355;75;X52603800003/42;CONROD ASM;nan;9,500 kg;SI;Superseded;EX59403800070/42;X52603800003/42;ok;importar;yes
RX00040054/42;CONROD ASM;rx00040054-42;publish;"Engine: 12V4000M70
Part Number: RX00040054/42
Designation: CONROD ASM
Measurement: nan
Weight: 9.615,000
Source Page: 75
BOM: X00043174
Substitution Status: SI
New Part Number: RX59403800070/42
Superseded List: X00040054/42";CONROD ASM;;12VM70-38;12V4000M70, Superseded, importar;simple;https://milu-naval.mystagingwebsite.com/wp-content/uploads/2026/01/sin_imagen.jpeg;12V4000M70;75;80;X00043174;CONROD ASM;nan;9.615,000;SI;RX59403800070/42;X00040054/42;ok;importar;import_superseded;conflictos detectados: weight_conflict | relacion superseded clara;import_superseded;conflictos detectados: weight_conflict | relacion superseded clara;engine_12V4000M70.json;1900365;75;RX00040054/42;CONROD ASM;nan;9.615,000;SI;Superseded;RX59403800070/42;X00040054/42;ok;importar;yes
RX52603800003/42;CONROD ASM;rx52603800003-42;publish;"Engine: 12V4000M70
Part Number: RX52603800003/42
Designation: CONROD ASM
Measurement: nan
Weight: 12,700 kg
Source Page: 75
BOM: X00043174
Substitution Status: SI
New Part Number: RX59403800070/42
Superseded List: X52603800003/42";CONROD ASM;;12VM70-38;12V4000M70, Superseded, importar;simple;https://milu-naval.mystagingwebsite.com/wp-content/uploads/2026/01/sin_imagen.jpeg;12V4000M70;75;90;X00043174;CONROD ASM;nan;12,700 kg;SI;RX59403800070/42;X52603800003/42;ok;importar;import_superseded;conflictos detectados: weight_conflict | relacion superseded clara;import_superseded;conflictos detectados: weight_conflict | relacion superseded clara;engine_12V4000M70.json;1900366;75;RX52603800003/42;CONROD ASM;nan;12,700 kg;SI;Superseded;RX59403800070/42;X52603800003/42;ok;importar;yes
RX52404100028;CYLINDER HEAD W.VALVE + SEAT RING;rx52404100028;publish;"Engine: 12V4000M70
Part Number: RX52404100028
Designation: CYLINDER HEAD W.VALVE + SEAT RING
Measurement: nan
Weight: 49.5 KGM
Source Page: 78
BOM: XS526040.00011
Substitution Status: SI
New Part Number: RX52404100216
Superseded List: X52404100028";CYLINDER HEAD W.VALVE + SEAT RING;;12VM70-41;12V4000M70, Superseded, importar;simple;https://milu-naval.mystagingwebsite.com/wp-content/uploads/2026/01/sin_imagen.jpeg;12V4000M70;78;100;XS526040.00011;CYLINDER HEAD W.VALVE + SEAT RING;nan;49.5 KGM;SI;RX52404100216;X52404100028;ok;importar;import_superseded;relacion superseded clara;import_superseded;relacion superseded clara;engine_12V4000M70.json;1900372;78;RX52404100028;CYLINDER HEAD W.VALVE + SEAT RING;nan;49.5 KGM;SI;Superseded;RX52404100216;X52404100028;ok;importar;yes
EX52404100028;CYLINDER HEAD;ex52404100028;publish;"Engine: 12V4000M70
Part Number: EX52404100028
Designation: CYLINDER HEAD
Measurement: nan
Weight: 48,500 kg
Source Page: 78
BOM: XS526040.00011
Substitution Status: SI
New Part Number: EX52904100397
Superseded List: EX52404100028";CYLINDER HEAD;;12VM70-41;12V4000M70, Superseded, importar;simple;https://milu-naval.mystagingwebsite.com/wp-content/uploads/2026/01/sin_imagen.jpeg;12V4000M70;78;120;XS526040.00011;CYLINDER HEAD;nan;48,500 kg;SI;EX52904100397;EX52404100028;ok;importar;import_superseded;relacion superseded clara;import_superseded;relacion superseded clara;engine_12V4000M70.json;1900373;78;EX52404100028;CYLINDER HEAD;nan;48,500 kg;SI;Superseded;EX52904100397;EX52404100028;ok;importar;yes
X52404100144;CYLINDER HEAD;x52404100144;publish;"Engine: 12V4000M70
Part Number: X52404100144
Designation: CYLINDER HEAD
Measurement: 
Weight: 49,000 kg
Source Page: 79
BOM: X52404100028
Substitution Status: SI
New Part Number: EX52904100397
Superseded List: X52404100144";CYLINDER HEAD;;12VM70-41;12V4000M70, Superseded, importar;simple;https://milu-naval.mystagingwebsite.com/wp-content/uploads/2026/01/sin_imagen.jpeg;12V4000M70;79;5;X52404100028;CYLINDER HEAD;;49,000 kg;SI;EX52904100397;X52404100144;ok;importar;import_superseded;conflictos detectados: weight_conflict | relacion superseded clara;import_superseded;conflictos detectados: weight_conflict | relacion superseded clara;engine_12V4000M70.json;1900388;79;X52404100144;CYLINDER HEAD;;49,000 kg;SI;Superseded;EX52904100397;X52404100144;ok;importar;yes
EX52407500039;INJECTOR;ex52407500039;publish;"Engine: 12V4000M70
Part Number: EX52407500039
Designation: INJECTOR
Measurement: nan
Weight: 1,900 kg
Source Page: 102
BOM: 070.00122
Substitution Status: SI
New Part Number: EX52407500050
Superseded List: EX52407500039";INJECTOR;;12VM70-75;12V4000M70, Superseded, importar;simple;https://milu-naval.mystagingwebsite.com/wp-content/uploads/2026/01/sin_imagen.jpeg;12V4000M70;102;20;070.00122;INJECTOR;nan;1,900 kg;SI;EX52407500050;EX52407500039;ok;importar;import_superseded;relacion superseded clara;import_superseded;relacion superseded clara;engine_12V4000M70.json;1900486;102;EX52407500039;INJECTOR;nan;1,900 kg;SI;Superseded;EX52407500050;EX52407500039;ok;importar;yes
RX52407500039;INJECTOR;rx52407500039;publish;"Engine: 12V4000M70
Part Number: RX52407500039
Designation: INJECTOR
Measurement: nan
Weight: 1,900 kg
Source Page: 102
BOM: 070.00122
Substitution Status: SI
New Part Number: RX52407500050
Superseded List: X52407500039";INJECTOR;;12VM70-75;12V4000M70, Superseded, importar;simple;https://milu-naval.mystagingwebsite.com/wp-content/uploads/2026/01/sin_imagen.jpeg;12V4000M70;102;25;070.00122;INJECTOR;nan;1,900 kg;SI;RX52407500050;X52407500039;ok;importar;import_superseded;relacion superseded clara;import_superseded;relacion superseded clara;engine_12V4000M70.json;1900487;102;RX52407500039;INJECTOR;nan;1,900 kg;SI;Superseded;RX52407500050;X52407500039;ok;importar;yes
X52407500039;INJECTOR;x52407500039;publish;"Engine: 12V4000M70
Part Number: X52407500039
Designation: INJECTOR
Measurement: nan
Weight: 1,900 kg
Source Page: 102
BOM: 070.00122
Substitution Status: SI
New Part Number: EX52407500050
Superseded List: X52407500039";INJECTOR;;12VM70-75;12V4000M70, Superseded, importar;simple;https://milu-naval.mystagingwebsite.com/wp-content/uploads/2026/01/sin_imagen.jpeg;12V4000M70;102;5;070.00122;INJECTOR;nan;1,900 kg;SI;EX52407500050;X52407500039;ok;importar;import_superseded;relacion superseded clara;import_superseded;relacion superseded clara;engine_12V4000M70.json;1900488;102;X52407500039;INJECTOR;nan;1,900 kg;SI;Superseded;EX52407500050;X52407500039;ok;importar;yes
Z=30560;SCREW;z-30560;publish;"Engine: 12V4000M70
Part Number: Z=30560
Designation: SCREW
Measurement: 
Weight: 
Source Page: 121
BOM: 0010928801
Substitution Status: SI
New Part Number: X00038018
Superseded List: Z=30560";SCREW;;12VM70-81;12V4000M70, Superseded, importar;simple;https://milu-naval.mystagingwebsite.com/wp-content/uploads/2026/01/sin_imagen.jpeg;12V4000M70;121;80;0010928801;SCREW;;;SI;X00038018;Z=30560;ok;importar;import_superseded;relacion superseded clara;import_superseded;relacion superseded clara;engine_12V4000M70.json;1900711;121;Z=30560;SCREW;;;SI;Superseded;X00038018;Z=30560;ok;importar;yes
0005353703;LEVEL MONITOR;0005353703;publish;"Engine: 12V4000M70
Part Number: 0005353703
Designation: LEVEL MONITOR
Measurement: 
Weight: 185,000 g
Source Page: 121
BOM: 0010928801
Substitution Status: SI
New Part Number: X00E50203662
Superseded List: 0005353703";LEVEL MONITOR;;12VM70-81;12V4000M70, Superseded, importar;simple;https://milu-naval.mystagingwebsite.com/wp-content/uploads/2026/01/sin_imagen.jpeg;12V4000M70;121;95;0010928801;LEVEL MONITOR;;185,000 g;SI;X00E50203662;0005353703;ok;importar;import_superseded;relacion superseded clara;import_superseded;relacion superseded clara;engine_12V4000M70.json;1900714;121;0005353703;LEVEL MONITOR;;185,000 g;SI;Superseded;X00E50203662;0005353703;ok;importar;yes
X52610100074;EXHAUST TURBOCHARGER RIGHT SIDE;x52610100074;publish;"Engine: 12V4000M70
Part Number: X52610100074
Designation: EXHAUST TURBOCHARGER RIGHT SIDE
Measurement: nan
Weight: nan
Source Page: 129
BOM: XS526100.00019
Substitution Status: SI
New Part Number: EX52610100074
Superseded List: X52610100074";EXHAUST TURBOCHARGER RIGHT SIDE;;12VM70-100;12V4000M70, Superseded, importar;simple;https://milu-naval.mystagingwebsite.com/wp-content/uploads/2026/01/sin_imagen.jpeg;12V4000M70;129;100;XS526100.00019;EXHAUST TURBOCHARGER RIGHT SIDE;nan;nan;SI;EX52610100074;X52610100074;ok;importar;import_superseded;relacion superseded clara;import_superseded;relacion superseded clara;engine_12V4000M70.json;1900753;129;X52610100074;EXHAUST TURBOCHARGER RIGHT SIDE;nan;nan;SI;Superseded;EX52610100074;X52610100074;ok;importar;yes
X52610100073;EXHAUST TURBOCHARGER LEFT SIDE;x52610100073;publish;"Engine: 12V4000M70
Part Number: X52610100073
Designation: EXHAUST TURBOCHARGER LEFT SIDE
Measurement: nan
Weight: nan
Source Page: 129
BOM: XS526100.00019
Substitution Status: SI
New Part Number: EX52610100073
Superseded List: X52610100073";EXHAUST TURBOCHARGER LEFT SIDE;;12VM70-100;12V4000M70, Superseded, importar;simple;https://milu-naval.mystagingwebsite.com/wp-content/uploads/2026/01/sin_imagen.jpeg;12V4000M70;129;50;XS526100.00019;EXHAUST TURBOCHARGER LEFT SIDE;nan;nan;SI;EX52610100073;X52610100073;ok;importar;import_superseded;relacion superseded clara;import_superseded;relacion superseded clara;engine_12V4000M70.json;1900761;129;X52610100073;EXHAUST TURBOCHARGER LEFT SIDE;nan;nan;SI;Superseded;EX52610100073;X52610100073;ok;importar;yes
5260980520/31;COOLER CHARGE;5260980520-31;publish;"Engine: 12V4000M70
Part Number: 5260980520/31
Designation: COOLER CHARGE
Measurement: 
Weight: 117,000 kg
Source Page: 138
BOM: XS526110.00007
Substitution Status: SI
New Part Number: X52611100021/31
Superseded List: 5260980520/31";COOLER CHARGE;;12VM70-110;12V4000M70, Superseded, importar;simple;https://milu-naval.mystagingwebsite.com/wp-content/uploads/2026/01/sin_imagen.jpeg;12V4000M70;138;150;XS526110.00007;COOLER CHARGE;;117,000 kg;SI;X52611100021/31;5260980520/31;ok;importar;import_superseded;relacion superseded clara;import_superseded;relacion superseded clara;engine_12V4000M70.json;1900860;138;5260980520/31;COOLER CHARGE;;117,000 kg;SI;Superseded;X52611100021/31;5260980520/31;ok;importar;yes
5260980420/31;COOLER CHARGE AIR B-BANK RB;5260980420-31;publish;"Engine: 12V4000M70
Part Number: 5260980420/31
Designation: COOLER CHARGE AIR B-BANK RB
Measurement: nan
Weight: nan
Source Page: 139
BOM: XS526110.00007
Substitution Status: SI
New Part Number: X52611300033/31
Superseded List: 5260980420/31";COOLER CHARGE AIR B-BANK RB;;12VM70-110;12V4000M70, Superseded, importar;simple;https://milu-naval.mystagingwebsite.com/wp-content/uploads/2026/01/sin_imagen.jpeg;12V4000M70;139;2250;XS526110.00007;COOLER CHARGE AIR B-BANK RB;nan;nan;SI;X52611300033/31;5260980420/31;ok;importar;import_superseded;relacion superseded clara;import_superseded;relacion superseded clara;engine_12V4000M70.json;1900885;139;5260980420/31;COOLER CHARGE AIR B-BANK RB;nan;nan;SI;Superseded;X52611300033/31;5260980420/31;ok;importar;yes
5240901617;HOUSING ASM INTAKE A -BANK;5240901617;publish;"Engine: 12V4000M70
Part Number: 5240901617
Designation: HOUSING ASM INTAKE A -BANK
Measurement: nan
Weight: 7.8 KGM
Source Page: 151
BOM: 120.00087
Substitution Status: SI
New Part Number: X52612300008
Superseded List: 5240901617";HOUSING ASM INTAKE A -BANK;;12VM70-123;12V4000M70, Superseded, importar;simple;https://milu-naval.mystagingwebsite.com/wp-content/uploads/2026/01/sin_imagen.jpeg;12V4000M70;151;20;120.00087;HOUSING ASM INTAKE A -BANK;nan;7.8 KGM;SI;X52612300008;5240901617;ok;importar;import_superseded;ya existe en WordPress/product-export | relacion superseded clara;import_superseded;ya existe en WordPress/product-export | relacion superseded clara;engine_12V4000M70.json;1900921;151;5240901617;HOUSING ASM INTAKE A -BANK;nan;7.8 KGM;SI;Superseded;X52612300008;5240901617;ok;importar;yes
5240901517;INTAKE HOUSING;5240901517;publish;"Engine: 12V4000M70
Part Number: 5240901517
Designation: INTAKE HOUSING
Measurement: nan
Weight: nan
Source Page: 154
BOM: X00014143
Substitution Status: SI
New Part Number: X00014139
Superseded List: 5240901517";INTAKE HOUSING;;12VM70-123;12V4000M70, Superseded, importar;simple;https://milu-naval.mystagingwebsite.com/wp-content/uploads/2026/01/sin_imagen.jpeg;12V4000M70;154;10;X00014143;INTAKE HOUSING;nan;nan;SI;X00014139;5240901517;ok;importar;import_superseded;conflictos detectados: designation_conflict, weight_conflict | relacion superseded clara;import_superseded;conflictos detectados: designation_conflict, weight_conflict | relacion superseded clara;engine_12V4000M70.json;1900945;154;5240901517;INTAKE HOUSING;nan;nan;SI;Superseded;X00014139;5240901517;ok;importar;yes
000988020019;RING SHIM;000988020019;publish;"Engine: 12V4000M70
Part Number: 000988020019
Designation: RING SHIM
Measurement: 20 X 28 X 2
Weight: 0.001 KGM
Source Page: 154
BOM: X00014143
Substitution Status: SI
New Part Number: X56999100096
Superseded List: 000988020019";RING SHIM;;12VM70-123;12V4000M70, Superseded, importar;simple;https://milu-naval.mystagingwebsite.com/wp-content/uploads/2026/01/sin_imagen.jpeg;12V4000M70;154;80;X00014143;RING SHIM;20 X 28 X 2;0.001 KGM;SI;X56999100096;000988020019;ok;importar;import_superseded;relacion superseded clara;import_superseded;relacion superseded clara;engine_12V4000M70.json;1900968;154;000988020019;RING SHIM;20 X 28 X 2;0.001 KGM;SI;Superseded;X56999100096;000988020019;ok;importar;yes
5360980118;ACTUATING CYLINDER BR2000 1;5360980118;publish;"Engine: 12V4000M70
Part Number: 5360980118
Designation: ACTUATING CYLINDER BR2000 1
Measurement: nan
Weight: nan
Source Page: 157
BOM: 5360980218
Substitution Status: SI
New Part Number: 5360980218
Superseded List: 5360980118";ACTUATING CYLINDER BR2000 1;;12VM70-123;12V4000M70, Superseded, importar;simple;https://milu-naval.mystagingwebsite.com/wp-content/uploads/2026/01/sin_imagen.jpeg;12V4000M70;157;10;5360980218;ACTUATING CYLINDER BR2000 1;nan;nan;SI;5360980218;5360980118;ok;importar;import_superseded;conflictos detectados: designation_conflict | ya existe en WordPress/product-export | relacion superseded clara;import_superseded;conflictos detectados: designation_conflict | ya existe en WordPress/product-export | relacion superseded clara;engine_12V4000M70.json;1900981;157;5360980118;ACTUATING CYLINDER BR2000 1;nan;nan;SI;Superseded;5360980218;5360980118;ok;importar;yes
0001400182;BELLOWS TURBO EXHAUS T TUBE;0001400182;publish;"Engine: 16V4000M90
Part Number: 0001400182
Designation: BELLOWS TURBO EXHAUS T TUBE
Measurement: 
Weight: 
Source Page: 172
BOM: 140.00036
Substitution Status: SI
New Part Number: 0001400182/87
Superseded List: 0001400182";BELLOWS TURBO EXHAUS T TUBE;;16VM90-146;16V4000M90, Superseded, importar;simple;https://milu-naval.mystagingwebsite.com/wp-content/uploads/2026/02/16V4000M90-0172-01-15.webp;16V4000M90;172;15;140.00036;BELLOWS TURBO EXHAUS T TUBE;;;SI;0001400182/87;0001400182;ok;importar;import_superseded;acciones QA contradictorias para el mismo PN | estado QA requiere revision manual | conflictos detectados: designation_conflict | relacion superseded clara;import_superseded;acciones QA contradictorias para el mismo PN | estado QA requiere revision manual | conflictos detectados: designation_conflict | relacion superseded clara;engine_16V4000M90.json;1601180;172;0001400182;BELLOWS TURBO EXHAUS T TUBE;;;SI;Superseded;0001400182/87;0001400182;ok;importar;yes
X52617300001;STARTER AIR LEFT SIDE;x52617300001;publish;"Engine: 16V4000M73
Part Number: X52617300001
Designation: STARTER AIR LEFT SIDE
Measurement: 
Weight: 24.540 kg
Source Page: 197
BOM: 170.00142
Substitution Status: SI
New Part Number: EX52617300001
Superseded List: X52617300001";STARTER AIR LEFT SIDE;;16VM73-173;16V4000M73, Superseded, importar;simple;https://milu-naval.mystagingwebsite.com/wp-content/uploads/2026/02/16V4000M73-0197-01-25.webp;16V4000M73;197;25;170.00142;STARTER AIR LEFT SIDE;;24.540 kg;SI;EX52617300001;X52617300001;ok;importar;import_superseded;acciones QA contradictorias para el mismo PN | estado QA requiere revision manual | conflictos detectados: designation_conflict, weight_conflict | relacion superseded clara;import_superseded;acciones QA contradictorias para el mismo PN | estado QA requiere revision manual | conflictos detectados: designation_conflict, weight_conflict | relacion superseded clara;engine_16V4000M73.json;1401365;197;X52617300001;STARTER AIR LEFT SIDE;;24.540 kg;SI;Superseded;EX52617300001;X52617300001;ok;importar;yes
Z=9-91224;BALL BEARING;z-9-91224;publish;"Engine: 12V4000M70
Part Number: Z=9-91224
Designation: BALL BEARING
Measurement: 
Weight: 
Source Page: 198
BOM: X52617300001
Substitution Status: SI
New Part Number: XP52717300062
Superseded List: Z=9-91224";BALL BEARING;;12VM70-173;12V4000M70, Superseded, importar;simple;https://milu-naval.mystagingwebsite.com/wp-content/uploads/2026/01/sin_imagen.jpeg;12V4000M70;198;80;X52617300001;BALL BEARING;;;SI;XP52717300062;Z=9-91224;ok;importar;import_superseded;relacion superseded clara;import_superseded;relacion superseded clara;engine_12V4000M70.json;1901313;198;Z=9-91224;BALL BEARING;;;SI;Superseded;XP52717300062;Z=9-91224;ok;importar;yes
5281700102;VALVE AIR STARTER 1;5281700102;publish;"Engine: 12V4000M70
Part Number: 5281700102
Designation: VALVE AIR STARTER 1
Measurement: nan
Weight: nan
Source Page: 200
BOM: 170.00143
Substitution Status: SI
New Part Number: X52417100002
Superseded List: 5281700102";VALVE AIR STARTER 1;;12VM70-173;12V4000M70, Superseded, importar;simple;https://milu-naval.mystagingwebsite.com/wp-content/uploads/2026/01/sin_imagen.jpeg;12V4000M70;200;15;170.00143;VALVE AIR STARTER 1;nan;nan;SI;X52417100002;5281700102;ok;importar;import_superseded;conflictos detectados: designation_conflict | relacion superseded clara;import_superseded;conflictos detectados: designation_conflict | relacion superseded clara;engine_12V4000M70.json;1901345;200;5281700102;VALVE AIR STARTER 1;nan;nan;SI;Superseded;X52417100002;5281700102;ok;importar;yes
XP52899100585;VALVE;xp52899100585;publish;"Engine: 12V4000M70
Part Number: XP52899100585
Designation: VALVE
Measurement: nan
Weight: nan
Source Page: 201
BOM: 5281700102
Substitution Status: SI
New Part Number: XP52899100719
Superseded List: XP52899100585";VALVE;;12VM70-173;12V4000M70, Superseded, importar;simple;https://milu-naval.mystagingwebsite.com/wp-content/uploads/2026/01/sin_imagen.jpeg;12V4000M70;201;20;5281700102;VALVE;nan;nan;SI;XP52899100719;XP52899100585;ok;importar;import_superseded;relacion superseded clara;import_superseded;relacion superseded clara;engine_12V4000M70.json;1901352;201;XP52899100585;VALVE;nan;nan;SI;Superseded;XP52899100719;XP52899100585;ok;importar;yes
X54823100002;ENGINE SUPPORT;x54823100002;publish;"Engine: 12V4000M70
Part Number: X54823100002
Designation: ENGINE SUPPORT
Measurement: nan
Weight: 7,765 kg
Source Page: 293
BOM: XS527230.00028
Substitution Status: SI
New Part Number: X54823100023
Superseded List: X54823100002";ENGINE SUPPORT;;12VM70-231;12V4000M70, Superseded, importar;simple;https://milu-naval.mystagingwebsite.com/wp-content/uploads/2026/01/sin_imagen.jpeg;12V4000M70;293;10;XS527230.00028;ENGINE SUPPORT;nan;7,765 kg;SI;X54823100023;X54823100002;ok;importar;import_superseded;relacion superseded clara;import_superseded;relacion superseded clara;engine_12V4000M70.json;1902118;293;X54823100002;ENGINE SUPPORT;nan;7,765 kg;SI;Superseded;X54823100023;X54823100002;ok;importar;yes
X00034054;SHIM;x00034054;publish;"Engine: 12V4000M70
Part Number: X00034054
Designation: SHIM
Measurement: 
Weight: 
Source Page: 296
BOM: 0022370912
Substitution Status: SI
New Part Number: 000125013012
Superseded List: X00034054";SHIM;;12VM70-231;12V4000M70, Superseded, importar;simple;https://milu-naval.mystagingwebsite.com/wp-content/uploads/2026/01/sin_imagen.jpeg;12V4000M70;296;110;0022370912;SHIM;;;SI;000125013012;X00034054;ok;importar;import_superseded;conflictos detectados: designation_conflict | relacion superseded clara;import_superseded;conflictos detectados: designation_conflict | relacion superseded clara;engine_12V4000M70.json;1902130;296;X00034054;SHIM;;;SI;Superseded;000125013012;X00034054;ok;importar;yes
000934012021;VPI - HEX NUT;000934012021;publish;"Engine: 12V4000M70
Part Number: 000934012021
Designation: VPI - HEX NUT
Measurement: 
Weight: 
Source Page: 296
BOM: 0022370912
Substitution Status: SI
New Part Number: 000934012008
Superseded List: 000934012021";VPI - HEX NUT;;12VM70-231;12V4000M70, Superseded, importar;simple;https://milu-naval.mystagingwebsite.com/wp-content/uploads/2026/01/sin_imagen.jpeg;12V4000M70;296;120;0022370912;VPI - HEX NUT;;;SI;000934012008;000934012021;ok;importar;import_superseded;ya existe en WordPress/product-export | relacion superseded clara;import_superseded;ya existe en WordPress/product-export | relacion superseded clara;engine_12V4000M70.json;1902131;296;000934012021;VPI - HEX NUT;;;SI;Superseded;000934012008;000934012021;ok;importar;yes
Z=2.201 033;VALVE SEAT 1;z-2-201-033;publish;"Engine: 12V4000M70
Part Number: Z=2.201 033
Designation: VALVE SEAT 1
Measurement: nan
Weight: nan
Source Page: 306
BOM: 0001812398
Substitution Status: SI
New Part Number: Z=152004
Superseded List: Z=2.201 033";VALVE SEAT 1;;12VM70-241;12V4000M70, Superseded, importar;simple;https://milu-naval.mystagingwebsite.com/wp-content/uploads/2026/01/sin_imagen.jpeg;12V4000M70;306;40;0001812398;VALVE SEAT 1;nan;nan;SI;Z=152004;Z=2.201 033;ok;importar;import_superseded;conflictos detectados: designation_conflict | relacion superseded clara;import_superseded;conflictos detectados: designation_conflict | relacion superseded clara;engine_12V4000M70.json;1902183;306;Z=2.201 033;VALVE SEAT 1;nan;nan;SI;Superseded;Z=152004;Z=2.201 033;ok;importar;yes
0065313225;CAPACITOR;0065313225;publish;"Engine: 12V4000M70
Part Number: 0065313225
Designation: CAPACITOR
Measurement: 
Weight: 2,000 g
Source Page: 343
BOM: X00E50206616
Substitution Status: SI
New Part Number: X00E50211550
Superseded List: 0065313225";CAPACITOR;;12VM70-507;12V4000M70, Superseded, importar;simple;https://milu-naval.mystagingwebsite.com/wp-content/uploads/2026/01/sin_imagen.jpeg;12V4000M70;343;115;X00E50206616;CAPACITOR;;2,000 g;SI;X00E50211550;0065313225;ok;importar;import_superseded;relacion superseded clara;import_superseded;relacion superseded clara;engine_12V4000M70.json;1902403;343;0065313225;CAPACITOR;;2,000 g;SI;Superseded;X00E50211550;0065313225;ok;importar;yes
X00E50206616/76;GOVERNOR NOT ADJUSTED;x00e50206616-76;publish;"Engine: 16V4000M61
Part Number: X00E50206616/76
Designation: GOVERNOR NOT ADJUSTED
Measurement: ECU4-07
Weight: 6,860 KG
Source Page: 363
BOM: X00E50206616
Substitution Status: SI
New Part Number: EX00E50211110/76
Superseded List: X00E50206616/76";GOVERNOR NOT ADJUSTED;;16VM61-507;16V4000M61, Superseded, importar;simple;https://milu-naval.mystagingwebsite.com/wp-content/uploads/2026/02/16V4000M61-0362-02-290.webp;16V4000M61;363;290;X00E50206616;GOVERNOR NOT ADJUSTED;ECU4-07;6,860 KG;SI;EX00E50211110/76;X00E50206616/76;ok;importar;import_superseded;conflictos detectados: weight_conflict | relacion superseded clara;import_superseded;conflictos detectados: weight_conflict | relacion superseded clara;engine_16V4000M61.json;1302299;363;X00E50206616/76;GOVERNOR NOT ADJUSTED;ECU4-07;6,860 KG;SI;Superseded;EX00E50211110/76;X00E50206616/76;ok;importar;yes
X00E50206616/77;GOVERNOR ADJUSTED;x00e50206616-77;publish;"Engine: 12V4000M70
Part Number: X00E50206616/77
Designation: GOVERNOR ADJUSTED
Measurement: 
Weight: 5,000 kg
Source Page: 343
BOM: X00E50206616
Substitution Status: SI
New Part Number: EX00E50211110/76
Superseded List: X00E50206616/77";GOVERNOR ADJUSTED;;12VM70-507;12V4000M70, Superseded, importar;simple;https://milu-naval.mystagingwebsite.com/wp-content/uploads/2026/01/sin_imagen.jpeg;12V4000M70;343;300;X00E50206616;GOVERNOR ADJUSTED;;5,000 kg;SI;EX00E50211110/76;X00E50206616/77;ok;importar;import_superseded;relacion superseded clara;import_superseded;relacion superseded clara;engine_12V4000M70.json;1902420;343;X00E50206616/77;GOVERNOR ADJUSTED;;5,000 kg;SI;Superseded;EX00E50211110/76;X00E50206616/77;ok;importar;yes
X00E50209351/S0001;ENGINE MONITORING EMU1-01/;x00e50209351-s0001;publish;"Engine: 12V4000M70
Part Number: X00E50209351/S0001
Designation: ENGINE MONITORING EMU1-01/
Measurement: EMU1-01/D
Weight: 3,289 kg
Source Page: 346
BOM: 510.00392
Substitution Status: SI
New Part Number: X00E50210456/S0001
Superseded List: X00E50209351/S0001";ENGINE MONITORING EMU1-01/;;12VM70-508;12V4000M70, Superseded, revisar;simple;https://milu-naval.mystagingwebsite.com/wp-content/uploads/2026/01/sin_imagen.jpeg;12V4000M70;346;95;510.00392;ENGINE MONITORING EMU1-01/;EMU1-01/D;3,289 kg;SI;X00E50210456/S0001;X00E50209351/S0001;pendiente;revisar;import_superseded;estado QA requiere revision manual | relacion superseded clara;import_superseded;estado QA requiere revision manual | relacion superseded clara;engine_12V4000M70.json;1902433;346;X00E50209351/S0001;ENGINE MONITORING EMU1-01/;EMU1-01/D;3,289 kg;SI;Superseded;X00E50210456/S0001;X00E50209351/S0001;pendiente;revisar;yes
X52617300002;STARTER AIR RI;x52617300002;publish;"Engine: 12V4000M70
Part Number: X52617300002
Designation: STARTER AIR RI
Measurement: 
Weight: 24,540 kg
Source Page: 536
BOM: 170.00145
Substitution Status: SI
New Part Number: EX52617300002
Superseded List: X52617300002";STARTER AIR RI;;12VM70-173;12V4000M70, Superseded, revisar;simple;https://milu-naval.mystagingwebsite.com/wp-content/uploads/2026/01/sin_imagen.jpeg;12V4000M70;536;nan;170.00145;STARTER AIR RI;;24,540 kg;SI;EX52617300002;X52617300002;pendiente;revisar;import_superseded;estado QA requiere revision manual | relacion superseded clara;import_superseded;estado QA requiere revision manual | relacion superseded clara;engine_12V4000M70.json;1903731;536;X52617300002;STARTER AIR RI;;24,540 kg;SI;Superseded;EX52617300002;X52617300002;pendiente;revisar;yes
X00E50206571/S0001;PLUG-IN BOARD;x00e50206571-s0001;publish;"Engine: 12V4000M70
Part Number: X00E50206571/S0001
Designation: PLUG-IN BOARD
Measurement: nan
Weight: 159,000 g
Source Page: 718
BOM: X00021242
Substitution Status: SI
New Part Number: X00E50209986/S0001
Superseded List: X00E50206571/S0001";PLUG-IN BOARD;;12VM70-342;12V4000M70, Superseded, importar;simple;https://milu-naval.mystagingwebsite.com/wp-content/uploads/2026/01/sin_imagen.jpeg;12V4000M70;718;305;X00021242;PLUG-IN BOARD;nan;159,000 g;SI;X00E50209986/S0001;X00E50206571/S0001;ok;importar;import_superseded;acciones QA contradictorias para el mismo PN | estado QA requiere revision manual | conflictos detectados: measure_conflict, weight_conflict | relacion superseded clara;import_superseded;acciones QA contradictorias para el mismo PN | estado QA requiere revision manual | conflictos detectados: measure_conflict, weight_conflict | relacion superseded clara;engine_12V4000M70.json;1904942;718;X00E50206571/S0001;PLUG-IN BOARD;nan;159,000 g;SI;Superseded;X00E50209986/S0001;X00E50206571/S0001;ok;importar;yes
5045300897;PLUG-IN BOARD;5045300897;publish;"Engine: 12V4000M70
Part Number: 5045300897
Designation: PLUG-IN BOARD
Measurement: nan
Weight: 27,000 g
Source Page: 718
BOM: X00021242
Substitution Status: SI
New Part Number: 5045300897/78
Superseded List: 5045300897";PLUG-IN BOARD;;12VM70-342;12V4000M70, Superseded, importar;simple;https://milu-naval.mystagingwebsite.com/wp-content/uploads/2026/01/sin_imagen.jpeg;12V4000M70;718;335;X00021242;PLUG-IN BOARD;nan;27,000 g;SI;5045300897/78;5045300897;ok;importar;import_superseded;acciones QA contradictorias para el mismo PN | estado QA requiere revision manual | conflictos detectados: designation_conflict, measure_conflict, weight_conflict | relacion superseded clara;import_superseded;acciones QA contradictorias para el mismo PN | estado QA requiere revision manual | conflictos detectados: designation_conflict, measure_conflict, weight_conflict | relacion superseded clara;engine_12V4000M70.json;1904944;718;5045300897;PLUG-IN BOARD;nan;27,000 g;SI;Superseded;5045300897/78;5045300897;ok;importar;yes
X00E50209721;PLUG-IN BOARD;x00e50209721;publish;"Engine: 12V4000M70
Part Number: X00E50209721
Designation: PLUG-IN BOARD
Measurement: nan
Weight: 30,000 g
Source Page: 718
BOM: X00021242
Substitution Status: SI
New Part Number: X00E50209721/78
Superseded List: X00E50209721";PLUG-IN BOARD;;12VM70-342;12V4000M70, Superseded, importar;simple;https://milu-naval.mystagingwebsite.com/wp-content/uploads/2026/01/sin_imagen.jpeg;12V4000M70;718;345;X00021242;PLUG-IN BOARD;nan;30,000 g;SI;X00E50209721/78;X00E50209721;ok;importar;import_superseded;relacion superseded clara;import_superseded;relacion superseded clara;engine_12V4000M70.json;1904945;718;X00E50209721;PLUG-IN BOARD;nan;30,000 g;SI;Superseded;X00E50209721/78;X00E50209721;ok;importar;yes
B00E50202739;HOUSING WITHOUT INTERLOCK;b00e50202739;publish;"Engine: 12V4000M70
Part Number: B00E50202739
Designation: HOUSING WITHOUT INTERLOCK
Measurement: 
Weight: 1,347 g
Source Page: 735
BOM: X00015431
Substitution Status: SI
New Part Number: X00E50200176
Superseded List: B00E50202739";HOUSING WITHOUT INTERLOCK;;12VM70-511;12V4000M70, Superseded, importar;simple;https://milu-naval.mystagingwebsite.com/wp-content/uploads/2026/01/sin_imagen.jpeg;12V4000M70;735;105;X00015431;HOUSING WITHOUT INTERLOCK;;1,347 g;SI;X00E50200176;B00E50202739;ok;importar;import_superseded;ya existe en WordPress/product-export | relacion superseded clara;import_superseded;ya existe en WordPress/product-export | relacion superseded clara;engine_12V4000M70.json;1904969;735;B00E50202739;HOUSING WITHOUT INTERLOCK;;1,347 g;SI;Superseded;X00E50200176;B00E50202739;ok;importar;yes
5275303413;PLUG-IN BOARD;5275303413;publish;"Engine: 16V4000M61
Part Number: 5275303413
Designation: PLUG-IN BOARD
Measurement: LMB4-01,
Weight: 539 G
Source Page: 377
BOM: X00E50205154
Substitution Status: SI
New Part Number: X00E50209050
Superseded List: 5275303413";PLUG-IN BOARD;;16VM61-508;16V4000M61, Superseded, importar;simple;https://milu-naval.mystagingwebsite.com/wp-content/uploads/2026/01/sin_imagen.jpeg;16V4000M61;377;45;X00E50205154;PLUG-IN BOARD;LMB4-01,;539 G;SI;X00E50209050;5275303413;ok;importar;import_superseded;conflictos detectados: weight_conflict | relacion superseded clara;import_superseded;conflictos detectados: weight_conflict | relacion superseded clara;engine_16V4000M61.json;1302374;377;5275303413;PLUG-IN BOARD;LMB4-01,;539 G;SI;Superseded;X00E50209050;5275303413;ok;importar;yes
B00E50202738;HOUSING WITHOUT BASE PLATE SAM1-06;b00e50202738;publish;"Engine: 12V4000M70
Part Number: B00E50202738
Designation: HOUSING WITHOUT BASE PLATE SAM1-06
Measurement: 
Weight: 700,000 g
Source Page: 741
BOM: B00E50202739
Substitution Status: SI
New Part Number: X00E50200176
Superseded List: B00E50202738";HOUSING WITHOUT BASE PLATE SAM1-06;;12VM70-511;12V4000M70, Superseded, importar;simple;https://milu-naval.mystagingwebsite.com/wp-content/uploads/2026/01/sin_imagen.jpeg;12V4000M70;741;80;B00E50202739;HOUSING WITHOUT BASE PLATE SAM1-06;;700,000 g;SI;X00E50200176;B00E50202738;ok;importar;import_superseded;ya existe en WordPress/product-export | relacion superseded clara;import_superseded;ya existe en WordPress/product-export | relacion superseded clara;engine_12V4000M70.json;1905021;741;B00E50202738;HOUSING WITHOUT BASE PLATE SAM1-06;;700,000 g;SI;Superseded;X00E50200176;B00E50202738;ok;importar;yes
5295300413;PLUG-IN BOARD;5295300413;publish;"Engine: 12V4000M70
Part Number: 5295300413
Designation: PLUG-IN BOARD
Measurement: nan
Weight: 50,000 g
Source Page: 744
BOM: X00015434
Substitution Status: SI
New Part Number: 5295300413/78
Superseded List: 5295300413";PLUG-IN BOARD;;12VM70-511;12V4000M70, Superseded, importar;simple;https://milu-naval.mystagingwebsite.com/wp-content/uploads/2026/01/sin_imagen.jpeg;12V4000M70;744;70;X00015434;PLUG-IN BOARD;nan;50,000 g;SI;5295300413/78;5295300413;ok;importar;import_superseded;conflictos detectados: weight_conflict | relacion superseded clara;import_superseded;conflictos detectados: weight_conflict | relacion superseded clara;engine_12V4000M70.json;1905035;744;5295300413;PLUG-IN BOARD;nan;50,000 g;SI;Superseded;5295300413/78;5295300413;ok;importar;yes
X00011606;SOCKET-TERMINL STRIP;x00011606;publish;"Engine: 12V4000M70
Part Number: X00011606
Designation: SOCKET-TERMINL STRIP
Measurement: 54X13,5X18,6, 12
Weight: 13,000 g AB
Source Page: 748
BOM: X00015442
Substitution Status: SI
New Part Number: X00E50211975
Superseded List: X00011606";SOCKET-TERMINL STRIP;;12VM70-511;12V4000M70, Superseded, importar;simple;https://milu-naval.mystagingwebsite.com/wp-content/uploads/2026/01/sin_imagen.jpeg;12V4000M70;748;nan;X00015442;SOCKET-TERMINL STRIP;54X13,5X18,6, 12;13,000 g AB;SI;X00E50211975;X00011606;ok;importar;import_superseded;conflictos detectados: measure_conflict | relacion superseded clara;import_superseded;conflictos detectados: measure_conflict | relacion superseded clara;engine_12V4000M70.json;1905049;748;X00011606;SOCKET-TERMINL STRIP;54X13,5X18,6, 12;13,000 g AB;SI;Superseded;X00E50211975;X00011606;ok;importar;yes
X00010351;CONTROL CONSOLE IN ENGINE ROOM;x00010351;publish;"Engine: 12V4000M70
Part Number: X00010351
Designation: CONTROL CONSOLE IN ENGINE ROOM
Measurement: 360 X 270 X 180
Weight: nan
Source Page: 795
BOM: X00010351
Substitution Status: SI
New Part Number: B00E50207363/76
Superseded List: X00010351";CONTROL CONSOLE IN ENGINE ROOM;;12VM70-511;12V4000M70, Superseded, importar;simple;https://milu-naval.mystagingwebsite.com/wp-content/uploads/2026/01/sin_imagen.jpeg;12V4000M70;795;75;X00010351;CONTROL CONSOLE IN ENGINE ROOM;360 X 270 X 180;nan;SI;B00E50207363/76;X00010351;ok;importar;import_superseded;acciones QA contradictorias para el mismo PN | estado QA requiere revision manual | conflictos detectados: designation_conflict, weight_conflict | relacion superseded clara;import_superseded;acciones QA contradictorias para el mismo PN | estado QA requiere revision manual | conflictos detectados: designation_conflict, weight_conflict | relacion superseded clara;engine_12V4000M70.json;1905253;795;X00010351;CONTROL CONSOLE IN ENGINE ROOM;360 X 270 X 180;nan;SI;Superseded;B00E50207363/76;X00010351;ok;importar;yes
X00E50203604/S0002;DISPLAY UNLABELLED;x00e50203604-s0002;publish;"Engine: 16V4000M73L
Part Number: X00E50203604/S0002
Designation: DISPLAY UNLABELLED
Measurement: 360X270X65, DIS13-03,
Weight: 1,880 KG
Source Page: 475
BOM: X00010351
Substitution Status: SI
New Part Number: B00E50207299
Superseded List: X00E50203604/S0002";DISPLAY UNLABELLED;;16VM73L-511;16V4000M73L, Superseded, importar;simple;https://milu-naval.mystagingwebsite.com/wp-content/uploads/2026/01/sin_imagen.jpeg;16V4000M73L;475;325;X00010351;DISPLAY UNLABELLED;360X270X65, DIS13-03,;1,880 KG;SI;B00E50207299;X00E50203604/S0002;ok;importar;import_superseded;conflictos detectados: weight_conflict | relacion superseded clara;import_superseded;conflictos detectados: weight_conflict | relacion superseded clara;engine_16V4000M73L.json;1503133;475;X00E50203604/S0002;DISPLAY UNLABELLED;360X270X65, DIS13-03,;1,880 KG;SI;Superseded;B00E50207299;X00E50203604/S0002;ok;importar;yes
5275308912;PLUG-IN BOARD;5275308912;publish;"Engine: 12V4000M70
Part Number: 5275308912
Designation: PLUG-IN BOARD
Measurement: 
Weight: 17,000 g
Source Page: 797
BOM: X00010351
Substitution Status: SI
New Part Number: 5275308912/76
Superseded List: 5275308912";PLUG-IN BOARD;;12VM70-511;12V4000M70, Superseded, importar;simple;https://milu-naval.mystagingwebsite.com/wp-content/uploads/2026/01/sin_imagen.jpeg;12V4000M70;797;415;X00010351;PLUG-IN BOARD;;17,000 g;SI;5275308912/76;5275308912;ok;importar;import_superseded;conflictos detectados: designation_conflict, weight_conflict | relacion superseded clara;import_superseded;conflictos detectados: designation_conflict, weight_conflict | relacion superseded clara;engine_12V4000M70.json;1905296;797;5275308912;PLUG-IN BOARD;;17,000 g;SI;Superseded;5275308912/76;5275308912;ok;importar;yes
X00E50200228;PLUG-IN BOARD;x00e50200228;publish;"Engine: 16V4000M61
Part Number: X00E50200228
Designation: PLUG-IN BOARD
Measurement: PSB 4-02
Weight: 290 G
Source Page: 405
BOM: X00E50205165
Substitution Status: SI
New Part Number: X00E50209031
Superseded List: X00E50200228";PLUG-IN BOARD;;16VM61-510;16V4000M61, Superseded, importar;simple;https://milu-naval.mystagingwebsite.com/wp-content/uploads/2026/01/sin_imagen.jpeg;16V4000M61;405;425;X00E50205165;PLUG-IN BOARD;PSB 4-02;290 G;SI;X00E50209031;X00E50200228;ok;importar;import_superseded;conflictos detectados: weight_conflict | relacion superseded clara;import_superseded;conflictos detectados: weight_conflict | relacion superseded clara;engine_16V4000M61.json;1302550;405;X00E50200228;PLUG-IN BOARD;PSB 4-02;290 G;SI;Superseded;X00E50209031;X00E50200228;ok;importar;yes
5275302613;PLUG-IN BOARD;5275302613;publish;"Engine: 12V4000M70
Part Number: 5275302613
Designation: PLUG-IN BOARD
Measurement: 
Weight: 100,000 g
Source Page: 797
BOM: X00010351
Substitution Status: SI
New Part Number: X00E50211223
Superseded List: 5275302613";PLUG-IN BOARD;;12VM70-511;12V4000M70, Superseded, importar;simple;https://milu-naval.mystagingwebsite.com/wp-content/uploads/2026/01/sin_imagen.jpeg;12V4000M70;797;435;X00010351;PLUG-IN BOARD;;100,000 g;SI;X00E50211223;5275302613;ok;importar;import_superseded;conflictos detectados: designation_conflict, weight_conflict | relacion superseded clara;import_superseded;conflictos detectados: designation_conflict, weight_conflict | relacion superseded clara;engine_12V4000M70.json;1905298;797;5275302613;PLUG-IN BOARD;;100,000 g;SI;Superseded;X00E50211223;5275302613;ok;importar;yes
5295307212;PLUG-IN BOARD;5295307212;publish;"Engine: 12V4000M70
Part Number: 5295307212
Designation: PLUG-IN BOARD
Measurement: 
Weight: nan
Source Page: 799
BOM: X00E50203604
Substitution Status: SI
New Part Number: 5295307212/76
Superseded List: 5295307212";PLUG-IN BOARD;;12VM70-511;12V4000M70, Superseded, importar;simple;https://milu-naval.mystagingwebsite.com/wp-content/uploads/2026/01/sin_imagen.jpeg;12V4000M70;799;140;X00E50203604;PLUG-IN BOARD;;nan;SI;5295307212/76;5295307212;ok;importar;import_superseded;conflictos detectados: designation_conflict | relacion superseded clara;import_superseded;conflictos detectados: designation_conflict | relacion superseded clara;engine_12V4000M70.json;1905324;799;5295307212;PLUG-IN BOARD;;nan;SI;Superseded;5295307212/76;5295307212;ok;importar;yes
E5270101805;CRANKCASE;e5270101805;publish;"Engine: 16V4000M61
Part Number: E5270101805
Designation: CRANKCASE
Measurement: 
Weight: 2.076 KG
Source Page: 12
BOM: 010.00476
Substitution Status: SI
New Part Number: EX52701100072
Superseded List: E5270101805";CRANKCASE;;16VM61-11;16V4000M61, Superseded, importar;simple;https://milu-naval.mystagingwebsite.com/wp-content/uploads/2026/02/16V4000M61-0011-01-168.webp;16V4000M61;12;168;010.00476;CRANKCASE;;2.076 KG;SI;EX52701100072;E5270101805;ok;importar;import_superseded;conflictos detectados: weight_conflict | relacion superseded clara;import_superseded;conflictos detectados: weight_conflict | relacion superseded clara;engine_16V4000M61.json;1300015;12;E5270101805;CRANKCASE;;2.076 KG;SI;Superseded;EX52701100072;E5270101805;ok;importar;yes
5270101805;BLK;5270101805;publish;"Engine: 16V4000M61
Part Number: 5270101805
Designation: BLK
Measurement: 
Weight: 2.063 KG
Source Page: 12
BOM: 010.00476
Substitution Status: SI
New Part Number: EX52701100072
Superseded List: 5270101805";BLK;;16VM61-11;16V4000M61, Superseded, importar;simple;https://milu-naval.mystagingwebsite.com/wp-content/uploads/2026/02/16V4000M61-0011-01-55.webp;16V4000M61;12;55;010.00476;BLK;;2.063 KG;SI;EX52701100072;5270101805;ok;importar;import_superseded;conflictos detectados: weight_conflict | relacion superseded clara;import_superseded;conflictos detectados: weight_conflict | relacion superseded clara;engine_16V4000M61.json;1300017;12;5270101805;BLK;;2.063 KG;SI;Superseded;EX52701100072;5270101805;ok;importar;yes
X52601100004;COVER ASM OIL FILLER NECK;x52601100004;publish;"Engine: 16V4000M61
Part Number: X52601100004
Designation: COVER ASM OIL FILLER NECK
Measurement: 
Weight: 4,320 KG SB
Source Page: 16
BOM: 010.00002
Substitution Status: SI
New Part Number: X52601100055
Superseded List: X52601100004";COVER ASM OIL FILLER NECK;;16VM61-11;16V4000M61, Superseded, importar;simple;https://milu-naval.mystagingwebsite.com/wp-content/uploads/2026/02/16V4000M61-0016-01-5.webp;16V4000M61;16;5;010.00002;COVER ASM OIL FILLER NECK;;4,320 KG SB;SI;X52601100055;X52601100004;ok;importar;import_superseded;conflictos detectados: designation_conflict | relacion superseded clara;import_superseded;conflictos detectados: designation_conflict | relacion superseded clara;engine_16V4000M61.json;1300049;16;X52601100004;COVER ASM OIL FILLER NECK;;4,320 KG SB;SI;Superseded;X52601100055;X52601100004;ok;importar;yes
5240101672;OIL DIPSTICK;5240101672;publish;"Engine: 16V4000M61
Part Number: 5240101672
Designation: OIL DIPSTICK
Measurement: 
Weight: 0.207 KGM
Source Page: 17
BOM: 010.00022
Substitution Status: SI
New Part Number: X00023282
Superseded List: 5240101672";OIL DIPSTICK;;16VM61-11;16V4000M61, Superseded, importar;simple;https://milu-naval.mystagingwebsite.com/wp-content/uploads/2026/02/16V4000M61-0017-01-30.webp;16V4000M61;17;30;010.00022;OIL DIPSTICK;;0.207 KGM;SI;X00023282;5240101672;ok;importar;import_superseded;relacion superseded clara;import_superseded;relacion superseded clara;engine_16V4000M61.json;1300053;17;5240101672;OIL DIPSTICK;;0.207 KGM;SI;Superseded;X00023282;5240101672;ok;importar;yes
X52701400008;OIL PAN;x52701400008;publish;"Engine: 16V4000M90
Part Number: X52701400008
Designation: OIL PAN
Measurement: 
Weight: 144.000 kg
Source Page: 23
BOM: 010.00059
Substitution Status: SI
New Part Number: X59501400026
Superseded List: X52701400008";OIL PAN;;16VM90-14;16V4000M90, Superseded, importar;simple;https://milu-naval.mystagingwebsite.com/wp-content/uploads/2026/02/16V4000M90-0023-01-25.webp;16V4000M90;23;25;010.00059;OIL PAN;;144.000 kg;SI;X59501400026;X52701400008;ok;importar;import_superseded;relacion superseded clara;import_superseded;relacion superseded clara;engine_16V4000M90.json;1600065;23;X52701400008;OIL PAN;;144.000 kg;SI;Superseded;X59501400026;X52701400008;ok;importar;yes
5270300701/31;CRANKSHAFT;5270300701-31;publish;"Engine: 16V4000M61
Part Number: 5270300701/31
Designation: CRANKSHAFT
Measurement: 
Weight: EM
Source Page: 40
BOM: 030.00022
Substitution Status: SI
New Part Number: E5270300701/31
Superseded List: 5270300701/31";CRANKSHAFT;;16VM61-31;16V4000M61, Superseded, importar;simple;https://milu-naval.mystagingwebsite.com/wp-content/uploads/2026/02/16V4000M61-0040-01-10.webp;16V4000M61;40;10;030.00022;CRANKSHAFT;;EM;SI;E5270300701/31;5270300701/31;ok;importar;import_superseded;relacion superseded clara;import_superseded;relacion superseded clara;engine_16V4000M61.json;1300211;40;5270300701/31;CRANKSHAFT;;EM;SI;Superseded;E5270300701/31;5270300701/31;ok;importar;yes
X52404100028;CYLINDER HEAD W.VALVE + SEAT RING;x52404100028;publish;"Engine: 16V4000M61
Part Number: X52404100028
Designation: CYLINDER HEAD W.VALVE + SEAT RING
Measurement: 
Weight: 
Source Page: 62
BOM: XS527040.00010
Substitution Status: SI
New Part Number: EX52904100397
Superseded List: X52404100028";CYLINDER HEAD W.VALVE + SEAT RING;;16VM61-41;16V4000M61, Superseded, importar;simple;https://milu-naval.mystagingwebsite.com/wp-content/uploads/2026/02/16V4000M61-0062-01-30.webp;16V4000M61;62;30;XS527040.00010;CYLINDER HEAD W.VALVE + SEAT RING;;;SI;EX52904100397;X52404100028;ok;importar;import_superseded;relacion superseded clara;import_superseded;relacion superseded clara;engine_16V4000M61.json;1300354;62;X52404100028;CYLINDER HEAD W.VALVE + SEAT RING;;;SI;Superseded;EX52904100397;X52404100028;ok;importar;yes
5270500101;CAMSHAFT FOR 16V BR4000;5270500101;publish;"Engine: 16V4000M90
Part Number: 5270500101
Designation: CAMSHAFT FOR 16V BR4000
Measurement: 
Weight: 29.500 kg
Source Page: 79
BOM: 050.00027
Substitution Status: SI
New Part Number: X52705100010
Superseded List: 5270500101";CAMSHAFT FOR 16V BR4000;;16VM90-51;16V4000M90, Superseded, importar;simple;https://milu-naval.mystagingwebsite.com/wp-content/uploads/2026/02/16V4000M90-0077-01-25.webp;16V4000M90;79;25;050.00027;CAMSHAFT FOR 16V BR4000;;29.500 kg;SI;X52705100010;5270500101;ok;importar;import_superseded;conflictos detectados: designation_conflict | relacion superseded clara;import_superseded;conflictos detectados: designation_conflict | relacion superseded clara;engine_16V4000M90.json;1600408;79;5270500101;CAMSHAFT FOR 16V BR4000;;29.500 kg;SI;Superseded;X52705100010;5270500101;ok;importar;yes
E5270500101;CAMSHAFT;e5270500101;publish;"Engine: 16V4000M61
Part Number: E5270500101
Designation: CAMSHAFT
Measurement: 
Weight: 
Source Page: 67
BOM: 050.00027
Substitution Status: SI
New Part Number: X52705100010
Superseded List: E5270500101";CAMSHAFT;;16VM61-51;16V4000M61, Superseded, importar;simple;https://milu-naval.mystagingwebsite.com/wp-content/uploads/2026/02/16V4000M61-0065-01-30.webp;16V4000M61;67;30;050.00027;CAMSHAFT;;;SI;X52705100010;E5270500101;ok;importar;import_superseded;relacion superseded clara;import_superseded;relacion superseded clara;engine_16V4000M61.json;1300379;67;E5270500101;CAMSHAFT;;;SI;Superseded;X52705100010;E5270500101;ok;importar;yes
5270510101;CAMSHAFT;5270510101;publish;"Engine: 16V4000M61
Part Number: 5270510101
Designation: CAMSHAFT
Measurement: 
Weight: 
Source Page: 68
BOM: 5270500101
Substitution Status: SI
New Part Number: X52705100010
Superseded List: 5270510101";CAMSHAFT;;16VM61-51;16V4000M61, Superseded, importar;simple;https://milu-naval.mystagingwebsite.com/wp-content/uploads/2026/02/16V4000M61-0068-01-5.webp;16V4000M61;68;5;5270500101;CAMSHAFT;;;SI;X52705100010;5270510101;ok;importar;import_superseded;relacion superseded clara;import_superseded;relacion superseded clara;engine_16V4000M61.json;1300389;68;5270510101;CAMSHAFT;;;SI;Superseded;X52705100010;5270510101;ok;importar;yes
X00018636;RKR ARM ASM;x00018636;publish;"Engine: 16V4000M61
Part Number: X00018636
Designation: RKR ARM ASM
Measurement: 
Weight: 6,470 KG
Source Page: 70
BOM: X00019294
Substitution Status: SI
New Part Number: X52405500216
Superseded List: X00018636";RKR ARM ASM;;16VM61-55;16V4000M61, Superseded, importar;simple;https://milu-naval.mystagingwebsite.com/wp-content/uploads/2026/02/16V4000M61-0070-01-100.webp;16V4000M61;70;100;X00019294;RKR ARM ASM;;6,470 KG;SI;X52405500216;X00018636;ok;importar;import_superseded;acciones QA contradictorias para el mismo PN | estado QA requiere revision manual | conflictos detectados: designation_conflict, weight_conflict | relacion superseded clara;import_superseded;acciones QA contradictorias para el mismo PN | estado QA requiere revision manual | conflictos detectados: designation_conflict, weight_conflict | relacion superseded clara;engine_16V4000M61.json;1300390;70;X00018636;RKR ARM ASM;;6,470 KG;SI;Superseded;X52405500216;X00018636;ok;importar;yes
5240500933;RKR ARM ASM INTAKE GEN SET G23;5240500933;publish;"Engine: 16V4000M61
Part Number: 5240500933
Designation: RKR ARM ASM INTAKE GEN SET G23
Measurement: 
Weight: 
Source Page: 74
BOM: X00018636
Substitution Status: SI
New Part Number: X52405500214
Superseded List: 5240500933";RKR ARM ASM INTAKE GEN SET G23;;16VM61-55;16V4000M61, Superseded, importar;simple;https://milu-naval.mystagingwebsite.com/wp-content/uploads/2026/02/16V4000M61-0074-01-100.webp;16V4000M61;74;100;X00018636;RKR ARM ASM INTAKE GEN SET G23;;;SI;X52405500214;5240500933;ok;importar;import_superseded;conflictos detectados: designation_conflict | relacion superseded clara;import_superseded;conflictos detectados: designation_conflict | relacion superseded clara;engine_16V4000M61.json;1300408;74;5240500933;RKR ARM ASM INTAKE GEN SET G23;;;SI;Superseded;X52405500214;5240500933;ok;importar;yes
X00018621;R/SHFT SUPT;x00018621;publish;"Engine: 16V4000M61
Part Number: X00018621
Designation: R/SHFT SUPT
Measurement: 
Weight: 3,600 KG
Source Page: 74
BOM: X00018636
Substitution Status: SI
New Part Number: X52405500217
Superseded List: X00018621";R/SHFT SUPT;;16VM61-55;16V4000M61, Superseded, importar;simple;https://milu-naval.mystagingwebsite.com/wp-content/uploads/2026/02/16V4000M61-0074-01-50.webp;16V4000M61;74;50;X00018636;R/SHFT SUPT;;3,600 KG;SI;X52405500217;X00018621;ok;importar;import_superseded;conflictos detectados: weight_conflict | relacion superseded clara;import_superseded;conflictos detectados: weight_conflict | relacion superseded clara;engine_16V4000M61.json;1300415;74;X00018621;R/SHFT SUPT;;3,600 KG;SI;Superseded;X52405500217;X00018621;ok;importar;yes
X00018622;ROCKER SHAFT SUPPORT;x00018622;publish;"Engine: 16V4000M61
Part Number: X00018622
Designation: ROCKER SHAFT SUPPORT
Measurement: 
Weight: 
Source Page: 75
BOM: X00018621
Substitution Status: SI
New Part Number: X52405500217
Superseded List: X00018622";ROCKER SHAFT SUPPORT;;16VM61-55;16V4000M61, Superseded, importar;simple;https://milu-naval.mystagingwebsite.com/wp-content/uploads/2026/02/16V4000M61-0075-01-50.webp;16V4000M61;75;50;X00018621;ROCKER SHAFT SUPPORT;;;SI;X52405500217;X00018622;ok;importar;import_superseded;relacion superseded clara;import_superseded;relacion superseded clara;engine_16V4000M61.json;1300419;75;X00018622;ROCKER SHAFT SUPPORT;;;SI;Superseded;X52405500217;X00018622;ok;importar;yes
5240550801;ARM ROCKER INTAKE-03 GENSET C23;5240550801;publish;"Engine: 16V4000M61
Part Number: 5240550801
Designation: ARM ROCKER INTAKE-03 GENSET C23
Measurement: 
Weight: 
Source Page: 76
BOM: 5240500933
Substitution Status: SI
New Part Number: X52405500214
Superseded List: 5240550801";ARM ROCKER INTAKE-03 GENSET C23;;16VM61-55;16V4000M61, Superseded, importar;simple;https://milu-naval.mystagingwebsite.com/wp-content/uploads/2026/02/16V4000M61-0076-01-5.webp;16V4000M61;76;5;5240500933;ARM ROCKER INTAKE-03 GENSET C23;;;SI;X52405500214;5240550801;ok;importar;import_superseded;relacion superseded clara;import_superseded;relacion superseded clara;engine_16V4000M61.json;1300425;76;5240550801;ARM ROCKER INTAKE-03 GENSET C23;;;SI;Superseded;X52405500214;5240550801;ok;importar;yes
X52407500023;INJECTOR;x52407500023;publish;"Engine: 16V4000M61
Part Number: X52407500023
Designation: INJECTOR
Measurement: 
Weight: 2 KG EM
Source Page: 87
BOM: 070.00100
Substitution Status: SI
New Part Number: EX52407500049
Superseded List: X52407500023";INJECTOR;;16VM61-75;16V4000M61, Superseded, importar;simple;https://milu-naval.mystagingwebsite.com/wp-content/uploads/2026/02/16V4000M61-0087-01-5.webp;16V4000M61;87;5;070.00100;INJECTOR;;2 KG EM;SI;EX52407500049;X52407500023;ok;importar;import_superseded;relacion superseded clara;import_superseded;relacion superseded clara;engine_16V4000M61.json;1300463;87;X52407500023;INJECTOR;;2 KG EM;SI;Superseded;EX52407500049;X52407500023;ok;importar;yes
X52710100027;EXHAUST TURBOCHARGER LEFT SIDE;x52710100027;publish;"Engine: 16V4000M61
Part Number: X52710100027
Designation: EXHAUST TURBOCHARGER LEFT SIDE
Measurement: 
Weight: 
Source Page: 115
BOM: XS527100.00009
Substitution Status: SI
New Part Number: EX52710100027
Superseded List: X52710100027";EXHAUST TURBOCHARGER LEFT SIDE;;16VM61-100;16V4000M61, Superseded, importar;simple;https://milu-naval.mystagingwebsite.com/wp-content/uploads/2026/02/16V4000M61-0114-01-50.webp;16V4000M61;115;50;XS527100.00009;EXHAUST TURBOCHARGER LEFT SIDE;;;SI;EX52710100027;X52710100027;ok;importar;import_superseded;relacion superseded clara;import_superseded;relacion superseded clara;engine_16V4000M61.json;1300652;115;X52710100027;EXHAUST TURBOCHARGER LEFT SIDE;;;SI;Superseded;EX52710100027;X52710100027;ok;importar;yes
X52710100028;EXHAUST TURBO CHARGER RIGHT SIDE;x52710100028;publish;"Engine: 16V4000M61
Part Number: X52710100028
Designation: EXHAUST TURBO CHARGER RIGHT SIDE
Measurement: 
Weight: 
Source Page: 121
BOM: XS527100.00010
Substitution Status: SI
New Part Number: EX52710100028
Superseded List: X52710100028";EXHAUST TURBO CHARGER RIGHT SIDE;;16VM61-100;16V4000M61, Superseded, revisar;simple;https://milu-naval.mystagingwebsite.com/wp-content/uploads/2026/02/16V4000M61-0120-01-50.webp;16V4000M61;121;50;XS527100.00010;EXHAUST TURBO CHARGER RIGHT SIDE;;;SI;EX52710100028;X52710100028;pendiente;revisar;import_superseded;estado QA requiere revision manual | relacion superseded clara;import_superseded;estado QA requiere revision manual | relacion superseded clara;engine_16V4000M61.json;1300703;121;X52710100028;EXHAUST TURBO CHARGER RIGHT SIDE;;;SI;Superseded;EX52710100028;X52710100028;pendiente;revisar;yes
5240980111;SHAFT;5240980111;publish;"Engine: 16V4000M73
Part Number: 5240980111
Designation: SHAFT
Measurement: 
Weight: 581.700 g
Source Page: 162
BOM: X59612300016
Substitution Status: SI
New Part Number: X59699100281
Superseded List: 5240980111";SHAFT;;16VM73-123;16V4000M73, Superseded, importar;simple;https://milu-naval.mystagingwebsite.com/wp-content/uploads/2026/02/16V4000M73-0161-01-250.webp;16V4000M73;162;250;X59612300016;SHAFT;;581.700 g;SI;X59699100281;5240980111;ok;importar;import_superseded;conflictos detectados: weight_conflict | ya existe en WordPress/product-export | relacion superseded clara;import_superseded;conflictos detectados: weight_conflict | ya existe en WordPress/product-export | relacion superseded clara;engine_16V4000M73.json;1401083;162;5240980111;SHAFT;;581.700 g;SI;Superseded;X59699100281;5240980111;ok;importar;yes
0001400182/31;EXHAUST PIPE BELLOWS LR ACCEPTANCE;0001400182-31;publish;"Engine: 16V4000M61
Part Number: 0001400182/31
Designation: EXHAUST PIPE BELLOWS LR ACCEPTANCE
Measurement: 
Weight: 
Source Page: 168
BOM: XS526140.00018
Substitution Status: SI
New Part Number: 0001400182/87
Superseded List: 0001400182/31";EXHAUST PIPE BELLOWS LR ACCEPTANCE;;16VM61-146;16V4000M61, Superseded, importar;simple;https://milu-naval.mystagingwebsite.com/wp-content/uploads/2026/02/16V4000M61-0168-01-30.webp;16V4000M61;168;30;XS526140.00018;EXHAUST PIPE BELLOWS LR ACCEPTANCE;;;SI;0001400182/87;0001400182/31;ok;importar;import_superseded;relacion superseded clara;import_superseded;relacion superseded clara;engine_16V4000M61.json;1300977;168;0001400182/31;EXHAUST PIPE BELLOWS LR ACCEPTANCE;;;SI;Superseded;0001400182/87;0001400182/31;ok;importar;yes
0011809501;L/MIN 50/60;0011809501;publish;"Engine: 20V4000M93L
Part Number: 0011809501
Designation: L/MIN 50/60
Measurement: 
Weight: 18.000 kg P
Source Page: 1337
BOM: 180.00015
Substitution Status: SI
New Part Number: X59418100009
Superseded List: 0011809501";L/MIN 50/60;;20VM93L-181;20V4000M93L, Superseded, importar;simple;https://milu-naval.mystagingwebsite.com/wp-content/uploads/2026/01/sin_imagen.jpeg;20V4000M93L;1337;9 15;180.00015;L/MIN 50/60;;18.000 kg P;SI;X59418100009;0011809501;ok;importar;import_superseded;conflictos detectados: designation_conflict | relacion superseded clara;import_superseded;conflictos detectados: designation_conflict | relacion superseded clara;engine_20V4000M93L.json;1801876;1337;0011809501;L/MIN 50/60;;18.000 kg P;SI;Superseded;X59418100009;0011809501;ok;importar;yes
X52418900006;GEAR PUMP FOR OIL REPLENISHMN;x52418900006;publish;"Engine: 16V4000M61
Part Number: X52418900006
Designation: GEAR PUMP FOR OIL REPLENISHMN
Measurement: 
Weight: 9,200 KG
Source Page: 214
BOM: XS524180.00021
Substitution Status: SI
New Part Number: X52418900021
Superseded List: X52418900006";GEAR PUMP FOR OIL REPLENISHMN;;16VM61-189;16V4000M61, Superseded, importar;simple;https://milu-naval.mystagingwebsite.com/wp-content/uploads/2026/02/16V4000M61-0212-01-70.webp;16V4000M61;214;70;XS524180.00021;GEAR PUMP FOR OIL REPLENISHMN;;9,200 KG;SI;X52418900021;X52418900006;ok;importar;import_superseded;relacion superseded clara;import_superseded;relacion superseded clara;engine_16V4000M61.json;1301340;214;X52418900006;GEAR PUMP FOR OIL REPLENISHMN;;9,200 KG;SI;Superseded;X52418900021;X52418900006;ok;importar;yes
X52620200081;PUMP ASM WTR HI TEMP CLG CIRCUIT;x52620200081;publish;"Engine: 16V4000M90
Part Number: X52620200081
Designation: PUMP ASM WTR HI TEMP CLG CIRCUIT
Measurement: 
Weight: 31.000 kg EM
Source Page: 211
BOM: XS526200.00020
Substitution Status: SI
New Part Number: EX52620200193
Superseded List: X52620200081";PUMP ASM WTR HI TEMP CLG CIRCUIT;;16VM90-202;16V4000M90, Superseded, importar;simple;https://milu-naval.mystagingwebsite.com/wp-content/uploads/2026/02/16V4000M90-0210-01-50.webp;16V4000M90;211;50;XS526200.00020;PUMP ASM WTR HI TEMP CLG CIRCUIT;;31.000 kg EM;SI;EX52620200193;X52620200081;ok;importar;import_superseded;relacion superseded clara;import_superseded;relacion superseded clara;engine_16V4000M90.json;1601467;211;X52620200081;PUMP ASM WTR HI TEMP CLG CIRCUIT;;31.000 kg EM;SI;Superseded;EX52620200193;X52620200081;ok;importar;yes
8692030520;OVERCURRENT TRIP 1;8692030520;publish;"Engine: 16V4000M61
Part Number: 8692030520
Designation: OVERCURRENT TRIP 1
Measurement: 
Weight: 
Source Page: 243
BOM: 0002035896
Substitution Status: SI
New Part Number: X59699101054
Superseded List: 8692030520";OVERCURRENT TRIP 1;;16VM61-202;16V4000M61, Superseded, importar;simple;https://milu-naval.mystagingwebsite.com/wp-content/uploads/2026/02/16V4000M61-0243-01-85.webp;16V4000M61;243;85;0002035896;OVERCURRENT TRIP 1;;;SI;X59699101054;8692030520;ok;importar;import_superseded;conflictos detectados: designation_conflict | relacion superseded clara;import_superseded;conflictos detectados: designation_conflict | relacion superseded clara;engine_16V4000M61.json;1301578;243;8692030520;OVERCURRENT TRIP 1;;;SI;Superseded;X59699101054;8692030520;ok;importar;yes
0155315283;MALE CONNECTOR KPSE06A16-26P;0155315283;publish;"Engine: 16V4000M90
Part Number: 0155315283
Designation: MALE CONNECTOR KPSE06A16-26P
Measurement: VG95328
Weight: 
Source Page: 305
BOM: 5275302925
Substitution Status: SI
New Part Number: 0165315983
Superseded List: 0155315283";MALE CONNECTOR KPSE06A16-26P;;16VM90-507;16V4000M90, Superseded, importar;simple;https://milu-naval.mystagingwebsite.com/wp-content/uploads/2026/02/16V4000M90-0305-01-40.webp;16V4000M90;305;40;5275302925;MALE CONNECTOR KPSE06A16-26P;VG95328;;SI;0165315983;0155315283;ok;importar;import_superseded;conflictos detectados: designation_conflict | ya existe en WordPress/product-export | relacion superseded clara;import_superseded;conflictos detectados: designation_conflict | ya existe en WordPress/product-export | relacion superseded clara;engine_16V4000M90.json;1602183;305;0155315283;MALE CONNECTOR KPSE06A16-26P;VG95328;;SI;Superseded;0165315983;0155315283;ok;importar;yes
0005336343;PIPE;0005336343;publish;"Engine: 20V4000M93L
Part Number: 0005336343
Designation: PIPE
Measurement: 
Weight: 26.400 g
Source Page: 1469
BOM: X00E50700336
Substitution Status: SI
New Part Number: X00E50209720
Superseded List: 0005336343";PIPE;;20VM93L-507;20V4000M93L, Superseded, importar;simple;https://milu-naval.mystagingwebsite.com/wp-content/uploads/2026/02/20V4000M93L-1468-01-110.webp;20V4000M93L;1469;110;X00E50700336;PIPE;;26.400 g;SI;X00E50209720;0005336343;ok;importar;import_superseded;relacion superseded clara;import_superseded;relacion superseded clara;engine_20V4000M93L.json;1803365;1469;0005336343;PIPE;;26.400 g;SI;Superseded;X00E50209720;0005336343;ok;importar;yes
5271530037;SCREEN WIRE MTG STRIPS;5271530037;publish;"Engine: 16V4000M90
Part Number: 5271530037
Designation: SCREEN WIRE MTG STRIPS
Measurement: 
Weight: 1.700 kg
Source Page: 318
BOM: XS527500.00011
Substitution Status: SI
New Part Number: X52799100756
Superseded List: 5271530037";SCREEN WIRE MTG STRIPS;;16VM90-507;16V4000M90, Superseded, importar;simple;https://milu-naval.mystagingwebsite.com/wp-content/uploads/2026/02/16V4000M90-0316-01-1700.webp;16V4000M90;318;1700;XS527500.00011;SCREEN WIRE MTG STRIPS;;1.700 kg;SI;X52799100756;5271530037;ok;importar;import_superseded;acciones QA contradictorias para el mismo PN | estado QA requiere revision manual | conflictos detectados: designation_conflict, weight_conflict | relacion superseded clara;import_superseded;acciones QA contradictorias para el mismo PN | estado QA requiere revision manual | conflictos detectados: designation_conflict, weight_conflict | relacion superseded clara;engine_16V4000M90.json;1602277;318;5271530037;SCREEN WIRE MTG STRIPS;;1.700 kg;SI;Superseded;X52799100756;5271530037;ok;importar;yes
5275304360;HOUSING;5275304360;publish;"Engine: 16V4000M61
Part Number: 5275304360
Designation: HOUSING
Measurement: 
Weight: KF
Source Page: 367
BOM: 5275304360
Substitution Status: SI
New Part Number: X00E50210456/S0001
Superseded List: 5275304360";HOUSING;;16VM61-508;16V4000M61, Superseded, importar;simple;https://milu-naval.mystagingwebsite.com/wp-content/uploads/2026/02/16V4000M61-0367-01-10.webp;16V4000M61;367;10;5275304360;HOUSING;;KF;SI;X00E50210456/S0001;5275304360;ok;importar;import_superseded;relacion superseded clara;import_superseded;relacion superseded clara;engine_16V4000M61.json;1302312;367;5275304360;HOUSING;;KF;SI;Superseded;X00E50210456/S0001;5275304360;ok;importar;yes
X00E50202753/S0003;HOUSING WITHOUT INTERLOCK;x00e50202753-s0003;publish;"Engine: 16V4000M61
Part Number: X00E50202753/S0003
Designation: HOUSING WITHOUT INTERLOCK
Measurement: 296X152X80 (LXBXH)
Weight: 1,320 KG
Source Page: 377
BOM: X00E50205154
Substitution Status: SI
New Part Number: X00E50200176
Superseded List: X00E50202753/S0003";HOUSING WITHOUT INTERLOCK;;16VM61-508;16V4000M61, Superseded, importar;simple;https://milu-naval.mystagingwebsite.com/wp-content/uploads/2026/01/sin_imagen.jpeg;16V4000M61;377;105;X00E50205154;HOUSING WITHOUT INTERLOCK;296X152X80 (LXBXH);1,320 KG;SI;X00E50200176;X00E50202753/S0003;ok;importar;import_superseded;ya existe en WordPress/product-export | relacion superseded clara;import_superseded;ya existe en WordPress/product-export | relacion superseded clara;engine_16V4000M61.json;1302364;377;X00E50202753/S0003;HOUSING WITHOUT INTERLOCK;296X152X80 (LXBXH);1,320 KG;SI;Superseded;X00E50200176;X00E50202753/S0003;ok;importar;yes
X00E50205167/S0001;DISPLAY UNLABELLED;x00e50205167-s0001;publish;"Engine: 16V4000M61
Part Number: X00E50205167/S0001
Designation: DISPLAY UNLABELLED
Measurement: 360X270X65; RAL 9003
Weight: 
Source Page: 405
BOM: X00E50205165
Substitution Status: SI
New Part Number: B00E50207523/76
Superseded List: X00E50205167/S0001";DISPLAY UNLABELLED;;16VM61-510;16V4000M61, Superseded, importar;simple;https://milu-naval.mystagingwebsite.com/wp-content/uploads/2026/01/sin_imagen.jpeg;16V4000M61;405;325;X00E50205165;DISPLAY UNLABELLED;"360X270X65; RAL 9003";;SI;B00E50207523/76;X00E50205167/S0001;ok;importar;import_superseded;relacion superseded clara;import_superseded;relacion superseded clara;engine_16V4000M61.json;1302539;405;X00E50205167/S0001;DISPLAY UNLABELLED;"360X270X65; RAL 9003";;SI;Superseded;B00E50207523/76;X00E50205167/S0001;ok;importar;yes
5275300813;PLUG-IN BOARD;5275300813;publish;"Engine: 16V4000M61
Part Number: 5275300813
Designation: PLUG-IN BOARD
Measurement: 
Weight: 100 G
Source Page: 405
BOM: X00E50205165
Substitution Status: SI
New Part Number: X00E50209588
Superseded List: 5275300813";PLUG-IN BOARD;;16VM61-510;16V4000M61, Superseded, importar;simple;https://milu-naval.mystagingwebsite.com/wp-content/uploads/2026/01/sin_imagen.jpeg;16V4000M61;405;395;X00E50205165;PLUG-IN BOARD;;100 G;SI;X00E50209588;5275300813;ok;importar;import_superseded;acciones QA contradictorias para el mismo PN | estado QA requiere revision manual | conflictos detectados: designation_conflict, weight_conflict | relacion superseded clara;import_superseded;acciones QA contradictorias para el mismo PN | estado QA requiere revision manual | conflictos detectados: designation_conflict, weight_conflict | relacion superseded clara;engine_16V4000M61.json;1302548;405;5275300813;PLUG-IN BOARD;;100 G;SI;Superseded;X00E50209588;5275300813;ok;importar;yes
5295308712;PLUG-IN BOARD;5295308712;publish;"Engine: 16V4000M61
Part Number: 5295308712
Designation: PLUG-IN BOARD
Measurement: 
Weight: 200 G
Source Page: 405
BOM: X00E50205165
Substitution Status: SI
New Part Number: X00E50209549
Superseded List: 5295308712";PLUG-IN BOARD;;16VM61-510;16V4000M61, Superseded, importar;simple;https://milu-naval.mystagingwebsite.com/wp-content/uploads/2026/01/sin_imagen.jpeg;16V4000M61;405;500;X00E50205165;PLUG-IN BOARD;;200 G;SI;X00E50209549;5295308712;ok;importar;import_superseded;conflictos detectados: designation_conflict, weight_conflict | relacion superseded clara;import_superseded;conflictos detectados: designation_conflict, weight_conflict | relacion superseded clara;engine_16V4000M61.json;1302558;405;5295308712;PLUG-IN BOARD;;200 G;SI;Superseded;X00E50209549;5295308712;ok;importar;yes
X00021061;PLUG-IN BOARD;x00021061;publish;"Engine: 16V4000M61
Part Number: X00021061
Designation: PLUG-IN BOARD
Measurement: MEM8-01;
Weight: 
Source Page: 455
BOM: X00021061
Substitution Status: SI
New Part Number: X00021061/76
Superseded List: X00021061";PLUG-IN BOARD;;16VM61-511;16V4000M61, Superseded, importar;simple;https://milu-naval.mystagingwebsite.com/wp-content/uploads/2026/01/sin_imagen.jpeg;16V4000M61;455;120;X00021061;PLUG-IN BOARD;"MEM8-01;";;SI;X00021061/76;X00021061;ok;importar;import_superseded;ya existe en WordPress/product-export | relacion superseded clara;import_superseded;ya existe en WordPress/product-export | relacion superseded clara;engine_16V4000M61.json;1302726;455;X00021061;PLUG-IN BOARD;"MEM8-01;";;SI;Superseded;X00021061/76;X00021061;ok;importar;yes
0065314481;TERMINAL;0065314481;publish;"Engine: 16V4000M61
Part Number: 0065314481
Designation: TERMINAL
Measurement: 32X15,6X20,6, 2
Weight: 
Source Page: 495
BOM: 5285303833
Substitution Status: SI
New Part Number: X00E50211972
Superseded List: 0065314481";TERMINAL;;16VM61-511;16V4000M61, Superseded, importar;simple;https://milu-naval.mystagingwebsite.com/wp-content/uploads/2026/01/sin_imagen.jpeg;16V4000M61;495;45;5285303833;TERMINAL;32X15,6X20,6, 2;;SI;X00E50211972;0065314481;ok;importar;import_superseded;conflictos detectados: designation_conflict, measure_conflict | relacion superseded clara;import_superseded;conflictos detectados: designation_conflict, measure_conflict | relacion superseded clara;engine_16V4000M61.json;1302896;495;0065314481;TERMINAL;32X15,6X20,6, 2;;SI;Superseded;X00E50211972;0065314481;ok;importar;yes
0065312581;TERMINAL 8POL.;0065312581;publish;"Engine: 16V4000M90
Part Number: 0065312581
Designation: TERMINAL 8POL.
Measurement: 2X4POLIG, 125V/
Weight: 4.000 g
Source Page: 366
BOM: X00036282
Substitution Status: SI
New Part Number: X00E50211969
Superseded List: 0065312581";TERMINAL 8POL.;;16VM90-511;16V4000M90, Superseded, importar;simple;https://milu-naval.mystagingwebsite.com/wp-content/uploads/2026/02/16V4000M90-0366-01-10.webp;16V4000M90;366;10;X00036282;TERMINAL 8POL.;2X4POLIG, 125V/;4.000 g;SI;X00E50211969;0065312581;ok;importar;import_superseded;conflictos detectados: designation_conflict, measure_conflict, weight_conflict | relacion superseded clara;import_superseded;conflictos detectados: designation_conflict, measure_conflict, weight_conflict | relacion superseded clara;engine_16V4000M90.json;1602609;366;0065312581;TERMINAL 8POL.;2X4POLIG, 125V/;4.000 g;SI;Superseded;X00E50211969;0065312581;ok;importar;yes
5240160905;CYLINDER HEAD COVER CHROMIUM-PLATED;5240160905;publish;"Engine: 16V4000M61
Part Number: 5240160905
Designation: CYLINDER HEAD COVER CHROMIUM-PLATED
Measurement: 
Weight: 
Source Page: 585
BOM: 050.00095
Substitution Status: SI
New Part Number: X52405500131
Superseded List: 5240160905";CYLINDER HEAD COVER CHROMIUM-PLATED;;16VM61-55;16V4000M61, Superseded, importar;simple;https://milu-naval.mystagingwebsite.com/wp-content/uploads/2026/02/16V4000M61-0585-01-5.webp;16V4000M61;585;5;050.00095;CYLINDER HEAD COVER CHROMIUM-PLATED;;;SI;X52405500131;5240160905;ok;importar;import_superseded;relacion superseded clara;import_superseded;relacion superseded clara;engine_16V4000M61.json;1303355;585;5240160905;CYLINDER HEAD COVER CHROMIUM-PLATED;;;SI;Superseded;X52405500131;5240160905;ok;importar;yes
X59601100009;INSPECT PORT COVER FOR SENSOR;x59601100009;publish;"Engine: 20V4000M93
Part Number: X59601100009
Designation: INSPECT PORT COVER FOR SENSOR
Measurement: 
Weight: 4.900 kg
Source Page: 29
BOM: XS596010.00071
Substitution Status: SI
New Part Number: X52601100052
Superseded List: X59601100009";INSPECT PORT COVER FOR SENSOR;;20VM93-11;20V4000M93, Superseded, importar;simple;https://milu-naval.mystagingwebsite.com/wp-content/uploads/2026/02/20V4000M93-0028-01-1600.webp;20V4000M93;29;1600;XS596010.00071;INSPECT PORT COVER FOR SENSOR;;4.900 kg;SI;X52601100052;X59601100009;ok;importar;import_superseded;ya existe en WordPress/product-export | relacion superseded clara;import_superseded;ya existe en WordPress/product-export | relacion superseded clara;engine_20V4000M93.json;1700079;29;X59601100009;INSPECT PORT COVER FOR SENSOR;;4.900 kg;SI;Superseded;X52601100052;X59601100009;ok;importar;yes
X59501100005;CRANKCASE;x59501100005;publish;"Engine: 16V4000M73
Part Number: X59501100005
Designation: CRANKCASE
Measurement: 
Weight: 2083.000 k EM
Source Page: 26
BOM: XS595010.00016
Substitution Status: SI
New Part Number: EX59501100081
Superseded List: X59501100005";CRANKCASE;;16VM73-11;16V4000M73, Superseded, importar;simple;https://milu-naval.mystagingwebsite.com/wp-content/uploads/2026/02/16V4000M73-0026-01-60.webp;16V4000M73;26;60;XS595010.00016;CRANKCASE;;2083.000 k EM;SI;EX59501100081;X59501100005;ok;importar;import_superseded;relacion superseded clara;import_superseded;relacion superseded clara;engine_16V4000M73.json;1400053;26;X59501100005;CRANKCASE;;2083.000 k EM;SI;Superseded;EX59501100081;X59501100005;ok;importar;yes
X59301300013;CYLINDER LINER SIZE;x59301300013;publish;"Engine: 16V4000M73
Part Number: X59301300013
Designation: CYLINDER LINER SIZE
Measurement: 
Weight: 
Source Page: 28
BOM: X59501100005
Substitution Status: SI
New Part Number: X59301300038
Superseded List: X59301300013";CYLINDER LINER SIZE;;16VM73-11;16V4000M73, Superseded, importar;simple;https://milu-naval.mystagingwebsite.com/wp-content/uploads/2026/01/sin_imagen.jpeg;16V4000M73;28;720;X59501100005;CYLINDER LINER SIZE;;;SI;X59301300038;X59301300013;ok;importar;import_superseded;ya existe en WordPress/product-export | relacion superseded clara;import_superseded;ya existe en WordPress/product-export | relacion superseded clara;engine_16V4000M73.json;1400068;28;X59301300013;CYLINDER LINER SIZE;;;SI;Superseded;X59301300038;X59301300013;ok;importar;yes
X59301300014;CYLINDER LINER SIZE 2;x59301300014;publish;"Engine: 16V4000M73
Part Number: X59301300014
Designation: CYLINDER LINER SIZE 2
Measurement: 
Weight: 
Source Page: 28
BOM: X59501100005
Substitution Status: SI
New Part Number: X59301300039
Superseded List: X59301300014";CYLINDER LINER SIZE 2;;16VM73-11;16V4000M73, Superseded, importar;simple;https://milu-naval.mystagingwebsite.com/wp-content/uploads/2026/01/sin_imagen.jpeg;16V4000M73;28;740;X59501100005;CYLINDER LINER SIZE 2;;;SI;X59301300039;X59301300014;ok;importar;import_superseded;ya existe en WordPress/product-export | relacion superseded clara;import_superseded;ya existe en WordPress/product-export | relacion superseded clara;engine_16V4000M73.json;1400069;28;X59301300014;CYLINDER LINER SIZE 2;;;SI;Superseded;X59301300039;X59301300014;ok;importar;yes
X59501400006;OIL PAN;x59501400006;publish;"Engine: 16V4000M73
Part Number: X59501400006
Designation: OIL PAN
Measurement: 
Weight: 144.000 kg
Source Page: 33
BOM: XS595010.00060
Substitution Status: SI
New Part Number: X59501400026
Superseded List: X59501400006";OIL PAN;;16VM73-14;16V4000M73, Superseded, importar;simple;https://milu-naval.mystagingwebsite.com/wp-content/uploads/2026/02/16V4000M73-0033-01-250.webp;16V4000M73;33;250;XS595010.00060;OIL PAN;;144.000 kg;SI;X59501400026;X59501400006;ok;importar;import_superseded;conflictos detectados: weight_conflict | relacion superseded clara;import_superseded;conflictos detectados: weight_conflict | relacion superseded clara;engine_16V4000M73.json;1400108;33;X59501400006;OIL PAN;;144.000 kg;SI;Superseded;X59501400026;X59501400006;ok;importar;yes
X00021778;F/W HSG ASM;x00021778;publish;"Engine: 16V4000M73
Part Number: X00021778
Designation: F/W HSG ASM
Measurement: 
Weight: 246.500 kg
Source Page: 38
BOM: XS593010.00019
Substitution Status: SI
New Part Number: X52901600017/75
Superseded List: X00021778";F/W HSG ASM;;16VM73-16;16V4000M73, Superseded, importar;simple;https://milu-naval.mystagingwebsite.com/wp-content/uploads/2026/02/16V4000M73-0038-01-50.webp;16V4000M73;38;50;XS593010.00019;F/W HSG ASM;;246.500 kg;SI;X52901600017/75;X00021778;ok;importar;import_superseded;conflictos detectados: weight_conflict | relacion superseded clara;import_superseded;conflictos detectados: weight_conflict | relacion superseded clara;engine_16V4000M73.json;1400143;38;X00021778;F/W HSG ASM;;246.500 kg;SI;Superseded;X52901600017/75;X00021778;ok;importar;yes
5280330362;THRUST WASHER;5280330362;publish;"Engine: 16V4000M73
Part Number: 5280330362
Designation: THRUST WASHER
Measurement: 
Weight: 9.260 kg
Source Page: 39
BOM: X00021778
Substitution Status: SI
New Part Number: X59303100024
Superseded List: 5280330362";THRUST WASHER;;16VM73-16;16V4000M73, Superseded, importar;simple;https://milu-naval.mystagingwebsite.com/wp-content/uploads/2026/02/16V4000M73-0039-01-700.webp;16V4000M73;39;700;X00021778;THRUST WASHER;;9.260 kg;SI;X59303100024;5280330362;ok;importar;import_superseded;acciones QA contradictorias para el mismo PN | estado QA requiere revision manual | conflictos detectados: designation_conflict | ya existe en WordPress/product-export | relacion superseded clara;import_superseded;acciones QA contradictorias para el mismo PN | estado QA requiere revision manual | conflictos detectados: designation_conflict | ya existe en WordPress/product-export | relacion superseded clara;engine_16V4000M73.json;1400158;39;5280330362;THRUST WASHER;;9.260 kg;SI;Superseded;X59303100024;5280330362;ok;importar;yes
X59402400005;EQUIPMENT RACK;x59402400005;publish;"Engine: 16V4000M73
Part Number: X59402400005
Designation: EQUIPMENT RACK
Measurement: 
Weight: 262.600 kg
Source Page: 55
BOM: XS594020.00011
Substitution Status: SI
New Part Number: X59302400027/75
Superseded List: X59402400005";EQUIPMENT RACK;;16VM73-24;16V4000M73, Superseded, importar;simple;https://milu-naval.mystagingwebsite.com/wp-content/uploads/2026/02/16V4000M73-0054-01-250.webp;16V4000M73;55;250;XS594020.00011;EQUIPMENT RACK;;262.600 kg;SI;X59302400027/75;X59402400005;ok;importar;import_superseded;acciones QA contradictorias para el mismo PN | estado QA requiere revision manual | conflictos detectados: designation_conflict | relacion superseded clara;import_superseded;acciones QA contradictorias para el mismo PN | estado QA requiere revision manual | conflictos detectados: designation_conflict | relacion superseded clara;engine_16V4000M73.json;1400320;55;X59402400005;EQUIPMENT RACK;;262.600 kg;SI;Superseded;X59302400027/75;X59402400005;ok;importar;yes
X59305200004;IDLER GEAR FOR CAMSHAFT DRIVE;x59305200004;publish;"Engine: 16V4000M73
Part Number: X59305200004
Designation: IDLER GEAR FOR CAMSHAFT DRIVE
Measurement: 
Weight: 13.92 KGM
Source Page: 56
BOM: X59402400005
Substitution Status: SI
New Part Number: X54702500009
Superseded List: X59305200004";IDLER GEAR FOR CAMSHAFT DRIVE;;16VM73-24;16V4000M73, Superseded, importar;simple;https://milu-naval.mystagingwebsite.com/wp-content/uploads/2026/02/16V4000M73-0056-01-250.webp;16V4000M73;56;250;X59402400005;IDLER GEAR FOR CAMSHAFT DRIVE;;13.92 KGM;SI;X54702500009;X59305200004;ok;importar;import_superseded;relacion superseded clara;import_superseded;relacion superseded clara;engine_16V4000M73.json;1400336;56;X59305200004;IDLER GEAR FOR CAMSHAFT DRIVE;;13.92 KGM;SI;Superseded;X54702500009;X59305200004;ok;importar;yes
X00029037/31;CRANKSHAFT LR ACCEPTANCE 16V-12CWT-STROKE190;x00029037-31;publish;"Engine: 16V4000M73
Part Number: X00029037/31
Designation: CRANKSHAFT LR ACCEPTANCE 16V-12CWT-STROKE190
Measurement: 
Weight: 617.000
Source Page: 60
BOM: XS595030.00018
Substitution Status: SI
New Part Number: EX54803100004/31
Superseded List: X00029037/31";CRANKSHAFT LR ACCEPTANCE 16V-12CWT-STROKE190;;16VM73-30;16V4000M73, Superseded, importar;simple;https://milu-naval.mystagingwebsite.com/wp-content/uploads/2026/02/16V4000M73-0060-01-10.webp;16V4000M73;60;10;XS595030.00018;CRANKSHAFT LR ACCEPTANCE 16V-12CWT-STROKE190;;617.000;SI;EX54803100004/31;X00029037/31;ok;importar;import_superseded;relacion superseded clara;import_superseded;relacion superseded clara;engine_16V4000M73.json;1400357;60;X00029037/31;CRANKSHAFT LR ACCEPTANCE 16V-12CWT-STROKE190;;617.000;SI;Superseded;EX54803100004/31;X00029037/31;ok;importar;yes
X00029037;CRANKSHAFT 16V-12CWT-STROKE190;x00029037;publish;"Engine: 16V4000M73
Part Number: X00029037
Designation: CRANKSHAFT 16V-12CWT-STROKE190
Measurement: 
Weight: 
Source Page: 61
BOM: X00029037
Substitution Status: SI
New Part Number: EX54803100004
Superseded List: X00029037";CRANKSHAFT 16V-12CWT-STROKE190;;16VM73-30;16V4000M73, Superseded, importar;simple;https://milu-naval.mystagingwebsite.com/wp-content/uploads/2026/02/16V4000M73-0061-01-10.webp;16V4000M73;61;10;X00029037;CRANKSHAFT 16V-12CWT-STROKE190;;;SI;EX54803100004;X00029037;ok;importar;import_superseded;conflictos detectados: designation_conflict | relacion superseded clara;import_superseded;conflictos detectados: designation_conflict | relacion superseded clara;engine_16V4000M73.json;1400359;61;X00029037;CRANKSHAFT 16V-12CWT-STROKE190;;;SI;Superseded;EX54803100004;X00029037;ok;importar;yes
X00028593;PLATE FLANGE VIB DAMPER HSG;x00028593;publish;"Engine: 16V4000M73
Part Number: X00028593
Designation: PLATE FLANGE VIB DAMPER HSG
Measurement: 
Weight: 
Source Page: 68
BOM: XS595030.00030
Substitution Status: SI
New Part Number: X59499100480
Superseded List: X00028593";PLATE FLANGE VIB DAMPER HSG;;16VM73-35;16V4000M73, Superseded, importar;simple;https://milu-naval.mystagingwebsite.com/wp-content/uploads/2026/02/16V4000M73-0068-01-50.webp;16V4000M73;68;50;XS595030.00030;PLATE FLANGE VIB DAMPER HSG;;;SI;X59499100480;X00028593;ok;importar;import_superseded;ya existe en WordPress/product-export | relacion superseded clara;import_superseded;ya existe en WordPress/product-export | relacion superseded clara;engine_16V4000M73.json;1400408;68;X00028593;PLATE FLANGE VIB DAMPER HSG;;;SI;Superseded;X59499100480;X00028593;ok;importar;yes
X00035690;PISTON EPSILON 15.2;x00035690;publish;"Engine: 16V4000M73
Part Number: X00035690
Designation: PISTON EPSILON 15.2
Measurement: 
Weight: 
Source Page: 73
BOM: XS595030.00027
Substitution Status: SI
New Part Number: EX00035690
Superseded List: X00035690";PISTON EPSILON 15.2;;16VM73-37;16V4000M73, Superseded, importar;simple;https://milu-naval.mystagingwebsite.com/wp-content/uploads/2026/02/16V4000M73-0073-01-50.webp;16V4000M73;73;50;XS595030.00027;PISTON EPSILON 15.2;;;SI;EX00035690;X00035690;ok;importar;import_superseded;acciones QA contradictorias para el mismo PN | estado QA requiere revision manual | conflictos detectados: designation_conflict | relacion superseded clara;import_superseded;acciones QA contradictorias para el mismo PN | estado QA requiere revision manual | conflictos detectados: designation_conflict | relacion superseded clara;engine_16V4000M73.json;1400433;73;X00035690;PISTON EPSILON 15.2;;;SI;Superseded;EX00035690;X00035690;ok;importar;yes
X52404100178;CYLINDER HEAD W/VALVES;x52404100178;publish;"Engine: 16V4000M73
Part Number: X52404100178
Designation: CYLINDER HEAD W/VALVES
Measurement: 
Weight: 
Source Page: 80
BOM: XS595040.00007
Substitution Status: SI
New Part Number: EX52904100372
Superseded List: X52404100178";CYLINDER HEAD W/VALVES;;16VM73-41;16V4000M73, Superseded, importar;simple;https://milu-naval.mystagingwebsite.com/wp-content/uploads/2026/02/16V4000M73-0079-01-200.webp;16V4000M73;80;200;XS595040.00007;CYLINDER HEAD W/VALVES;;;SI;EX52904100372;X52404100178;ok;importar;import_superseded;relacion superseded clara;import_superseded;relacion superseded clara;engine_16V4000M73.json;1400461;80;X52404100178;CYLINDER HEAD W/VALVES;;;SI;Superseded;EX52904100372;X52404100178;ok;importar;yes
X52404200035;GASKET FOR CYLINDER HEAD;x52404200035;publish;"Engine: 16V4000M73L
Part Number: X52404200035
Designation: GASKET FOR CYLINDER HEAD
Measurement: 
Weight: 
Source Page: 67
BOM: XS595040.00007
Substitution Status: SI
New Part Number: X52404200042
Superseded List: X52404200035";GASKET FOR CYLINDER HEAD;;16VM73L-40;16V4000M73L, Superseded, importar;simple;https://milu-naval.mystagingwebsite.com/wp-content/uploads/2026/02/16V4000M73L-0066-02-400.webp;16V4000M73L;67;400;XS595040.00007;GASKET FOR CYLINDER HEAD;;;SI;X52404200042;X52404200035;ok;importar;import_superseded;acciones QA contradictorias para el mismo PN | estado QA requiere revision manual | conflictos detectados: designation_conflict | ya existe en WordPress/product-export | relacion superseded clara;import_superseded;acciones QA contradictorias para el mismo PN | estado QA requiere revision manual | conflictos detectados: designation_conflict | ya existe en WordPress/product-export | relacion superseded clara;engine_16V4000M73L.json;1500347;67;X52404200035;GASKET FOR CYLINDER HEAD;;;SI;Superseded;X52404200042;X52404200035;ok;importar;yes
X52403500004;CAMSHAFT GEAR;x52403500004;publish;"Engine: 16V4000M73
Part Number: X52403500004
Designation: CAMSHAFT GEAR
Measurement: 
Weight: 
Source Page: 87
BOM: XS527050.00012
Substitution Status: SI
New Part Number: X52405200029
Superseded List: X52403500004";CAMSHAFT GEAR;;16VM73-51;16V4000M73, Superseded, importar;simple;https://milu-naval.mystagingwebsite.com/wp-content/uploads/2026/02/16V4000M73-0086-01-50.webp;16V4000M73;87;50;XS527050.00012;CAMSHAFT GEAR;;;SI;X52405200029;X52403500004;ok;importar;import_superseded;acciones QA contradictorias para el mismo PN | estado QA requiere revision manual | conflictos detectados: designation_conflict | relacion superseded clara;import_superseded;acciones QA contradictorias para el mismo PN | estado QA requiere revision manual | conflictos detectados: designation_conflict | relacion superseded clara;engine_16V4000M73.json;1400499;87;X52403500004;CAMSHAFT GEAR;;;SI;Superseded;X52405200029;X52403500004;ok;importar;yes
X52405500012;ROCKER ARM;x52405500012;publish;"Engine: 20V4000M93L
Part Number: X52405500012
Designation: ROCKER ARM
Measurement: 
Weight: 6.590 kg
Source Page: 1560
BOM: XS528050.00010
Substitution Status: SI
New Part Number: X52405500216
Superseded List: X52405500012";ROCKER ARM;;20VM93L-55;20V4000M93L, Superseded, importar;simple;https://milu-naval.mystagingwebsite.com/wp-content/uploads/2026/02/20V4000M93L-1560-01-100.webp;20V4000M93L;1560;100;XS528050.00010;ROCKER ARM;;6.590 kg;SI;X52405500216;X52405500012;ok;importar;import_superseded;relacion superseded clara;import_superseded;relacion superseded clara;engine_20V4000M93L.json;1804043;1560;X52405500012;ROCKER ARM;;6.590 kg;SI;Superseded;X52405500216;X52405500012;ok;importar;yes
5240540101;ROLLER TAPPET;5240540101;publish;"Engine: 16V4000M73
Part Number: 5240540101
Designation: ROLLER TAPPET
Measurement: 
Weight: 0.34 KGM
Source Page: 91
BOM: 5240502135
Substitution Status: SI
New Part Number: X52405400022
Superseded List: 5240540101";ROLLER TAPPET;;16VM73-55;16V4000M73, Superseded, importar;simple;https://milu-naval.mystagingwebsite.com/wp-content/uploads/2026/02/16V4000M73-0091-01-15.webp;16V4000M73;91;15;5240502135;ROLLER TAPPET;;0.34 KGM;SI;X52405400022;5240540101;ok;importar;import_superseded;ya existe en WordPress/product-export | relacion superseded clara;import_superseded;ya existe en WordPress/product-export | relacion superseded clara;engine_16V4000M73.json;1400514;91;5240540101;ROLLER TAPPET;;0.34 KGM;SI;Superseded;X52405400022;5240540101;ok;importar;yes
X52405500013;ROCKER ARM INLET;x52405500013;publish;"Engine: 16V4000M73
Part Number: X52405500013
Designation: ROCKER ARM INLET
Measurement: 
Weight: 3.060 kg
Source Page: 93
BOM: X52405500012
Substitution Status: SI
New Part Number: X52405500214
Superseded List: X52405500013";ROCKER ARM INLET;;16VM73-55;16V4000M73, Superseded, importar;simple;https://milu-naval.mystagingwebsite.com/wp-content/uploads/2026/02/16V4000M73-0093-01-100.webp;16V4000M73;93;100;X52405500012;ROCKER ARM INLET;;3.060 kg;SI;X52405500214;X52405500013;ok;importar;import_superseded;relacion superseded clara;import_superseded;relacion superseded clara;engine_16V4000M73.json;1400522;93;X52405500013;ROCKER ARM INLET;;3.060 kg;SI;Superseded;X52405500214;X52405500013;ok;importar;yes
X52405500014;ROCKER ARM EXHAUST;x52405500014;publish;"Engine: 20V4000M93L
Part Number: X52405500014
Designation: ROCKER ARM EXHAUST
Measurement: 
Weight: 1.340 kg
Source Page: 1564
BOM: X52405500012
Substitution Status: SI
New Part Number: X52405500215
Superseded List: X52405500014";ROCKER ARM EXHAUST;;20VM93L-55;20V4000M93L, Superseded, importar;simple;https://milu-naval.mystagingwebsite.com/wp-content/uploads/2026/02/20V4000M93L-1564-01-150.webp;20V4000M93L;1564;150;X52405500012;ROCKER ARM EXHAUST;;1.340 kg;SI;X52405500215;X52405500014;ok;importar;import_superseded;relacion superseded clara;import_superseded;relacion superseded clara;engine_20V4000M93L.json;1804062;1564;X52405500014;ROCKER ARM EXHAUST;;1.340 kg;SI;Superseded;X52405500215;X52405500014;ok;importar;yes
X52405500011;ADJUSTING SCREW;x52405500011;publish;"Engine: 16V4000M73
Part Number: X52405500011
Designation: ADJUSTING SCREW
Measurement: 
Weight: 
Source Page: 95
BOM: X52405500013
Substitution Status: SI
New Part Number: X52499100259
Superseded List: X52405500011";ADJUSTING SCREW;;16VM73-55;16V4000M73, Superseded, importar;simple;https://milu-naval.mystagingwebsite.com/wp-content/uploads/2026/02/16V4000M73-0095-01-20.webp;16V4000M73;95;20;X52405500013;ADJUSTING SCREW;;;SI;X52499100259;X52405500011;ok;importar;import_superseded;conflictos detectados: designation_conflict | ya existe en WordPress/product-export | relacion superseded clara;import_superseded;conflictos detectados: designation_conflict | ya existe en WordPress/product-export | relacion superseded clara;engine_16V4000M73.json;1400537;95;X52405500011;ADJUSTING SCREW;;;SI;Superseded;X52499100259;X52405500011;ok;importar;yes
X59407300002;BRACKET FOR HP PUMP;x59407300002;publish;"Engine: 16V4000M73
Part Number: X59407300002
Designation: BRACKET FOR HP PUMP
Measurement: 
Weight: 4.212 kg
Source Page: 100
BOM: X00024247
Substitution Status: SI
New Part Number: X59407300028
Superseded List: X59407300002";BRACKET FOR HP PUMP;;16VM73-73;16V4000M73, Superseded, importar;simple;https://milu-naval.mystagingwebsite.com/wp-content/uploads/2026/02/16V4000M73-0100-01-100.webp;16V4000M73;100;100;X00024247;BRACKET FOR HP PUMP;;4.212 kg;SI;X59407300028;X59407300002;ok;importar;import_superseded;conflictos detectados: weight_conflict | relacion superseded clara;import_superseded;conflictos detectados: weight_conflict | relacion superseded clara;engine_16V4000M73.json;1400552;100;X59407300002;BRACKET FOR HP PUMP;;4.212 kg;SI;Superseded;X59407300028;X59407300002;ok;importar;yes
X59507300003;HP PUMP;x59507300003;publish;"Engine: 16V4000M73
Part Number: X59507300003
Designation: HP PUMP
Measurement: 
Weight: 80.000 kg EM
Source Page: 101
BOM: XS527070.00013
Substitution Status: SI
New Part Number: EX59507300031
Superseded List: X59507300003";HP PUMP;;16VM73-73;16V4000M73, Superseded, importar;simple;https://milu-naval.mystagingwebsite.com/wp-content/uploads/2026/02/16V4000M73-0101-01-20.webp;16V4000M73;101;20;XS527070.00013;HP PUMP;;80.000 kg EM;SI;EX59507300031;X59507300003;ok;importar;import_superseded;conflictos detectados: weight_conflict | relacion superseded clara;import_superseded;conflictos detectados: weight_conflict | relacion superseded clara;engine_16V4000M73.json;1400558;101;X59507300003;HP PUMP;;80.000 kg EM;SI;Superseded;EX59507300031;X59507300003;ok;importar;yes
X59507300003/87;HP PUMP W/ACCEPT CERTIFICAT;x59507300003-87;publish;"Engine: 16V4000M73
Part Number: X59507300003/87
Designation: HP PUMP W/ACCEPT CERTIFICAT
Measurement: 
Weight: 
Source Page: 101
BOM: XS527070.00013
Substitution Status: SI
New Part Number: EX59507300031/87
Superseded List: X59507300003/87";HP PUMP W/ACCEPT CERTIFICAT;;16VM73-73;16V4000M73, Superseded, importar;simple;https://milu-naval.mystagingwebsite.com/wp-content/uploads/2026/02/16V4000M73-0101-01-50.webp;16V4000M73;101;50;XS527070.00013;HP PUMP W/ACCEPT CERTIFICAT;;;SI;EX59507300031/87;X59507300003/87;ok;importar;import_superseded;relacion superseded clara;import_superseded;relacion superseded clara;engine_16V4000M73.json;1400560;101;X59507300003/87;HP PUMP W/ACCEPT CERTIFICAT;;;SI;Superseded;EX59507300031/87;X59507300003/87;ok;importar;yes
EX59407500009;INJECTOR;ex59407500009;publish;"Engine: 16V4000M73
Part Number: EX59407500009
Designation: INJECTOR
Measurement: 
Weight: 3.540 kg
Source Page: 103
BOM: XS595070.00005
Substitution Status: SI
New Part Number: EX59407500022
Superseded List: EX59407500009";INJECTOR;;16VM73-75;16V4000M73, Superseded, importar;simple;https://milu-naval.mystagingwebsite.com/wp-content/uploads/2026/02/16V4000M73-0103-01-30.webp;16V4000M73;103;30;XS595070.00005;INJECTOR;;3.540 kg;SI;EX59407500022;EX59407500009;ok;importar;import_superseded;relacion superseded clara;import_superseded;relacion superseded clara;engine_16V4000M73.json;1400563;103;EX59407500009;INJECTOR;;3.540 kg;SI;Superseded;EX59407500022;EX59407500009;ok;importar;yes
RX59407500009;INJECTOR;rx59407500009;publish;"Engine: 16V4000M73
Part Number: RX59407500009
Designation: INJECTOR
Measurement: 
Weight: 3.590 kg
Source Page: 103
BOM: XS595070.00005
Substitution Status: SI
New Part Number: RX59407500022
Superseded List: X59407500009";INJECTOR;;16VM73-75;16V4000M73, Superseded, importar;simple;https://milu-naval.mystagingwebsite.com/wp-content/uploads/2026/02/16V4000M73-0103-01-40.webp;16V4000M73;103;40;XS595070.00005;INJECTOR;;3.590 kg;SI;RX59407500022;X59407500009;ok;importar;import_superseded;ya existe en WordPress/product-export | relacion superseded clara;import_superseded;ya existe en WordPress/product-export | relacion superseded clara;engine_16V4000M73.json;1400564;103;RX59407500009;INJECTOR;;3.590 kg;SI;Superseded;RX59407500022;X59407500009;ok;importar;yes
X00026990;RAIL FUEL HIGH PRESS DOUBLE WALL A-BANK;x00026990;publish;"Engine: 16V4000M73
Part Number: X00026990
Designation: RAIL FUEL HIGH PRESS DOUBLE WALL A-BANK
Measurement: 
Weight: 32.7 KGM
Source Page: 106
BOM: XS595070.00006
Substitution Status: SI
New Part Number: X59507700010
Superseded List: X00026990";RAIL FUEL HIGH PRESS DOUBLE WALL A-BANK;;16VM73-77;16V4000M73, Superseded, importar;simple;https://milu-naval.mystagingwebsite.com/wp-content/uploads/2026/02/16V4000M73-0106-01-1750.webp;16V4000M73;106;1750;XS595070.00006;RAIL FUEL HIGH PRESS DOUBLE WALL A-BANK;;32.7 KGM;SI;X59507700010;X00026990;ok;importar;import_superseded;relacion superseded clara;import_superseded;relacion superseded clara;engine_16V4000M73.json;1400582;106;X00026990;RAIL FUEL HIGH PRESS DOUBLE WALL A-BANK;;32.7 KGM;SI;Superseded;X59507700010;X00026990;ok;importar;yes
X00026991;RAIL FUEL HIGH PRESS DOUBLE WALL B-BANK;x00026991;publish;"Engine: 16V4000M73
Part Number: X00026991
Designation: RAIL FUEL HIGH PRESS DOUBLE WALL B-BANK
Measurement: 
Weight: 54.500 kg EM
Source Page: 106
BOM: XS595070.00006
Substitution Status: SI
New Part Number: X59507700009
Superseded List: X00026991";RAIL FUEL HIGH PRESS DOUBLE WALL B-BANK;;16VM73-77;16V4000M73, Superseded, importar;simple;https://milu-naval.mystagingwebsite.com/wp-content/uploads/2026/02/16V4000M73-0106-01-1800.webp;16V4000M73;106;1800;XS595070.00006;RAIL FUEL HIGH PRESS DOUBLE WALL B-BANK;;54.500 kg EM;SI;X59507700009;X00026991;ok;importar;import_superseded;relacion superseded clara;import_superseded;relacion superseded clara;engine_16V4000M73.json;1400583;106;X00026991;RAIL FUEL HIGH PRESS DOUBLE WALL B-BANK;;54.500 kg EM;SI;Superseded;X59507700009;X00026991;ok;importar;yes
X00042421;FUEL FILTER SPIN-ON;x00042421;publish;"Engine: 16V4000M73
Part Number: X00042421
Designation: FUEL FILTER SPIN-ON
Measurement: 
Weight: 
Source Page: 121
BOM: XS526080.00007
Substitution Status: SI
New Part Number: X57508300091
Superseded List: X00042421";FUEL FILTER SPIN-ON;;16VM73-83;16V4000M73, Superseded, importar;simple;https://milu-naval.mystagingwebsite.com/wp-content/uploads/2026/02/16V4000M73-0121-01-10.webp;16V4000M73;121;10;XS526080.00007;FUEL FILTER SPIN-ON;;;SI;X57508300091;X00042421;ok;importar;import_superseded;conflictos detectados: designation_conflict | relacion superseded clara;import_superseded;conflictos detectados: designation_conflict | relacion superseded clara;engine_16V4000M73.json;1400689;121;X00042421;FUEL FILTER SPIN-ON;;;SI;Superseded;X57508300091;X00042421;ok;importar;yes
X59308300046;CONNECTING PIECE F.ADDIT.FUEL FILTER;x59308300046;publish;"Engine: 16V4000M73
Part Number: X59308300046
Designation: CONNECTING PIECE F.ADDIT.FUEL FILTER
Measurement: 
Weight: 
Source Page: 123
BOM: XS594080.00017
Substitution Status: SI
New Part Number: X59399100210
Superseded List: X59308300046";CONNECTING PIECE F.ADDIT.FUEL FILTER;;16VM73-83;16V4000M73, Superseded, importar;simple;https://milu-naval.mystagingwebsite.com/wp-content/uploads/2026/02/16V4000M73-0123-01-170.webp;16V4000M73;123;170;XS594080.00017;CONNECTING PIECE F.ADDIT.FUEL FILTER;;;SI;X59399100210;X59308300046;ok;importar;import_superseded;acciones QA contradictorias para el mismo PN | estado QA requiere revision manual | conflictos detectados: designation_conflict | relacion superseded clara;import_superseded;acciones QA contradictorias para el mismo PN | estado QA requiere revision manual | conflictos detectados: designation_conflict | relacion superseded clara;engine_16V4000M73.json;1400707;123;X59308300046;CONNECTING PIECE F.ADDIT.FUEL FILTER;;;SI;Superseded;X59399100210;X59308300046;ok;importar;yes
X59308300011;BANJO SCREW;x59308300011;publish;"Engine: 20V4000M93L
Part Number: X59308300011
Designation: BANJO SCREW
Measurement: 
Weight: 79.300 g
Source Page: 1222
BOM: XS594080.00017
Substitution Status: SI
New Part Number: X59399100240
Superseded List: X59308300011";BANJO SCREW;;20VM93L-83;20V4000M93L, Superseded, importar;simple;https://milu-naval.mystagingwebsite.com/wp-content/uploads/2026/02/20V4000M93L-1222-01-65.webp;20V4000M93L;1222;65;XS594080.00017;BANJO SCREW;;79.300 g;SI;X59399100240;X59308300011;ok;importar;import_superseded;relacion superseded clara;import_superseded;relacion superseded clara;engine_20V4000M93L.json;1800683;1222;X59308300011;BANJO SCREW;;79.300 g;SI;Superseded;X59399100240;X59308300011;ok;importar;yes
000912010118;SCREW;000912010118;publish;"Engine: 16V4000M73
Part Number: 000912010118
Designation: SCREW
Measurement: 
Weight: 85.500 g
Source Page: 124
BOM: XS594080.00017
Substitution Status: SI
New Part Number: 5559901501
Superseded List: 000912010118";SCREW;;16VM73-83;16V4000M73, Superseded, importar;simple;https://milu-naval.mystagingwebsite.com/wp-content/uploads/2026/02/16V4000M73-0123-01-200.webp;16V4000M73;124;200;XS594080.00017;SCREW;;85.500 g;SI;5559901501;000912010118;ok;importar;import_superseded;conflictos detectados: weight_conflict | relacion superseded clara;import_superseded;conflictos detectados: weight_conflict | relacion superseded clara;engine_16V4000M73.json;1400726;124;000912010118;SCREW;;85.500 g;SI;Superseded;5559901501;000912010118;ok;importar;yes
0009902164;THREADED NIPPLE;0009902164;publish;"Engine: 16V4000M90
Part Number: 0009902164
Designation: THREADED NIPPLE
Measurement: 
Weight: 151.400 g M30X 1,5 / M32 X1,5
Source Page: 124
BOM: X00039852
Substitution Status: SI
New Part Number: X54799101642
Superseded List: 0009902164";THREADED NIPPLE;;16VM90-86;16V4000M90, Superseded, importar;simple;https://milu-naval.mystagingwebsite.com/wp-content/uploads/2026/02/16V4000M90-0124-01-90.webp;16V4000M90;124;90;X00039852;THREADED NIPPLE;;151.400 g M30X 1,5 / M32 X1,5;SI;X54799101642;0009902164;ok;importar;import_superseded;relacion superseded clara;import_superseded;relacion superseded clara;engine_16V4000M90.json;1600756;124;0009902164;THREADED NIPPLE;;151.400 g M30X 1,5 / M32 X1,5;SI;Superseded;X54799101642;0009902164;ok;importar;yes
000125010521;WASHER;000125010521;publish;"Engine: 16V4000M73L
Part Number: 000125010521
Designation: WASHER
Measurement: A 10,5
Weight: 3,490 G
Source Page: 114
BOM: X59408300026
Substitution Status: SI
New Part Number: 000125010524
Superseded List: 000125010521";WASHER;;16VM73L-83;16V4000M73L, Superseded, importar;simple;https://milu-naval.mystagingwebsite.com/wp-content/uploads/2026/02/16V4000M73L-0113-01-260.webp;16V4000M73L;114;260;X59408300026;WASHER;A 10,5;3,490 G;SI;000125010524;000125010521;ok;importar;import_superseded;conflictos detectados: weight_conflict | relacion superseded clara;import_superseded;conflictos detectados: weight_conflict | relacion superseded clara;engine_16V4000M73L.json;1500605;114;000125010521;WASHER;A 10,5;3,490 G;SI;Superseded;000125010524;000125010521;ok;importar;yes
000580008001;EYE BOLT;000580008001;publish;"Engine: 16V4000M73L
Part Number: 000580008001
Designation: EYE BOLT
Measurement: M 8
Weight: 56 G
Source Page: 114
BOM: X59408300026
Substitution Status: SI
New Part Number: T80092562
Superseded List: 000580008001";EYE BOLT;;16VM73L-83;16V4000M73L, Superseded, importar;simple;https://milu-naval.mystagingwebsite.com/wp-content/uploads/2026/02/16V4000M73L-0113-01-290.webp;16V4000M73L;114;290;X59408300026;EYE BOLT;M 8;56 G;SI;T80092562;000580008001;ok;importar;import_superseded;conflictos detectados: weight_conflict | relacion superseded clara;import_superseded;conflictos detectados: weight_conflict | relacion superseded clara;engine_16V4000M73L.json;1500607;114;000580008001;EYE BOLT;M 8;56 G;SI;Superseded;T80092562;000580008001;ok;importar;yes
X59408300033/89;FUEL PREFILTER;x59408300033-89;publish;"Engine: 16V4000M73
Part Number: X59408300033/89
Designation: FUEL PREFILTER
Measurement: 
Weight: 
Source Page: 128
BOM: XS594080.00051
Substitution Status: SI
New Part Number: X59408300096/87
Superseded List: X59408300033/89";FUEL PREFILTER;;16VM73-83;16V4000M73, Superseded, importar;simple;https://milu-naval.mystagingwebsite.com/wp-content/uploads/2026/02/16V4000M73-0128-01-20.webp;16V4000M73;128;20;XS594080.00051;FUEL PREFILTER;;;SI;X59408300096/87;X59408300033/89;ok;importar;import_superseded;relacion superseded clara;import_superseded;relacion superseded clara;engine_16V4000M73.json;1400771;128;X59408300033/89;FUEL PREFILTER;;;SI;Superseded;X59408300096/87;X59408300033/89;ok;importar;yes
XP59408300034;FILTER CARTRIDGE;xp59408300034;publish;"Engine: 16V4000M73
Part Number: XP59408300034
Designation: FILTER CARTRIDGE
Measurement: ERSATZ FUER X
Weight: 1.460 kg
Source Page: 129
BOM: X59408300033
Substitution Status: SI
New Part Number: XP59408300095
Superseded List: XP59408300034";FILTER CARTRIDGE;;16VM73-83;16V4000M73, Superseded, importar;simple;https://milu-naval.mystagingwebsite.com/wp-content/uploads/2026/02/16V4000M73-0129-01-110.webp;16V4000M73;129;110;X59408300033;FILTER CARTRIDGE;ERSATZ FUER X;1.460 kg;SI;XP59408300095;XP59408300034;ok;importar;import_superseded;conflictos detectados: designation_conflict | relacion superseded clara;import_superseded;conflictos detectados: designation_conflict | relacion superseded clara;engine_16V4000M73.json;1400774;129;XP59408300034;FILTER CARTRIDGE;ERSATZ FUER X;1.460 kg;SI;Superseded;XP59408300095;XP59408300034;ok;importar;yes
X00E50200724;LEVEL MONITOR;x00e50200724;publish;"Engine: 16V4000M73
Part Number: X00E50200724
Designation: LEVEL MONITOR
Measurement: WASSERSONDE,
Weight: 28.500 g
Source Page: 129
BOM: X59408300033
Substitution Status: SI
New Part Number: X00E50209325
Superseded List: X00E50200724";LEVEL MONITOR;;16VM73-83;16V4000M73, Superseded, importar;simple;https://milu-naval.mystagingwebsite.com/wp-content/uploads/2026/02/16V4000M73-0129-01-80.webp;16V4000M73;129;80;X59408300033;LEVEL MONITOR;WASSERSONDE,;28.500 g;SI;X00E50209325;X00E50200724;ok;importar;import_superseded;relacion superseded clara;import_superseded;relacion superseded clara;engine_16V4000M73.json;1400782;129;X00E50200724;LEVEL MONITOR;WASSERSONDE,;28.500 g;SI;Superseded;X00E50209325;X00E50200724;ok;importar;yes
X52408200010;FUEL LINE TO PLATE-CORE COOLE;x52408200010;publish;"Engine: 16V4000M73
Part Number: X52408200010
Designation: FUEL LINE TO PLATE-CORE COOLE
Measurement: 
Weight: 0.2 KGM
Source Page: 132
BOM: XS595080.00014
Substitution Status: SI
New Part Number: X59408200026
Superseded List: X52408200010";FUEL LINE TO PLATE-CORE COOLE;;16VM73-86;16V4000M73, Superseded, importar;simple;https://milu-naval.mystagingwebsite.com/wp-content/uploads/2026/02/16V4000M73-0131-01-430.webp;16V4000M73;132;430;XS595080.00014;FUEL LINE TO PLATE-CORE COOLE;;0.2 KGM;SI;X59408200026;X52408200010;ok;importar;import_superseded;relacion superseded clara;import_superseded;relacion superseded clara;engine_16V4000M73.json;1400811;132;X52408200010;FUEL LINE TO PLATE-CORE COOLE;;0.2 KGM;SI;Superseded;X59408200026;X52408200010;ok;importar;yes
5840983726;BRACKET;5840983726;publish;"Engine: 16V4000M73
Part Number: 5840983726
Designation: BRACKET
Measurement: 
Weight: 52.800 g
Source Page: 132
BOM: XS595080.00014
Substitution Status: SI
New Part Number: X59608400001
Superseded List: 5840983726";BRACKET;;16VM73-86;16V4000M73, Superseded, importar;simple;https://milu-naval.mystagingwebsite.com/wp-content/uploads/2026/02/16V4000M73-0131-01-460.webp;16V4000M73;132;460;XS595080.00014;BRACKET;;52.800 g;SI;X59608400001;5840983726;ok;importar;import_superseded;relacion superseded clara;import_superseded;relacion superseded clara;engine_16V4000M73.json;1400813;132;5840983726;BRACKET;;52.800 g;SI;Superseded;X59608400001;5840983726;ok;importar;yes
X59510100079;EXHAUST TURBOCHARGER LEFT ZR205;x59510100079;publish;"Engine: 16V4000M73
Part Number: X59510100079
Designation: EXHAUST TURBOCHARGER LEFT ZR205
Measurement: 
Weight: 114.000 kg EM
Source Page: 138
BOM: XS595100.00020
Substitution Status: SI
New Part Number: EX59510100079
Superseded List: X59510100079";EXHAUST TURBOCHARGER LEFT ZR205;;16VM73-101;16V4000M73, Superseded, importar;simple;https://milu-naval.mystagingwebsite.com/wp-content/uploads/2026/02/16V4000M73-0138-01-10.webp;16V4000M73;138;10;XS595100.00020;EXHAUST TURBOCHARGER LEFT ZR205;;114.000 kg EM;SI;EX59510100079;X59510100079;ok;importar;import_superseded;conflictos detectados: designation_conflict, weight_conflict | relacion superseded clara;import_superseded;conflictos detectados: designation_conflict, weight_conflict | relacion superseded clara;engine_16V4000M73.json;1400855;138;X59510100079;EXHAUST TURBOCHARGER LEFT ZR205;;114.000 kg EM;SI;Superseded;EX59510100079;X59510100079;ok;importar;yes
X59510100080;EXHAUST TURBOCHARGER RIGHT;x59510100080;publish;"Engine: 16V4000M73L
Part Number: X59510100080
Designation: EXHAUST TURBOCHARGER RIGHT
Measurement: 
Weight: 107 KG EM
Source Page: 123
BOM: XS595100.00020
Substitution Status: SI
New Part Number: EX59510100080
Superseded List: X59510100080";EXHAUST TURBOCHARGER RIGHT;;16VM73L-100;16V4000M73L, Superseded, importar;simple;https://milu-naval.mystagingwebsite.com/wp-content/uploads/2026/02/16V4000M73L-0123-01-20.webp;16V4000M73L;123;20;XS595100.00020;EXHAUST TURBOCHARGER RIGHT;;107 KG EM;SI;EX59510100080;X59510100080;ok;importar;import_superseded;acciones QA contradictorias para el mismo PN | estado QA requiere revision manual | conflictos detectados: designation_conflict, weight_conflict | relacion superseded clara;import_superseded;acciones QA contradictorias para el mismo PN | estado QA requiere revision manual | conflictos detectados: designation_conflict, weight_conflict | relacion superseded clara;engine_16V4000M73L.json;1500671;123;X59510100080;EXHAUST TURBOCHARGER RIGHT;;107 KG EM;SI;Superseded;EX59510100080;X59510100080;ok;importar;yes
X00040711;BUSHING;x00040711;publish;"Engine: 16V4000M73
Part Number: X00040711
Designation: BUSHING
Measurement: 
Weight: 203.500 g
Source Page: 147
BOM: X59510100080
Substitution Status: SI
New Part Number: XT3499100005
Superseded List: X00040711";BUSHING;;16VM73-101;16V4000M73, Superseded, importar;simple;https://milu-naval.mystagingwebsite.com/wp-content/uploads/2026/02/16V4000M73-0146-01-520.webp;16V4000M73;147;520;X59510100080;BUSHING;;203.500 g;SI;XT3499100005;X00040711;ok;importar;import_superseded;conflictos detectados: weight_conflict | ya existe en WordPress/product-export | relacion superseded clara;import_superseded;conflictos detectados: weight_conflict | ya existe en WordPress/product-export | relacion superseded clara;engine_16V4000M73.json;1400983;147;X00040711;BUSHING;;203.500 g;SI;Superseded;XT3499100005;X00040711;ok;importar;yes
X00040708;BUSHING;x00040708;publish;"Engine: 16V4000M73
Part Number: X00040708
Designation: BUSHING
Measurement: 
Weight: 325.200 g
Source Page: 147
BOM: X59510100080
Substitution Status: SI
New Part Number: XT3499100004
Superseded List: X00040708";BUSHING;;16VM73-101;16V4000M73, Superseded, importar;simple;https://milu-naval.mystagingwebsite.com/wp-content/uploads/2026/02/16V4000M73-0146-01-530.webp;16V4000M73;147;530;X59510100080;BUSHING;;325.200 g;SI;XT3499100004;X00040708;ok;importar;import_superseded;conflictos detectados: weight_conflict | ya existe en WordPress/product-export | relacion superseded clara;import_superseded;conflictos detectados: weight_conflict | ya existe en WordPress/product-export | relacion superseded clara;engine_16V4000M73.json;1400984;147;X00040708;BUSHING;;325.200 g;SI;Superseded;XT3499100004;X00040708;ok;importar;yes
X59511400003/31;INTERCOOLER;x59511400003-31;publish;"Engine: 16V4000M73
Part Number: X59511400003/31
Designation: INTERCOOLER
Measurement: 
Weight: 585.000 kg EM
Source Page: 151
BOM: XS595110.00006
Substitution Status: SI
New Part Number: EX59511400011/31
Superseded List: X59511400003/31";INTERCOOLER;;16VM73-110;16V4000M73, Superseded, importar;simple;https://milu-naval.mystagingwebsite.com/wp-content/uploads/2026/02/16V4000M73-0151-01-10.webp;16V4000M73;151;10;XS595110.00006;INTERCOOLER;;585.000 kg EM;SI;EX59511400011/31;X59511400003/31;ok;importar;import_superseded;relacion superseded clara;import_superseded;relacion superseded clara;engine_16V4000M73.json;1401000;151;X59511400003/31;INTERCOOLER;;585.000 kg EM;SI;Superseded;EX59511400011/31;X59511400003/31;ok;importar;yes
X59511400008;HEAT SHIELD;x59511400008;publish;"Engine: 16V4000M73
Part Number: X59511400008
Designation: HEAT SHIELD
Measurement: 
Weight: 3.971 kg
Source Page: 151
BOM: XS595110.00006
Substitution Status: SI
New Part Number: X59511400043
Superseded List: X59511400008";HEAT SHIELD;;16VM73-110;16V4000M73, Superseded, importar;simple;https://milu-naval.mystagingwebsite.com/wp-content/uploads/2026/02/16V4000M73-0151-01-15.webp;16V4000M73;151;15;XS595110.00006;HEAT SHIELD;;3.971 kg;SI;X59511400043;X59511400008;ok;importar;import_superseded;relacion superseded clara;import_superseded;relacion superseded clara;engine_16V4000M73.json;1401004;151;X59511400008;HEAT SHIELD;;3.971 kg;SI;Superseded;X59511400043;X59511400008;ok;importar;yes
X59611100003;BRACKET LEFT;x59611100003;publish;"Engine: 16V4000M73
Part Number: X59611100003
Designation: BRACKET LEFT
Measurement: 
Weight: 35.222 kg
Source Page: 151
BOM: XS595110.00006
Substitution Status: SI
New Part Number: X59611400083
Superseded List: X59611100003";BRACKET LEFT;;16VM73-110;16V4000M73, Superseded, importar;simple;https://milu-naval.mystagingwebsite.com/wp-content/uploads/2026/02/16V4000M73-0151-01-30.webp;16V4000M73;151;30;XS595110.00006;BRACKET LEFT;;35.222 kg;SI;X59611400083;X59611100003;ok;importar;import_superseded;relacion superseded clara;import_superseded;relacion superseded clara;engine_16V4000M73.json;1401017;151;X59611100003;BRACKET LEFT;;35.222 kg;SI;Superseded;X59611400083;X59611100003;ok;importar;yes
X59611300003;BRACKET RIGHT;x59611300003;publish;"Engine: 16V4000M73
Part Number: X59611300003
Designation: BRACKET RIGHT
Measurement: 
Weight: 36.388 kg
Source Page: 151
BOM: XS595110.00006
Substitution Status: SI
New Part Number: X59611400084
Superseded List: X59611300003";BRACKET RIGHT;;16VM73-110;16V4000M73, Superseded, importar;simple;https://milu-naval.mystagingwebsite.com/wp-content/uploads/2026/02/16V4000M73-0151-01-40.webp;16V4000M73;151;40;XS595110.00006;BRACKET RIGHT;;36.388 kg;SI;X59611400084;X59611300003;ok;importar;import_superseded;acciones QA contradictorias para el mismo PN | estado QA requiere revision manual | conflictos detectados: designation_conflict | relacion superseded clara;import_superseded;acciones QA contradictorias para el mismo PN | estado QA requiere revision manual | conflictos detectados: designation_conflict | relacion superseded clara;engine_16V4000M73.json;1401018;151;X59611300003;BRACKET RIGHT;;36.388 kg;SI;Superseded;X59611400084;X59611300003;ok;importar;yes
XP52711400023;INTERCOOLER;xp52711400023;publish;"Engine: 16V4000M73
Part Number: XP52711400023
Designation: INTERCOOLER
Measurement: 
Weight: 440.000 kg
Source Page: 152
BOM: X59511400003
Substitution Status: SI
New Part Number: XP59511400038/87
Superseded List: XP52711400023";INTERCOOLER;;16VM73-110;16V4000M73, Superseded, importar;simple;https://milu-naval.mystagingwebsite.com/wp-content/uploads/2026/02/16V4000M73-0152-01-10.webp;16V4000M73;152;10;X59511400003;INTERCOOLER;;440.000 kg;SI;XP59511400038/87;XP52711400023;ok;importar;import_superseded;relacion superseded clara;import_superseded;relacion superseded clara;engine_16V4000M73.json;1401026;152;XP52711400023;INTERCOOLER;;440.000 kg;SI;Superseded;XP59511400038/87;XP52711400023;ok;importar;yes
X59612300016;INTAKE HOUSING;x59612300016;publish;"Engine: 16V4000M73
Part Number: X59612300016
Designation: INTAKE HOUSING
Measurement: 
Weight: 14.860 kg EM
Source Page: 159
BOM: XS594120.00027
Substitution Status: SI
New Part Number: X59612300090
Superseded List: X59612300016";INTAKE HOUSING;;16VM73-123;16V4000M73, Superseded, importar;simple;https://milu-naval.mystagingwebsite.com/wp-content/uploads/2026/02/16V4000M73-0159-01-50.webp;16V4000M73;159;50;XS594120.00027;INTAKE HOUSING;;14.860 kg EM;SI;X59612300090;X59612300016;ok;importar;import_superseded;conflictos detectados: weight_conflict | relacion superseded clara;import_superseded;conflictos detectados: weight_conflict | relacion superseded clara;engine_16V4000M73.json;1401051;159;X59612300016;INTAKE HOUSING;;14.860 kg EM;SI;Superseded;X59612300090;X59612300016;ok;importar;yes
X00043025;CHARGE-AIR LINE END MEMBER, RIGHT BR4000;x00043025;publish;"Engine: 20V4000M93L
Part Number: X00043025
Designation: CHARGE-AIR LINE END MEMBER, RIGHT BR4000
Measurement: 
Weight: 7.700 kg EM
Source Page: 1279
BOM: XS596120.00001
Substitution Status: SI
New Part Number: X59412400026
Superseded List: X00043025";CHARGE-AIR LINE END MEMBER, RIGHT BR4000;;20VM93L-124;20V4000M93L, Superseded, importar;simple;https://milu-naval.mystagingwebsite.com/wp-content/uploads/2026/02/20V4000M93L-1278-02-70.webp;20V4000M93L;1279;70;XS596120.00001;CHARGE-AIR LINE END MEMBER, RIGHT BR4000;;7.700 kg EM;SI;X59412400026;X00043025;ok;importar;import_superseded;acciones QA contradictorias para el mismo PN | estado QA requiere revision manual | conflictos detectados: designation_conflict | ya existe en WordPress/product-export | relacion superseded clara;import_superseded;acciones QA contradictorias para el mismo PN | estado QA requiere revision manual | conflictos detectados: designation_conflict | ya existe en WordPress/product-export | relacion superseded clara;engine_20V4000M93L.json;1801267;1279;X00043025;CHARGE-AIR LINE END MEMBER, RIGHT BR4000;;7.700 kg EM;SI;Superseded;X59412400026;X00043025;ok;importar;yes
5261800465/31;OIL COOLER LR ACCEPTANCE 4000-03;5261800465-31;publish;"Engine: 16V4000M73
Part Number: 5261800465/31
Designation: OIL COOLER LR ACCEPTANCE 4000-03
Measurement: 
Weight: 
Source Page: 209
BOM: XS595180.00021
Substitution Status: SI
New Part Number: X59518300021/31
Superseded List: 5261800465/31";OIL COOLER LR ACCEPTANCE 4000-03;;16VM73-180;16V4000M73, Superseded, importar;simple;https://milu-naval.mystagingwebsite.com/wp-content/uploads/2026/02/16V4000M73-0209-01-20.webp;16V4000M73;209;20;XS595180.00021;OIL COOLER LR ACCEPTANCE 4000-03;;;SI;X59518300021/31;5261800465/31;ok;importar;import_superseded;relacion superseded clara;import_superseded;relacion superseded clara;engine_16V4000M73.json;1401542;209;5261800465/31;OIL COOLER LR ACCEPTANCE 4000-03;;;SI;Superseded;X59518300021/31;5261800465/31;ok;importar;yes
X52718300038/31;AUTOMATIC OIL FILTER;x52718300038-31;publish;"Engine: 16V4000M73
Part Number: X52718300038/31
Designation: AUTOMATIC OIL FILTER
Measurement: 
Weight: 
Source Page: 219
BOM: XS594180.00042
Substitution Status: SI
New Part Number: X52718300069/31
Superseded List: X52718300038/31";AUTOMATIC OIL FILTER;;16VM73-183;16V4000M73, Superseded, importar;simple;https://milu-naval.mystagingwebsite.com/wp-content/uploads/2026/02/16V4000M73-0219-01-50.webp;16V4000M73;219;50;XS594180.00042;AUTOMATIC OIL FILTER;;;SI;X52718300069/31;X52718300038/31;ok;importar;import_superseded;relacion superseded clara;import_superseded;relacion superseded clara;engine_16V4000M73.json;1401610;219;X52718300038/31;AUTOMATIC OIL FILTER;;;SI;Superseded;X52718300069/31;X52718300038/31;ok;importar;yes
X00031805;SEALING RING BR 8000;x00031805;publish;"Engine: 16V4000M73
Part Number: X00031805
Designation: SEALING RING BR 8000
Measurement: 
Weight: A13X18,0X1,5 DIN7603
Source Page: 222
BOM: X52718300038
Substitution Status: SI
New Part Number: 705057013000
Superseded List: X00031805";SEALING RING BR 8000;;16VM73-183;16V4000M73, Superseded, importar;simple;https://milu-naval.mystagingwebsite.com/wp-content/uploads/2026/02/16V4000M73-0220-02-420.webp;16V4000M73;222;420;X52718300038;SEALING RING BR 8000;;A13X18,0X1,5 DIN7603;SI;705057013000;X00031805;ok;importar;import_superseded;ya existe en WordPress/product-export | relacion superseded clara;import_superseded;ya existe en WordPress/product-export | relacion superseded clara;engine_16V4000M73.json;1401653;222;X00031805;SEALING RING BR 8000;;A13X18,0X1,5 DIN7603;SI;Superseded;705057013000;X00031805;ok;importar;yes
8691840034;FILTERING SCREEN;8691840034;publish;"Engine: 16V4000M73
Part Number: 8691840034
Designation: FILTERING SCREEN
Measurement: 
Weight: 187.200 g
Source Page: 222
BOM: X52718300038
Substitution Status: SI
New Part Number: XP52718300090
Superseded List: 8691840034";FILTERING SCREEN;;16VM73-183;16V4000M73, Superseded, importar;simple;https://milu-naval.mystagingwebsite.com/wp-content/uploads/2026/02/16V4000M73-0221-01-590.webp;16V4000M73;222;590;X52718300038;FILTERING SCREEN;;187.200 g;SI;XP52718300090;8691840034;ok;importar;import_superseded;acciones QA contradictorias para el mismo PN | estado QA requiere revision manual | conflictos detectados: designation_conflict, weight_conflict | relacion superseded clara;import_superseded;acciones QA contradictorias para el mismo PN | estado QA requiere revision manual | conflictos detectados: designation_conflict, weight_conflict | relacion superseded clara;engine_16V4000M73.json;1401670;222;8691840034;FILTERING SCREEN;;187.200 g;SI;Superseded;XP52718300090;8691840034;ok;importar;yes
23540432;FILTER 4 LITER CENTRIFUGAL SPINNER OIL;23540432;publish;"Engine: 16V4000M73
Part Number: 23540432
Designation: FILTER 4 LITER CENTRIFUGAL SPINNER OIL
Measurement: 
Weight: 
Source Page: 227
BOM: 180.00189
Substitution Status: SI
New Part Number: X52718300040
Superseded List: ";FILTER 4 LITER CENTRIFUGAL SPINNER OIL;;16VM73-183;16V4000M73, Superseded, revisar;simple;https://milu-naval.mystagingwebsite.com/wp-content/uploads/2026/02/16V4000M73-0227-01-100.webp;16V4000M73;227;100;180.00189;FILTER 4 LITER CENTRIFUGAL SPINNER OIL;;;SI;X52718300040;;pendiente;revisar;import_superseded;estado QA requiere revision manual | relacion superseded clara;import_superseded;estado QA requiere revision manual | relacion superseded clara;engine_16V4000M73.json;1401708;227;;FILTER 4 LITER CENTRIFUGAL SPINNER OIL;;;SI;Superseded;X52718300040;;pendiente;revisar;yes
5281840609;FLANGE;5281840609;publish;"Engine: 16V4000M73
Part Number: 5281840609
Designation: FLANGE
Measurement: 
Weight: 0.22 KGM
Source Page: 227
BOM: 180.00189
Substitution Status: SI
New Part Number: X52899100978
Superseded List: 5281840609";FLANGE;;16VM73-183;16V4000M73, Superseded, importar;simple;https://milu-naval.mystagingwebsite.com/wp-content/uploads/2026/02/16V4000M73-0227-01-45.webp;16V4000M73;227;45;180.00189;FLANGE;;0.22 KGM;SI;X52899100978;5281840609;ok;importar;import_superseded;relacion superseded clara;import_superseded;relacion superseded clara;engine_16V4000M73.json;1401713;227;5281840609;FLANGE;;0.22 KGM;SI;Superseded;X52899100978;5281840609;ok;importar;yes
23540465;PAPER ELEMENT;23540465;publish;"Engine: 16V4000M73
Part Number: 23540465
Designation: PAPER ELEMENT
Measurement: 
Weight: 0.002 kg 1 ST. GLEICH 1 PAPIERSTREIFEN
Source Page: 229
BOM: 23540455
Substitution Status: SI
New Part Number: XP52718300060
Superseded List: ";PAPER ELEMENT;;16VM73-183;16V4000M73, Superseded, revisar;simple;https://milu-naval.mystagingwebsite.com/wp-content/uploads/2026/02/16V4000M73-0229-01-80.webp;16V4000M73;229;80;23540455;PAPER ELEMENT;;0.002 kg 1 ST. GLEICH 1 PAPIERSTREIFEN;SI;XP52718300060;;pendiente;revisar;import_superseded;estado QA requiere revision manual | conflictos detectados: designation_conflict, weight_conflict | relacion superseded clara;import_superseded;estado QA requiere revision manual | conflictos detectados: designation_conflict, weight_conflict | relacion superseded clara;engine_16V4000M73.json;1401740;229;;PAPER ELEMENT;;0.002 kg 1 ST. GLEICH 1 PAPIERSTREIFEN;SI;Superseded;XP52718300060;;pendiente;revisar;yes
X59518500011;RETAINER;x59518500011;publish;"Engine: 16V4000M73
Part Number: X59518500011
Designation: RETAINER
Measurement: 
Weight: 519.000 g
Source Page: 234
BOM: XS526180.00035
Substitution Status: SI
New Part Number: X59499101540
Superseded List: X59518500011";RETAINER;;16VM73-185;16V4000M73, Superseded, importar;simple;https://milu-naval.mystagingwebsite.com/wp-content/uploads/2026/02/16V4000M73-0234-01-1400.webp;16V4000M73;234;1400;XS526180.00035;RETAINER;;519.000 g;SI;X59499101540;X59518500011;ok;importar;import_superseded;conflictos detectados: weight_conflict | relacion superseded clara;import_superseded;conflictos detectados: weight_conflict | relacion superseded clara;engine_16V4000M73.json;1401771;234;X59518500011;RETAINER;;519.000 g;SI;Superseded;X59499101540;X59518500011;ok;importar;yes
X52418900009;GEAR PUMP FOR OIL MONITORING;x52418900009;publish;"Engine: 16V4000M73
Part Number: X52418900009
Designation: GEAR PUMP FOR OIL MONITORING
Measurement: 
Weight: 9.700 kg
Source Page: 241
BOM: XS595180.00060
Substitution Status: SI
New Part Number: X52418900022
Superseded List: X52418900009";GEAR PUMP FOR OIL MONITORING;;16VM73-189;16V4000M73, Superseded, importar;simple;https://milu-naval.mystagingwebsite.com/wp-content/uploads/2026/02/16V4000M73-0240-01-200.webp;16V4000M73;241;200;XS595180.00060;GEAR PUMP FOR OIL MONITORING;;9.700 kg;SI;X52418900022;X52418900009;ok;importar;import_superseded;ya existe en WordPress/product-export | relacion superseded clara;import_superseded;ya existe en WordPress/product-export | relacion superseded clara;engine_16V4000M73.json;1401856;241;X52418900009;GEAR PUMP FOR OIL MONITORING;;9.700 kg;SI;Superseded;X52418900022;X52418900009;ok;importar;yes
X00036684;COOLANT PUMP;x00036684;publish;"Engine: 16V4000M73
Part Number: X00036684
Designation: COOLANT PUMP
Measurement: 
Weight: 30.750 kg
Source Page: 248
BOM: XS595200.00014
Substitution Status: SI
New Part Number: EX54920200040
Superseded List: X00036684";COOLANT PUMP;;16VM73-202;16V4000M73, Superseded, importar;simple;https://milu-naval.mystagingwebsite.com/wp-content/uploads/2026/02/16V4000M73-0247-01-50.webp;16V4000M73;248;50;XS595200.00014;COOLANT PUMP;;30.750 kg;SI;EX54920200040;X00036684;ok;importar;import_superseded;conflictos detectados: weight_conflict | relacion superseded clara;import_superseded;conflictos detectados: weight_conflict | relacion superseded clara;engine_16V4000M73.json;1401891;248;X00036684;COOLANT PUMP;;30.750 kg;SI;Superseded;EX54920200040;X00036684;ok;importar;yes
X59520200167;PREHEATER 3-PHASIG, 12 KW, 400 V, 50 HZ,;x59520200167;publish;"Engine: 16V4000M73
Part Number: X59520200167
Designation: PREHEATER 3-PHASIG, 12 KW, 400 V, 50 HZ,
Measurement: 
Weight: 
Source Page: 264
BOM: XS595200.00103
Substitution Status: SI
New Part Number: X59320200152
Superseded List: X59520200167";PREHEATER 3-PHASIG, 12 KW, 400 V, 50 HZ,;;16VM73-202;16V4000M73, Superseded, importar;simple;https://milu-naval.mystagingwebsite.com/wp-content/uploads/2026/02/16V4000M73-0264-01-10.webp;16V4000M73;264;10;XS595200.00103;PREHEATER 3-PHASIG, 12 KW, 400 V, 50 HZ,;;;SI;X59320200152;X59520200167;ok;importar;import_superseded;relacion superseded clara;import_superseded;relacion superseded clara;engine_16V4000M73.json;1402092;264;X59520200167;PREHEATER 3-PHASIG, 12 KW, 400 V, 50 HZ,;;;SI;Superseded;X59320200152;X59520200167;ok;importar;yes
X59520200024;COOLANT LINE;x59520200024;publish;"Engine: 16V4000M73L
Part Number: X59520200024
Designation: COOLANT LINE
Measurement: 
Weight: 10,040 KG
Source Page: 263
BOM: XS595200.00020
Substitution Status: SI
New Part Number: X59420200378
Superseded List: X59520200024";COOLANT LINE;;16VM73L-202;16V4000M73L, Superseded, importar;simple;https://milu-naval.mystagingwebsite.com/wp-content/uploads/2026/02/16V4000M73L-0263-01-150.webp;16V4000M73L;263;150;XS595200.00020;COOLANT LINE;;10,040 KG;SI;X59420200378;X59520200024;ok;importar;import_superseded;conflictos detectados: designation_conflict | relacion superseded clara;import_superseded;conflictos detectados: designation_conflict | relacion superseded clara;engine_16V4000M73L.json;1501934;263;X59520200024;COOLANT LINE;;10,040 KG;SI;Superseded;X59420200378;X59520200024;ok;importar;yes
X00044892;PARTITION PLAT E;x00044892;publish;"Engine: 16V4000M73
Part Number: X00044892
Designation: PARTITION PLAT E
Measurement: 
Weight: 7.660 kg
Source Page: 279
BOM: X59520400008
Substitution Status: SI
New Part Number: X59420300055
Superseded List: X00044892";PARTITION PLAT E;;16VM73-204;16V4000M73, Superseded, revisar;simple;https://milu-naval.mystagingwebsite.com/wp-content/uploads/2026/02/16V4000M73-0279-01-300.webp;16V4000M73;279;300;X59520400008;PARTITION PLAT E;;7.660 kg;SI;X59420300055;X00044892;pendiente;revisar;import_superseded;estado QA requiere revision manual | conflictos detectados: weight_conflict | ya existe en WordPress/product-export | relacion superseded clara;import_superseded;estado QA requiere revision manual | conflictos detectados: weight_conflict | ya existe en WordPress/product-export | relacion superseded clara;engine_16V4000M73.json;1402332;279;X00044892;PARTITION PLAT E;;7.660 kg;SI;Superseded;X59420300055;X00044892;pendiente;revisar;yes
X59620200128;COOLANT DISTRIBUTION HOUSING;x59620200128;publish;"Engine: 16V4000M73
Part Number: X59620200128
Designation: COOLANT DISTRIBUTION HOUSING
Measurement: 
Weight: 156.000 kg
Source Page: 285
BOM: XS595200.00013
Substitution Status: SI
New Part Number: X59320200160/75
Superseded List: X59620200128";COOLANT DISTRIBUTION HOUSING;;16VM73-206;16V4000M73, Superseded, importar;simple;https://milu-naval.mystagingwebsite.com/wp-content/uploads/2026/02/16V4000M73-0285-01-50.webp;16V4000M73;285;50;XS595200.00013;COOLANT DISTRIBUTION HOUSING;;156.000 kg;SI;X59320200160/75;X59620200128;ok;importar;import_superseded;conflictos detectados: designation_conflict, weight_conflict | relacion superseded clara;import_superseded;conflictos detectados: designation_conflict, weight_conflict | relacion superseded clara;engine_16V4000M73.json;1402352;285;X59620200128;COOLANT DISTRIBUTION HOUSING;;156.000 kg;SI;Superseded;X59320200160/75;X59620200128;ok;importar;yes
X59620200127;COOLANT DISTRIB HSG;x59620200127;publish;"Engine: 16V4000M73
Part Number: X59620200127
Designation: COOLANT DISTRIB HSG
Measurement: 
Weight: 147.000 kg
Source Page: 286
BOM: X59620200128
Substitution Status: SI
New Part Number: X59320200160/75
Superseded List: X59620200127";COOLANT DISTRIB HSG;;16VM73-206;16V4000M73, Superseded, importar;simple;https://milu-naval.mystagingwebsite.com/wp-content/uploads/2026/02/16V4000M73-0286-01-50.webp;16V4000M73;286;50;X59620200128;COOLANT DISTRIB HSG;;147.000 kg;SI;X59320200160/75;X59620200127;ok;importar;import_superseded;relacion superseded clara;import_superseded;relacion superseded clara;engine_16V4000M73.json;1402363;286;X59620200127;COOLANT DISTRIB HSG;;147.000 kg;SI;Superseded;X59320200160/75;X59620200127;ok;importar;yes
X59420600011;THERMOSTAT HOUSING;x59420600011;publish;"Engine: 16V4000M73
Part Number: X59420600011
Designation: THERMOSTAT HOUSING
Measurement: 
Weight: 
Source Page: 287
BOM: XS595200.00016
Substitution Status: SI
New Part Number: X59420600020
Superseded List: X59420600011";THERMOSTAT HOUSING;;16VM73-206;16V4000M73, Superseded, importar;simple;https://milu-naval.mystagingwebsite.com/wp-content/uploads/2026/02/16V4000M73-0287-01-150.webp;16V4000M73;287;150;XS595200.00016;THERMOSTAT HOUSING;;;SI;X59420600020;X59420600011;ok;importar;import_superseded;relacion superseded clara;import_superseded;relacion superseded clara;engine_16V4000M73.json;1402379;287;X59420600011;THERMOSTAT HOUSING;;;SI;Superseded;X59420600020;X59420600011;ok;importar;yes
X52820200173;THERMAL ACTUATOR;x52820200173;publish;"Engine: 16V4000M73
Part Number: X52820200173
Designation: THERMAL ACTUATOR
Measurement: 
Weight: 
Source Page: 287
BOM: XS595200.00016
Substitution Status: SI
New Part Number: X59620600007
Superseded List: X52820200173";THERMAL ACTUATOR;;16VM73-206;16V4000M73, Superseded, importar;simple;https://milu-naval.mystagingwebsite.com/wp-content/uploads/2026/02/16V4000M73-0287-01-500.webp;16V4000M73;287;500;XS595200.00016;THERMAL ACTUATOR;;;SI;X59620600007;X52820200173;ok;importar;import_superseded;relacion superseded clara;import_superseded;relacion superseded clara;engine_16V4000M73.json;1402388;287;X52820200173;THERMAL ACTUATOR;;;SI;Superseded;X59620600007;X52820200173;ok;importar;yes
X59420700008;SEAWATER PUMP;x59420700008;publish;"Engine: 16V4000M73
Part Number: X59420700008
Designation: SEAWATER PUMP
Measurement: 
Weight: 44.000 kg
Source Page: 293
BOM: XS596200.00008
Substitution Status: SI
New Part Number: EX59420700080
Superseded List: X59420700008";SEAWATER PUMP;;16VM73-207;16V4000M73, Superseded, importar;simple;https://milu-naval.mystagingwebsite.com/wp-content/uploads/2026/02/16V4000M73-0292-01-5.webp;16V4000M73;293;5;XS596200.00008;SEAWATER PUMP;;44.000 kg;SI;EX59420700080;X59420700008;ok;importar;import_superseded;conflictos detectados: weight_conflict | relacion superseded clara;import_superseded;conflictos detectados: weight_conflict | relacion superseded clara;engine_16V4000M73.json;1402455;293;X59420700008;SEAWATER PUMP;;44.000 kg;SI;Superseded;EX59420700080;X59420700008;ok;importar;yes
X00037017;IMPELLER FOR SEAWATER PUMP;x00037017;publish;"Engine: 16V4000M73
Part Number: X00037017
Designation: IMPELLER FOR SEAWATER PUMP
Measurement: 
Weight: 
Source Page: 294
BOM: X59420700008
Substitution Status: SI
New Part Number: XP59420700027
Superseded List: X00037017";IMPELLER FOR SEAWATER PUMP;;16VM73-207;16V4000M73, Superseded, importar;simple;https://milu-naval.mystagingwebsite.com/wp-content/uploads/2026/02/16V4000M73-0294-01-600.webp;16V4000M73;294;600;X59420700008;IMPELLER FOR SEAWATER PUMP;;;SI;XP59420700027;X00037017;ok;importar;import_superseded;relacion superseded clara;import_superseded;relacion superseded clara;engine_16V4000M73.json;1402475;294;X00037017;IMPELLER FOR SEAWATER PUMP;;;SI;Superseded;XP59420700027;X00037017;ok;importar;yes
XP52725100046;O-RING;xp52725100046;publish;"Engine: 16V4000M73
Part Number: XP52725100046
Designation: O-RING
Measurement: 
Weight: 999.000 kg
Source Page: 312
BOM: X59525100013
Substitution Status: SI
New Part Number: XP52625100016
Superseded List: XP52725100046";O-RING;;16VM73-251;16V4000M73, Superseded, importar;simple;https://milu-naval.mystagingwebsite.com/wp-content/uploads/2026/02/16V4000M73-0311-01-240.webp;16V4000M73;312;240;X59525100013;O-RING;;999.000 kg;SI;XP52625100016;XP52725100046;ok;importar;import_superseded;relacion superseded clara;import_superseded;relacion superseded clara;engine_16V4000M73.json;1402598;312;XP52725100046;O-RING;;999.000 kg;SI;Superseded;XP52625100016;XP52725100046;ok;importar;yes
XP52725100047;O-RING;xp52725100047;publish;"Engine: 16V4000M73
Part Number: XP52725100047
Designation: O-RING
Measurement: 
Weight: 2.000 kg
Source Page: 312
BOM: X59525100013
Substitution Status: SI
New Part Number: XP52725100022
Superseded List: XP52725100047";O-RING;;16VM73-251;16V4000M73, Superseded, importar;simple;https://milu-naval.mystagingwebsite.com/wp-content/uploads/2026/02/16V4000M73-0311-01-260.webp;16V4000M73;312;260;X59525100013;O-RING;;2.000 kg;SI;XP52725100022;XP52725100047;ok;importar;import_superseded;ya existe en WordPress/product-export | relacion superseded clara;import_superseded;ya existe en WordPress/product-export | relacion superseded clara;engine_16V4000M73.json;1402600;312;XP52725100047;O-RING;;2.000 kg;SI;Superseded;XP52725100022;XP52725100047;ok;importar;yes
XP52725100048;O-RING;xp52725100048;publish;"Engine: 16V4000M73
Part Number: XP52725100048
Designation: O-RING
Measurement: 
Weight: 0.070 kg
Source Page: 312
BOM: X59525100013
Substitution Status: SI
New Part Number: XP52725100068
Superseded List: XP52725100048";O-RING;;16VM73-251;16V4000M73, Superseded, importar;simple;https://milu-naval.mystagingwebsite.com/wp-content/uploads/2026/02/16V4000M73-0311-01-270.webp;16V4000M73;312;270;X59525100013;O-RING;;0.070 kg;SI;XP52725100068;XP52725100048;ok;importar;import_superseded;relacion superseded clara;import_superseded;relacion superseded clara;engine_16V4000M73.json;1402601;312;XP52725100048;O-RING;;0.070 kg;SI;Superseded;XP52725100068;XP52725100048;ok;importar;yes
X00013978;TERMINAL FOR CYLINDER HEAD Busin;x00013978;publish;"Engine: 16V4000M73
Part Number: X00013978
Designation: TERMINAL FOR CYLINDER HEAD Busin
Measurement: 
Weight: 25.000 g
Source Page: 326
BOM: X00E50700740
Substitution Status: SI
New Part Number: X00E50209894
Superseded List: X00013978";TERMINAL FOR CYLINDER HEAD Busin;;16VM73-507;16V4000M73, Superseded, revisar;simple;https://milu-naval.mystagingwebsite.com/wp-content/uploads/2026/02/16V4000M73-0324-02-550.webp;16V4000M73;326;550;X00E50700740;TERMINAL FOR CYLINDER HEAD Busin;;25.000 g;SI;X00E50209894;X00013978;pendiente;revisar;import_superseded;estado QA requiere revision manual | conflictos detectados: designation_conflict | relacion superseded clara;import_superseded;estado QA requiere revision manual | conflictos detectados: designation_conflict | relacion superseded clara;engine_16V4000M73.json;1402778;326;X00013978;TERMINAL FOR CYLINDER HEAD Busin;;25.000 g;SI;Superseded;X00E50209894;X00013978;pendiente;revisar;yes
X52650200006;RETAINER TOP;x52650200006;publish;"Engine: 16V4000M73L
Part Number: X52650200006
Designation: RETAINER TOP
Measurement: 
Weight: 2,779 KG
Source Page: 342
BOM: XS595500.00022
Substitution Status: SI
New Part Number: X59450700616
Superseded List: X52650200006";RETAINER TOP;;16VM73L-507;16V4000M73L, Superseded, importar;simple;https://milu-naval.mystagingwebsite.com/wp-content/uploads/2026/02/16V4000M73L-0340-01-100.webp;16V4000M73L;342;100;XS595500.00022;RETAINER TOP;;2,779 KG;SI;X59450700616;X52650200006;ok;importar;import_superseded;conflictos detectados: designation_conflict, weight_conflict | relacion superseded clara;import_superseded;conflictos detectados: designation_conflict, weight_conflict | relacion superseded clara;engine_16V4000M73L.json;1502330;342;X52650200006;RETAINER TOP;;2,779 KG;SI;Superseded;X59450700616;X52650200006;ok;importar;yes
X59499100575;EXH PIPE BELLOWS;x59499100575;publish;"Engine: 16V4000M73
Part Number: X59499100575
Designation: EXH PIPE BELLOWS
Measurement: 
Weight: 
Source Page: 902
BOM: XS596140.00019
Substitution Status: SI
New Part Number: X54799101740/87
Superseded List: X59499100575";EXH PIPE BELLOWS;;16VM73-146;16V4000M73, Superseded, importar;simple;https://milu-naval.mystagingwebsite.com/wp-content/uploads/2026/02/16V4000M73-0902-01-120.webp;16V4000M73;902;120;XS596140.00019;EXH PIPE BELLOWS;;;SI;X54799101740/87;X59499100575;ok;importar;import_superseded;relacion superseded clara;import_superseded;relacion superseded clara;engine_16V4000M73.json;1407699;902;X59499100575;EXH PIPE BELLOWS;;;SI;Superseded;X54799101740/87;X59499100575;ok;importar;yes
X52718300010;OIL FILTER AUTOMATIC;x52718300010;publish;"Engine: 16V4000M73L
Part Number: X52718300010
Designation: OIL FILTER AUTOMATIC
Measurement: 
Weight: 
Source Page: 217
BOM: XS595180.00008
Substitution Status: SI
New Part Number: X52718300069
Superseded List: X52718300010";OIL FILTER AUTOMATIC;;16VM73L-183;16V4000M73L, Superseded, importar;simple;https://milu-naval.mystagingwebsite.com/wp-content/uploads/2026/02/16V4000M73L-0217-01-50.webp;16V4000M73L;217;50;XS595180.00008;OIL FILTER AUTOMATIC;;;SI;X52718300069;X52718300010;ok;importar;import_superseded;acciones QA contradictorias para el mismo PN | estado QA requiere revision manual | conflictos detectados: designation_conflict | relacion superseded clara;import_superseded;acciones QA contradictorias para el mismo PN | estado QA requiere revision manual | conflictos detectados: designation_conflict | relacion superseded clara;engine_16V4000M73L.json;1501414;217;X52718300010;OIL FILTER AUTOMATIC;;;SI;Superseded;X52718300069;X52718300010;ok;importar;yes
Z=5209684;CLAMPING RING;z-5209684;publish;"Engine: 16V4000M73
Part Number: Z=5209684
Designation: CLAMPING RING
Measurement: 
Weight: AB AUTOMATIKÖLFILTER
Source Page: 1285
BOM: X52718300010
Substitution Status: SI
New Part Number: XP52899100092
Superseded List: Z=5209684";CLAMPING RING;;16VM73-183;16V4000M73, Superseded, importar;simple;https://milu-naval.mystagingwebsite.com/wp-content/uploads/2026/02/16V4000M73-1284-01-450.webp;16V4000M73;1285;450;X52718300010;CLAMPING RING;;AB AUTOMATIKÖLFILTER;SI;XP52899100092;Z=5209684;ok;importar;import_superseded;ya existe en WordPress/product-export | relacion superseded clara;import_superseded;ya existe en WordPress/product-export | relacion superseded clara;engine_16V4000M73.json;1411183;1285;Z=5209684;CLAMPING RING;;AB AUTOMATIKÖLFILTER;SI;Superseded;XP52899100092;Z=5209684;ok;importar;yes
X59420500001;BASE PLATE;x59420500001;publish;"Engine: 16V4000M73
Part Number: X59420500001
Designation: BASE PLATE
Measurement: 
Weight: 120.000 kg AB
Source Page: 1340
BOM: XS595200.00010
Substitution Status: SI
New Part Number: X59420200252
Superseded List: X59420500001";BASE PLATE;;16VM73-204;16V4000M73, Superseded, importar;simple;https://milu-naval.mystagingwebsite.com/wp-content/uploads/2026/02/16V4000M73-1340-01-750.webp;16V4000M73;1340;750;XS595200.00010;BASE PLATE;;120.000 kg AB;SI;X59420200252;X59420500001;ok;importar;import_superseded;conflictos detectados: weight_conflict | ya existe en WordPress/product-export | relacion superseded clara;import_superseded;conflictos detectados: weight_conflict | ya existe en WordPress/product-export | relacion superseded clara;engine_16V4000M73.json;1411865;1340;X59420500001;BASE PLATE;;120.000 kg AB;SI;Superseded;X59420200252;X59420500001;ok;importar;yes
X59401100019;INSPECT PORT COVER W/OIL FILLER NECK;x59401100019;publish;"Engine: 20V4000M93L
Part Number: X59401100019
Designation: INSPECT PORT COVER W/OIL FILLER NECK
Measurement: 
Weight: 4.969 kg SB
Source Page: 1501
BOM: XS595010.00015
Substitution Status: SI
New Part Number: X59401100038
Superseded List: X59401100019";INSPECT PORT COVER W/OIL FILLER NECK;;20VM93L-11;20V4000M93L, Superseded, importar;simple;https://milu-naval.mystagingwebsite.com/wp-content/uploads/2026/02/20V4000M93L-1501-01-100.webp;20V4000M93L;1501;100;XS595010.00015;INSPECT PORT COVER W/OIL FILLER NECK;;4.969 kg SB;SI;X59401100038;X59401100019;ok;importar;import_superseded;acciones QA contradictorias para el mismo PN | estado QA requiere revision manual | conflictos detectados: designation_conflict | ya existe en WordPress/product-export | relacion superseded clara;import_superseded;acciones QA contradictorias para el mismo PN | estado QA requiere revision manual | conflictos detectados: designation_conflict | ya existe en WordPress/product-export | relacion superseded clara;engine_20V4000M93L.json;1803639;1501;X59401100019;INSPECT PORT COVER W/OIL FILLER NECK;;4.969 kg SB;SI;Superseded;X59401100038;X59401100019;ok;importar;yes
X59403200001;FLYWHEEL;x59403200001;publish;"Engine: 16V4000M73L
Part Number: X59403200001
Designation: FLYWHEEL
Measurement: 
Weight: 120 KG
Source Page: 53
BOM: XS594030.00050
Substitution Status: SI
New Part Number: EX59403200001
Superseded List: X59403200001";FLYWHEEL;;16VM73L-32;16V4000M73L, Superseded, importar;simple;https://milu-naval.mystagingwebsite.com/wp-content/uploads/2026/02/16V4000M73L-0053-01-100.webp;16V4000M73L;53;100;XS594030.00050;FLYWHEEL;;120 KG;SI;EX59403200001;X59403200001;ok;importar;import_superseded;acciones QA contradictorias para el mismo PN | estado QA requiere revision manual | conflictos detectados: designation_conflict | relacion superseded clara;import_superseded;acciones QA contradictorias para el mismo PN | estado QA requiere revision manual | conflictos detectados: designation_conflict | relacion superseded clara;engine_16V4000M73L.json;1500291;53;X59403200001;FLYWHEEL;;120 KG;SI;Superseded;EX59403200001;X59403200001;ok;importar;yes
X52404100139;CYLINDER HEAD W.VALVE + SEAT RING;x52404100139;publish;"Engine: 16V4000M73L
Part Number: X52404100139
Designation: CYLINDER HEAD W.VALVE + SEAT RING
Measurement: 
Weight: 
Source Page: 67
BOM: XS595040.00007
Substitution Status: SI
New Part Number: EX52904100372
Superseded List: X52404100139";CYLINDER HEAD W.VALVE + SEAT RING;;16VM73L-40;16V4000M73L, Superseded, importar;simple;https://milu-naval.mystagingwebsite.com/wp-content/uploads/2026/02/16V4000M73L-0066-01-200.webp;16V4000M73L;67;200;XS595040.00007;CYLINDER HEAD W.VALVE + SEAT RING;;;SI;EX52904100372;X52404100139;ok;importar;import_superseded;relacion superseded clara;import_superseded;relacion superseded clara;engine_16V4000M73L.json;1500345;67;X52404100139;CYLINDER HEAD W.VALVE + SEAT RING;;;SI;Superseded;EX52904100372;X52404100139;ok;importar;yes
X00009406;CYLINDER HEAD COVER;x00009406;publish;"Engine: 20V4000M93L
Part Number: X00009406
Designation: CYLINDER HEAD COVER
Measurement: 
Weight: 2.500 kg
Source Page: 1195
BOM: XS528010.00019
Substitution Status: SI
New Part Number: X52405500177
Superseded List: X00009406";CYLINDER HEAD COVER;;20VM93L-55;20V4000M93L, Superseded, importar;simple;https://milu-naval.mystagingwebsite.com/wp-content/uploads/2026/02/20V4000M93L-1195-01-10.webp;20V4000M93L;1195;10;XS528010.00019;CYLINDER HEAD COVER;;2.500 kg;SI;X52405500177;X00009406;ok;importar;import_superseded;relacion superseded clara;import_superseded;relacion superseded clara;engine_20V4000M93L.json;1800511;1195;X00009406;CYLINDER HEAD COVER;;2.500 kg;SI;Superseded;X52405500177;X00009406;ok;importar;yes
X59407500009;INJECTOR;x59407500009;publish;"Engine: 16V4000M73L
Part Number: X59407500009
Designation: INJECTOR
Measurement: 
Weight: 3,540 KG EM
Source Page: 89
BOM: XS595070.00005
Substitution Status: SI
New Part Number: EX59407500022
Superseded List: X59407500009";INJECTOR;;16VM73L-75;16V4000M73L, Superseded, importar;simple;https://milu-naval.mystagingwebsite.com/wp-content/uploads/2026/02/16V4000M73L-0089-01-25.webp;16V4000M73L;89;25;XS595070.00005;INJECTOR;;3,540 KG EM;SI;EX59407500022;X59407500009;ok;importar;import_superseded;relacion superseded clara;import_superseded;relacion superseded clara;engine_16V4000M73L.json;1500435;89;X59407500009;INJECTOR;;3,540 KG EM;SI;Superseded;EX59407500022;X59407500009;ok;importar;yes
XP52711400022;INTERCOOLER;xp52711400022;publish;"Engine: 16V4000M73L
Part Number: XP52711400022
Designation: INTERCOOLER
Measurement: LADELUFTKUEHLER
Weight: EM
Source Page: 138
BOM: XP52711400023
Substitution Status: SI
New Part Number: XP59511400038/87
Superseded List: XP52711400022";INTERCOOLER;;16VM73L-110;16V4000M73L, Superseded, importar;simple;https://milu-naval.mystagingwebsite.com/wp-content/uploads/2026/02/16V4000M73L-0138-01-90.webp;16V4000M73L;138;90;XP52711400023;INTERCOOLER;LADELUFTKUEHLER;EM;SI;XP59511400038/87;XP52711400022;ok;importar;import_superseded;relacion superseded clara;import_superseded;relacion superseded clara;engine_16V4000M73L.json;1500845;138;XP52711400022;INTERCOOLER;LADELUFTKUEHLER;EM;SI;Superseded;XP59511400038/87;XP52711400022;ok;importar;yes
0000983018;ACTUATING CYLINDER;0000983018;publish;"Engine: 16V4000M73L
Part Number: 0000983018
Designation: ACTUATING CYLINDER
Measurement: 
Weight: 1,285 KG
Source Page: 149
BOM: X59612300016
Substitution Status: SI
New Part Number: X56912300043
Superseded List: 0000983018";ACTUATING CYLINDER;;16VM73L-123;16V4000M73L, Superseded, importar;simple;https://milu-naval.mystagingwebsite.com/wp-content/uploads/2026/02/16V4000M73L-0148-01-1100.webp;16V4000M73L;149;1100;X59612300016;ACTUATING CYLINDER;;1,285 KG;SI;X56912300043;0000983018;ok;importar;import_superseded;acciones QA contradictorias para el mismo PN | estado QA requiere revision manual | conflictos detectados: designation_conflict | ya existe en WordPress/product-export | relacion superseded clara;import_superseded;acciones QA contradictorias para el mismo PN | estado QA requiere revision manual | conflictos detectados: designation_conflict | ya existe en WordPress/product-export | relacion superseded clara;engine_16V4000M73L.json;1500871;149;0000983018;ACTUATING CYLINDER;;1,285 KG;SI;Superseded;X56912300043;0000983018;ok;importar;yes
X00003043;GASKET;x00003043;publish;"Engine: 20V4000M93L
Part Number: X00003043
Designation: GASKET
Measurement: 
Weight: 9.000 g
Source Page: 1297
BOM: XS596140.00009
Substitution Status: SI
New Part Number: X59420200238
Superseded List: X00003043";GASKET;;20VM93L-143;20V4000M93L, Superseded, importar;simple;https://milu-naval.mystagingwebsite.com/wp-content/uploads/2026/02/20V4000M93L-1297-01-1000.webp;20V4000M93L;1297;1000;XS596140.00009;GASKET;;9.000 g;SI;X59420200238;X00003043;ok;importar;import_superseded;acciones QA contradictorias para el mismo PN | estado QA requiere revision manual | conflictos detectados: weight_conflict | ya existe en WordPress/product-export | relacion superseded clara;import_superseded;acciones QA contradictorias para el mismo PN | estado QA requiere revision manual | conflictos detectados: weight_conflict | ya existe en WordPress/product-export | relacion superseded clara;engine_20V4000M93L.json;1801509;1297;X00003043;GASKET;;9.000 g;SI;Superseded;X59420200238;X00003043;ok;importar;yes
X00003040;GASKET;x00003040;publish;"Engine: 20V4000M93L
Part Number: X00003040
Designation: GASKET
Measurement: 
Weight: 6.000 g
Source Page: 1297
BOM: XS596140.00009
Substitution Status: SI
New Part Number: X59420200233
Superseded List: X00003040";GASKET;;20VM93L-143;20V4000M93L, Superseded, importar;simple;https://milu-naval.mystagingwebsite.com/wp-content/uploads/2026/02/20V4000M93L-1297-01-750.webp;20V4000M93L;1297;750;XS596140.00009;GASKET;;6.000 g;SI;X59420200233;X00003040;ok;importar;import_superseded;acciones QA contradictorias para el mismo PN | estado QA requiere revision manual | conflictos detectados: weight_conflict | ya existe en WordPress/product-export | relacion superseded clara;import_superseded;acciones QA contradictorias para el mismo PN | estado QA requiere revision manual | conflictos detectados: weight_conflict | ya existe en WordPress/product-export | relacion superseded clara;engine_20V4000M93L.json;1801528;1297;X00003040;GASKET;;6.000 g;SI;Superseded;X59420200233;X00003040;ok;importar;yes
X00003011;GASKET;x00003011;publish;"Engine: 20V4000M93L
Part Number: X00003011
Designation: GASKET
Measurement: 
Weight: 8.200 g
Source Page: 1297
BOM: XS596140.00009
Substitution Status: SI
New Part Number: X59420200234
Superseded List: X00003011";GASKET;;20VM93L-143;20V4000M93L, Superseded, importar;simple;https://milu-naval.mystagingwebsite.com/wp-content/uploads/2026/02/20V4000M93L-1297-01-800.webp;20V4000M93L;1297;800;XS596140.00009;GASKET;;8.200 g;SI;X59420200234;X00003011;ok;importar;import_superseded;acciones QA contradictorias para el mismo PN | estado QA requiere revision manual | conflictos detectados: weight_conflict | ya existe en WordPress/product-export | relacion superseded clara;import_superseded;acciones QA contradictorias para el mismo PN | estado QA requiere revision manual | conflictos detectados: weight_conflict | ya existe en WordPress/product-export | relacion superseded clara;engine_20V4000M93L.json;1801529;1297;X00003011;GASKET;;8.200 g;SI;Superseded;X59420200234;X00003011;ok;importar;yes
X00003012;GASKET;x00003012;publish;"Engine: 20V4000M93L
Part Number: X00003012
Designation: GASKET
Measurement: 
Weight: 11.000 g
Source Page: 1297
BOM: XS596140.00009
Substitution Status: SI
New Part Number: X59420200235
Superseded List: X00003012";GASKET;;20VM93L-143;20V4000M93L, Superseded, importar;simple;https://milu-naval.mystagingwebsite.com/wp-content/uploads/2026/02/20V4000M93L-1297-01-850.webp;20V4000M93L;1297;850;XS596140.00009;GASKET;;11.000 g;SI;X59420200235;X00003012;ok;importar;import_superseded;acciones QA contradictorias para el mismo PN | estado QA requiere revision manual | conflictos detectados: weight_conflict | ya existe en WordPress/product-export | relacion superseded clara;import_superseded;acciones QA contradictorias para el mismo PN | estado QA requiere revision manual | conflictos detectados: weight_conflict | ya existe en WordPress/product-export | relacion superseded clara;engine_20V4000M93L.json;1801530;1297;X00003012;GASKET;;11.000 g;SI;Superseded;X59420200235;X00003012;ok;importar;yes
X59414500018;EXHAUST PIPE BELLOWS;x59414500018;publish;"Engine: 16V4000M73L
Part Number: X59414500018
Designation: EXHAUST PIPE BELLOWS
Measurement: 
Weight: 13,350 KG
Source Page: 180
BOM: XS594140.00041
Substitution Status: SI
New Part Number: X59414500018/87
Superseded List: X59414500018";EXHAUST PIPE BELLOWS;;16VM73L-145;16V4000M73L, Superseded, importar;simple;https://milu-naval.mystagingwebsite.com/wp-content/uploads/2026/02/16V4000M73L-0180-01-150.webp;16V4000M73L;180;150;XS594140.00041;EXHAUST PIPE BELLOWS;;13,350 KG;SI;X59414500018/87;X59414500018;ok;importar;import_superseded;ya existe en WordPress/product-export | relacion superseded clara;import_superseded;ya existe en WordPress/product-export | relacion superseded clara;engine_16V4000M73L.json;1501117;180;X59414500018;EXHAUST PIPE BELLOWS;;13,350 KG;SI;Superseded;X59414500018/87;X59414500018;ok;importar;yes
5261800465/87;OIL COOLER WITH TEST CERT. 3.1;5261800465-87;publish;"Engine: 16V4000M73L
Part Number: 5261800465/87
Designation: OIL COOLER WITH TEST CERT. 3.1
Measurement: 
Weight: 
Source Page: 204
BOM: XS595180.00020
Substitution Status: SI
New Part Number: X59518300021/87
Superseded List: 5261800465/87";OIL COOLER WITH TEST CERT. 3.1;;16VM73L-180;16V4000M73L, Superseded, importar;simple;https://milu-naval.mystagingwebsite.com/wp-content/uploads/2026/02/16V4000M73L-0204-01-20.webp;16V4000M73L;204;20;XS595180.00020;OIL COOLER WITH TEST CERT. 3.1;;;SI;X59518300021/87;5261800465/87;ok;importar;import_superseded;relacion superseded clara;import_superseded;relacion superseded clara;engine_16V4000M73L.json;1501327;204;5261800465/87;OIL COOLER WITH TEST CERT. 3.1;;;SI;Superseded;X59518300021/87;5261800465/87;ok;importar;yes
X00003620;OIL FILTER ELEMENT;x00003620;publish;"Engine: 16V4000M73L
Part Number: X00003620
Designation: OIL FILTER ELEMENT
Measurement: 
Weight: 
Source Page: 221
BOM: XP52700600008
Substitution Status: SI
New Part Number: XP52618300032
Superseded List: X00003620";OIL FILTER ELEMENT;;16VM73L-183;16V4000M73L, Superseded, importar;simple;https://milu-naval.mystagingwebsite.com/wp-content/uploads/2026/02/16V4000M73L-0221-01-20.webp;16V4000M73L;221;20;XP52700600008;OIL FILTER ELEMENT;;;SI;XP52618300032;X00003620;ok;importar;import_superseded;conflictos detectados: designation_conflict | ya existe en WordPress/product-export | relacion superseded clara;import_superseded;conflictos detectados: designation_conflict | ya existe en WordPress/product-export | relacion superseded clara;engine_16V4000M73L.json;1501489;221;X00003620;OIL FILTER ELEMENT;;;SI;Superseded;XP52618300032;X00003620;ok;importar;yes
X59620200103;COVER PLATE FOR SEAWATER COOLER BR 4000;x59620200103;publish;"Engine: 20V4000M93L
Part Number: X59620200103
Designation: COVER PLATE FOR SEAWATER COOLER BR 4000
Measurement: 
Weight: 45.467 kg
Source Page: 1400
BOM: XS596200.00007
Substitution Status: SI
New Part Number: X59320300048
Superseded List: X59620200103";COVER PLATE FOR SEAWATER COOLER BR 4000;;20VM93L-204;20V4000M93L, Superseded, importar;simple;https://milu-naval.mystagingwebsite.com/wp-content/uploads/2026/02/20V4000M93L-1400-01-850.webp;20V4000M93L;1400;850;XS596200.00007;COVER PLATE FOR SEAWATER COOLER BR 4000;;45.467 kg;SI;X59320300048;X59620200103;ok;importar;import_superseded;acciones QA contradictorias para el mismo PN | estado QA requiere revision manual | conflictos detectados: designation_conflict, weight_conflict | relacion superseded clara;import_superseded;acciones QA contradictorias para el mismo PN | estado QA requiere revision manual | conflictos detectados: designation_conflict, weight_conflict | relacion superseded clara;engine_20V4000M93L.json;1802784;1400;X59620200103;COVER PLATE FOR SEAWATER COOLER BR 4000;;45.467 kg;SI;Superseded;X59320300048;X59620200103;ok;importar;yes
X59420300001;COVER PLATE FOR SEAWATER COOLER;x59420300001;publish;"Engine: 16V4000M73L
Part Number: X59420300001
Designation: COVER PLATE FOR SEAWATER COOLER
Measurement: 
Weight: 
Source Page: 242
BOM: X59620200103
Substitution Status: SI
New Part Number: X59320300048
Superseded List: X59420300001";COVER PLATE FOR SEAWATER COOLER;;16VM73L-200;16V4000M73L, Superseded, importar;simple;https://milu-naval.mystagingwebsite.com/wp-content/uploads/2026/02/16V4000M73L-0242-01-50.webp;16V4000M73L;242;50;X59620200103;COVER PLATE FOR SEAWATER COOLER;;;SI;X59320300048;X59420300001;ok;importar;import_superseded;relacion superseded clara;import_superseded;relacion superseded clara;engine_16V4000M73L.json;1501662;242;X59420300001;COVER PLATE FOR SEAWATER COOLER;;;SI;Superseded;X59320300048;X59420300001;ok;importar;yes
X00036967;FUEL PUMP;x00036967;publish;"Engine: 16V4000M73L
Part Number: X00036967
Designation: FUEL PUMP
Measurement: 
Weight: 
Source Page: 298
BOM: X00039288
Substitution Status: SI
New Part Number: X00036967/87
Superseded List: X00036967";FUEL PUMP;;16VM73L-295;16V4000M73L, Superseded, importar;simple;https://milu-naval.mystagingwebsite.com/wp-content/uploads/2026/02/16V4000M73L-0298-01-10.webp;16V4000M73L;298;10;X00039288;FUEL PUMP;;;SI;X00036967/87;X00036967;ok;importar;import_superseded;relacion superseded clara;import_superseded;relacion superseded clara;engine_16V4000M73L.json;1502075;298;X00036967;FUEL PUMP;;;SI;Superseded;X00036967/87;X00036967;ok;importar;yes
X00038367;FUEL FILTER;x00038367;publish;"Engine: 16V4000M73L
Part Number: X00038367
Designation: FUEL FILTER
Measurement: 
Weight: 
Source Page: 301
BOM: X00039298
Substitution Status: SI
New Part Number: X00038367/87
Superseded List: X00038367";FUEL FILTER;;16VM73L-295;16V4000M73L, Superseded, importar;simple;https://milu-naval.mystagingwebsite.com/wp-content/uploads/2026/02/16V4000M73L-0301-01-50.webp;16V4000M73L;301;50;X00039298;FUEL FILTER;;;SI;X00038367/87;X00038367;ok;importar;import_superseded;relacion superseded clara;import_superseded;relacion superseded clara;engine_16V4000M73L.json;1502096;301;X00038367;FUEL FILTER;;;SI;Superseded;X00038367/87;X00038367;ok;importar;yes
X00038494;FILTER ELEMENT;x00038494;publish;"Engine: 16V4000M73L
Part Number: X00038494
Designation: FILTER ELEMENT
Measurement: FC 001-040, 4120
Weight: 
Source Page: 302
BOM: X00038367
Substitution Status: SI
New Part Number: XP00A36400005
Superseded List: X00038494";FILTER ELEMENT;;16VM73L-295;16V4000M73L, Superseded, importar;simple;https://milu-naval.mystagingwebsite.com/wp-content/uploads/2026/02/16V4000M73L-0302-01-10.webp;16V4000M73L;302;10;X00038367;FILTER ELEMENT;FC 001-040, 4120;;SI;XP00A36400005;X00038494;ok;importar;import_superseded;relacion superseded clara;import_superseded;relacion superseded clara;engine_16V4000M73L.json;1502097;302;X00038494;FILTER ELEMENT;FC 001-040, 4120;;SI;Superseded;XP00A36400005;X00038494;ok;importar;yes
X00E50200606;PRESSURE SEN;x00e50200606;publish;"Engine: 16V4000M73L
Part Number: X00E50200606
Designation: PRESSURE SEN
Measurement: 
Weight: 112 G
Source Page: 337
BOM: XS00E500.01315
Substitution Status: SI
New Part Number: X00E50208388
Superseded List: X00E50200606";PRESSURE SEN;;16VM73L-507;16V4000M73L, Superseded, revisar;simple;https://milu-naval.mystagingwebsite.com/wp-content/uploads/2026/01/sin_imagen.jpeg;16V4000M73L;337;207;XS00E500.01315;PRESSURE SEN;;112 G;SI;X00E50208388;X00E50200606;pendiente;revisar;import_superseded;estado QA requiere revision manual | relacion superseded clara;import_superseded;estado QA requiere revision manual | relacion superseded clara;engine_16V4000M73L.json;1502298;337;X00E50200606;PRESSURE SEN;;112 G;SI;Superseded;X00E50208388;X00E50200606;pendiente;revisar;yes
0035352931;PRESSURE SEN SOR;0035352931;publish;"Engine: 16V4000M73L
Part Number: 0035352931
Designation: PRESSURE SEN SOR
Measurement: 
Weight: 163,200 G
Source Page: 337
BOM: XS00E500.01315
Substitution Status: SI
New Part Number: X00E50207217
Superseded List: 0035352931";PRESSURE SEN SOR;;16VM73L-507;16V4000M73L, Superseded, revisar;simple;https://milu-naval.mystagingwebsite.com/wp-content/uploads/2026/01/sin_imagen.jpeg;16V4000M73L;337;310;XS00E500.01315;PRESSURE SEN SOR;;163,200 G;SI;X00E50207217;0035352931;pendiente;revisar;import_superseded;estado QA requiere revision manual | conflictos detectados: designation_conflict, weight_conflict | relacion superseded clara;import_superseded;estado QA requiere revision manual | conflictos detectados: designation_conflict, weight_conflict | relacion superseded clara;engine_16V4000M73L.json;1502303;337;0035352931;PRESSURE SEN SOR;;163,200 G;SI;Superseded;X00E50207217;0035352931;pendiente;revisar;yes
X00E50201370;TEMPERATURE;x00e50201370;publish;"Engine: 16V4000M73L
Part Number: X00E50201370
Designation: TEMPERATURE
Measurement: 
Weight: 196 G
Source Page: 337
BOM: XS00E500.01315
Substitution Status: SI
New Part Number: X00E50210377
Superseded List: X00E50201370";TEMPERATURE;;16VM73L-507;16V4000M73L, Superseded, importar;simple;https://milu-naval.mystagingwebsite.com/wp-content/uploads/2026/01/sin_imagen.jpeg;16V4000M73L;337;470;XS00E500.01315;TEMPERATURE;;196 G;SI;X00E50210377;X00E50201370;ok;importar;import_superseded;relacion superseded clara;import_superseded;relacion superseded clara;engine_16V4000M73L.json;1502307;337;X00E50201370;TEMPERATURE;;196 G;SI;Superseded;X00E50210377;X00E50201370;ok;importar;yes
5241534940;BRACKET OFFSET H:38 4000;5241534940;publish;"Engine: 20V4000M93L
Part Number: 5241534940
Designation: BRACKET OFFSET H:38 4000
Measurement: 
Weight: 94.400 g
Source Page: 1460
BOM: XS596500.00013
Substitution Status: SI
New Part Number: X59499100415
Superseded List: 5241534940";BRACKET OFFSET H:38 4000;;20VM93L-507;20V4000M93L, Superseded, importar;simple;https://milu-naval.mystagingwebsite.com/wp-content/uploads/2026/02/20V4000M93L-1457-01-4500.webp;20V4000M93L;1460;4500;XS596500.00013;BRACKET OFFSET H:38 4000;;94.400 g;SI;X59499100415;5241534940;ok;importar;import_superseded;acciones QA contradictorias para el mismo PN | estado QA requiere revision manual | conflictos detectados: designation_conflict | ya existe en WordPress/product-export | relacion superseded clara;import_superseded;acciones QA contradictorias para el mismo PN | estado QA requiere revision manual | conflictos detectados: designation_conflict | ya existe en WordPress/product-export | relacion superseded clara;engine_20V4000M93L.json;1803296;1460;5241534940;BRACKET OFFSET H:38 4000;;94.400 g;SI;Superseded;X59499100415;5241534940;ok;importar;yes
0105314680;CABLE;0105314680;publish;"Engine: 16V4000M73L
Part Number: 0105314680
Designation: CABLE
Measurement: 8X2,5MM2, + 1X2X0,75MM
Weight: 0.46 KGM
Source Page: 401
BOM: X00004728
Substitution Status: SI
New Part Number: X00E50210774
Superseded List: 0105314680";CABLE;;16VM73L-511;16V4000M73L, Superseded, importar;simple;https://milu-naval.mystagingwebsite.com/wp-content/uploads/2026/01/sin_imagen.jpeg;16V4000M73L;401;1120;X00004728;CABLE;8X2,5MM2, + 1X2X0,75MM;0.46 KGM;SI;X00E50210774;0105314680;ok;importar;import_superseded;relacion superseded clara;import_superseded;relacion superseded clara;engine_16V4000M73L.json;1502758;401;0105314680;CABLE;8X2,5MM2, + 1X2X0,75MM;0.46 KGM;SI;Superseded;X00E50210774;0105314680;ok;importar;yes
X59401100017;INSPECT PORT COVER W/OIL FILLER NECK;x59401100017;publish;"Engine: 16V4000M73L
Part Number: X59401100017
Designation: INSPECT PORT COVER W/OIL FILLER NECK
Measurement: 
Weight: 
Source Page: 503
BOM: XS595010.00013
Substitution Status: SI
New Part Number: X59301100049
Superseded List: X59401100017";INSPECT PORT COVER W/OIL FILLER NECK;;16VM73L-11;16V4000M73L, Superseded, importar;simple;https://milu-naval.mystagingwebsite.com/wp-content/uploads/2026/02/16V4000M73L-0503-01-100.webp;16V4000M73L;503;100;XS595010.00013;INSPECT PORT COVER W/OIL FILLER NECK;;;SI;X59301100049;X59401100017;ok;importar;import_superseded;relacion superseded clara;import_superseded;relacion superseded clara;engine_16V4000M73L.json;1503241;503;X59401100017;INSPECT PORT COVER W/OIL FILLER NECK;;;SI;Superseded;X59301100049;X59401100017;ok;importar;yes
000934022002;NUT HEX 10;000934022002;publish;"Engine: 16V4000M73L
Part Number: 000934022002
Designation: NUT HEX 10
Measurement: M 22 X 1,5
Weight: 0.065 KGM
Source Page: 1119
BOM: XK595250.101383-01
Substitution Status: SI
New Part Number: 000934022001
Superseded List: 000934022002";NUT HEX 10;;16VM73L-250;16V4000M73L, Superseded, importar;simple;https://milu-naval.mystagingwebsite.com/wp-content/uploads/2026/01/sin_imagen.jpeg;16V4000M73L;1119;80;XK595250.101383-01;NUT HEX 10;M 22 X 1,5;0.065 KGM;SI;000934022001;000934022002;ok;importar;import_superseded;relacion superseded clara;import_superseded;relacion superseded clara;engine_16V4000M73L.json;1507723;1119;000934022002;NUT HEX 10;M 22 X 1,5;0.065 KGM;SI;Superseded;000934022001;000934022002;ok;importar;yes
5260300105;FLYWHEEL;5260300105;publish;"Engine: 16V4000M90
Part Number: 5260300105
Designation: FLYWHEEL
Measurement: 
Weight: 120.000 kg
Source Page: 53
BOM: 030.00489
Substitution Status: SI
New Part Number: EX5260300105
Superseded List: 5260300105";FLYWHEEL;;16VM90-32;16V4000M90, Superseded, importar;simple;https://milu-naval.mystagingwebsite.com/wp-content/uploads/2026/02/16V4000M90-0053-01-50.webp;16V4000M90;53;50;030.00489;FLYWHEEL;;120.000 kg;SI;EX5260300105;5260300105;ok;importar;import_superseded;relacion superseded clara;import_superseded;relacion superseded clara;engine_16V4000M90.json;1600293;53;5260300105;FLYWHEEL;;120.000 kg;SI;Superseded;EX5260300105;5260300105;ok;importar;yes
X00008637;FLANGE;x00008637;publish;"Engine: 16V4000M90
Part Number: X00008637
Designation: FLANGE
Measurement: 
Weight: 7.680 kg
Source Page: 60
BOM: X00015977
Substitution Status: SI
New Part Number: X52403500015
Superseded List: X00008637";FLANGE;;16VM90-35;16V4000M90, Superseded, importar;simple;https://milu-naval.mystagingwebsite.com/wp-content/uploads/2026/02/16V4000M90-0060-01-95.webp;16V4000M90;60;95;X00015977;FLANGE;;7.680 kg;SI;X52403500015;X00008637;ok;importar;import_superseded;ya existe en WordPress/product-export | relacion superseded clara;import_superseded;ya existe en WordPress/product-export | relacion superseded clara;engine_16V4000M90.json;1600342;60;X00008637;FLANGE;;7.680 kg;SI;Superseded;X52403500015;X00008637;ok;importar;yes
E5260701201;HP PUMP;e5260701201;publish;"Engine: 16V4000M90
Part Number: E5260701201
Designation: HP PUMP
Measurement: 
Weight: 60.000 kg EM
Source Page: 92
BOM: 070.00159
Substitution Status: SI
New Part Number: EX52607300010
Superseded List: E5260701201";HP PUMP;;16VM90-73;16V4000M90, Superseded, importar;simple;https://milu-naval.mystagingwebsite.com/wp-content/uploads/2026/02/16V4000M90-0092-01-40.webp;16V4000M90;92;40;070.00159;HP PUMP;;60.000 kg EM;SI;EX52607300010;E5260701201;ok;importar;import_superseded;relacion superseded clara;import_superseded;relacion superseded clara;engine_16V4000M90.json;1600468;92;E5260701201;HP PUMP;;60.000 kg EM;SI;Superseded;EX52607300010;E5260701201;ok;importar;yes
R5260701201;HP PUMP;r5260701201;publish;"Engine: 16V4000M90
Part Number: R5260701201
Designation: HP PUMP
Measurement: 
Weight: 62.050 kg MN EM
Source Page: 92
BOM: 070.00159
Substitution Status: SI
New Part Number: RX52607300010
Superseded List: R5260701201";HP PUMP;;16VM90-73;16V4000M90, Superseded, importar;simple;https://milu-naval.mystagingwebsite.com/wp-content/uploads/2026/02/16V4000M90-0092-01-45.webp;16V4000M90;92;45;070.00159;HP PUMP;;62.050 kg MN EM;SI;RX52607300010;R5260701201;ok;importar;import_superseded;relacion superseded clara;import_superseded;relacion superseded clara;engine_16V4000M90.json;1600469;92;R5260701201;HP PUMP;;62.050 kg MN EM;SI;Superseded;RX52607300010;R5260701201;ok;importar;yes
X52407500024;INJECTOR;x52407500024;publish;"Engine: 16V4000M90
Part Number: X52407500024
Designation: INJECTOR
Measurement: 
Weight: 
Source Page: 98
BOM: 070.00121
Substitution Status: SI
New Part Number: EX52407500050
Superseded List: X52407500024";INJECTOR;;16VM90-75;16V4000M90, Superseded, importar;simple;https://milu-naval.mystagingwebsite.com/wp-content/uploads/2026/02/16V4000M90-0098-01-5.webp;16V4000M90;98;5;070.00121;INJECTOR;;;SI;EX52407500050;X52407500024;ok;importar;import_superseded;relacion superseded clara;import_superseded;relacion superseded clara;engine_16V4000M90.json;1600492;98;X52407500024;INJECTOR;;;SI;Superseded;EX52407500050;X52407500024;ok;importar;yes
8599970120;O-RING;8599970120;publish;"Engine: 16V4000M90
Part Number: 8599970120
Designation: O-RING
Measurement: 
Weight: 50.000 g 17,12 X 2,62
Source Page: 122
BOM: 5240900850
Substitution Status: SI
New Part Number: 8595860220
Superseded List: 8599970120";O-RING;;16VM90-86;16V4000M90, Superseded, importar;simple;https://milu-naval.mystagingwebsite.com/wp-content/uploads/2026/02/16V4000M90-0122-01-220.webp;16V4000M90;122;220;5240900850;O-RING;;50.000 g 17,12 X 2,62;SI;8595860220;8599970120;ok;importar;import_superseded;relacion superseded clara;import_superseded;relacion superseded clara;engine_16V4000M90.json;1600739;122;8599970120;O-RING;;50.000 g 17,12 X 2,62;SI;Superseded;8595860220;8599970120;ok;importar;yes
X52710100017;EXHAUST TURBOCHARGER LEFT ZR195;x52710100017;publish;"Engine: 16V4000M90
Part Number: X52710100017
Designation: EXHAUST TURBOCHARGER LEFT ZR195
Measurement: 
Weight: 67.700 kg EM
Source Page: 127
BOM: X00039541
Substitution Status: SI
New Part Number: EX52710100017
Superseded List: X52710100017";EXHAUST TURBOCHARGER LEFT ZR195;;16VM90-101;16V4000M90, Superseded, importar;simple;https://milu-naval.mystagingwebsite.com/wp-content/uploads/2026/02/16V4000M90-0126-01-100.webp;16V4000M90;127;100;X00039541;EXHAUST TURBOCHARGER LEFT ZR195;;67.700 kg EM;SI;EX52710100017;X52710100017;ok;importar;import_superseded;relacion superseded clara;import_superseded;relacion superseded clara;engine_16V4000M90.json;1600757;127;X52710100017;EXHAUST TURBOCHARGER LEFT ZR195;;67.700 kg EM;SI;Superseded;EX52710100017;X52710100017;ok;importar;yes
X52710100016;EXHAUST TURBOCHARGER RIGHT ZR195;x52710100016;publish;"Engine: 16V4000M90
Part Number: X52710100016
Designation: EXHAUST TURBOCHARGER RIGHT ZR195
Measurement: 
Weight: 69.300 kg EM
Source Page: 133
BOM: X00039542
Substitution Status: SI
New Part Number: EX52710100016
Superseded List: X52710100016";EXHAUST TURBOCHARGER RIGHT ZR195;;16VM90-101;16V4000M90, Superseded, importar;simple;https://milu-naval.mystagingwebsite.com/wp-content/uploads/2026/02/16V4000M90-0132-01-100.webp;16V4000M90;133;100;X00039542;EXHAUST TURBOCHARGER RIGHT ZR195;;69.300 kg EM;SI;EX52710100016;X52710100016;ok;importar;import_superseded;relacion superseded clara;import_superseded;relacion superseded clara;engine_16V4000M90.json;1600812;133;X52710100016;EXHAUST TURBOCHARGER RIGHT ZR195;;69.300 kg EM;SI;Superseded;EX52710100016;X52710100016;ok;importar;yes
X00001910;STARTER;x00001910;publish;"Engine: 16V4000M90
Part Number: X00001910
Designation: STARTER
Measurement: 
Weight: 29.880 kg
Source Page: 176
BOM: X00023167
Substitution Status: SI
New Part Number: EX00001910
Superseded List: X00001910";STARTER;;16VM90-172;16V4000M90, Superseded, importar;simple;https://milu-naval.mystagingwebsite.com/wp-content/uploads/2026/02/16V4000M90-0176-01-100.webp;16V4000M90;176;100;X00023167;STARTER;;29.880 kg;SI;EX00001910;X00001910;ok;importar;import_superseded;relacion superseded clara;import_superseded;relacion superseded clara;engine_16V4000M90.json;1601194;176;X00001910;STARTER;;29.880 kg;SI;Superseded;EX00001910;X00001910;ok;importar;yes
X00001906;STARTER;x00001906;publish;"Engine: 16V4000M90
Part Number: X00001906
Designation: STARTER
Measurement: 
Weight: 29.880 kg
Source Page: 176
BOM: X00023167
Substitution Status: SI
New Part Number: EX00001906
Superseded List: X00001906";STARTER;;16VM90-172;16V4000M90, Superseded, importar;simple;https://milu-naval.mystagingwebsite.com/wp-content/uploads/2026/02/16V4000M90-0176-01-50.webp;16V4000M90;176;50;X00023167;STARTER;;29.880 kg;SI;EX00001906;X00001906;ok;importar;import_superseded;relacion superseded clara;import_superseded;relacion superseded clara;engine_16V4000M90.json;1601196;176;X00001906;STARTER;;29.880 kg;SI;Superseded;EX00001906;X00001906;ok;importar;yes
5242033573;HOUSING WATER DISTRIBUTION;5242033573;publish;"Engine: 16V4000M90
Part Number: 5242033573
Designation: HOUSING WATER DISTRIBUTION
Measurement: 
Weight: 
Source Page: 245
BOM: 5242003916
Substitution Status: SI
New Part Number: 5242003916
Superseded List: 5242033573";HOUSING WATER DISTRIBUTION;;16VM90-206;16V4000M90, Superseded, importar;simple;https://milu-naval.mystagingwebsite.com/wp-content/uploads/2026/02/16V4000M90-0245-01-5.webp;16V4000M90;245;5;5242003916;HOUSING WATER DISTRIBUTION;;;SI;5242003916;5242033573;ok;importar;import_superseded;ya existe en WordPress/product-export | relacion superseded clara;import_superseded;ya existe en WordPress/product-export | relacion superseded clara;engine_16V4000M90.json;1601831;245;5242033573;HOUSING WATER DISTRIBUTION;;;SI;Superseded;5242003916;5242033573;ok;importar;yes
5272030822;ELBOW;5272030822;publish;"Engine: 16V4000M90
Part Number: 5272030822
Designation: ELBOW
Measurement: 
Weight: 
Source Page: 251
BOM: 5272001618
Substitution Status: SI
New Part Number: 5272001618
Superseded List: 5272030822";ELBOW;;16VM90-207;16V4000M90, Superseded, importar;simple;https://milu-naval.mystagingwebsite.com/wp-content/uploads/2026/02/16V4000M90-0251-01-5.webp;16V4000M90;251;5;5272001618;ELBOW;;;SI;5272001618;5272030822;ok;importar;import_superseded;ya existe en WordPress/product-export | relacion superseded clara;import_superseded;ya existe en WordPress/product-export | relacion superseded clara;engine_16V4000M90.json;1601868;251;5272030822;ELBOW;;;SI;Superseded;5272001618;5272030822;ok;importar;yes
0001501150;ALT ASM F50301-120A/28V AVF-HUNGARY;0001501150;publish;"Engine: 16V4000M90
Part Number: 0001501150
Designation: ALT ASM F50301-120A/28V AVF-HUNGARY
Measurement: 
Weight: 15.970 kg
Source Page: 266
BOM: X00037001
Substitution Status: SI
New Part Number: EX52421300029
Superseded List: 0001501150";ALT ASM F50301-120A/28V AVF-HUNGARY;;16VM90-213;16V4000M90, Superseded, importar;simple;https://milu-naval.mystagingwebsite.com/wp-content/uploads/2026/02/16V4000M90-0266-01-100.webp;16V4000M90;266;100;X00037001;ALT ASM F50301-120A/28V AVF-HUNGARY;;15.970 kg;SI;EX52421300029;0001501150;ok;importar;import_superseded;relacion superseded clara;import_superseded;relacion superseded clara;engine_16V4000M90.json;1601949;266;0001501150;ALT ASM F50301-120A/28V AVF-HUNGARY;;15.970 kg;SI;Superseded;EX52421300029;0001501150;ok;importar;yes
0001501927;COUPLING;0001501927;publish;"Engine: 16V4000M90
Part Number: 0001501927
Designation: COUPLING
Measurement: 
Weight: 2.692 kg
Source Page: 266
BOM: X00037001
Substitution Status: SI
New Part Number: X52421300003
Superseded List: 0001501927";COUPLING;;16VM90-213;16V4000M90, Superseded, importar;simple;https://milu-naval.mystagingwebsite.com/wp-content/uploads/2026/02/16V4000M90-0266-01-125.webp;16V4000M90;266;125;X00037001;COUPLING;;2.692 kg;SI;X52421300003;0001501927;ok;importar;import_superseded;ya existe en WordPress/product-export | relacion superseded clara;import_superseded;ya existe en WordPress/product-export | relacion superseded clara;engine_16V4000M90.json;1601950;266;0001501927;COUPLING;;2.692 kg;SI;Superseded;X52421300003;0001501927;ok;importar;yes
XP55825100001;DISHED WASHER;xp55825100001;publish;"Engine: 16V4000M90
Part Number: XP55825100001
Designation: DISHED WASHER
Measurement: 
Weight: 6.800 g
Source Page: 280
BOM: 0172507801
Substitution Status: SI
New Part Number: 0009939226
Superseded List: XP55825100001";DISHED WASHER;;16VM90-251;16V4000M90, Superseded, importar;simple;https://milu-naval.mystagingwebsite.com/wp-content/uploads/2026/01/sin_imagen.jpeg;16V4000M90;280;100;0172507801;DISHED WASHER;;6.800 g;SI;0009939226;XP55825100001;ok;importar;import_superseded;ya existe en WordPress/product-export | relacion superseded clara;import_superseded;ya existe en WordPress/product-export | relacion superseded clara;engine_16V4000M90.json;1602027;280;XP55825100001;DISHED WASHER;;6.800 g;SI;Superseded;0009939226;XP55825100001;ok;importar;yes
0005313789;AUDIBLE ALARM VDO;0005313789;publish;"Engine: 16V4000M90
Part Number: 0005313789
Designation: AUDIBLE ALARM VDO
Measurement: 
Weight: 
Source Page: 355
BOM: 510.00311
Substitution Status: SI
New Part Number: B00E50202614
Superseded List: 0005313789";AUDIBLE ALARM VDO;;16VM90-511;16V4000M90, Superseded, importar;simple;https://milu-naval.mystagingwebsite.com/wp-content/uploads/2026/02/16V4000M90-0355-01-50.webp;16V4000M90;355;50;510.00311;AUDIBLE ALARM VDO;;;SI;B00E50202614;0005313789;ok;importar;import_superseded;relacion superseded clara;import_superseded;relacion superseded clara;engine_16V4000M90.json;1602563;355;0005313789;AUDIBLE ALARM VDO;;;SI;Superseded;B00E50202614;0005313789;ok;importar;yes
0065312781;SEPARABLE CONNECTOR 20POL.;0065312781;publish;"Engine: 16V4000M90
Part Number: 0065312781
Designation: SEPARABLE CONNECTOR 20POL.
Measurement: 125V/7,5A
Weight: 
Source Page: 357
BOM: X00036278
Substitution Status: SI
New Part Number: X00E50211974
Superseded List: 0065312781";SEPARABLE CONNECTOR 20POL.;;16VM90-511;16V4000M90, Superseded, importar;simple;https://milu-naval.mystagingwebsite.com/wp-content/uploads/2026/02/16V4000M90-0357-01-290.webp;16V4000M90;357;290;X00036278;SEPARABLE CONNECTOR 20POL.;125V/7,5A;;SI;X00E50211974;0065312781;ok;importar;import_superseded;relacion superseded clara;import_superseded;relacion superseded clara;engine_16V4000M90.json;1602582;357;0065312781;SEPARABLE CONNECTOR 20POL.;125V/7,5A;;SI;Superseded;X00E50211974;0065312781;ok;importar;yes
5275303837;PROGRAMMING CONNECTR FOR MONITOR SYSTEM PIM4;5275303837;publish;"Engine: 16V4000M90
Part Number: 5275303837
Designation: PROGRAMMING CONNECTR FOR MONITOR SYSTEM PIM4
Measurement: 
Weight: 
Source Page: 362
BOM: X00E50200518
Substitution Status: SI
New Part Number: X00E50200518
Superseded List: 5275303837";PROGRAMMING CONNECTR FOR MONITOR SYSTEM PIM4;;16VM90-511;16V4000M90, Superseded, importar;simple;https://milu-naval.mystagingwebsite.com/wp-content/uploads/2026/02/16V4000M90-0362-01-50.webp;16V4000M90;362;50;X00E50200518;PROGRAMMING CONNECTR FOR MONITOR SYSTEM PIM4;;;SI;X00E50200518;5275303837;ok;importar;import_superseded;ya existe en WordPress/product-export | relacion superseded clara;import_superseded;ya existe en WordPress/product-export | relacion superseded clara;engine_16V4000M90.json;1602605;362;5275303837;PROGRAMMING CONNECTR FOR MONITOR SYSTEM PIM4;;;SI;Superseded;X00E50200518;5275303837;ok;importar;yes
5275309837;VPI - PROG CONN FOR MON SYS PIM4;5275309837;publish;"Engine: 16V4000M90
Part Number: 5275309837
Designation: VPI - PROG CONN FOR MON SYS PIM4
Measurement: 
Weight: 5.000 g M
Source Page: 364
BOM: X00E50200515
Substitution Status: SI
New Part Number: X00E50200515
Superseded List: 5275309837";VPI - PROG CONN FOR MON SYS PIM4;;16VM90-511;16V4000M90, Superseded, importar;simple;https://milu-naval.mystagingwebsite.com/wp-content/uploads/2026/02/16V4000M90-0364-01-50.webp;16V4000M90;364;50;X00E50200515;VPI - PROG CONN FOR MON SYS PIM4;;5.000 g M;SI;X00E50200515;5275309837;ok;importar;import_superseded;ya existe en WordPress/product-export | relacion superseded clara;import_superseded;ya existe en WordPress/product-export | relacion superseded clara;engine_16V4000M90.json;1602607;364;5275309837;VPI - PROG CONN FOR MON SYS PIM4;;5.000 g M;SI;Superseded;X00E50200515;5275309837;ok;importar;yes
0065312481;TERMINAL;0065312481;publish;"Engine: 16V4000M90
Part Number: 0065312481
Designation: TERMINAL
Measurement: 2X3POLIG, 125V/7,5A
Weight: 0.003 KGM
Source Page: 365
BOM: 5275309837
Substitution Status: SI
New Part Number: X00E50211968
Superseded List: 0065312481";TERMINAL;;16VM90-511;16V4000M90, Superseded, importar;simple;https://milu-naval.mystagingwebsite.com/wp-content/uploads/2026/02/16V4000M90-0365-01-5.webp;16V4000M90;365;5;5275309837;TERMINAL;2X3POLIG, 125V/7,5A;0.003 KGM;SI;X00E50211968;0065312481;ok;importar;import_superseded;relacion superseded clara;import_superseded;relacion superseded clara;engine_16V4000M90.json;1602608;365;0065312481;TERMINAL;2X3POLIG, 125V/7,5A;0.003 KGM;SI;Superseded;X00E50211968;0065312481;ok;importar;yes
X00010021;CONTROL LEVER ROS 07-05 (EMV MODIFIZIERT);x00010021;publish;"Engine: 16V4000M90
Part Number: X00010021
Designation: CONTROL LEVER ROS 07-05 (EMV MODIFIZIERT)
Measurement: 
Weight: 
Source Page: 419
BOM: X00029097
Substitution Status: SI
New Part Number: X00E50213239
Superseded List: X00010021";CONTROL LEVER ROS 07-05 (EMV MODIFIZIERT);;16VM90-526;16V4000M90, Superseded, importar;simple;https://milu-naval.mystagingwebsite.com/wp-content/uploads/2026/02/16V4000M90-0419-01-55.webp;16V4000M90;419;55;X00029097;CONTROL LEVER ROS 07-05 (EMV MODIFIZIERT);;;SI;X00E50213239;X00010021;ok;importar;import_superseded;relacion superseded clara;import_superseded;relacion superseded clara;engine_16V4000M90.json;1602887;419;X00010021;CONTROL LEVER ROS 07-05 (EMV MODIFIZIERT);;;SI;Superseded;X00E50213239;X00010021;ok;importar;yes
X59601400003;OIL PAN;x59601400003;publish;"Engine: 20V4000M93
Part Number: X59601400003
Designation: OIL PAN
Measurement: 
Weight: 480.000 kg
Source Page: 32
BOM: XS596010.00049
Substitution Status: SI
New Part Number: X59601400019
Superseded List: X59601400003";OIL PAN;;20VM93-14;20V4000M93, Superseded, importar;simple;https://milu-naval.mystagingwebsite.com/wp-content/uploads/2026/02/20V4000M93-0032-01-70.webp;20V4000M93;32;70;XS596010.00049;OIL PAN;;480.000 kg;SI;X59601400019;X59601400003;ok;importar;import_superseded;relacion superseded clara;import_superseded;relacion superseded clara;engine_20V4000M93.json;1700118;32;X59601400003;OIL PAN;;480.000 kg;SI;Superseded;X59601400019;X59601400003;ok;importar;yes
X59601800005;SUPPORT F OIL SEPARATOR;x59601800005;publish;"Engine: 20V4000M93
Part Number: X59601800005
Designation: SUPPORT F OIL SEPARATOR
Measurement: 
Weight: 
Source Page: 40
BOM: XS596180.00013
Substitution Status: SI
New Part Number: X59601800135
Superseded List: X59601800005";SUPPORT F OIL SEPARATOR;;20VM93-18;20V4000M93, Superseded, importar;simple;https://milu-naval.mystagingwebsite.com/wp-content/uploads/2026/02/20V4000M93-0039-01-450.webp;20V4000M93;40;450;XS596180.00013;SUPPORT F OIL SEPARATOR;;;SI;X59601800135;X59601800005;ok;importar;import_superseded;relacion superseded clara;import_superseded;relacion superseded clara;engine_20V4000M93.json;1700205;40;X59601800005;SUPPORT F OIL SEPARATOR;;;SI;Superseded;X59601800135;X59601800005;ok;importar;yes
23523779;HOSE;23523779;publish;"Engine: 20V4000M93
Part Number: 23523779
Designation: HOSE
Measurement: 
Weight: 203.600 g
Source Page: 41
BOM: XS596180.00013
Substitution Status: SI
New Part Number: XP50601800001
Superseded List: ";HOSE;;20VM93-18;20V4000M93, Superseded, revisar;simple;https://milu-naval.mystagingwebsite.com/wp-content/uploads/2026/02/20V4000M93-0039-02-4550.webp;20V4000M93;41;4550;XS596180.00013;HOSE;;203.600 g;SI;XP50601800001;;pendiente;revisar;import_superseded;estado QA requiere revision manual | relacion superseded clara;import_superseded;estado QA requiere revision manual | relacion superseded clara;engine_20V4000M93.json;1700241;41;;HOSE;;203.600 g;SI;Superseded;XP50601800001;;pendiente;revisar;yes
700368045011;RUBBER SLEEVE;700368045011;publish;"Engine: 20V4000M93
Part Number: 700368045011
Designation: RUBBER SLEEVE
Measurement: 45 X 80
Weight: 0.1 KGM
Source Page: 41
BOM: XS596180.00013
Substitution Status: SI
New Part Number: X59301800021/88
Superseded List: 700368045011";RUBBER SLEEVE;;20VM93-18;20V4000M93, Superseded, importar;simple;https://milu-naval.mystagingwebsite.com/wp-content/uploads/2026/02/20V4000M93-0039-02-5250.webp;20V4000M93;41;5250;XS596180.00013;RUBBER SLEEVE;45 X 80;0.1 KGM;SI;X59301800021/88;700368045011;ok;importar;import_superseded;relacion superseded clara;import_superseded;relacion superseded clara;engine_20V4000M93.json;1700253;41;700368045011;RUBBER SLEEVE;45 X 80;0.1 KGM;SI;Superseded;X59301800021/88;700368045011;ok;importar;yes
X59402400005/75;EQUIPMENT RACK PRIMED;x59402400005-75;publish;"Engine: 20V4000M93
Part Number: X59402400005/75
Designation: EQUIPMENT RACK PRIMED
Measurement: 
Weight: 253 KGM
Source Page: 52
BOM: XS594020.00011
Substitution Status: SI
New Part Number: X59302400027/75
Superseded List: X59402400005/75";EQUIPMENT RACK PRIMED;;20VM93-24;20V4000M93, Superseded, importar;simple;https://milu-naval.mystagingwebsite.com/wp-content/uploads/2026/02/20V4000M93-0051-01-250.webp;20V4000M93;52;250;XS594020.00011;EQUIPMENT RACK PRIMED;;253 KGM;SI;X59302400027/75;X59402400005/75;ok;importar;import_superseded;relacion superseded clara;import_superseded;relacion superseded clara;engine_20V4000M93.json;1700306;52;X59402400005/75;EQUIPMENT RACK PRIMED;;253 KGM;SI;Superseded;X59302400027/75;X59402400005/75;ok;importar;yes
X59603100002;CRANKSHAFT 20V-20CWT-STROKE190;x59603100002;publish;"Engine: 20V4000M93
Part Number: X59603100002
Designation: CRANKSHAFT 20V-20CWT-STROKE190
Measurement: 
Weight: 820.000
Source Page: 57
BOM: X59603100002
Substitution Status: SI
New Part Number: EX59603100002
Superseded List: X59603100002";CRANKSHAFT 20V-20CWT-STROKE190;;20VM93-30;20V4000M93, Superseded, importar;simple;https://milu-naval.mystagingwebsite.com/wp-content/uploads/2026/01/sin_imagen.jpeg;20V4000M93;57;10;X59603100002;CRANKSHAFT 20V-20CWT-STROKE190;;820.000;SI;EX59603100002;X59603100002;ok;importar;import_superseded;relacion superseded clara;import_superseded;relacion superseded clara;engine_20V4000M93.json;1700343;57;X59603100002;CRANKSHAFT 20V-20CWT-STROKE190;;820.000;SI;Superseded;EX59603100002;X59603100002;ok;importar;yes
X52404100205;CYL.HEAD WITH VALVES;x52404100205;publish;"Engine: 20V4000M93
Part Number: X52404100205
Designation: CYL.HEAD WITH VALVES
Measurement: 
Weight: 
Source Page: 77
BOM: XS596040.00001
Substitution Status: SI
New Part Number: EX52904100372
Superseded List: X52404100205";CYL.HEAD WITH VALVES;;20VM93-41;20V4000M93, Superseded, importar;simple;https://milu-naval.mystagingwebsite.com/wp-content/uploads/2026/02/20V4000M93-0077-01-50.webp;20V4000M93;77;50;XS596040.00001;CYL.HEAD WITH VALVES;;;SI;EX52904100372;X52404100205;ok;importar;import_superseded;relacion superseded clara;import_superseded;relacion superseded clara;engine_20V4000M93.json;1700447;77;X52404100205;CYL.HEAD WITH VALVES;;;SI;Superseded;EX52904100372;X52404100205;ok;importar;yes
E5280500101;CAMSHAFT;e5280500101;publish;"Engine: 20V4000M93
Part Number: E5280500101
Designation: CAMSHAFT
Measurement: 
Weight: 20.000 g
Source Page: 84
BOM: 050.00036
Substitution Status: SI
New Part Number: 5280500101
Superseded List: E5280500101";CAMSHAFT;;20VM93-51;20V4000M93, Superseded, importar;simple;https://milu-naval.mystagingwebsite.com/wp-content/uploads/2026/02/20V4000M93-0082-01-35.webp;20V4000M93;84;35;050.00036;CAMSHAFT;;20.000 g;SI;5280500101;E5280500101;ok;importar;import_superseded;ya existe en WordPress/product-export | relacion superseded clara;import_superseded;ya existe en WordPress/product-export | relacion superseded clara;engine_20V4000M93.json;1700486;84;E5280500101;CAMSHAFT;;20.000 g;SI;Superseded;5280500101;E5280500101;ok;importar;yes
X52405200030;CAMSHAFT GEAR;x52405200030;publish;"Engine: 20V4000M93
Part Number: X52405200030
Designation: CAMSHAFT GEAR
Measurement: 
Weight: 
Source Page: 84
BOM: 050.00036
Substitution Status: SI
New Part Number: X52405200029
Superseded List: X52405200030";CAMSHAFT GEAR;;20VM93-51;20V4000M93, Superseded, importar;simple;https://milu-naval.mystagingwebsite.com/wp-content/uploads/2026/02/20V4000M93-0082-02-50.webp;20V4000M93;84;50;050.00036;CAMSHAFT GEAR;;;SI;X52405200029;X52405200030;ok;importar;import_superseded;relacion superseded clara;import_superseded;relacion superseded clara;engine_20V4000M93.json;1700488;84;X52405200030;CAMSHAFT GEAR;;;SI;Superseded;X52405200029;X52405200030;ok;importar;yes
5280510201;CAMSHAFT FREE END;5280510201;publish;"Engine: 20V4000M93
Part Number: 5280510201
Designation: CAMSHAFT FREE END
Measurement: 
Weight: 
Source Page: 85
BOM: 5280500101
Substitution Status: SI
New Part Number: 5280500101
Superseded List: 5280510201";CAMSHAFT FREE END;;20VM93-51;20V4000M93, Superseded, importar;simple;https://milu-naval.mystagingwebsite.com/wp-content/uploads/2026/02/20V4000M93-0085-01-5.webp;20V4000M93;85;5;5280500101;CAMSHAFT FREE END;;;SI;5280500101;5280510201;ok;importar;import_superseded;ya existe en WordPress/product-export | relacion superseded clara;import_superseded;ya existe en WordPress/product-export | relacion superseded clara;engine_20V4000M93.json;1700496;85;5280510201;CAMSHAFT FREE END;;;SI;Superseded;5280500101;5280510201;ok;importar;yes
XP52707300006;CONTROL BLOCK;xp52707300006;publish;"Engine: 20V4000M93
Part Number: XP52707300006
Designation: CONTROL BLOCK
Measurement: 
Weight: 5.240 kg
Source Page: 99
BOM: X59507300003
Substitution Status: SI
New Part Number: XP52707300012
Superseded List: XP52707300006";CONTROL BLOCK;;20VM93-73;20V4000M93, Superseded, importar;simple;https://milu-naval.mystagingwebsite.com/wp-content/uploads/2026/02/20V4000M93-0099-01-20.webp;20V4000M93;99;20;X59507300003;CONTROL BLOCK;;5.240 kg;SI;XP52707300012;XP52707300006;ok;importar;import_superseded;relacion superseded clara;import_superseded;relacion superseded clara;engine_20V4000M93.json;1700552;99;XP52707300006;CONTROL BLOCK;;5.240 kg;SI;Superseded;XP52707300012;XP52707300006;ok;importar;yes
X59407500022;INJECTOR;x59407500022;publish;"Engine: 20V4000M93
Part Number: X59407500022
Designation: INJECTOR
Measurement: 
Weight: 3.527 kg EM
Source Page: 102
BOM: XS596070.00003
Substitution Status: SI
New Part Number: EX59407500022
Superseded List: X59407500022";INJECTOR;;20VM93-75;20V4000M93, Superseded, importar;simple;https://milu-naval.mystagingwebsite.com/wp-content/uploads/2026/02/20V4000M93-0102-01-25.webp;20V4000M93;102;25;XS596070.00003;INJECTOR;;3.527 kg EM;SI;EX59407500022;X59407500022;ok;importar;import_superseded;relacion superseded clara;import_superseded;relacion superseded clara;engine_20V4000M93.json;1700561;102;X59407500022;INJECTOR;;3.527 kg EM;SI;Superseded;EX59407500022;X59407500022;ok;importar;yes
X59610100194;EXHAUST TURBOCHARGER LEFT INACTIVE ZR175;x59610100194;publish;"Engine: 20V4000M93
Part Number: X59610100194
Designation: EXHAUST TURBOCHARGER LEFT INACTIVE ZR175
Measurement: 
Weight: 104.000 kg EM
Source Page: 137
BOM: XS596100.00008
Substitution Status: SI
New Part Number: EX59610100194
Superseded List: X59610100194";EXHAUST TURBOCHARGER LEFT INACTIVE ZR175;;20VM93-101;20V4000M93, Superseded, importar;simple;https://milu-naval.mystagingwebsite.com/wp-content/uploads/2026/02/20V4000M93-0137-01-20.webp;20V4000M93;137;20;XS596100.00008;EXHAUST TURBOCHARGER LEFT INACTIVE ZR175;;104.000 kg EM;SI;EX59610100194;X59610100194;ok;importar;import_superseded;ya existe en WordPress/product-export | relacion superseded clara;import_superseded;ya existe en WordPress/product-export | relacion superseded clara;engine_20V4000M93.json;1700847;137;X59610100194;EXHAUST TURBOCHARGER LEFT INACTIVE ZR175;;104.000 kg EM;SI;Superseded;EX59610100194;X59610100194;ok;importar;yes
X59610100195;EXHAUST TURBOCHARGER RIGHT ACTIVE ZR175;x59610100195;publish;"Engine: 20V4000M93
Part Number: X59610100195
Designation: EXHAUST TURBOCHARGER RIGHT ACTIVE ZR175
Measurement: 
Weight: 101.500 kg EM
Source Page: 137
BOM: XS596100.00008
Substitution Status: SI
New Part Number: EX59610100195
Superseded List: X59610100195";EXHAUST TURBOCHARGER RIGHT ACTIVE ZR175;;20VM93-101;20V4000M93, Superseded, importar;simple;https://milu-naval.mystagingwebsite.com/wp-content/uploads/2026/02/20V4000M93-0137-01-40.webp;20V4000M93;137;40;XS596100.00008;EXHAUST TURBOCHARGER RIGHT ACTIVE ZR175;;101.500 kg EM;SI;EX59610100195;X59610100195;ok;importar;import_superseded;ya existe en WordPress/product-export | relacion superseded clara;import_superseded;ya existe en WordPress/product-export | relacion superseded clara;engine_20V4000M93.json;1700857;137;X59610100195;EXHAUST TURBOCHARGER RIGHT ACTIVE ZR175;;101.500 kg EM;SI;Superseded;EX59610100195;X59610100195;ok;importar;yes
X59610100196;EXHAUST TURBOCHARGER LEFT ACTIVE ZR175;x59610100196;publish;"Engine: 20V4000M93
Part Number: X59610100196
Designation: EXHAUST TURBOCHARGER LEFT ACTIVE ZR175
Measurement: 
Weight: 97.000 kg EM
Source Page: 137
BOM: XS596100.00008
Substitution Status: SI
New Part Number: EX59610100196
Superseded List: X59610100196";EXHAUST TURBOCHARGER LEFT ACTIVE ZR175;;20VM93-101;20V4000M93, Superseded, importar;simple;https://milu-naval.mystagingwebsite.com/wp-content/uploads/2026/02/20V4000M93-0137-01-60.webp;20V4000M93;137;60;XS596100.00008;EXHAUST TURBOCHARGER LEFT ACTIVE ZR175;;97.000 kg EM;SI;EX59610100196;X59610100196;ok;importar;import_superseded;ya existe en WordPress/product-export | relacion superseded clara;import_superseded;ya existe en WordPress/product-export | relacion superseded clara;engine_20V4000M93.json;1700858;137;X59610100196;EXHAUST TURBOCHARGER LEFT ACTIVE ZR175;;97.000 kg EM;SI;Superseded;EX59610100196;X59610100196;ok;importar;yes
X59610100197;EXHAUST TURBOCHARGER RIGHT ACTIVE ZR175;x59610100197;publish;"Engine: 20V4000M93
Part Number: X59610100197
Designation: EXHAUST TURBOCHARGER RIGHT ACTIVE ZR175
Measurement: 
Weight: 112.500 kg EM
Source Page: 137
BOM: XS596100.00008
Substitution Status: SI
New Part Number: EX59610100197
Superseded List: X59610100197";EXHAUST TURBOCHARGER RIGHT ACTIVE ZR175;;20VM93-101;20V4000M93, Superseded, importar;simple;https://milu-naval.mystagingwebsite.com/wp-content/uploads/2026/02/20V4000M93-0137-01-80.webp;20V4000M93;137;80;XS596100.00008;EXHAUST TURBOCHARGER RIGHT ACTIVE ZR175;;112.500 kg EM;SI;EX59610100197;X59610100197;ok;importar;import_superseded;ya existe en WordPress/product-export | relacion superseded clara;import_superseded;ya existe en WordPress/product-export | relacion superseded clara;engine_20V4000M93.json;1700859;137;X59610100197;EXHAUST TURBOCHARGER RIGHT ACTIVE ZR175;;112.500 kg EM;SI;Superseded;EX59610100197;X59610100197;ok;importar;yes
X59610100058;COMPRESSOR HOUSING;x59610100058;publish;"Engine: 20V4000M93
Part Number: X59610100058
Designation: COMPRESSOR HOUSING
Measurement: 
Weight: 37.900 kg
Source Page: 140
BOM: X59610100194
Substitution Status: SI
New Part Number: XT3510100299
Superseded List: X59610100058";COMPRESSOR HOUSING;;20VM93-101;20V4000M93, Superseded, importar;simple;https://milu-naval.mystagingwebsite.com/wp-content/uploads/2026/02/20V4000M93-0139-01-360.webp;20V4000M93;140;360;X59610100194;COMPRESSOR HOUSING;;37.900 kg;SI;XT3510100299;X59610100058;ok;importar;import_superseded;conflictos detectados: designation_conflict | relacion superseded clara;import_superseded;conflictos detectados: designation_conflict | relacion superseded clara;engine_20V4000M93.json;1700891;140;X59610100058;COMPRESSOR HOUSING;;37.900 kg;SI;Superseded;XT3510100299;X59610100058;ok;importar;yes
X59611400024/87;INTERCOOLER WITH TEST CERT. 3.1;x59611400024-87;publish;"Engine: 20V4000M93
Part Number: X59611400024/87
Designation: INTERCOOLER WITH TEST CERT. 3.1
Measurement: 
Weight: 937.000 kg EM
Source Page: 156
BOM: XS596110.00041
Substitution Status: SI
New Part Number: EX59611400038/87
Superseded List: X59611400024/87";INTERCOOLER WITH TEST CERT. 3.1;;20VM93-114;20V4000M93, Superseded, importar;simple;https://milu-naval.mystagingwebsite.com/wp-content/uploads/2026/02/20V4000M93-0156-01-10.webp;20V4000M93;156;10;XS596110.00041;INTERCOOLER WITH TEST CERT. 3.1;;937.000 kg EM;SI;EX59611400038/87;X59611400024/87;ok;importar;import_superseded;relacion superseded clara;import_superseded;relacion superseded clara;engine_20V4000M93.json;1701115;156;X59611400024/87;INTERCOOLER WITH TEST CERT. 3.1;;937.000 kg EM;SI;Superseded;EX59611400038/87;X59611400024/87;ok;importar;yes
X59611400019;HEAT SHIELD;x59611400019;publish;"Engine: 20V4000M93
Part Number: X59611400019
Designation: HEAT SHIELD
Measurement: 
Weight: 47.300 kg
Source Page: 156
BOM: XS596110.00041
Substitution Status: SI
New Part Number: X59611400063
Superseded List: X59611400019";HEAT SHIELD;;20VM93-114;20V4000M93, Superseded, importar;simple;https://milu-naval.mystagingwebsite.com/wp-content/uploads/2026/02/20V4000M93-0156-01-15.webp;20V4000M93;156;15;XS596110.00041;HEAT SHIELD;;47.300 kg;SI;X59611400063;X59611400019;ok;importar;import_superseded;relacion superseded clara;import_superseded;relacion superseded clara;engine_20V4000M93.json;1701119;156;X59611400019;HEAT SHIELD;;47.300 kg;SI;Superseded;X59611400063;X59611400019;ok;importar;yes
X59618300033/24;AUTOMATIC OIL FILTER;x59618300033-24;publish;"Engine: 20V4000M93
Part Number: X59618300033/24
Designation: AUTOMATIC OIL FILTER
Measurement: 
Weight: 138.000 kg
Source Page: 236
BOM: XS596180.00033
Substitution Status: SI
New Part Number: X59618300042/24
Superseded List: X59618300033/24";AUTOMATIC OIL FILTER;;20VM93-183;20V4000M93, Superseded, importar;simple;https://milu-naval.mystagingwebsite.com/wp-content/uploads/2026/02/20V4000M93-0236-01-50.webp;20V4000M93;236;50;XS596180.00033;AUTOMATIC OIL FILTER;;138.000 kg;SI;X59618300042/24;X59618300033/24;ok;importar;import_superseded;relacion superseded clara;import_superseded;relacion superseded clara;engine_20V4000M93.json;1701785;236;X59618300033/24;AUTOMATIC OIL FILTER;;138.000 kg;SI;Superseded;X59618300042/24;X59618300033/24;ok;importar;yes
X59618300029/87;OIL COOLER;x59618300029-87;publish;"Engine: 20V4000M93
Part Number: X59618300029/87
Designation: OIL COOLER
Measurement: 
Weight: 209.200 kg KANAELE: 50 OEL / 51 KM
Source Page: 244
BOM: XS596180.00018
Substitution Status: SI
New Part Number: X59618300046/87
Superseded List: X59618300029/87";OIL COOLER;;20VM93-183;20V4000M93, Superseded, importar;simple;https://milu-naval.mystagingwebsite.com/wp-content/uploads/2026/02/20V4000M93-0244-01-20.webp;20V4000M93;244;20;XS596180.00018;OIL COOLER;;209.200 kg KANAELE: 50 OEL / 51 KM;SI;X59618300046/87;X59618300029/87;ok;importar;import_superseded;relacion superseded clara;import_superseded;relacion superseded clara;engine_20V4000M93.json;1701928;244;X59618300029/87;OIL COOLER;;209.200 kg KANAELE: 50 OEL / 51 KM;SI;Superseded;X59618300046/87;X59618300029/87;ok;importar;yes
X52820200163;COOLANT LINE;x52820200163;publish;"Engine: 20V4000M93
Part Number: X52820200163
Designation: COOLANT LINE
Measurement: 
Weight: 707.000 g SB
Source Page: 279
BOM: XS596200.00025
Substitution Status: SI
New Part Number: X59620200178
Superseded List: X52820200163";COOLANT LINE;;20VM93-202;20V4000M93, Superseded, importar;simple;https://milu-naval.mystagingwebsite.com/wp-content/uploads/2026/02/20V4000M93-0278-01-310.webp;20V4000M93;279;310;XS596200.00025;COOLANT LINE;;707.000 g SB;SI;X59620200178;X52820200163;ok;importar;import_superseded;relacion superseded clara;import_superseded;relacion superseded clara;engine_20V4000M93.json;1702352;279;X52820200163;COOLANT LINE;;707.000 g SB;SI;Superseded;X59620200178;X52820200163;ok;importar;yes
X52820200164;COOLANT LINE;x52820200164;publish;"Engine: 20V4000M93
Part Number: X52820200164
Designation: COOLANT LINE
Measurement: 
Weight: 797.000 g SB
Source Page: 279
BOM: XS596200.00025
Substitution Status: SI
New Part Number: X59620200178
Superseded List: X52820200164";COOLANT LINE;;20VM93-202;20V4000M93, Superseded, importar;simple;https://milu-naval.mystagingwebsite.com/wp-content/uploads/2026/02/20V4000M93-0278-01-370.webp;20V4000M93;279;370;XS596200.00025;COOLANT LINE;;797.000 g SB;SI;X59620200178;X52820200164;ok;importar;import_superseded;relacion superseded clara;import_superseded;relacion superseded clara;engine_20V4000M93.json;1702357;279;X52820200164;COOLANT LINE;;797.000 g SB;SI;Superseded;X59620200178;X52820200164;ok;importar;yes
X59699100017;RETAINER;x59699100017;publish;"Engine: 20V4000M93
Part Number: X59699100017
Designation: RETAINER
Measurement: 
Weight: 2.124 kg
Source Page: 279
BOM: XS596200.00025
Substitution Status: SI
New Part Number: X59699100755
Superseded List: X59699100017";RETAINER;;20VM93-202;20V4000M93, Superseded, importar;simple;https://milu-naval.mystagingwebsite.com/wp-content/uploads/2026/02/20V4000M93-0278-01-40.webp;20V4000M93;279;40;XS596200.00025;RETAINER;;2.124 kg;SI;X59699100755;X59699100017;ok;importar;import_superseded;relacion superseded clara;import_superseded;relacion superseded clara;engine_20V4000M93.json;1702359;279;X59699100017;RETAINER;;2.124 kg;SI;Superseded;X59699100755;X59699100017;ok;importar;yes
X52820200054;VENT LINE;x52820200054;publish;"Engine: 20V4000M93
Part Number: X52820200054
Designation: VENT LINE
Measurement: 
Weight: 175.000 g
Source Page: 286
BOM: XS596200.00026
Substitution Status: SI
New Part Number: X59620200204
Superseded List: X52820200054";VENT LINE;;20VM93-202;20V4000M93, Superseded, importar;simple;https://milu-naval.mystagingwebsite.com/wp-content/uploads/2026/02/20V4000M93-0283-01-940.webp;20V4000M93;286;940;XS596200.00026;VENT LINE;;175.000 g;SI;X59620200204;X52820200054;ok;importar;import_superseded;relacion superseded clara;import_superseded;relacion superseded clara;engine_20V4000M93.json;1702549;286;X52820200054;VENT LINE;;175.000 g;SI;Superseded;X59620200204;X52820200054;ok;importar;yes
5550781241;BRACKET;5550781241;publish;"Engine: 20V4000M93
Part Number: 5550781241
Designation: BRACKET
Measurement: 
Weight: 0.103 KGM
Source Page: 288
BOM: XS596200.00026
Substitution Status: SI
New Part Number: X00038759
Superseded List: 5550781241";BRACKET;;20VM93-202;20V4000M93, Superseded, importar;simple;https://milu-naval.mystagingwebsite.com/wp-content/uploads/2026/02/20V4000M93-0283-02-2110.webp;20V4000M93;288;2110;XS596200.00026;BRACKET;;0.103 KGM;SI;X00038759;5550781241;ok;importar;import_superseded;relacion superseded clara;import_superseded;relacion superseded clara;engine_20V4000M93.json;1702614;288;5550781241;BRACKET;;0.103 KGM;SI;Superseded;X00038759;5550781241;ok;importar;yes
X59620300015;VENT LINE;x59620300015;publish;"Engine: 20V4000M93
Part Number: X59620300015
Designation: VENT LINE
Measurement: 
Weight: 0.19 KGM
Source Page: 288
BOM: XS596200.00026
Substitution Status: SI
New Part Number: X59620300053
Superseded List: X59620300015";VENT LINE;;20VM93-202;20V4000M93, Superseded, importar;simple;https://milu-naval.mystagingwebsite.com/wp-content/uploads/2026/02/20V4000M93-0284-01-2320.webp;20V4000M93;288;2320;XS596200.00026;VENT LINE;;0.19 KGM;SI;X59620300053;X59620300015;ok;importar;import_superseded;relacion superseded clara;import_superseded;relacion superseded clara;engine_20V4000M93.json;1702636;288;X59620300015;VENT LINE;;0.19 KGM;SI;Superseded;X59620300053;X59620300015;ok;importar;yes
X59620200081;VENT LINE;x59620200081;publish;"Engine: 20V4000M93
Part Number: X59620200081
Designation: VENT LINE
Measurement: 
Weight: 0.120 kg
Source Page: 288
BOM: XS596200.00026
Substitution Status: SI
New Part Number: X59620200176
Superseded List: X59620200081";VENT LINE;;20VM93-202;20V4000M93, Superseded, importar;simple;https://milu-naval.mystagingwebsite.com/wp-content/uploads/2026/02/20V4000M93-0284-01-2520.webp;20V4000M93;288;2520;XS596200.00026;VENT LINE;;0.120 kg;SI;X59620200176;X59620200081;ok;importar;import_superseded;relacion superseded clara;import_superseded;relacion superseded clara;engine_20V4000M93.json;1702654;288;X59620200081;VENT LINE;;0.120 kg;SI;Superseded;X59620200176;X59620200081;ok;importar;yes
X59620600003;THERMOSTAT HOUSING;x59620600003;publish;"Engine: 20V4000M93
Part Number: X59620600003
Designation: THERMOSTAT HOUSING
Measurement: 
Weight: 
Source Page: 302
BOM: XS596200.00038
Substitution Status: SI
New Part Number: X59620600008
Superseded List: X59620600003";THERMOSTAT HOUSING;;20VM93-206;20V4000M93, Superseded, importar;simple;https://milu-naval.mystagingwebsite.com/wp-content/uploads/2026/02/20V4000M93-0302-01-150.webp;20V4000M93;302;150;XS596200.00038;THERMOSTAT HOUSING;;;SI;X59620600008;X59620600003;ok;importar;import_superseded;relacion superseded clara;import_superseded;relacion superseded clara;engine_20V4000M93.json;1702793;302;X59620600003;THERMOSTAT HOUSING;;;SI;Superseded;X59620600008;X59620600003;ok;importar;yes
X59620600004;THERMAL ACTUATOR;x59620600004;publish;"Engine: 20V4000M93
Part Number: X59620600004
Designation: THERMAL ACTUATOR
Measurement: 
Weight: 
Source Page: 302
BOM: XS596200.00038
Substitution Status: SI
New Part Number: X59620600007
Superseded List: X59620600004";THERMAL ACTUATOR;;20VM93-206;20V4000M93, Superseded, importar;simple;https://milu-naval.mystagingwebsite.com/wp-content/uploads/2026/02/20V4000M93-0302-01-500.webp;20V4000M93;302;500;XS596200.00038;THERMAL ACTUATOR;;;SI;X59620600007;X59620600004;ok;importar;import_superseded;relacion superseded clara;import_superseded;relacion superseded clara;engine_20V4000M93.json;1702802;302;X59620600004;THERMAL ACTUATOR;;;SI;Superseded;X59620600007;X59620600004;ok;importar;yes
X52401100007/87;SAFETY VALVE WITH TEST CERT. 3.1;x52401100007-87;publish;"Engine: 20V4000M93L
Part Number: X52401100007/87
Designation: SAFETY VALVE WITH TEST CERT. 3.1
Measurement: 
Weight: 
Source Page: 1123
BOM: XS596010.00020
Substitution Status: SI
New Part Number: X58401100013/87
Superseded List: X52401100007/87";SAFETY VALVE WITH TEST CERT. 3.1;;20VM93L-10;20V4000M93L, Superseded, importar;simple;https://milu-naval.mystagingwebsite.com/wp-content/uploads/2026/02/20V4000M93L-1123-01-1300.webp;20V4000M93L;1123;1300;XS596010.00020;SAFETY VALVE WITH TEST CERT. 3.1;;;SI;X58401100013/87;X52401100007/87;ok;importar;import_superseded;ya existe en WordPress/product-export | relacion superseded clara;import_superseded;ya existe en WordPress/product-export | relacion superseded clara;engine_20V4000M93L.json;1800010;1123;X52401100007/87;SAFETY VALVE WITH TEST CERT. 3.1;;;SI;Superseded;X58401100013/87;X52401100007/87;ok;importar;yes
X59601100011;COVER;x59601100011;publish;"Engine: 20V4000M93L
Part Number: X59601100011
Designation: COVER
Measurement: 
Weight: 44.000 kg
Source Page: 1125
BOM: XS596010.00013
Substitution Status: SI
New Part Number: X59601100018
Superseded List: X59601100011";COVER;;20VM93L-11;20V4000M93L, Superseded, importar;simple;https://milu-naval.mystagingwebsite.com/wp-content/uploads/2026/02/20V4000M93L-1125-01-170.webp;20V4000M93L;1125;170;XS596010.00013;COVER;;44.000 kg;SI;X59601100018;X59601100011;ok;importar;import_superseded;ya existe en WordPress/product-export | relacion superseded clara;import_superseded;ya existe en WordPress/product-export | relacion superseded clara;engine_20V4000M93L.json;1800031;1125;X59601100011;COVER;;44.000 kg;SI;Superseded;X59601100018;X59601100011;ok;importar;yes
5280140002;OIL PAN;5280140002;publish;"Engine: 20V4000M93L
Part Number: 5280140002
Designation: OIL PAN
Measurement: 
Weight: 480.000 kg
Source Page: 1133
BOM: 010.00170
Substitution Status: SI
New Part Number: X59601400019
Superseded List: 5280140002";OIL PAN;;20VM93L-14;20V4000M93L, Superseded, importar;simple;https://milu-naval.mystagingwebsite.com/wp-content/uploads/2026/02/20V4000M93L-1133-01-30.webp;20V4000M93L;1133;30;010.00170;OIL PAN;;480.000 kg;SI;X59601400019;5280140002;ok;importar;import_superseded;relacion superseded clara;import_superseded;relacion superseded clara;engine_20V4000M93L.json;1800100;1133;5280140002;OIL PAN;;480.000 kg;SI;Superseded;X59601400019;5280140002;ok;importar;yes
5280150031;INDICATOR DEAD CENTE R;5280150031;publish;"Engine: 20V4000M93L
Part Number: 5280150031
Designation: INDICATOR DEAD CENTE R
Measurement: 
Weight: 0.25 KGM
Source Page: 1138
BOM: X00019264
Substitution Status: SI
New Part Number: X59301600002
Superseded List: 5280150031";INDICATOR DEAD CENTE R;;20VM93L-16;20V4000M93L, Superseded, importar;simple;https://milu-naval.mystagingwebsite.com/wp-content/uploads/2026/02/20V4000M93L-1138-01-250.webp;20V4000M93L;1138;250;X00019264;INDICATOR DEAD CENTE R;;0.25 KGM;SI;X59301600002;5280150031;ok;importar;import_superseded;ya existe en WordPress/product-export | relacion superseded clara;import_superseded;ya existe en WordPress/product-export | relacion superseded clara;engine_20V4000M93L.json;1800133;1138;5280150031;INDICATOR DEAD CENTE R;;0.25 KGM;SI;Superseded;X59301600002;5280150031;ok;importar;yes
X59601800008;GASKET;x59601800008;publish;"Engine: 20V4000M93L
Part Number: X59601800008
Designation: GASKET
Measurement: 
Weight: 52.500 g
Source Page: 1142
BOM: XS596180.00013
Substitution Status: SI
New Part Number: X54701800009
Superseded List: X59601800008";GASKET;;20VM93L-18;20V4000M93L, Superseded, importar;simple;https://milu-naval.mystagingwebsite.com/wp-content/uploads/2026/02/20V4000M93L-1141-01-550.webp;20V4000M93L;1142;550;XS596180.00013;GASKET;;52.500 g;SI;X54701800009;X59601800008;ok;importar;import_superseded;ya existe en WordPress/product-export | relacion superseded clara;import_superseded;ya existe en WordPress/product-export | relacion superseded clara;engine_20V4000M93L.json;1800204;1142;X59601800008;GASKET;;52.500 g;SI;Superseded;X54701800009;X59601800008;ok;importar;yes
X59601800047;OIL PRESEPARATOR;x59601800047;publish;"Engine: 20V4000M93L
Part Number: X59601800047
Designation: OIL PRESEPARATOR
Measurement: 
Weight: 
Source Page: 1515
BOM: XS596180.00013
Substitution Status: SI
New Part Number: X54701800008
Superseded List: X59601800047";OIL PRESEPARATOR;;20VM93L-18;20V4000M93L, Superseded, importar;simple;https://milu-naval.mystagingwebsite.com/wp-content/uploads/2026/02/20V4000M93L-1514-01-650.webp;20V4000M93L;1515;650;XS596180.00013;OIL PRESEPARATOR;;;SI;X54701800008;X59601800047;ok;importar;import_superseded;acciones QA contradictorias para el mismo PN | estado QA requiere revision manual | conflictos detectados: designation_conflict | ya existe en WordPress/product-export | relacion superseded clara;import_superseded;acciones QA contradictorias para el mismo PN | estado QA requiere revision manual | conflictos detectados: designation_conflict | ya existe en WordPress/product-export | relacion superseded clara;engine_20V4000M93L.json;1803778;1515;X59601800047;OIL PRESEPARATOR;;;SI;Superseded;X54701800008;X59601800047;ok;importar;yes
X59602400009;EQUIPMENT RACK;x59602400009;publish;"Engine: 20V4000M93L
Part Number: X59602400009
Designation: EQUIPMENT RACK
Measurement: 
Weight: 
Source Page: 1152
BOM: XS596020.00004
Substitution Status: SI
New Part Number: X59302400027/75
Superseded List: X59602400009";EQUIPMENT RACK;;20VM93L-24;20V4000M93L, Superseded, importar;simple;https://milu-naval.mystagingwebsite.com/wp-content/uploads/2026/02/20V4000M93L-1151-01-200.webp;20V4000M93L;1152;200;XS596020.00004;EQUIPMENT RACK;;;SI;X59302400027/75;X59602400009;ok;importar;import_superseded;relacion superseded clara;import_superseded;relacion superseded clara;engine_20V4000M93L.json;1800296;1152;X59602400009;EQUIPMENT RACK;;;SI;Superseded;X59302400027/75;X59602400009;ok;importar;yes
X52803500004;IDLER GEAR F.SEC.PTO, FREE END;x52803500004;publish;"Engine: 20V4000M93L
Part Number: X52803500004
Designation: IDLER GEAR F.SEC.PTO, FREE END
Measurement: 
Weight: 14.000 kg
Source Page: 1153
BOM: X59602400009
Substitution Status: SI
New Part Number: X54702500009
Superseded List: X52803500004";IDLER GEAR F.SEC.PTO, FREE END;;20VM93L-24;20V4000M93L, Superseded, importar;simple;https://milu-naval.mystagingwebsite.com/wp-content/uploads/2026/02/20V4000M93L-1153-01-250.webp;20V4000M93L;1153;250;X59602400009;IDLER GEAR F.SEC.PTO, FREE END;;14.000 kg;SI;X54702500009;X52803500004;ok;importar;import_superseded;relacion superseded clara;import_superseded;relacion superseded clara;engine_20V4000M93L.json;1800315;1153;X52803500004;IDLER GEAR F.SEC.PTO, FREE END;;14.000 kg;SI;Superseded;X54702500009;X52803500004;ok;importar;yes
X52404100033;CYLINDER HEAD W.VALVE + SEAT RING;x52404100033;publish;"Engine: 20V4000M93L
Part Number: X52404100033
Designation: CYLINDER HEAD W.VALVE + SEAT RING
Measurement: 
Weight: 
Source Page: 1178
BOM: XS596040.00001
Substitution Status: SI
New Part Number: EX52904100372
Superseded List: X52404100033";CYLINDER HEAD W.VALVE + SEAT RING;;20VM93L-41;20V4000M93L, Superseded, importar;simple;https://milu-naval.mystagingwebsite.com/wp-content/uploads/2026/02/20V4000M93L-1178-01-50.webp;20V4000M93L;1178;50;XS596040.00001;CYLINDER HEAD W.VALVE + SEAT RING;;;SI;EX52904100372;X52404100033;ok;importar;import_superseded;acciones QA contradictorias para el mismo PN | estado QA requiere revision manual | conflictos detectados: designation_conflict | relacion superseded clara;import_superseded;acciones QA contradictorias para el mismo PN | estado QA requiere revision manual | conflictos detectados: designation_conflict | relacion superseded clara;engine_20V4000M93L.json;1800436;1178;X52404100033;CYLINDER HEAD W.VALVE + SEAT RING;;;SI;Superseded;EX52904100372;X52404100033;ok;importar;yes
5280500044;THRUST BEARING FLANG FOR CAMSHAFT;5280500044;publish;"Engine: 20V4000M93L
Part Number: 5280500044
Designation: THRUST BEARING FLANG FOR CAMSHAFT
Measurement: 
Weight: 1.647 kg
Source Page: 1557
BOM: 050.00036
Substitution Status: SI
New Part Number: X59605300002
Superseded List: 5280500044";THRUST BEARING FLANG FOR CAMSHAFT;;20VM93L-51;20V4000M93L, Superseded, importar;simple;https://milu-naval.mystagingwebsite.com/wp-content/uploads/2026/02/20V4000M93L-1556-01-90.webp;20V4000M93L;1557;90;050.00036;THRUST BEARING FLANG FOR CAMSHAFT;;1.647 kg;SI;X59605300002;5280500044;ok;importar;import_superseded;ya existe en WordPress/product-export | relacion superseded clara;import_superseded;ya existe en WordPress/product-export | relacion superseded clara;engine_20V4000M93L.json;1804038;1557;5280500044;THRUST BEARING FLANG FOR CAMSHAFT;;1.647 kg;SI;Superseded;X59605300002;5280500044;ok;importar;yes
700429250000;O-RING;700429250000;publish;"Engine: 20V4000M93L
Part Number: 700429250000
Designation: O-RING
Measurement: 
Weight: 21.500 g 250 X 4 MMN429
Source Page: 1195
BOM: XS528010.00019
Substitution Status: SI
New Part Number: 700429253000
Superseded List: 700429250000";O-RING;;20VM93L-55;20V4000M93L, Superseded, importar;simple;https://milu-naval.mystagingwebsite.com/wp-content/uploads/2026/02/20V4000M93L-1195-01-20.webp;20V4000M93L;1195;20;XS528010.00019;O-RING;;21.500 g 250 X 4 MMN429;SI;700429253000;700429250000;ok;importar;import_superseded;ya existe en WordPress/product-export | relacion superseded clara;import_superseded;ya existe en WordPress/product-export | relacion superseded clara;engine_20V4000M93L.json;1800512;1195;700429250000;O-RING;;21.500 g 250 X 4 MMN429;SI;Superseded;700429253000;700429250000;ok;importar;yes
X52707300005;HP PUMP;x52707300005;publish;"Engine: 20V4000M93L
Part Number: X52707300005
Designation: HP PUMP
Measurement: 
Weight: 80.000 kg EM
Source Page: 1198
BOM: XS527070.00014
Substitution Status: SI
New Part Number: EX59507300031
Superseded List: X52707300005";HP PUMP;;20VM93L-73;20V4000M93L, Superseded, importar;simple;https://milu-naval.mystagingwebsite.com/wp-content/uploads/2026/02/20V4000M93L-1198-01-50.webp;20V4000M93L;1198;50;XS527070.00014;HP PUMP;;80.000 kg EM;SI;EX59507300031;X52707300005;ok;importar;import_superseded;relacion superseded clara;import_superseded;relacion superseded clara;engine_20V4000M93L.json;1800522;1198;X52707300005;HP PUMP;;80.000 kg EM;SI;Superseded;EX59507300031;X52707300005;ok;importar;yes
X00035420;HP FUEL LINE JACKETED;x00035420;publish;"Engine: 20V4000M93L
Part Number: X00035420
Designation: HP FUEL LINE JACKETED
Measurement: 
Weight: 4.649 kg EM
Source Page: 1203
BOM: XS596070.00004
Substitution Status: SI
New Part Number: X59507700029
Superseded List: X00035420";HP FUEL LINE JACKETED;;20VM93L-77;20V4000M93L, Superseded, importar;simple;https://milu-naval.mystagingwebsite.com/wp-content/uploads/2026/02/20V4000M93L-1203-01-100.webp;20V4000M93L;1203;100;XS596070.00004;HP FUEL LINE JACKETED;;4.649 kg EM;SI;X59507700029;X00035420;ok;importar;import_superseded;relacion superseded clara;import_superseded;relacion superseded clara;engine_20V4000M93L.json;1800533;1203;X00035420;HP FUEL LINE JACKETED;;4.649 kg EM;SI;Superseded;X59507700029;X00035420;ok;importar;yes
X59407800003;FUEL DISTRIBUTOR JACKETED;x59407800003;publish;"Engine: 20V4000M93L
Part Number: X59407800003
Designation: FUEL DISTRIBUTOR JACKETED
Measurement: 
Weight: 5.100 kg EM
Source Page: 1203
BOM: XS596070.00004
Substitution Status: SI
New Part Number: X59407800006
Superseded List: X59407800003";FUEL DISTRIBUTOR JACKETED;;20VM93L-77;20V4000M93L, Superseded, importar;simple;https://milu-naval.mystagingwebsite.com/wp-content/uploads/2026/02/20V4000M93L-1203-01-150.webp;20V4000M93L;1203;150;XS596070.00004;FUEL DISTRIBUTOR JACKETED;;5.100 kg EM;SI;X59407800006;X59407800003;ok;importar;import_superseded;acciones QA contradictorias para el mismo PN | estado QA requiere revision manual | conflictos detectados: designation_conflict | ya existe en WordPress/product-export | relacion superseded clara;import_superseded;acciones QA contradictorias para el mismo PN | estado QA requiere revision manual | conflictos detectados: designation_conflict | ya existe en WordPress/product-export | relacion superseded clara;engine_20V4000M93L.json;1800538;1203;X59407800003;FUEL DISTRIBUTOR JACKETED;;5.100 kg EM;SI;Superseded;X59407800006;X59407800003;ok;importar;yes
X00026992;HP ACCUMULATOR DOUBLE -WALLED, LEFT;x00026992;publish;"Engine: 20V4000M93L
Part Number: X00026992
Designation: HP ACCUMULATOR DOUBLE -WALLED, LEFT
Measurement: 
Weight: 26.400 kg EM
Source Page: 1576
BOM: XS596070.00004
Substitution Status: SI
New Part Number: X59607700002
Superseded List: X00026992";HP ACCUMULATOR DOUBLE -WALLED, LEFT;;20VM93L-77;20V4000M93L, Superseded, revisar;simple;https://milu-naval.mystagingwebsite.com/wp-content/uploads/2026/02/20V4000M93L-1576-01-1750.webp;20V4000M93L;1576;1750;XS596070.00004;HP ACCUMULATOR DOUBLE -WALLED, LEFT;;26.400 kg EM;SI;X59607700002;X00026992;pendiente;revisar;import_superseded;estado QA requiere revision manual | conflictos detectados: designation_conflict | ya existe en WordPress/product-export | relacion superseded clara;import_superseded;estado QA requiere revision manual | conflictos detectados: designation_conflict | ya existe en WordPress/product-export | relacion superseded clara;engine_20V4000M93L.json;1804114;1576;X00026992;HP ACCUMULATOR DOUBLE -WALLED, LEFT;;26.400 kg EM;SI;Superseded;X59607700002;X00026992;pendiente;revisar;yes
X00026993;HP ACCUMULATOR DOUBLE -WALLED, RIGH B;x00026993;publish;"Engine: 20V4000M93L
Part Number: X00026993
Designation: HP ACCUMULATOR DOUBLE -WALLED, RIGH B
Measurement: 
Weight: 26.400 kg EM
Source Page: 1576
BOM: XS596070.00004
Substitution Status: SI
New Part Number: X59607700001
Superseded List: X00026993";HP ACCUMULATOR DOUBLE -WALLED, RIGH B;;20VM93L-77;20V4000M93L, Superseded, revisar;simple;https://milu-naval.mystagingwebsite.com/wp-content/uploads/2026/02/20V4000M93L-1576-01-1800.webp;20V4000M93L;1576;1800;XS596070.00004;HP ACCUMULATOR DOUBLE -WALLED, RIGH B;;26.400 kg EM;SI;X59607700001;X00026993;pendiente;revisar;import_superseded;estado QA requiere revision manual | conflictos detectados: designation_conflict | ya existe en WordPress/product-export | relacion superseded clara;import_superseded;estado QA requiere revision manual | conflictos detectados: designation_conflict | ya existe en WordPress/product-export | relacion superseded clara;engine_20V4000M93L.json;1804115;1576;X00026993;HP ACCUMULATOR DOUBLE -WALLED, RIGH B;;26.400 kg EM;SI;Superseded;X59607700001;X00026993;pendiente;revisar;yes
X00035421;HP FUEL LINE DOUBLE-WALLED, LEFT;x00035421;publish;"Engine: 20V4000M93L
Part Number: X00035421
Designation: HP FUEL LINE DOUBLE-WALLED, LEFT
Measurement: 
Weight: 3.173 kg EM
Source Page: 1203
BOM: XS596070.00004
Substitution Status: SI
New Part Number: X59507700027
Superseded List: X00035421";HP FUEL LINE DOUBLE-WALLED, LEFT;;20VM93L-77;20V4000M93L, Superseded, importar;simple;https://milu-naval.mystagingwebsite.com/wp-content/uploads/2026/02/20V4000M93L-1203-01-550.webp;20V4000M93L;1203;550;XS596070.00004;HP FUEL LINE DOUBLE-WALLED, LEFT;;3.173 kg EM;SI;X59507700027;X00035421;ok;importar;import_superseded;relacion superseded clara;import_superseded;relacion superseded clara;engine_20V4000M93L.json;1800550;1203;X00035421;HP FUEL LINE DOUBLE-WALLED, LEFT;;3.173 kg EM;SI;Superseded;X59507700027;X00035421;ok;importar;yes
X00035422;HP FUEL LINE DOUBLE-WALLED, RIGH;x00035422;publish;"Engine: 20V4000M93L
Part Number: X00035422
Designation: HP FUEL LINE DOUBLE-WALLED, RIGH
Measurement: 
Weight: 5.594 kg EM
Source Page: 1203
BOM: XS596070.00004
Substitution Status: SI
New Part Number: X59507700028
Superseded List: X00035422";HP FUEL LINE DOUBLE-WALLED, RIGH;;20VM93L-77;20V4000M93L, Superseded, importar;simple;https://milu-naval.mystagingwebsite.com/wp-content/uploads/2026/02/20V4000M93L-1203-01-650.webp;20V4000M93L;1203;650;XS596070.00004;HP FUEL LINE DOUBLE-WALLED, RIGH;;5.594 kg EM;SI;X59507700028;X00035422;ok;importar;import_superseded;relacion superseded clara;import_superseded;relacion superseded clara;engine_20V4000M93L.json;1800551;1203;X00035422;HP FUEL LINE DOUBLE-WALLED, RIGH;;5.594 kg EM;SI;Superseded;X59507700028;X00035422;ok;importar;yes
X00027068;TUBE FUEL DOUBLE WALL;x00027068;publish;"Engine: 20V4000M93L
Part Number: X00027068
Designation: TUBE FUEL DOUBLE WALL
Measurement: 
Weight: 299.000 g EM
Source Page: 1577
BOM: XS596070.00004
Substitution Status: SI
New Part Number: X59407700023
Superseded List: X00027068";TUBE FUEL DOUBLE WALL;;20VM93L-77;20V4000M93L, Superseded, importar;simple;https://milu-naval.mystagingwebsite.com/wp-content/uploads/2026/02/20V4000M93L-1576-01-1900.webp;20V4000M93L;1577;1900;XS596070.00004;TUBE FUEL DOUBLE WALL;;299.000 g EM;SI;X59407700023;X00027068;ok;importar;import_superseded;ya existe en WordPress/product-export | relacion superseded clara;import_superseded;ya existe en WordPress/product-export | relacion superseded clara;engine_20V4000M93L.json;1804130;1577;X00027068;TUBE FUEL DOUBLE WALL;;299.000 g EM;SI;Superseded;X59407700023;X00027068;ok;importar;yes
X52607700001;ADAPTER;x52607700001;publish;"Engine: 20V4000M93L
Part Number: X52607700001
Designation: ADAPTER
Measurement: 1MM
Weight: 339.500 g
Source Page: 1204
BOM: XS596070.00004
Substitution Status: SI
New Part Number: X59407700014
Superseded List: X52607700001";ADAPTER;;20VM93L-77;20V4000M93L, Superseded, importar;simple;https://milu-naval.mystagingwebsite.com/wp-content/uploads/2026/02/20V4000M93L-1203-01-1950.webp;20V4000M93L;1204;1950;XS596070.00004;ADAPTER;1MM;339.500 g;SI;X59407700014;X52607700001;ok;importar;import_superseded;conflictos detectados: weight_conflict | ya existe en WordPress/product-export | relacion superseded clara;import_superseded;conflictos detectados: weight_conflict | ya existe en WordPress/product-export | relacion superseded clara;engine_20V4000M93L.json;1800560;1204;X52607700001;ADAPTER;1MM;339.500 g;SI;Superseded;X59407700014;X52607700001;ok;importar;yes
X59508200014;RETAINER;x59508200014;publish;"Engine: 20V4000M93L
Part Number: X59508200014
Designation: RETAINER
Measurement: 
Weight: 
Source Page: 1215
BOM: XS596080.00013
Substitution Status: SI
New Part Number: X59508200015
Superseded List: X59508200014";RETAINER;;20VM93L-82;20V4000M93L, Superseded, importar;simple;https://milu-naval.mystagingwebsite.com/wp-content/uploads/2026/02/20V4000M93L-1215-01-3320.webp;20V4000M93L;1215;3320;XS596080.00013;RETAINER;;;SI;X59508200015;X59508200014;ok;importar;import_superseded;ya existe en WordPress/product-export | relacion superseded clara;import_superseded;ya existe en WordPress/product-export | relacion superseded clara;engine_20V4000M93L.json;1800615;1215;X59508200014;RETAINER;;;SI;Superseded;X59508200015;X59508200014;ok;importar;yes
X59308300001;FILTER HEAD;x59308300001;publish;"Engine: 20V4000M93L
Part Number: X59308300001
Designation: FILTER HEAD
Measurement: 
Weight: 25.600 kg
Source Page: 1223
BOM: XS594080.00017
Substitution Status: SI
New Part Number: X59408300026
Superseded List: X59308300001";FILTER HEAD;;20VM93L-83;20V4000M93L, Superseded, importar;simple;https://milu-naval.mystagingwebsite.com/wp-content/uploads/2026/02/20V4000M93L-1222-01-280.webp;20V4000M93L;1223;280;XS594080.00017;FILTER HEAD;;25.600 kg;SI;X59408300026;X59308300001;ok;importar;import_superseded;ya existe en WordPress/product-export | relacion superseded clara;import_superseded;ya existe en WordPress/product-export | relacion superseded clara;engine_20V4000M93L.json;1800696;1223;X59308300001;FILTER HEAD;;25.600 kg;SI;Superseded;X59408300026;X59308300001;ok;importar;yes
X59610100113;EXHAUST TURBOCHARGER LEFT ZR175;x59610100113;publish;"Engine: 20V4000M93L
Part Number: X59610100113
Designation: EXHAUST TURBOCHARGER LEFT ZR175
Measurement: 
Weight: 92.000 kg EM
Source Page: 1235
BOM: XS596100.00006
Substitution Status: SI
New Part Number: EX59610100194
Superseded List: X59610100113";EXHAUST TURBOCHARGER LEFT ZR175;;20VM93L-101;20V4000M93L, Superseded, importar;simple;https://milu-naval.mystagingwebsite.com/wp-content/uploads/2026/02/20V4000M93L-1235-01-100.webp;20V4000M93L;1235;100;XS596100.00006;EXHAUST TURBOCHARGER LEFT ZR175;;92.000 kg EM;SI;EX59610100194;X59610100113;ok;importar;import_superseded;ya existe en WordPress/product-export | relacion superseded clara;import_superseded;ya existe en WordPress/product-export | relacion superseded clara;engine_20V4000M93L.json;1800804;1235;X59610100113;EXHAUST TURBOCHARGER LEFT ZR175;;92.000 kg EM;SI;Superseded;EX59610100194;X59610100113;ok;importar;yes
X59610100114;EXHAUST TURBOCHARGER RIGHT ZR175;x59610100114;publish;"Engine: 20V4000M93L
Part Number: X59610100114
Designation: EXHAUST TURBOCHARGER RIGHT ZR175
Measurement: 
Weight: 95.500 kg EM
Source Page: 1235
BOM: XS596100.00006
Substitution Status: SI
New Part Number: EX59610100195
Superseded List: X59610100114";EXHAUST TURBOCHARGER RIGHT ZR175;;20VM93L-101;20V4000M93L, Superseded, importar;simple;https://milu-naval.mystagingwebsite.com/wp-content/uploads/2026/02/20V4000M93L-1235-01-150.webp;20V4000M93L;1235;150;XS596100.00006;EXHAUST TURBOCHARGER RIGHT ZR175;;95.500 kg EM;SI;EX59610100195;X59610100114;ok;importar;import_superseded;ya existe en WordPress/product-export | relacion superseded clara;import_superseded;ya existe en WordPress/product-export | relacion superseded clara;engine_20V4000M93L.json;1800807;1235;X59610100114;EXHAUST TURBOCHARGER RIGHT ZR175;;95.500 kg EM;SI;Superseded;EX59610100195;X59610100114;ok;importar;yes
X59610100115;EXHAUST TURBOCHARGER LEFT ZR175;x59610100115;publish;"Engine: 20V4000M93L
Part Number: X59610100115
Designation: EXHAUST TURBOCHARGER LEFT ZR175
Measurement: 
Weight: 96.700 kg EM
Source Page: 1235
BOM: XS596100.00006
Substitution Status: SI
New Part Number: EX59610100196
Superseded List: X59610100115";EXHAUST TURBOCHARGER LEFT ZR175;;20VM93L-101;20V4000M93L, Superseded, importar;simple;https://milu-naval.mystagingwebsite.com/wp-content/uploads/2026/02/20V4000M93L-1235-01-200.webp;20V4000M93L;1235;200;XS596100.00006;EXHAUST TURBOCHARGER LEFT ZR175;;96.700 kg EM;SI;EX59610100196;X59610100115;ok;importar;import_superseded;ya existe en WordPress/product-export | relacion superseded clara;import_superseded;ya existe en WordPress/product-export | relacion superseded clara;engine_20V4000M93L.json;1800808;1235;X59610100115;EXHAUST TURBOCHARGER LEFT ZR175;;96.700 kg EM;SI;Superseded;EX59610100196;X59610100115;ok;importar;yes
X59610100116;EXHAUST TURBOCHARGER RIGHT Busines;x59610100116;publish;"Engine: 20V4000M93L
Part Number: X59610100116
Designation: EXHAUST TURBOCHARGER RIGHT Busines
Measurement: 
Weight: 93.400 kg EM
Source Page: 1235
BOM: XS596100.00006
Substitution Status: SI
New Part Number: EX59610100197
Superseded List: X59610100116";EXHAUST TURBOCHARGER RIGHT Busines;;20VM93L-101;20V4000M93L, Superseded, revisar;simple;https://milu-naval.mystagingwebsite.com/wp-content/uploads/2026/02/20V4000M93L-1235-01-250.webp;20V4000M93L;1235;250;XS596100.00006;EXHAUST TURBOCHARGER RIGHT Busines;;93.400 kg EM;SI;EX59610100197;X59610100116;pendiente;revisar;import_superseded;estado QA requiere revision manual | ya existe en WordPress/product-export | relacion superseded clara;import_superseded;estado QA requiere revision manual | ya existe en WordPress/product-export | relacion superseded clara;engine_20V4000M93L.json;1800809;1235;X59610100116;EXHAUST TURBOCHARGER RIGHT Busines;;93.400 kg EM;SI;Superseded;EX59610100197;X59610100116;pendiente;revisar;yes
X52810100007;SHAFT;x52810100007;publish;"Engine: 20V4000M93L
Part Number: X52810100007
Designation: SHAFT
Measurement: 
Weight: 133.500 g
Source Page: 1235
BOM: XS596100.00006
Substitution Status: SI
New Part Number: X59610100123
Superseded List: X52810100007";SHAFT;;20VM93L-101;20V4000M93L, Superseded, importar;simple;https://milu-naval.mystagingwebsite.com/wp-content/uploads/2026/02/20V4000M93L-1235-01-600.webp;20V4000M93L;1235;600;XS596100.00006;SHAFT;;133.500 g;SI;X59610100123;X52810100007;ok;importar;import_superseded;ya existe en WordPress/product-export | relacion superseded clara;import_superseded;ya existe en WordPress/product-export | relacion superseded clara;engine_20V4000M93L.json;1800811;1235;X52810100007;SHAFT;;133.500 g;SI;Superseded;X59610100123;X52810100007;ok;importar;yes
X59699100041;PLUG FOR HEAT SHIELD;x59699100041;publish;"Engine: 20V4000M93L
Part Number: X59699100041
Designation: PLUG FOR HEAT SHIELD
Measurement: 
Weight: 
Source Page: 1238
BOM: X59610100113
Substitution Status: SI
New Part Number: 000908042001
Superseded List: X59699100041";PLUG FOR HEAT SHIELD;;20VM93L-101;20V4000M93L, Superseded, importar;simple;https://milu-naval.mystagingwebsite.com/wp-content/uploads/2026/02/20V4000M93L-1237-01-380.webp;20V4000M93L;1238;380;X59610100113;PLUG FOR HEAT SHIELD;;;SI;000908042001;X59699100041;ok;importar;import_superseded;relacion superseded clara;import_superseded;relacion superseded clara;engine_20V4000M93L.json;1800847;1238;X59699100041;PLUG FOR HEAT SHIELD;;;SI;Superseded;000908042001;X59699100041;ok;importar;yes
X59610100121;EXHAUST FLAP;x59610100121;publish;"Engine: 20V4000M93L
Part Number: X59610100121
Designation: EXHAUST FLAP
Measurement: 
Weight: 
Source Page: 1245
BOM: X59610100114
Substitution Status: SI
New Part Number: X59610100163
Superseded List: X59610100121";EXHAUST FLAP;;20VM93L-101;20V4000M93L, Superseded, importar;simple;https://milu-naval.mystagingwebsite.com/wp-content/uploads/2026/02/20V4000M93L-1244-01-500.webp;20V4000M93L;1245;500;X59610100114;EXHAUST FLAP;;;SI;X59610100163;X59610100121;ok;importar;import_superseded;ya existe en WordPress/product-export | relacion superseded clara;import_superseded;ya existe en WordPress/product-export | relacion superseded clara;engine_20V4000M93L.json;1800930;1245;X59610100121;EXHAUST FLAP;;;SI;Superseded;X59610100163;X59610100121;ok;importar;yes
X59611400005/87;INTERCOOLER WITH TEST CERT. 3.1;x59611400005-87;publish;"Engine: 20V4000M93L
Part Number: X59611400005/87
Designation: INTERCOOLER WITH TEST CERT. 3.1
Measurement: 
Weight: 
Source Page: 1254
BOM: XS596110.00006
Substitution Status: SI
New Part Number: EX59611400038/87
Superseded List: X59611400005/87";INTERCOOLER WITH TEST CERT. 3.1;;20VM93L-110;20V4000M93L, Superseded, importar;simple;https://milu-naval.mystagingwebsite.com/wp-content/uploads/2026/02/20V4000M93L-1254-01-10.webp;20V4000M93L;1254;10;XS596110.00006;INTERCOOLER WITH TEST CERT. 3.1;;;SI;EX59611400038/87;X59611400005/87;ok;importar;import_superseded;relacion superseded clara;import_superseded;relacion superseded clara;engine_20V4000M93L.json;1801074;1254;X59611400005/87;INTERCOOLER WITH TEST CERT. 3.1;;;SI;Superseded;EX59611400038/87;X59611400005/87;ok;importar;yes
X59611400009;SUPPORT FOR INTERCOOLER;x59611400009;publish;"Engine: 20V4000M93L
Part Number: X59611400009
Designation: SUPPORT FOR INTERCOOLER
Measurement: 
Weight: 
Source Page: 1254
BOM: XS596110.00006
Substitution Status: SI
New Part Number: X59611400014
Superseded List: X59611400009";SUPPORT FOR INTERCOOLER;;20VM93L-110;20V4000M93L, Superseded, importar;simple;https://milu-naval.mystagingwebsite.com/wp-content/uploads/2026/02/20V4000M93L-1254-01-120.webp;20V4000M93L;1254;120;XS596110.00006;SUPPORT FOR INTERCOOLER;;;SI;X59611400014;X59611400009;ok;importar;import_superseded;ya existe en WordPress/product-export | relacion superseded clara;import_superseded;ya existe en WordPress/product-export | relacion superseded clara;engine_20V4000M93L.json;1801076;1254;X59611400009;SUPPORT FOR INTERCOOLER;;;SI;Superseded;X59611400014;X59611400009;ok;importar;yes
X59611400013;HEAT SHIELD FOR INTERCOOLER;x59611400013;publish;"Engine: 20V4000M93L
Part Number: X59611400013
Designation: HEAT SHIELD FOR INTERCOOLER
Measurement: 
Weight: 
Source Page: 1254
BOM: XS596110.00006
Substitution Status: SI
New Part Number: X59611400063
Superseded List: X59611400013";HEAT SHIELD FOR INTERCOOLER;;20VM93L-110;20V4000M93L, Superseded, importar;simple;https://milu-naval.mystagingwebsite.com/wp-content/uploads/2026/02/20V4000M93L-1254-01-15.webp;20V4000M93L;1254;15;XS596110.00006;HEAT SHIELD FOR INTERCOOLER;;;SI;X59611400063;X59611400013;ok;importar;import_superseded;relacion superseded clara;import_superseded;relacion superseded clara;engine_20V4000M93L.json;1801078;1254;X59611400013;HEAT SHIELD FOR INTERCOOLER;;;SI;Superseded;X59611400063;X59611400013;ok;importar;yes
5319971132;PLUG;5319971132;publish;"Engine: 20V4000M93L
Part Number: 5319971132
Designation: PLUG
Measurement: 
Weight: 0.035 kg M18X1.5
Source Page: 1254
BOM: XS596110.00006
Substitution Status: SI
New Part Number: 735210018000
Superseded List: 5319971132";PLUG;;20VM93L-110;20V4000M93L, Superseded, importar;simple;https://milu-naval.mystagingwebsite.com/wp-content/uploads/2026/02/20V4000M93L-1254-01-250.webp;20V4000M93L;1254;250;XS596110.00006;PLUG;;0.035 kg M18X1.5;SI;735210018000;5319971132;ok;importar;import_superseded;ya existe en WordPress/product-export | relacion superseded clara;import_superseded;ya existe en WordPress/product-export | relacion superseded clara;engine_20V4000M93L.json;1801087;1254;5319971132;PLUG;;0.035 kg M18X1.5;SI;Superseded;735210018000;5319971132;ok;importar;yes
XP52611400008;GASKET;xp52611400008;publish;"Engine: 20V4000M93L
Part Number: XP52611400008
Designation: GASKET
Measurement: 1.30 M
Weight: 0.065 KGM
Source Page: 1258
BOM: XP52811400009
Substitution Status: SI
New Part Number: XP52611400107
Superseded List: XP52611400008";GASKET;;20VM93L-110;20V4000M93L, Superseded, importar;simple;https://milu-naval.mystagingwebsite.com/wp-content/uploads/2026/02/20V4000M93L-1258-01-50.webp;20V4000M93L;1258;50;XP52811400009;GASKET;1.30 M;0.065 KGM;SI;XP52611400107;XP52611400008;ok;importar;import_superseded;relacion superseded clara;import_superseded;relacion superseded clara;engine_20V4000M93L.json;1801114;1258;XP52611400008;GASKET;1.30 M;0.065 KGM;SI;Superseded;XP52611400107;XP52611400008;ok;importar;yes
X59612300019;INTAKE HOUSING VERTIKAL;x59612300019;publish;"Engine: 20V4000M93L
Part Number: X59612300019
Designation: INTAKE HOUSING VERTIKAL
Measurement: 
Weight: 6.270 kg
Source Page: 1265
BOM: XS596120.00008
Substitution Status: SI
New Part Number: X59412300013
Superseded List: X59612300019";INTAKE HOUSING VERTIKAL;;20VM93L-123;20V4000M93L, Superseded, importar;simple;https://milu-naval.mystagingwebsite.com/wp-content/uploads/2026/02/20V4000M93L-1264-01-75.webp;20V4000M93L;1265;75;XS596120.00008;INTAKE HOUSING VERTIKAL;;6.270 kg;SI;X59412300013;X59612300019;ok;importar;import_superseded;ya existe en WordPress/product-export | relacion superseded clara;import_superseded;ya existe en WordPress/product-export | relacion superseded clara;engine_20V4000M93L.json;1801148;1265;X59612300019;INTAKE HOUSING VERTIKAL;;6.270 kg;SI;Superseded;X59412300013;X59612300019;ok;importar;yes
X59612300001;LEVER;x59612300001;publish;"Engine: 20V4000M93L
Part Number: X59612300001
Designation: LEVER
Measurement: 
Weight: 
Source Page: 1267
BOM: X59612300016
Substitution Status: SI
New Part Number: X59612300026
Superseded List: X59612300001";LEVER;;20VM93L-123;20V4000M93L, Superseded, importar;simple;https://milu-naval.mystagingwebsite.com/wp-content/uploads/2026/02/20V4000M93L-1266-01-850.webp;20V4000M93L;1267;850;X59612300016;LEVER;;;SI;X59612300026;X59612300001;ok;importar;import_superseded;ya existe en WordPress/product-export | relacion superseded clara;import_superseded;ya existe en WordPress/product-export | relacion superseded clara;engine_20V4000M93L.json;1801192;1267;X59612300001;LEVER;;;SI;Superseded;X59612300026;X59612300001;ok;importar;yes
X59699100024;RETAINER;x59699100024;publish;"Engine: 20V4000M93L
Part Number: X59699100024
Designation: RETAINER
Measurement: 
Weight: 246.000 g
Source Page: 1273
BOM: XS596120.00005
Substitution Status: SI
New Part Number: X59699100656
Superseded List: X59699100024";RETAINER;;20VM93L-123;20V4000M93L, Superseded, importar;simple;https://milu-naval.mystagingwebsite.com/wp-content/uploads/2026/02/20V4000M93L-1273-01-900.webp;20V4000M93L;1273;900;XS596120.00005;RETAINER;;246.000 g;SI;X59699100656;X59699100024;ok;importar;import_superseded;ya existe en WordPress/product-export | relacion superseded clara;import_superseded;ya existe en WordPress/product-export | relacion superseded clara;engine_20V4000M93L.json;1801232;1273;X59699100024;RETAINER;;246.000 g;SI;Superseded;X59699100656;X59699100024;ok;importar;yes
X52814100025;EXHAUST PIPE BELLOWS;x52814100025;publish;"Engine: 20V4000M93L
Part Number: X52814100025
Designation: EXHAUST PIPE BELLOWS
Measurement: 
Weight: 
Source Page: 1290
BOM: XS596140.00008
Substitution Status: SI
New Part Number: X59499100411
Superseded List: X52814100025";EXHAUST PIPE BELLOWS;;20VM93L-141;20V4000M93L, Superseded, importar;simple;https://milu-naval.mystagingwebsite.com/wp-content/uploads/2026/02/20V4000M93L-1290-01-10.webp;20V4000M93L;1290;10;XS596140.00008;EXHAUST PIPE BELLOWS;;;SI;X59499100411;X52814100025;ok;importar;import_superseded;ya existe en WordPress/product-export | relacion superseded clara;import_superseded;ya existe en WordPress/product-export | relacion superseded clara;engine_20V4000M93L.json;1801433;1290;X52814100025;EXHAUST PIPE BELLOWS;;;SI;Superseded;X59499100411;X52814100025;ok;importar;yes
X59414100003;EXHAUST HOU SING;x59414100003;publish;"Engine: 20V4000M93L
Part Number: X59414100003
Designation: EXHAUST HOU SING
Measurement: 
Weight: 
Source Page: 1294
BOM: XS594140.00006
Substitution Status: SI
New Part Number: X59414100053
Superseded List: X59414100003";EXHAUST HOU SING;;20VM93L-142;20V4000M93L, Superseded, revisar;simple;https://milu-naval.mystagingwebsite.com/wp-content/uploads/2026/02/20V4000M93L-1293-01-120.webp;20V4000M93L;1294;120;XS594140.00006;EXHAUST HOU SING;;;SI;X59414100053;X59414100003;pendiente;revisar;import_superseded;estado QA requiere revision manual | ya existe en WordPress/product-export | relacion superseded clara;import_superseded;estado QA requiere revision manual | ya existe en WordPress/product-export | relacion superseded clara;engine_20V4000M93L.json;1801442;1294;X59414100003;EXHAUST HOU SING;;;SI;Superseded;X59414100053;X59414100003;pendiente;revisar;yes
700429194000;O-RING;700429194000;publish;"Engine: 20V4000M93L
Part Number: 700429194000
Designation: O-RING
Measurement: 
Weight: 15.000 g
Source Page: 1294
BOM: XS594140.00006
Substitution Status: SI
New Part Number: X59499100113
Superseded List: 700429194000";O-RING;;20VM93L-142;20V4000M93L, Superseded, importar;simple;https://milu-naval.mystagingwebsite.com/wp-content/uploads/2026/02/20V4000M93L-1292-01-1300.webp;20V4000M93L;1294;1300;XS594140.00006;O-RING;;15.000 g;SI;X59499100113;700429194000;ok;importar;import_superseded;ya existe en WordPress/product-export | relacion superseded clara;import_superseded;ya existe en WordPress/product-export | relacion superseded clara;engine_20V4000M93L.json;1801444;1294;700429194000;O-RING;;15.000 g;SI;Superseded;X59499100113;700429194000;ok;importar;yes
700429258000;O-RING;700429258000;publish;"Engine: 20V4000M93L
Part Number: 700429258000
Designation: O-RING
Measurement: 
Weight: 20.000 g
Source Page: 1294
BOM: XS594140.00006
Substitution Status: SI
New Part Number: X59499100114
Superseded List: 700429258000";O-RING;;20VM93L-142;20V4000M93L, Superseded, importar;simple;https://milu-naval.mystagingwebsite.com/wp-content/uploads/2026/02/20V4000M93L-1292-01-1350.webp;20V4000M93L;1294;1350;XS594140.00006;O-RING;;20.000 g;SI;X59499100114;700429258000;ok;importar;import_superseded;ya existe en WordPress/product-export | relacion superseded clara;import_superseded;ya existe en WordPress/product-export | relacion superseded clara;engine_20V4000M93L.json;1801445;1294;700429258000;O-RING;;20.000 g;SI;Superseded;X59499100114;700429258000;ok;importar;yes
X59414100023;RESTRICTOR;x59414100023;publish;"Engine: 20V4000M93L
Part Number: X59414100023
Designation: RESTRICTOR
Measurement: 
Weight: 0.509 kg
Source Page: 1294
BOM: XS594140.00006
Substitution Status: SI
New Part Number: X59414100047
Superseded List: X59414100023";RESTRICTOR;;20VM93L-142;20V4000M93L, Superseded, importar;simple;https://milu-naval.mystagingwebsite.com/wp-content/uploads/2026/02/20V4000M93L-1292-01-1550.webp;20V4000M93L;1294;1550;XS594140.00006;RESTRICTOR;;0.509 kg;SI;X59414100047;X59414100023;ok;importar;import_superseded;ya existe en WordPress/product-export | relacion superseded clara;import_superseded;ya existe en WordPress/product-export | relacion superseded clara;engine_20V4000M93L.json;1801448;1294;X59414100023;RESTRICTOR;;0.509 kg;SI;Superseded;X59414100047;X59414100023;ok;importar;yes
X59414100005;EXHAUST HOU SING F OR 1 CYLINDER;x59414100005;publish;"Engine: 20V4000M93L
Part Number: X59414100005
Designation: EXHAUST HOU SING F OR 1 CYLINDER
Measurement: 
Weight: 
Source Page: 1294
BOM: XS594140.00006
Substitution Status: SI
New Part Number: X59414100066
Superseded List: X59414100005";EXHAUST HOU SING F OR 1 CYLINDER;;20VM93L-142;20V4000M93L, Superseded, revisar;simple;https://milu-naval.mystagingwebsite.com/wp-content/uploads/2026/02/20V4000M93L-1292-01-175.webp;20V4000M93L;1294;175;XS594140.00006;EXHAUST HOU SING F OR 1 CYLINDER;;;SI;X59414100066;X59414100005;pendiente;revisar;import_superseded;estado QA requiere revision manual | ya existe en WordPress/product-export | relacion superseded clara;import_superseded;estado QA requiere revision manual | ya existe en WordPress/product-export | relacion superseded clara;engine_20V4000M93L.json;1801457;1294;X59414100005;EXHAUST HOU SING F OR 1 CYLINDER;;;SI;Superseded;X59414100066;X59414100005;pendiente;revisar;yes
5262030539;FLANGE 4000LH;5262030539;publish;"Engine: 20V4000M93L
Part Number: 5262030539
Designation: FLANGE 4000LH
Measurement: 
Weight: 0.650 kg
Source Page: 1294
BOM: XS594140.00006
Substitution Status: SI
New Part Number: X59699100107
Superseded List: 5262030539";FLANGE 4000LH;;20VM93L-142;20V4000M93L, Superseded, importar;simple;https://milu-naval.mystagingwebsite.com/wp-content/uploads/2026/02/20V4000M93L-1293-01-2750.webp;20V4000M93L;1294;2750;XS594140.00006;FLANGE 4000LH;;0.650 kg;SI;X59699100107;5262030539;ok;importar;import_superseded;relacion superseded clara;import_superseded;relacion superseded clara;engine_20V4000M93L.json;1801474;1294;5262030539;FLANGE 4000LH;;0.650 kg;SI;Superseded;X59699100107;5262030539;ok;importar;yes
X52620300004;FLANGE;x52620300004;publish;"Engine: 20V4000M93L
Part Number: X52620300004
Designation: FLANGE
Measurement: 
Weight: 0.915 g
Source Page: 1294
BOM: XS594140.00006
Substitution Status: SI
New Part Number: X52620200154
Superseded List: X52620300004";FLANGE;;20VM93L-142;20V4000M93L, Superseded, importar;simple;https://milu-naval.mystagingwebsite.com/wp-content/uploads/2026/02/20V4000M93L-1293-01-2760.webp;20V4000M93L;1294;2760;XS594140.00006;FLANGE;;0.915 g;SI;X52620200154;X52620300004;ok;importar;import_superseded;ya existe en WordPress/product-export | relacion superseded clara;import_superseded;ya existe en WordPress/product-export | relacion superseded clara;engine_20V4000M93L.json;1801475;1294;X52620300004;FLANGE;;0.915 g;SI;Superseded;X52620200154;X52620300004;ok;importar;yes
X59414100024;EXHAUST PIPE;x59414100024;publish;"Engine: 20V4000M93L
Part Number: X59414100024
Designation: EXHAUST PIPE
Measurement: 
Weight: 1.620 kg
Source Page: 1294
BOM: XS594140.00006
Substitution Status: SI
New Part Number: X59414100037
Superseded List: X59414100024";EXHAUST PIPE;;20VM93L-142;20V4000M93L, Superseded, importar;simple;https://milu-naval.mystagingwebsite.com/wp-content/uploads/2026/02/20V4000M93L-1293-02-3435.webp;20V4000M93L;1294;3435;XS594140.00006;EXHAUST PIPE;;1.620 kg;SI;X59414100037;X59414100024;ok;importar;import_superseded;ya existe en WordPress/product-export | relacion superseded clara;import_superseded;ya existe en WordPress/product-export | relacion superseded clara;engine_20V4000M93L.json;1801491;1294;X59414100024;EXHAUST PIPE;;1.620 kg;SI;Superseded;X59414100037;X59414100024;ok;importar;yes
X59414100025;EXHAUST PIPE;x59414100025;publish;"Engine: 20V4000M93L
Part Number: X59414100025
Designation: EXHAUST PIPE
Measurement: 
Weight: 1.720 kg EM
Source Page: 1295
BOM: XS594140.00006
Substitution Status: SI
New Part Number: X59414100036
Superseded List: X59414100025";EXHAUST PIPE;;20VM93L-142;20V4000M93L, Superseded, importar;simple;https://milu-naval.mystagingwebsite.com/wp-content/uploads/2026/02/20V4000M93L-1293-02-3440.webp;20V4000M93L;1295;3440;XS594140.00006;EXHAUST PIPE;;1.720 kg EM;SI;X59414100036;X59414100025;ok;importar;import_superseded;ya existe en WordPress/product-export | relacion superseded clara;import_superseded;ya existe en WordPress/product-export | relacion superseded clara;engine_20V4000M93L.json;1801493;1295;X59414100025;EXHAUST PIPE;;1.720 kg EM;SI;Superseded;X59414100036;X59414100025;ok;importar;yes
X59614300003;CARRIER HOUS ING;x59614300003;publish;"Engine: 20V4000M93L
Part Number: X59614300003
Designation: CARRIER HOUS ING
Measurement: 
Weight: 40.000 kg EM
Source Page: 1297
BOM: XS596140.00009
Substitution Status: SI
New Part Number: X59414300006
Superseded List: X59614300003";CARRIER HOUS ING;;20VM93L-143;20V4000M93L, Superseded, revisar;simple;https://milu-naval.mystagingwebsite.com/wp-content/uploads/2026/02/20V4000M93L-1297-01-200.webp;20V4000M93L;1297;200;XS596140.00009;CARRIER HOUS ING;;40.000 kg EM;SI;X59414300006;X59614300003;pendiente;revisar;import_superseded;estado QA requiere revision manual | ya existe en WordPress/product-export | relacion superseded clara;import_superseded;estado QA requiere revision manual | ya existe en WordPress/product-export | relacion superseded clara;engine_20V4000M93L.json;1801517;1297;X59614300003;CARRIER HOUS ING;;40.000 kg EM;SI;Superseded;X59414300006;X59614300003;pendiente;revisar;yes
X59618500034;RETAINER;x59618500034;publish;"Engine: 20V4000M93L
Part Number: X59618500034
Designation: RETAINER
Measurement: 
Weight: 398.000 g
Source Page: 1298
BOM: XS596140.00009
Substitution Status: SI
New Part Number: X59418500052
Superseded List: X59618500034";RETAINER;;20VM93L-143;20V4000M93L, Superseded, importar;simple;https://milu-naval.mystagingwebsite.com/wp-content/uploads/2026/02/20V4000M93L-1297-01-1470.webp;20V4000M93L;1298;1470;XS596140.00009;RETAINER;;398.000 g;SI;X59418500052;X59618500034;ok;importar;import_superseded;ya existe en WordPress/product-export | relacion superseded clara;import_superseded;ya existe en WordPress/product-export | relacion superseded clara;engine_20V4000M93L.json;1801550;1298;X59618500034;RETAINER;;398.000 g;SI;Superseded;X59418500052;X59618500034;ok;importar;yes
X59614500004;FLANGE;x59614500004;publish;"Engine: 20V4000M93L
Part Number: X59614500004
Designation: FLANGE
Measurement: 
Weight: 4.4 KGM
Source Page: 1307
BOM: XS595140.00006
Substitution Status: SI
New Part Number: X59614500004/87
Superseded List: X59614500004";FLANGE;;20VM93L-146;20V4000M93L, Superseded, importar;simple;https://milu-naval.mystagingwebsite.com/wp-content/uploads/2026/02/20V4000M93L-1307-01-60.webp;20V4000M93L;1307;60;XS595140.00006;FLANGE;;4.4 KGM;SI;X59614500004/87;X59614500004;ok;importar;import_superseded;acciones QA contradictorias para el mismo PN | estado QA requiere revision manual | relacion superseded clara;import_superseded;acciones QA contradictorias para el mismo PN | estado QA requiere revision manual | relacion superseded clara;engine_20V4000M93L.json;1801590;1307;X59614500004;FLANGE;;4.4 KGM;SI;Superseded;X59614500004/87;X59614500004;ok;importar;yes
X59614500003/89;EXHAUST PIPE BELLOWS;x59614500003-89;publish;"Engine: 20V4000M93L
Part Number: X59614500003/89
Designation: EXHAUST PIPE BELLOWS
Measurement: 
Weight: 
Source Page: 1308
BOM: XS596140.00019
Substitution Status: SI
New Part Number: X54799101740/87
Superseded List: X59614500003/89";EXHAUST PIPE BELLOWS;;20VM93L-146;20V4000M93L, Superseded, importar;simple;https://milu-naval.mystagingwebsite.com/wp-content/uploads/2026/02/20V4000M93L-1308-01-120.webp;20V4000M93L;1308;120;XS596140.00019;EXHAUST PIPE BELLOWS;;;SI;X54799101740/87;X59614500003/89;ok;importar;import_superseded;relacion superseded clara;import_superseded;relacion superseded clara;engine_20V4000M93L.json;1801593;1308;X59614500003/89;EXHAUST PIPE BELLOWS;;;SI;Superseded;X54799101740/87;X59614500003/89;ok;importar;yes
0019971871;UNION REDUCTION 1.5 IN X M52X2 AIR STRTR;0019971871;publish;"Engine: 20V4000M93L
Part Number: 0019971871
Designation: UNION REDUCTION 1.5 IN X M52X2 AIR STRTR
Measurement: 
Weight: 0.605 KGM
Source Page: 1312
BOM: 170.00142
Substitution Status: SI
New Part Number: X52617300003
Superseded List: 0019971871";UNION REDUCTION 1.5 IN X M52X2 AIR STRTR;;20VM93L-173;20V4000M93L, Superseded, importar;simple;https://milu-naval.mystagingwebsite.com/wp-content/uploads/2026/02/20V4000M93L-1312-01-50.webp;20V4000M93L;1312;50;170.00142;UNION REDUCTION 1.5 IN X M52X2 AIR STRTR;;0.605 KGM;SI;X52617300003;0019971871;ok;importar;import_superseded;acciones QA contradictorias para el mismo PN | estado QA requiere revision manual | ya existe en WordPress/product-export | relacion superseded clara;import_superseded;acciones QA contradictorias para el mismo PN | estado QA requiere revision manual | ya existe en WordPress/product-export | relacion superseded clara;engine_20V4000M93L.json;1801609;1312;0019971871;UNION REDUCTION 1.5 IN X M52X2 AIR STRTR;;0.605 KGM;SI;Superseded;X52617300003;0019971871;ok;importar;yes
X59699100031;RETAINER;x59699100031;publish;"Engine: 20V4000M93L
Part Number: X59699100031
Designation: RETAINER
Measurement: 
Weight: 213.500 g
Source Page: 1331
BOM: XS596180.00016
Substitution Status: SI
New Part Number: X59699100256
Superseded List: X59699100031";RETAINER;;20VM93L-180;20V4000M93L, Superseded, importar;simple;https://milu-naval.mystagingwebsite.com/wp-content/uploads/2026/02/20V4000M93L-1330-01-1300.webp;20V4000M93L;1331;1300;XS596180.00016;RETAINER;;213.500 g;SI;X59699100256;X59699100031;ok;importar;import_superseded;ya existe en WordPress/product-export | relacion superseded clara;import_superseded;ya existe en WordPress/product-export | relacion superseded clara;engine_20V4000M93L.json;1801713;1331;X59699100031;RETAINER;;213.500 g;SI;Superseded;X59699100256;X59699100031;ok;importar;yes
X59618500012;OIL LINE F/TURBO OIL SUPPLY;x59618500012;publish;"Engine: 20V4000M93L
Part Number: X59618500012
Designation: OIL LINE F/TURBO OIL SUPPLY
Measurement: 
Weight: 0.299 KGM
Source Page: 1331
BOM: XS596180.00016
Substitution Status: SI
New Part Number: X59618500054
Superseded List: X59618500012";OIL LINE F/TURBO OIL SUPPLY;;20VM93L-180;20V4000M93L, Superseded, importar;simple;https://milu-naval.mystagingwebsite.com/wp-content/uploads/2026/02/20V4000M93L-1330-01-1500.webp;20V4000M93L;1331;1500;XS596180.00016;OIL LINE F/TURBO OIL SUPPLY;;0.299 KGM;SI;X59618500054;X59618500012;ok;importar;import_superseded;ya existe en WordPress/product-export | relacion superseded clara;import_superseded;ya existe en WordPress/product-export | relacion superseded clara;engine_20V4000M93L.json;1801717;1331;X59618500012;OIL LINE F/TURBO OIL SUPPLY;;0.299 KGM;SI;Superseded;X59618500054;X59618500012;ok;importar;yes
X59618500011;OIL RETURN LINE F/TURBO OIL SUPPLY;x59618500011;publish;"Engine: 20V4000M93L
Part Number: X59618500011
Designation: OIL RETURN LINE F/TURBO OIL SUPPLY
Measurement: 
Weight: 
Source Page: 1331
BOM: XS596180.00016
Substitution Status: SI
New Part Number: X59618500048
Superseded List: X59618500011";OIL RETURN LINE F/TURBO OIL SUPPLY;;20VM93L-180;20V4000M93L, Superseded, importar;simple;https://milu-naval.mystagingwebsite.com/wp-content/uploads/2026/02/20V4000M93L-1330-01-1650.webp;20V4000M93L;1331;1650;XS596180.00016;OIL RETURN LINE F/TURBO OIL SUPPLY;;;SI;X59618500048;X59618500011;ok;importar;import_superseded;ya existe en WordPress/product-export | relacion superseded clara;import_superseded;ya existe en WordPress/product-export | relacion superseded clara;engine_20V4000M93L.json;1801720;1331;X59618500011;OIL RETURN LINE F/TURBO OIL SUPPLY;;;SI;Superseded;X59618500048;X59618500011;ok;importar;yes
X59618500028;RETAINER;x59618500028;publish;"Engine: 20V4000M93L
Part Number: X59618500028
Designation: RETAINER
Measurement: 
Weight: 0.515 kg
Source Page: 1331
BOM: XS596180.00016
Substitution Status: SI
New Part Number: X59499101540
Superseded List: X59618500028";RETAINER;;20VM93L-180;20V4000M93L, Superseded, importar;simple;https://milu-naval.mystagingwebsite.com/wp-content/uploads/2026/02/20V4000M93L-1330-02-2900.webp;20V4000M93L;1331;2900;XS596180.00016;RETAINER;;0.515 kg;SI;X59499101540;X59618500028;ok;importar;import_superseded;relacion superseded clara;import_superseded;relacion superseded clara;engine_20V4000M93L.json;1801741;1331;X59618500028;RETAINER;;0.515 kg;SI;Superseded;X59499101540;X59618500028;ok;importar;yes
X59618500013;OIL LINE F/TURBO OIL SUPPLY;x59618500013;publish;"Engine: 20V4000M93L
Part Number: X59618500013
Designation: OIL LINE F/TURBO OIL SUPPLY
Measurement: 
Weight: 287.000 g
Source Page: 1331
BOM: XS596180.00016
Substitution Status: SI
New Part Number: X59618500052
Superseded List: X59618500013";OIL LINE F/TURBO OIL SUPPLY;;20VM93L-180;20V4000M93L, Superseded, importar;simple;https://milu-naval.mystagingwebsite.com/wp-content/uploads/2026/02/20V4000M93L-1330-02-3100.webp;20V4000M93L;1331;3100;XS596180.00016;OIL LINE F/TURBO OIL SUPPLY;;287.000 g;SI;X59618500052;X59618500013;ok;importar;import_superseded;ya existe en WordPress/product-export | relacion superseded clara;import_superseded;ya existe en WordPress/product-export | relacion superseded clara;engine_20V4000M93L.json;1801746;1331;X59618500013;OIL LINE F/TURBO OIL SUPPLY;;287.000 g;SI;Superseded;X59618500052;X59618500013;ok;importar;yes
X59618500021;OIL RETURN LINE;x59618500021;publish;"Engine: 20V4000M93L
Part Number: X59618500021
Designation: OIL RETURN LINE
Measurement: 
Weight: 625.100 g
Source Page: 1331
BOM: XS596180.00016
Substitution Status: SI
New Part Number: X59618500046
Superseded List: X59618500021";OIL RETURN LINE;;20VM93L-180;20V4000M93L, Superseded, importar;simple;https://milu-naval.mystagingwebsite.com/wp-content/uploads/2026/02/20V4000M93L-1330-02-3250.webp;20V4000M93L;1331;3250;XS596180.00016;OIL RETURN LINE;;625.100 g;SI;X59618500046;X59618500021;ok;importar;import_superseded;ya existe en WordPress/product-export | relacion superseded clara;import_superseded;ya existe en WordPress/product-export | relacion superseded clara;engine_20V4000M93L.json;1801749;1331;X59618500021;OIL RETURN LINE;;625.100 g;SI;Superseded;X59618500046;X59618500021;ok;importar;yes
X59618500015;OIL LINE F/TURBO OIL SUPPLY;x59618500015;publish;"Engine: 20V4000M93L
Part Number: X59618500015
Designation: OIL LINE F/TURBO OIL SUPPLY
Measurement: 
Weight: 267.000 g
Source Page: 1332
BOM: XS596180.00016
Substitution Status: SI
New Part Number: X59618500053
Superseded List: X59618500015";OIL LINE F/TURBO OIL SUPPLY;;20VM93L-180;20V4000M93L, Superseded, importar;simple;https://milu-naval.mystagingwebsite.com/wp-content/uploads/2026/02/20V4000M93L-1330-01-5050.webp;20V4000M93L;1332;5050;XS596180.00016;OIL LINE F/TURBO OIL SUPPLY;;267.000 g;SI;X59618500053;X59618500015;ok;importar;import_superseded;ya existe en WordPress/product-export | relacion superseded clara;import_superseded;ya existe en WordPress/product-export | relacion superseded clara;engine_20V4000M93L.json;1801792;1332;X59618500015;OIL LINE F/TURBO OIL SUPPLY;;267.000 g;SI;Superseded;X59618500053;X59618500015;ok;importar;yes
X59618500014;OIL RETURN LINE F/TURBO OIL SUPPLY;x59618500014;publish;"Engine: 20V4000M93L
Part Number: X59618500014
Designation: OIL RETURN LINE F/TURBO OIL SUPPLY
Measurement: 
Weight: 655.200 g
Source Page: 1332
BOM: XS596180.00016
Substitution Status: SI
New Part Number: X59618500045
Superseded List: X59618500014";OIL RETURN LINE F/TURBO OIL SUPPLY;;20VM93L-180;20V4000M93L, Superseded, importar;simple;https://milu-naval.mystagingwebsite.com/wp-content/uploads/2026/02/20V4000M93L-1330-01-5200.webp;20V4000M93L;1332;5200;XS596180.00016;OIL RETURN LINE F/TURBO OIL SUPPLY;;655.200 g;SI;X59618500045;X59618500014;ok;importar;import_superseded;ya existe en WordPress/product-export | relacion superseded clara;import_superseded;ya existe en WordPress/product-export | relacion superseded clara;engine_20V4000M93L.json;1801795;1332;X59618500014;OIL RETURN LINE F/TURBO OIL SUPPLY;;655.200 g;SI;Superseded;X59618500045;X59618500014;ok;importar;yes
X59618500016;OIL LINE F/TURBO OIL SUPPLY;x59618500016;publish;"Engine: 20V4000M93L
Part Number: X59618500016
Designation: OIL LINE F/TURBO OIL SUPPLY
Measurement: 
Weight: 277.000 g
Source Page: 1333
BOM: XS596180.00016
Substitution Status: SI
New Part Number: X59618500051
Superseded List: X59618500016";OIL LINE F/TURBO OIL SUPPLY;;20VM93L-180;20V4000M93L, Superseded, importar;simple;https://milu-naval.mystagingwebsite.com/wp-content/uploads/2026/02/20V4000M93L-1330-02-7150.webp;20V4000M93L;1333;7150;XS596180.00016;OIL LINE F/TURBO OIL SUPPLY;;277.000 g;SI;X59618500051;X59618500016;ok;importar;import_superseded;ya existe en WordPress/product-export | relacion superseded clara;import_superseded;ya existe en WordPress/product-export | relacion superseded clara;engine_20V4000M93L.json;1801829;1333;X59618500016;OIL LINE F/TURBO OIL SUPPLY;;277.000 g;SI;Superseded;X59618500051;X59618500016;ok;importar;yes
X59618500020;OIL RETURN LINE FROM T/CHARGER, RT;x59618500020;publish;"Engine: 20V4000M93L
Part Number: X59618500020
Designation: OIL RETURN LINE FROM T/CHARGER, RT
Measurement: 
Weight: 638.100 g SB EM
Source Page: 1333
BOM: XS596180.00016
Substitution Status: SI
New Part Number: X59618500047
Superseded List: X59618500020";OIL RETURN LINE FROM T/CHARGER, RT;;20VM93L-180;20V4000M93L, Superseded, importar;simple;https://milu-naval.mystagingwebsite.com/wp-content/uploads/2026/02/20V4000M93L-1330-02-7300.webp;20V4000M93L;1333;7300;XS596180.00016;OIL RETURN LINE FROM T/CHARGER, RT;;638.100 g SB EM;SI;X59618500047;X59618500020;ok;importar;import_superseded;ya existe en WordPress/product-export | relacion superseded clara;import_superseded;ya existe en WordPress/product-export | relacion superseded clara;engine_20V4000M93L.json;1801832;1333;X59618500020;OIL RETURN LINE FROM T/CHARGER, RT;;638.100 g SB EM;SI;Superseded;X59618500047;X59618500020;ok;importar;yes
X59618100018;VALVE HOLDER;x59618100018;publish;"Engine: 20V4000M93L
Part Number: X59618100018
Designation: VALVE HOLDER
Measurement: 
Weight: 5.300 kg
Source Page: 1334
BOM: XS596180.00052
Substitution Status: SI
New Part Number: X59618100025
Superseded List: X59618100018";VALVE HOLDER;;20VM93L-180;20V4000M93L, Superseded, importar;simple;https://milu-naval.mystagingwebsite.com/wp-content/uploads/2026/02/20V4000M93L-1334-01-90.webp;20V4000M93L;1334;90;XS596180.00052;VALVE HOLDER;;5.300 kg;SI;X59618100025;X59618100018;ok;importar;import_superseded;relacion superseded clara;import_superseded;relacion superseded clara;engine_20V4000M93L.json;1801866;1334;X59618100018;VALVE HOLDER;;5.300 kg;SI;Superseded;X59618100025;X59618100018;ok;importar;yes
X59618300008/30;AUTOMATIC OIL FILTER GL ACCEPTANCE;x59618300008-30;publish;"Engine: 20V4000M93L
Part Number: X59618300008/30
Designation: AUTOMATIC OIL FILTER GL ACCEPTANCE
Measurement: 
Weight: 145.000 kg
Source Page: 1346
BOM: XS596180.00035
Substitution Status: SI
New Part Number: X59618300042/30
Superseded List: X59618300008/30";AUTOMATIC OIL FILTER GL ACCEPTANCE;;20VM93L-183;20V4000M93L, Superseded, importar;simple;https://milu-naval.mystagingwebsite.com/wp-content/uploads/2026/02/20V4000M93L-1346-01-50.webp;20V4000M93L;1346;50;XS596180.00035;AUTOMATIC OIL FILTER GL ACCEPTANCE;;145.000 kg;SI;X59618300042/30;X59618300008/30;ok;importar;import_superseded;relacion superseded clara;import_superseded;relacion superseded clara;engine_20V4000M93L.json;1801943;1346;X59618300008/30;AUTOMATIC OIL FILTER GL ACCEPTANCE;;145.000 kg;SI;Superseded;X59618300042/30;X59618300008/30;ok;importar;yes
25640456;ROTOR COVER;25640456;publish;"Engine: 20V4000M93L
Part Number: 25640456
Designation: ROTOR COVER
Measurement: 
Weight: 
Source Page: 1354
BOM: 23540455
Substitution Status: SI
New Part Number: 23540456
Superseded List: ";ROTOR COVER;;20VM93L-183;20V4000M93L, Superseded, revisar;simple;https://milu-naval.mystagingwebsite.com/wp-content/uploads/2026/02/20V4000M93L-1354-01-20.webp;20V4000M93L;1354;20;23540455;ROTOR COVER;;;SI;23540456;;pendiente;revisar;import_superseded;estado QA requiere revision manual | ya existe en WordPress/product-export | relacion superseded clara;import_superseded;estado QA requiere revision manual | ya existe en WordPress/product-export | relacion superseded clara;engine_20V4000M93L.json;1802076;1354;;ROTOR COVER;;;SI;Superseded;23540456;;pendiente;revisar;yes
X00005421/87;OIL COOLER WITH TEST CERT. 3.1;x00005421-87;publish;"Engine: 20V4000M93L
Part Number: X00005421/87
Designation: OIL COOLER WITH TEST CERT. 3.1
Measurement: 
Weight: 230.000 kg
Source Page: 1355
BOM: XS596180.00018
Substitution Status: SI
New Part Number: X59618300046/87
Superseded List: X00005421/87";OIL COOLER WITH TEST CERT. 3.1;;20VM93L-183;20V4000M93L, Superseded, importar;simple;https://milu-naval.mystagingwebsite.com/wp-content/uploads/2026/02/20V4000M93L-1355-01-20.webp;20V4000M93L;1355;20;XS596180.00018;OIL COOLER WITH TEST CERT. 3.1;;230.000 kg;SI;X59618300046/87;X00005421/87;ok;importar;import_superseded;relacion superseded clara;import_superseded;relacion superseded clara;engine_20V4000M93L.json;1802089;1355;X00005421/87;OIL COOLER WITH TEST CERT. 3.1;;230.000 kg;SI;Superseded;X59618300046/87;X00005421/87;ok;importar;yes
X59418300007;GUIDE HOUSING;x59418300007;publish;"Engine: 20V4000M93L
Part Number: X59418300007
Designation: GUIDE HOUSING
Measurement: 
Weight: 63.500 kg SB
Source Page: 1355
BOM: XS596180.00018
Substitution Status: SI
New Part Number: X59418300009
Superseded List: X59418300007";GUIDE HOUSING;;20VM93L-183;20V4000M93L, Superseded, importar;simple;https://milu-naval.mystagingwebsite.com/wp-content/uploads/2026/02/20V4000M93L-1355-01-70.webp;20V4000M93L;1355;70;XS596180.00018;GUIDE HOUSING;;63.500 kg SB;SI;X59418300009;X59418300007;ok;importar;import_superseded;ya existe en WordPress/product-export | relacion superseded clara;import_superseded;ya existe en WordPress/product-export | relacion superseded clara;engine_20V4000M93L.json;1802096;1355;X59418300007;GUIDE HOUSING;;63.500 kg SB;SI;Superseded;X59418300009;X59418300007;ok;importar;yes
X59418400001;OIL SPRAY NOZZLE;x59418400001;publish;"Engine: 20V4000M93L
Part Number: X59418400001
Designation: OIL SPRAY NOZZLE
Measurement: 
Weight: 197.000 g EM
Source Page: 1358
BOM: XS596180.00008
Substitution Status: SI
New Part Number: X59418400007
Superseded List: X59418400001";OIL SPRAY NOZZLE;;20VM93L-184;20V4000M93L, Superseded, importar;simple;https://milu-naval.mystagingwebsite.com/wp-content/uploads/2026/02/20V4000M93L-1358-01-120.webp;20V4000M93L;1358;120;XS596180.00008;OIL SPRAY NOZZLE;;197.000 g EM;SI;X59418400007;X59418400001;ok;importar;import_superseded;ya existe en WordPress/product-export | relacion superseded clara;import_superseded;ya existe en WordPress/product-export | relacion superseded clara;engine_20V4000M93L.json;1802106;1358;X59418400001;OIL SPRAY NOZZLE;;197.000 g EM;SI;Superseded;X59418400007;X59418400001;ok;importar;yes
X59418400003;RETAINER;x59418400003;publish;"Engine: 20V4000M93L
Part Number: X59418400003
Designation: RETAINER
Measurement: 
Weight: 172.300 g
Source Page: 1358
BOM: XS596180.00008
Substitution Status: SI
New Part Number: X59418400006
Superseded List: X59418400003";RETAINER;;20VM93L-184;20V4000M93L, Superseded, importar;simple;https://milu-naval.mystagingwebsite.com/wp-content/uploads/2026/02/20V4000M93L-1358-01-190.webp;20V4000M93L;1358;190;XS596180.00008;RETAINER;;172.300 g;SI;X59418400006;X59418400003;ok;importar;import_superseded;ya existe en WordPress/product-export | relacion superseded clara;import_superseded;ya existe en WordPress/product-export | relacion superseded clara;engine_20V4000M93L.json;1802111;1358;X59418400003;RETAINER;;172.300 g;SI;Superseded;X59418400006;X59418400003;ok;importar;yes
X59418400002;RETAINER;x59418400002;publish;"Engine: 20V4000M93L
Part Number: X59418400002
Designation: RETAINER
Measurement: 
Weight: 169.000 g
Source Page: 1358
BOM: XS596180.00008
Substitution Status: SI
New Part Number: X59418400005
Superseded List: X59418400002";RETAINER;;20VM93L-184;20V4000M93L, Superseded, importar;simple;https://milu-naval.mystagingwebsite.com/wp-content/uploads/2026/02/20V4000M93L-1358-01-200.webp;20V4000M93L;1358;200;XS596180.00008;RETAINER;;169.000 g;SI;X59418400005;X59418400002;ok;importar;import_superseded;ya existe en WordPress/product-export | relacion superseded clara;import_superseded;ya existe en WordPress/product-export | relacion superseded clara;engine_20V4000M93L.json;1802112;1358;X59418400002;RETAINER;;169.000 g;SI;Superseded;X59418400005;X59418400002;ok;importar;yes
X59699100056;RETAINER;x59699100056;publish;"Engine: 20V4000M93L
Part Number: X59699100056
Designation: RETAINER
Measurement: 
Weight: 379.000 g
Source Page: 1364
BOM: XS596180.00059
Substitution Status: SI
New Part Number: X59499101123
Superseded List: X59699100056";RETAINER;;20VM93L-189;20V4000M93L, Superseded, importar;simple;https://milu-naval.mystagingwebsite.com/wp-content/uploads/2026/02/20V4000M93L-1363-01-260.webp;20V4000M93L;1364;260;XS596180.00059;RETAINER;;379.000 g;SI;X59499101123;X59699100056;ok;importar;import_superseded;relacion superseded clara;import_superseded;relacion superseded clara;engine_20V4000M93L.json;1802183;1364;X59699100056;RETAINER;;379.000 g;SI;Superseded;X59499101123;X59699100056;ok;importar;yes
0002041620;FILTER HEAD;0002041620;publish;"Engine: 20V4000M93L
Part Number: 0002041620
Designation: FILTER HEAD
Measurement: 
Weight: 
Source Page: 1376
BOM: 0002043797
Substitution Status: SI
New Part Number: 0002043797
Superseded List: 0002041620";FILTER HEAD;;20VM93L-202;20V4000M93L, Superseded, importar;simple;https://milu-naval.mystagingwebsite.com/wp-content/uploads/2026/02/20V4000M93L-1376-01-5.webp;20V4000M93L;1376;5;0002043797;FILTER HEAD;;;SI;0002043797;0002041620;ok;importar;import_superseded;ya existe en WordPress/product-export | relacion superseded clara;import_superseded;ya existe en WordPress/product-export | relacion superseded clara;engine_20V4000M93L.json;1802291;1376;0002041620;FILTER HEAD;;;SI;Superseded;0002043797;0002041620;ok;importar;yes
0002039496;PREHEATING UNIT ERSATZ 0002039496/87;0002039496;publish;"Engine: 20V4000M93L
Part Number: 0002039496
Designation: PREHEATING UNIT ERSATZ 0002039496/87
Measurement: 
Weight: 63.975 kg P
Source Page: 1380
BOM: 200.00264
Substitution Status: SI
New Part Number: 0002039496/87
Superseded List: 0002039496";PREHEATING UNIT ERSATZ 0002039496/87;;20VM93L-202;20V4000M93L, Superseded, importar;simple;https://milu-naval.mystagingwebsite.com/wp-content/uploads/2026/01/sin_imagen.jpeg;20V4000M93L;1380;1124;200.00264;PREHEATING UNIT ERSATZ 0002039496/87;;63.975 kg P;SI;0002039496/87;0002039496;ok;importar;import_superseded;relacion superseded clara;import_superseded;relacion superseded clara;engine_20V4000M93L.json;1802303;1380;0002039496;PREHEATING UNIT ERSATZ 0002039496/87;;63.975 kg P;SI;Superseded;0002039496/87;0002039496;ok;importar;yes
8692030012;AUTOMATIC CUT-OUT;8692030012;publish;"Engine: 20V4000M93L
Part Number: 8692030012
Designation: AUTOMATIC CUT-OUT
Measurement: 
Weight: 
Source Page: 1381
BOM: 0002039496
Substitution Status: SI
New Part Number: 8692030390
Superseded List: 8692030012";AUTOMATIC CUT-OUT;;20VM93L-202;20V4000M93L, Superseded, importar;simple;https://milu-naval.mystagingwebsite.com/wp-content/uploads/2026/02/20V4000M93L-1381-01-55.webp;20V4000M93L;1381;55;0002039496;AUTOMATIC CUT-OUT;;;SI;8692030390;8692030012;ok;importar;import_superseded;ya existe en WordPress/product-export | relacion superseded clara;import_superseded;ya existe en WordPress/product-export | relacion superseded clara;engine_20V4000M93L.json;1802315;1381;8692030012;AUTOMATIC CUT-OUT;;;SI;Superseded;8692030390;8692030012;ok;importar;yes
5242032840;BRACKET L 4000;5242032840;publish;"Engine: 20V4000M93L
Part Number: 5242032840
Designation: BRACKET L 4000
Measurement: 
Weight: 
Source Page: 1382
BOM: 200.00312
Substitution Status: SI
New Part Number: X52420200016
Superseded List: 5242032840";BRACKET L 4000;;20VM93L-202;20V4000M93L, Superseded, importar;simple;https://milu-naval.mystagingwebsite.com/wp-content/uploads/2026/02/20V4000M93L-1382-01-90.webp;20V4000M93L;1382;90;200.00312;BRACKET L 4000;;;SI;X52420200016;5242032840;ok;importar;import_superseded;ya existe en WordPress/product-export | relacion superseded clara;import_superseded;ya existe en WordPress/product-export | relacion superseded clara;engine_20V4000M93L.json;1802348;1382;5242032840;BRACKET L 4000;;;SI;Superseded;X52420200016;5242032840;ok;importar;yes
X52820200177;FLANGE;x52820200177;publish;"Engine: 20V4000M93L
Part Number: X52820200177
Designation: FLANGE
Measurement: 
Weight: 
Source Page: 1384
BOM: XS596200.00004
Substitution Status: SI
New Part Number: X52699100329
Superseded List: X52820200177";FLANGE;;20VM93L-202;20V4000M93L, Superseded, importar;simple;https://milu-naval.mystagingwebsite.com/wp-content/uploads/2026/02/20V4000M93L-1384-01-1150.webp;20V4000M93L;1384;1150;XS596200.00004;FLANGE;;;SI;X52699100329;X52820200177;ok;importar;import_superseded;ya existe en WordPress/product-export | relacion superseded clara;import_superseded;ya existe en WordPress/product-export | relacion superseded clara;engine_20V4000M93L.json;1802357;1384;X52820200177;FLANGE;;;SI;Superseded;X52699100329;X52820200177;ok;importar;yes
X59620200102;RETAINER;x59620200102;publish;"Engine: 20V4000M93L
Part Number: X59620200102
Designation: RETAINER
Measurement: 
Weight: 4.860 kg
Source Page: 1385
BOM: XS596200.00004
Substitution Status: SI
New Part Number: X59620200109
Superseded List: X59620200102";RETAINER;;20VM93L-202;20V4000M93L, Superseded, importar;simple;https://milu-naval.mystagingwebsite.com/wp-content/uploads/2026/02/20V4000M93L-1384-01-5350.webp;20V4000M93L;1385;5350;XS596200.00004;RETAINER;;4.860 kg;SI;X59620200109;X59620200102;ok;importar;import_superseded;ya existe en WordPress/product-export | relacion superseded clara;import_superseded;ya existe en WordPress/product-export | relacion superseded clara;engine_20V4000M93L.json;1802380;1385;X59620200102;RETAINER;;4.860 kg;SI;Superseded;X59620200109;X59620200102;ok;importar;yes
X59699100019;RETAINER;x59699100019;publish;"Engine: 20V4000M93L
Part Number: X59699100019
Designation: RETAINER
Measurement: 
Weight: 1.400 kg
Source Page: 1387
BOM: XS596200.00025
Substitution Status: SI
New Part Number: X59699100274
Superseded List: X59699100019";RETAINER;;20VM93L-202;20V4000M93L, Superseded, importar;simple;https://milu-naval.mystagingwebsite.com/wp-content/uploads/2026/02/20V4000M93L-1386-01-140.webp;20V4000M93L;1387;140;XS596200.00025;RETAINER;;1.400 kg;SI;X59699100274;X59699100019;ok;importar;import_superseded;ya existe en WordPress/product-export | relacion superseded clara;import_superseded;ya existe en WordPress/product-export | relacion superseded clara;engine_20V4000M93L.json;1802389;1387;X59699100019;RETAINER;;1.400 kg;SI;Superseded;X59699100274;X59699100019;ok;importar;yes
X52820200161;COOLANT LINE;x52820200161;publish;"Engine: 20V4000M93L
Part Number: X52820200161
Designation: COOLANT LINE
Measurement: 
Weight: 1.975 g SB
Source Page: 1388
BOM: XS596200.00025
Substitution Status: SI
New Part Number: X59620200112
Superseded List: X52820200161";COOLANT LINE;;20VM93L-202;20V4000M93L, Superseded, importar;simple;https://milu-naval.mystagingwebsite.com/wp-content/uploads/2026/02/20V4000M93L-1386-02-1050.webp;20V4000M93L;1388;1050;XS596200.00025;COOLANT LINE;;1.975 g SB;SI;X59620200112;X52820200161;ok;importar;import_superseded;ya existe en WordPress/product-export | relacion superseded clara;import_superseded;ya existe en WordPress/product-export | relacion superseded clara;engine_20V4000M93L.json;1802444;1388;X52820200161;COOLANT LINE;;1.975 g SB;SI;Superseded;X59620200112;X52820200161;ok;importar;yes
304014008002;HEX SCREW;304014008002;publish;"Engine: 20V4000M93L
Part Number: 304014008002
Designation: HEX SCREW
Measurement: M 8 X 65
Weight: 0.025 KGM
Source Page: 1398
BOM: XS596200.00026
Substitution Status: SI
New Part Number: 9909906416
Superseded List: 304014008002";HEX SCREW;;20VM93L-202;20V4000M93L, Superseded, importar;simple;https://milu-naval.mystagingwebsite.com/wp-content/uploads/2026/02/20V4000M93L-1393-01-2660.webp;20V4000M93L;1398;2660;XS596200.00026;HEX SCREW;M 8 X 65;0.025 KGM;SI;9909906416;304014008002;ok;importar;import_superseded;relacion superseded clara;import_superseded;relacion superseded clara;engine_20V4000M93L.json;1802718;1398;304014008002;HEX SCREW;M 8 X 65;0.025 KGM;SI;Superseded;9909906416;304014008002;ok;importar;yes
X52899100016;HALF-CLAMP;x52899100016;publish;"Engine: 20V4000M93L
Part Number: X52899100016
Designation: HALF-CLAMP
Measurement: 
Weight: 
Source Page: 1406
BOM: XS595200.00011
Substitution Status: SI
New Part Number: X59320300049
Superseded List: X52899100016";HALF-CLAMP;;20VM93L-205;20V4000M93L, Superseded, importar;simple;https://milu-naval.mystagingwebsite.com/wp-content/uploads/2026/02/20V4000M93L-1406-01-105.webp;20V4000M93L;1406;105;XS595200.00011;HALF-CLAMP;;;SI;X59320300049;X52899100016;ok;importar;import_superseded;relacion superseded clara;import_superseded;relacion superseded clara;engine_20V4000M93L.json;1802805;1406;X52899100016;HALF-CLAMP;;;SI;Superseded;X59320300049;X52899100016;ok;importar;yes
X00042495;SEAWATER ELBOW F/GRBOX OIL COOLING;x00042495;publish;"Engine: 20V4000M93L
Part Number: X00042495
Designation: SEAWATER ELBOW F/GRBOX OIL COOLING
Measurement: 
Weight: 
Source Page: 1406
BOM: XS595200.00011
Substitution Status: SI
New Part Number: X59320700003
Superseded List: X00042495";SEAWATER ELBOW F/GRBOX OIL COOLING;;20VM93L-205;20V4000M93L, Superseded, importar;simple;https://milu-naval.mystagingwebsite.com/wp-content/uploads/2026/02/20V4000M93L-1406-01-50.webp;20V4000M93L;1406;50;XS595200.00011;SEAWATER ELBOW F/GRBOX OIL COOLING;;;SI;X59320700003;X00042495;ok;importar;import_superseded;relacion superseded clara;import_superseded;relacion superseded clara;engine_20V4000M93L.json;1802812;1406;X00042495;SEAWATER ELBOW F/GRBOX OIL COOLING;;;SI;Superseded;X59320700003;X00042495;ok;importar;yes
X59420600002;COOLANT DISTRIB HSG;x59420600002;publish;"Engine: 20V4000M93L
Part Number: X59420600002
Designation: COOLANT DISTRIB HSG
Measurement: 
Weight: 155.000 kg
Source Page: 1409
BOM: XS595200.00013
Substitution Status: SI
New Part Number: X59320200160/75
Superseded List: X59420600002";COOLANT DISTRIB HSG;;20VM93L-206;20V4000M93L, Superseded, importar;simple;https://milu-naval.mystagingwebsite.com/wp-content/uploads/2026/02/20V4000M93L-1409-01-50.webp;20V4000M93L;1409;50;XS595200.00013;COOLANT DISTRIB HSG;;155.000 kg;SI;X59320200160/75;X59420600002;ok;importar;import_superseded;relacion superseded clara;import_superseded;relacion superseded clara;engine_20V4000M93L.json;1802824;1409;X59420600002;COOLANT DISTRIB HSG;;155.000 kg;SI;Superseded;X59320200160/75;X59420600002;ok;importar;yes
X59620600002;THERMOSTAT HOUSING;x59620600002;publish;"Engine: 20V4000M93L
Part Number: X59620600002
Designation: THERMOSTAT HOUSING
Measurement: 
Weight: 
Source Page: 1411
BOM: XS596200.00038
Substitution Status: SI
New Part Number: X59620600008
Superseded List: X59620600002";THERMOSTAT HOUSING;;20VM93L-206;20V4000M93L, Superseded, importar;simple;https://milu-naval.mystagingwebsite.com/wp-content/uploads/2026/02/20V4000M93L-1411-01-150.webp;20V4000M93L;1411;150;XS596200.00038;THERMOSTAT HOUSING;;;SI;X59620600008;X59620600002;ok;importar;import_superseded;relacion superseded clara;import_superseded;relacion superseded clara;engine_20V4000M93L.json;1802852;1411;X59620600002;THERMOSTAT HOUSING;;;SI;Superseded;X59620600008;X59620600002;ok;importar;yes
X59420700010;COOLANT ELBOW FOR RAW WATER OUTLE;x59420700010;publish;"Engine: 20V4000M93L
Part Number: X59420700010
Designation: COOLANT ELBOW FOR RAW WATER OUTLE
Measurement: 
Weight: 
Source Page: 1416
BOM: XS594200.00055
Substitution Status: SI
New Part Number: X59520500001
Superseded List: X59420700010";COOLANT ELBOW FOR RAW WATER OUTLE;;20VM93L-207;20V4000M93L, Superseded, importar;simple;https://milu-naval.mystagingwebsite.com/wp-content/uploads/2026/02/20V4000M93L-1416-01-100.webp;20V4000M93L;1416;100;XS594200.00055;COOLANT ELBOW FOR RAW WATER OUTLE;;;SI;X59520500001;X59420700010;ok;importar;import_superseded;ya existe en WordPress/product-export | relacion superseded clara;import_superseded;ya existe en WordPress/product-export | relacion superseded clara;engine_20V4000M93L.json;1802901;1416;X59420700010;COOLANT ELBOW FOR RAW WATER OUTLE;;;SI;Superseded;X59520500001;X59420700010;ok;importar;yes
X59623100008;MOUNTING BRACKET;x59623100008;publish;"Engine: 20V4000M93L
Part Number: X59623100008
Designation: MOUNTING BRACKET
Measurement: 
Weight: 46.400 kg
Source Page: 1436
BOM: XS528230.00016
Substitution Status: SI
New Part Number: X59623100058
Superseded List: X59623100008";MOUNTING BRACKET;;20VM93L-231;20V4000M93L, Superseded, importar;simple;https://milu-naval.mystagingwebsite.com/wp-content/uploads/2026/02/20V4000M93L-1436-01-50.webp;20V4000M93L;1436;50;XS528230.00016;MOUNTING BRACKET;;46.400 kg;SI;X59623100058;X59623100008;ok;importar;import_superseded;relacion superseded clara;import_superseded;relacion superseded clara;engine_20V4000M93L.json;1803063;1436;X59623100008;MOUNTING BRACKET;;46.400 kg;SI;Superseded;X59623100058;X59623100008;ok;importar;yes
XP52725100036;O-RING;xp52725100036;publish;"Engine: 20V4000M93L
Part Number: XP52725100036
Designation: O-RING
Measurement: 
Weight: 100.000 g
Source Page: 1440
BOM: X59625100006
Substitution Status: SI
New Part Number: XP52625100016
Superseded List: XP52725100036";O-RING;;20VM93L-251;20V4000M93L, Superseded, importar;simple;https://milu-naval.mystagingwebsite.com/wp-content/uploads/2026/02/20V4000M93L-1439-01-240.webp;20V4000M93L;1440;240;X59625100006;O-RING;;100.000 g;SI;XP52625100016;XP52725100036;ok;importar;import_superseded;relacion superseded clara;import_superseded;relacion superseded clara;engine_20V4000M93L.json;1803081;1440;XP52725100036;O-RING;;100.000 g;SI;Superseded;XP52625100016;XP52725100036;ok;importar;yes
XP52725100023;O-RING;xp52725100023;publish;"Engine: 20V4000M93L
Part Number: XP52725100023
Designation: O-RING
Measurement: 
Weight: 0.010 kg
Source Page: 1440
BOM: X59625100006
Substitution Status: SI
New Part Number: XP52725100068
Superseded List: XP52725100023";O-RING;;20VM93L-251;20V4000M93L, Superseded, importar;simple;https://milu-naval.mystagingwebsite.com/wp-content/uploads/2026/02/20V4000M93L-1439-01-270.webp;20V4000M93L;1440;270;X59625100006;O-RING;;0.010 kg;SI;XP52725100068;XP52725100023;ok;importar;import_superseded;relacion superseded clara;import_superseded;relacion superseded clara;engine_20V4000M93L.json;1803084;1440;XP52725100023;O-RING;;0.010 kg;SI;Superseded;XP52725100068;XP52725100023;ok;importar;yes
0002035683;RUBBER BELLOWS;0002035683;publish;"Engine: 20V4000M93L
Part Number: 0002035683
Designation: RUBBER BELLOWS
Measurement: STD EL 145 MM,DN 150 MM
Weight: 13.8 KGM
Source Page: 1834
BOM: 200.00555
Substitution Status: SI
New Part Number: 0002035683/N20
Superseded List: 0002035683";RUBBER BELLOWS;;20VM93L-301;20V4000M93L, Superseded, importar;simple;https://milu-naval.mystagingwebsite.com/wp-content/uploads/2026/02/20V4000M93L-1834-01-15.webp;20V4000M93L;1834;15;200.00555;RUBBER BELLOWS;STD EL 145 MM,DN 150 MM;13.8 KGM;SI;0002035683/N20;0002035683;ok;importar;import_superseded;acciones QA contradictorias para el mismo PN | estado QA requiere revision manual | relacion superseded clara;import_superseded;acciones QA contradictorias para el mismo PN | estado QA requiere revision manual | relacion superseded clara;engine_20V4000M93L.json;1806804;1834;0002035683;RUBBER BELLOWS;STD EL 145 MM,DN 150 MM;13.8 KGM;SI;Superseded;0002035683/N20;0002035683;ok;importar;yes
X00E50200133/S0002;ENGINE MONITORING EMU7-02 / URL;x00e50200133-s0002;publish;"Engine: 20V4000M93L
Part Number: X00E50200133/S0002
Designation: ENGINE MONITORING EMU7-02 / URL
Measurement: 
Weight: 
Source Page: 1478
BOM: X00023440
Substitution Status: SI
New Part Number: X00E50206653/S0002
Superseded List: X00E50200133/S0002";ENGINE MONITORING EMU7-02 / URL;;20VM93L-508;20V4000M93L, Superseded, importar;simple;https://milu-naval.mystagingwebsite.com/wp-content/uploads/2026/02/20V4000M93L-1478-01-100.webp;20V4000M93L;1478;100;X00023440;ENGINE MONITORING EMU7-02 / URL;;;SI;X00E50206653/S0002;X00E50200133/S0002;ok;importar;import_superseded;ya existe en WordPress/product-export | relacion superseded clara;import_superseded;ya existe en WordPress/product-export | relacion superseded clara;engine_20V4000M93L.json;1803538;1478;X00E50200133/S0002;ENGINE MONITORING EMU7-02 / URL;;;SI;Superseded;X00E50206653/S0002;X00E50200133/S0002;ok;importar;yes
X00036161;FUEL FILTER;x00036161;publish;"Engine: 20V4000M93L
Part Number: X00036161
Designation: FUEL FILTER
Measurement: 
Weight: 
Source Page: 1594
BOM: X00039277
Substitution Status: SI
New Part Number: X00036161/87
Superseded List: X00036161";FUEL FILTER;;20VM93L-83;20V4000M93L, Superseded, importar;simple;https://milu-naval.mystagingwebsite.com/wp-content/uploads/2026/02/20V4000M93L-1594-01-20.webp;20V4000M93L;1594;20;X00039277;FUEL FILTER;;;SI;X00036161/87;X00036161;ok;importar;import_superseded;relacion superseded clara;import_superseded;relacion superseded clara;engine_20V4000M93L.json;1804235;1594;X00036161;FUEL FILTER;;;SI;Superseded;X00036161/87;X00036161;ok;importar;yes
X00035844;FUEL PUMP;x00035844;publish;"Engine: 20V4000M93L
Part Number: X00035844
Designation: FUEL PUMP
Measurement: 
Weight: 80.000 kg 50 HZ
Source Page: 1830
BOM: X00039147
Substitution Status: SI
New Part Number: B00A36400067/87
Superseded List: X00035844";FUEL PUMP;;20VM93L-295;20V4000M93L, Superseded, importar;simple;https://milu-naval.mystagingwebsite.com/wp-content/uploads/2026/02/20V4000M93L-1830-01-20.webp;20V4000M93L;1830;20;X00039147;FUEL PUMP;;80.000 kg 50 HZ;SI;B00A36400067/87;X00035844;ok;importar;import_superseded;relacion superseded clara;import_superseded;relacion superseded clara;engine_20V4000M93L.json;1806783;1830;X00035844;FUEL PUMP;;80.000 kg 50 HZ;SI;Superseded;B00A36400067/87;X00035844;ok;importar;yes
XP51566400020;GOVERNOR;xp51566400020;publish;"Engine: 20V4000M93L
Part Number: XP51566400020
Designation: GOVERNOR
Measurement: 
Weight: 1.160 kg
Source Page: 1874
BOM: XP52866400002
Substitution Status: SI
New Part Number: XP53134400007
Superseded List: XP51566400020";GOVERNOR;;20VM93L-660;20V4000M93L, Superseded, importar;simple;https://milu-naval.mystagingwebsite.com/wp-content/uploads/2026/01/sin_imagen.jpeg;20V4000M93L;1874;10;XP52866400002;GOVERNOR;;1.160 kg;SI;XP53134400007;XP51566400020;ok;importar;import_superseded;relacion superseded clara;import_superseded;relacion superseded clara;engine_20V4000M93L.json;1807260;1874;XP51566400020;GOVERNOR;;1.160 kg;SI;Superseded;XP53134400007;XP51566400020;ok;importar;yes
R23505886;OIL PUMP;r23505886;publish;"Engine: 20V4000M93L
Part Number: R23505886
Designation: OIL PUMP
Measurement: 
Weight: 
Source Page: 1876
BOM: X82566400001
Substitution Status: SI
New Part Number: DDE R23505886
Superseded List: R23505886";OIL PUMP;;20VM93L-660;20V4000M93L, Superseded, importar;simple;https://milu-naval.mystagingwebsite.com/wp-content/uploads/2026/01/sin_imagen.jpeg;20V4000M93L;1876;100;X82566400001;OIL PUMP;;;SI;DDE R23505886;R23505886;ok;importar;import_superseded;relacion superseded clara;import_superseded;relacion superseded clara;engine_20V4000M93L.json;1807265;1876;R23505886;OIL PUMP;;;SI;Superseded;DDE R23505886;R23505886;ok;importar;yes
23511991;GASKET;23511991;publish;"Engine: 20V4000M93L
Part Number: 23511991
Designation: GASKET
Measurement: 
Weight: 
Source Page: 1876
BOM: X82566400001
Substitution Status: SI
New Part Number: DDE 23511991
Superseded List: ";GASKET;;20VM93L-660;20V4000M93L, Superseded, revisar;simple;https://milu-naval.mystagingwebsite.com/wp-content/uploads/2026/01/sin_imagen.jpeg;20V4000M93L;1876;20;X82566400001;GASKET;;;SI;DDE 23511991;;pendiente;revisar;import_superseded;estado QA requiere revision manual | relacion superseded clara;import_superseded;estado QA requiere revision manual | relacion superseded clara;engine_20V4000M93L.json;1807269;1876;;GASKET;;;SI;Superseded;DDE 23511991;;pendiente;revisar;yes
23522269;GASKET;23522269;publish;"Engine: 20V4000M93L
Part Number: 23522269
Designation: GASKET
Measurement: 
Weight: 
Source Page: 1876
BOM: X82566400001
Substitution Status: SI
New Part Number: DDE 23539103
Superseded List: ";GASKET;;20VM93L-660;20V4000M93L, Superseded, revisar;simple;https://milu-naval.mystagingwebsite.com/wp-content/uploads/2026/01/sin_imagen.jpeg;20V4000M93L;1876;30;X82566400001;GASKET;;;SI;DDE 23539103;;pendiente;revisar;import_superseded;estado QA requiere revision manual | relacion superseded clara;import_superseded;estado QA requiere revision manual | relacion superseded clara;engine_20V4000M93L.json;1807270;1876;;GASKET;;;SI;Superseded;DDE 23539103;;pendiente;revisar;yes
23529480;PUMP ASM;23529480;publish;"Engine: 20V4000M93L
Part Number: 23529480
Designation: PUMP ASM
Measurement: SEPARATE CIRC
Weight: 
Source Page: 1876
BOM: X82566400001
Substitution Status: SI
New Part Number: DDE 23529480
Superseded List: ";PUMP ASM;;20VM93L-660;20V4000M93L, Superseded, revisar;simple;https://milu-naval.mystagingwebsite.com/wp-content/uploads/2026/01/sin_imagen.jpeg;20V4000M93L;1876;80;X82566400001;PUMP ASM;SEPARATE CIRC;;SI;DDE 23529480;;pendiente;revisar;import_superseded;estado QA requiere revision manual | relacion superseded clara;import_superseded;estado QA requiere revision manual | relacion superseded clara;engine_20V4000M93L.json;1807274;1876;;PUMP ASM;SEPARATE CIRC;;SI;Superseded;DDE 23529480;;pendiente;revisar;yes
E23525323;FUEL PUMP ASM;e23525323;publish;"Engine: 20V4000M93L
Part Number: E23525323
Designation: FUEL PUMP ASM
Measurement: 
Weight: 
Source Page: 1876
BOM: X82566400001
Substitution Status: SI
New Part Number: DDE E23525323
Superseded List: E23525323";FUEL PUMP ASM;;20VM93L-660;20V4000M93L, Superseded, importar;simple;https://milu-naval.mystagingwebsite.com/wp-content/uploads/2026/01/sin_imagen.jpeg;20V4000M93L;1876;90;X82566400001;FUEL PUMP ASM;;;SI;DDE E23525323;E23525323;ok;importar;import_superseded;relacion superseded clara;import_superseded;relacion superseded clara;engine_20V4000M93L.json;1807275;1876;E23525323;FUEL PUMP ASM;;;SI;Superseded;DDE E23525323;E23525323;ok;importar;yes
