sku;post_title;post_name;post_status;post_content;post_excerpt;regular_price;categories;tags;product_type;images;meta:engine_model;meta:source_page;meta:pos;meta:bom;meta:designation_final;meta:measure_final;meta:weight_final;meta:sust_status;meta:sust_new_part_number;meta:sust_superseded_list;meta:qa_revision_estado;meta:qa_revision_accion;meta:import_decision;meta:import_reason;import_decision;import_reason;source_engine_file;source_id;source_page;pn_final;designation_final;measure_final;weight_final;sust_status;sust_hierarchie;sust_new_part_number;sust_superseded_list;qa_revision_estado;qa_revision_accion;image_url_valid
000912008115;BOLT HEX SOC HD;000912008115;publish;"Engine: 12V4000M40A
Part Number: 000912008115
Designation: BOLT HEX SOC HD
Measurement: M 8 X 16
Weight: 0.011 KGM
Source Page: 13
BOM: 010.00475
Substitution Status: SI
New Part Number: 000912008115
Superseded List: 000912008005, 000912008085, 000912008143, 06.02093-0405";BOLT HEX SOC HD;;12VM40A-11;12V4000M40A, New, importar;simple;https://milu-naval.mystagingwebsite.com/wp-content/uploads/2026/02/12V4000M40A-0012-01-70.webp;12V4000M40A;13;70;010.00475;BOLT HEX SOC HD;M 8 X 16;0.011 KGM;SI;000912008115;000912008005, 000912008085, 000912008143, 06.02093-0405;ok;importar;import_new;cumple condiciones para articulo nuevo;import_new;cumple condiciones para articulo nuevo;engine_12V4000M40A.json;1100646;13;000912008115;BOLT HEX SOC HD;M 8 X 16;0.011 KGM;SI;New;000912008115;000912008005, 000912008085, 000912008143, 06.02093-0405;ok;importar;yes
000931010237;HEX SCREW;000931010237;publish;"Engine: 12V4000M40A
Part Number: 000931010237
Designation: HEX SCREW
Measurement: M 10 X 90
Weight: 0.061 KGM
Source Page: 13
BOM: 010.00475
Substitution Status: SI
New Part Number: 000931010237
Superseded List: 000931010141, 197Y00007/1";HEX SCREW;;12VM40A-11;12V4000M40A, New, importar;simple;https://milu-naval.mystagingwebsite.com/wp-content/uploads/2026/02/12V4000M40A-0012-01-140.webp;12V4000M40A;13;140;010.00475;HEX SCREW;M 10 X 90;0.061 KGM;SI;000931010237;000931010141, 197Y00007/1;ok;importar;import_new;cumple condiciones para articulo nuevo;import_new;cumple condiciones para articulo nuevo;engine_12V4000M40A.json;1100672;13;000931010237;HEX SCREW;M 10 X 90;0.061 KGM;SI;New;000931010237;000931010141, 197Y00007/1;ok;importar;yes
000933010089;HEX SCREW;000933010089;publish;"Engine: 12V4000M40A
Part Number: 000933010089
Designation: HEX SCREW
Measurement: M 10 X 20
Weight: 0.021 KGM
Source Page: 13
BOM: 010.00475
Substitution Status: SI
New Part Number: 000933010089
Superseded List: 000933010016, 000933010128, 06.01013-1227, 06.01283-1213, 06.01283-3213, 06012833213";HEX SCREW;;12VM40A-11;12V4000M40A, New, importar;simple;https://milu-naval.mystagingwebsite.com/wp-content/uploads/2026/02/12V4000M40A-0012-01-110.webp;12V4000M40A;13;110;010.00475;HEX SCREW;M 10 X 20;0.021 KGM;SI;000933010089;000933010016, 000933010128, 06.01013-1227, 06.01283-1213, 06.01283-3213, 06012833213;ok;importar;import_new;cumple condiciones para articulo nuevo;import_new;cumple condiciones para articulo nuevo;engine_12V4000M40A.json;1100725;13;000933010089;HEX SCREW;M 10 X 20;0.021 KGM;SI;New;000933010089;000933010016, 000933010128, 06.01013-1227, 06.01283-1213, 06.01283-3213, 06012833213;ok;importar;yes
000933010093;HEX SCREW;000933010093;publish;"Engine: 12V4000M40A
Part Number: 000933010093
Designation: HEX SCREW
Measurement: M 10 X 35
Weight: 0.027 KGM
Source Page: 13
BOM: 010.00475
Substitution Status: SI
New Part Number: 000933010093
Superseded List: 000931010040, 000931010228, 000933010056, 000933010093/45, 000933010145, 06.01283-1218";HEX SCREW;;12VM40A-11;12V4000M40A, New, importar;simple;https://milu-naval.mystagingwebsite.com/wp-content/uploads/2026/02/12V4000M40A-0012-01-135.webp;12V4000M40A;13;135;010.00475;HEX SCREW;M 10 X 35;0.027 KGM;SI;000933010093;000931010040, 000931010228, 000933010056, 000933010093/45, 000933010145, 06.01283-1218;ok;importar;import_new;cumple condiciones para articulo nuevo;import_new;cumple condiciones para articulo nuevo;engine_12V4000M40A.json;1100728;13;000933010093;HEX SCREW;M 10 X 35;0.027 KGM;SI;New;000933010093;000931010040, 000931010228, 000933010056, 000933010093/45, 000933010145, 06.01283-1218;ok;importar;yes
700429018005;O-RING;700429018005;publish;"Engine: 12V4000M40A
Part Number: 700429018005
Designation: O-RING
Measurement: A 18 X 4
Weight: 0.002 KGM
Source Page: 13
BOM: 010.00475
Substitution Status: SI
New Part Number: 700429018005
Superseded List: 000N13214/1, 700294018002";O-RING;;12VM40A-11;12V4000M40A, New, importar;simple;https://milu-naval.mystagingwebsite.com/wp-content/uploads/2026/02/12V4000M40A-0012-01-150.webp;12V4000M40A;13;150;010.00475;O-RING;A 18 X 4;0.002 KGM;SI;700429018005;000N13214/1, 700294018002;ok;importar;import_new;cumple condiciones para articulo nuevo;import_new;cumple condiciones para articulo nuevo;engine_12V4000M40A.json;1102046;13;700429018005;O-RING;A 18 X 4;0.002 KGM;SI;New;700429018005;000N13214/1, 700294018002;ok;importar;yes
700429042000;O-RING;700429042000;publish;"Engine: 12V4000M40A
Part Number: 700429042000
Designation: O-RING
Measurement: A 42 X 5
Weight: 0.005 KGM
Source Page: 13
BOM: 010.00475
Substitution Status: SI
New Part Number: 700429042000
Superseded List: 0079975145, 0109974845";O-RING;;12VM40A-11;12V4000M40A, New, importar;simple;https://milu-naval.mystagingwebsite.com/wp-content/uploads/2026/02/12V4000M40A-0012-01-115.webp;12V4000M40A;13;115;010.00475;O-RING;A 42 X 5;0.005 KGM;SI;700429042000;0079975145, 0109974845;ok;importar;import_new;cumple condiciones para articulo nuevo;import_new;cumple condiciones para articulo nuevo;engine_12V4000M40A.json;1102073;13;700429042000;O-RING;A 42 X 5;0.005 KGM;SI;New;700429042000;0079975145, 0109974845;ok;importar;yes
700429055001;O-RING;700429055001;publish;"Engine: 12V4000M40A
Part Number: 700429055001
Designation: O-RING
Measurement: A 55 X 5
Weight: 0.008 KGM
Source Page: 13
BOM: 010.00475
Substitution Status: SI
New Part Number: 700429055001
Superseded List: 06.56640-0155, 700294055000";O-RING;;12VM40A-11;12V4000M40A, New, importar;simple;https://milu-naval.mystagingwebsite.com/wp-content/uploads/2026/02/12V4000M40A-0012-01-160.webp;12V4000M40A;13;160;010.00475;O-RING;A 55 X 5;0.008 KGM;SI;700429055001;06.56640-0155, 700294055000;ok;importar;import_new;cumple condiciones para articulo nuevo;import_new;cumple condiciones para articulo nuevo;engine_12V4000M40A.json;1102079;13;700429055001;O-RING;A 55 X 5;0.008 KGM;SI;New;700429055001;06.56640-0155, 700294055000;ok;importar;yes
735084050000;PLUG;735084050000;publish;"Engine: 12V4000M40A
Part Number: 735084050000
Designation: PLUG
Measurement: 50
Weight: 0.103 KGM
Source Page: 13
BOM: 010.00475
Substitution Status: SI
New Part Number: 735084050000
Superseded List: 5240111432";PLUG;;12VM40A-11;12V4000M40A, New, importar;simple;https://milu-naval.mystagingwebsite.com/wp-content/uploads/2026/02/12V4000M40A-0012-01-105.webp;12V4000M40A;13;105;010.00475;PLUG;50;0.103 KGM;SI;735084050000;5240111432;ok;importar;import_new;cumple condiciones para articulo nuevo;import_new;cumple condiciones para articulo nuevo;engine_12V4000M40A.json;1102224;13;735084050000;PLUG;50;0.103 KGM;SI;New;735084050000;5240111432;ok;importar;yes
000912018008;BOLT HEX SOC HD;000912018008;publish;"Engine: 12V4000M40A
Part Number: 000912018008
Designation: BOLT HEX SOC HD
Measurement: M 18 X180
Weight: 0.395 KGM
Source Page: 14
BOM: 5260101605
Substitution Status: 
New Part Number: 
Superseded List: ";BOLT HEX SOC HD;;12VM40A-11;12V4000M40A, importar;simple;https://milu-naval.mystagingwebsite.com/wp-content/uploads/2026/02/12V4000M40A-0014-01-30.webp;12V4000M40A;14;30;5260101605;BOLT HEX SOC HD;M 18 X180;0.395 KGM;;;;ok;importar;import_new;cumple condiciones para articulo nuevo | PN y designation_final validos, sin conflictos criticos;import_new;cumple condiciones para articulo nuevo | PN y designation_final validos, sin conflictos criticos;engine_12V4000M40A.json;1100655;14;000912018008;BOLT HEX SOC HD;M 18 X180;0.395 KGM;;;;;ok;importar;yes
5260111501;CRANKCASE;5260111501;publish;"Engine: 12V4000M40A
Part Number: 5260111501
Designation: CRANKCASE
Measurement: 
Weight: 
Source Page: 14
BOM: 5260101605
Substitution Status: 
New Part Number: 
Superseded List: ";CRANKCASE;;12VM40A-11;12V4000M40A, importar;simple;https://milu-naval.mystagingwebsite.com/wp-content/uploads/2026/02/12V4000M40A-0014-01-5.webp;12V4000M40A;14;5;5260101605;CRANKCASE;;;;;;ok;importar;import_new;cumple condiciones para articulo nuevo | PN y designation_final validos, sin conflictos criticos;import_new;cumple condiciones para articulo nuevo | PN y designation_final validos, sin conflictos criticos;engine_12V4000M40A.json;1101334;14;5260111501;CRANKCASE;;;;;;;ok;importar;yes
700521018201;WASHER;700521018201;publish;"Engine: 12V4000M40A
Part Number: 700521018201
Designation: WASHER
Measurement: 18,2
Weight: 0.015 KGM
Source Page: 14
BOM: 5260101605
Substitution Status: SI
New Part Number: 700521018201
Superseded List: 700521018200";WASHER;;12VM40A-11;12V4000M40A, New, importar;simple;https://milu-naval.mystagingwebsite.com/wp-content/uploads/2026/02/12V4000M40A-0014-01-35.webp;12V4000M40A;14;35;5260101605;WASHER;18,2;0.015 KGM;SI;700521018201;700521018200;ok;importar;import_new;cumple condiciones para articulo nuevo;import_new;cumple condiciones para articulo nuevo;engine_12V4000M40A.json;1102161;14;700521018201;WASHER;18,2;0.015 KGM;SI;New;700521018201;700521018200;ok;importar;yes
000933010035;HEX SCREW;000933010035;publish;"Engine: 12V4000M40A
Part Number: 000933010035
Designation: HEX SCREW
Measurement: M 10 X 25
Weight: 0.024 KGM
Source Page: 15
BOM: 010.00021
Substitution Status: SI
New Part Number: 000933010035
Superseded List: 000933010034, 000933010105, 06.01283-1215, 06.01283-3215, 06012833215, 23526514";HEX SCREW;;12VM40A-11;12V4000M40A, New, importar;simple;https://milu-naval.mystagingwebsite.com/wp-content/uploads/2026/02/12V4000M40A-0015-01-20.webp;12V4000M40A;15;20;010.00021;HEX SCREW;M 10 X 25;0.024 KGM;SI;000933010035;000933010034, 000933010105, 06.01283-1215, 06.01283-3215, 06012833215, 23526514;ok;importar;import_new;cumple condiciones para articulo nuevo;import_new;cumple condiciones para articulo nuevo;engine_12V4000M40A.json;1100714;15;000933010035;HEX SCREW;M 10 X 25;0.024 KGM;SI;New;000933010035;000933010034, 000933010105, 06.01283-1215, 06.01283-3215, 06012833215, 23526514;ok;importar;yes
000125008427;WASHER;000125008427;publish;"Engine: 12V4000M40A
Part Number: 000125008427
Designation: WASHER
Measurement: 8
Weight: 0.001 KGM
Source Page: 16
BOM: XS526010.00022
Substitution Status: SI
New Part Number: 000125008427
Superseded List: 000125008413, 000125008417, 000125008418, 000125008423, 000N06195/1, 000N13194/1, 00125008427, 06.15010-0211, 125008427, 5620980576";WASHER;;12VM40A-11;12V4000M40A, New, importar;simple;https://milu-naval.mystagingwebsite.com/wp-content/uploads/2026/02/12V4000M40A-0016-01-45.webp;12V4000M40A;16;45;XS526010.00022;WASHER;8;0.001 KGM;SI;000125008427;000125008413, 000125008417, 000125008418, 000125008423, 000N06195/1, 000N13194/1, 00125008427, 06.15010-0211, 125008427, 5620980576;ok;importar;import_new;cumple condiciones para articulo nuevo;import_new;cumple condiciones para articulo nuevo;engine_12V4000M40A.json;1100488;16;000125008427;WASHER;8;0.001 KGM;SI;New;000125008427;000125008413, 000125008417, 000125008418, 000125008423, 000N06195/1, 000N13194/1, 00125008427, 06.15010-0211, 125008427, 5620980576;ok;importar;yes
700429095004;O-RING;700429095004;publish;"Engine: 12V4000M40A
Part Number: 700429095004
Designation: O-RING
Measurement: A 95 X 5
Weight: 0.014 KGM
Source Page: 16
BOM: XS526010.00022
Substitution Status: 
New Part Number: 
Superseded List: ";O-RING;;12VM40A-11;12V4000M40A, importar;simple;https://milu-naval.mystagingwebsite.com/wp-content/uploads/2026/02/12V4000M40A-0016-01-35.webp;12V4000M40A;16;35;XS526010.00022;O-RING;A 95 X 5;0.014 KGM;;;;ok;importar;import_new;cumple condiciones para articulo nuevo | PN y designation_final validos, sin conflictos criticos;import_new;cumple condiciones para articulo nuevo | PN y designation_final validos, sin conflictos criticos;engine_12V4000M40A.json;1102105;16;700429095004;O-RING;A 95 X 5;0.014 KGM;;;;;ok;importar;yes
700429012002;O-RING;700429012002;publish;"Engine: 12V4000M40A
Part Number: 700429012002
Designation: O-RING
Measurement: A 12 X 5
Weight: 0.001 KGM
Source Page: 18
BOM: 010.00003
Substitution Status: SI
New Part Number: 700429012002
Superseded List: 0059973345";O-RING;;12VM40A-11;12V4000M40A, New, importar;simple;https://milu-naval.mystagingwebsite.com/wp-content/uploads/2026/01/sin_imagen.jpeg;12V4000M40A;18;40;010.00003;O-RING;A 12 X 5;0.001 KGM;SI;700429012002;0059973345;ok;importar;import_new;cumple condiciones para articulo nuevo;import_new;cumple condiciones para articulo nuevo;engine_12V4000M40A.json;1102041;18;700429012002;O-RING;A 12 X 5;0.001 KGM;SI;New;700429012002;0059973345;ok;importar;yes
000908012003;THREAD PLUG;000908012003;publish;"Engine: 12V4000M40A
Part Number: 000908012003
Designation: THREAD PLUG
Measurement: M 12 X 1,5
Weight: 0.012 KGM
Source Page: 20
BOM: 010.00061
Substitution Status: SI
New Part Number: 000908012003
Superseded List: 000908012000, 06.08040-0102, Z=2 911 272 751";THREAD PLUG;;12VM40A-14;12V4000M40A, New, importar;simple;https://milu-naval.mystagingwebsite.com/wp-content/uploads/2026/02/12V4000M40A-0020-01-115.webp;12V4000M40A;20;115;010.00061;THREAD PLUG;M 12 X 1,5;0.012 KGM;SI;000908012003;000908012000, 06.08040-0102, Z=2 911 272 751;ok;importar;import_new;cumple condiciones para articulo nuevo;import_new;cumple condiciones para articulo nuevo;engine_12V4000M40A.json;1100600;20;000908012003;THREAD PLUG;M 12 X 1,5;0.012 KGM;SI;New;000908012003;000908012000, 06.08040-0102, Z=2 911 272 751;ok;importar;yes
000931010105;HEX SCREW;000931010105;publish;"Engine: 12V4000M40A
Part Number: 000931010105
Designation: HEX SCREW
Measurement: M 10 X 60
Weight: 0.044 KGM
Source Page: 20
BOM: 010.00061
Substitution Status: SI
New Part Number: 000931010105
Superseded List: 000931010337";HEX SCREW;;12VM40A-14;12V4000M40A, New, importar;simple;https://milu-naval.mystagingwebsite.com/wp-content/uploads/2026/01/sin_imagen.jpeg;12V4000M40A;20;55;010.00061;HEX SCREW;M 10 X 60;0.044 KGM;SI;000931010105;000931010337;ok;importar;import_new;cumple condiciones para articulo nuevo;import_new;cumple condiciones para articulo nuevo;engine_12V4000M40A.json;1100666;20;000931010105;HEX SCREW;M 10 X 60;0.044 KGM;SI;New;000931010105;000931010337;ok;importar;yes
000931012176;HEX SCREW;000931012176;publish;"Engine: 12V4000M40A
Part Number: 000931012176
Designation: HEX SCREW
Measurement: M 12 X150
Weight: 0.14 KGM
Source Page: 20
BOM: 010.00061
Substitution Status: SI
New Part Number: 000931012176
Superseded List: 000931012095";HEX SCREW;;12VM40A-14;12V4000M40A, New, importar;simple;https://milu-naval.mystagingwebsite.com/wp-content/uploads/2026/02/12V4000M40A-0020-01-130.webp;12V4000M40A;20;130;010.00061;HEX SCREW;M 12 X150;0.14 KGM;SI;000931012176;000931012095;ok;importar;import_new;cumple condiciones para articulo nuevo;import_new;cumple condiciones para articulo nuevo;engine_12V4000M40A.json;1100687;20;000931012176;HEX SCREW;M 12 X150;0.14 KGM;SI;New;000931012176;000931012095;ok;importar;yes
007349008002;WASHER;007349008002;publish;"Engine: 12V4000M40A
Part Number: 007349008002
Designation: WASHER
Measurement: 8,4
Weight: 0.008 KGM
Source Page: 20
BOM: 010.00061
Substitution Status: 
New Part Number: 
Superseded List: ";WASHER;;12VM40A-14;12V4000M40A, importar;simple;https://milu-naval.mystagingwebsite.com/wp-content/uploads/2026/02/12V4000M40A-0020-01-155.webp;12V4000M40A;20;155;010.00061;WASHER;8,4;0.008 KGM;;;;ok;importar;import_new;cumple condiciones para articulo nuevo | PN y designation_final validos, sin conflictos criticos;import_new;cumple condiciones para articulo nuevo | PN y designation_final validos, sin conflictos criticos;engine_12V4000M40A.json;1101557;20;007349008002;WASHER;8,4;0.008 KGM;;;;;ok;importar;yes
007349013002;WASHER;007349013002;publish;"Engine: 12V4000M40A
Part Number: 007349013002
Designation: WASHER
Measurement: 13
Weight: 0.022 KGM
Source Page: 20
BOM: 010.00061
Substitution Status: SI
New Part Number: 007349013002
Superseded List: 007349013003";WASHER;;12VM40A-14;12V4000M40A, New, importar;simple;https://milu-naval.mystagingwebsite.com/wp-content/uploads/2026/02/12V4000M40A-0020-01-135.webp;12V4000M40A;20;135;010.00061;WASHER;13;0.022 KGM;SI;007349013002;007349013003;ok;importar;import_new;cumple condiciones para articulo nuevo;import_new;cumple condiciones para articulo nuevo;engine_12V4000M40A.json;1101567;20;007349013002;WASHER;13;0.022 KGM;SI;New;007349013002;007349013003;ok;importar;yes
007603012111;COPPER SEALING RING;007603012111;publish;"Engine: 12V4000M40A
Part Number: 007603012111
Designation: COPPER SEALING RING
Measurement: A 12 X 15,5
Weight: 0.001 KGM
Source Page: 20
BOM: 010.00061
Substitution Status: 
New Part Number: 
Superseded List: ";COPPER SEALING RING;;12VM40A-14;12V4000M40A, importar;simple;https://milu-naval.mystagingwebsite.com/wp-content/uploads/2026/02/12V4000M40A-0020-01-120.webp;12V4000M40A;20;120;010.00061;COPPER SEALING RING;A 12 X 15,5;0.001 KGM;;;;ok;importar;import_new;cumple condiciones para articulo nuevo | PN y designation_final validos, sin conflictos criticos;import_new;cumple condiciones para articulo nuevo | PN y designation_final validos, sin conflictos criticos;engine_12V4000M40A.json;1101571;20;007603012111;COPPER SEALING RING;A 12 X 15,5;0.001 KGM;;;;;ok;importar;yes
304017008087;HEX SCREW;304017008087;publish;"Engine: 12V4000M40A
Part Number: 304017008087
Designation: HEX SCREW
Measurement: M 8 X 50
Weight: 0.021 KGM
Source Page: 20
BOM: 010.00061
Substitution Status: SI
New Part Number: 304017008087
Superseded List: 000931008085, 000931008217, 000931008246, 000933008096, 000933008161, 000933008170, SUA304017008087";HEX SCREW;;12VM40A-14;12V4000M40A, New, importar;simple;https://milu-naval.mystagingwebsite.com/wp-content/uploads/2026/02/12V4000M40A-0020-01-150.webp;12V4000M40A;20;150;010.00061;HEX SCREW;M 8 X 50;0.021 KGM;SI;304017008087;000931008085, 000931008217, 000931008246, 000933008096, 000933008161, 000933008170, SUA304017008087;ok;importar;import_new;cumple condiciones para articulo nuevo;import_new;cumple condiciones para articulo nuevo;engine_12V4000M40A.json;1101889;20;304017008087;HEX SCREW;M 8 X 50;0.021 KGM;SI;New;304017008087;000931008085, 000931008217, 000931008246, 000933008096, 000933008161, 000933008170, SUA304017008087;ok;importar;yes
700209010208;STRESS BOLT;700209010208;publish;"Engine: 12V4000M40A
Part Number: 700209010208
Designation: STRESS BOLT
Measurement: B M 10 X 90
Weight: 0.047 KGM
Source Page: 20
BOM: 010.00061
Substitution Status: 
New Part Number: 
Superseded List: ";STRESS BOLT;;12VM40A-14;12V4000M40A, importar;simple;https://milu-naval.mystagingwebsite.com/wp-content/uploads/2026/02/12V4000M40A-0020-01-45.webp;12V4000M40A;20;45;010.00061;STRESS BOLT;B M 10 X 90;0.047 KGM;;;;ok;importar;import_new;cumple condiciones para articulo nuevo | PN y designation_final validos, sin conflictos criticos;import_new;cumple condiciones para articulo nuevo | PN y designation_final validos, sin conflictos criticos;engine_12V4000M40A.json;1101926;20;700209010208;STRESS BOLT;B M 10 X 90;0.047 KGM;;;;;ok;importar;yes
700429075002;O-RING;700429075002;publish;"Engine: 12V4000M40A
Part Number: 700429075002
Designation: O-RING
Measurement: A 75 X 3,5
Weight: 0.004 KGM
Source Page: 20
BOM: 010.00061
Substitution Status: SI
New Part Number: 700429075002
Superseded List: 0000741859, 0019971348, 0019979545";O-RING;;12VM40A-14;12V4000M40A, New, importar;simple;https://milu-naval.mystagingwebsite.com/wp-content/uploads/2026/02/12V4000M40A-0020-01-175.webp;12V4000M40A;20;175;010.00061;O-RING;A 75 X 3,5;0.004 KGM;SI;700429075002;0000741859, 0019971348, 0019979545;ok;importar;import_new;cumple condiciones para articulo nuevo;import_new;cumple condiciones para articulo nuevo;engine_12V4000M40A.json;1102093;20;700429075002;O-RING;A 75 X 3,5;0.004 KGM;SI;New;700429075002;0000741859, 0019971348, 0019979545;ok;importar;yes
735151010100;SPACER;735151010100;publish;"Engine: 12V4000M40A
Part Number: 735151010100
Designation: SPACER
Measurement: A 10,5
Weight: 0.01 KGM
Source Page: 20
BOM: 010.00061
Substitution Status: SI
New Part Number: 735151010100
Superseded List: 5739900240";SPACER;;12VM40A-14;12V4000M40A, New, importar;simple;https://milu-naval.mystagingwebsite.com/wp-content/uploads/2026/02/12V4000M40A-0020-01-60.webp;12V4000M40A;20;60;010.00061;SPACER;A 10,5;0.01 KGM;SI;735151010100;5739900240;ok;importar;import_new;cumple condiciones para articulo nuevo;import_new;cumple condiciones para articulo nuevo;engine_12V4000M40A.json;1102231;20;735151010100;SPACER;A 10,5;0.01 KGM;SI;New;735151010100;5739900240;ok;importar;yes
000933008114;HEX SCREW;000933008114;publish;"Engine: 12V4000M40A
Part Number: 000933008114
Designation: HEX SCREW
Measurement: M 8 X 22
Weight: 0.013 KGM
Source Page: 22
BOM: 180.00057
Substitution Status: SI
New Part Number: 000933008114
Superseded List: 000933008048, 000933008154, 06.01283-1114, 06.01283-3114, 06012833114";HEX SCREW;;12VM40A-14;12V4000M40A, New, importar;simple;https://milu-naval.mystagingwebsite.com/wp-content/uploads/2026/02/12V4000M40A-0021-02-100.webp;12V4000M40A;22;100;180.00057;HEX SCREW;M 8 X 22;0.013 KGM;SI;000933008114;000933008048, 000933008154, 06.01283-1114, 06.01283-3114, 06012833114;ok;importar;import_new;cumple condiciones para articulo nuevo;import_new;cumple condiciones para articulo nuevo;engine_12V4000M40A.json;1100707;22;000933008114;HEX SCREW;M 8 X 22;0.013 KGM;SI;New;000933008114;000933008048, 000933008154, 06.01283-1114, 06.01283-3114, 06012833114;ok;importar;yes
007603030101;COPPER SEALING RING;007603030101;publish;"Engine: 12V4000M40A
Part Number: 007603030101
Designation: COPPER SEALING RING
Measurement: A 30 X 36
Weight: 0.004 KGM
Source Page: 22
BOM: 180.00057
Substitution Status: SI
New Part Number: 007603030101
Superseded List: 007603030103, 06.56190-0732";COPPER SEALING RING;;12VM40A-14;12V4000M40A, New, importar;simple;https://milu-naval.mystagingwebsite.com/wp-content/uploads/2026/02/12V4000M40A-0021-01-30.webp, https://milu-naval.mystagingwebsite.com/wp-content/uploads/2026/02/12V4000M40A-0021-02-30.webp;12V4000M40A;22;30;180.00057;COPPER SEALING RING;A 30 X 36;0.004 KGM;SI;007603030101;007603030103, 06.56190-0732;ok;importar;import_new;cumple condiciones para articulo nuevo;import_new;cumple condiciones para articulo nuevo;engine_12V4000M40A.json;1101628;22;007603030101;COPPER SEALING RING;A 30 X 36;0.004 KGM;SI;New;007603030101;007603030103, 06.56190-0732;ok;importar;yes
700325028101;CLAMP HALF TUBE 1/2 D9-28;700325028101;publish;"Engine: 12V4000M40A
Part Number: 700325028101
Designation: CLAMP HALF TUBE 1/2 D9-28
Measurement: 1/2 D 9 - 28
Weight: 0.075 KGM
Source Page: 22
BOM: 180.00057
Substitution Status: 
New Part Number: 
Superseded List: ";CLAMP HALF TUBE 1/2 D9-28;;12VM40A-14;12V4000M40A, importar;simple;https://milu-naval.mystagingwebsite.com/wp-content/uploads/2026/02/12V4000M40A-0021-02-90.webp;12V4000M40A;22;90;180.00057;CLAMP HALF TUBE 1/2 D9-28;1/2 D 9 - 28;0.075 KGM;;;;ok;importar;import_new;cumple condiciones para articulo nuevo | PN y designation_final validos, sin conflictos criticos;import_new;cumple condiciones para articulo nuevo | PN y designation_final validos, sin conflictos criticos;engine_12V4000M40A.json;1101979;22;700325028101;CLAMP HALF TUBE 1/2 D9-28;1/2 D 9 - 28;0.075 KGM;;;;;ok;importar;yes
700327022000;GROMMET;700327022000;publish;"Engine: 12V4000M40A
Part Number: 700327022000
Designation: GROMMET
Measurement: 22
Weight: 0.009 KGM
Source Page: 22
BOM: 180.00057
Substitution Status: 
New Part Number: 
Superseded List: ";GROMMET;;12VM40A-14;12V4000M40A, importar;simple;https://milu-naval.mystagingwebsite.com/wp-content/uploads/2026/02/12V4000M40A-0021-02-95.webp;12V4000M40A;22;95;180.00057;GROMMET;22;0.009 KGM;;;;ok;importar;import_new;cumple condiciones para articulo nuevo | PN y designation_final validos, sin conflictos criticos;import_new;cumple condiciones para articulo nuevo | PN y designation_final validos, sin conflictos criticos;engine_12V4000M40A.json;1102013;22;700327022000;GROMMET;22;0.009 KGM;;;;;ok;importar;yes
915001020003;UNION NUT;915001020003;publish;"Engine: 12V4000M40A
Part Number: 915001020003
Designation: UNION NUT
Measurement: 20 M 30 X 1,5
Weight: 0.048 KGM
Source Page: 22
BOM: 180.00057
Substitution Status: SI
New Part Number: 915001020003
Superseded List: 915001020000, 915001020002";UNION NUT;;12VM40A-14;12V4000M40A, New, importar;simple;https://milu-naval.mystagingwebsite.com/wp-content/uploads/2026/02/12V4000M40A-0021-02-75.webp;12V4000M40A;22;75;180.00057;UNION NUT;20 M 30 X 1,5;0.048 KGM;SI;915001020003;915001020000, 915001020002;ok;importar;import_new;cumple condiciones para articulo nuevo;import_new;cumple condiciones para articulo nuevo;engine_12V4000M40A.json;1102279;22;915001020003;UNION NUT;20 M 30 X 1,5;0.048 KGM;SI;New;915001020003;915001020000, 915001020002;ok;importar;yes
915005020001;SEALING CONE;915005020001;publish;"Engine: 12V4000M40A
Part Number: 915005020001
Designation: SEALING CONE
Measurement: 22
Weight: 0.015 KGM
Source Page: 22
BOM: 180.00057
Substitution Status: SI
New Part Number: 915005020001
Superseded List: 915005020000";SEALING CONE;;12VM40A-14;12V4000M40A, New, importar;simple;https://milu-naval.mystagingwebsite.com/wp-content/uploads/2026/02/12V4000M40A-0021-02-70.webp;12V4000M40A;22;70;180.00057;SEALING CONE;22;0.015 KGM;SI;915005020001;915005020000;ok;importar;import_new;cumple condiciones para articulo nuevo;import_new;cumple condiciones para articulo nuevo;engine_12V4000M40A.json;1102318;22;915005020001;SEALING CONE;22;0.015 KGM;SI;New;915005020001;915005020000;ok;importar;yes
915013025001;UNION;915013025001;publish;"Engine: 12V4000M40A
Part Number: 915013025001
Designation: UNION
Measurement: 25
Weight: 0.102 KGM
Source Page: 22
BOM: 180.00057
Substitution Status: 
New Part Number: 
Superseded List: ";UNION;;12VM40A-14;12V4000M40A, importar;simple;https://milu-naval.mystagingwebsite.com/wp-content/uploads/2026/02/12V4000M40A-0021-02-45.webp;12V4000M40A;22;45;180.00057;UNION;25;0.102 KGM;;;;ok;importar;import_new;cumple condiciones para articulo nuevo | PN y designation_final validos, sin conflictos criticos;import_new;cumple condiciones para articulo nuevo | PN y designation_final validos, sin conflictos criticos;engine_12V4000M40A.json;1102351;22;915013025001;UNION;25;0.102 KGM;;;;;ok;importar;yes
000931012106;HEX SCREW;000931012106;publish;"Engine: 12V4000M40A
Part Number: 000931012106
Designation: HEX SCREW
Measurement: M 12 X200
Weight: 0.183 KGM
Source Page: 26
BOM: 010.00365
Substitution Status: 
New Part Number: 
Superseded List: ";HEX SCREW;;12VM40A-16;12V4000M40A, importar;simple;https://milu-naval.mystagingwebsite.com/wp-content/uploads/2026/02/12V4000M40A-0026-01-70.webp;12V4000M40A;26;70;010.00365;HEX SCREW;M 12 X200;0.183 KGM;;;;ok;importar;import_new;cumple condiciones para articulo nuevo | PN y designation_final validos, sin conflictos criticos;import_new;cumple condiciones para articulo nuevo | PN y designation_final validos, sin conflictos criticos;engine_12V4000M40A.json;1100682;26;000931012106;HEX SCREW;M 12 X200;0.183 KGM;;;;;ok;importar;yes
000931012215;HEX SCREW;000931012215;publish;"Engine: 12V4000M40A
Part Number: 000931012215
Designation: HEX SCREW
Measurement: M 12 X150
Weight: 0.14 KGM
Source Page: 26
BOM: 010.00365
Substitution Status: 
New Part Number: 
Superseded List: ";HEX SCREW;;12VM40A-16;12V4000M40A, importar;simple;https://milu-naval.mystagingwebsite.com/wp-content/uploads/2026/02/12V4000M40A-0026-01-75.webp;12V4000M40A;26;75;010.00365;HEX SCREW;M 12 X150;0.14 KGM;;;;ok;importar;import_new;cumple condiciones para articulo nuevo | PN y designation_final validos, sin conflictos criticos;import_new;cumple condiciones para articulo nuevo | PN y designation_final validos, sin conflictos criticos;engine_12V4000M40A.json;1100690;26;000931012215;HEX SCREW;M 12 X150;0.14 KGM;;;;;ok;importar;yes
000988008020;WASHER ADJUSTING;000988008020;publish;"Engine: 12V4000M40A
Part Number: 000988008020
Designation: WASHER ADJUSTING
Measurement: 8 X 14 X 0,3
Weight: 0.001 KGM
Source Page: 26
BOM: 010.00365
Substitution Status: 
New Part Number: 
Superseded List: ";WASHER ADJUSTING;;12VM40A-16;12V4000M40A, importar;simple;https://milu-naval.mystagingwebsite.com/wp-content/uploads/2026/02/12V4000M40A-0026-01-106.webp;12V4000M40A;26;106;010.00365;WASHER ADJUSTING;8 X 14 X 0,3;0.001 KGM;;;;ok;importar;import_new;cumple condiciones para articulo nuevo | PN y designation_final validos, sin conflictos criticos;import_new;cumple condiciones para articulo nuevo | PN y designation_final validos, sin conflictos criticos;engine_12V4000M40A.json;1100849;26;000988008020;WASHER ADJUSTING;8 X 14 X 0,3;0.001 KGM;;;;;ok;importar;yes
006796012100;CONICAL SPR. WASHER;006796012100;publish;"Engine: 12V4000M40A
Part Number: 006796012100
Designation: CONICAL SPR. WASHER
Measurement: 12
Weight: 0.011 KGM
Source Page: 26
BOM: 010.00365
Substitution Status: SI
New Part Number: 006796012100
Superseded List: 206796012000";CONICAL SPR. WASHER;;12VM40A-16;12V4000M40A, New, importar;simple;https://milu-naval.mystagingwebsite.com/wp-content/uploads/2026/02/12V4000M40A-0026-01-80.webp;12V4000M40A;26;80;010.00365;CONICAL SPR. WASHER;12;0.011 KGM;SI;006796012100;206796012000;ok;importar;import_new;cumple condiciones para articulo nuevo;import_new;cumple condiciones para articulo nuevo;engine_12V4000M40A.json;1101549;26;006796012100;CONICAL SPR. WASHER;12;0.011 KGM;SI;New;006796012100;206796012000;ok;importar;yes
007603022102;COPPER SEALING RING;007603022102;publish;"Engine: 12V4000M40A
Part Number: 007603022102
Designation: COPPER SEALING RING
Measurement: A 22 X 27
Weight: 0.002 KGM
Source Page: 26
BOM: 010.00365
Substitution Status: SI
New Part Number: 007603022102
Superseded List: 0009977544, 005009, 007603022104, 007603022108, 06.56190-0718, 0634.801.074, 0634801073, 0634801074, 0634801173, 06561900918, XP52499100247, Z=0634 801 074";COPPER SEALING RING;;12VM40A-16;12V4000M40A, New, importar;simple;https://milu-naval.mystagingwebsite.com/wp-content/uploads/2026/02/12V4000M40A-0026-01-30.webp;12V4000M40A;26;30;010.00365;COPPER SEALING RING;A 22 X 27;0.002 KGM;SI;007603022102;0009977544, 005009, 007603022104, 007603022108, 06.56190-0718, 0634.801.074, 0634801073, 0634801074, 0634801173, 06561900918, XP52499100247, Z=0634 801 074;ok;importar;import_new;cumple condiciones para articulo nuevo;import_new;cumple condiciones para articulo nuevo;engine_12V4000M40A.json;1101612;26;007603022102;COPPER SEALING RING;A 22 X 27;0.002 KGM;SI;New;007603022102;0009977544, 005009, 007603022104, 007603022108, 06.56190-0718, 0634.801.074, 0634801073, 0634801074, 0634801173, 06561900918, XP52499100247, Z=0634 801 074;ok;importar;yes
304014004001;HEX SCREW;304014004001;publish;"Engine: 12V4000M40A
Part Number: 304014004001
Designation: HEX SCREW
Measurement: M 4 X 35
Weight: 0.004 KGM
Source Page: 26
BOM: 010.00365
Substitution Status: SI
New Part Number: 304014004001
Superseded List: 000931004007, 000931004016";HEX SCREW;;12VM40A-16;12V4000M40A, New, importar;simple;https://milu-naval.mystagingwebsite.com/wp-content/uploads/2026/02/12V4000M40A-0026-01-90.webp;12V4000M40A;26;90;010.00365;HEX SCREW;M 4 X 35;0.004 KGM;SI;304014004001;000931004007, 000931004016;ok;importar;import_new;cumple condiciones para articulo nuevo;import_new;cumple condiciones para articulo nuevo;engine_12V4000M40A.json;1101808;26;304014004001;HEX SCREW;M 4 X 35;0.004 KGM;SI;New;304014004001;000931004007, 000931004016;ok;importar;yes
304017008076;HEX SCREW;304017008076;publish;"Engine: 12V4000M40A
Part Number: 304017008076
Designation: HEX SCREW
Measurement: M 8 X 12
Weight: 0.009 KGM
Source Page: 26
BOM: 010.00365
Substitution Status: SI
New Part Number: 304017008076
Superseded List: 000933008005, 000933008106, 000933008130";HEX SCREW;;12VM40A-16;12V4000M40A, New, importar;simple;https://milu-naval.mystagingwebsite.com/wp-content/uploads/2026/02/12V4000M40A-0026-01-150.webp;12V4000M40A;26;150;010.00365;HEX SCREW;M 8 X 12;0.009 KGM;SI;304017008076;000933008005, 000933008106, 000933008130;ok;importar;import_new;cumple condiciones para articulo nuevo;import_new;cumple condiciones para articulo nuevo;engine_12V4000M40A.json;1101822;26;304017008076;HEX SCREW;M 8 X 12;0.009 KGM;SI;New;304017008076;000933008005, 000933008106, 000933008130;ok;importar;yes
304017008079;HEX SCREW;304017008079;publish;"Engine: 12V4000M40A
Part Number: 304017008079
Designation: HEX SCREW
Measurement: M 8 X 20
Weight: 0.012 KGM
Source Page: 26
BOM: 010.00365
Substitution Status: SI
New Part Number: 304017008079
Superseded List: 000933008036, 000933008108, 000933008147, 0039905801, 06.01283-1113, 23506222, 304017008000, 304017008007, 5241310020, 914005008010, DDE 23506222";HEX SCREW;;12VM40A-16;12V4000M40A, New, importar;simple;https://milu-naval.mystagingwebsite.com/wp-content/uploads/2026/02/12V4000M40A-0026-01-130.webp;12V4000M40A;26;130;010.00365;HEX SCREW;M 8 X 20;0.012 KGM;SI;304017008079;000933008036, 000933008108, 000933008147, 0039905801, 06.01283-1113, 23506222, 304017008000, 304017008007, 5241310020, 914005008010, DDE 23506222;ok;importar;import_new;cumple condiciones para articulo nuevo;import_new;cumple condiciones para articulo nuevo;engine_12V4000M40A.json;1101829;26;304017008079;HEX SCREW;M 8 X 20;0.012 KGM;SI;New;304017008079;000933008036, 000933008108, 000933008147, 0039905801, 06.01283-1113, 23506222, 304017008000, 304017008007, 5241310020, 914005008010, DDE 23506222;ok;importar;yes
304017008081;HEX SCREW;304017008081;publish;"Engine: 12V4000M40A
Part Number: 304017008081
Designation: HEX SCREW
Measurement: M 8 X 25
Weight: 0.013 KGM
Source Page: 26
BOM: 010.00365
Substitution Status: SI
New Part Number: 304017008081
Superseded List: 000933008057, 000933008115, 000933008153, 06.01283-1115, 304017008010";HEX SCREW;;12VM40A-16;12V4000M40A, New, importar;simple;https://milu-naval.mystagingwebsite.com/wp-content/uploads/2026/02/12V4000M40A-0026-01-155.webp;12V4000M40A;26;155;010.00365;HEX SCREW;M 8 X 25;0.013 KGM;SI;304017008081;000933008057, 000933008115, 000933008153, 06.01283-1115, 304017008010;ok;importar;import_new;cumple condiciones para articulo nuevo;import_new;cumple condiciones para articulo nuevo;engine_12V4000M40A.json;1101840;26;304017008081;HEX SCREW;M 8 X 25;0.013 KGM;SI;New;304017008081;000933008057, 000933008115, 000933008153, 06.01283-1115, 304017008010;ok;importar;yes
700429020003;O-RING;700429020003;publish;"Engine: 12V4000M40A
Part Number: 700429020003
Designation: O-RING
Measurement: A 20 X 4
Weight: 0.002 KGM
Source Page: 26
BOM: 010.00365
Substitution Status: SI
New Part Number: 700429020003
Superseded List: 0079975245, 06.56640-0121";O-RING;;12VM40A-16;12V4000M40A, New, importar;simple;https://milu-naval.mystagingwebsite.com/wp-content/uploads/2026/02/12V4000M40A-0026-01-100.webp;12V4000M40A;26;100;010.00365;O-RING;A 20 X 4;0.002 KGM;SI;700429020003;0079975245, 06.56640-0121;ok;importar;import_new;cumple condiciones para articulo nuevo;import_new;cumple condiciones para articulo nuevo;engine_12V4000M40A.json;1102047;26;700429020003;O-RING;A 20 X 4;0.002 KGM;SI;New;700429020003;0079975245, 06.56640-0121;ok;importar;yes
915013016002;UNION;915013016002;publish;"Engine: 12V4000M40A
Part Number: 915013016002
Designation: UNION
Measurement: 16
Weight: 0.052 KGM
Source Page: 26
BOM: 010.00365
Substitution Status: SI
New Part Number: 915013016002
Superseded List: 915013016000";UNION;;12VM40A-16;12V4000M40A, New, importar;simple;https://milu-naval.mystagingwebsite.com/wp-content/uploads/2026/02/12V4000M40A-0026-01-25.webp;12V4000M40A;26;25;010.00365;UNION;16;0.052 KGM;SI;915013016002;915013016000;ok;importar;import_new;cumple condiciones para articulo nuevo;import_new;cumple condiciones para articulo nuevo;engine_12V4000M40A.json;1102349;26;915013016002;UNION;16;0.052 KGM;SI;New;915013016002;915013016000;ok;importar;yes
000908020000;PLUG;000908020000;publish;"Engine: 12V4000M40A
Part Number: 000908020000
Designation: PLUG
Measurement: M 20 X 1,5
Weight: 0.039 KGM
Source Page: 27
BOM: 5240103837
Substitution Status: SI
New Part Number: 000908020000
Superseded List: 000908020001, 06.08040-0106";PLUG;;12VM40A-16;12V4000M40A, New, importar;simple;https://milu-naval.mystagingwebsite.com/wp-content/uploads/2026/02/12V4000M40A-0027-01-15.webp;12V4000M40A;27;15;5240103837;PLUG;M 20 X 1,5;0.039 KGM;SI;000908020000;000908020001, 06.08040-0106;ok;importar;import_new;cumple condiciones para articulo nuevo;import_new;cumple condiciones para articulo nuevo;engine_12V4000M40A.json;1100617;27;000908020000;PLUG;M 20 X 1,5;0.039 KGM;SI;New;000908020000;000908020001, 06.08040-0106;ok;importar;yes
000910016003;PLUG;000910016003;publish;"Engine: 12V4000M40A
Part Number: 000910016003
Designation: PLUG
Measurement: M 16 X 1,5
Weight: 0.035 KGM
Source Page: 27
BOM: 5240103837
Substitution Status: 
New Part Number: 
Superseded List: ";PLUG;;12VM40A-16;12V4000M40A, importar;simple;https://milu-naval.mystagingwebsite.com/wp-content/uploads/2026/02/12V4000M40A-0027-01-25.webp;12V4000M40A;27;25;5240103837;PLUG;M 16 X 1,5;0.035 KGM;;;;ok;importar;import_new;cumple condiciones para articulo nuevo | PN y designation_final validos, sin conflictos criticos;import_new;cumple condiciones para articulo nuevo | PN y designation_final validos, sin conflictos criticos;engine_12V4000M40A.json;1100639;27;000910016003;PLUG;M 16 X 1,5;0.035 KGM;;;;;ok;importar;yes
007603016105;SEAL RING;007603016105;publish;"Engine: 12V4000M40A
Part Number: 007603016105
Designation: SEAL RING
Measurement: A 16 X 20
Weight: 0.001 KGM
Source Page: 27
BOM: 5240103837
Substitution Status: SI
New Part Number: 007603016105
Superseded List: 0009976644, 06.56190-0708, 06561900708";SEAL RING;;12VM40A-16;12V4000M40A, New, importar;simple;https://milu-naval.mystagingwebsite.com/wp-content/uploads/2026/02/12V4000M40A-0027-01-30.webp;12V4000M40A;27;30;5240103837;SEAL RING;A 16 X 20;0.001 KGM;SI;007603016105;0009976644, 06.56190-0708, 06561900708;ok;importar;import_new;cumple condiciones para articulo nuevo;import_new;cumple condiciones para articulo nuevo;engine_12V4000M40A.json;1101591;27;007603016105;SEAL RING;A 16 X 20;0.001 KGM;SI;New;007603016105;0009976644, 06.56190-0708, 06561900708;ok;importar;yes
007603020101;WASHER A COP;007603020101;publish;"Engine: 12V4000M40A
Part Number: 007603020101
Designation: WASHER A COP
Measurement: A 20 X 24
Weight: 0.002 KGM
Source Page: 27
BOM: 5240103837
Substitution Status: SI
New Part Number: 007603020101
Superseded List: 007603020101";WASHER A COP;;12VM40A-16;12V4000M40A, New, importar;simple;https://milu-naval.mystagingwebsite.com/wp-content/uploads/2026/02/12V4000M40A-0027-01-20.webp;12V4000M40A;27;20;5240103837;WASHER A COP;A 20 X 24;0.002 KGM;SI;007603020101;007603020101;ok;importar;import_new;cumple condiciones para articulo nuevo;import_new;cumple condiciones para articulo nuevo;engine_12V4000M40A.json;1101609;27;007603020101;WASHER A COP;A 20 X 24;0.002 KGM;SI;New;007603020101;007603020101;ok;importar;yes
000000000668;CLAMP;000000000668;publish;"Engine: 12V4000M40A
Part Number: 000000000668
Designation: CLAMP
Measurement: 25- 40X12-SW8-W3
Weight: 0.026 KGM
Source Page: 29
BOM: 010.00367
Substitution Status: SI
New Part Number: 000000000668
Superseded List: 0009976290, 0069970490, 700433024000, 916017025000, 916018025000, 916026025000, 916026028000";CLAMP;;12VM40A-18;12V4000M40A, New, importar;simple;https://milu-naval.mystagingwebsite.com/wp-content/uploads/2026/02/12V4000M40A-0029-01-230.webp;12V4000M40A;29;230;010.00367;CLAMP;25- 40X12-SW8-W3;0.026 KGM;SI;000000000668;0009976290, 0069970490, 700433024000, 916017025000, 916018025000, 916026025000, 916026028000;ok;importar;import_new;cumple condiciones para articulo nuevo;import_new;cumple condiciones para articulo nuevo;engine_12V4000M40A.json;1100053;29;000000000668;CLAMP;25- 40X12-SW8-W3;0.026 KGM;SI;New;000000000668;0009976290, 0069970490, 700433024000, 916017025000, 916018025000, 916026025000, 916026028000;ok;importar;yes
000835008061;STUD;000835008061;publish;"Engine: 12V4000M40A
Part Number: 000835008061
Designation: STUD
Measurement: M 8 X 20
Weight: 0.011 KGM
Source Page: 29
BOM: 010.00367
Substitution Status: SI
New Part Number: 000835008061
Superseded List: 000835008009";STUD;;12VM40A-18;12V4000M40A, New, importar;simple;https://milu-naval.mystagingwebsite.com/wp-content/uploads/2026/02/12V4000M40A-0029-01-50.webp;12V4000M40A;29;50;010.00367;STUD;M 8 X 20;0.011 KGM;SI;000835008061;000835008009;ok;importar;import_new;cumple condiciones para articulo nuevo;import_new;cumple condiciones para articulo nuevo;engine_12V4000M40A.json;1100595;29;000835008061;STUD;M 8 X 20;0.011 KGM;SI;New;000835008061;000835008009;ok;importar;yes
000931010191;HEX SCREW;000931010191;publish;"Engine: 12V4000M40A
Part Number: 000931010191
Designation: HEX SCREW
Measurement: M 10 X180
Weight: 0.114 KGM
Source Page: 29
BOM: 010.00367
Substitution Status: SI
New Part Number: 000931010191
Superseded List: 197Y00012/1";HEX SCREW;;12VM40A-18;12V4000M40A, New, importar;simple;https://milu-naval.mystagingwebsite.com/wp-content/uploads/2026/02/12V4000M40A-0029-01-85.webp;12V4000M40A;29;85;010.00367;HEX SCREW;M 10 X180;0.114 KGM;SI;000931010191;197Y00012/1;ok;importar;import_new;cumple condiciones para articulo nuevo;import_new;cumple condiciones para articulo nuevo;engine_12V4000M40A.json;1100668;29;000931010191;HEX SCREW;M 10 X180;0.114 KGM;SI;New;000931010191;197Y00012/1;ok;importar;yes
000931010292;HEX SCREW;000931010292;publish;"Engine: 12V4000M40A
Part Number: 000931010292
Designation: HEX SCREW
Measurement: M 10 X110
Weight: 0.07 KGM
Source Page: 29
BOM: 010.00367
Substitution Status: SI
New Part Number: 000931010292
Superseded List: 000931010153, 000931010379";HEX SCREW;;12VM40A-18;12V4000M40A, New, importar;simple;https://milu-naval.mystagingwebsite.com/wp-content/uploads/2026/02/12V4000M40A-0029-01-90.webp;12V4000M40A;29;90;010.00367;HEX SCREW;M 10 X110;0.07 KGM;SI;000931010292;000931010153, 000931010379;ok;importar;import_new;cumple condiciones para articulo nuevo;import_new;cumple condiciones para articulo nuevo;engine_12V4000M40A.json;1100674;29;000931010292;HEX SCREW;M 10 X110;0.07 KGM;SI;New;000931010292;000931010153, 000931010379;ok;importar;yes
000933010095;HEX SCREW;000933010095;publish;"Engine: 12V4000M40A
Part Number: 000933010095
Designation: HEX SCREW
Measurement: M 10 X 50
Weight: 0.036 KGM
Source Page: 29
BOM: 010.00367
Substitution Status: SI
New Part Number: 000933010095
Superseded List: 000931010080, 000931010221, 000931010260, 23526298";HEX SCREW;;12VM40A-18;12V4000M40A, New, importar;simple;https://milu-naval.mystagingwebsite.com/wp-content/uploads/2026/02/12V4000M40A-0029-01-115.webp;12V4000M40A;29;115;010.00367;HEX SCREW;M 10 X 50;0.036 KGM;SI;000933010095;000931010080, 000931010221, 000931010260, 23526298;ok;importar;import_new;cumple condiciones para articulo nuevo;import_new;cumple condiciones para articulo nuevo;engine_12V4000M40A.json;1100739;29;000933010095;HEX SCREW;M 10 X 50;0.036 KGM;SI;New;000933010095;000931010080, 000931010221, 000931010260, 23526298;ok;importar;yes
000934008008;NUT HEX;000934008008;publish;"Engine: 12V4000M40A
Part Number: 000934008008
Designation: NUT HEX
Measurement: M 8
Weight: 0.005 KGM
Source Page: 29
BOM: 010.00367
Substitution Status: SI
New Part Number: 000934008008
Superseded List: 000934008000, 000934008010, 000N18030/1, 06.11062-0164, 06.11064-0114, 06.11068-0114, 06.11184-0114, 06111840114, 8691510087, 8699900050";NUT HEX;;12VM40A-18;12V4000M40A, New, importar;simple;https://milu-naval.mystagingwebsite.com/wp-content/uploads/2026/02/12V4000M40A-0029-01-55.webp;12V4000M40A;29;55;010.00367;NUT HEX;M 8;0.005 KGM;SI;000934008008;000934008000, 000934008010, 000N18030/1, 06.11062-0164, 06.11064-0114, 06.11068-0114, 06.11184-0114, 06111840114, 8691510087, 8699900050;ok;importar;import_new;cumple condiciones para articulo nuevo;import_new;cumple condiciones para articulo nuevo;engine_12V4000M40A.json;1100819;29;000934008008;NUT HEX;M 8;0.005 KGM;SI;New;000934008008;000934008000, 000934008010, 000N18030/1, 06.11062-0164, 06.11064-0114, 06.11068-0114, 06.11184-0114, 06111840114, 8691510087, 8699900050;ok;importar;yes
5849970440;RING SEALING;5849970440;publish;"Engine: 12V4000M40A
Part Number: 5849970440
Designation: RING SEALING
Measurement: 
Weight: 0.004 KGM
Source Page: 29
BOM: 010.00367
Substitution Status: 
New Part Number: 
Superseded List: ";RING SEALING;;12VM40A-18;12V4000M40A, importar;simple;https://milu-naval.mystagingwebsite.com/wp-content/uploads/2026/02/12V4000M40A-0029-01-70.webp;12V4000M40A;29;70;010.00367;RING SEALING;;0.004 KGM;;;;ok;importar;import_new;cumple condiciones para articulo nuevo | PN y designation_final validos, sin conflictos criticos;import_new;cumple condiciones para articulo nuevo | PN y designation_final validos, sin conflictos criticos;engine_12V4000M40A.json;1101543;29;5849970440;RING SEALING;;0.004 KGM;;;;;ok;importar;yes
304017008083;HEX SCREW;304017008083;publish;"Engine: 12V4000M40A
Part Number: 304017008083
Designation: HEX SCREW
Measurement: M 8 X 30
Weight: 0.015 KGM
Source Page: 29
BOM: 010.00367
Substitution Status: SI
New Part Number: 304017008083
Superseded List: 000601008107, 000931008028, 000933008071, 000933008117, 000933008152, 000933008197, 304017008027";HEX SCREW;;12VM40A-18;12V4000M40A, New, importar;simple;https://milu-naval.mystagingwebsite.com/wp-content/uploads/2026/02/12V4000M40A-0029-01-250.webp;12V4000M40A;29;250;010.00367;HEX SCREW;M 8 X 30;0.015 KGM;SI;304017008083;000601008107, 000931008028, 000933008071, 000933008117, 000933008152, 000933008197, 304017008027;ok;importar;import_new;cumple condiciones para articulo nuevo;import_new;cumple condiciones para articulo nuevo;engine_12V4000M40A.json;1101849;29;304017008083;HEX SCREW;M 8 X 30;0.015 KGM;SI;New;304017008083;000601008107, 000931008028, 000933008071, 000933008117, 000933008152, 000933008197, 304017008027;ok;importar;yes
700429040000;O-RING;700429040000;publish;"Engine: 12V4000M40A
Part Number: 700429040000
Designation: O-RING
Measurement: A 40 X 3
Weight: 0.002 KGM
Source Page: 29
BOM: 010.00367
Substitution Status: SI
New Part Number: 700429040000
Superseded List: 06.56640-0111, 06.56662-0110, 700294040001";O-RING;;12VM40A-18;12V4000M40A, New, importar;simple;https://milu-naval.mystagingwebsite.com/wp-content/uploads/2026/02/12V4000M40A-0029-01-60.webp;12V4000M40A;29;60;010.00367;O-RING;A 40 X 3;0.002 KGM;SI;700429040000;06.56640-0111, 06.56662-0110, 700294040001;ok;importar;import_new;cumple condiciones para articulo nuevo;import_new;cumple condiciones para articulo nuevo;engine_12V4000M40A.json;1102070;29;700429040000;O-RING;A 40 X 3;0.002 KGM;SI;New;700429040000;06.56640-0111, 06.56662-0110, 700294040001;ok;importar;yes
700429148001;O-RING;700429148001;publish;"Engine: 12V4000M40A
Part Number: 700429148001
Designation: O-RING
Measurement: A 148 X 5
Weight: 0.02 KGM
Source Page: 29
BOM: 010.00367
Substitution Status: 
New Part Number: 
Superseded List: ";O-RING;;12VM40A-18;12V4000M40A, importar;simple;https://milu-naval.mystagingwebsite.com/wp-content/uploads/2026/02/12V4000M40A-0029-01-80.webp;12V4000M40A;29;80;010.00367;O-RING;A 148 X 5;0.02 KGM;;;;ok;importar;import_new;cumple condiciones para articulo nuevo | PN y designation_final validos, sin conflictos criticos;import_new;cumple condiciones para articulo nuevo | PN y designation_final validos, sin conflictos criticos;engine_12V4000M40A.json;1102130;29;700429148001;O-RING;A 148 X 5;0.02 KGM;;;;;ok;importar;yes
700429420000;O-RING;700429420000;publish;"Engine: 12V4000M40A
Part Number: 700429420000
Designation: O-RING
Measurement: A 420 X 4
Weight: 0.036 KGM
Source Page: 29
BOM: 010.00367
Substitution Status: SI
New Part Number: 700429420000
Superseded List: X00035258";O-RING;;12VM40A-18;12V4000M40A, New, importar;simple;https://milu-naval.mystagingwebsite.com/wp-content/uploads/2026/02/12V4000M40A-0029-01-170.webp;12V4000M40A;29;170;010.00367;O-RING;A 420 X 4;0.036 KGM;SI;700429420000;X00035258;ok;importar;import_new;cumple condiciones para articulo nuevo;import_new;cumple condiciones para articulo nuevo;engine_12V4000M40A.json;1102148;29;700429420000;O-RING;A 420 X 4;0.036 KGM;SI;New;700429420000;X00035258;ok;importar;yes
000908018002;PLUG;000908018002;publish;"Engine: 12V4000M40A
Part Number: 000908018002
Designation: PLUG
Measurement: M 18 X 1,5
Weight: 0.029 KGM
Source Page: 30
BOM: X00014067
Substitution Status: SI
New Part Number: 000908018002
Superseded List: 000908018000, 06.08040-0105";PLUG;;12VM40A-18;12V4000M40A, New, importar;simple;https://milu-naval.mystagingwebsite.com/wp-content/uploads/2026/02/12V4000M40A-0030-01-100.webp;12V4000M40A;30;100;X00014067;PLUG;M 18 X 1,5;0.029 KGM;SI;000908018002;000908018000, 06.08040-0105;ok;importar;import_new;cumple condiciones para articulo nuevo;import_new;cumple condiciones para articulo nuevo;engine_12V4000M40A.json;1100612;30;000908018002;PLUG;M 18 X 1,5;0.029 KGM;SI;New;000908018002;000908018000, 06.08040-0105;ok;importar;yes
000933008168;HEX SCREW;000933008168;publish;"Engine: 12V4000M40A
Part Number: 000933008168
Designation: HEX SCREW
Measurement: M 8 X 32
Weight: 0.016 KGM
Source Page: 30
BOM: X00014067
Substitution Status: 
New Part Number: 
Superseded List: ";HEX SCREW;;12VM40A-18;12V4000M40A, importar;simple;https://milu-naval.mystagingwebsite.com/wp-content/uploads/2026/02/12V4000M40A-0030-01-350.webp;12V4000M40A;30;350;X00014067;HEX SCREW;M 8 X 32;0.016 KGM;;;;ok;importar;import_new;cumple condiciones para articulo nuevo | PN y designation_final validos, sin conflictos criticos;import_new;cumple condiciones para articulo nuevo | PN y designation_final validos, sin conflictos criticos;engine_12V4000M40A.json;1100711;30;000933008168;HEX SCREW;M 8 X 32;0.016 KGM;;;;;ok;importar;yes
007603018101;COPPER SEALING RING;007603018101;publish;"Engine: 12V4000M40A
Part Number: 007603018101
Designation: COPPER SEALING RING
Measurement: A 18 X 22
Weight: 0.001 KGM
Source Page: 30
BOM: X00014067
Substitution Status: SI
New Part Number: 007603018101
Superseded List: 000N84002/1, 005006, 007603018012, 007603018102, 06.56190-0712, 0634801057, 06561900712, 2916710613, 4118110003, Z=0634 801 057";COPPER SEALING RING;;12VM40A-18;12V4000M40A, New, importar;simple;https://milu-naval.mystagingwebsite.com/wp-content/uploads/2026/02/12V4000M40A-0030-01-150.webp;12V4000M40A;30;150;X00014067;COPPER SEALING RING;A 18 X 22;0.001 KGM;SI;007603018101;000N84002/1, 005006, 007603018012, 007603018102, 06.56190-0712, 0634801057, 06561900712, 2916710613, 4118110003, Z=0634 801 057;ok;importar;import_new;cumple condiciones para articulo nuevo;import_new;cumple condiciones para articulo nuevo;engine_12V4000M40A.json;1101596;30;007603018101;COPPER SEALING RING;A 18 X 22;0.001 KGM;SI;New;007603018101;000N84002/1, 005006, 007603018012, 007603018102, 06.56190-0712, 0634801057, 06561900712, 2916710613, 4118110003, Z=0634 801 057;ok;importar;yes
735151008200;SPACER;735151008200;publish;"Engine: 12V4000M40A
Part Number: 735151008200
Designation: SPACER
Measurement: B 8,4
Weight: 0.014 KGM
Source Page: 30
BOM: X00014067
Substitution Status: SI
New Part Number: 735151008200
Superseded List: 5769900040";SPACER;;12VM40A-18;12V4000M40A, New, importar;simple;https://milu-naval.mystagingwebsite.com/wp-content/uploads/2026/02/12V4000M40A-0030-01-300.webp;12V4000M40A;30;300;X00014067;SPACER;B 8,4;0.014 KGM;SI;735151008200;5769900040;ok;importar;import_new;cumple condiciones para articulo nuevo;import_new;cumple condiciones para articulo nuevo;engine_12V4000M40A.json;1102230;30;735151008200;SPACER;B 8,4;0.014 KGM;SI;New;735151008200;5769900040;ok;importar;yes
000000001444;HEX SCREW;000000001444;publish;"Engine: 12V4000M40A
Part Number: 000000001444
Designation: HEX SCREW
Measurement: M 6 X 20
Weight: 0.006 KGM
Source Page: 31
BOM: X00014074
Substitution Status: 
New Part Number: 
Superseded List: ";HEX SCREW;;12VM40A-18;12V4000M40A, importar;simple;https://milu-naval.mystagingwebsite.com/wp-content/uploads/2026/02/12V4000M40A-0031-01-450.webp;12V4000M40A;31;450;X00014074;HEX SCREW;M 6 X 20;0.006 KGM;;;;ok;importar;import_new;cumple condiciones para articulo nuevo | PN y designation_final validos, sin conflictos criticos;import_new;cumple condiciones para articulo nuevo | PN y designation_final validos, sin conflictos criticos;engine_12V4000M40A.json;1100060;31;000000001444;HEX SCREW;M 6 X 20;0.006 KGM;;;;;ok;importar;yes
000125006431;WASHER;000125006431;publish;"Engine: 12V4000M40A
Part Number: 000125006431
Designation: WASHER
Measurement: 6
Weight: 0.001 KGM
Source Page: 31
BOM: X00014074
Substitution Status: SI
New Part Number: 000125006431
Superseded List: 000125006417, 000125006420, 000125006421, 000N06194/1, 06.15010-0209, 5620980476";WASHER;;12VM40A-18;12V4000M40A, New, importar;simple;https://milu-naval.mystagingwebsite.com/wp-content/uploads/2026/02/12V4000M40A-0031-01-150.webp;12V4000M40A;31;150;X00014074;WASHER;6;0.001 KGM;SI;000125006431;000125006417, 000125006420, 000125006421, 000N06194/1, 06.15010-0209, 5620980476;ok;importar;import_new;cumple condiciones para articulo nuevo;import_new;cumple condiciones para articulo nuevo;engine_12V4000M40A.json;1100476;31;000125006431;WASHER;6;0.001 KGM;SI;New;000125006431;000125006417, 000125006420, 000125006421, 000N06194/1, 06.15010-0209, 5620980476;ok;importar;yes
304017006063;HEX SCREW;304017006063;publish;"Engine: 12V4000M40A
Part Number: 304017006063
Designation: HEX SCREW
Measurement: M 6 X 25
Weight: 0.006 KGM
Source Page: 31
BOM: X00014074
Substitution Status: SI
New Part Number: 304017006063
Superseded List: 000933006058, 000933006089, 000933006127, 06.01283-0915, 06.01283-2915, 06012832915, 914005006009";HEX SCREW;;12VM40A-18;12V4000M40A, New, importar;simple;https://milu-naval.mystagingwebsite.com/wp-content/uploads/2026/02/12V4000M40A-0031-01-100.webp;12V4000M40A;31;100;X00014074;HEX SCREW;M 6 X 25;0.006 KGM;SI;304017006063;000933006058, 000933006089, 000933006127, 06.01283-0915, 06.01283-2915, 06012832915, 914005006009;ok;importar;import_new;cumple condiciones para articulo nuevo;import_new;cumple condiciones para articulo nuevo;engine_12V4000M40A.json;1101816;31;304017006063;HEX SCREW;M 6 X 25;0.006 KGM;SI;New;304017006063;000933006058, 000933006089, 000933006127, 06.01283-0915, 06.01283-2915, 06012832915, 914005006009;ok;importar;yes
700429090002;O-RING;700429090002;publish;"Engine: 12V4000M40A
Part Number: 700429090002
Designation: O-RING
Measurement: A 90 X 4
Weight: 0.008 KGM
Source Page: 31
BOM: X00014074
Substitution Status: SI
New Part Number: 700429090002
Superseded List: 0019970248, 0019978945, 0029970140, 0029975545, 06.56640-0129";O-RING;;12VM40A-18;12V4000M40A, New, importar;simple;https://milu-naval.mystagingwebsite.com/wp-content/uploads/2026/02/12V4000M40A-0031-01-300.webp;12V4000M40A;31;300;X00014074;O-RING;A 90 X 4;0.008 KGM;SI;700429090002;0019970248, 0019978945, 0029970140, 0029975545, 06.56640-0129;ok;importar;import_new;cumple condiciones para articulo nuevo;import_new;cumple condiciones para articulo nuevo;engine_12V4000M40A.json;1102104;31;700429090002;O-RING;A 90 X 4;0.008 KGM;SI;New;700429090002;0019970248, 0019978945, 0029970140, 0029975545, 06.56640-0129;ok;importar;yes
000125013012;WASHER;000125013012;publish;"Engine: 12V4000M40A
Part Number: 000125013012
Designation: WASHER
Measurement: 12
Weight: 0.006 KGM
Source Page: 36
BOM: 020.00111
Substitution Status: SI
New Part Number: 000125013012
Superseded List: 000125013008, 000125013009, 000125013015, 000125013016, 000125013019, 06.15010-0213, X00034054";WASHER;;12VM40A-24;12V4000M40A, New, importar;simple;https://milu-naval.mystagingwebsite.com/wp-content/uploads/2026/02/12V4000M40A-0036-01-70.webp;12V4000M40A;36;70;020.00111;WASHER;12;0.006 KGM;SI;000125013012;000125013008, 000125013009, 000125013015, 000125013016, 000125013019, 06.15010-0213, X00034054;ok;importar;import_new;cumple condiciones para articulo nuevo;import_new;cumple condiciones para articulo nuevo;engine_12V4000M40A.json;1100521;36;000125013012;WASHER;12;0.006 KGM;SI;New;000125013012;000125013008, 000125013009, 000125013015, 000125013016, 000125013019, 06.15010-0213, X00034054;ok;importar;yes
000908026005;THREAD PLUG;000908026005;publish;"Engine: 12V4000M40A
Part Number: 000908026005
Designation: THREAD PLUG
Measurement: M 26 X 1,5
Weight: 0.07 KGM
Source Page: 36
BOM: 020.00111
Substitution Status: SI
New Part Number: 000908026005
Superseded List: 000908026001, 000908026008, 06.08040-0109, 28200100381/0, 28200160074/0, 28200160171/0, DDE N000908026001, DDE N000908026005, XP52229700001";THREAD PLUG;;12VM40A-24;12V4000M40A, New, importar;simple;https://milu-naval.mystagingwebsite.com/wp-content/uploads/2026/02/12V4000M40A-0036-01-20.webp;12V4000M40A;36;20;020.00111;THREAD PLUG;M 26 X 1,5;0.07 KGM;SI;000908026005;000908026001, 000908026008, 06.08040-0109, 28200100381/0, 28200160074/0, 28200160171/0, DDE N000908026001, DDE N000908026005, XP52229700001;ok;importar;import_new;cumple condiciones para articulo nuevo;import_new;cumple condiciones para articulo nuevo;engine_12V4000M40A.json;1100621;36;000908026005;THREAD PLUG;M 26 X 1,5;0.07 KGM;SI;New;000908026005;000908026001, 000908026008, 06.08040-0109, 28200100381/0, 28200160074/0, 28200160171/0, DDE N000908026001, DDE N000908026005, XP52229700001;ok;importar;yes
000931012213;HEX SCREW;000931012213;publish;"Engine: 12V4000M40A
Part Number: 000931012213
Designation: HEX SCREW
Measurement: M 12 X180
Weight: 0.165 KGM
Source Page: 36
BOM: 020.00111
Substitution Status: SI
New Part Number: 000931012213
Superseded List: 000931012123, 197Y00017/1, X00028058";HEX SCREW;;12VM40A-24;12V4000M40A, New, importar;simple;https://milu-naval.mystagingwebsite.com/wp-content/uploads/2026/02/12V4000M40A-0036-01-65.webp;12V4000M40A;36;65;020.00111;HEX SCREW;M 12 X180;0.165 KGM;SI;000931012213;000931012123, 197Y00017/1, X00028058;ok;importar;import_new;cumple condiciones para articulo nuevo;import_new;cumple condiciones para articulo nuevo;engine_12V4000M40A.json;1100689;36;000931012213;HEX SCREW;M 12 X180;0.165 KGM;SI;New;000931012213;000931012123, 197Y00017/1, X00028058;ok;importar;yes
007603026104;COPPER SEALING RING;007603026104;publish;"Engine: 12V4000M40A
Part Number: 007603026104
Designation: COPPER SEALING RING
Measurement: A 26 X 31
Weight: 0.003 KGM
Source Page: 36
BOM: 020.00111
Substitution Status: SI
New Part Number: 007603026104
Superseded List: 06561900726";COPPER SEALING RING;;12VM40A-24;12V4000M40A, New, importar;simple;https://milu-naval.mystagingwebsite.com/wp-content/uploads/2026/02/12V4000M40A-0036-01-25.webp;12V4000M40A;36;25;020.00111;COPPER SEALING RING;A 26 X 31;0.003 KGM;SI;007603026104;06561900726;ok;importar;import_new;cumple condiciones para articulo nuevo;import_new;cumple condiciones para articulo nuevo;engine_12V4000M40A.json;1101620;36;007603026104;COPPER SEALING RING;A 26 X 31;0.003 KGM;SI;New;007603026104;06561900726;ok;importar;yes
007603038101;COPPER SEALING RING;007603038101;publish;"Engine: 12V4000M40A
Part Number: 007603038101
Designation: COPPER SEALING RING
Measurement: A 38 X 44
Weight: 0.004 KGM
Source Page: 36
BOM: 020.00111
Substitution Status: SI
New Part Number: 007603038101
Superseded List: 007603038402, 4229970140";COPPER SEALING RING;;12VM40A-24;12V4000M40A, New, importar;simple;https://milu-naval.mystagingwebsite.com/wp-content/uploads/2026/02/12V4000M40A-0036-01-95.webp;12V4000M40A;36;95;020.00111;COPPER SEALING RING;A 38 X 44;0.004 KGM;SI;007603038101;007603038402, 4229970140;ok;importar;import_new;cumple condiciones para articulo nuevo;import_new;cumple condiciones para articulo nuevo;engine_12V4000M40A.json;1101643;36;007603038101;COPPER SEALING RING;A 38 X 44;0.004 KGM;SI;New;007603038101;007603038402, 4229970140;ok;importar;yes
735210014000;THREAD PLUG;735210014000;publish;"Engine: 12V4000M40A
Part Number: 735210014000
Designation: THREAD PLUG
Measurement: M 14 X 1,5
Weight: 0.019 KGM
Source Page: 37
BOM: 5240101933
Substitution Status: SI
New Part Number: 735210014000
Superseded List: 5319971432";THREAD PLUG;;12VM40A-24;12V4000M40A, New, importar;simple;https://milu-naval.mystagingwebsite.com/wp-content/uploads/2026/02/12V4000M40A-0037-01-100.webp;12V4000M40A;37;100;5240101933;THREAD PLUG;M 14 X 1,5;0.019 KGM;SI;735210014000;5319971432;ok;importar;import_new;cumple condiciones para articulo nuevo;import_new;cumple condiciones para articulo nuevo;engine_12V4000M40A.json;1102245;37;735210014000;THREAD PLUG;M 14 X 1,5;0.019 KGM;SI;New;735210014000;5319971432;ok;importar;yes
5240521002;GEAR IDLER;5240521002;publish;"Engine: 12V4000M40A
Part Number: 5240521002
Designation: GEAR IDLER
Measurement: 
Weight: 
Source Page: 38
BOM: 5240500705
Substitution Status: 
New Part Number: 
Superseded List: ";GEAR IDLER;;12VM40A-24;12V4000M40A, importar;simple;https://milu-naval.mystagingwebsite.com/wp-content/uploads/2026/02/12V4000M40A-0038-01-5.webp;12V4000M40A;38;5;5240500705;GEAR IDLER;;;;;;ok;importar;import_new;cumple condiciones para articulo nuevo | PN y designation_final validos, sin conflictos criticos;import_new;cumple condiciones para articulo nuevo | PN y designation_final validos, sin conflictos criticos;engine_12V4000M40A.json;1101081;38;5240521002;GEAR IDLER;;;;;;;ok;importar;yes
735221011000;O-RING;735221011000;publish;"Engine: 12V4000M40A
Part Number: 735221011000
Designation: O-RING
Measurement: 11,3 X 2,2 - M14X1,5
Weight: 0.001 KGM
Source Page: 39
BOM: 735210014000
Substitution Status: SI
New Part Number: 735221011000
Superseded List: 0005330280";O-RING;;12VM40A-24;12V4000M40A, New, importar;simple;https://milu-naval.mystagingwebsite.com/wp-content/uploads/2026/02/12V4000M40A-0039-01-10.webp;12V4000M40A;39;10;735210014000;O-RING;11,3 X 2,2 - M14X1,5;0.001 KGM;SI;735221011000;0005330280;ok;importar;import_new;cumple condiciones para articulo nuevo;import_new;cumple condiciones para articulo nuevo;engine_12V4000M40A.json;1102251;39;735221011000;O-RING;11,3 X 2,2 - M14X1,5;0.001 KGM;SI;New;735221011000;0005330280;ok;importar;yes
5260300105/30;FLYWHEEL;5260300105-30;publish;"Engine: 12V4000M40A
Part Number: 5260300105/30
Designation: FLYWHEEL
Measurement: 
Weight: 120 KGM
Source Page: 48
BOM: 030.00047
Substitution Status: 
New Part Number: 
Superseded List: ";FLYWHEEL;;12VM40A-32;12V4000M40A, importar;simple;https://milu-naval.mystagingwebsite.com/wp-content/uploads/2026/02/12V4000M40A-0048-01-45.webp;12V4000M40A;48;45;030.00047;FLYWHEEL;;120 KGM;;;;ok;importar;import_new;cumple condiciones para articulo nuevo | PN y designation_final validos, sin conflictos criticos;import_new;cumple condiciones para articulo nuevo | PN y designation_final validos, sin conflictos criticos;engine_12V4000M40A.json;1102408;48;5260300105/30;FLYWHEEL;;120 KGM;;;;;ok;importar;yes
Z=59.5X19X0.2;SHEET METAL;z-59-5x19x0-2;publish;"Engine: 12V4000M40A
Part Number: Z=59.5X19X0.2
Designation: SHEET METAL
Measurement: 
Weight: 
Source Page: 52
BOM: 0000352500
Substitution Status: 
New Part Number: 
Superseded List: ";SHEET METAL;;12VM40A-35;12V4000M40A, importar;simple;https://milu-naval.mystagingwebsite.com/wp-content/uploads/2026/02/12V4000M40A-0052-01-50.webp;12V4000M40A;52;50;0000352500;SHEET METAL;;;;;;ok;importar;import_new;cumple condiciones para articulo nuevo | PN y designation_final validos, sin conflictos criticos;import_new;cumple condiciones para articulo nuevo | PN y designation_final validos, sin conflictos criticos;engine_12V4000M40A.json;1102734;52;Z=59.5X19X0.2;SHEET METAL;;;;;;;ok;importar;yes
Z=DIN931 M18X90;HEX SCREW;z-din931-m18x90;publish;"Engine: 12V4000M40A
Part Number: Z=DIN931 M18X90
Designation: HEX SCREW
Measurement: M18X90
Weight: 0.214 KGM
Source Page: 52
BOM: 0000352500
Substitution Status: 
New Part Number: 
Superseded List: ";HEX SCREW;;12VM40A-35;12V4000M40A, importar;simple;https://milu-naval.mystagingwebsite.com/wp-content/uploads/2026/02/12V4000M40A-0052-01-55.webp;12V4000M40A;52;55;0000352500;HEX SCREW;M18X90;0.214 KGM;;;;ok;importar;import_new;cumple condiciones para articulo nuevo | PN y designation_final validos, sin conflictos criticos;import_new;cumple condiciones para articulo nuevo | PN y designation_final validos, sin conflictos criticos;engine_12V4000M40A.json;1102739;52;Z=DIN931 M18X90;HEX SCREW;M18X90;0.214 KGM;;;;;ok;importar;yes
Z=G1 04739;INNER STAR;z-g1-04739;publish;"Engine: 12V4000M40A
Part Number: Z=G1 04739
Designation: INNER STAR
Measurement: 
Weight: 9.4 KGM
Source Page: 52
BOM: 0000352500
Substitution Status: 
New Part Number: 
Superseded List: ";INNER STAR;;12VM40A-35;12V4000M40A, importar;simple;https://milu-naval.mystagingwebsite.com/wp-content/uploads/2026/02/12V4000M40A-0052-01-35.webp;12V4000M40A;52;35;0000352500;INNER STAR;;9.4 KGM;;;;ok;importar;import_new;cumple condiciones para articulo nuevo | PN y designation_final validos, sin conflictos criticos;import_new;cumple condiciones para articulo nuevo | PN y designation_final validos, sin conflictos criticos;engine_12V4000M40A.json;1102747;52;Z=G1 04739;INNER STAR;;9.4 KGM;;;;;ok;importar;yes
Z=G2 06610C;FLANGE;z-g2-06610c;publish;"Engine: 12V4000M40A
Part Number: Z=G2 06610C
Designation: FLANGE
Measurement: 
Weight: 21 KG
Source Page: 52
BOM: 0000352500
Substitution Status: 
New Part Number: 
Superseded List: ";FLANGE;;12VM40A-35;12V4000M40A, importar;simple;https://milu-naval.mystagingwebsite.com/wp-content/uploads/2026/02/12V4000M40A-0052-01-25.webp;12V4000M40A;52;25;0000352500;FLANGE;;21 KG;;;;ok;importar;import_new;cumple condiciones para articulo nuevo | PN y designation_final validos, sin conflictos criticos;import_new;cumple condiciones para articulo nuevo | PN y designation_final validos, sin conflictos criticos;engine_12V4000M40A.json;1102748;52;Z=G2 06610C;FLANGE;;21 KG;;;;;ok;importar;yes
Z=G2 06611B;SIDE PLATE;z-g2-06611b;publish;"Engine: 12V4000M40A
Part Number: Z=G2 06611B
Designation: SIDE PLATE
Measurement: 
Weight: 
Source Page: 52
BOM: 0000352500
Substitution Status: 
New Part Number: 
Superseded List: ";SIDE PLATE;;12VM40A-35;12V4000M40A, importar;simple;https://milu-naval.mystagingwebsite.com/wp-content/uploads/2026/02/12V4000M40A-0052-01-30.webp;12V4000M40A;52;30;0000352500;SIDE PLATE;;;;;;ok;importar;import_new;cumple condiciones para articulo nuevo | PN y designation_final validos, sin conflictos criticos;import_new;cumple condiciones para articulo nuevo | PN y designation_final validos, sin conflictos criticos;engine_12V4000M40A.json;1102749;52;Z=G2 06611B;SIDE PLATE;;;;;;;ok;importar;yes
Z=G3 05317A;SHIM;z-g3-05317a;publish;"Engine: 16V4000M61
Part Number: Z=G3 05317A
Designation: SHIM
Measurement: SATZ A 24 STÜC
Weight: 
Source Page: 47
BOM: 0000352500
Substitution Status: 
New Part Number: 
Superseded List: ";SHIM;;16VM61-35;16V4000M61, importar;simple;https://milu-naval.mystagingwebsite.com/wp-content/uploads/2026/02/16V4000M61-0047-01-45.webp;16V4000M61;47;45;0000352500;SHIM;SATZ A 24 STÜC;;;;;ok;importar;import_new;cumple condiciones para articulo nuevo | PN y designation_final validos, sin conflictos criticos;import_new;cumple condiciones para articulo nuevo | PN y designation_final validos, sin conflictos criticos;engine_16V4000M61.json;1300282;47;Z=G3 05317A;SHIM;SATZ A 24 STÜC;;;;;;ok;importar;yes
Z=G3 05317C;SPRING PACK;z-g3-05317c;publish;"Engine: 12V4000M40A
Part Number: Z=G3 05317C
Designation: SPRING PACK
Measurement: 
Weight: 
Source Page: 52
BOM: 0000352500
Substitution Status: 
New Part Number: 
Superseded List: ";SPRING PACK;;12VM40A-35;12V4000M40A, importar;simple;https://milu-naval.mystagingwebsite.com/wp-content/uploads/2026/02/12V4000M40A-0052-01-10.webp;12V4000M40A;52;10;0000352500;SPRING PACK;;;;;;ok;importar;import_new;cumple condiciones para articulo nuevo | PN y designation_final validos, sin conflictos criticos;import_new;cumple condiciones para articulo nuevo | PN y designation_final validos, sin conflictos criticos;engine_12V4000M40A.json;1102751;52;Z=G3 05317C;SPRING PACK;;;;;;;ok;importar;yes
Z=G3 05318C;INTERMEDIATE MEMBER;z-g3-05318c;publish;"Engine: 12V4000M40A
Part Number: Z=G3 05318C
Designation: INTERMEDIATE MEMBER
Measurement: 
Weight: 
Source Page: 52
BOM: 0000352500
Substitution Status: 
New Part Number: 
Superseded List: ";INTERMEDIATE MEMBER;;12VM40A-35;12V4000M40A, importar;simple;https://milu-naval.mystagingwebsite.com/wp-content/uploads/2026/02/12V4000M40A-0052-01-15.webp;12V4000M40A;52;15;0000352500;INTERMEDIATE MEMBER;;;;;;ok;importar;import_new;cumple condiciones para articulo nuevo | PN y designation_final validos, sin conflictos criticos;import_new;cumple condiciones para articulo nuevo | PN y designation_final validos, sin conflictos criticos;engine_12V4000M40A.json;1102752;52;Z=G3 05318C;INTERMEDIATE MEMBER;;;;;;;ok;importar;yes
Z=G4 10286;CLAMPING RING;z-g4-10286;publish;"Engine: 12V4000M40A
Part Number: Z=G4 10286
Designation: CLAMPING RING
Measurement: 
Weight: 
Source Page: 52
BOM: 0000352500
Substitution Status: 
New Part Number: 
Superseded List: ";CLAMPING RING;;12VM40A-35;12V4000M40A, importar;simple;https://milu-naval.mystagingwebsite.com/wp-content/uploads/2026/02/12V4000M40A-0052-01-20.webp;12V4000M40A;52;20;0000352500;CLAMPING RING;;;;;;ok;importar;import_new;cumple condiciones para articulo nuevo | PN y designation_final validos, sin conflictos criticos;import_new;cumple condiciones para articulo nuevo | PN y designation_final validos, sin conflictos criticos;engine_12V4000M40A.json;1102754;52;Z=G4 10286;CLAMPING RING;;;;;;;ok;importar;yes
000125017014;DISC;000125017014;publish;"Engine: 12V4000M40A
Part Number: 000125017014
Designation: DISC
Measurement: 16
Weight: 0.01 KGM
Source Page: 55
BOM: 030.00160
Substitution Status: SI
New Part Number: 000125017014
Superseded List: 000125017008, 000125017010, 000125017013, 06.15010-6116, 06150106116";DISC;;12VM40A-36;12V4000M40A, New, importar;simple;https://milu-naval.mystagingwebsite.com/wp-content/uploads/2026/02/12V4000M40A-0055-01-20.webp;12V4000M40A;55;20;030.00160;DISC;16;0.01 KGM;SI;000125017014;000125017008, 000125017010, 000125017013, 06.15010-6116, 06150106116;ok;importar;import_new;cumple condiciones para articulo nuevo;import_new;cumple condiciones para articulo nuevo;engine_12V4000M40A.json;1100534;55;000125017014;DISC;16;0.01 KGM;SI;New;000125017014;000125017008, 000125017010, 000125017013, 06.15010-6116, 06150106116;ok;importar;yes
X00040056;CONROD CAP;x00040056;publish;"Engine: 12V4000M70
Part Number: X00040056
Designation: CONROD CAP
Measurement: nan
Weight: 
Source Page: 76
BOM: X52603800003
Substitution Status: 
New Part Number: 
Superseded List: ";CONROD CAP;;12VM70-38;12V4000M70, importar;simple;https://milu-naval.mystagingwebsite.com/wp-content/uploads/2026/01/sin_imagen.jpeg;12V4000M70;76;100;X52603800003;CONROD CAP;nan;;;;;ok;importar;import_new;cumple condiciones para articulo nuevo | PN y designation_final validos, sin conflictos criticos;import_new;cumple condiciones para articulo nuevo | PN y designation_final validos, sin conflictos criticos;engine_12V4000M70.json;1900367;76;X00040056;CONROD CAP;nan;;;;;;ok;importar;yes
5240163101;CYLINDER HEAD;5240163101;publish;"Engine: 12V4000M40A
Part Number: 5240163101
Designation: CYLINDER HEAD
Measurement: 
Weight: 45 KG
Source Page: 65
BOM: 5240106920
Substitution Status: 
New Part Number: 
Superseded List: ";CYLINDER HEAD;;12VM40A-41;12V4000M40A, importar;simple;https://milu-naval.mystagingwebsite.com/wp-content/uploads/2026/02/12V4000M40A-0065-01-5.webp;12V4000M40A;65;5;5240106920;CYLINDER HEAD;;45 KG;;;;ok;importar;import_new;cumple condiciones para articulo nuevo | PN y designation_final validos, sin conflictos criticos;import_new;cumple condiciones para articulo nuevo | PN y designation_final validos, sin conflictos criticos;engine_12V4000M40A.json;1101001;65;5240163101;CYLINDER HEAD;;45 KG;;;;;ok;importar;yes
007603014102;SEAL RING;007603014102;publish;"Engine: 12V4000M40A
Part Number: 007603014102
Designation: SEAL RING
Measurement: A 14 X 18
Weight: 0.001 KGM
Source Page: 65
BOM: 5240106920
Substitution Status: SI
New Part Number: 007603014102
Superseded List: 0019977040, 005001, 007603014101, 06.56190-0705, 11.20087-2026, XP57220200108";SEAL RING;;12VM40A-41;12V4000M40A, New, importar;simple;https://milu-naval.mystagingwebsite.com/wp-content/uploads/2026/02/12V4000M40A-0065-01-55.webp;12V4000M40A;65;55;5240106920;SEAL RING;A 14 X 18;0.001 KGM;SI;007603014102;0019977040, 005001, 007603014101, 06.56190-0705, 11.20087-2026, XP57220200108;ok;importar;import_new;cumple condiciones para articulo nuevo;import_new;cumple condiciones para articulo nuevo;engine_12V4000M40A.json;1101574;65;007603014102;SEAL RING;A 14 X 18;0.001 KGM;SI;New;007603014102;0019977040, 005001, 007603014101, 06.56190-0705, 11.20087-2026, XP57220200108;ok;importar;yes
5240550701;ROCKER ARM INLET;5240550701;publish;"Engine: 12V4000M40A
Part Number: 5240550701
Designation: ROCKER ARM INLET
Measurement: 
Weight: 
Source Page: 74
BOM: 5240500433
Substitution Status: 
New Part Number: 
Superseded List: ";ROCKER ARM INLET;;12VM40A-55;12V4000M40A, importar;simple;https://milu-naval.mystagingwebsite.com/wp-content/uploads/2026/02/12V4000M40A-0074-01-5.webp;12V4000M40A;74;5;5240500433;ROCKER ARM INLET;;;;;;ok;importar;import_new;cumple condiciones para articulo nuevo | PN y designation_final validos, sin conflictos criticos;import_new;cumple condiciones para articulo nuevo | PN y designation_final validos, sin conflictos criticos;engine_12V4000M40A.json;1101103;74;5240550701;ROCKER ARM INLET;;;;;;;ok;importar;yes
304017008085;HEX SCREW;304017008085;publish;"Engine: 12V4000M40A
Part Number: 304017008085
Designation: HEX SCREW
Measurement: M 8 X 40
Weight: 0.018 KGM
Source Page: 92
BOM: 070.00058
Substitution Status: SI
New Part Number: 304017008085
Superseded List: 000931008057, 000931008058, 000931008266, 000933008082, 000933008111, 000933008160, 06.01013-1113";HEX SCREW;;12VM40A-77;12V4000M40A, New, importar;simple;https://milu-naval.mystagingwebsite.com/wp-content/uploads/2026/02/12V4000M40A-0091-01-210.webp;12V4000M40A;92;210;070.00058;HEX SCREW;M 8 X 40;0.018 KGM;SI;304017008085;000931008057, 000931008058, 000931008266, 000933008082, 000933008111, 000933008160, 06.01013-1113;ok;importar;import_new;cumple condiciones para articulo nuevo;import_new;cumple condiciones para articulo nuevo;engine_12V4000M40A.json;1101867;92;304017008085;HEX SCREW;M 8 X 40;0.018 KGM;SI;New;304017008085;000931008057, 000931008058, 000931008266, 000933008082, 000933008111, 000933008160, 06.01013-1113;ok;importar;yes
000934010005;NUT HEX;000934010005;publish;"Engine: 12V4000M40A
Part Number: 000934010005
Designation: NUT HEX
Measurement: M 10
Weight: 0.01 KGM
Source Page: 97
BOM: XS527080.00011
Substitution Status: SI
New Part Number: 000934010005
Superseded List: 0000770072, 000934010000, 000934010014, 000934010025, 06.11064-0115, 06.11184-0115, 06111840115";NUT HEX;;12VM40A-80;12V4000M40A, New, importar;simple;https://milu-naval.mystagingwebsite.com/wp-content/uploads/2026/02/12V4000M40A-0097-01-460.webp;12V4000M40A;97;460;XS527080.00011;NUT HEX;M 10;0.01 KGM;SI;000934010005;0000770072, 000934010000, 000934010014, 000934010025, 06.11064-0115, 06.11184-0115, 06111840115;ok;importar;import_new;cumple condiciones para articulo nuevo;import_new;cumple condiciones para articulo nuevo;engine_12V4000M40A.json;1100827;97;000934010005;NUT HEX;M 10;0.01 KGM;SI;New;000934010005;0000770072, 000934010000, 000934010014, 000934010025, 06.11064-0115, 06.11184-0115, 06111840115;ok;importar;yes
0023912760297149;PIPE;0023912760297149;publish;"Engine: 12V4000M40A
Part Number: 0023912760297149
Designation: PIPE
Measurement: 
Weight: 
Source Page: 97
BOM: XS527080.00011
Substitution Status: 
New Part Number: 
Superseded List: ";PIPE;;12VM40A-80;12V4000M40A, importar;simple;https://milu-naval.mystagingwebsite.com/wp-content/uploads/2026/02/12V4000M40A-0097-01-160.webp;12V4000M40A;97;160;XS527080.00011;PIPE;;;;;;ok;importar;import_new;cumple condiciones para articulo nuevo | PN y designation_final validos, sin conflictos criticos;import_new;cumple condiciones para articulo nuevo | PN y designation_final validos, sin conflictos criticos;engine_12V4000M40A.json;1102361;97;0023912760297149;PIPE;;;;;;;ok;importar;yes
000000001464;HEX SCREW;000000001464;publish;"Engine: 12V4000M40A
Part Number: 000000001464
Designation: HEX SCREW
Measurement: M 10 X 30
Weight: 0.025 KGM
Source Page: 98
BOM: XS527080.00011
Substitution Status: 
New Part Number: 
Superseded List: ";HEX SCREW;;12VM40A-80;12V4000M40A, importar;simple;https://milu-naval.mystagingwebsite.com/wp-content/uploads/2026/02/12V4000M40A-0097-01-760.webp;12V4000M40A;98;760;XS527080.00011;HEX SCREW;M 10 X 30;0.025 KGM;;;;ok;importar;import_new;cumple condiciones para articulo nuevo | PN y designation_final validos, sin conflictos criticos;import_new;cumple condiciones para articulo nuevo | PN y designation_final validos, sin conflictos criticos;engine_12V4000M40A.json;1100061;98;000000001464;HEX SCREW;M 10 X 30;0.025 KGM;;;;;ok;importar;yes
304017008088;HEX SCREW;304017008088;publish;"Engine: 12V4000M40A
Part Number: 304017008088
Designation: HEX SCREW
Measurement: M 8 X 55
Weight: 0.022 KGM
Source Page: 104
BOM: X00030241
Substitution Status: SI
New Part Number: 304017008088
Superseded List: 000933008098, 000933008135";HEX SCREW;;12VM40A-81;12V4000M40A, New, importar;simple;https://milu-naval.mystagingwebsite.com/wp-content/uploads/2026/02/12V4000M40A-0103-02-760.webp;12V4000M40A;104;760;X00030241;HEX SCREW;M 8 X 55;0.022 KGM;SI;304017008088;000933008098, 000933008135;ok;importar;import_new;cumple condiciones para articulo nuevo;import_new;cumple condiciones para articulo nuevo;engine_12V4000M40A.json;1101896;104;304017008088;HEX SCREW;M 8 X 55;0.022 KGM;SI;New;304017008088;000933008098, 000933008135;ok;importar;yes
915001016004;NUT 16 M26X1.5 BL.GE OELT;915001016004;publish;"Engine: 12V4000M40A
Part Number: 915001016004
Designation: NUT 16 M26X1.5 BL.GE OELT
Measurement: 16 M 26 X 1,5
Weight: 0.038 KGM
Source Page: 104
BOM: X00030241
Substitution Status: SI
New Part Number: 915001016004
Superseded List: 915001016000";NUT 16 M26X1.5 BL.GE OELT;;12VM40A-81;12V4000M40A, New, importar;simple;https://milu-naval.mystagingwebsite.com/wp-content/uploads/2026/02/12V4000M40A-0102-01-225.webp;12V4000M40A;104;225;X00030241;NUT 16 M26X1.5 BL.GE OELT;16 M 26 X 1,5;0.038 KGM;SI;915001016004;915001016000;ok;importar;import_new;cumple condiciones para articulo nuevo;import_new;cumple condiciones para articulo nuevo;engine_12V4000M40A.json;1102278;104;915001016004;NUT 16 M26X1.5 BL.GE OELT;16 M 26 X 1,5;0.038 KGM;SI;New;915001016004;915001016000;ok;importar;yes
915005016000;SEALING CONE;915005016000;publish;"Engine: 12V4000M40A
Part Number: 915005016000
Designation: SEALING CONE
Measurement: 18
Weight: 0.011 KGM
Source Page: 104
BOM: X00030241
Substitution Status: 
New Part Number: 
Superseded List: ";SEALING CONE;;12VM40A-81;12V4000M40A, importar;simple;https://milu-naval.mystagingwebsite.com/wp-content/uploads/2026/02/12V4000M40A-0102-01-200.webp;12V4000M40A;104;200;X00030241;SEALING CONE;18;0.011 KGM;;;;ok;importar;import_new;cumple condiciones para articulo nuevo | PN y designation_final validos, sin conflictos criticos;import_new;cumple condiciones para articulo nuevo | PN y designation_final validos, sin conflictos criticos;engine_12V4000M40A.json;1102317;104;915005016000;SEALING CONE;18;0.011 KGM;;;;;ok;importar;yes
000000003020;HEX SCREW;000000003020;publish;"Engine: 12V4000M40A
Part Number: 000000003020
Designation: HEX SCREW
Measurement: M 10 X 20
Weight: 0.02 KGM
Source Page: 105
BOM: X00030241
Substitution Status: 
New Part Number: 
Superseded List: ";HEX SCREW;;12VM40A-81;12V4000M40A, importar;simple;https://milu-naval.mystagingwebsite.com/wp-content/uploads/2026/02/12V4000M40A-0103-01-1525.webp;12V4000M40A;105;1525;X00030241;HEX SCREW;M 10 X 20;0.02 KGM;;;;ok;importar;import_new;cumple condiciones para articulo nuevo | PN y designation_final validos, sin conflictos criticos;import_new;cumple condiciones para articulo nuevo | PN y designation_final validos, sin conflictos criticos;engine_12V4000M40A.json;1100065;105;000000003020;HEX SCREW;M 10 X 20;0.02 KGM;;;;;ok;importar;yes
000908014001;SCREW PLUG;000908014001;publish;"Engine: 12V4000M40A
Part Number: 000908014001
Designation: SCREW PLUG
Measurement: M 14 X 1,5
Weight: 0.017 KGM
Source Page: 105
BOM: X00030241
Substitution Status: SI
New Part Number: 000908014001
Superseded List: 000908014000, 000908014001M, 06.08040-0103, 06080420603, DDE N000908014000";SCREW PLUG;;12VM40A-81;12V4000M40A, New, importar;simple;https://milu-naval.mystagingwebsite.com/wp-content/uploads/2026/02/12V4000M40A-0103-01-1450.webp;12V4000M40A;105;1450;X00030241;SCREW PLUG;M 14 X 1,5;0.017 KGM;SI;000908014001;000908014000, 000908014001M, 06.08040-0103, 06080420603, DDE N000908014000;ok;importar;import_new;cumple condiciones para articulo nuevo;import_new;cumple condiciones para articulo nuevo;engine_12V4000M40A.json;1100602;105;000908014001;SCREW PLUG;M 14 X 1,5;0.017 KGM;SI;New;000908014001;000908014000, 000908014001M, 06.08040-0103, 06080420603, DDE N000908014000;ok;importar;yes
007349010002;WASHER;007349010002;publish;"Engine: 12V4000M40A
Part Number: 007349010002
Designation: WASHER
Measurement: 10,5
Weight: 0.011 KGM
Source Page: 105
BOM: X00030241
Substitution Status: SI
New Part Number: 007349010002
Superseded List: 0007349010002, 007349010003, 5241420052, 5241870376, 8371810162";WASHER;;12VM40A-81;12V4000M40A, New, importar;simple;https://milu-naval.mystagingwebsite.com/wp-content/uploads/2026/02/12V4000M40A-0103-01-1550.webp;12V4000M40A;105;1550;X00030241;WASHER;10,5;0.011 KGM;SI;007349010002;0007349010002, 007349010003, 5241420052, 5241870376, 8371810162;ok;importar;import_new;cumple condiciones para articulo nuevo;import_new;cumple condiciones para articulo nuevo;engine_12V4000M40A.json;1101564;105;007349010002;WASHER;10,5;0.011 KGM;SI;New;007349010002;0007349010002, 007349010003, 5241420052, 5241870376, 8371810162;ok;importar;yes
304017008084;HEX SCREW;304017008084;publish;"Engine: 12V4000M40A
Part Number: 304017008084
Designation: HEX SCREW
Measurement: M 8 X 35
Weight: 0.016 KGM
Source Page: 120
BOM: X00039534
Substitution Status: SI
New Part Number: 304017008084
Superseded List: 000931008045, 000931008046, 000931008047, 000933008080, 000933008118, 000933008150";HEX SCREW;;12VM40A-101;12V4000M40A, New, importar;simple;https://milu-naval.mystagingwebsite.com/wp-content/uploads/2026/02/12V4000M40A-0119-02-450.webp;12V4000M40A;120;450;X00039534;HEX SCREW;M 8 X 35;0.016 KGM;SI;304017008084;000931008045, 000931008046, 000931008047, 000933008080, 000933008118, 000933008150;ok;importar;import_new;cumple condiciones para articulo nuevo;import_new;cumple condiciones para articulo nuevo;engine_12V4000M40A.json;1101860;120;304017008084;HEX SCREW;M 8 X 35;0.016 KGM;SI;New;304017008084;000931008045, 000931008046, 000931008047, 000933008080, 000933008118, 000933008150;ok;importar;yes
5240982037;HOUSING INTAKE LB;5240982037;publish;"Engine: 12V4000M40A
Part Number: 5240982037
Designation: HOUSING INTAKE LB
Measurement: 1 PC EM
Weight: 
Source Page: 136
BOM: X52612300008
Substitution Status: 
New Part Number: 
Superseded List: ";HOUSING INTAKE LB;;12VM40A-120;12V4000M40A, importar;simple;https://milu-naval.mystagingwebsite.com/wp-content/uploads/2026/02/12V4000M40A-0136-01-50.webp;12V4000M40A;136;50;X52612300008;HOUSING INTAKE LB;1 PC EM;;;;;ok;importar;import_new;cumple condiciones para articulo nuevo | PN y designation_final validos, sin conflictos criticos;import_new;cumple condiciones para articulo nuevo | PN y designation_final validos, sin conflictos criticos;engine_12V4000M40A.json;1101157;136;5240982037;HOUSING INTAKE LB;1 PC EM;;;;;;ok;importar;yes
5271400314;ELBOW EXHAUST ASM LEFT 90DEG;5271400314;publish;"Engine: 12V4000M40A
Part Number: 5271400314
Designation: ELBOW EXHAUST ASM LEFT 90DEG
Measurement: 
Weight: 14,760 KG
Source Page: 162
BOM: 140.00073
Substitution Status: 
New Part Number: 
Superseded List: ";ELBOW EXHAUST ASM LEFT 90DEG;;12VM40A-145;12V4000M40A, importar;simple;https://milu-naval.mystagingwebsite.com/wp-content/uploads/2026/02/12V4000M40A-0162-01-10.webp;12V4000M40A;162;10;140.00073;ELBOW EXHAUST ASM LEFT 90DEG;;14,760 KG;;;;ok;importar;import_new;cumple condiciones para articulo nuevo | PN y designation_final validos, sin conflictos criticos;import_new;cumple condiciones para articulo nuevo | PN y designation_final validos, sin conflictos criticos;engine_12V4000M40A.json;1101399;162;5271400314;ELBOW EXHAUST ASM LEFT 90DEG;;14,760 KG;;;;;ok;importar;yes
5271400414;ELBOW EXHAUST ASM RIGHT 90DEG;5271400414;publish;"Engine: 12V4000M40A
Part Number: 5271400414
Designation: ELBOW EXHAUST ASM RIGHT 90DEG
Measurement: 
Weight: 14,760 KG
Source Page: 162
BOM: 140.00073
Substitution Status: 
New Part Number: 
Superseded List: ";ELBOW EXHAUST ASM RIGHT 90DEG;;12VM40A-145;12V4000M40A, importar;simple;https://milu-naval.mystagingwebsite.com/wp-content/uploads/2026/02/12V4000M40A-0162-01-15.webp;12V4000M40A;162;15;140.00073;ELBOW EXHAUST ASM RIGHT 90DEG;;14,760 KG;;;;ok;importar;import_new;cumple condiciones para articulo nuevo | PN y designation_final validos, sin conflictos criticos;import_new;cumple condiciones para articulo nuevo | PN y designation_final validos, sin conflictos criticos;engine_12V4000M40A.json;1101400;162;5271400414;ELBOW EXHAUST ASM RIGHT 90DEG;;14,760 KG;;;;;ok;importar;yes
007603042101;COPPER SEALING RING;007603042101;publish;"Engine: 12V4000M40A
Part Number: 007603042101
Designation: COPPER SEALING RING
Measurement: A 42 X 49
Weight: 0.007 KGM
Source Page: 169
BOM: 170.00005
Substitution Status: SI
New Part Number: 007603042101
Superseded List: 06.56514-0138";COPPER SEALING RING;;12VM40A-173;12V4000M40A, New, importar;simple;https://milu-naval.mystagingwebsite.com/wp-content/uploads/2026/02/12V4000M40A-0169-01-37.webp;12V4000M40A;169;37;170.00005;COPPER SEALING RING;A 42 X 49;0.007 KGM;SI;007603042101;06.56514-0138;ok;importar;import_new;cumple condiciones para articulo nuevo;import_new;cumple condiciones para articulo nuevo;engine_12V4000M40A.json;1101650;169;007603042101;COPPER SEALING RING;A 42 X 49;0.007 KGM;SI;New;007603042101;06.56514-0138;ok;importar;yes
X00042474;COVER;x00042474;publish;"Engine: 12V4000M40A
Part Number: X00042474
Designation: COVER
Measurement: 
Weight: 
Source Page: 171
BOM: X00019778
Substitution Status: 
New Part Number: 
Superseded List: ";COVER;;12VM40A-173;12V4000M40A, importar;simple;https://milu-naval.mystagingwebsite.com/wp-content/uploads/2026/02/12V4000M40A-0170-01-70.webp;12V4000M40A;171;70;X00019778;COVER;;;;;;ok;importar;import_new;cumple condiciones para articulo nuevo | PN y designation_final validos, sin conflictos criticos;import_new;cumple condiciones para articulo nuevo | PN y designation_final validos, sin conflictos criticos;engine_12V4000M40A.json;1102539;171;X00042474;COVER;;;;;;;ok;importar;yes
X00042476;MALE CONNECTOR;x00042476;publish;"Engine: 12V4000M40A
Part Number: X00042476
Designation: MALE CONNECTOR
Measurement: 
Weight: 
Source Page: 171
BOM: X00019778
Substitution Status: 
New Part Number: 
Superseded List: ";MALE CONNECTOR;;12VM40A-173;12V4000M40A, importar;simple;https://milu-naval.mystagingwebsite.com/wp-content/uploads/2026/02/12V4000M40A-0170-01-190.webp;12V4000M40A;171;190;X00019778;MALE CONNECTOR;;;;;;ok;importar;import_new;cumple condiciones para articulo nuevo | PN y designation_final validos, sin conflictos criticos;import_new;cumple condiciones para articulo nuevo | PN y designation_final validos, sin conflictos criticos;engine_12V4000M40A.json;1102540;171;X00042476;MALE CONNECTOR;;;;;;;ok;importar;yes
X00042477;SCREW;x00042477;publish;"Engine: 12V4000M40A
Part Number: X00042477
Designation: SCREW
Measurement: 
Weight: 
Source Page: 171
BOM: X00019778
Substitution Status: 
New Part Number: 
Superseded List: ";SCREW;;12VM40A-173;12V4000M40A, importar;simple;https://milu-naval.mystagingwebsite.com/wp-content/uploads/2026/02/12V4000M40A-0170-01-210.webp;12V4000M40A;171;210;X00019778;SCREW;;;;;;ok;importar;import_new;cumple condiciones para articulo nuevo | PN y designation_final validos, sin conflictos criticos;import_new;cumple condiciones para articulo nuevo | PN y designation_final validos, sin conflictos criticos;engine_12V4000M40A.json;1102541;171;X00042477;SCREW;;;;;;;ok;importar;yes
X00042727;WASHER;x00042727;publish;"Engine: 12V4000M40A
Part Number: X00042727
Designation: WASHER
Measurement: 
Weight: 
Source Page: 171
BOM: X00019778
Substitution Status: 
New Part Number: 
Superseded List: ";WASHER;;12VM40A-173;12V4000M40A, importar;simple;https://milu-naval.mystagingwebsite.com/wp-content/uploads/2026/02/12V4000M40A-0170-01-100.webp;12V4000M40A;171;100;X00019778;WASHER;;;;;;ok;importar;import_new;cumple condiciones para articulo nuevo | PN y designation_final validos, sin conflictos criticos;import_new;cumple condiciones para articulo nuevo | PN y designation_final validos, sin conflictos criticos;engine_12V4000M40A.json;1102570;171;X00042727;WASHER;;;;;;;ok;importar;yes
X00042736;TRANSPORTATION LOCK;x00042736;publish;"Engine: 12V4000M40A
Part Number: X00042736
Designation: TRANSPORTATION LOCK
Measurement: 
Weight: 
Source Page: 171
BOM: X00019778
Substitution Status: 
New Part Number: 
Superseded List: ";TRANSPORTATION LOCK;;12VM40A-173;12V4000M40A, importar;simple;https://milu-naval.mystagingwebsite.com/wp-content/uploads/2026/02/12V4000M40A-0170-01-135.webp;12V4000M40A;171;135;X00019778;TRANSPORTATION LOCK;;;;;;ok;importar;import_new;cumple condiciones para articulo nuevo | PN y designation_final validos, sin conflictos criticos;import_new;cumple condiciones para articulo nuevo | PN y designation_final validos, sin conflictos criticos;engine_12V4000M40A.json;1102572;171;X00042736;TRANSPORTATION LOCK;;;;;;;ok;importar;yes
X00042737;TRANSPORTATION LOCK;x00042737;publish;"Engine: 12V4000M40A
Part Number: X00042737
Designation: TRANSPORTATION LOCK
Measurement: 
Weight: 
Source Page: 171
BOM: X00019778
Substitution Status: 
New Part Number: 
Superseded List: ";TRANSPORTATION LOCK;;12VM40A-173;12V4000M40A, importar;simple;https://milu-naval.mystagingwebsite.com/wp-content/uploads/2026/02/12V4000M40A-0170-01-140.webp;12V4000M40A;171;140;X00019778;TRANSPORTATION LOCK;;;;;;ok;importar;import_new;cumple condiciones para articulo nuevo | PN y designation_final validos, sin conflictos criticos;import_new;cumple condiciones para articulo nuevo | PN y designation_final validos, sin conflictos criticos;engine_12V4000M40A.json;1102573;171;X00042737;TRANSPORTATION LOCK;;;;;;;ok;importar;yes
X00042738;DRIVER;x00042738;publish;"Engine: 12V4000M40A
Part Number: X00042738
Designation: DRIVER
Measurement: 
Weight: 
Source Page: 171
BOM: X00019778
Substitution Status: 
New Part Number: 
Superseded List: ";DRIVER;;12VM40A-173;12V4000M40A, importar;simple;https://milu-naval.mystagingwebsite.com/wp-content/uploads/2026/02/12V4000M40A-0170-01-200.webp;12V4000M40A;171;200;X00019778;DRIVER;;;;;;ok;importar;import_new;cumple condiciones para articulo nuevo | PN y designation_final validos, sin conflictos criticos;import_new;cumple condiciones para articulo nuevo | PN y designation_final validos, sin conflictos criticos;engine_12V4000M40A.json;1102574;171;X00042738;DRIVER;;;;;;;ok;importar;yes
Z=0071 030;SCREW;z-0071-030;publish;"Engine: 12V4000M40A
Part Number: Z=0071 030
Designation: SCREW
Measurement: 
Weight: 
Source Page: 171
BOM: X00019778
Substitution Status: 
New Part Number: 
Superseded List: ";SCREW;;12VM40A-173;12V4000M40A, importar;simple;https://milu-naval.mystagingwebsite.com/wp-content/uploads/2026/02/12V4000M40A-0170-01-60.webp;12V4000M40A;171;60;X00019778;SCREW;;;;;;ok;importar;import_new;cumple condiciones para articulo nuevo | PN y designation_final validos, sin conflictos criticos;import_new;cumple condiciones para articulo nuevo | PN y designation_final validos, sin conflictos criticos;engine_12V4000M40A.json;1102687;171;Z=0071 030;SCREW;;;;;;;ok;importar;yes
Z=0121 218;LOCKNUT;z-0121-218;publish;"Engine: 12V4000M40A
Part Number: Z=0121 218
Designation: LOCKNUT
Measurement: 
Weight: 0.011 KGM
Source Page: 171
BOM: X00019778
Substitution Status: 
New Part Number: 
Superseded List: ";LOCKNUT;;12VM40A-173;12V4000M40A, importar;simple;https://milu-naval.mystagingwebsite.com/wp-content/uploads/2026/02/12V4000M40A-0170-01-110.webp;12V4000M40A;171;110;X00019778;LOCKNUT;;0.011 KGM;;;;ok;importar;import_new;cumple condiciones para articulo nuevo | PN y designation_final validos, sin conflictos criticos;import_new;cumple condiciones para articulo nuevo | PN y designation_final validos, sin conflictos criticos;engine_12V4000M40A.json;1102688;171;Z=0121 218;LOCKNUT;;0.011 KGM;;;;;ok;importar;yes
Z=0151 225;WASHER;z-0151-225;publish;"Engine: 12V4000M40A
Part Number: Z=0151 225
Designation: WASHER
Measurement: 
Weight: 
Source Page: 171
BOM: X00019778
Substitution Status: 
New Part Number: 
Superseded List: ";WASHER;;12VM40A-173;12V4000M40A, importar;simple;https://milu-naval.mystagingwebsite.com/wp-content/uploads/2026/02/12V4000M40A-0170-01-120.webp;12V4000M40A;171;120;X00019778;WASHER;;;;;;ok;importar;import_new;cumple condiciones para articulo nuevo | PN y designation_final validos, sin conflictos criticos;import_new;cumple condiciones para articulo nuevo | PN y designation_final validos, sin conflictos criticos;engine_12V4000M40A.json;1102689;171;Z=0151 225;WASHER;;;;;;;ok;importar;yes
Z=0275 902;SNAP RING;z-0275-902;publish;"Engine: 12V4000M40A
Part Number: Z=0275 902
Designation: SNAP RING
Measurement: 
Weight: 0.009 KGM
Source Page: 171
BOM: X00019778
Substitution Status: 
New Part Number: 
Superseded List: ";SNAP RING;;12VM40A-173;12V4000M40A, importar;simple;https://milu-naval.mystagingwebsite.com/wp-content/uploads/2026/02/12V4000M40A-0170-01-40.webp;12V4000M40A;171;40;X00019778;SNAP RING;;0.009 KGM;;;;ok;importar;import_new;cumple condiciones para articulo nuevo | PN y designation_final validos, sin conflictos criticos;import_new;cumple condiciones para articulo nuevo | PN y designation_final validos, sin conflictos criticos;engine_12V4000M40A.json;1102690;171;Z=0275 902;SNAP RING;;0.009 KGM;;;;;ok;importar;yes
Z=0820 707;CYLINDRICAL ROLLER;z-0820-707;publish;"Engine: 12V4000M40A
Part Number: Z=0820 707
Designation: CYLINDRICAL ROLLER
Measurement: SATZ A 25 STÜCK PRO ANLASSER
Weight: 0.002 KGM
Source Page: 171
BOM: X00019778
Substitution Status: 
New Part Number: 
Superseded List: ";CYLINDRICAL ROLLER;;12VM40A-173;12V4000M40A, importar;simple;https://milu-naval.mystagingwebsite.com/wp-content/uploads/2026/02/12V4000M40A-0170-01-90.webp;12V4000M40A;171;90;X00019778;CYLINDRICAL ROLLER;SATZ A 25 STÜCK PRO ANLASSER;0.002 KGM;;;;ok;importar;import_new;cumple condiciones para articulo nuevo | PN y designation_final validos, sin conflictos criticos;import_new;cumple condiciones para articulo nuevo | PN y designation_final validos, sin conflictos criticos;engine_12V4000M40A.json;1102700;171;Z=0820 707;CYLINDRICAL ROLLER;SATZ A 25 STÜCK PRO ANLASSER;0.002 KGM;;;;;ok;importar;yes
Z=0924 520;NEEDLE BEARING;z-0924-520;publish;"Engine: 12V4000M40A
Part Number: Z=0924 520
Designation: NEEDLE BEARING
Measurement: 
Weight: 0.084 KGM
Source Page: 171
BOM: X00019778
Substitution Status: 
New Part Number: 
Superseded List: ";NEEDLE BEARING;;12VM40A-173;12V4000M40A, importar;simple;https://milu-naval.mystagingwebsite.com/wp-content/uploads/2026/02/12V4000M40A-0170-01-50.webp;12V4000M40A;171;50;X00019778;NEEDLE BEARING;;0.084 KGM;;;;ok;importar;import_new;cumple condiciones para articulo nuevo | PN y designation_final validos, sin conflictos criticos;import_new;cumple condiciones para articulo nuevo | PN y designation_final validos, sin conflictos criticos;engine_12V4000M40A.json;1102701;171;Z=0924 520;NEEDLE BEARING;;0.084 KGM;;;;;ok;importar;yes
Z=5125 013;PRESSURE SPRING;z-5125-013;publish;"Engine: 12V4000M40A
Part Number: Z=5125 013
Designation: PRESSURE SPRING
Measurement: 
Weight: 
Source Page: 171
BOM: X00019778
Substitution Status: 
New Part Number: 
Superseded List: ";PRESSURE SPRING;;12VM40A-173;12V4000M40A, importar;simple;https://milu-naval.mystagingwebsite.com/wp-content/uploads/2026/02/12V4000M40A-0170-01-150.webp;12V4000M40A;171;150;X00019778;PRESSURE SPRING;;;;;;ok;importar;import_new;cumple condiciones para articulo nuevo | PN y designation_final validos, sin conflictos criticos;import_new;cumple condiciones para articulo nuevo | PN y designation_final validos, sin conflictos criticos;engine_12V4000M40A.json;1102723;171;Z=5125 013;PRESSURE SPRING;;;;;;;ok;importar;yes
X00042480;NUT;x00042480;publish;"Engine: 12V4000M40A
Part Number: X00042480
Designation: NUT
Measurement: 
Weight: 
Source Page: 172
BOM: X00019778
Substitution Status: 
New Part Number: 
Superseded List: ";NUT;;12VM40A-173;12V4000M40A, importar;simple;https://milu-naval.mystagingwebsite.com/wp-content/uploads/2026/02/12V4000M40A-0171-01-270.webp;12V4000M40A;172;270;X00019778;NUT;;;;;;ok;importar;import_new;cumple condiciones para articulo nuevo | PN y designation_final validos, sin conflictos criticos;import_new;cumple condiciones para articulo nuevo | PN y designation_final validos, sin conflictos criticos;engine_12V4000M40A.json;1102543;172;X00042480;NUT;;;;;;;ok;importar;yes
X00042481;NUT;x00042481;publish;"Engine: 12V4000M40A
Part Number: X00042481
Designation: NUT
Measurement: 
Weight: 
Source Page: 172
BOM: X00019778
Substitution Status: 
New Part Number: 
Superseded List: ";NUT;;12VM40A-173;12V4000M40A, importar;simple;https://milu-naval.mystagingwebsite.com/wp-content/uploads/2026/02/12V4000M40A-0171-01-290.webp;12V4000M40A;172;290;X00019778;NUT;;;;;;ok;importar;import_new;cumple condiciones para articulo nuevo | PN y designation_final validos, sin conflictos criticos;import_new;cumple condiciones para articulo nuevo | PN y designation_final validos, sin conflictos criticos;engine_12V4000M40A.json;1102544;172;X00042481;NUT;;;;;;;ok;importar;yes
X00042485;NUT;x00042485;publish;"Engine: 12V4000M40A
Part Number: X00042485
Designation: NUT
Measurement: 
Weight: 
Source Page: 172
BOM: X00019778
Substitution Status: 
New Part Number: 
Superseded List: ";NUT;;12VM40A-173;12V4000M40A, importar;simple;https://milu-naval.mystagingwebsite.com/wp-content/uploads/2026/02/12V4000M40A-0170-02-420.webp;12V4000M40A;172;420;X00019778;NUT;;;;;;ok;importar;import_new;cumple condiciones para articulo nuevo | PN y designation_final validos, sin conflictos criticos;import_new;cumple condiciones para articulo nuevo | PN y designation_final validos, sin conflictos criticos;engine_12V4000M40A.json;1102545;172;X00042485;NUT;;;;;;;ok;importar;yes
X00042486;PIN;x00042486;publish;"Engine: 12V4000M40A
Part Number: X00042486
Designation: PIN
Measurement: 
Weight: 
Source Page: 172
BOM: X00019778
Substitution Status: 
New Part Number: 
Superseded List: ";PIN;;12VM40A-173;12V4000M40A, importar;simple;https://milu-naval.mystagingwebsite.com/wp-content/uploads/2026/02/12V4000M40A-0171-01-570.webp;12V4000M40A;172;570;X00019778;PIN;;;;;;ok;importar;import_new;cumple condiciones para articulo nuevo | PN y designation_final validos, sin conflictos criticos;import_new;cumple condiciones para articulo nuevo | PN y designation_final validos, sin conflictos criticos;engine_12V4000M40A.json;1102546;172;X00042486;PIN;;;;;;;ok;importar;yes
X00042488;NEEDLE BEARING;x00042488;publish;"Engine: 12V4000M40A
Part Number: X00042488
Designation: NEEDLE BEARING
Measurement: 
Weight: 
Source Page: 172
BOM: X00019778
Substitution Status: 
New Part Number: 
Superseded List: ";NEEDLE BEARING;;12VM40A-173;12V4000M40A, importar;simple;https://milu-naval.mystagingwebsite.com/wp-content/uploads/2026/02/12V4000M40A-0171-01-540.webp;12V4000M40A;172;540;X00019778;NEEDLE BEARING;;;;;;ok;importar;import_new;cumple condiciones para articulo nuevo | PN y designation_final validos, sin conflictos criticos;import_new;cumple condiciones para articulo nuevo | PN y designation_final validos, sin conflictos criticos;engine_12V4000M40A.json;1102547;172;X00042488;NEEDLE BEARING;;;;;;;ok;importar;yes
X00042492;RETAINER;x00042492;publish;"Engine: 12V4000M40A
Part Number: X00042492
Designation: RETAINER
Measurement: 
Weight: 
Source Page: 172
BOM: X00019778
Substitution Status: 
New Part Number: 
Superseded List: ";RETAINER;;12VM40A-173;12V4000M40A, importar;simple;https://milu-naval.mystagingwebsite.com/wp-content/uploads/2026/02/12V4000M40A-0171-01-560.webp;12V4000M40A;172;560;X00019778;RETAINER;;;;;;ok;importar;import_new;cumple condiciones para articulo nuevo | PN y designation_final validos, sin conflictos criticos;import_new;cumple condiciones para articulo nuevo | PN y designation_final validos, sin conflictos criticos;engine_12V4000M40A.json;1102549;172;X00042492;RETAINER;;;;;;;ok;importar;yes
X00042546;ELBOW;x00042546;publish;"Engine: 12V4000M40A
Part Number: X00042546
Designation: ELBOW
Measurement: 
Weight: 
Source Page: 172
BOM: X00019778
Substitution Status: 
New Part Number: 
Superseded List: ";ELBOW;;12VM40A-173;12V4000M40A, importar;simple;https://milu-naval.mystagingwebsite.com/wp-content/uploads/2026/02/12V4000M40A-0171-01-260.webp;12V4000M40A;172;260;X00019778;ELBOW;;;;;;ok;importar;import_new;cumple condiciones para articulo nuevo | PN y designation_final validos, sin conflictos criticos;import_new;cumple condiciones para articulo nuevo | PN y designation_final validos, sin conflictos criticos;engine_12V4000M40A.json;1102551;172;X00042546;ELBOW;;;;;;;ok;importar;yes
X00042739;SHUT-OFF VALVE;x00042739;publish;"Engine: 12V4000M40A
Part Number: X00042739
Designation: SHUT-OFF VALVE
Measurement: 
Weight: 
Source Page: 172
BOM: X00019778
Substitution Status: 
New Part Number: 
Superseded List: ";SHUT-OFF VALVE;;12VM40A-173;12V4000M40A, importar;simple;https://milu-naval.mystagingwebsite.com/wp-content/uploads/2026/02/12V4000M40A-0171-01-370.webp;12V4000M40A;172;370;X00019778;SHUT-OFF VALVE;;;;;;ok;importar;import_new;cumple condiciones para articulo nuevo | PN y designation_final validos, sin conflictos criticos;import_new;cumple condiciones para articulo nuevo | PN y designation_final validos, sin conflictos criticos;engine_12V4000M40A.json;1102575;172;X00042739;SHUT-OFF VALVE;;;;;;;ok;importar;yes
X00042771;SPRING PIN;x00042771;publish;"Engine: 12V4000M40A
Part Number: X00042771
Designation: SPRING PIN
Measurement: 
Weight: 
Source Page: 172
BOM: X00019778
Substitution Status: 
New Part Number: 
Superseded List: ";SPRING PIN;;12VM40A-173;12V4000M40A, importar;simple;https://milu-naval.mystagingwebsite.com/wp-content/uploads/2026/02/12V4000M40A-0171-01-380.webp;12V4000M40A;172;380;X00019778;SPRING PIN;;;;;;ok;importar;import_new;cumple condiciones para articulo nuevo | PN y designation_final validos, sin conflictos criticos;import_new;cumple condiciones para articulo nuevo | PN y designation_final validos, sin conflictos criticos;engine_12V4000M40A.json;1102576;172;X00042771;SPRING PIN;;;;;;;ok;importar;yes
X00042804;CLOSURE;x00042804;publish;"Engine: 12V4000M40A
Part Number: X00042804
Designation: CLOSURE
Measurement: 
Weight: 
Source Page: 172
BOM: X00019778
Substitution Status: 
New Part Number: 
Superseded List: ";CLOSURE;;12VM40A-173;12V4000M40A, importar;simple;https://milu-naval.mystagingwebsite.com/wp-content/uploads/2026/02/12V4000M40A-0171-01-520.webp;12V4000M40A;172;520;X00019778;CLOSURE;;;;;;ok;importar;import_new;cumple condiciones para articulo nuevo | PN y designation_final validos, sin conflictos criticos;import_new;cumple condiciones para articulo nuevo | PN y designation_final validos, sin conflictos criticos;engine_12V4000M40A.json;1102581;172;X00042804;CLOSURE;;;;;;;ok;importar;yes
X00042805;CLOSURE;x00042805;publish;"Engine: 12V4000M40A
Part Number: X00042805
Designation: CLOSURE
Measurement: 
Weight: 
Source Page: 172
BOM: X00019778
Substitution Status: 
New Part Number: 
Superseded List: ";CLOSURE;;12VM40A-173;12V4000M40A, importar;simple;https://milu-naval.mystagingwebsite.com/wp-content/uploads/2026/02/12V4000M40A-0171-01-530.webp;12V4000M40A;172;530;X00019778;CLOSURE;;;;;;ok;importar;import_new;cumple condiciones para articulo nuevo | PN y designation_final validos, sin conflictos criticos;import_new;cumple condiciones para articulo nuevo | PN y designation_final validos, sin conflictos criticos;engine_12V4000M40A.json;1102582;172;X00042805;CLOSURE;;;;;;;ok;importar;yes
Z=0000 051;ELBOW UNION;z-0000-051;publish;"Engine: 12V4000M40A
Part Number: Z=0000 051
Designation: ELBOW UNION
Measurement: 
Weight: 
Source Page: 172
BOM: X00019778
Substitution Status: 
New Part Number: 
Superseded List: ";ELBOW UNION;;12VM40A-173;12V4000M40A, importar;simple;https://milu-naval.mystagingwebsite.com/wp-content/uploads/2026/02/12V4000M40A-0171-01-700.webp;12V4000M40A;172;700;X00019778;ELBOW UNION;;;;;;ok;importar;import_new;cumple condiciones para articulo nuevo | PN y designation_final validos, sin conflictos criticos;import_new;cumple condiciones para articulo nuevo | PN y designation_final validos, sin conflictos criticos;engine_12V4000M40A.json;1102683;172;Z=0000 051;ELBOW UNION;;;;;;;ok;importar;yes
Z=0000 058;UNION;z-0000-058;publish;"Engine: 12V4000M40A
Part Number: Z=0000 058
Designation: UNION
Measurement: 
Weight: 0.405 KGM
Source Page: 172
BOM: X00019778
Substitution Status: 
New Part Number: 
Superseded List: ";UNION;;12VM40A-173;12V4000M40A, importar;simple;https://milu-naval.mystagingwebsite.com/wp-content/uploads/2026/02/12V4000M40A-0171-01-690.webp;12V4000M40A;172;690;X00019778;UNION;;0.405 KGM;;;;ok;importar;import_new;cumple condiciones para articulo nuevo | PN y designation_final validos, sin conflictos criticos;import_new;cumple condiciones para articulo nuevo | PN y designation_final validos, sin conflictos criticos;engine_12V4000M40A.json;1102684;172;Z=0000 058;UNION;;0.405 KGM;;;;;ok;importar;yes
Z=0051 310;PLUG;z-0051-310;publish;"Engine: 12V4000M40A
Part Number: Z=0051 310
Designation: PLUG
Measurement: 
Weight: 
Source Page: 172
BOM: X00019778
Substitution Status: 
New Part Number: 
Superseded List: ";PLUG;;12VM40A-173;12V4000M40A, importar;simple;https://milu-naval.mystagingwebsite.com/wp-content/uploads/2026/02/12V4000M40A-0170-02-430.webp;12V4000M40A;172;430;X00019778;PLUG;;;;;;ok;importar;import_new;cumple condiciones para articulo nuevo | PN y designation_final validos, sin conflictos criticos;import_new;cumple condiciones para articulo nuevo | PN y designation_final validos, sin conflictos criticos;engine_12V4000M40A.json;1102685;172;Z=0051 310;PLUG;;;;;;;ok;importar;yes
Z=1251 001;WASHER;z-1251-001;publish;"Engine: 12V4000M40A
Part Number: Z=1251 001
Designation: WASHER
Measurement: 
Weight: 0.001 KGM
Source Page: 172
BOM: X00019778
Substitution Status: 
New Part Number: 
Superseded List: ";WASHER;;12VM40A-173;12V4000M40A, importar;simple;https://milu-naval.mystagingwebsite.com/wp-content/uploads/2026/01/sin_imagen.jpeg;12V4000M40A;172;450;X00019778;WASHER;;0.001 KGM;;;;ok;importar;import_new;cumple condiciones para articulo nuevo | PN y designation_final validos, sin conflictos criticos;import_new;cumple condiciones para articulo nuevo | PN y designation_final validos, sin conflictos criticos;engine_12V4000M40A.json;1102702;172;Z=1251 001;WASHER;;0.001 KGM;;;;;ok;importar;yes
Z=5106 076;FITTING;z-5106-076;publish;"Engine: 12V4000M40A
Part Number: Z=5106 076
Designation: FITTING
Measurement: 
Weight: 
Source Page: 172
BOM: X00019778
Substitution Status: 
New Part Number: 
Superseded List: ";FITTING;;12VM40A-173;12V4000M40A, importar;simple;https://milu-naval.mystagingwebsite.com/wp-content/uploads/2026/02/12V4000M40A-0170-02-510.webp;12V4000M40A;172;510;X00019778;FITTING;;;;;;ok;importar;import_new;cumple condiciones para articulo nuevo | PN y designation_final validos, sin conflictos criticos;import_new;cumple condiciones para articulo nuevo | PN y designation_final validos, sin conflictos criticos;engine_12V4000M40A.json;1102719;172;Z=5106 076;FITTING;;;;;;;ok;importar;yes
Z=5124 252;STUD;z-5124-252;publish;"Engine: 12V4000M40A
Part Number: Z=5124 252
Designation: STUD
Measurement: 
Weight: 
Source Page: 172
BOM: X00019778
Substitution Status: 
New Part Number: 
Superseded List: ";STUD;;12VM40A-173;12V4000M40A, importar;simple;https://milu-naval.mystagingwebsite.com/wp-content/uploads/2026/02/12V4000M40A-0171-01-300.webp;12V4000M40A;172;300;X00019778;STUD;;;;;;ok;importar;import_new;cumple condiciones para articulo nuevo | PN y designation_final validos, sin conflictos criticos;import_new;cumple condiciones para articulo nuevo | PN y designation_final validos, sin conflictos criticos;engine_12V4000M40A.json;1102721;172;Z=5124 252;STUD;;;;;;;ok;importar;yes
Z=5125 026;STUD;z-5125-026;publish;"Engine: 12V4000M40A
Part Number: Z=5125 026
Designation: STUD
Measurement: 
Weight: 
Source Page: 172
BOM: X00019778
Substitution Status: 
New Part Number: 
Superseded List: ";STUD;;12VM40A-173;12V4000M40A, importar;simple;https://milu-naval.mystagingwebsite.com/wp-content/uploads/2026/02/12V4000M40A-0171-01-340.webp;12V4000M40A;172;340;X00019778;STUD;;;;;;ok;importar;import_new;cumple condiciones para articulo nuevo | PN y designation_final validos, sin conflictos criticos;import_new;cumple condiciones para articulo nuevo | PN y designation_final validos, sin conflictos criticos;engine_12V4000M40A.json;1102724;172;Z=5125 026;STUD;;;;;;;ok;importar;yes
Z=5125 065;PRESSURE SPRING;z-5125-065;publish;"Engine: 12V4000M40A
Part Number: Z=5125 065
Designation: PRESSURE SPRING
Measurement: 
Weight: 0.006 KGM
Source Page: 172
BOM: X00019778
Substitution Status: SI
New Part Number: Z=5125 065
Superseded List: 5125065";PRESSURE SPRING;;12VM40A-173;12V4000M40A, New, importar;simple;https://milu-naval.mystagingwebsite.com/wp-content/uploads/2026/01/sin_imagen.jpeg;12V4000M40A;172;400;X00019778;PRESSURE SPRING;;0.006 KGM;SI;Z=5125 065;5125065;ok;importar;import_new;cumple condiciones para articulo nuevo;import_new;cumple condiciones para articulo nuevo;engine_12V4000M40A.json;1102725;172;Z=5125 065;PRESSURE SPRING;;0.006 KGM;SI;New;Z=5125 065;5125065;ok;importar;yes
Z=5125 068;UNION;z-5125-068;publish;"Engine: 12V4000M40A
Part Number: Z=5125 068
Designation: UNION
Measurement: 
Weight: 
Source Page: 172
BOM: X00019778
Substitution Status: 
New Part Number: 
Superseded List: ";UNION;;12VM40A-173;12V4000M40A, importar;simple;https://milu-naval.mystagingwebsite.com/wp-content/uploads/2026/02/12V4000M40A-0170-02-440.webp;12V4000M40A;172;440;X00019778;UNION;;;;;;ok;importar;import_new;cumple condiciones para articulo nuevo | PN y designation_final validos, sin conflictos criticos;import_new;cumple condiciones para articulo nuevo | PN y designation_final validos, sin conflictos criticos;engine_12V4000M40A.json;1102726;172;Z=5125 068;UNION;;;;;;;ok;importar;yes
Z=5125 069;STUD;z-5125-069;publish;"Engine: 12V4000M40A
Part Number: Z=5125 069
Designation: STUD
Measurement: 
Weight: 
Source Page: 172
BOM: X00019778
Substitution Status: 
New Part Number: 
Superseded List: ";STUD;;12VM40A-173;12V4000M40A, importar;simple;https://milu-naval.mystagingwebsite.com/wp-content/uploads/2026/02/12V4000M40A-0170-02-410.webp;12V4000M40A;172;410;X00019778;STUD;;;;;;ok;importar;import_new;cumple condiciones para articulo nuevo | PN y designation_final validos, sin conflictos criticos;import_new;cumple condiciones para articulo nuevo | PN y designation_final validos, sin conflictos criticos;engine_12V4000M40A.json;1102727;172;Z=5125 069;STUD;;;;;;;ok;importar;yes
Z=5125 071;CLAMPING PLATE;z-5125-071;publish;"Engine: 12V4000M40A
Part Number: Z=5125 071
Designation: CLAMPING PLATE
Measurement: 
Weight: 
Source Page: 172
BOM: X00019778
Substitution Status: 
New Part Number: 
Superseded List: ";CLAMPING PLATE;;12VM40A-173;12V4000M40A, importar;simple;https://milu-naval.mystagingwebsite.com/wp-content/uploads/2026/02/12V4000M40A-0170-02-500.webp;12V4000M40A;172;500;X00019778;CLAMPING PLATE;;;;;;ok;importar;import_new;cumple condiciones para articulo nuevo | PN y designation_final validos, sin conflictos criticos;import_new;cumple condiciones para articulo nuevo | PN y designation_final validos, sin conflictos criticos;engine_12V4000M40A.json;1102728;172;Z=5125 071;CLAMPING PLATE;;;;;;;ok;importar;yes
Z=5125 084;PIPE;z-5125-084;publish;"Engine: 12V4000M40A
Part Number: Z=5125 084
Designation: PIPE
Measurement: 
Weight: 
Source Page: 172
BOM: X00019778
Substitution Status: 
New Part Number: 
Superseded List: ";PIPE;;12VM40A-173;12V4000M40A, importar;simple;https://milu-naval.mystagingwebsite.com/wp-content/uploads/2026/02/12V4000M40A-0171-01-320.webp;12V4000M40A;172;320;X00019778;PIPE;;;;;;ok;importar;import_new;cumple condiciones para articulo nuevo | PN y designation_final validos, sin conflictos criticos;import_new;cumple condiciones para articulo nuevo | PN y designation_final validos, sin conflictos criticos;engine_12V4000M40A.json;1102729;172;Z=5125 084;PIPE;;;;;;;ok;importar;yes
Z=5125 091;WASHER;z-5125-091;publish;"Engine: 12V4000M40A
Part Number: Z=5125 091
Designation: WASHER
Measurement: 
Weight: 0.003 KGM
Source Page: 172
BOM: X00019778
Substitution Status: 
New Part Number: 
Superseded List: ";WASHER;;12VM40A-173;12V4000M40A, importar;simple;https://milu-naval.mystagingwebsite.com/wp-content/uploads/2026/02/12V4000M40A-0171-01-350.webp;12V4000M40A;172;350;X00019778;WASHER;;0.003 KGM;;;;ok;importar;import_new;cumple condiciones para articulo nuevo | PN y designation_final validos, sin conflictos criticos;import_new;cumple condiciones para articulo nuevo | PN y designation_final validos, sin conflictos criticos;engine_12V4000M40A.json;1102730;172;Z=5125 091;WASHER;;0.003 KGM;;;;;ok;importar;yes
Z=5125 092;NUT;z-5125-092;publish;"Engine: 12V4000M40A
Part Number: Z=5125 092
Designation: NUT
Measurement: 
Weight: 
Source Page: 172
BOM: X00019778
Substitution Status: 
New Part Number: 
Superseded List: ";NUT;;12VM40A-173;12V4000M40A, importar;simple;https://milu-naval.mystagingwebsite.com/wp-content/uploads/2026/02/12V4000M40A-0171-01-360.webp;12V4000M40A;172;360;X00019778;NUT;;;;;;ok;importar;import_new;cumple condiciones para articulo nuevo | PN y designation_final validos, sin conflictos criticos;import_new;cumple condiciones para articulo nuevo | PN y designation_final validos, sin conflictos criticos;engine_12V4000M40A.json;1102731;172;Z=5125 092;NUT;;;;;;;ok;importar;yes
Z=5125 096;FLANGE;z-5125-096;publish;"Engine: 12V4000M40A
Part Number: Z=5125 096
Designation: FLANGE
Measurement: 
Weight: 
Source Page: 172
BOM: X00019778
Substitution Status: 
New Part Number: 
Superseded List: ";FLANGE;;12VM40A-173;12V4000M40A, importar;simple;https://milu-naval.mystagingwebsite.com/wp-content/uploads/2026/02/12V4000M40A-0170-01-490.webp;12V4000M40A;172;490;X00019778;FLANGE;;;;;;ok;importar;import_new;cumple condiciones para articulo nuevo | PN y designation_final validos, sin conflictos criticos;import_new;cumple condiciones para articulo nuevo | PN y designation_final validos, sin conflictos criticos;engine_12V4000M40A.json;1102732;172;Z=5125 096;FLANGE;;;;;;;ok;importar;yes
Z=9480 024 07;CONNECTOR;z-9480-024-07;publish;"Engine: 12V4000M40A
Part Number: Z=9480 024 07
Designation: CONNECTOR
Measurement: 
Weight: 0.023 KGM
Source Page: 172
BOM: X00019778
Substitution Status: 
New Part Number: 
Superseded List: ";CONNECTOR;;12VM40A-173;12V4000M40A, importar;simple;https://milu-naval.mystagingwebsite.com/wp-content/uploads/2026/02/12V4000M40A-0171-01-670.webp;12V4000M40A;172;670;X00019778;CONNECTOR;;0.023 KGM;;;;ok;importar;import_new;cumple condiciones para articulo nuevo | PN y designation_final validos, sin conflictos criticos;import_new;cumple condiciones para articulo nuevo | PN y designation_final validos, sin conflictos criticos;engine_12V4000M40A.json;1102736;172;Z=9480 024 07;CONNECTOR;;0.023 KGM;;;;;ok;importar;yes
Z=CF8M 11/4;DIRT TRAP;z-cf8m-11-4;publish;"Engine: 12V4000M40A
Part Number: Z=CF8M 11/4
Designation: DIRT TRAP
Measurement: 
Weight: 
Source Page: 172
BOM: X00019778
Substitution Status: 
New Part Number: 
Superseded List: ";DIRT TRAP;;12VM40A-173;12V4000M40A, importar;simple;https://milu-naval.mystagingwebsite.com/wp-content/uploads/2026/02/12V4000M40A-0171-01-680.webp;12V4000M40A;172;680;X00019778;DIRT TRAP;;;;;;ok;importar;import_new;cumple condiciones para articulo nuevo | PN y designation_final validos, sin conflictos criticos;import_new;cumple condiciones para articulo nuevo | PN y designation_final validos, sin conflictos criticos;engine_12V4000M40A.json;1102737;172;Z=CF8M 11/4;DIRT TRAP;;;;;;;ok;importar;yes
X00042618;O-RING;x00042618;publish;"Engine: 12V4000M40A
Part Number: X00042618
Designation: O-RING
Measurement: 
Weight: 
Source Page: 175
BOM: X00042636
Substitution Status: 
New Part Number: 
Superseded List: ";O-RING;;12VM40A-173;12V4000M40A, importar;simple;https://milu-naval.mystagingwebsite.com/wp-content/uploads/2026/02/12V4000M40A-0174-01-30.webp, https://milu-naval.mystagingwebsite.com/wp-content/uploads/2026/02/12V4000M40A-0175-01-30.webp;12V4000M40A;175;30;X00042636;O-RING;;;;;;ok;importar;import_new;cumple condiciones para articulo nuevo | PN y designation_final validos, sin conflictos criticos;import_new;cumple condiciones para articulo nuevo | PN y designation_final validos, sin conflictos criticos;engine_12V4000M40A.json;1102552;175;X00042618;O-RING;;;;;;;ok;importar;yes
X00042620;O-RING;x00042620;publish;"Engine: 12V4000M40A
Part Number: X00042620
Designation: O-RING
Measurement: 
Weight: 
Source Page: 175
BOM: X00042636
Substitution Status: 
New Part Number: 
Superseded List: ";O-RING;;12VM40A-173;12V4000M40A, importar;simple;https://milu-naval.mystagingwebsite.com/wp-content/uploads/2026/02/12V4000M40A-0174-01-70.webp, https://milu-naval.mystagingwebsite.com/wp-content/uploads/2026/02/12V4000M40A-0175-01-70.webp;12V4000M40A;175;70;X00042636;O-RING;;;;;;ok;importar;import_new;cumple condiciones para articulo nuevo | PN y designation_final validos, sin conflictos criticos;import_new;cumple condiciones para articulo nuevo | PN y designation_final validos, sin conflictos criticos;engine_12V4000M40A.json;1102553;175;X00042620;O-RING;;;;;;;ok;importar;yes
X00042622;O-RING;x00042622;publish;"Engine: 12V4000M40A
Part Number: X00042622
Designation: O-RING
Measurement: 
Weight: 
Source Page: 175
BOM: X00042636
Substitution Status: 
New Part Number: 
Superseded List: ";O-RING;;12VM40A-173;12V4000M40A, importar;simple;https://milu-naval.mystagingwebsite.com/wp-content/uploads/2026/02/12V4000M40A-0175-01-100.webp;12V4000M40A;175;100;X00042636;O-RING;;;;;;ok;importar;import_new;cumple condiciones para articulo nuevo | PN y designation_final validos, sin conflictos criticos;import_new;cumple condiciones para articulo nuevo | PN y designation_final validos, sin conflictos criticos;engine_12V4000M40A.json;1102554;175;X00042622;O-RING;;;;;;;ok;importar;yes
X00042628;O-RING;x00042628;publish;"Engine: 12V4000M40A
Part Number: X00042628
Designation: O-RING
Measurement: 
Weight: 
Source Page: 175
BOM: X00042636
Substitution Status: 
New Part Number: 
Superseded List: ";O-RING;;12VM40A-173;12V4000M40A, importar;simple;https://milu-naval.mystagingwebsite.com/wp-content/uploads/2026/02/12V4000M40A-0175-01-110.webp;12V4000M40A;175;110;X00042636;O-RING;;;;;;ok;importar;import_new;cumple condiciones para articulo nuevo | PN y designation_final validos, sin conflictos criticos;import_new;cumple condiciones para articulo nuevo | PN y designation_final validos, sin conflictos criticos;engine_12V4000M40A.json;1102555;175;X00042628;O-RING;;;;;;;ok;importar;yes
X00042639;RING;x00042639;publish;"Engine: 12V4000M40A
Part Number: X00042639
Designation: RING
Measurement: 
Weight: 
Source Page: 175
BOM: X00042636
Substitution Status: 
New Part Number: 
Superseded List: ";RING;;12VM40A-173;12V4000M40A, importar;simple;https://milu-naval.mystagingwebsite.com/wp-content/uploads/2026/02/12V4000M40A-0174-01-140.webp;12V4000M40A;175;140;X00042636;RING;;;;;;ok;importar;import_new;cumple condiciones para articulo nuevo | PN y designation_final validos, sin conflictos criticos;import_new;cumple condiciones para articulo nuevo | PN y designation_final validos, sin conflictos criticos;engine_12V4000M40A.json;1102558;175;X00042639;RING;;;;;;;ok;importar;yes
X00042640;RING;x00042640;publish;"Engine: 12V4000M40A
Part Number: X00042640
Designation: RING
Measurement: 
Weight: 
Source Page: 175
BOM: X00042636
Substitution Status: 
New Part Number: 
Superseded List: ";RING;;12VM40A-173;12V4000M40A, importar;simple;https://milu-naval.mystagingwebsite.com/wp-content/uploads/2026/02/12V4000M40A-0174-01-150.webp;12V4000M40A;175;150;X00042636;RING;;;;;;ok;importar;import_new;cumple condiciones para articulo nuevo | PN y designation_final validos, sin conflictos criticos;import_new;cumple condiciones para articulo nuevo | PN y designation_final validos, sin conflictos criticos;engine_12V4000M40A.json;1102559;175;X00042640;RING;;;;;;;ok;importar;yes
Z=0303 835;O-RING;z-0303-835;publish;"Engine: 12V4000M40A
Part Number: Z=0303 835
Designation: O-RING
Measurement: 
Weight: 
Source Page: 175
BOM: X00042636
Substitution Status: 
New Part Number: 
Superseded List: ";O-RING;;12VM40A-173;12V4000M40A, importar;simple;https://milu-naval.mystagingwebsite.com/wp-content/uploads/2026/02/12V4000M40A-0174-02-50.webp;12V4000M40A;175;50;X00042636;O-RING;;;;;;ok;importar;import_new;cumple condiciones para articulo nuevo | PN y designation_final validos, sin conflictos criticos;import_new;cumple condiciones para articulo nuevo | PN y designation_final validos, sin conflictos criticos;engine_12V4000M40A.json;1102697;175;Z=0303 835;O-RING;;;;;;;ok;importar;yes
Z=0306 625;O-RING;z-0306-625;publish;"Engine: 12V4000M40A
Part Number: Z=0306 625
Designation: O-RING
Measurement: 
Weight: 
Source Page: 175
BOM: X00042636
Substitution Status: 
New Part Number: 
Superseded List: ";O-RING;;12VM40A-173;12V4000M40A, importar;simple;https://milu-naval.mystagingwebsite.com/wp-content/uploads/2026/02/12V4000M40A-0174-02-60.webp;12V4000M40A;175;60;X00042636;O-RING;;;;;;ok;importar;import_new;cumple condiciones para articulo nuevo | PN y designation_final validos, sin conflictos criticos;import_new;cumple condiciones para articulo nuevo | PN y designation_final validos, sin conflictos criticos;engine_12V4000M40A.json;1102699;175;Z=0306 625;O-RING;;;;;;;ok;importar;yes
Z=5115 085;DIAPHRAGM;z-5115-085;publish;"Engine: 12V4000M40A
Part Number: Z=5115 085
Designation: DIAPHRAGM
Measurement: 
Weight: 0.001 KGM
Source Page: 175
BOM: X00042636
Substitution Status: 
New Part Number: 
Superseded List: ";DIAPHRAGM;;12VM40A-173;12V4000M40A, importar;simple;https://milu-naval.mystagingwebsite.com/wp-content/uploads/2026/02/12V4000M40A-0175-01-40.webp;12V4000M40A;175;40;X00042636;DIAPHRAGM;;0.001 KGM;;;;ok;importar;import_new;cumple condiciones para articulo nuevo | PN y designation_final validos, sin conflictos criticos;import_new;cumple condiciones para articulo nuevo | PN y designation_final validos, sin conflictos criticos;engine_12V4000M40A.json;1102720;175;Z=5115 085;DIAPHRAGM;;0.001 KGM;;;;;ok;importar;yes
Z=5125 009;GASKET;z-5125-009;publish;"Engine: 12V4000M40A
Part Number: Z=5125 009
Designation: GASKET
Measurement: 
Weight: 
Source Page: 175
BOM: X00042636
Substitution Status: 
New Part Number: 
Superseded List: ";GASKET;;12VM40A-173;12V4000M40A, importar;simple;https://milu-naval.mystagingwebsite.com/wp-content/uploads/2026/02/12V4000M40A-0174-01-10.webp;12V4000M40A;175;10;X00042636;GASKET;;;;;;ok;importar;import_new;cumple condiciones para articulo nuevo | PN y designation_final validos, sin conflictos criticos;import_new;cumple condiciones para articulo nuevo | PN y designation_final validos, sin conflictos criticos;engine_12V4000M40A.json;1102722;175;Z=5125 009;GASKET;;;;;;;ok;importar;yes
X00042705;VALVE;x00042705;publish;"Engine: 12V4000M40A
Part Number: X00042705
Designation: VALVE
Measurement: 
Weight: 
Source Page: 176
BOM: X00042702
Substitution Status: 
New Part Number: 
Superseded List: ";VALVE;;12VM40A-173;12V4000M40A, importar;simple;https://milu-naval.mystagingwebsite.com/wp-content/uploads/2026/02/12V4000M40A-0176-01-20.webp;12V4000M40A;176;20;X00042702;VALVE;;;;;;ok;importar;import_new;cumple condiciones para articulo nuevo | PN y designation_final validos, sin conflictos criticos;import_new;cumple condiciones para articulo nuevo | PN y designation_final validos, sin conflictos criticos;engine_12V4000M40A.json;1102563;176;X00042705;VALVE;;;;;;;ok;importar;yes
X00042710;CONNECTING SLEEVE;x00042710;publish;"Engine: 12V4000M40A
Part Number: X00042710
Designation: CONNECTING SLEEVE
Measurement: 
Weight: 
Source Page: 176
BOM: X00042702
Substitution Status: 
New Part Number: 
Superseded List: ";CONNECTING SLEEVE;;12VM40A-173;12V4000M40A, importar;simple;https://milu-naval.mystagingwebsite.com/wp-content/uploads/2026/02/12V4000M40A-0176-01-80.webp;12V4000M40A;176;80;X00042702;CONNECTING SLEEVE;;;;;;ok;importar;import_new;cumple condiciones para articulo nuevo | PN y designation_final validos, sin conflictos criticos;import_new;cumple condiciones para articulo nuevo | PN y designation_final validos, sin conflictos criticos;engine_12V4000M40A.json;1102566;176;X00042710;CONNECTING SLEEVE;;;;;;;ok;importar;yes
X00042715;WASHER;x00042715;publish;"Engine: 12V4000M40A
Part Number: X00042715
Designation: WASHER
Measurement: 
Weight: 
Source Page: 176
BOM: X00042702
Substitution Status: 
New Part Number: 
Superseded List: ";WASHER;;12VM40A-173;12V4000M40A, importar;simple;https://milu-naval.mystagingwebsite.com/wp-content/uploads/2026/02/12V4000M40A-0176-01-90.webp;12V4000M40A;176;90;X00042702;WASHER;;;;;;ok;importar;import_new;cumple condiciones para articulo nuevo | PN y designation_final validos, sin conflictos criticos;import_new;cumple condiciones para articulo nuevo | PN y designation_final validos, sin conflictos criticos;engine_12V4000M40A.json;1102568;176;X00042715;WASHER;;;;;;;ok;importar;yes
Z=5125 105;DISTRIBUTOR;z-5125-105;publish;"Engine: 12V4000M40A
Part Number: Z=5125 105
Designation: DISTRIBUTOR
Measurement: 
Weight: 
Source Page: 176
BOM: X00042702
Substitution Status: 
New Part Number: 
Superseded List: ";DISTRIBUTOR;;12VM40A-173;12V4000M40A, importar;simple;https://milu-naval.mystagingwebsite.com/wp-content/uploads/2026/02/12V4000M40A-0176-01-40.webp;12V4000M40A;176;40;X00042702;DISTRIBUTOR;;;;;;ok;importar;import_new;cumple condiciones para articulo nuevo | PN y designation_final validos, sin conflictos criticos;import_new;cumple condiciones para articulo nuevo | PN y designation_final validos, sin conflictos criticos;engine_12V4000M40A.json;1102733;176;Z=5125 105;DISTRIBUTOR;;;;;;;ok;importar;yes
XP53517300057;VALVE INSERT;xp53517300057;publish;"Engine: 12V4000M40A
Part Number: XP53517300057
Designation: VALVE INSERT
Measurement: 
Weight: 
Source Page: 178
BOM: XP53500600003
Substitution Status: 
New Part Number: 
Superseded List: ";VALVE INSERT;;12VM40A-173;12V4000M40A, importar;simple;https://milu-naval.mystagingwebsite.com/wp-content/uploads/2026/02/12V4000M40A-0178-01-30.webp;12V4000M40A;178;30;XP53500600003;VALVE INSERT;;;;;;ok;importar;import_new;cumple condiciones para articulo nuevo | PN y designation_final validos, sin conflictos criticos;import_new;cumple condiciones para articulo nuevo | PN y designation_final validos, sin conflictos criticos;engine_12V4000M40A.json;1102676;178;XP53517300057;VALVE INSERT;;;;;;;ok;importar;yes
XP53517300058;O-RING;xp53517300058;publish;"Engine: 12V4000M40A
Part Number: XP53517300058
Designation: O-RING
Measurement: 
Weight: 
Source Page: 178
BOM: XP53500600003
Substitution Status: 
New Part Number: 
Superseded List: ";O-RING;;12VM40A-173;12V4000M40A, importar;simple;https://milu-naval.mystagingwebsite.com/wp-content/uploads/2026/02/12V4000M40A-0178-01-10.webp;12V4000M40A;178;10;XP53500600003;O-RING;;;;;;ok;importar;import_new;cumple condiciones para articulo nuevo | PN y designation_final validos, sin conflictos criticos;import_new;cumple condiciones para articulo nuevo | PN y designation_final validos, sin conflictos criticos;engine_12V4000M40A.json;1102677;178;XP53517300058;O-RING;;;;;;;ok;importar;yes
XP53517300062;GROOVED RING;xp53517300062;publish;"Engine: 12V4000M40A
Part Number: XP53517300062
Designation: GROOVED RING
Measurement: 
Weight: 
Source Page: 178
BOM: XP53500600003
Substitution Status: 
New Part Number: 
Superseded List: ";GROOVED RING;;12VM40A-173;12V4000M40A, importar;simple;https://milu-naval.mystagingwebsite.com/wp-content/uploads/2026/02/12V4000M40A-0178-01-60.webp;12V4000M40A;178;60;XP53500600003;GROOVED RING;;;;;;ok;importar;import_new;cumple condiciones para articulo nuevo | PN y designation_final validos, sin conflictos criticos;import_new;cumple condiciones para articulo nuevo | PN y designation_final validos, sin conflictos criticos;engine_12V4000M40A.json;1102678;178;XP53517300062;GROOVED RING;;;;;;;ok;importar;yes
Z=0300 802;O-RING;z-0300-802;publish;"Engine: 12V4000M40A
Part Number: Z=0300 802
Designation: O-RING
Measurement: 
Weight: 
Source Page: 178
BOM: XP53500600003
Substitution Status: 
New Part Number: 
Superseded List: ";O-RING;;12VM40A-173;12V4000M40A, importar;simple;https://milu-naval.mystagingwebsite.com/wp-content/uploads/2026/02/12V4000M40A-0178-01-20.webp;12V4000M40A;178;20;XP53500600003;O-RING;;;;;;ok;importar;import_new;cumple condiciones para articulo nuevo | PN y designation_final validos, sin conflictos criticos;import_new;cumple condiciones para articulo nuevo | PN y designation_final validos, sin conflictos criticos;engine_12V4000M40A.json;1102695;178;Z=0300 802;O-RING;;;;;;;ok;importar;yes
Z=0301 702;O-RING;z-0301-702;publish;"Engine: 12V4000M40A
Part Number: Z=0301 702
Designation: O-RING
Measurement: 
Weight: 
Source Page: 178
BOM: XP53500600003
Substitution Status: 
New Part Number: 
Superseded List: ";O-RING;;12VM40A-173;12V4000M40A, importar;simple;https://milu-naval.mystagingwebsite.com/wp-content/uploads/2026/02/12V4000M40A-0178-01-40.webp;12V4000M40A;178;40;XP53500600003;O-RING;;;;;;ok;importar;import_new;cumple condiciones para articulo nuevo | PN y designation_final validos, sin conflictos criticos;import_new;cumple condiciones para articulo nuevo | PN y designation_final validos, sin conflictos criticos;engine_12V4000M40A.json;1102696;178;Z=0301 702;O-RING;;;;;;;ok;importar;yes
2024622783317024;SEAMLESS PIPE (S);2024622783317024;publish;"Engine: 12V4000M40A
Part Number: 2024622783317024
Designation: SEAMLESS PIPE (S)
Measurement: 
Weight: 
Source Page: 180
BOM: X00032501
Substitution Status: 
New Part Number: 
Superseded List: ";SEAMLESS PIPE (S);;12VM40A-173;12V4000M40A, importar;simple;https://milu-naval.mystagingwebsite.com/wp-content/uploads/2026/02/12V4000M40A-0180-01-30.webp;12V4000M40A;180;30;X00032501;SEAMLESS PIPE (S);;;;;;ok;importar;import_new;cumple condiciones para articulo nuevo | PN y designation_final validos, sin conflictos criticos;import_new;cumple condiciones para articulo nuevo | PN y designation_final validos, sin conflictos criticos;engine_12V4000M40A.json;1102387;180;2024622783317024;SEAMLESS PIPE (S);;;;;;;ok;importar;yes
00700603033100;WHASER A33X39 COP METALLIC;00700603033100;publish;"Engine: 12V4000M40A
Part Number: 00700603033100
Designation: WHASER A33X39 COP METALLIC
Measurement: 
Weight: 4,770 G
Source Page: 190
BOM: 180.00015
Substitution Status: 
New Part Number: 
Superseded List: ";WHASER A33X39 COP METALLIC;;12VM40A-181;12V4000M40A, importar;simple;https://milu-naval.mystagingwebsite.com/wp-content/uploads/2026/02/12V4000M40A-0190-01-40.webp;12V4000M40A;190;40;180.00015;WHASER A33X39 COP METALLIC;;4,770 G;;;;ok;importar;import_new;cumple condiciones para articulo nuevo | PN y designation_final validos, sin conflictos criticos;import_new;cumple condiciones para articulo nuevo | PN y designation_final validos, sin conflictos criticos;engine_12V4000M40A.json;1102162;190;00700603033100;WHASER A33X39 COP METALLIC;;4,770 G;;;;;ok;importar;yes
Z=259851-4;SUPPORT;z-259851-4;publish;"Engine: 16V4000M90
Part Number: Z=259851-4
Designation: SUPPORT
Measurement: 
Weight: 2.700 g AC
Source Page: 181
BOM: 0011809501
Substitution Status: 
New Part Number: 
Superseded List: ";SUPPORT;;16VM90-181;16V4000M90, importar;simple;https://milu-naval.mystagingwebsite.com/wp-content/uploads/2026/02/16V4000M90-0181-01-20.webp;16V4000M90;181;20;0011809501;SUPPORT;;2.700 g AC;;;;ok;importar;import_new;cumple condiciones para articulo nuevo | PN y designation_final validos, sin conflictos criticos;import_new;cumple condiciones para articulo nuevo | PN y designation_final validos, sin conflictos criticos;engine_16V4000M90.json;1601230;181;Z=259851-4;SUPPORT;;2.700 g AC;;;;;ok;importar;yes
Z=R25 POS.18;NAMEPLATE;z-r25-pos-18;publish;"Engine: 12V4000M40A
Part Number: Z=R25 POS.18
Designation: NAMEPLATE
Measurement: 
Weight: 
Source Page: 192
BOM: 8691800002
Substitution Status: 
New Part Number: 
Superseded List: ";NAMEPLATE;;12VM40A-181;12V4000M40A, importar;simple;https://milu-naval.mystagingwebsite.com/wp-content/uploads/2026/02/12V4000M40A-0192-01-60.webp;12V4000M40A;192;60;8691800002;NAMEPLATE;;;;;;ok;importar;import_new;cumple condiciones para articulo nuevo | PN y designation_final validos, sin conflictos criticos;import_new;cumple condiciones para articulo nuevo | PN y designation_final validos, sin conflictos criticos;engine_12V4000M40A.json;1102758;192;Z=R25 POS.18;NAMEPLATE;;;;;;;ok;importar;yes
000912010065;BOLT HEX SOC HD;000912010065;publish;"Engine: 12V4000M40A
Part Number: 000912010065
Designation: BOLT HEX SOC HD
Measurement: M 10 X 25
Weight: 0.024 KGM
Source Page: 213
BOM: 180.00459
Substitution Status: SI
New Part Number: 000912010065
Superseded List: 000912010006, 06.02093-0509, 06020930509";BOLT HEX SOC HD;;12VM40A-185;12V4000M40A, New, importar;simple;https://milu-naval.mystagingwebsite.com/wp-content/uploads/2026/02/12V4000M40A-0213-01-95.webp;12V4000M40A;213;95;180.00459;BOLT HEX SOC HD;M 10 X 25;0.024 KGM;SI;000912010065;000912010006, 06.02093-0509, 06020930509;ok;importar;import_new;cumple condiciones para articulo nuevo;import_new;cumple condiciones para articulo nuevo;engine_12V4000M40A.json;1100650;213;000912010065;BOLT HEX SOC HD;M 10 X 25;0.024 KGM;SI;New;000912010065;000912010006, 06.02093-0509, 06020930509;ok;importar;yes
915013020002;SCREW NECK;915013020002;publish;"Engine: 12V4000M40A
Part Number: 915013020002
Designation: SCREW NECK
Measurement: 20 (M30X1,5/M26X1,5)
Weight: 0.067 KGM
Source Page: 218
BOM: 180.00038
Substitution Status: SI
New Part Number: 915013020002
Superseded List: 915013020002M, 915023022000, DDE N915023022000";SCREW NECK;;12VM40A-188;12V4000M40A, New, importar;simple;https://milu-naval.mystagingwebsite.com/wp-content/uploads/2026/02/12V4000M40A-0218-01-40.webp;12V4000M40A;218;40;180.00038;SCREW NECK;20 (M30X1,5/M26X1,5);0.067 KGM;SI;915013020002;915013020002M, 915023022000, DDE N915023022000;ok;importar;import_new;cumple condiciones para articulo nuevo;import_new;cumple condiciones para articulo nuevo;engine_12V4000M40A.json;1102350;218;915013020002;SCREW NECK;20 (M30X1,5/M26X1,5);0.067 KGM;SI;New;915013020002;915013020002M, 915023022000, DDE N915023022000;ok;importar;yes
915004040205;SEALING CONE;915004040205;publish;"Engine: 12V4000M40A
Part Number: 915004040205
Designation: SEALING CONE
Measurement: MBN15004
Weight: 107,300 G
Source Page: 220
BOM: X00024195
Substitution Status: 
New Part Number: 
Superseded List: ";SEALING CONE;;12VM40A-188;12V4000M40A, importar;simple;https://milu-naval.mystagingwebsite.com/wp-content/uploads/2026/02/12V4000M40A-0220-01-340.webp;12V4000M40A;220;340;X00024195;SEALING CONE;MBN15004;107,300 G;;;;ok;importar;import_new;cumple condiciones para articulo nuevo | PN y designation_final validos, sin conflictos criticos;import_new;cumple condiciones para articulo nuevo | PN y designation_final validos, sin conflictos criticos;engine_12V4000M40A.json;1102312;220;915004040205;SEALING CONE;MBN15004;107,300 G;;;;;ok;importar;yes
0023912760297209;PIPE;0023912760297209;publish;"Engine: 12V4000M40A
Part Number: 0023912760297209
Designation: PIPE
Measurement: 
Weight: 
Source Page: 220
BOM: X00024195
Substitution Status: 
New Part Number: 
Superseded List: ";PIPE;;12VM40A-188;12V4000M40A, importar;simple;https://milu-naval.mystagingwebsite.com/wp-content/uploads/2026/02/12V4000M40A-0220-01-191.webp;12V4000M40A;220;191;X00024195;PIPE;;;;;;ok;importar;import_new;cumple condiciones para articulo nuevo | PN y designation_final validos, sin conflictos criticos;import_new;cumple condiciones para articulo nuevo | PN y designation_final validos, sin conflictos criticos;engine_12V4000M40A.json;1102370;220;0023912760297209;PIPE;;;;;;;ok;importar;yes
0023912783127147;PIPE;0023912783127147;publish;"Engine: 12V4000M40A
Part Number: 0023912783127147
Designation: PIPE
Measurement: 
Weight: 
Source Page: 220
BOM: X00024195
Substitution Status: 
New Part Number: 
Superseded List: ";PIPE;;12VM40A-188;12V4000M40A, importar;simple;https://milu-naval.mystagingwebsite.com/wp-content/uploads/2026/02/12V4000M40A-0220-01-100.webp;12V4000M40A;220;100;X00024195;PIPE;;;;;;ok;importar;import_new;cumple condiciones para articulo nuevo | PN y designation_final validos, sin conflictos criticos;import_new;cumple condiciones para articulo nuevo | PN y designation_final validos, sin conflictos criticos;engine_12V4000M40A.json;1102385;220;0023912783127147;PIPE;;;;;;;ok;importar;yes
000933012077;HEX SCREW;000933012077;publish;"Engine: 12V4000M40A
Part Number: 000933012077
Designation: HEX SCREW
Measurement: M 12 X 35
Weight: 0.042 KGM
Source Page: 224
BOM: XS524180.00020
Substitution Status: SI
New Part Number: 000933012077
Superseded List: 000933012018, 06.01283-1318, 06.01283-3318, 06012833318, 5269900301";HEX SCREW;;12VM40A-189;12V4000M40A, New, importar;simple;https://milu-naval.mystagingwebsite.com/wp-content/uploads/2026/02/12V4000M40A-0223-01-80.webp, https://milu-naval.mystagingwebsite.com/wp-content/uploads/2026/02/12V4000M40A-0224-01-80.webp;12V4000M40A;224;80;XS524180.00020;HEX SCREW;M 12 X 35;0.042 KGM;SI;000933012077;000933012018, 06.01283-1318, 06.01283-3318, 06012833318, 5269900301;ok;importar;import_new;cumple condiciones para articulo nuevo;import_new;cumple condiciones para articulo nuevo;engine_12V4000M40A.json;1100780;224;000933012077;HEX SCREW;M 12 X 35;0.042 KGM;SI;New;000933012077;000933012018, 06.01283-1318, 06.01283-3318, 06012833318, 5269900301;ok;importar;yes
XP52418900015;FLANGED BEARING;xp52418900015;publish;"Engine: 12V4000M40A
Part Number: XP52418900015
Designation: FLANGED BEARING
Measurement: 
Weight: 
Source Page: 226
BOM: X52418900012
Substitution Status: 
New Part Number: 
Superseded List: ";FLANGED BEARING;;12VM40A-189;12V4000M40A, importar;simple;https://milu-naval.mystagingwebsite.com/wp-content/uploads/2026/02/12V4000M40A-0226-01-20.webp;12V4000M40A;226;20;X52418900012;FLANGED BEARING;;;;;;ok;importar;import_new;cumple condiciones para articulo nuevo | PN y designation_final validos, sin conflictos criticos;import_new;cumple condiciones para articulo nuevo | PN y designation_final validos, sin conflictos criticos;engine_12V4000M40A.json;1102648;226;XP52418900015;FLANGED BEARING;;;;;;;ok;importar;yes
XP53618100003;PLATE;xp53618100003;publish;"Engine: 20V4000M93L
Part Number: XP53618100003
Designation: PLATE
Measurement: 38X32X0,5
Weight: AC
Source Page: 1365
BOM: X52418900008
Substitution Status: 
New Part Number: 
Superseded List: ";PLATE;;20VM93L-189;20V4000M93L, importar;simple;https://milu-naval.mystagingwebsite.com/wp-content/uploads/2026/02/20V4000M93L-1365-01-50.webp;20V4000M93L;1365;50;X52418900008;PLATE;38X32X0,5;AC;;;;ok;importar;import_new;cumple condiciones para articulo nuevo | PN y designation_final validos, sin conflictos criticos;import_new;cumple condiciones para articulo nuevo | PN y designation_final validos, sin conflictos criticos;engine_20V4000M93L.json;1802204;1365;XP53618100003;PLATE;38X32X0,5;AC;;;;;ok;importar;yes
XP53618100006;GEAR;xp53618100006;publish;"Engine: 12V4000M40A
Part Number: XP53618100006
Designation: GEAR
Measurement: 
Weight: 
Source Page: 227
BOM: XP52418900013
Substitution Status: 
New Part Number: 
Superseded List: ";GEAR;;12VM40A-189;12V4000M40A, importar;simple;https://milu-naval.mystagingwebsite.com/wp-content/uploads/2026/02/12V4000M40A-0227-01-30.webp;12V4000M40A;227;30;XP52418900013;GEAR;;;;;;ok;importar;import_new;cumple condiciones para articulo nuevo | PN y designation_final validos, sin conflictos criticos;import_new;cumple condiciones para articulo nuevo | PN y designation_final validos, sin conflictos criticos;engine_12V4000M40A.json;1102680;227;XP53618100006;GEAR;;;;;;;ok;importar;yes
XP53618100007;GEAR;xp53618100007;publish;"Engine: 12V4000M40A
Part Number: XP53618100007
Designation: GEAR
Measurement: 
Weight: 
Source Page: 227
BOM: XP52418900013
Substitution Status: 
New Part Number: 
Superseded List: ";GEAR;;12VM40A-189;12V4000M40A, importar;simple;https://milu-naval.mystagingwebsite.com/wp-content/uploads/2026/02/12V4000M40A-0227-01-40.webp;12V4000M40A;227;40;XP52418900013;GEAR;;;;;;ok;importar;import_new;cumple condiciones para articulo nuevo | PN y designation_final validos, sin conflictos criticos;import_new;cumple condiciones para articulo nuevo | PN y designation_final validos, sin conflictos criticos;engine_12V4000M40A.json;1102681;227;XP53618100007;GEAR;;;;;;;ok;importar;yes
XP53618100008;GRUB SCREW;xp53618100008;publish;"Engine: 12V4000M40A
Part Number: XP53618100008
Designation: GRUB SCREW
Measurement: 
Weight: 
Source Page: 227
BOM: XP52418900013
Substitution Status: 
New Part Number: 
Superseded List: ";GRUB SCREW;;12VM40A-189;12V4000M40A, importar;simple;https://milu-naval.mystagingwebsite.com/wp-content/uploads/2026/02/12V4000M40A-0227-01-130.webp;12V4000M40A;227;130;XP52418900013;GRUB SCREW;;;;;;ok;importar;import_new;cumple condiciones para articulo nuevo | PN y designation_final validos, sin conflictos criticos;import_new;cumple condiciones para articulo nuevo | PN y designation_final validos, sin conflictos criticos;engine_12V4000M40A.json;1102682;227;XP53618100008;GRUB SCREW;;;;;;;ok;importar;yes
915007020001;CONNECTOR 20/16;915007020001;publish;"Engine: 12V4000M40A
Part Number: 915007020001
Designation: CONNECTOR 20/16
Measurement: 20 / 16
Weight: 0.087 KGM
Source Page: 230
BOM: X00030235
Substitution Status: 
New Part Number: 
Superseded List: ";CONNECTOR 20/16;;12VM40A-200;12V4000M40A, importar;simple;https://milu-naval.mystagingwebsite.com/wp-content/uploads/2026/02/12V4000M40A-0229-01-100.webp;12V4000M40A;230;100;X00030235;CONNECTOR 20/16;20 / 16;0.087 KGM;;;;ok;importar;import_new;cumple condiciones para articulo nuevo | PN y designation_final validos, sin conflictos criticos;import_new;cumple condiciones para articulo nuevo | PN y designation_final validos, sin conflictos criticos;engine_12V4000M40A.json;1102342;230;915007020001;CONNECTOR 20/16;20 / 16;0.087 KGM;;;;;ok;importar;yes
5552035039;RESTRICTOR;5552035039;publish;"Engine: 12V4000M40A
Part Number: 5552035039
Designation: RESTRICTOR
Measurement: 
Weight: 250 G
Source Page: 238
BOM: XS527200.00049
Substitution Status: 
New Part Number: 
Superseded List: ";RESTRICTOR;;12VM40A-200;12V4000M40A, importar;simple;https://milu-naval.mystagingwebsite.com/wp-content/uploads/2026/01/sin_imagen.jpeg;12V4000M40A;238;353;XS527200.00049;RESTRICTOR;;250 G;;;;ok;importar;import_new;cumple condiciones para articulo nuevo | PN y designation_final validos, sin conflictos criticos;import_new;cumple condiciones para articulo nuevo | PN y designation_final validos, sin conflictos criticos;engine_12V4000M40A.json;1101505;238;5552035039;RESTRICTOR;;250 G;;;;;ok;importar;yes
2017555865007019;PIPE;2017555865007019;publish;"Engine: 12V4000M40A
Part Number: 2017555865007019
Designation: PIPE
Measurement: 
Weight: 
Source Page: 238
BOM: XS527200.00049
Substitution Status: 
New Part Number: 
Superseded List: ";PIPE;;12VM40A-200;12V4000M40A, importar;simple;https://milu-naval.mystagingwebsite.com/wp-content/uploads/2026/01/sin_imagen.jpeg;12V4000M40A;238;30;XS527200.00049;PIPE;;;;;;ok;importar;import_new;cumple condiciones para articulo nuevo | PN y designation_final validos, sin conflictos criticos;import_new;cumple condiciones para articulo nuevo | PN y designation_final validos, sin conflictos criticos;engine_12V4000M40A.json;1102386;238;2017555865007019;PIPE;;;;;;;ok;importar;yes
5909950169;PIPE HALF-CLAMP;5909950169;publish;"Engine: 12V4000M40A
Part Number: 5909950169
Designation: PIPE HALF-CLAMP
Measurement: 
Weight: 
Source Page: 239
BOM: XS527200.00049
Substitution Status: 
New Part Number: 
Superseded List: ";PIPE HALF-CLAMP;;12VM40A-200;12V4000M40A, importar;simple;https://milu-naval.mystagingwebsite.com/wp-content/uploads/2026/01/sin_imagen.jpeg;12V4000M40A;239;530;XS527200.00049;PIPE HALF-CLAMP;;;;;;ok;importar;import_new;cumple condiciones para articulo nuevo | PN y designation_final validos, sin conflictos criticos;import_new;cumple condiciones para articulo nuevo | PN y designation_final validos, sin conflictos criticos;engine_12V4000M40A.json;1101546;239;5909950169;PIPE HALF-CLAMP;;;;;;;ok;importar;yes
700383030101;BOSS;700383030101;publish;"Engine: 12V4000M40A
Part Number: 700383030101
Designation: BOSS
Measurement: 
Weight: 0,053 G
Source Page: 239
BOM: XS527200.00049
Substitution Status: 
New Part Number: 
Superseded List: ";BOSS;;12VM40A-200;12V4000M40A, importar;simple;https://milu-naval.mystagingwebsite.com/wp-content/uploads/2026/01/sin_imagen.jpeg;12V4000M40A;239;742;XS527200.00049;BOSS;;0,053 G;;;;ok;importar;import_new;cumple condiciones para articulo nuevo | PN y designation_final validos, sin conflictos criticos;import_new;cumple condiciones para articulo nuevo | PN y designation_final validos, sin conflictos criticos;engine_12V4000M40A.json;1102025;239;700383030101;BOSS;;0,053 G;;;;;ok;importar;yes
0017555865004356;PIPE;0017555865004356;publish;"Engine: 12V4000M40A
Part Number: 0017555865004356
Designation: PIPE
Measurement: 
Weight: 
Source Page: 239
BOM: XS527200.00049
Substitution Status: 
New Part Number: 
Superseded List: ";PIPE;;12VM40A-200;12V4000M40A, importar;simple;https://milu-naval.mystagingwebsite.com/wp-content/uploads/2026/01/sin_imagen.jpeg;12V4000M40A;239;600;XS527200.00049;PIPE;;;;;;ok;importar;import_new;cumple condiciones para articulo nuevo | PN y designation_final validos, sin conflictos criticos;import_new;cumple condiciones para articulo nuevo | PN y designation_final validos, sin conflictos criticos;engine_12V4000M40A.json;1102357;239;0017555865004356;PIPE;;;;;;;ok;importar;yes
2024622783317022;SEAMLESS PIPE (S);2024622783317022;publish;"Engine: 12V4000M40A
Part Number: 2024622783317022
Designation: SEAMLESS PIPE (S)
Measurement: 
Weight: 
Source Page: 239
BOM: XS527200.00049
Substitution Status: 
New Part Number: 
Superseded List: ";SEAMLESS PIPE (S);;12VM40A-200;12V4000M40A, importar;simple;https://milu-naval.mystagingwebsite.com/wp-content/uploads/2026/01/sin_imagen.jpeg;12V4000M40A;239;750;XS527200.00049;SEAMLESS PIPE (S);;;;;;ok;importar;import_new;cumple condiciones para articulo nuevo | PN y designation_final validos, sin conflictos criticos;import_new;cumple condiciones para articulo nuevo | PN y designation_final validos, sin conflictos criticos;engine_12V4000M40A.json;1102388;239;2024622783317022;SEAMLESS PIPE (S);;;;;;;ok;importar;yes
X00002078;BLIND FLANGE;x00002078;publish;"Engine: 12V4000M40A
Part Number: X00002078
Designation: BLIND FLANGE
Measurement: 
Weight: 1,986 G
Source Page: 239
BOM: XS527200.00049
Substitution Status: 
New Part Number: 
Superseded List: ";BLIND FLANGE;;12VM40A-200;12V4000M40A, importar;simple;https://milu-naval.mystagingwebsite.com/wp-content/uploads/2026/01/sin_imagen.jpeg;12V4000M40A;239;810;XS527200.00049;BLIND FLANGE;;1,986 G;;;;ok;importar;import_new;cumple condiciones para articulo nuevo | PN y designation_final validos, sin conflictos criticos;import_new;cumple condiciones para articulo nuevo | PN y designation_final validos, sin conflictos criticos;engine_12V4000M40A.json;1102436;239;X00002078;BLIND FLANGE;;1,986 G;;;;;ok;importar;yes
0023912760297304;PIPE;0023912760297304;publish;"Engine: 12V4000M40A
Part Number: 0023912760297304
Designation: PIPE
Measurement: 
Weight: 
Source Page: 244
BOM: XK526200.746010-01
Substitution Status: 
New Part Number: 
Superseded List: ";PIPE;;12VM40A-202;12V4000M40A, importar;simple;https://milu-naval.mystagingwebsite.com/wp-content/uploads/2026/02/12V4000M40A-0243-01-1100.webp;12V4000M40A;244;1100;XK526200.746010-01;PIPE;;;;;;ok;importar;import_new;cumple condiciones para articulo nuevo | PN y designation_final validos, sin conflictos criticos;import_new;cumple condiciones para articulo nuevo | PN y designation_final validos, sin conflictos criticos;engine_12V4000M40A.json;1102377;244;0023912760297304;PIPE;;;;;;;ok;importar;yes
0023912783127055;PIPE;0023912783127055;publish;"Engine: 12V4000M40A
Part Number: 0023912783127055
Designation: PIPE
Measurement: 
Weight: 
Source Page: 244
BOM: XK526200.746010-01
Substitution Status: 
New Part Number: 
Superseded List: ";PIPE;;12VM40A-202;12V4000M40A, importar;simple;https://milu-naval.mystagingwebsite.com/wp-content/uploads/2026/02/12V4000M40A-0243-01-610.webp;12V4000M40A;244;610;XK526200.746010-01;PIPE;;;;;;ok;importar;import_new;cumple condiciones para articulo nuevo | PN y designation_final validos, sin conflictos criticos;import_new;cumple condiciones para articulo nuevo | PN y designation_final validos, sin conflictos criticos;engine_12V4000M40A.json;1102378;244;0023912783127055;PIPE;;;;;;;ok;importar;yes
000908030002;THREAD PLUG;000908030002;publish;"Engine: 12V4000M40A
Part Number: 000908030002
Designation: THREAD PLUG
Measurement: M 30 X 1,5
Weight: 0.085 KGM
Source Page: 246
BOM: XS524200.00004
Substitution Status: SI
New Part Number: 000908030002
Superseded List: 000908030000, 06.08040-0111";THREAD PLUG;;12VM40A-202;12V4000M40A, New, importar;simple;https://milu-naval.mystagingwebsite.com/wp-content/uploads/2026/02/12V4000M40A-0245-02-600.webp;12V4000M40A;246;600;XS524200.00004;THREAD PLUG;M 30 X 1,5;0.085 KGM;SI;000908030002;000908030000, 06.08040-0111;ok;importar;import_new;cumple condiciones para articulo nuevo;import_new;cumple condiciones para articulo nuevo;engine_12V4000M40A.json;1100624;246;000908030002;THREAD PLUG;M 30 X 1,5;0.085 KGM;SI;New;000908030002;000908030000, 06.08040-0111;ok;importar;yes
700223010000;BOLT BANJO A12;700223010000;publish;"Engine: 12V4000M40A
Part Number: 700223010000
Designation: BOLT BANJO A12
Measurement: A 12
Weight: 0.064 KGM
Source Page: 246
BOM: XS524200.00004
Substitution Status: 
New Part Number: 
Superseded List: ";BOLT BANJO A12;;12VM40A-202;12V4000M40A, importar;simple;https://milu-naval.mystagingwebsite.com/wp-content/uploads/2026/01/sin_imagen.jpeg;12V4000M40A;246;1250;XS524200.00004;BOLT BANJO A12;A 12;0.064 KGM;;;;ok;importar;import_new;cumple condiciones para articulo nuevo | PN y designation_final validos, sin conflictos criticos;import_new;cumple condiciones para articulo nuevo | PN y designation_final validos, sin conflictos criticos;engine_12V4000M40A.json;1101930;246;700223010000;BOLT BANJO A12;A 12;0.064 KGM;;;;;ok;importar;yes
007603026109;COPPER SEALING RING;007603026109;publish;"Engine: 12V4000M40A
Part Number: 007603026109
Designation: COPPER SEALING RING
Measurement: A 26 X 34
Weight: 0.005 KGM
Source Page: 258
BOM: 200.00600
Substitution Status: SI
New Part Number: 007603026109
Superseded List: 000N06100/1, 06.56190-0727, 8691840040, XP52608100007";COPPER SEALING RING;;12VM40A-202;12V4000M40A, New, importar;simple;https://milu-naval.mystagingwebsite.com/wp-content/uploads/2026/02/12V4000M40A-0256-02-830.webp;12V4000M40A;258;830;200.00600;COPPER SEALING RING;A 26 X 34;0.005 KGM;SI;007603026109;000N06100/1, 06.56190-0727, 8691840040, XP52608100007;ok;importar;import_new;cumple condiciones para articulo nuevo;import_new;cumple condiciones para articulo nuevo;engine_12V4000M40A.json;1101626;258;007603026109;COPPER SEALING RING;A 26 X 34;0.005 KGM;SI;New;007603026109;000N06100/1, 06.56190-0727, 8691840040, XP52608100007;ok;importar;yes
X52623300014/30;BASE FRAME;x52623300014-30;publish;"Engine: 12V4000M40A
Part Number: X52623300014/30
Designation: BASE FRAME
Measurement: 
Weight: 
Source Page: 290
BOM: XK526230.746010-05
Substitution Status: 
New Part Number: 
Superseded List: ";BASE FRAME;;12VM40A-230;12V4000M40A, importar;simple;https://milu-naval.mystagingwebsite.com/wp-content/uploads/2026/02/12V4000M40A-0290-01-20.webp;12V4000M40A;290;20;XK526230.746010-05;BASE FRAME;;;;;;ok;importar;import_new;cumple condiciones para articulo nuevo | PN y designation_final validos, sin conflictos criticos;import_new;cumple condiciones para articulo nuevo | PN y designation_final validos, sin conflictos criticos;engine_12V4000M40A.json;1102634;290;X52623300014/30;BASE FRAME;;;;;;;ok;importar;yes
5272300038;STOP;5272300038;publish;"Engine: 12V4000M40A
Part Number: 5272300038
Designation: STOP
Measurement: 
Weight: 157 KG
Source Page: 299
BOM: X00022383
Substitution Status: 
New Part Number: 
Superseded List: ";STOP;;12VM40A-233;12V4000M40A, importar;simple;https://milu-naval.mystagingwebsite.com/wp-content/uploads/2026/02/12V4000M40A-0299-01-40.webp;12V4000M40A;299;40;X00022383;STOP;;157 KG;;;;ok;importar;import_new;cumple condiciones para articulo nuevo | PN y designation_final validos, sin conflictos criticos;import_new;cumple condiciones para articulo nuevo | PN y designation_final validos, sin conflictos criticos;engine_12V4000M40A.json;1101419;299;5272300038;STOP;;157 KG;;;;;ok;importar;yes
0009900385;EYEBOLT;0009900385;publish;"Engine: 12V4000M40A
Part Number: 0009900385
Designation: EYEBOLT
Measurement: 
Weight: 
Source Page: 300
BOM: 5272300038
Substitution Status: 
New Part Number: 
Superseded List: ";EYEBOLT;;12VM40A-233;12V4000M40A, importar;simple;https://milu-naval.mystagingwebsite.com/wp-content/uploads/2026/02/12V4000M40A-0300-01-95.webp;12V4000M40A;300;95;5272300038;EYEBOLT;;;;;;ok;importar;import_new;cumple condiciones para articulo nuevo | PN y designation_final validos, sin conflictos criticos;import_new;cumple condiciones para articulo nuevo | PN y designation_final validos, sin conflictos criticos;engine_12V4000M40A.json;1100230;300;0009900385;EYEBOLT;;;;;;;ok;importar;yes
0022373712;RUBBER MOUNT;0022373712;publish;"Engine: 12V4000M40A
Part Number: 0022373712
Designation: RUBBER MOUNT
Measurement: 
Weight: 3,311 KG
Source Page: 300
BOM: 5272300038
Substitution Status: 
New Part Number: 
Superseded List: ";RUBBER MOUNT;;12VM40A-233;12V4000M40A, importar;simple;https://milu-naval.mystagingwebsite.com/wp-content/uploads/2026/02/12V4000M40A-0300-01-105.webp;12V4000M40A;300;105;5272300038;RUBBER MOUNT;;3,311 KG;;;;ok;importar;import_new;cumple condiciones para articulo nuevo | PN y designation_final validos, sin conflictos criticos;import_new;cumple condiciones para articulo nuevo | PN y designation_final validos, sin conflictos criticos;engine_12V4000M40A.json;1100332;300;0022373712;RUBBER MOUNT;;3,311 KG;;;;;ok;importar;yes
5842370274;PIN;5842370274;publish;"Engine: 12V4000M40A
Part Number: 5842370274
Designation: PIN
Measurement: 
Weight: 
Source Page: 300
BOM: 5272300038
Substitution Status: 
New Part Number: 
Superseded List: ";PIN;;12VM40A-233;12V4000M40A, importar;simple;https://milu-naval.mystagingwebsite.com/wp-content/uploads/2026/02/12V4000M40A-0300-01-30.webp;12V4000M40A;300;30;5272300038;PIN;;;;;;ok;importar;import_new;cumple condiciones para articulo nuevo | PN y designation_final validos, sin conflictos criticos;import_new;cumple condiciones para articulo nuevo | PN y designation_final validos, sin conflictos criticos;engine_12V4000M40A.json;1101531;300;5842370274;PIN;;;;;;;ok;importar;yes
5842370351;SPACER RING;5842370351;publish;"Engine: 12V4000M40A
Part Number: 5842370351
Designation: SPACER RING
Measurement: 
Weight: 
Source Page: 300
BOM: 5272300038
Substitution Status: 
New Part Number: 
Superseded List: ";SPACER RING;;12VM40A-233;12V4000M40A, importar;simple;https://milu-naval.mystagingwebsite.com/wp-content/uploads/2026/02/12V4000M40A-0300-01-45.webp;12V4000M40A;300;45;5272300038;SPACER RING;;;;;;ok;importar;import_new;cumple condiciones para articulo nuevo | PN y designation_final validos, sin conflictos criticos;import_new;cumple condiciones para articulo nuevo | PN y designation_final validos, sin conflictos criticos;engine_12V4000M40A.json;1101532;300;5842370351;SPACER RING;;;;;;;ok;importar;yes
5842370451;SPACER RING;5842370451;publish;"Engine: 12V4000M40A
Part Number: 5842370451
Designation: SPACER RING
Measurement: 
Weight: 
Source Page: 300
BOM: 5272300038
Substitution Status: 
New Part Number: 
Superseded List: ";SPACER RING;;12VM40A-233;12V4000M40A, importar;simple;https://milu-naval.mystagingwebsite.com/wp-content/uploads/2026/02/12V4000M40A-0300-01-50.webp;12V4000M40A;300;50;5272300038;SPACER RING;;;;;;ok;importar;import_new;cumple condiciones para articulo nuevo | PN y designation_final validos, sin conflictos criticos;import_new;cumple condiciones para articulo nuevo | PN y designation_final validos, sin conflictos criticos;engine_12V4000M40A.json;1101533;300;5842370451;SPACER RING;;;;;;;ok;importar;yes
5842370551;SPACER RING;5842370551;publish;"Engine: 12V4000M40A
Part Number: 5842370551
Designation: SPACER RING
Measurement: 
Weight: 
Source Page: 300
BOM: 5272300038
Substitution Status: 
New Part Number: 
Superseded List: ";SPACER RING;;12VM40A-233;12V4000M40A, importar;simple;https://milu-naval.mystagingwebsite.com/wp-content/uploads/2026/02/12V4000M40A-0300-01-40.webp;12V4000M40A;300;40;5272300038;SPACER RING;;;;;;ok;importar;import_new;cumple condiciones para articulo nuevo | PN y designation_final validos, sin conflictos criticos;import_new;cumple condiciones para articulo nuevo | PN y designation_final validos, sin conflictos criticos;engine_12V4000M40A.json;1101534;300;5842370551;SPACER RING;;;;;;;ok;importar;yes
5842370671;SCREW;5842370671;publish;"Engine: 12V4000M40A
Part Number: 5842370671
Designation: SCREW
Measurement: 
Weight: 
Source Page: 300
BOM: 5272300038
Substitution Status: 
New Part Number: 
Superseded List: ";SCREW;;12VM40A-233;12V4000M40A, importar;simple;https://milu-naval.mystagingwebsite.com/wp-content/uploads/2026/02/12V4000M40A-0300-01-35.webp;12V4000M40A;300;35;5272300038;SCREW;;;;;;ok;importar;import_new;cumple condiciones para articulo nuevo | PN y designation_final validos, sin conflictos criticos;import_new;cumple condiciones para articulo nuevo | PN y designation_final validos, sin conflictos criticos;engine_12V4000M40A.json;1101535;300;5842370671;SCREW;;;;;;;ok;importar;yes
5842370836;PLATE;5842370836;publish;"Engine: 12V4000M40A
Part Number: 5842370836
Designation: PLATE
Measurement: 
Weight: 27,760 KG
Source Page: 300
BOM: 5272300038
Substitution Status: 
New Part Number: 
Superseded List: ";PLATE;;12VM40A-233;12V4000M40A, importar;simple;https://milu-naval.mystagingwebsite.com/wp-content/uploads/2026/02/12V4000M40A-0300-01-5.webp;12V4000M40A;300;5;5272300038;PLATE;;27,760 KG;;;;ok;importar;import_new;cumple condiciones para articulo nuevo | PN y designation_final validos, sin conflictos criticos;import_new;cumple condiciones para articulo nuevo | PN y designation_final validos, sin conflictos criticos;engine_12V4000M40A.json;1101536;300;5842370836;PLATE;;27,760 KG;;;;;ok;importar;yes
5842370936;PLATE;5842370936;publish;"Engine: 12V4000M40A
Part Number: 5842370936
Designation: PLATE
Measurement: 
Weight: 
Source Page: 300
BOM: 5272300038
Substitution Status: 
New Part Number: 
Superseded List: ";PLATE;;12VM40A-233;12V4000M40A, importar;simple;https://milu-naval.mystagingwebsite.com/wp-content/uploads/2026/02/12V4000M40A-0300-01-20.webp;12V4000M40A;300;20;5272300038;PLATE;;;;;;ok;importar;import_new;cumple condiciones para articulo nuevo | PN y designation_final validos, sin conflictos criticos;import_new;cumple condiciones para articulo nuevo | PN y designation_final validos, sin conflictos criticos;engine_12V4000M40A.json;1101537;300;5842370936;PLATE;;;;;;;ok;importar;yes
5842371640;RETAINER;5842371640;publish;"Engine: 12V4000M40A
Part Number: 5842371640
Designation: RETAINER
Measurement: 
Weight: 
Source Page: 300
BOM: 5272300038
Substitution Status: 
New Part Number: 
Superseded List: ";RETAINER;;12VM40A-233;12V4000M40A, importar;simple;https://milu-naval.mystagingwebsite.com/wp-content/uploads/2026/02/12V4000M40A-0300-01-25.webp;12V4000M40A;300;25;5272300038;RETAINER;;;;;;ok;importar;import_new;cumple condiciones para articulo nuevo | PN y designation_final validos, sin conflictos criticos;import_new;cumple condiciones para articulo nuevo | PN y designation_final validos, sin conflictos criticos;engine_12V4000M40A.json;1101538;300;5842371640;RETAINER;;;;;;;ok;importar;yes
5842371740;RETAINER;5842371740;publish;"Engine: 12V4000M40A
Part Number: 5842371740
Designation: RETAINER
Measurement: 
Weight: 
Source Page: 300
BOM: 5272300038
Substitution Status: 
New Part Number: 
Superseded List: ";RETAINER;;12VM40A-233;12V4000M40A, importar;simple;https://milu-naval.mystagingwebsite.com/wp-content/uploads/2026/02/12V4000M40A-0300-01-10.webp;12V4000M40A;300;10;5272300038;RETAINER;;;;;;ok;importar;import_new;cumple condiciones para articulo nuevo | PN y designation_final validos, sin conflictos criticos;import_new;cumple condiciones para articulo nuevo | PN y designation_final validos, sin conflictos criticos;engine_12V4000M40A.json;1101539;300;5842371740;RETAINER;;;;;;;ok;importar;yes
5842371840;RETAINER;5842371840;publish;"Engine: 12V4000M40A
Part Number: 5842371840
Designation: RETAINER
Measurement: 
Weight: 
Source Page: 300
BOM: 5272300038
Substitution Status: 
New Part Number: 
Superseded List: ";RETAINER;;12VM40A-233;12V4000M40A, importar;simple;https://milu-naval.mystagingwebsite.com/wp-content/uploads/2026/02/12V4000M40A-0300-01-15.webp;12V4000M40A;300;15;5272300038;RETAINER;;;;;;ok;importar;import_new;cumple condiciones para articulo nuevo | PN y designation_final validos, sin conflictos criticos;import_new;cumple condiciones para articulo nuevo | PN y designation_final validos, sin conflictos criticos;engine_12V4000M40A.json;1101540;300;5842371840;RETAINER;;;;;;;ok;importar;yes
Z=DIN935 M30;CASTLE NUT;z-din935-m30;publish;"Engine: 12V4000M40A
Part Number: Z=DIN935 M30
Designation: CASTLE NUT
Measurement: 
Weight: 
Source Page: 300
BOM: 5272300038
Substitution Status: 
New Part Number: 
Superseded List: ";CASTLE NUT;;12VM40A-233;12V4000M40A, importar;simple;https://milu-naval.mystagingwebsite.com/wp-content/uploads/2026/02/12V4000M40A-0300-01-80.webp;12V4000M40A;300;80;5272300038;CASTLE NUT;;;;;;ok;importar;import_new;cumple condiciones para articulo nuevo | PN y designation_final validos, sin conflictos criticos;import_new;cumple condiciones para articulo nuevo | PN y designation_final validos, sin conflictos criticos;engine_12V4000M40A.json;1102740;300;Z=DIN935 M30;CASTLE NUT;;;;;;;ok;importar;yes
Z=DIN94 6.3X50;SPLIT PIN;z-din94-6-3x50;publish;"Engine: 12V4000M40A
Part Number: Z=DIN94 6.3X50
Designation: SPLIT PIN
Measurement: 
Weight: 
Source Page: 300
BOM: 5272300038
Substitution Status: 
New Part Number: 
Superseded List: ";SPLIT PIN;;12VM40A-233;12V4000M40A, importar;simple;https://milu-naval.mystagingwebsite.com/wp-content/uploads/2026/02/12V4000M40A-0300-01-90.webp;12V4000M40A;300;90;5272300038;SPLIT PIN;;;;;;ok;importar;import_new;cumple condiciones para articulo nuevo | PN y designation_final validos, sin conflictos criticos;import_new;cumple condiciones para articulo nuevo | PN y designation_final validos, sin conflictos criticos;engine_12V4000M40A.json;1102741;300;Z=DIN94 6.3X50;SPLIT PIN;;;;;;;ok;importar;yes
5272370335;PLATE;5272370335;publish;"Engine: 12V4000M40A
Part Number: 5272370335
Designation: PLATE
Measurement: 
Weight: 12,980 KG
Source Page: 301
BOM: XS526230.00022
Substitution Status: 
New Part Number: 
Superseded List: ";PLATE;;12VM40A-233;12V4000M40A, importar;simple;https://milu-naval.mystagingwebsite.com/wp-content/uploads/2026/01/sin_imagen.jpeg;12V4000M40A;301;120;XS526230.00022;PLATE;;12,980 KG;;;;ok;importar;import_new;cumple condiciones para articulo nuevo | PN y designation_final validos, sin conflictos criticos;import_new;cumple condiciones para articulo nuevo | PN y designation_final validos, sin conflictos criticos;engine_12V4000M40A.json;1101420;301;5272370335;PLATE;;12,980 KG;;;;;ok;importar;yes
5272370435;PLATE;5272370435;publish;"Engine: 12V4000M40A
Part Number: 5272370435
Designation: PLATE
Measurement: 
Weight: 15,520 KG
Source Page: 301
BOM: XS526230.00022
Substitution Status: 
New Part Number: 
Superseded List: ";PLATE;;12VM40A-233;12V4000M40A, importar;simple;https://milu-naval.mystagingwebsite.com/wp-content/uploads/2026/01/sin_imagen.jpeg;12V4000M40A;301;150;XS526230.00022;PLATE;;15,520 KG;;;;ok;importar;import_new;cumple condiciones para articulo nuevo | PN y designation_final validos, sin conflictos criticos;import_new;cumple condiciones para articulo nuevo | PN y designation_final validos, sin conflictos criticos;engine_12V4000M40A.json;1101421;301;5272370435;PLATE;;15,520 KG;;;;;ok;importar;yes
X00026092;INTERMEDIATE RING;x00026092;publish;"Engine: 12V4000M40A
Part Number: X00026092
Designation: INTERMEDIATE RING
Measurement: 
Weight: 25,600 KG
Source Page: 303
BOM: X00029665
Substitution Status: 
New Part Number: 
Superseded List: ";INTERMEDIATE RING;;12VM40A-245;12V4000M40A, importar;simple;https://milu-naval.mystagingwebsite.com/wp-content/uploads/2026/02/12V4000M40A-0303-01-900.webp;12V4000M40A;303;900;X00029665;INTERMEDIATE RING;;25,600 KG;;;;ok;importar;import_new;cumple condiciones para articulo nuevo | PN y designation_final validos, sin conflictos criticos;import_new;cumple condiciones para articulo nuevo | PN y designation_final validos, sin conflictos criticos;engine_12V4000M40A.json;1102498;303;X00026092;INTERMEDIATE RING;;25,600 KG;;;;;ok;importar;yes
X00025415;SEGMENT FOR HOUSING;x00025415;publish;"Engine: 12V4000M40A
Part Number: X00025415
Designation: SEGMENT FOR HOUSING
Measurement: 
Weight: 
Source Page: 304
BOM: X00025824
Substitution Status: 
New Part Number: 
Superseded List: ";SEGMENT FOR HOUSING;;12VM40A-245;12V4000M40A, importar;simple;https://milu-naval.mystagingwebsite.com/wp-content/uploads/2026/02/12V4000M40A-0304-01-100.webp;12V4000M40A;304;100;X00025824;SEGMENT FOR HOUSING;;;;;;ok;importar;import_new;cumple condiciones para articulo nuevo | PN y designation_final validos, sin conflictos criticos;import_new;cumple condiciones para articulo nuevo | PN y designation_final validos, sin conflictos criticos;engine_12V4000M40A.json;1102496;304;X00025415;SEGMENT FOR HOUSING;;;;;;;ok;importar;yes
0202500001/30;TORS. RESILIENT CPL.;0202500001-30;publish;"Engine: 12V4000M40A
Part Number: 0202500001/30
Designation: TORS. RESILIENT CPL.
Measurement: 
Weight: 202 KGM
Source Page: 307
BOM: 250.00945
Substitution Status: SI
New Part Number: 0202500001/30
Superseded List: 0202500001/30";TORS. RESILIENT CPL.;;12VM40A-252;12V4000M40A, New, importar;simple;https://milu-naval.mystagingwebsite.com/wp-content/uploads/2026/02/12V4000M40A-0307-01-20.webp;12V4000M40A;307;20;250.00945;TORS. RESILIENT CPL.;;202 KGM;SI;0202500001/30;0202500001/30;ok;importar;import_new;cumple condiciones para articulo nuevo;import_new;cumple condiciones para articulo nuevo;engine_12V4000M40A.json;1102390;307;0202500001/30;TORS. RESILIENT CPL.;;202 KGM;SI;New;0202500001/30;0202500001/30;ok;importar;yes
X00025237;SPRING PACK;x00025237;publish;"Engine: 12V4000M40A
Part Number: X00025237
Designation: SPRING PACK
Measurement: 
Weight: 
Source Page: 308
BOM: 0202500001
Substitution Status: 
New Part Number: 
Superseded List: ";SPRING PACK;;12VM40A-252;12V4000M40A, importar;simple;https://milu-naval.mystagingwebsite.com/wp-content/uploads/2026/02/12V4000M40A-0308-01-10.webp;12V4000M40A;308;10;0202500001;SPRING PACK;;;;;;ok;importar;import_new;cumple condiciones para articulo nuevo | PN y designation_final validos, sin conflictos criticos;import_new;cumple condiciones para articulo nuevo | PN y designation_final validos, sin conflictos criticos;engine_12V4000M40A.json;1102485;308;X00025237;SPRING PACK;;;;;;;ok;importar;yes
X00025241;INTERMEDIATE RING;x00025241;publish;"Engine: 12V4000M40A
Part Number: X00025241
Designation: INTERMEDIATE RING
Measurement: 
Weight: 
Source Page: 308
BOM: 0202500001
Substitution Status: 
New Part Number: 
Superseded List: ";INTERMEDIATE RING;;12VM40A-252;12V4000M40A, importar;simple;https://milu-naval.mystagingwebsite.com/wp-content/uploads/2026/02/12V4000M40A-0308-01-20.webp;12V4000M40A;308;20;0202500001;INTERMEDIATE RING;;;;;;ok;importar;import_new;cumple condiciones para articulo nuevo | PN y designation_final validos, sin conflictos criticos;import_new;cumple condiciones para articulo nuevo | PN y designation_final validos, sin conflictos criticos;engine_12V4000M40A.json;1102486;308;X00025241;INTERMEDIATE RING;;;;;;;ok;importar;yes
X00025243;SIDE PLATE;x00025243;publish;"Engine: 12V4000M40A
Part Number: X00025243
Designation: SIDE PLATE
Measurement: 
Weight: 
Source Page: 308
BOM: 0202500001
Substitution Status: 
New Part Number: 
Superseded List: ";SIDE PLATE;;12VM40A-252;12V4000M40A, importar;simple;https://milu-naval.mystagingwebsite.com/wp-content/uploads/2026/02/12V4000M40A-0308-01-40.webp;12V4000M40A;308;40;0202500001;SIDE PLATE;;;;;;ok;importar;import_new;cumple condiciones para articulo nuevo | PN y designation_final validos, sin conflictos criticos;import_new;cumple condiciones para articulo nuevo | PN y designation_final validos, sin conflictos criticos;engine_12V4000M40A.json;1102487;308;X00025243;SIDE PLATE;;;;;;;ok;importar;yes
X00025244;INNER STAR;x00025244;publish;"Engine: 12V4000M40A
Part Number: X00025244
Designation: INNER STAR
Measurement: 
Weight: 
Source Page: 308
BOM: 0202500001
Substitution Status: 
New Part Number: 
Superseded List: ";INNER STAR;;12VM40A-252;12V4000M40A, importar;simple;https://milu-naval.mystagingwebsite.com/wp-content/uploads/2026/02/12V4000M40A-0308-01-50.webp;12V4000M40A;308;50;0202500001;INNER STAR;;;;;;ok;importar;import_new;cumple condiciones para articulo nuevo | PN y designation_final validos, sin conflictos criticos;import_new;cumple condiciones para articulo nuevo | PN y designation_final validos, sin conflictos criticos;engine_12V4000M40A.json;1102488;308;X00025244;INNER STAR;;;;;;;ok;importar;yes
X00025247;SHIM;x00025247;publish;"Engine: 12V4000M40A
Part Number: X00025247
Designation: SHIM
Measurement: 
Weight: 
Source Page: 308
BOM: 0202500001
Substitution Status: 
New Part Number: 
Superseded List: ";SHIM;;12VM40A-252;12V4000M40A, importar;simple;https://milu-naval.mystagingwebsite.com/wp-content/uploads/2026/02/12V4000M40A-0308-01-70.webp;12V4000M40A;308;70;0202500001;SHIM;;;;;;ok;importar;import_new;cumple condiciones para articulo nuevo | PN y designation_final validos, sin conflictos criticos;import_new;cumple condiciones para articulo nuevo | PN y designation_final validos, sin conflictos criticos;engine_12V4000M40A.json;1102490;308;X00025247;SHIM;;;;;;;ok;importar;yes
X00025250;SHIM;x00025250;publish;"Engine: 12V4000M40A
Part Number: X00025250
Designation: SHIM
Measurement: 
Weight: 
Source Page: 308
BOM: 0202500001
Substitution Status: 
New Part Number: 
Superseded List: ";SHIM;;12VM40A-252;12V4000M40A, importar;simple;https://milu-naval.mystagingwebsite.com/wp-content/uploads/2026/02/12V4000M40A-0308-01-80.webp;12V4000M40A;308;80;0202500001;SHIM;;;;;;ok;importar;import_new;cumple condiciones para articulo nuevo | PN y designation_final validos, sin conflictos criticos;import_new;cumple condiciones para articulo nuevo | PN y designation_final validos, sin conflictos criticos;engine_12V4000M40A.json;1102491;308;X00025250;SHIM;;;;;;;ok;importar;yes
X00025252;HEX SCREW;x00025252;publish;"Engine: 12V4000M40A
Part Number: X00025252
Designation: HEX SCREW
Measurement: 
Weight: 
Source Page: 308
BOM: 0202500001
Substitution Status: 
New Part Number: 
Superseded List: ";HEX SCREW;;12VM40A-252;12V4000M40A, importar;simple;https://milu-naval.mystagingwebsite.com/wp-content/uploads/2026/02/12V4000M40A-0308-01-120.webp;12V4000M40A;308;120;0202500001;HEX SCREW;;;;;;ok;importar;import_new;cumple condiciones para articulo nuevo | PN y designation_final validos, sin conflictos criticos;import_new;cumple condiciones para articulo nuevo | PN y designation_final validos, sin conflictos criticos;engine_12V4000M40A.json;1102492;308;X00025252;HEX SCREW;;;;;;;ok;importar;yes
X00025271;SLOTTED SPRING PIN;x00025271;publish;"Engine: 12V4000M40A
Part Number: X00025271
Designation: SLOTTED SPRING PIN
Measurement: 
Weight: 
Source Page: 308
BOM: 0202500001
Substitution Status: 
New Part Number: 
Superseded List: ";SLOTTED SPRING PIN;;12VM40A-252;12V4000M40A, importar;simple;https://milu-naval.mystagingwebsite.com/wp-content/uploads/2026/02/12V4000M40A-0308-01-250.webp;12V4000M40A;308;250;0202500001;SLOTTED SPRING PIN;;;;;;ok;importar;import_new;cumple condiciones para articulo nuevo | PN y designation_final validos, sin conflictos criticos;import_new;cumple condiciones para articulo nuevo | PN y designation_final validos, sin conflictos criticos;engine_12V4000M40A.json;1102495;308;X00025271;SLOTTED SPRING PIN;;;;;;;ok;importar;yes
Z=1G 4904;NOZZLE;z-1g-4904;publish;"Engine: 12V4000M40A
Part Number: Z=1G 4904
Designation: NOZZLE
Measurement: 
Weight: 
Source Page: 308
BOM: 0202500001
Substitution Status: 
New Part Number: 
Superseded List: ";NOZZLE;;12VM40A-252;12V4000M40A, importar;simple;https://milu-naval.mystagingwebsite.com/wp-content/uploads/2026/02/12V4000M40A-0308-01-90.webp;12V4000M40A;308;90;0202500001;NOZZLE;;;;;;ok;importar;import_new;cumple condiciones para articulo nuevo | PN y designation_final validos, sin conflictos criticos;import_new;cumple condiciones para articulo nuevo | PN y designation_final validos, sin conflictos criticos;engine_12V4000M40A.json;1102710;308;Z=1G 4904;NOZZLE;;;;;;;ok;importar;yes
Z=EN 22338 6M6X16;PIN;z-en-22338-6m6x16;publish;"Engine: 12V4000M70
Part Number: Z=EN 22338 6M6X16
Designation: PIN
Measurement: nan
Weight: 
Source Page: 303
BOM: 0162509901
Substitution Status: 
New Part Number: 
Superseded List: ";PIN;;12VM70-241;12V4000M70, importar;simple;https://milu-naval.mystagingwebsite.com/wp-content/uploads/2026/01/sin_imagen.jpeg;12V4000M70;303;120;0162509901;PIN;nan;;;;;ok;importar;import_new;cumple condiciones para articulo nuevo | PN y designation_final validos, sin conflictos criticos;import_new;cumple condiciones para articulo nuevo | PN y designation_final validos, sin conflictos criticos;engine_12V4000M70.json;1902155;303;Z=EN 22338 6M6X16;PIN;nan;;;;;;ok;importar;yes
Z=EN 24017 M10X30;HEX SCREW;z-en-24017-m10x30;publish;"Engine: 12V4000M40A
Part Number: Z=EN 24017 M10X30
Designation: HEX SCREW
Measurement: M 10 X 30
Weight: 0.026 KGM
Source Page: 308
BOM: 0202500001
Substitution Status: 
New Part Number: 
Superseded List: ";HEX SCREW;;12VM40A-252;12V4000M40A, importar;simple;https://milu-naval.mystagingwebsite.com/wp-content/uploads/2026/01/sin_imagen.jpeg;12V4000M40A;308;140;0202500001;HEX SCREW;M 10 X 30;0.026 KGM;;;;ok;importar;import_new;cumple condiciones para articulo nuevo | PN y designation_final validos, sin conflictos criticos;import_new;cumple condiciones para articulo nuevo | PN y designation_final validos, sin conflictos criticos;engine_12V4000M40A.json;1102743;308;Z=EN 24017 M10X30;HEX SCREW;M 10 X 30;0.026 KGM;;;;;ok;importar;yes
Z=EN 24032 M16;HEX NUT;z-en-24032-m16;publish;"Engine: 12V4000M70
Part Number: Z=EN 24032 M16
Designation: HEX NUT
Measurement: nan
Weight: 
Source Page: 303
BOM: 0162509901
Substitution Status: 
New Part Number: 
Superseded List: ";HEX NUT;;12VM70-241;12V4000M70, importar;simple;https://milu-naval.mystagingwebsite.com/wp-content/uploads/2026/01/sin_imagen.jpeg;12V4000M70;303;75;0162509901;HEX NUT;nan;;;;;ok;importar;import_new;cumple condiciones para articulo nuevo | PN y designation_final validos, sin conflictos criticos;import_new;cumple condiciones para articulo nuevo | PN y designation_final validos, sin conflictos criticos;engine_12V4000M70.json;1902168;303;Z=EN 24032 M16;HEX NUT;nan;;;;;;ok;importar;yes
Z=G 8153;HEX SCREW;z-g-8153;publish;"Engine: 12V4000M40A
Part Number: Z=G 8153
Designation: HEX SCREW
Measurement: 
Weight: 
Source Page: 308
BOM: 0202500001
Substitution Status: 
New Part Number: 
Superseded List: ";HEX SCREW;;12VM40A-252;12V4000M40A, importar;simple;https://milu-naval.mystagingwebsite.com/wp-content/uploads/2026/01/sin_imagen.jpeg;12V4000M40A;308;100;0202500001;HEX SCREW;;;;;;ok;importar;import_new;cumple condiciones para articulo nuevo | PN y designation_final validos, sin conflictos criticos;import_new;cumple condiciones para articulo nuevo | PN y designation_final validos, sin conflictos criticos;engine_12V4000M40A.json;1102746;308;Z=G 8153;HEX SCREW;;;;;;;ok;importar;yes
Z=G4 09769;CLAMPING RING;z-g4-09769;publish;"Engine: 12V4000M40A
Part Number: Z=G4 09769
Designation: CLAMPING RING
Measurement: 
Weight: 
Source Page: 308
BOM: 0202500001
Substitution Status: 
New Part Number: 
Superseded List: ";CLAMPING RING;;12VM40A-252;12V4000M40A, importar;simple;https://milu-naval.mystagingwebsite.com/wp-content/uploads/2026/02/12V4000M40A-0308-01-30.webp;12V4000M40A;308;30;0202500001;CLAMPING RING;;;;;;ok;importar;import_new;cumple condiciones para articulo nuevo | PN y designation_final validos, sin conflictos criticos;import_new;cumple condiciones para articulo nuevo | PN y designation_final validos, sin conflictos criticos;engine_12V4000M40A.json;1102753;308;Z=G4 09769;CLAMPING RING;;;;;;;ok;importar;yes
X00E52800002;TERMINAL BOX;x00e52800002;publish;"Engine: 12V4000M40A
Part Number: X00E52800002
Designation: TERMINAL BOX
Measurement: 400X250X111
Weight: 
Source Page: 315
BOM: XK00E500.746010-14
Substitution Status: 
New Part Number: 
Superseded List: ";TERMINAL BOX;;12VM40A-500;12V4000M40A, importar;simple;https://milu-naval.mystagingwebsite.com/wp-content/uploads/2026/02/12V4000M40A-0315-01-120.webp;12V4000M40A;315;120;XK00E500.746010-14;TERMINAL BOX;400X250X111;;;;;ok;importar;import_new;cumple condiciones para articulo nuevo | PN y designation_final validos, sin conflictos criticos;import_new;cumple condiciones para articulo nuevo | PN y designation_final validos, sin conflictos criticos;engine_12V4000M40A.json;1102608;315;X00E52800002;TERMINAL BOX;400X250X111;;;;;;ok;importar;yes
X00E52800003;TERMINAL BOX;x00e52800003;publish;"Engine: 12V4000M40A
Part Number: X00E52800003
Designation: TERMINAL BOX
Measurement: 400X250X111
Weight: 
Source Page: 318
BOM: X00E52800002
Substitution Status: 
New Part Number: 
Superseded List: ";TERMINAL BOX;;12VM40A-500;12V4000M40A, importar;simple;https://milu-naval.mystagingwebsite.com/wp-content/uploads/2026/02/12V4000M40A-0318-01-30.webp;12V4000M40A;318;30;X00E52800002;TERMINAL BOX;400X250X111;;;;;ok;importar;import_new;cumple condiciones para articulo nuevo | PN y designation_final validos, sin conflictos criticos;import_new;cumple condiciones para articulo nuevo | PN y designation_final validos, sin conflictos criticos;engine_12V4000M40A.json;1102609;318;X00E52800003;TERMINAL BOX;400X250X111;;;;;;ok;importar;yes
5295301313;PLUG-IN BOARD;5295301313;publish;"Engine: 12V4000M40A
Part Number: 5295301313
Designation: PLUG-IN BOARD
Measurement: 
Weight: 222 G
Source Page: 320
BOM: 5285300683
Substitution Status: 
New Part Number: 
Superseded List: ";PLUG-IN BOARD;;12VM40A-500;12V4000M40A, importar;simple;https://milu-naval.mystagingwebsite.com/wp-content/uploads/2026/02/12V4000M40A-0320-01-45.webp;12V4000M40A;320;45;5285300683;PLUG-IN BOARD;;222 G;;;;ok;importar;import_new;cumple condiciones para articulo nuevo | PN y designation_final validos, sin conflictos criticos;import_new;cumple condiciones para articulo nuevo | PN y designation_final validos, sin conflictos criticos;engine_12V4000M40A.json;1101457;320;5295301313;PLUG-IN BOARD;;222 G;;;;;ok;importar;yes
000533634;PIPE;000533634;publish;"Engine: 12V4000M40A
Part Number: 000533634
Designation: PIPE
Measurement: 
Weight: 26 G
Source Page: 348
BOM: 5275302925
Substitution Status: 
New Part Number: 
Superseded List: ";PIPE;;12VM40A-507;12V4000M40A, importar;simple;https://milu-naval.mystagingwebsite.com/wp-content/uploads/2026/02/12V4000M40A-0348-01-55.webp;12V4000M40A;348;55;5275302925;PIPE;;26 G;;;;ok;importar;import_new;cumple condiciones para articulo nuevo | PN y designation_final validos, sin conflictos criticos;import_new;cumple condiciones para articulo nuevo | PN y designation_final validos, sin conflictos criticos;engine_12V4000M40A.json;1100097;348;000533634;PIPE;;26 G;;;;;ok;importar;yes
155315283;BAYONET COUPLING;155315283;publish;"Engine: 12V4000M40A
Part Number: 155315283
Designation: BAYONET COUPLING
Measurement: VG95328
Weight: 40 G
Source Page: 348
BOM: 5275302925
Substitution Status: 
New Part Number: 
Superseded List: ";BAYONET COUPLING;;12VM40A-507;12V4000M40A, importar;simple;https://milu-naval.mystagingwebsite.com/wp-content/uploads/2026/02/12V4000M40A-0348-01-40.webp;12V4000M40A;348;40;5275302925;BAYONET COUPLING;VG95328;40 G;;;;ok;importar;import_new;cumple condiciones para articulo nuevo | PN y designation_final validos, sin conflictos criticos;import_new;cumple condiciones para articulo nuevo | PN y designation_final validos, sin conflictos criticos;engine_12V4000M40A.json;1100556;348;155315283;BAYONET COUPLING;VG95328;40 G;;;;;ok;importar;yes
8599970017;GROMMET;8599970017;publish;"Engine: 12V4000M40A
Part Number: 8599970017
Designation: GROMMET
Measurement: 
Weight: 0,510 G
Source Page: 350
BOM: 635H22706
Substitution Status: 
New Part Number: 
Superseded List: ";GROMMET;;12VM40A-507;12V4000M40A, importar;simple;https://milu-naval.mystagingwebsite.com/wp-content/uploads/2026/02/12V4000M40A-0350-01-5.webp;12V4000M40A;350;5;635H22706;GROMMET;;0,510 G;;;;ok;importar;import_new;cumple condiciones para articulo nuevo | PN y designation_final validos, sin conflictos criticos;import_new;cumple condiciones para articulo nuevo | PN y designation_final validos, sin conflictos criticos;engine_12V4000M40A.json;1101680;350;8599970017;GROMMET;;0,510 G;;;;;ok;importar;yes
5005310582;INSTALLATION MATRL FOR MONITOR SYSTEM;5005310582;publish;"Engine: 12V4000M40A
Part Number: 5005310582
Designation: INSTALLATION MATRL FOR MONITOR SYSTEM
Measurement: 
Weight: 120 G AB
Source Page: 354
BOM: 5005310982
Substitution Status: 
New Part Number: 
Superseded List: ";INSTALLATION MATRL FOR MONITOR SYSTEM;;12VM40A-508;12V4000M40A, importar;simple;https://milu-naval.mystagingwebsite.com/wp-content/uploads/2026/02/12V4000M40A-0354-01-55.webp;12V4000M40A;354;55;5005310982;INSTALLATION MATRL FOR MONITOR SYSTEM;;120 G AB;;;;ok;importar;import_new;cumple condiciones para articulo nuevo | PN y designation_final validos, sin conflictos criticos;import_new;cumple condiciones para articulo nuevo | PN y designation_final validos, sin conflictos criticos;engine_12V4000M40A.json;1100871;354;5005310582;INSTALLATION MATRL FOR MONITOR SYSTEM;;120 G AB;;;;;ok;importar;yes
5185302185;CONTROL CONSOLE IN ENGINE ROOM;5185302185;publish;"Engine: 12V4000M40A
Part Number: 5185302185
Designation: CONTROL CONSOLE IN ENGINE ROOM
Measurement: MIT DISPLAY-SO
Weight: 25,750 KG
Source Page: 355
BOM: 5185302185
Substitution Status: 
New Part Number: 
Superseded List: ";CONTROL CONSOLE IN ENGINE ROOM;;12VM40A-508;12V4000M40A, importar;simple;https://milu-naval.mystagingwebsite.com/wp-content/uploads/2026/02/12V4000M40A-0355-01-210.webp;12V4000M40A;355;210;5185302185;CONTROL CONSOLE IN ENGINE ROOM;MIT DISPLAY-SO;25,750 KG;;;;ok;importar;import_new;cumple condiciones para articulo nuevo | PN y designation_final validos, sin conflictos criticos;import_new;cumple condiciones para articulo nuevo | PN y designation_final validos, sin conflictos criticos;engine_12V4000M40A.json;1100948;355;5185302185;CONTROL CONSOLE IN ENGINE ROOM;MIT DISPLAY-SO;25,750 KG;;;;;ok;importar;yes
5105306263/S0001;PANEL FOR CONTROL PANEL;5105306263-s0001;publish;"Engine: 12V4000M40A
Part Number: 5105306263/S0001
Designation: PANEL FOR CONTROL PANEL
Measurement: 
Weight: 1,050 KG
Source Page: 357
BOM: 5185302185
Substitution Status: SI
New Part Number: 5105306263/S0001
Superseded List: 5105306263";PANEL FOR CONTROL PANEL;;12VM40A-508;12V4000M40A, New, importar;simple;https://milu-naval.mystagingwebsite.com/wp-content/uploads/2026/02/12V4000M40A-0356-01-225.webp;12V4000M40A;357;225;5185302185;PANEL FOR CONTROL PANEL;;1,050 KG;SI;5105306263/S0001;5105306263;ok;importar;import_new;cumple condiciones para articulo nuevo;import_new;cumple condiciones para articulo nuevo;engine_12V4000M40A.json;1102400;357;5105306263/S0001;PANEL FOR CONTROL PANEL;;1,050 KG;SI;New;5105306263/S0001;5105306263;ok;importar;yes
0015331841;SPACER;0015331841;publish;"Engine: 12V4000M40A
Part Number: 0015331841
Designation: SPACER
Measurement: 
Weight: 
Source Page: 358
BOM: 5185302185
Substitution Status: 
New Part Number: 
Superseded List: ";SPACER;;12VM40A-508;12V4000M40A, importar;simple;https://milu-naval.mystagingwebsite.com/wp-content/uploads/2026/02/12V4000M40A-0356-02-310.webp;12V4000M40A;358;310;5185302185;SPACER;;;;;;ok;importar;import_new;cumple condiciones para articulo nuevo | PN y designation_final validos, sin conflictos criticos;import_new;cumple condiciones para articulo nuevo | PN y designation_final validos, sin conflictos criticos;engine_12V4000M40A.json;1100271;358;0015331841;SPACER;;;;;;;ok;importar;yes
0055315981;INSTALL ACCESSORIES;0055315981;publish;"Engine: 12V4000M40A
Part Number: 0055315981
Designation: INSTALL ACCESSORIES
Measurement: 
Weight: 
Source Page: 358
BOM: 5185302185
Substitution Status: 
New Part Number: 
Superseded List: ";INSTALL ACCESSORIES;;12VM40A-508;12V4000M40A, importar;simple;https://milu-naval.mystagingwebsite.com/wp-content/uploads/2026/01/sin_imagen.jpeg;12V4000M40A;358;535;5185302185;INSTALL ACCESSORIES;;;;;;ok;importar;import_new;cumple condiciones para articulo nuevo | PN y designation_final validos, sin conflictos criticos;import_new;cumple condiciones para articulo nuevo | PN y designation_final validos, sin conflictos criticos;engine_12V4000M40A.json;1100407;358;0055315981;INSTALL ACCESSORIES;;;;;;;ok;importar;yes
5005300226;RESISTOR W/CONNECT HARDWARE;5005300226;publish;"Engine: 12V4000M40A
Part Number: 5005300226
Designation: RESISTOR W/CONNECT HARDWARE
Measurement: 
Weight: 
Source Page: 358
BOM: 5185302185
Substitution Status: 
New Part Number: 
Superseded List: ";RESISTOR W/CONNECT HARDWARE;;12VM40A-508;12V4000M40A, importar;simple;https://milu-naval.mystagingwebsite.com/wp-content/uploads/2026/01/sin_imagen.jpeg;12V4000M40A;358;500;5185302185;RESISTOR W/CONNECT HARDWARE;;;;;;ok;importar;import_new;cumple condiciones para articulo nuevo | PN y designation_final validos, sin conflictos criticos;import_new;cumple condiciones para articulo nuevo | PN y designation_final validos, sin conflictos criticos;engine_12V4000M40A.json;1100866;358;5005300226;RESISTOR W/CONNECT HARDWARE;;;;;;;ok;importar;yes
5005334841;SPACER;5005334841;publish;"Engine: 12V4000M40A
Part Number: 5005334841
Designation: SPACER
Measurement: 
Weight: 
Source Page: 358
BOM: 5185302185
Substitution Status: 
New Part Number: 
Superseded List: ";SPACER;;12VM40A-508;12V4000M40A, importar;simple;https://milu-naval.mystagingwebsite.com/wp-content/uploads/2026/02/12V4000M40A-0356-02-305.webp;12V4000M40A;358;305;5185302185;SPACER;;;;;;ok;importar;import_new;cumple condiciones para articulo nuevo | PN y designation_final validos, sin conflictos criticos;import_new;cumple condiciones para articulo nuevo | PN y designation_final validos, sin conflictos criticos;engine_12V4000M40A.json;1100880;358;5005334841;SPACER;;;;;;;ok;importar;yes
5105330834;RAIL;5105330834;publish;"Engine: 12V4000M40A
Part Number: 5105330834
Designation: RAIL
Measurement: 
Weight: 
Source Page: 358
BOM: 5185302185
Substitution Status: 
New Part Number: 
Superseded List: ";RAIL;;12VM40A-508;12V4000M40A, importar;simple;https://milu-naval.mystagingwebsite.com/wp-content/uploads/2026/02/12V4000M40A-0356-02-485.webp;12V4000M40A;358;485;5185302185;RAIL;;;;;;ok;importar;import_new;cumple condiciones para articulo nuevo | PN y designation_final validos, sin conflictos criticos;import_new;cumple condiciones para articulo nuevo | PN y designation_final validos, sin conflictos criticos;engine_12V4000M40A.json;1100900;358;5105330834;RAIL;;;;;;;ok;importar;yes
5175302225;WIRING HARNESS FOR CONTROL PANEL;5175302225;publish;"Engine: 12V4000M40A
Part Number: 5175302225
Designation: WIRING HARNESS FOR CONTROL PANEL
Measurement: 
Weight: 4 KG
Source Page: 358
BOM: 5185302185
Substitution Status: 
New Part Number: 
Superseded List: ";WIRING HARNESS FOR CONTROL PANEL;;12VM40A-508;12V4000M40A, importar;simple;https://milu-naval.mystagingwebsite.com/wp-content/uploads/2026/02/12V4000M40A-0356-01-285.webp;12V4000M40A;358;285;5185302185;WIRING HARNESS FOR CONTROL PANEL;;4 KG;;;;ok;importar;import_new;cumple condiciones para articulo nuevo | PN y designation_final validos, sin conflictos criticos;import_new;cumple condiciones para articulo nuevo | PN y designation_final validos, sin conflictos criticos;engine_12V4000M40A.json;1100944;358;5175302225;WIRING HARNESS FOR CONTROL PANEL;;4 KG;;;;;ok;importar;yes
5185331491;PHOTOPLATE FOR CONTROL PANEL;5185331491;publish;"Engine: 12V4000M40A
Part Number: 5185331491
Designation: PHOTOPLATE FOR CONTROL PANEL
Measurement: 
Weight: 
Source Page: 358
BOM: 5185302185
Substitution Status: 
New Part Number: 
Superseded List: ";PHOTOPLATE FOR CONTROL PANEL;;12VM40A-508;12V4000M40A, importar;simple;https://milu-naval.mystagingwebsite.com/wp-content/uploads/2026/02/12V4000M40A-0356-01-515.webp;12V4000M40A;358;515;5185302185;PHOTOPLATE FOR CONTROL PANEL;;;;;;ok;importar;import_new;cumple condiciones para articulo nuevo | PN y designation_final validos, sin conflictos criticos;import_new;cumple condiciones para articulo nuevo | PN y designation_final validos, sin conflictos criticos;engine_12V4000M40A.json;1100949;358;5185331491;PHOTOPLATE FOR CONTROL PANEL;;;;;;;ok;importar;yes
0005334083;CONNECTOR HOUSING;0005334083;publish;"Engine: 12V4000M40A
Part Number: 0005334083
Designation: CONNECTOR HOUSING
Measurement: 
Weight: 
Source Page: 359
BOM: 5185302185
Substitution Status: 
New Part Number: 
Superseded List: ";CONNECTOR HOUSING;;12VM40A-508;12V4000M40A, importar;simple;https://milu-naval.mystagingwebsite.com/wp-content/uploads/2026/02/12V4000M40A-0356-02-680.webp;12V4000M40A;359;680;5185302185;CONNECTOR HOUSING;;;;;;ok;importar;import_new;cumple condiciones para articulo nuevo | PN y designation_final validos, sin conflictos criticos;import_new;cumple condiciones para articulo nuevo | PN y designation_final validos, sin conflictos criticos;engine_12V4000M40A.json;1100189;359;0005334083;CONNECTOR HOUSING;;;;;;;ok;importar;yes
0005334283;CONNECTOR HOUSING;0005334283;publish;"Engine: 12V4000M40A
Part Number: 0005334283
Designation: CONNECTOR HOUSING
Measurement: 
Weight: 
Source Page: 359
BOM: 5185302185
Substitution Status: 
New Part Number: 
Superseded List: ";CONNECTOR HOUSING;;12VM40A-508;12V4000M40A, importar;simple;https://milu-naval.mystagingwebsite.com/wp-content/uploads/2026/02/12V4000M40A-0356-02-690.webp;12V4000M40A;359;690;5185302185;CONNECTOR HOUSING;;;;;;ok;importar;import_new;cumple condiciones para articulo nuevo | PN y designation_final validos, sin conflictos criticos;import_new;cumple condiciones para articulo nuevo | PN y designation_final validos, sin conflictos criticos;engine_12V4000M40A.json;1100192;359;0005334283;CONNECTOR HOUSING;;;;;;;ok;importar;yes
0015332641;SPACER;0015332641;publish;"Engine: 12V4000M40A
Part Number: 0015332641
Designation: SPACER
Measurement: 
Weight: 
Source Page: 359
BOM: 5185302185
Substitution Status: 
New Part Number: 
Superseded List: ";SPACER;;12VM40A-508;12V4000M40A, importar;simple;https://milu-naval.mystagingwebsite.com/wp-content/uploads/2026/02/12V4000M40A-0356-02-730.webp;12V4000M40A;359;730;5185302185;SPACER;;;;;;ok;importar;import_new;cumple condiciones para articulo nuevo | PN y designation_final validos, sin conflictos criticos;import_new;cumple condiciones para articulo nuevo | PN y designation_final validos, sin conflictos criticos;engine_12V4000M40A.json;1100281;359;0015332641;SPACER;;;;;;;ok;importar;yes
0015333541;SPACER;0015333541;publish;"Engine: 12V4000M40A
Part Number: 0015333541
Designation: SPACER
Measurement: 
Weight: 4 G
Source Page: 359
BOM: 5185302185
Substitution Status: 
New Part Number: 
Superseded List: ";SPACER;;12VM40A-508;12V4000M40A, importar;simple;https://milu-naval.mystagingwebsite.com/wp-content/uploads/2026/02/12V4000M40A-0356-01-780.webp;12V4000M40A;359;780;5185302185;SPACER;;4 G;;;;ok;importar;import_new;cumple condiciones para articulo nuevo | PN y designation_final validos, sin conflictos criticos;import_new;cumple condiciones para articulo nuevo | PN y designation_final validos, sin conflictos criticos;engine_12V4000M40A.json;1100284;359;0015333541;SPACER;;4 G;;;;;ok;importar;yes
0055316881;BLADE RECEPTACLE;0055316881;publish;"Engine: 12V4000M40A
Part Number: 0055316881
Designation: BLADE RECEPTACLE
Measurement: 
Weight: 
Source Page: 359
BOM: 5185302185
Substitution Status: 
New Part Number: 
Superseded List: ";BLADE RECEPTACLE;;12VM40A-508;12V4000M40A, importar;simple;https://milu-naval.mystagingwebsite.com/wp-content/uploads/2026/02/12V4000M40A-0356-01-795.webp;12V4000M40A;359;795;5185302185;BLADE RECEPTACLE;;;;;;ok;importar;import_new;cumple condiciones para articulo nuevo | PN y designation_final validos, sin conflictos criticos;import_new;cumple condiciones para articulo nuevo | PN y designation_final validos, sin conflictos criticos;engine_12V4000M40A.json;1100408;359;0055316881;BLADE RECEPTACLE;;;;;;;ok;importar;yes
5005338226;PLATE FOR CONNECTOR;5005338226;publish;"Engine: 12V4000M40A
Part Number: 5005338226
Designation: PLATE FOR CONNECTOR
Measurement: 
Weight: 
Source Page: 359
BOM: 5185302185
Substitution Status: 
New Part Number: 
Superseded List: ";PLATE FOR CONNECTOR;;12VM40A-508;12V4000M40A, importar;simple;https://milu-naval.mystagingwebsite.com/wp-content/uploads/2026/02/12V4000M40A-0356-01-775.webp;12V4000M40A;359;775;5185302185;PLATE FOR CONNECTOR;;;;;;ok;importar;import_new;cumple condiciones para articulo nuevo | PN y designation_final validos, sin conflictos criticos;import_new;cumple condiciones para articulo nuevo | PN y designation_final validos, sin conflictos criticos;engine_12V4000M40A.json;1100881;359;5005338226;PLATE FOR CONNECTOR;;;;;;;ok;importar;yes
5105331340;RETAINER FOR DISPLAY PANEL;5105331340;publish;"Engine: 12V4000M40A
Part Number: 5105331340
Designation: RETAINER FOR DISPLAY PANEL
Measurement: 
Weight: 44,600 G
Source Page: 359
BOM: 5185302185
Substitution Status: 
New Part Number: 
Superseded List: ";RETAINER FOR DISPLAY PANEL;;12VM40A-508;12V4000M40A, importar;simple;https://milu-naval.mystagingwebsite.com/wp-content/uploads/2026/02/12V4000M40A-0356-01-655.webp;12V4000M40A;359;655;5185302185;RETAINER FOR DISPLAY PANEL;;44,600 G;;;;ok;importar;import_new;cumple condiciones para articulo nuevo | PN y designation_final validos, sin conflictos criticos;import_new;cumple condiciones para articulo nuevo | PN y designation_final validos, sin conflictos criticos;engine_12V4000M40A.json;1100903;359;5105331340;RETAINER FOR DISPLAY PANEL;;44,600 G;;;;;ok;importar;yes
5185331591;PHOTOPLATE FOR CONTROL PANEL;5185331591;publish;"Engine: 12V4000M40A
Part Number: 5185331591
Designation: PHOTOPLATE FOR CONTROL PANEL
Measurement: 
Weight: 
Source Page: 359
BOM: 5185302185
Substitution Status: 
New Part Number: 
Superseded List: ";PHOTOPLATE FOR CONTROL PANEL;;12VM40A-508;12V4000M40A, importar;simple;https://milu-naval.mystagingwebsite.com/wp-content/uploads/2026/02/12V4000M40A-0356-01-750.webp;12V4000M40A;359;750;5185302185;PHOTOPLATE FOR CONTROL PANEL;;;;;;ok;importar;import_new;cumple condiciones para articulo nuevo | PN y designation_final validos, sin conflictos criticos;import_new;cumple condiciones para articulo nuevo | PN y designation_final validos, sin conflictos criticos;engine_12V4000M40A.json;1100950;359;5185331591;PHOTOPLATE FOR CONTROL PANEL;;;;;;;ok;importar;yes
200963005002;COUNTERSUNK HD SCREW;200963005002;publish;"Engine: 12V4000M40A
Part Number: 200963005002
Designation: COUNTERSUNK HD SCREW
Measurement: M 5 X 12
Weight: 0.002 KGM
Source Page: 359
BOM: 5185302185
Substitution Status: 
New Part Number: 
Superseded List: ";COUNTERSUNK HD SCREW;;12VM40A-508;12V4000M40A, importar;simple;https://milu-naval.mystagingwebsite.com/wp-content/uploads/2026/02/12V4000M40A-0356-02-710.webp;12V4000M40A;359;710;5185302185;COUNTERSUNK HD SCREW;M 5 X 12;0.002 KGM;;;;ok;importar;import_new;cumple condiciones para articulo nuevo | PN y designation_final validos, sin conflictos criticos;import_new;cumple condiciones para articulo nuevo | PN y designation_final validos, sin conflictos criticos;engine_12V4000M40A.json;1101774;359;200963005002;COUNTERSUNK HD SCREW;M 5 X 12;0.002 KGM;;;;;ok;importar;yes
207985005100;OVAL-HEAD SCREW;207985005100;publish;"Engine: 12V4000M40A
Part Number: 207985005100
Designation: OVAL-HEAD SCREW
Measurement: 
Weight: 3,230 G
Source Page: 359
BOM: 5185302185
Substitution Status: 
New Part Number: 
Superseded List: ";OVAL-HEAD SCREW;;12VM40A-508;12V4000M40A, importar;simple;https://milu-naval.mystagingwebsite.com/wp-content/uploads/2026/02/12V4000M40A-0356-02-705.webp;12V4000M40A;359;705;5185302185;OVAL-HEAD SCREW;;3,230 G;;;;ok;importar;import_new;cumple condiciones para articulo nuevo | PN y designation_final validos, sin conflictos criticos;import_new;cumple condiciones para articulo nuevo | PN y designation_final validos, sin conflictos criticos;engine_12V4000M40A.json;1101800;359;207985005100;OVAL-HEAD SCREW;;3,230 G;;;;;ok;importar;yes
0095314348/76;INTEGRATED CIRCUIT NOT ADJUSTED;0095314348-76;publish;"Engine: 12V4000M40A
Part Number: 0095314348/76
Designation: INTEGRATED CIRCUIT NOT ADJUSTED
Measurement: 
Weight: 0.034 KGM
Source Page: 362
BOM: 0095314348
Substitution Status: SI
New Part Number: 0095314348/76
Superseded List: 0095314348, 0095314348/78";INTEGRATED CIRCUIT NOT ADJUSTED;;12VM40A-508;12V4000M40A, New, importar;simple;https://milu-naval.mystagingwebsite.com/wp-content/uploads/2026/02/12V4000M40A-0362-01-10.webp;12V4000M40A;362;10;0095314348;INTEGRATED CIRCUIT NOT ADJUSTED;;0.034 KGM;SI;0095314348/76;0095314348, 0095314348/78;ok;importar;import_new;cumple condiciones para articulo nuevo;import_new;cumple condiciones para articulo nuevo;engine_12V4000M40A.json;1102389;362;0095314348/76;INTEGRATED CIRCUIT NOT ADJUSTED;;0.034 KGM;SI;New;0095314348/76;0095314348, 0095314348/78;ok;importar;yes
X00E50203600;DISPLAY BRIDGE CONTROL STAN;x00e50203600;publish;"Engine: 12V4000M40A
Part Number: X00E50203600
Designation: DISPLAY BRIDGE CONTROL STAN
Measurement: 220X224X98
Weight: 
Source Page: 369
BOM: 5105385875
Substitution Status: 
New Part Number: 
Superseded List: ";DISPLAY BRIDGE CONTROL STAN;;12VM40A-508;12V4000M40A, importar;simple;https://milu-naval.mystagingwebsite.com/wp-content/uploads/2026/02/12V4000M40A-0369-01-80.webp;12V4000M40A;369;80;5105385875;DISPLAY BRIDGE CONTROL STAN;220X224X98;;;;;ok;importar;import_new;cumple condiciones para articulo nuevo | PN y designation_final validos, sin conflictos criticos;import_new;cumple condiciones para articulo nuevo | PN y designation_final validos, sin conflictos criticos;engine_12V4000M40A.json;1102606;369;X00E50203600;DISPLAY BRIDGE CONTROL STAN;220X224X98;;;;;;ok;importar;yes
5285330489;IDENTIFICATION PLATE;5285330489;publish;"Engine: 16V4000M90
Part Number: 5285330489
Designation: IDENTIFICATION PLATE
Measurement: 
Weight: 1.000 g 50X25
Source Page: 383
BOM: X00E50203600
Substitution Status: 
New Part Number: 
Superseded List: ";IDENTIFICATION PLATE;;16VM90-511;16V4000M90, importar;simple;https://milu-naval.mystagingwebsite.com/wp-content/uploads/2026/02/16V4000M90-0383-01-105.webp;16V4000M90;383;105;X00E50203600;IDENTIFICATION PLATE;;1.000 g 50X25;;;;ok;importar;import_new;cumple condiciones para articulo nuevo | PN y designation_final validos, sin conflictos criticos;import_new;cumple condiciones para articulo nuevo | PN y designation_final validos, sin conflictos criticos;engine_16V4000M90.json;1602647;383;5285330489;IDENTIFICATION PLATE;;1.000 g 50X25;;;;;ok;importar;yes
207516003000;SELF-TAPPING SCREW;207516003000;publish;"Engine: 12V4000M40A
Part Number: 207516003000
Designation: SELF-TAPPING SCREW
Measurement: 
Weight: 0,600 G
Source Page: 370
BOM: X00E50203600
Substitution Status: 
New Part Number: 
Superseded List: ";SELF-TAPPING SCREW;;12VM40A-508;12V4000M40A, importar;simple;https://milu-naval.mystagingwebsite.com/wp-content/uploads/2026/02/12V4000M40A-0370-01-90.webp;12V4000M40A;370;90;X00E50203600;SELF-TAPPING SCREW;;0,600 G;;;;ok;importar;import_new;cumple condiciones para articulo nuevo | PN y designation_final validos, sin conflictos criticos;import_new;cumple condiciones para articulo nuevo | PN y designation_final validos, sin conflictos criticos;engine_12V4000M40A.json;1101792;370;207516003000;SELF-TAPPING SCREW;;0,600 G;;;;;ok;importar;yes
207985003105;OVAL-HEAD SCREW;207985003105;publish;"Engine: 12V4000M40A
Part Number: 207985003105
Designation: OVAL-HEAD SCREW
Measurement: 
Weight: 8 G
Source Page: 370
BOM: X00E50203600
Substitution Status: 
New Part Number: 
Superseded List: ";OVAL-HEAD SCREW;;12VM40A-508;12V4000M40A, importar;simple;https://milu-naval.mystagingwebsite.com/wp-content/uploads/2026/02/12V4000M40A-0370-01-85.webp;12V4000M40A;370;85;X00E50203600;OVAL-HEAD SCREW;;8 G;;;;ok;importar;import_new;cumple condiciones para articulo nuevo | PN y designation_final validos, sin conflictos criticos;import_new;cumple condiciones para articulo nuevo | PN y designation_final validos, sin conflictos criticos;engine_12V4000M40A.json;1101795;370;207985003105;OVAL-HEAD SCREW;;8 G;;;;;ok;importar;yes
5105301808;FRAME FOR DISPLAY PANEL;5105301808;publish;"Engine: 12V4000M40A
Part Number: 5105301808
Designation: FRAME FOR DISPLAY PANEL
Measurement: 
Weight: 
Source Page: 378
BOM: 5105306263
Substitution Status: 
New Part Number: 
Superseded List: ";FRAME FOR DISPLAY PANEL;;12VM40A-508;12V4000M40A, importar;simple;https://milu-naval.mystagingwebsite.com/wp-content/uploads/2026/02/12V4000M40A-0378-01-70.webp;12V4000M40A;378;70;5105306263;FRAME FOR DISPLAY PANEL;;;;;;ok;importar;import_new;cumple condiciones para articulo nuevo | PN y designation_final validos, sin conflictos criticos;import_new;cumple condiciones para articulo nuevo | PN y designation_final validos, sin conflictos criticos;engine_12V4000M40A.json;1100891;378;5105301808;FRAME FOR DISPLAY PANEL;;;;;;;ok;importar;yes
5105331440;RETAINER;5105331440;publish;"Engine: 12V4000M40A
Part Number: 5105331440
Designation: RETAINER
Measurement: UB
Weight: 
Source Page: 381
BOM: 5105301808
Substitution Status: 
New Part Number: 
Superseded List: ";RETAINER;;12VM40A-508;12V4000M40A, importar;simple;https://milu-naval.mystagingwebsite.com/wp-content/uploads/2026/02/12V4000M40A-0381-01-20.webp;12V4000M40A;381;20;5105301808;RETAINER;UB;;;;;ok;importar;import_new;cumple condiciones para articulo nuevo | PN y designation_final validos, sin conflictos criticos;import_new;cumple condiciones para articulo nuevo | PN y designation_final validos, sin conflictos criticos;engine_12V4000M40A.json;1100904;381;5105331440;RETAINER;UB;;;;;;ok;importar;yes
5005312982;INSTALLATION MATRL;5005312982;publish;"Engine: 12V4000M40A
Part Number: 5005312982
Designation: INSTALLATION MATRL
Measurement: 
Weight: 
Source Page: 385
BOM: XK00E500.746010-06
Substitution Status: 
New Part Number: 
Superseded List: ";INSTALLATION MATRL;;12VM40A-508;12V4000M40A, importar;simple;https://milu-naval.mystagingwebsite.com/wp-content/uploads/2026/01/sin_imagen.jpeg;12V4000M40A;385;45;XK00E500.746010-06;INSTALLATION MATRL;;;;;;ok;importar;import_new;cumple condiciones para articulo nuevo | PN y designation_final validos, sin conflictos criticos;import_new;cumple condiciones para articulo nuevo | PN y designation_final validos, sin conflictos criticos;engine_12V4000M40A.json;1100873;385;5005312982;INSTALLATION MATRL;;;;;;;ok;importar;yes
5105302438/S0001;JUNCTION BOX;5105302438-s0001;publish;"Engine: 12V4000M40A
Part Number: 5105302438/S0001
Designation: JUNCTION BOX
Measurement: 
Weight: 
Source Page: 385
BOM: XK00E500.746010-06
Substitution Status: 
New Part Number: 
Superseded List: ";JUNCTION BOX;;12VM40A-508;12V4000M40A, importar;simple;https://milu-naval.mystagingwebsite.com/wp-content/uploads/2026/01/sin_imagen.jpeg;12V4000M40A;385;40;XK00E500.746010-06;JUNCTION BOX;;;;;;ok;importar;import_new;cumple condiciones para articulo nuevo | PN y designation_final validos, sin conflictos criticos;import_new;cumple condiciones para articulo nuevo | PN y designation_final validos, sin conflictos criticos;engine_12V4000M40A.json;1102399;385;5105302438/S0001;JUNCTION BOX;;;;;;;ok;importar;yes
5105302438;JUNCTION BOX;5105302438;publish;"Engine: 12V4000M40A
Part Number: 5105302438
Designation: JUNCTION BOX
Measurement: 380X380X210
Weight: 
Source Page: 386
BOM: 5105302438
Substitution Status: 
New Part Number: 
Superseded List: ";JUNCTION BOX;;12VM40A-508;12V4000M40A, importar;simple;https://milu-naval.mystagingwebsite.com/wp-content/uploads/2026/02/12V4000M40A-0386-01-125.webp;12V4000M40A;386;125;5105302438;JUNCTION BOX;380X380X210;;;;;ok;importar;import_new;cumple condiciones para articulo nuevo | PN y designation_final validos, sin conflictos criticos;import_new;cumple condiciones para articulo nuevo | PN y designation_final validos, sin conflictos criticos;engine_12V4000M40A.json;1100892;386;5105302438;JUNCTION BOX;380X380X210;;;;;;ok;importar;yes
X00024645;HOUSING;x00024645;publish;"Engine: 12V4000M40A
Part Number: X00024645
Designation: HOUSING
Measurement: 360X380X210 RAL9010
Weight: 
Source Page: 387
BOM: 5105302438
Substitution Status: 
New Part Number: 
Superseded List: ";HOUSING;;12VM40A-508;12V4000M40A, importar;simple;https://milu-naval.mystagingwebsite.com/wp-content/uploads/2026/02/12V4000M40A-0387-01-125.webp;12V4000M40A;387;125;5105302438;HOUSING;360X380X210 RAL9010;;;;;ok;importar;import_new;cumple condiciones para articulo nuevo | PN y designation_final validos, sin conflictos criticos;import_new;cumple condiciones para articulo nuevo | PN y designation_final validos, sin conflictos criticos;engine_12V4000M40A.json;1102483;387;X00024645;HOUSING;360X380X210 RAL9010;;;;;;ok;importar;yes
5265330335;RAIL;5265330335;publish;"Engine: 12V4000M40A
Part Number: 5265330335
Designation: RAIL
Measurement: 
Weight: 
Source Page: 388
BOM: 5105302438
Substitution Status: 
New Part Number: 
Superseded List: ";RAIL;;12VM40A-508;12V4000M40A, importar;simple;https://milu-naval.mystagingwebsite.com/wp-content/uploads/2026/02/12V4000M40A-0387-01-400.webp;12V4000M40A;388;400;5105302438;RAIL;;;;;;ok;importar;import_new;cumple condiciones para articulo nuevo | PN y designation_final validos, sin conflictos criticos;import_new;cumple condiciones para articulo nuevo | PN y designation_final validos, sin conflictos criticos;engine_12V4000M40A.json;1101389;388;5265330335;RAIL;;;;;;;ok;importar;yes
0005330274;THREADED BOLT;0005330274;publish;"Engine: 12V4000M40A
Part Number: 0005330274
Designation: THREADED BOLT
Measurement: 
Weight: 
Source Page: 389
BOM: X00024645
Substitution Status: 
New Part Number: 
Superseded List: ";THREADED BOLT;;12VM40A-508;12V4000M40A, importar;simple;https://milu-naval.mystagingwebsite.com/wp-content/uploads/2026/02/12V4000M40A-0389-01-50.webp;12V4000M40A;389;50;X00024645;THREADED BOLT;;;;;;ok;importar;import_new;cumple condiciones para articulo nuevo | PN y designation_final validos, sin conflictos criticos;import_new;cumple condiciones para articulo nuevo | PN y designation_final validos, sin conflictos criticos;engine_12V4000M40A.json;1100168;389;0005330274;THREADED BOLT;;;;;;;ok;importar;yes
5175331433;BRACKET;5175331433;publish;"Engine: 12V4000M40A
Part Number: 5175331433
Designation: BRACKET
Measurement: 
Weight: 36 G
Source Page: 389
BOM: X00024645
Substitution Status: 
New Part Number: 
Superseded List: ";BRACKET;;12VM40A-508;12V4000M40A, importar;simple;https://milu-naval.mystagingwebsite.com/wp-content/uploads/2026/02/12V4000M40A-0389-01-30.webp;12V4000M40A;389;30;X00024645;BRACKET;;36 G;;;;ok;importar;import_new;cumple condiciones para articulo nuevo | PN y designation_final validos, sin conflictos criticos;import_new;cumple condiciones para articulo nuevo | PN y designation_final validos, sin conflictos criticos;engine_12V4000M40A.json;1100945;389;5175331433;BRACKET;;36 G;;;;;ok;importar;yes
X00E50202752/S0003;HOUSING WITHOUT BASE PLATE;x00e50202752-s0003;publish;"Engine: 12V4000M40A
Part Number: X00E50202752/S0003
Designation: HOUSING WITHOUT BASE PLATE
Measurement: ZB_SAM; 360X314X (LXBXH)
Weight: 
Source Page: 400
BOM: X00E50202754
Substitution Status: 
New Part Number: 
Superseded List: ";HOUSING WITHOUT BASE PLATE;;12VM40A-508;12V4000M40A, importar;simple;https://milu-naval.mystagingwebsite.com/wp-content/uploads/2026/02/12V4000M40A-0400-01-80.webp;12V4000M40A;400;80;X00E50202754;HOUSING WITHOUT BASE PLATE;"ZB_SAM; 360X314X (LXBXH)";;;;;ok;importar;import_new;cumple condiciones para articulo nuevo | PN y designation_final validos, sin conflictos criticos;import_new;cumple condiciones para articulo nuevo | PN y designation_final validos, sin conflictos criticos;engine_12V4000M40A.json;1102600;400;X00E50202752/S0003;HOUSING WITHOUT BASE PLATE;"ZB_SAM; 360X314X (LXBXH)";;;;;;ok;importar;yes
R5275304360/76;HOUSING PROGRAMMED;r5275304360-76;publish;"Engine: 16V4000M61
Part Number: R5275304360/76
Designation: HOUSING PROGRAMMED
Measurement: 
Weight: 3,460 KG MN
Source Page: 368
BOM: 5275304360
Substitution Status: 
New Part Number: 
Superseded List: ";HOUSING PROGRAMMED;;16VM61-508;16V4000M61, importar;simple;https://milu-naval.mystagingwebsite.com/wp-content/uploads/2026/02/16V4000M61-0368-01-105.webp;16V4000M61;368;105;5275304360;HOUSING PROGRAMMED;;3,460 KG MN;;;;ok;importar;import_new;cumple condiciones para articulo nuevo | PN y designation_final validos, sin conflictos criticos;import_new;cumple condiciones para articulo nuevo | PN y designation_final validos, sin conflictos criticos;engine_16V4000M61.json;1302313;368;R5275304360/76;HOUSING PROGRAMMED;;3,460 KG MN;;;;;ok;importar;yes
0005331053;SPACER;0005331053;publish;"Engine: 12V4000M40A
Part Number: 0005331053
Designation: SPACER
Measurement: AB L=3,0, ID=3,1, AD=6,0
Weight: 
Source Page: 412
BOM: 5275305512
Substitution Status: 
New Part Number: 
Superseded List: ";SPACER;;12VM40A-508;12V4000M40A, importar;simple;https://milu-naval.mystagingwebsite.com/wp-content/uploads/2026/02/12V4000M40A-0412-01-45.webp;12V4000M40A;412;45;5275305512;SPACER;AB L=3,0, ID=3,1, AD=6,0;;;;;ok;importar;import_new;cumple condiciones para articulo nuevo | PN y designation_final validos, sin conflictos criticos;import_new;cumple condiciones para articulo nuevo | PN y designation_final validos, sin conflictos criticos;engine_12V4000M40A.json;1100173;412;0005331053;SPACER;AB L=3,0, ID=3,1, AD=6,0;;;;;;ok;importar;yes
X00037747;PRESSURE SENSOR;x00037747;publish;"Engine: 12V4000M40A
Part Number: X00037747
Designation: PRESSURE SENSOR
Measurement: 
Weight: 
Source Page: 416
BOM: XS00E510.00009
Substitution Status: 
New Part Number: 
Superseded List: ";PRESSURE SENSOR;;12VM40A-515;12V4000M40A, importar;simple;https://milu-naval.mystagingwebsite.com/wp-content/uploads/2026/02/12V4000M40A-0416-01-80.webp;12V4000M40A;416;80;XS00E510.00009;PRESSURE SENSOR;;;;;;ok;importar;import_new;cumple condiciones para articulo nuevo | PN y designation_final validos, sin conflictos criticos;import_new;cumple condiciones para articulo nuevo | PN y designation_final validos, sin conflictos criticos;engine_12V4000M40A.json;1102517;416;X00037747;PRESSURE SENSOR;;;;;;;ok;importar;yes
X52666400003/30;ALTERNATOR;x52666400003-30;publish;"Engine: 12V4000M40A
Part Number: X52666400003/30
Designation: ALTERNATOR
Measurement: 
Weight: 
Source Page: 418
BOM: XS526660.00002
Substitution Status: 
New Part Number: 
Superseded List: ";ALTERNATOR;;12VM40A-664;12V4000M40A, importar;simple;https://milu-naval.mystagingwebsite.com/wp-content/uploads/2026/02/12V4000M40A-0418-01-20.webp;12V4000M40A;418;20;XS526660.00002;ALTERNATOR;;;;;;ok;importar;import_new;cumple condiciones para articulo nuevo | PN y designation_final validos, sin conflictos criticos;import_new;cumple condiciones para articulo nuevo | PN y designation_final validos, sin conflictos criticos;engine_12V4000M40A.json;1102636;418;X52666400003/30;ALTERNATOR;;;;;;;ok;importar;yes
700425000039;PLATE;700425000039;publish;"Engine: 12V4000M53
Part Number: 700425000039
Designation: PLATE
Measurement: 36
Weight: 0.002 KGM
Source Page: 18
BOM: XS524000.00104
Substitution Status: 
New Part Number: 
Superseded List: ";PLATE;;12VM53-4;12V4000M53, importar;simple;https://milu-naval.mystagingwebsite.com/wp-content/uploads/2026/01/sin_imagen.jpeg;12V4000M53;18;150;XS524000.00104;PLATE;36;0.002 KGM;;;;ok;importar;import_new;cumple condiciones para articulo nuevo | PN y designation_final validos, sin conflictos criticos;import_new;cumple condiciones para articulo nuevo | PN y designation_final validos, sin conflictos criticos;engine_12V4000M53.json;1200004;18;700425000039;PLATE;36;0.002 KGM;;;;;ok;importar;yes
700425000112;LABEL;700425000112;publish;"Engine: 12V4000M53
Part Number: 700425000112
Designation: LABEL
Measurement: 47.2
Weight: 0.002 KGM
Source Page: 19
BOM: XSD01000.00001
Substitution Status: SI
New Part Number: 700425000112
Superseded List: 700425000068, 700425000098";LABEL;;12VM53-4;12V4000M53, New, importar;simple;https://milu-naval.mystagingwebsite.com/wp-content/uploads/2026/01/sin_imagen.jpeg;12V4000M53;19;100;XSD01000.00001;LABEL;47.2;0.002 KGM;SI;700425000112;700425000068, 700425000098;ok;importar;import_new;cumple condiciones para articulo nuevo;import_new;cumple condiciones para articulo nuevo;engine_12V4000M53.json;1200005;19;700425000112;LABEL;47.2;0.002 KGM;SI;New;700425000112;700425000068, 700425000098;ok;importar;yes
000000003021;HEX SCREW;000000003021;publish;"Engine: 12V4000M53
Part Number: 000000003021
Designation: HEX SCREW
Measurement: M 10 X 25
Weight: 0.023 KGM
Source Page: 22
BOM: XS594010.00195
Substitution Status: 
New Part Number: 
Superseded List: ";HEX SCREW;;12VM53-11;12V4000M53, importar;simple;https://milu-naval.mystagingwebsite.com/wp-content/uploads/2026/01/sin_imagen.jpeg;12V4000M53;22;170;XS594010.00195;HEX SCREW;M 10 X 25;0.023 KGM;;;;ok;importar;import_new;cumple condiciones para articulo nuevo | PN y designation_final validos, sin conflictos criticos;import_new;cumple condiciones para articulo nuevo | PN y designation_final validos, sin conflictos criticos;engine_12V4000M53.json;1200010;22;000000003021;HEX SCREW;M 10 X 25;0.023 KGM;;;;;ok;importar;yes
000835008086;STUD;000835008086;publish;"Engine: 12V4000M53
Part Number: 000835008086
Designation: STUD
Measurement: M 8 X 25
Weight: 0.013 KGM
Source Page: 22
BOM: XS594010.00195
Substitution Status: SI
New Part Number: 000835008086
Superseded List: 000835008016";STUD;;12VM53-11;12V4000M53, New, importar;simple;https://milu-naval.mystagingwebsite.com/wp-content/uploads/2026/01/sin_imagen.jpeg;12V4000M53;22;220;XS594010.00195;STUD;M 8 X 25;0.013 KGM;SI;000835008086;000835008016;ok;importar;import_new;cumple condiciones para articulo nuevo;import_new;cumple condiciones para articulo nuevo;engine_12V4000M53.json;1200012;22;000835008086;STUD;M 8 X 25;0.013 KGM;SI;New;000835008086;000835008016;ok;importar;yes
000835010056;STUD;000835010056;publish;"Engine: 12V4000M53
Part Number: 000835010056
Designation: STUD
Measurement: M 10 X 25
Weight: 0.002 KGM
Source Page: 22
BOM: XS594010.00195
Substitution Status: SI
New Part Number: 000835010056
Superseded List: 000835010053";STUD;;12VM53-11;12V4000M53, New, importar;simple;https://milu-naval.mystagingwebsite.com/wp-content/uploads/2026/01/sin_imagen.jpeg;12V4000M53;22;240;XS594010.00195;STUD;M 10 X 25;0.002 KGM;SI;000835010056;000835010053;ok;importar;import_new;cumple condiciones para articulo nuevo;import_new;cumple condiciones para articulo nuevo;engine_12V4000M53.json;1200013;22;000835010056;STUD;M 10 X 25;0.002 KGM;SI;New;000835010056;000835010053;ok;importar;yes
204017010004;HEX SCREW;204017010004;publish;"Engine: 12V4000M53
Part Number: 204017010004
Designation: HEX SCREW
Measurement: M 10 X 16
Weight: 0.018 KGM
Source Page: 22
BOM: XS594010.00195
Substitution Status: 
New Part Number: 
Superseded List: ";HEX SCREW;;12VM53-11;12V4000M53, importar;simple;https://milu-naval.mystagingwebsite.com/wp-content/uploads/2026/01/sin_imagen.jpeg;12V4000M53;22;380;XS594010.00195;HEX SCREW;M 10 X 16;0.018 KGM;;;;ok;importar;import_new;cumple condiciones para articulo nuevo | PN y designation_final validos, sin conflictos criticos;import_new;cumple condiciones para articulo nuevo | PN y designation_final validos, sin conflictos criticos;engine_12V4000M53.json;1200023;22;204017010004;HEX SCREW;M 10 X 16;0.018 KGM;;;;;ok;importar;yes
X59401100065;CRANKCASE;x59401100065;publish;"Engine: 12V4000M53
Part Number: X59401100065
Designation: CRANKCASE
Measurement: 
Weight: 1.291,000 EM
Source Page: 23
BOM: X59401100066
Substitution Status: 
New Part Number: 
Superseded List: ";CRANKCASE;;12VM53-11;12V4000M53, importar;simple;https://milu-naval.mystagingwebsite.com/wp-content/uploads/2026/02/12V4000M53-0023-01-10.webp;12V4000M53;23;10;X59401100066;CRANKCASE;;1.291,000 EM;;;;ok;importar;import_new;cumple condiciones para articulo nuevo | PN y designation_final validos, sin conflictos criticos;import_new;cumple condiciones para articulo nuevo | PN y designation_final validos, sin conflictos criticos;engine_12V4000M53.json;1200035;23;X59401100065;CRANKCASE;;1.291,000 EM;;;;;ok;importar;yes
700521020200;WASHER;700521020200;publish;"Engine: 12V4000M53
Part Number: 700521020200
Designation: WASHER
Measurement: 20,2
Weight: 0.017 KGM
Source Page: 23
BOM: X59401100066
Substitution Status: 
New Part Number: 
Superseded List: ";WASHER;;12VM53-11;12V4000M53, importar;simple;https://milu-naval.mystagingwebsite.com/wp-content/uploads/2026/02/12V4000M53-0023-01-60.webp;12V4000M53;23;60;X59401100066;WASHER;20,2;0.017 KGM;;;;ok;importar;import_new;cumple condiciones para articulo nuevo | PN y designation_final validos, sin conflictos criticos;import_new;cumple condiciones para articulo nuevo | PN y designation_final validos, sin conflictos criticos;engine_12V4000M53.json;1200044;23;700521020200;WASHER;20,2;0.017 KGM;;;;;ok;importar;yes
X59401100026;INSPECT PORT COVER W/OIL FILLER NECK;x59401100026;publish;"Engine: 12V4000M53
Part Number: X59401100026
Designation: INSPECT PORT COVER W/OIL FILLER NECK
Measurement: 
Weight: 
Source Page: 28
BOM: X59401100039
Substitution Status: 
New Part Number: 
Superseded List: ";INSPECT PORT COVER W/OIL FILLER NECK;;12VM53-11;12V4000M53, importar;simple;https://milu-naval.mystagingwebsite.com/wp-content/uploads/2026/02/12V4000M53-0028-01-50.webp;12V4000M53;28;50;X59401100039;INSPECT PORT COVER W/OIL FILLER NECK;;;;;;ok;importar;import_new;cumple condiciones para articulo nuevo | PN y designation_final validos, sin conflictos criticos;import_new;cumple condiciones para articulo nuevo | PN y designation_final validos, sin conflictos criticos;engine_12V4000M53.json;1200079;28;X59401100026;INSPECT PORT COVER W/OIL FILLER NECK;;;;;;;ok;importar;yes
000931008189;HEX SCREW;000931008189;publish;"Engine: 12V4000M53
Part Number: 000931008189
Designation: HEX SCREW
Measurement: M 8 X 85
Weight: 0.036 KGM
Source Page: 31
BOM: X00027259
Substitution Status: SI
New Part Number: 000931008189
Superseded List: 000931008120, 197Y00084/1";HEX SCREW;;12VM53-14;12V4000M53, New, importar;simple;https://milu-naval.mystagingwebsite.com/wp-content/uploads/2026/02/12V4000M53-0031-01-1300.webp;12V4000M53;31;1300;X00027259;HEX SCREW;M 8 X 85;0.036 KGM;SI;000931008189;000931008120, 197Y00084/1;ok;importar;import_new;cumple condiciones para articulo nuevo;import_new;cumple condiciones para articulo nuevo;engine_12V4000M53.json;1200095;31;000931008189;HEX SCREW;M 8 X 85;0.036 KGM;SI;New;000931008189;000931008120, 197Y00084/1;ok;importar;yes
000931010315;HEX SCREW;000931010315;publish;"Engine: 12V4000M53
Part Number: 000931010315
Designation: HEX SCREW
Measurement: M 10 X100
Weight: 0.064 KGM
Source Page: 31
BOM: X00027259
Substitution Status: SI
New Part Number: 000931010315
Superseded List: 000931010146, 000931010348, 06.01013-1225, 06.01013-3225, 06010133225, 197Y00008/1, 914007010031";HEX SCREW;;12VM53-14;12V4000M53, New, importar;simple;https://milu-naval.mystagingwebsite.com/wp-content/uploads/2026/02/12V4000M53-0031-01-600.webp;12V4000M53;31;600;X00027259;HEX SCREW;M 10 X100;0.064 KGM;SI;000931010315;000931010146, 000931010348, 06.01013-1225, 06.01013-3225, 06010133225, 197Y00008/1, 914007010031;ok;importar;import_new;cumple condiciones para articulo nuevo;import_new;cumple condiciones para articulo nuevo;engine_12V4000M53.json;1200106;31;000931010315;HEX SCREW;M 10 X100;0.064 KGM;SI;New;000931010315;000931010146, 000931010348, 06.01013-1225, 06.01013-3225, 06010133225, 197Y00008/1, 914007010031;ok;importar;yes
000933016003;HEX SCREW;000933016003;publish;"Engine: 12V4000M53
Part Number: 000933016003
Designation: HEX SCREW
Measurement: M 16 X 25
Weight: 0.067 KGM
Source Page: 35
BOM: XS594010.00159
Substitution Status: SI
New Part Number: 000933016003
Superseded List: 000933016060";HEX SCREW;;12VM53-16;12V4000M53, New, importar;simple;https://milu-naval.mystagingwebsite.com/wp-content/uploads/2026/02/12V4000M53-0035-01-250.webp;12V4000M53;35;250;XS594010.00159;HEX SCREW;M 16 X 25;0.067 KGM;SI;000933016003;000933016060;ok;importar;import_new;cumple condiciones para articulo nuevo;import_new;cumple condiciones para articulo nuevo;engine_12V4000M53.json;1200126;35;000933016003;HEX SCREW;M 16 X 25;0.067 KGM;SI;New;000933016003;000933016060;ok;importar;yes
X00021780/75;FLYWHEEL HOUSING PRIMED;x00021780-75;publish;"Engine: 12V4000M53
Part Number: X00021780/75
Designation: FLYWHEEL HOUSING PRIMED
Measurement: 
Weight: 231,000 kg
Source Page: 36
BOM: X00021778
Substitution Status: 
New Part Number: 
Superseded List: ";FLYWHEEL HOUSING PRIMED;;12VM53-16;12V4000M53, importar;simple;https://milu-naval.mystagingwebsite.com/wp-content/uploads/2026/02/12V4000M53-0036-01-50.webp;12V4000M53;36;50;X00021778;FLYWHEEL HOUSING PRIMED;;231,000 kg;;;;ok;importar;import_new;cumple condiciones para articulo nuevo | PN y designation_final validos, sin conflictos criticos;import_new;cumple condiciones para articulo nuevo | PN y designation_final validos, sin conflictos criticos;engine_12V4000M53.json;1200145;36;X00021780/75;FLYWHEEL HOUSING PRIMED;;231,000 kg;;;;;ok;importar;yes
X59301800036;IMPAKTOR CARRIER;x59301800036;publish;"Engine: 12V4000M53
Part Number: X59301800036
Designation: IMPAKTOR CARRIER
Measurement: 
Weight: 
Source Page: 44
BOM: X59301800037
Substitution Status: 
New Part Number: 
Superseded List: ";IMPAKTOR CARRIER;;12VM53-18;12V4000M53, importar;simple;https://milu-naval.mystagingwebsite.com/wp-content/uploads/2026/02/12V4000M53-0044-01-50.webp;12V4000M53;44;50;X59301800037;IMPAKTOR CARRIER;;;;;;ok;importar;import_new;cumple condiciones para articulo nuevo | PN y designation_final validos, sin conflictos criticos;import_new;cumple condiciones para articulo nuevo | PN y designation_final validos, sin conflictos criticos;engine_12V4000M53.json;1200276;44;X59301800036;IMPAKTOR CARRIER;;;;;;;ok;importar;yes
XP52725100092;SIDE PLATE;xp52725100092;publish;"Engine: 12V4000M53
Part Number: XP52725100092
Designation: SIDE PLATE
Measurement: 
Weight: 
Source Page: 64
BOM: X59403500006
Substitution Status: 
New Part Number: 
Superseded List: ";SIDE PLATE;;12VM53-35;12V4000M53, importar;simple;https://milu-naval.mystagingwebsite.com/wp-content/uploads/2026/02/12V4000M53-0064-01-100.webp;12V4000M53;64;100;X59403500006;SIDE PLATE;;;;;;ok;importar;import_new;cumple condiciones para articulo nuevo | PN y designation_final validos, sin conflictos criticos;import_new;cumple condiciones para articulo nuevo | PN y designation_final validos, sin conflictos criticos;engine_12V4000M53.json;1200396;64;XP52725100092;SIDE PLATE;;;;;;;ok;importar;yes
XP52725100093;INNER STAR;xp52725100093;publish;"Engine: 12V4000M53
Part Number: XP52725100093
Designation: INNER STAR
Measurement: 
Weight: 
Source Page: 64
BOM: X59403500006
Substitution Status: 
New Part Number: 
Superseded List: ";INNER STAR;;12VM53-35;12V4000M53, importar;simple;https://milu-naval.mystagingwebsite.com/wp-content/uploads/2026/02/12V4000M53-0064-01-120.webp;12V4000M53;64;120;X59403500006;INNER STAR;;;;;;ok;importar;import_new;cumple condiciones para articulo nuevo | PN y designation_final validos, sin conflictos criticos;import_new;cumple condiciones para articulo nuevo | PN y designation_final validos, sin conflictos criticos;engine_12V4000M53.json;1200397;64;XP52725100093;INNER STAR;;;;;;;ok;importar;yes
XP52725100094;SHIM;xp52725100094;publish;"Engine: 12V4000M53
Part Number: XP52725100094
Designation: SHIM
Measurement: 
Weight: 
Source Page: 64
BOM: X59403500006
Substitution Status: 
New Part Number: 
Superseded List: ";SHIM;;12VM53-35;12V4000M53, importar;simple;https://milu-naval.mystagingwebsite.com/wp-content/uploads/2026/02/12V4000M53-0064-01-140.webp;12V4000M53;64;140;X59403500006;SHIM;;;;;;ok;importar;import_new;cumple condiciones para articulo nuevo | PN y designation_final validos, sin conflictos criticos;import_new;cumple condiciones para articulo nuevo | PN y designation_final validos, sin conflictos criticos;engine_12V4000M53.json;1200398;64;XP52725100094;SHIM;;;;;;;ok;importar;yes
XP52725100095;OIL NOZZLE;xp52725100095;publish;"Engine: 12V4000M53
Part Number: XP52725100095
Designation: OIL NOZZLE
Measurement: 
Weight: 
Source Page: 64
BOM: X59403500006
Substitution Status: 
New Part Number: 
Superseded List: ";OIL NOZZLE;;12VM53-35;12V4000M53, importar;simple;https://milu-naval.mystagingwebsite.com/wp-content/uploads/2026/02/12V4000M53-0064-01-160.webp;12V4000M53;64;160;X59403500006;OIL NOZZLE;;;;;;ok;importar;import_new;cumple condiciones para articulo nuevo | PN y designation_final validos, sin conflictos criticos;import_new;cumple condiciones para articulo nuevo | PN y designation_final validos, sin conflictos criticos;engine_12V4000M53.json;1200399;64;XP52725100095;OIL NOZZLE;;;;;;;ok;importar;yes
Z=VSTI M-ED;NIPPLE;z-vsti-m-ed;publish;"Engine: 12V4000M53
Part Number: Z=VSTI M-ED
Designation: NIPPLE
Measurement: 
Weight: 
Source Page: 64
BOM: X59403500006
Substitution Status: 
New Part Number: 
Superseded List: ";NIPPLE;;12VM53-35;12V4000M53, importar;simple;https://milu-naval.mystagingwebsite.com/wp-content/uploads/2026/02/12V4000M53-0064-01-180.webp;12V4000M53;64;180;X59403500006;NIPPLE;;;;;;ok;importar;import_new;cumple condiciones para articulo nuevo | PN y designation_final validos, sin conflictos criticos;import_new;cumple condiciones para articulo nuevo | PN y designation_final validos, sin conflictos criticos;engine_12V4000M53.json;1200400;64;Z=VSTI M-ED;NIPPLE;;;;;;;ok;importar;yes
XP52725100089;SPRING LEAF;xp52725100089;publish;"Engine: 12V4000M53
Part Number: XP52725100089
Designation: SPRING LEAF
Measurement: 
Weight: 
Source Page: 64
BOM: X59403500006
Substitution Status: 
New Part Number: 
Superseded List: ";SPRING LEAF;;12VM53-35;12V4000M53, importar;simple;https://milu-naval.mystagingwebsite.com/wp-content/uploads/2026/02/12V4000M53-0064-01-20.webp;12V4000M53;64;20;X59403500006;SPRING LEAF;;;;;;ok;importar;import_new;cumple condiciones para articulo nuevo | PN y designation_final validos, sin conflictos criticos;import_new;cumple condiciones para articulo nuevo | PN y designation_final validos, sin conflictos criticos;engine_12V4000M53.json;1200401;64;XP52725100089;SPRING LEAF;;;;;;;ok;importar;yes
XP52725100090;INTERMEDIATE MEMBER;xp52725100090;publish;"Engine: 12V4000M53
Part Number: XP52725100090
Designation: INTERMEDIATE MEMBER
Measurement: 
Weight: 
Source Page: 64
BOM: X59403500006
Substitution Status: 
New Part Number: 
Superseded List: ";INTERMEDIATE MEMBER;;12VM53-35;12V4000M53, importar;simple;https://milu-naval.mystagingwebsite.com/wp-content/uploads/2026/02/12V4000M53-0064-01-40.webp;12V4000M53;64;40;X59403500006;INTERMEDIATE MEMBER;;;;;;ok;importar;import_new;cumple condiciones para articulo nuevo | PN y designation_final validos, sin conflictos criticos;import_new;cumple condiciones para articulo nuevo | PN y designation_final validos, sin conflictos criticos;engine_12V4000M53.json;1200407;64;XP52725100090;INTERMEDIATE MEMBER;;;;;;;ok;importar;yes
XP52725100091;CLAMPING RING;xp52725100091;publish;"Engine: 12V4000M53
Part Number: XP52725100091
Designation: CLAMPING RING
Measurement: 
Weight: 
Source Page: 64
BOM: X59403500006
Substitution Status: 
New Part Number: 
Superseded List: ";CLAMPING RING;;12VM53-35;12V4000M53, importar;simple;https://milu-naval.mystagingwebsite.com/wp-content/uploads/2026/02/12V4000M53-0064-01-60.webp;12V4000M53;64;60;X59403500006;CLAMPING RING;;;;;;ok;importar;import_new;cumple condiciones para articulo nuevo | PN y designation_final validos, sin conflictos criticos;import_new;cumple condiciones para articulo nuevo | PN y designation_final validos, sin conflictos criticos;engine_12V4000M53.json;1200408;64;XP52725100091;CLAMPING RING;;;;;;;ok;importar;yes
XP52825100033;FLANGE;xp52825100033;publish;"Engine: 12V4000M53
Part Number: XP52825100033
Designation: FLANGE
Measurement: 
Weight: 
Source Page: 64
BOM: X59403500006
Substitution Status: 
New Part Number: 
Superseded List: ";FLANGE;;12VM53-35;12V4000M53, importar;simple;https://milu-naval.mystagingwebsite.com/wp-content/uploads/2026/02/12V4000M53-0064-01-80.webp;12V4000M53;64;80;X59403500006;FLANGE;;;;;;ok;importar;import_new;cumple condiciones para articulo nuevo | PN y designation_final validos, sin conflictos criticos;import_new;cumple condiciones para articulo nuevo | PN y designation_final validos, sin conflictos criticos;engine_12V4000M53.json;1200409;64;XP52825100033;FLANGE;;;;;;;ok;importar;yes
X5240410020;GUIDES;x5240410020;publish;"Engine: 12V4000M53
Part Number: X5240410020
Designation: GUIDES
Measurement: 
Weight: 
Source Page: 74
BOM: X52404100209
Substitution Status: 
New Part Number: 
Superseded List: ";GUIDES;;12VM53-41;12V4000M53, importar;simple;https://milu-naval.mystagingwebsite.com/wp-content/uploads/2026/02/12V4000M53-0074-01-10.webp;12V4000M53;74;10;X52404100209;GUIDES;;;;;;ok;importar;import_new;cumple condiciones para articulo nuevo | PN y designation_final validos, sin conflictos criticos;import_new;cumple condiciones para articulo nuevo | PN y designation_final validos, sin conflictos criticos;engine_12V4000M53.json;1200442;74;X5240410020;GUIDES;;;;;;;ok;importar;yes
X52404200008;VALVE GUIDE;x52404200008;publish;"Engine: 12V4000M53
Part Number: X52404200008
Designation: VALVE GUIDE
Measurement: FERTIG BEARBEITET, 19.00 r6 H7
Weight: 0.12 KGM
Source Page: 74
BOM: X52404100209
Substitution Status: 
New Part Number: 
Superseded List: ";VALVE GUIDE;;12VM53-41;12V4000M53, importar;simple;https://milu-naval.mystagingwebsite.com/wp-content/uploads/2026/01/sin_imagen.jpeg;12V4000M53;74;210;X52404100209;VALVE GUIDE;FERTIG BEARBEITET, 19.00 r6 H7;0.12 KGM;;;;ok;importar;import_new;cumple condiciones para articulo nuevo | PN y designation_final validos, sin conflictos criticos;import_new;cumple condiciones para articulo nuevo | PN y designation_final validos, sin conflictos criticos;engine_12V4000M53.json;1200451;74;X52404200008;VALVE GUIDE;FERTIG BEARBEITET, 19.00 r6 H7;0.12 KGM;;;;;ok;importar;yes
X5240420000;EXHAUST VALVE GUIDE INLET;x5240420000;publish;"Engine: 12V4000M53
Part Number: X5240420000
Designation: EXHAUST VALVE GUIDE INLET
Measurement: 
Weight: 
Source Page: 74
BOM: X52404100209
Substitution Status: 
New Part Number: 
Superseded List: ";EXHAUST VALVE GUIDE INLET;;12VM53-41;12V4000M53, importar;simple;https://milu-naval.mystagingwebsite.com/wp-content/uploads/2026/01/sin_imagen.jpeg;12V4000M53;74;220;X52404100209;EXHAUST VALVE GUIDE INLET;;;;;;ok;importar;import_new;cumple condiciones para articulo nuevo | PN y designation_final validos, sin conflictos criticos;import_new;cumple condiciones para articulo nuevo | PN y designation_final validos, sin conflictos criticos;engine_12V4000M53.json;1200452;74;X5240420000;EXHAUST VALVE GUIDE INLET;;;;;;;ok;importar;yes
X5240420001;EXHAUST;x5240420001;publish;"Engine: 12V4000M53
Part Number: X5240420001
Designation: EXHAUST
Measurement: 
Weight: 
Source Page: 74
BOM: X52404100209
Substitution Status: 
New Part Number: 
Superseded List: ";EXHAUST;;12VM53-41;12V4000M53, importar;simple;https://milu-naval.mystagingwebsite.com/wp-content/uploads/2026/01/sin_imagen.jpeg;12V4000M53;74;230;X52404100209;EXHAUST;;;;;;ok;importar;import_new;cumple condiciones para articulo nuevo | PN y designation_final validos, sin conflictos criticos;import_new;cumple condiciones para articulo nuevo | PN y designation_final validos, sin conflictos criticos;engine_12V4000M53.json;1200453;74;X5240420001;EXHAUST;;;;;;;ok;importar;yes
X52404100207;CYLINDER HEAD (ONLY MACHINED);x52404100207;publish;"Engine: 12V4000M53
Part Number: X52404100207
Designation: CYLINDER HEAD (ONLY MACHINED)
Measurement: 
Weight: 49,300 kg EM
Source Page: 76
BOM: X52404100208
Substitution Status: 
New Part Number: 
Superseded List: ";CYLINDER HEAD (ONLY MACHINED);;12VM53-41;12V4000M53, importar;simple;https://milu-naval.mystagingwebsite.com/wp-content/uploads/2026/02/12V4000M53-0076-01-10.webp;12V4000M53;76;10;X52404100208;CYLINDER HEAD (ONLY MACHINED);;49,300 kg EM;;;;ok;importar;import_new;cumple condiciones para articulo nuevo | PN y designation_final validos, sin conflictos criticos;import_new;cumple condiciones para articulo nuevo | PN y designation_final validos, sin conflictos criticos;engine_12V4000M53.json;1200466;76;X52404100207;CYLINDER HEAD (ONLY MACHINED);;49,300 kg EM;;;;;ok;importar;yes
X52605100020;CAMSHAFT FOR 12V;x52605100020;publish;"Engine: 12V4000M53
Part Number: X52605100020
Designation: CAMSHAFT FOR 12V
Measurement: 
Weight: 
Source Page: 81
BOM: X52605100021
Substitution Status: 
New Part Number: 
Superseded List: ";CAMSHAFT FOR 12V;;12VM53-51;12V4000M53, importar;simple;https://milu-naval.mystagingwebsite.com/wp-content/uploads/2026/02/12V4000M53-0081-01-10.webp;12V4000M53;81;10;X52605100021;CAMSHAFT FOR 12V;;;;;;ok;importar;import_new;cumple condiciones para articulo nuevo | PN y designation_final validos, sin conflictos criticos;import_new;cumple condiciones para articulo nuevo | PN y designation_final validos, sin conflictos criticos;engine_12V4000M53.json;1200487;81;X52605100020;CAMSHAFT FOR 12V;;;;;;;ok;importar;yes
X59499100827;STUD;x59499100827;publish;"Engine: 12V4000M53
Part Number: X59499100827
Designation: STUD
Measurement: 
Weight: 22,000 g M8 X 55
Source Page: 101
BOM: XS594070.00020
Substitution Status: 
New Part Number: 
Superseded List: ";STUD;;12VM53-77;12V4000M53, importar;simple;https://milu-naval.mystagingwebsite.com/wp-content/uploads/2026/01/sin_imagen.jpeg;12V4000M53;101;81;XS594070.00020;STUD;;22,000 g M8 X 55;;;;ok;importar;import_new;cumple condiciones para articulo nuevo | PN y designation_final validos, sin conflictos criticos;import_new;cumple condiciones para articulo nuevo | PN y designation_final validos, sin conflictos criticos;engine_12V4000M53.json;1200579;101;X59499100827;STUD;;22,000 g M8 X 55;;;;;ok;importar;yes
XP52707700018;THRUST RING;xp52707700018;publish;"Engine: 12V4000M53
Part Number: XP52707700018
Designation: THRUST RING
Measurement: 22X29.5
Weight: 
Source Page: 103
BOM: X52607700009
Substitution Status: 
New Part Number: 
Superseded List: ";THRUST RING;;12VM53-77;12V4000M53, importar;simple;https://milu-naval.mystagingwebsite.com/wp-content/uploads/2026/02/12V4000M53-0103-01-30.webp;12V4000M53;103;30;X52607700009;THRUST RING;22X29.5;;;;;ok;importar;import_new;cumple condiciones para articulo nuevo | PN y designation_final validos, sin conflictos criticos;import_new;cumple condiciones para articulo nuevo | PN y designation_final validos, sin conflictos criticos;engine_12V4000M53.json;1200599;103;XP52707700018;THRUST RING;22X29.5;;;;;;ok;importar;yes
735151010200;SPACER S2000/4000;735151010200;publish;"Engine: 12V4000M53
Part Number: 735151010200
Designation: SPACER S2000/4000
Measurement: B 10,5
Weight: 0.022 KGM
Source Page: 107
BOM: XS593080.00025
Substitution Status: 
New Part Number: 
Superseded List: ";SPACER S2000/4000;;12VM53-80;12V4000M53, importar;simple;https://milu-naval.mystagingwebsite.com/wp-content/uploads/2026/02/12V4000M53-0107-01-300.webp;12V4000M53;107;300;XS593080.00025;SPACER S2000/4000;B 10,5;0.022 KGM;;;;ok;importar;import_new;cumple condiciones para articulo nuevo | PN y designation_final validos, sin conflictos criticos;import_new;cumple condiciones para articulo nuevo | PN y designation_final validos, sin conflictos criticos;engine_12V4000M53.json;1200622;107;735151010200;SPACER S2000/4000;B 10,5;0.022 KGM;;;;;ok;importar;yes
X59410100080;COMPRESSOR HOUSING A/R=1.91CM;x59410100080;publish;"Engine: 12V4000M53
Part Number: X59410100080
Designation: COMPRESSOR HOUSING A/R=1.91CM
Measurement: 
Weight: 40,200 kg
Source Page: 129
BOM: X59410100104
Substitution Status: 
New Part Number: 
Superseded List: ";COMPRESSOR HOUSING A/R=1.91CM;;12VM53-101;12V4000M53, importar;simple;https://milu-naval.mystagingwebsite.com/wp-content/uploads/2026/02/12V4000M53-0128-01-290.webp;12V4000M53;129;290;X59410100104;COMPRESSOR HOUSING A/R=1.91CM;;40,200 kg;;;;ok;importar;import_new;cumple condiciones para articulo nuevo | PN y designation_final validos, sin conflictos criticos;import_new;cumple condiciones para articulo nuevo | PN y designation_final validos, sin conflictos criticos;engine_12V4000M53.json;1200894;129;X59410100080;COMPRESSOR HOUSING A/R=1.91CM;;40,200 kg;;;;;ok;importar;yes
000908042001;THREAD PLUG;000908042001;publish;"Engine: 12V4000M53
Part Number: 000908042001
Designation: THREAD PLUG
Measurement: M 42 X 1,5
Weight: 0.182 KGM
Source Page: 129
BOM: X59410100104
Substitution Status: SI
New Part Number: 000908042001
Superseded List: 000908042000, 06.08040-0118, X59699100041";THREAD PLUG;;12VM53-101;12V4000M53, New, importar;simple;https://milu-naval.mystagingwebsite.com/wp-content/uploads/2026/02/12V4000M53-0128-01-340.webp;12V4000M53;129;340;X59410100104;THREAD PLUG;M 42 X 1,5;0.182 KGM;SI;000908042001;000908042000, 06.08040-0118, X59699100041;ok;importar;import_new;cumple condiciones para articulo nuevo;import_new;cumple condiciones para articulo nuevo;engine_12V4000M53.json;1200898;129;000908042001;THREAD PLUG;M 42 X 1,5;0.182 KGM;SI;New;000908042001;000908042000, 06.08040-0118, X59699100041;ok;importar;yes
X59610100160;BEARING HOUSING;x59610100160;publish;"Engine: 12V4000M53
Part Number: X59610100160
Designation: BEARING HOUSING
Measurement: 
Weight: 
Source Page: 130
BOM: X59610100161
Substitution Status: 
New Part Number: 
Superseded List: ";BEARING HOUSING;;12VM53-101;12V4000M53, importar;simple;https://milu-naval.mystagingwebsite.com/wp-content/uploads/2026/02/12V4000M53-0130-01-10.webp;12V4000M53;130;10;X59610100161;BEARING HOUSING;;;;;;ok;importar;import_new;cumple condiciones para articulo nuevo | PN y designation_final validos, sin conflictos criticos;import_new;cumple condiciones para articulo nuevo | PN y designation_final validos, sin conflictos criticos;engine_12V4000M53.json;1200912;130;X59610100160;BEARING HOUSING;;;;;;;ok;importar;yes
X59610100099;THRUST BEARING;x59610100099;publish;"Engine: 12V4000M53
Part Number: X59610100099
Designation: THRUST BEARING
Measurement: 
Weight: 
Source Page: 131
BOM: X59610100101
Substitution Status: 
New Part Number: 
Superseded List: ";THRUST BEARING;;12VM53-101;12V4000M53, importar;simple;https://milu-naval.mystagingwebsite.com/wp-content/uploads/2026/02/12V4000M53-0131-01-50.webp;12V4000M53;131;50;X59610100101;THRUST BEARING;;;;;;ok;importar;import_new;cumple condiciones para articulo nuevo | PN y designation_final validos, sin conflictos criticos;import_new;cumple condiciones para articulo nuevo | PN y designation_final validos, sin conflictos criticos;engine_12V4000M53.json;1200916;131;X59610100099;THRUST BEARING;;;;;;;ok;importar;yes
X00018306;MAGNETIC NUT;x00018306;publish;"Engine: 16V4000M73L
Part Number: X00018306
Designation: MAGNETIC NUT
Measurement: 
Weight: 87 G M16X1.5 LH
Source Page: 131
BOM: X00018307
Substitution Status: 
New Part Number: 
Superseded List: ";MAGNETIC NUT;;16VM73L-100;16V4000M73L, importar;simple;https://milu-naval.mystagingwebsite.com/wp-content/uploads/2026/02/16V4000M73L-0131-01-50.webp;16V4000M73L;131;50;X00018307;MAGNETIC NUT;;87 G M16X1.5 LH;;;;ok;importar;import_new;cumple condiciones para articulo nuevo | PN y designation_final validos, sin conflictos criticos;import_new;cumple condiciones para articulo nuevo | PN y designation_final validos, sin conflictos criticos;engine_16V4000M73L.json;1500747;131;X00018306;MAGNETIC NUT;;87 G M16X1.5 LH;;;;;ok;importar;yes
X59410100077;COMPRESSOR HOUSING ZR195/091;x59410100077;publish;"Engine: 12V4000M53
Part Number: X59410100077
Designation: COMPRESSOR HOUSING ZR195/091
Measurement: 
Weight: 
Source Page: 133
BOM: X59410100080
Substitution Status: 
New Part Number: 
Superseded List: ";COMPRESSOR HOUSING ZR195/091;;12VM53-101;12V4000M53, importar;simple;https://milu-naval.mystagingwebsite.com/wp-content/uploads/2026/02/12V4000M53-0133-01-10.webp;12V4000M53;133;10;X59410100080;COMPRESSOR HOUSING ZR195/091;;;;;;ok;importar;import_new;cumple condiciones para articulo nuevo | PN y designation_final validos, sin conflictos criticos;import_new;cumple condiciones para articulo nuevo | PN y designation_final validos, sin conflictos criticos;engine_12V4000M53.json;1200919;133;X59410100077;COMPRESSOR HOUSING ZR195/091;;;;;;;ok;importar;yes
X59599100100;RETAINER;x59599100100;publish;"Engine: 12V4000M53
Part Number: X59599100100
Designation: RETAINER
Measurement: 
Weight: 850,000 g
Source Page: 149
BOM: XS526120.00050
Substitution Status: 
New Part Number: 
Superseded List: ";RETAINER;;12VM53-123;12V4000M53, importar;simple;https://milu-naval.mystagingwebsite.com/wp-content/uploads/2026/02/12V4000M53-0148-02-1600.webp;12V4000M53;149;1600;XS526120.00050;RETAINER;;850,000 g;;;;ok;importar;import_new;cumple condiciones para articulo nuevo | PN y designation_final validos, sin conflictos criticos;import_new;cumple condiciones para articulo nuevo | PN y designation_final validos, sin conflictos criticos;engine_12V4000M53.json;1201043;149;X59599100100;RETAINER;;850,000 g;;;;;ok;importar;yes
X52612300105;INTAKE HOUSING HORIZONTAL;x52612300105;publish;"Engine: 12V4000M53
Part Number: X52612300105
Designation: INTAKE HOUSING HORIZONTAL
Measurement: 
Weight: 
Source Page: 150
BOM: X52612300106
Substitution Status: 
New Part Number: 
Superseded List: ";INTAKE HOUSING HORIZONTAL;;12VM53-123;12V4000M53, importar;simple;https://milu-naval.mystagingwebsite.com/wp-content/uploads/2026/02/12V4000M53-0150-01-100.webp;12V4000M53;150;100;X52612300106;INTAKE HOUSING HORIZONTAL;;;;;;ok;importar;import_new;cumple condiciones para articulo nuevo | PN y designation_final validos, sin conflictos criticos;import_new;cumple condiciones para articulo nuevo | PN y designation_final validos, sin conflictos criticos;engine_12V4000M53.json;1201075;150;X52612300105;INTAKE HOUSING HORIZONTAL;;;;;;;ok;importar;yes
X52612300096;INTAKE HOUSING HORIZONTAL/GESCHALTET;x52612300096;publish;"Engine: 12V4000M53
Part Number: X52612300096
Designation: INTAKE HOUSING HORIZONTAL/GESCHALTET
Measurement: 
Weight: 
Source Page: 151
BOM: X59412300090
Substitution Status: 
New Part Number: 
Superseded List: ";INTAKE HOUSING HORIZONTAL/GESCHALTET;;12VM53-123;12V4000M53, importar;simple;https://milu-naval.mystagingwebsite.com/wp-content/uploads/2026/02/12V4000M53-0151-01-50.webp;12V4000M53;151;50;X59412300090;INTAKE HOUSING HORIZONTAL/GESCHALTET;;;;;;ok;importar;import_new;cumple condiciones para articulo nuevo | PN y designation_final validos, sin conflictos criticos;import_new;cumple condiciones para articulo nuevo | PN y designation_final validos, sin conflictos criticos;engine_12V4000M53.json;1201091;151;X52612300096;INTAKE HOUSING HORIZONTAL/GESCHALTET;;;;;;;ok;importar;yes
X52612300095;INTAKE HOUSING HORIZONTAL/GESCHALTET;x52612300095;publish;"Engine: 12V4000M53
Part Number: X52612300095
Designation: INTAKE HOUSING HORIZONTAL/GESCHALTET
Measurement: 
Weight: 
Source Page: 153
BOM: X52612300096
Substitution Status: 
New Part Number: 
Superseded List: ";INTAKE HOUSING HORIZONTAL/GESCHALTET;;12VM53-123;12V4000M53, importar;simple;https://milu-naval.mystagingwebsite.com/wp-content/uploads/2026/02/12V4000M53-0153-01-100.webp;12V4000M53;153;100;X52612300096;INTAKE HOUSING HORIZONTAL/GESCHALTET;;;;;;ok;importar;import_new;cumple condiciones para articulo nuevo | PN y designation_final validos, sin conflictos criticos;import_new;cumple condiciones para articulo nuevo | PN y designation_final validos, sin conflictos criticos;engine_12V4000M53.json;1201117;153;X52612300095;INTAKE HOUSING HORIZONTAL/GESCHALTET;;;;;;;ok;importar;yes
X59414100063;EXHAUST HOUSING;x59414100063;publish;"Engine: 12V4000M53
Part Number: X59414100063
Designation: EXHAUST HOUSING
Measurement: 
Weight: 
Source Page: 165
BOM: X59414100066
Substitution Status: 
New Part Number: 
Superseded List: ";EXHAUST HOUSING;;12VM53-140;12V4000M53, importar;simple;https://milu-naval.mystagingwebsite.com/wp-content/uploads/2026/02/12V4000M53-0165-01-10.webp;12V4000M53;165;10;X59414100066;EXHAUST HOUSING;;;;;;ok;importar;import_new;cumple condiciones para articulo nuevo | PN y designation_final validos, sin conflictos criticos;import_new;cumple condiciones para articulo nuevo | PN y designation_final validos, sin conflictos criticos;engine_12V4000M53.json;1201226;165;X59414100063;EXHAUST HOUSING;;;;;;;ok;importar;yes
X59414100065;EXHAUST HOUSING;x59414100065;publish;"Engine: 12V4000M53
Part Number: X59414100065
Designation: EXHAUST HOUSING
Measurement: 
Weight: 
Source Page: 166
BOM: X59414100067
Substitution Status: 
New Part Number: 
Superseded List: ";EXHAUST HOUSING;;12VM53-140;12V4000M53, importar;simple;https://milu-naval.mystagingwebsite.com/wp-content/uploads/2026/02/12V4000M53-0166-01-10.webp;12V4000M53;166;10;X59414100067;EXHAUST HOUSING;;;;;;ok;importar;import_new;cumple condiciones para articulo nuevo | PN y designation_final validos, sin conflictos criticos;import_new;cumple condiciones para articulo nuevo | PN y designation_final validos, sin conflictos criticos;engine_12V4000M53.json;1201228;166;X59414100065;EXHAUST HOUSING;;;;;;;ok;importar;yes
000912010016;BOLT HEX SOC HD;000912010016;publish;"Engine: 12V4000M53
Part Number: 000912010016
Designation: BOLT HEX SOC HD
Measurement: M 10 X 50
Weight: 0.038 KGM
Source Page: 170
BOM: XS594140.00040
Substitution Status: 
New Part Number: 
Superseded List: ";BOLT HEX SOC HD;;12VM53-143;12V4000M53, importar;simple;https://milu-naval.mystagingwebsite.com/wp-content/uploads/2026/02/12V4000M53-0170-01-1550.webp;12V4000M53;170;1550;XS594140.00040;BOLT HEX SOC HD;M 10 X 50;0.038 KGM;;;;ok;importar;import_new;cumple condiciones para articulo nuevo | PN y designation_final validos, sin conflictos criticos;import_new;cumple condiciones para articulo nuevo | PN y designation_final validos, sin conflictos criticos;engine_12V4000M53.json;1201242;170;000912010016;BOLT HEX SOC HD;M 10 X 50;0.038 KGM;;;;;ok;importar;yes
X59414300004;CARRIER HOUSING;x59414300004;publish;"Engine: 12V4000M53
Part Number: X59414300004
Designation: CARRIER HOUSING
Measurement: 
Weight: 
Source Page: 172
BOM: X59414300006
Substitution Status: 
New Part Number: 
Superseded List: ";CARRIER HOUSING;;12VM53-143;12V4000M53, importar;simple;https://milu-naval.mystagingwebsite.com/wp-content/uploads/2026/02/12V4000M53-0172-01-50.webp;12V4000M53;172;50;X59414300006;CARRIER HOUSING;;;;;;ok;importar;import_new;cumple condiciones para articulo nuevo | PN y designation_final validos, sin conflictos criticos;import_new;cumple condiciones para articulo nuevo | PN y designation_final validos, sin conflictos criticos;engine_12V4000M53.json;1201285;172;X59414300004;CARRIER HOUSING;;;;;;;ok;importar;yes
X00038713;ENGAGEMENT RELAY BR 4000;x00038713;publish;"Engine: 12V4000M53
Part Number: X00038713
Designation: ENGAGEMENT RELAY BR 4000
Measurement: 
Weight: 
Source Page: 181
BOM: X52417200010
Substitution Status: 
New Part Number: 
Superseded List: ";ENGAGEMENT RELAY BR 4000;;12VM53-172;12V4000M53, importar;simple;https://milu-naval.mystagingwebsite.com/wp-content/uploads/2026/02/12V4000M53-0181-01-20.webp;12V4000M53;181;20;X52417200010;ENGAGEMENT RELAY BR 4000;;;;;;ok;importar;import_new;cumple condiciones para articulo nuevo | PN y designation_final validos, sin conflictos criticos;import_new;cumple condiciones para articulo nuevo | PN y designation_final validos, sin conflictos criticos;engine_12V4000M53.json;1201310;181;X00038713;ENGAGEMENT RELAY BR 4000;;;;;;;ok;importar;yes
X00038720;HOUSING BR 4000;x00038720;publish;"Engine: 12V4000M53
Part Number: X00038720
Designation: HOUSING BR 4000
Measurement: 
Weight: 
Source Page: 181
BOM: X52417200010
Substitution Status: 
New Part Number: 
Superseded List: ";HOUSING BR 4000;;12VM53-172;12V4000M53, importar;simple;https://milu-naval.mystagingwebsite.com/wp-content/uploads/2026/02/12V4000M53-0181-01-50.webp;12V4000M53;181;50;X52417200010;HOUSING BR 4000;;;;;;ok;importar;import_new;cumple condiciones para articulo nuevo | PN y designation_final validos, sin conflictos criticos;import_new;cumple condiciones para articulo nuevo | PN y designation_final validos, sin conflictos criticos;engine_12V4000M53.json;1201313;181;X00038720;HOUSING BR 4000;;;;;;;ok;importar;yes
X00038716;HOUSING BR 4000;x00038716;publish;"Engine: 12V4000M53
Part Number: X00038716
Designation: HOUSING BR 4000
Measurement: 
Weight: 
Source Page: 181
BOM: X52417200010
Substitution Status: 
New Part Number: 
Superseded List: ";HOUSING BR 4000;;12VM53-172;12V4000M53, importar;simple;https://milu-naval.mystagingwebsite.com/wp-content/uploads/2026/02/12V4000M53-0181-01-60.webp;12V4000M53;181;60;X52417200010;HOUSING BR 4000;;;;;;ok;importar;import_new;cumple condiciones para articulo nuevo | PN y designation_final validos, sin conflictos criticos;import_new;cumple condiciones para articulo nuevo | PN y designation_final validos, sin conflictos criticos;engine_12V4000M53.json;1201314;181;X00038716;HOUSING BR 4000;;;;;;;ok;importar;yes
0001803465/31;OIL HEAT EXCHANGER LR ACCEPTANCE;0001803465-31;publish;"Engine: 12V4000M53
Part Number: 0001803465/31
Designation: OIL HEAT EXCHANGER LR ACCEPTANCE
Measurement: 
Weight: 54.2 KGM
Source Page: 184
BOM: XS594180.00098
Substitution Status: 
New Part Number: 
Superseded List: ";OIL HEAT EXCHANGER LR ACCEPTANCE;;12VM53-180;12V4000M53, importar;simple;https://milu-naval.mystagingwebsite.com/wp-content/uploads/2026/02/12V4000M53-0184-01-100.webp;12V4000M53;184;100;XS594180.00098;OIL HEAT EXCHANGER LR ACCEPTANCE;;54.2 KGM;;;;ok;importar;import_new;cumple condiciones para articulo nuevo | PN y designation_final validos, sin conflictos criticos;import_new;cumple condiciones para articulo nuevo | PN y designation_final validos, sin conflictos criticos;engine_12V4000M53.json;1201329;184;0001803465/31;OIL HEAT EXCHANGER LR ACCEPTANCE;;54.2 KGM;;;;;ok;importar;yes
X59318300012;OIL FILTER HOUSING;x59318300012;publish;"Engine: 12V4000M53
Part Number: X59318300012
Designation: OIL FILTER HOUSING
Measurement: 
Weight: 39,800 kg
Source Page: 194
BOM: X59318300013
Substitution Status: 
New Part Number: 
Superseded List: ";OIL FILTER HOUSING;;12VM53-183;12V4000M53, importar;simple;https://milu-naval.mystagingwebsite.com/wp-content/uploads/2026/02/12V4000M53-0193-01-5.webp;12V4000M53;194;5;X59318300013;OIL FILTER HOUSING;;39,800 kg;;;;ok;importar;import_new;cumple condiciones para articulo nuevo | PN y designation_final validos, sin conflictos criticos;import_new;cumple condiciones para articulo nuevo | PN y designation_final validos, sin conflictos criticos;engine_12V4000M53.json;1201407;194;X59318300012;OIL FILTER HOUSING;;39,800 kg;;;;;ok;importar;yes
X59318300023;OIL. DISTR. HOUSING;x59318300023;publish;"Engine: 12V4000M53
Part Number: X59318300023
Designation: OIL. DISTR. HOUSING
Measurement: 
Weight: 55,263 kg
Source Page: 203
BOM: X59318300024
Substitution Status: 
New Part Number: 
Superseded List: ";OIL. DISTR. HOUSING;;12VM53-183;12V4000M53, importar;simple;https://milu-naval.mystagingwebsite.com/wp-content/uploads/2026/02/12V4000M53-0203-01-50.webp;12V4000M53;203;50;X59318300024;OIL. DISTR. HOUSING;;55,263 kg;;;;ok;importar;import_new;cumple condiciones para articulo nuevo | PN y designation_final validos, sin conflictos criticos;import_new;cumple condiciones para articulo nuevo | PN y designation_final validos, sin conflictos criticos;engine_12V4000M53.json;1201470;203;X59318300023;OIL. DISTR. HOUSING;;55,263 kg;;;;;ok;importar;yes
000000004389;HEX SCREW;000000004389;publish;"Engine: 12V4000M53
Part Number: 000000004389
Designation: HEX SCREW
Measurement: M 8 X 75
Weight: 0.021 KGM
Source Page: 217
BOM: XS595180.00046
Substitution Status: 
New Part Number: 
Superseded List: ";HEX SCREW;;12VM53-185;12V4000M53, importar;simple;https://milu-naval.mystagingwebsite.com/wp-content/uploads/2026/02/12V4000M53-0215-02-8900.webp;12V4000M53;217;8900;XS595180.00046;HEX SCREW;M 8 X 75;0.021 KGM;;;;ok;importar;import_new;cumple condiciones para articulo nuevo | PN y designation_final validos, sin conflictos criticos;import_new;cumple condiciones para articulo nuevo | PN y designation_final validos, sin conflictos criticos;engine_12V4000M53.json;1201663;217;000000004389;HEX SCREW;M 8 X 75;0.021 KGM;;;;;ok;importar;yes
XP59499100384;HOLDER FOR RELAY;xp59499100384;publish;"Engine: 12V4000M53
Part Number: XP59499100384
Designation: HOLDER FOR RELAY
Measurement: 
Weight: 
Source Page: 226
BOM: X59320200098
Substitution Status: 
New Part Number: 
Superseded List: ";HOLDER FOR RELAY;;12VM53-200;12V4000M53, importar;simple;https://milu-naval.mystagingwebsite.com/wp-content/uploads/2026/02/12V4000M53-0226-01-80.webp;12V4000M53;226;80;X59320200098;HOLDER FOR RELAY;;;;;;ok;importar;import_new;cumple condiciones para articulo nuevo | PN y designation_final validos, sin conflictos criticos;import_new;cumple condiciones para articulo nuevo | PN y designation_final validos, sin conflictos criticos;engine_12V4000M53.json;1201741;226;XP59499100384;HOLDER FOR RELAY;;;;;;;ok;importar;yes
204017016010;HEX SCREW;204017016010;publish;"Engine: 12V4000M53
Part Number: 204017016010
Designation: HEX SCREW
Measurement: 
Weight: 161,000 g M 16 X 95 ISO4017
Source Page: 228
BOM: XS594200.00065
Substitution Status: 
New Part Number: 
Superseded List: ";HEX SCREW;;12VM53-200;12V4000M53, importar;simple;https://milu-naval.mystagingwebsite.com/wp-content/uploads/2026/02/12V4000M53-0228-01-1150.webp;12V4000M53;228;1150;XS594200.00065;HEX SCREW;;161,000 g M 16 X 95 ISO4017;;;;ok;importar;import_new;cumple condiciones para articulo nuevo | PN y designation_final validos, sin conflictos criticos;import_new;cumple condiciones para articulo nuevo | PN y designation_final validos, sin conflictos criticos;engine_12V4000M53.json;1201750;228;204017016010;HEX SCREW;;161,000 g M 16 X 95 ISO4017;;;;;ok;importar;yes
X59420200251;SUPPORT PLATE FOR SEAWATER COOLER;x59420200251;publish;"Engine: 12V4000M53
Part Number: X59420200251
Designation: SUPPORT PLATE FOR SEAWATER COOLER
Measurement: 
Weight: 
Source Page: 230
BOM: X59420200252
Substitution Status: 
New Part Number: 
Superseded List: ";SUPPORT PLATE FOR SEAWATER COOLER;;12VM53-200;12V4000M53, importar;simple;https://milu-naval.mystagingwebsite.com/wp-content/uploads/2026/02/12V4000M53-0230-01-50.webp;12V4000M53;230;50;X59420200252;SUPPORT PLATE FOR SEAWATER COOLER;;;;;;ok;importar;import_new;cumple condiciones para articulo nuevo | PN y designation_final validos, sin conflictos criticos;import_new;cumple condiciones para articulo nuevo | PN y designation_final validos, sin conflictos criticos;engine_12V4000M53.json;1201774;230;X59420200251;SUPPORT PLATE FOR SEAWATER COOLER;;;;;;;ok;importar;yes
X59420700001;PLUG-IN PIPE FOR SEAWATER;x59420700001;publish;"Engine: 12V4000M53
Part Number: X59420700001
Designation: PLUG-IN PIPE FOR SEAWATER
Measurement: 
Weight: 6,700 kg
Source Page: 234
BOM: XS594200.00074
Substitution Status: 
New Part Number: 
Superseded List: ";PLUG-IN PIPE FOR SEAWATER;;12VM53-200;12V4000M53, importar;simple;https://milu-naval.mystagingwebsite.com/wp-content/uploads/2026/02/12V4000M53-0233-02-900.webp;12V4000M53;234;900;XS594200.00074;PLUG-IN PIPE FOR SEAWATER;;6,700 kg;;;;ok;importar;import_new;cumple condiciones para articulo nuevo | PN y designation_final validos, sin conflictos criticos;import_new;cumple condiciones para articulo nuevo | PN y designation_final validos, sin conflictos criticos;engine_12V4000M53.json;1201815;234;X59420700001;PLUG-IN PIPE FOR SEAWATER;;6,700 kg;;;;;ok;importar;yes
304014008029;HEX SCREW;304014008029;publish;"Engine: 12V4000M53
Part Number: 304014008029
Designation: HEX SCREW
Measurement: M 8 X 70
Weight: 0.03 KGM
Source Page: 243
BOM: XS594200.00160
Substitution Status: SI
New Part Number: 304014008029
Superseded List: 000931008107, 000931008190, 000931008278";HEX SCREW;;12VM53-200;12V4000M53, New, importar;simple;https://milu-naval.mystagingwebsite.com/wp-content/uploads/2026/01/sin_imagen.jpeg;12V4000M53;243;810;XS594200.00160;HEX SCREW;M 8 X 70;0.03 KGM;SI;304014008029;000931008107, 000931008190, 000931008278;ok;importar;import_new;cumple condiciones para articulo nuevo;import_new;cumple condiciones para articulo nuevo;engine_12V4000M53.json;1202042;243;304014008029;HEX SCREW;M 8 X 70;0.03 KGM;SI;New;304014008029;000931008107, 000931008190, 000931008278;ok;importar;yes
X00038561;ELBOW;x00038561;publish;"Engine: 12V4000M53
Part Number: X00038561
Designation: ELBOW
Measurement: 
Weight: 
Source Page: 248
BOM: X00038564
Substitution Status: 
New Part Number: 
Superseded List: ";ELBOW;;12VM53-202;12V4000M53, importar;simple;https://milu-naval.mystagingwebsite.com/wp-content/uploads/2026/02/12V4000M53-0248-01-50.webp;12V4000M53;248;50;X00038564;ELBOW;;;;;;ok;importar;import_new;cumple condiciones para articulo nuevo | PN y designation_final validos, sin conflictos criticos;import_new;cumple condiciones para articulo nuevo | PN y designation_final validos, sin conflictos criticos;engine_12V4000M53.json;1202074;248;X00038561;ELBOW;;;;;;;ok;importar;yes
000000002973;HEX SCREW;000000002973;publish;"Engine: 12V4000M53
Part Number: 000000002973
Designation: HEX SCREW
Measurement: M 16 X180
Weight: 0.303 KGM
Source Page: 261
BOM: XS595200.00013
Substitution Status: 
New Part Number: 
Superseded List: ";HEX SCREW;;12VM53-206;12V4000M53, importar;simple;https://milu-naval.mystagingwebsite.com/wp-content/uploads/2026/02/12V4000M53-0261-01-500.webp;12V4000M53;261;500;XS595200.00013;HEX SCREW;M 16 X180;0.303 KGM;;;;ok;importar;import_new;cumple condiciones para articulo nuevo | PN y designation_final validos, sin conflictos criticos;import_new;cumple condiciones para articulo nuevo | PN y designation_final validos, sin conflictos criticos;engine_12V4000M53.json;1202176;261;000000002973;HEX SCREW;M 16 X180;0.303 KGM;;;;;ok;importar;yes
X59320200137/75;COOLANT DISTRIB HSG PRIMED;x59320200137-75;publish;"Engine: 12V4000M53
Part Number: X59320200137/75
Designation: COOLANT DISTRIB HSG PRIMED
Measurement: 
Weight: 147,000 kg
Source Page: 262
BOM: X59320200138
Substitution Status: 
New Part Number: 
Superseded List: ";COOLANT DISTRIB HSG PRIMED;;12VM53-206;12V4000M53, importar;simple;https://milu-naval.mystagingwebsite.com/wp-content/uploads/2026/01/sin_imagen.jpeg;12V4000M53;262;50;X59320200138;COOLANT DISTRIB HSG PRIMED;;147,000 kg;;;;ok;importar;import_new;cumple condiciones para articulo nuevo | PN y designation_final validos, sin conflictos criticos;import_new;cumple condiciones para articulo nuevo | PN y designation_final validos, sin conflictos criticos;engine_12V4000M53.json;1202187;262;X59320200137/75;COOLANT DISTRIB HSG PRIMED;;147,000 kg;;;;;ok;importar;yes
X59320600010;THERMOSTAT HOUSING;x59320600010;publish;"Engine: 12V4000M53
Part Number: X59320600010
Designation: THERMOSTAT HOUSING
Measurement: 
Weight: 25,000 kg
Source Page: 268
BOM: X59320600011
Substitution Status: 
New Part Number: 
Superseded List: ";THERMOSTAT HOUSING;;12VM53-206;12V4000M53, importar;simple;https://milu-naval.mystagingwebsite.com/wp-content/uploads/2026/02/12V4000M53-0268-01-100.webp;12V4000M53;268;100;X59320600011;THERMOSTAT HOUSING;;25,000 kg;;;;ok;importar;import_new;cumple condiciones para articulo nuevo | PN y designation_final validos, sin conflictos criticos;import_new;cumple condiciones para articulo nuevo | PN y designation_final validos, sin conflictos criticos;engine_12V4000M53.json;1202259;268;X59320600010;THERMOSTAT HOUSING;;25,000 kg;;;;;ok;importar;yes
X59420800011;COOLANT LINE;x59420800011;publish;"Engine: 12V4000M53
Part Number: X59420800011
Designation: COOLANT LINE
Measurement: 
Weight: 726,300 g
Source Page: 276
BOM: XS593200.00015
Substitution Status: 
New Part Number: 
Superseded List: ";COOLANT LINE;;12VM53-208;12V4000M53, importar;simple;https://milu-naval.mystagingwebsite.com/wp-content/uploads/2026/02/12V4000M53-0276-01-100.webp;12V4000M53;276;100;XS593200.00015;COOLANT LINE;;726,300 g;;;;ok;importar;import_new;cumple condiciones para articulo nuevo | PN y designation_final validos, sin conflictos criticos;import_new;cumple condiciones para articulo nuevo | PN y designation_final validos, sin conflictos criticos;engine_12V4000M53.json;1202282;276;X59420800011;COOLANT LINE;;726,300 g;;;;;ok;importar;yes
304017010015;HEX SCREW;304017010015;publish;"Engine: 12V4000M53
Part Number: 304017010015
Designation: HEX SCREW
Measurement: M 10 X 60
Weight: 0.04 KGM
Source Page: 276
BOM: XS593200.00015
Substitution Status: 
New Part Number: 
Superseded List: ";HEX SCREW;;12VM53-208;12V4000M53, importar;simple;https://milu-naval.mystagingwebsite.com/wp-content/uploads/2026/02/12V4000M53-0276-01-750.webp;12V4000M53;276;750;XS593200.00015;HEX SCREW;M 10 X 60;0.04 KGM;;;;ok;importar;import_new;cumple condiciones para articulo nuevo | PN y designation_final validos, sin conflictos criticos;import_new;cumple condiciones para articulo nuevo | PN y designation_final validos, sin conflictos criticos;engine_12V4000M53.json;1202302;276;304017010015;HEX SCREW;M 10 X 60;0.04 KGM;;;;;ok;importar;yes
000931012137;HEX SCREW;000931012137;publish;"Engine: 12V4000M53
Part Number: 000931012137
Designation: HEX SCREW
Measurement: M 12 X 80
Weight: 0.08 KGM
Source Page: 283
BOM: XS594210.00001
Substitution Status: SI
New Part Number: 000931012137
Superseded List: 000931012063, 197Y00077/1";HEX SCREW;;12VM53-213;12V4000M53, New, importar;simple;https://milu-naval.mystagingwebsite.com/wp-content/uploads/2026/02/12V4000M53-0283-01-150.webp;12V4000M53;283;150;XS594210.00001;HEX SCREW;M 12 X 80;0.08 KGM;SI;000931012137;000931012063, 197Y00077/1;ok;importar;import_new;cumple condiciones para articulo nuevo;import_new;cumple condiciones para articulo nuevo;engine_12V4000M53.json;1202336;283;000931012137;HEX SCREW;M 12 X 80;0.08 KGM;SI;New;000931012137;000931012063, 197Y00077/1;ok;importar;yes
0002035583/87;RUBBER BELLOWS;0002035583-87;publish;"Engine: 12V4000M53
Part Number: 0002035583/87
Designation: RUBBER BELLOWS
Measurement: STD EL 145 MM, DN 125 MM
Weight: 11.161 KGM
Source Page: 296
BOM: 200.00021
Substitution Status: SI
New Part Number: 0002035583/87
Superseded List: 0002033583, 0002035583, 5802002182";RUBBER BELLOWS;;12VM53-301;12V4000M53, New, importar;simple;https://milu-naval.mystagingwebsite.com/wp-content/uploads/2026/02/12V4000M53-0296-01-15.webp;12V4000M53;296;15;200.00021;RUBBER BELLOWS;STD EL 145 MM, DN 125 MM;11.161 KGM;SI;0002035583/87;0002033583, 0002035583, 5802002182;ok;importar;import_new;cumple condiciones para articulo nuevo;import_new;cumple condiciones para articulo nuevo;engine_12V4000M53.json;1202391;296;0002035583/87;RUBBER BELLOWS;STD EL 145 MM, DN 125 MM;11.161 KGM;SI;New;0002035583/87;0002033583, 0002035583, 5802002182;ok;importar;yes
X59350700013;RETAINER;x59350700013;publish;"Engine: 12V4000M53
Part Number: X59350700013
Designation: RETAINER
Measurement: 
Weight: 1,900 kg
Source Page: 314
BOM: X59350700015
Substitution Status: 
New Part Number: 
Superseded List: ";RETAINER;;12VM53-500;12V4000M53, importar;simple;https://milu-naval.mystagingwebsite.com/wp-content/uploads/2026/02/12V4000M53-0314-01-50.webp;12V4000M53;314;50;X59350700015;RETAINER;;1,900 kg;;;;ok;importar;import_new;cumple condiciones para articulo nuevo | PN y designation_final validos, sin conflictos criticos;import_new;cumple condiciones para articulo nuevo | PN y designation_final validos, sin conflictos criticos;engine_12V4000M53.json;1202642;314;X59350700013;RETAINER;;1,900 kg;;;;;ok;importar;yes
0095316780;CABLE;0095316780;publish;"Engine: 12V4000M53
Part Number: 0095316780
Designation: CABLE
Measurement: 
Weight: 
Source Page: 328
BOM: X00E50205185
Substitution Status: 
New Part Number: 
Superseded List: ";CABLE;;12VM53-507;12V4000M53, importar;simple;https://milu-naval.mystagingwebsite.com/wp-content/uploads/2026/02/12V4000M53-0328-01-290.webp;12V4000M53;328;290;X00E50205185;CABLE;;;;;;ok;importar;import_new;cumple condiciones para articulo nuevo | PN y designation_final validos, sin conflictos criticos;import_new;cumple condiciones para articulo nuevo | PN y designation_final validos, sin conflictos criticos;engine_12V4000M53.json;1202718;328;0095316780;CABLE;;;;;;;ok;importar;yes
700461101033;MARKER SLEEVE;700461101033;publish;"Engine: 12V4000M53
Part Number: 700461101033
Designation: MARKER SLEEVE
Measurement: 
Weight: 
Source Page: 333
BOM: X00E50700638
Substitution Status: 
New Part Number: 
Superseded List: ";MARKER SLEEVE;;12VM53-507;12V4000M53, importar;simple;https://milu-naval.mystagingwebsite.com/wp-content/uploads/2026/02/12V4000M53-0333-01-270.webp;12V4000M53;333;270;X00E50700638;MARKER SLEEVE;;;;;;ok;importar;import_new;cumple condiciones para articulo nuevo | PN y designation_final validos, sin conflictos criticos;import_new;cumple condiciones para articulo nuevo | PN y designation_final validos, sin conflictos criticos;engine_12V4000M53.json;1202828;333;700461101033;MARKER SLEEVE;;;;;;;ok;importar;yes
X00E50209894;TERMINAL FOR CYLINDER HEAD;x00e50209894;publish;"Engine: 12V4000M53
Part Number: X00E50209894
Designation: TERMINAL FOR CYLINDER HEAD
Measurement: L=90MM, 250V/1500V/24A 2-POL.
Weight: 0.022 KGM
Source Page: 343
BOM: X00E50700435
Substitution Status: SI
New Part Number: X00E50209894
Superseded List: X00013978";TERMINAL FOR CYLINDER HEAD;;12VM53-507;12V4000M53, New, importar;simple;https://milu-naval.mystagingwebsite.com/wp-content/uploads/2026/02/12V4000M53-0342-01-410.webp;12V4000M53;343;410;X00E50700435;TERMINAL FOR CYLINDER HEAD;L=90MM, 250V/1500V/24A 2-POL.;0.022 KGM;SI;X00E50209894;X00013978;ok;importar;import_new;cumple condiciones para articulo nuevo;import_new;cumple condiciones para articulo nuevo;engine_12V4000M53.json;1202936;343;X00E50209894;TERMINAL FOR CYLINDER HEAD;L=90MM, 250V/1500V/24A 2-POL.;0.022 KGM;SI;New;X00E50209894;X00013978;ok;importar;yes
X00E50200993;BRANCH FOR CORRUGATED PIPE;x00e50200993;publish;"Engine: 12V4000M53
Part Number: X00E50200993
Designation: BRANCH FOR CORRUGATED PIPE
Measurement: T-TYP / NW26-10-26 / B
Weight: 0.01 KGM
Source Page: 345
BOM: X00E50700444
Substitution Status: 
New Part Number: 
Superseded List: ";BRANCH FOR CORRUGATED PIPE;;12VM53-507;12V4000M53, importar;simple;https://milu-naval.mystagingwebsite.com/wp-content/uploads/2026/02/12V4000M53-0344-01-110.webp;12V4000M53;345;110;X00E50700444;BRANCH FOR CORRUGATED PIPE;T-TYP / NW26-10-26 / B;0.01 KGM;;;;ok;importar;import_new;cumple condiciones para articulo nuevo | PN y designation_final validos, sin conflictos criticos;import_new;cumple condiciones para articulo nuevo | PN y designation_final validos, sin conflictos criticos;engine_12V4000M53.json;1202941;345;X00E50200993;BRANCH FOR CORRUGATED PIPE;T-TYP / NW26-10-26 / B;0.01 KGM;;;;;ok;importar;yes
X00E50204716;DISTRIBUTOR F. WIRING HARNESS;x00e50204716;publish;"Engine: 12V4000M53
Part Number: X00E50204716
Designation: DISTRIBUTOR F. WIRING HARNESS
Measurement: T-ABZWEIG 26-17-10
Weight: 0.01 KGM
Source Page: 345
BOM: X00E50700444
Substitution Status: 
New Part Number: 
Superseded List: ";DISTRIBUTOR F. WIRING HARNESS;;12VM53-507;12V4000M53, importar;simple;https://milu-naval.mystagingwebsite.com/wp-content/uploads/2026/02/12V4000M53-0344-01-90.webp;12V4000M53;345;90;X00E50700444;DISTRIBUTOR F. WIRING HARNESS;T-ABZWEIG 26-17-10;0.01 KGM;;;;ok;importar;import_new;cumple condiciones para articulo nuevo | PN y designation_final validos, sin conflictos criticos;import_new;cumple condiciones para articulo nuevo | PN y designation_final validos, sin conflictos criticos;engine_12V4000M53.json;1202981;345;X00E50204716;DISTRIBUTOR F. WIRING HARNESS;T-ABZWEIG 26-17-10;0.01 KGM;;;;;ok;importar;yes
X00E50203231;AND PIPEWOR;x00e50203231;publish;"Engine: 12V4000M53
Part Number: X00E50203231
Designation: AND PIPEWOR
Measurement: 
Weight: 6,500 g
Source Page: 347
BOM: X00E50700628
Substitution Status: 
New Part Number: 
Superseded List: ";AND PIPEWOR;;12VM53-507;12V4000M53, importar;simple;https://milu-naval.mystagingwebsite.com/wp-content/uploads/2026/01/sin_imagen.jpeg;12V4000M53;347;105;X00E50700628;AND PIPEWOR;;6,500 g;;;;ok;importar;import_new;cumple condiciones para articulo nuevo | PN y designation_final validos, sin conflictos criticos;import_new;cumple condiciones para articulo nuevo | PN y designation_final validos, sin conflictos criticos;engine_12V4000M53.json;1202983;347;X00E50203231;AND PIPEWOR;;6,500 g;;;;;ok;importar;yes
20008400510;CHROMAT RETAINER CABLING A;20008400510;publish;"Engine: 12V4000M53
Part Number: 20008400510
Designation: CHROMAT RETAINER CABLING A
Measurement: 
Weight: 
Source Page: 349
BOM: XS594500.00250
Substitution Status: 
New Part Number: 
Superseded List: ";CHROMAT RETAINER CABLING A;;12VM53-507;12V4000M53, importar;simple;https://milu-naval.mystagingwebsite.com/wp-content/uploads/2026/02/12V4000M53-0349-01-1000.webp;12V4000M53;349;1000;XS594500.00250;CHROMAT RETAINER CABLING A;;;;;;ok;importar;import_new;cumple condiciones para articulo nuevo | PN y designation_final validos, sin conflictos criticos;import_new;cumple condiciones para articulo nuevo | PN y designation_final validos, sin conflictos criticos;engine_12V4000M53.json;1203052;349;20008400510;CHROMAT RETAINER CABLING A;;;;;;;ok;importar;yes
916016035201;CLAMP;916016035201;publish;"Engine: 12V4000M53
Part Number: 916016035201
Designation: CLAMP
Measurement: BRSGU 35/20
Weight: 0.043 KGM
Source Page: 349
BOM: XS594500.00250
Substitution Status: SI
New Part Number: 916016035201
Superseded List: 0009956801";CLAMP;;12VM53-507;12V4000M53, New, importar;simple;https://milu-naval.mystagingwebsite.com/wp-content/uploads/2026/02/12V4000M53-0349-01-450.webp;12V4000M53;349;450;XS594500.00250;CLAMP;BRSGU 35/20;0.043 KGM;SI;916016035201;0009956801;ok;importar;import_new;cumple condiciones para articulo nuevo;import_new;cumple condiciones para articulo nuevo;engine_12V4000M53.json;1203062;349;916016035201;CLAMP;BRSGU 35/20;0.043 KGM;SI;New;916016035201;0009956801;ok;importar;yes
X59434200185;MARINE GEARBOX ZF5356;x59434200185;publish;"Engine: 12V4000M53
Part Number: X59434200185
Designation: MARINE GEARBOX ZF5356
Measurement: 
Weight: 
Source Page: 659
BOM: XS526340.00110
Substitution Status: 
New Part Number: 
Superseded List: ";MARINE GEARBOX ZF5356;;12VM53-342;12V4000M53, importar;simple;https://milu-naval.mystagingwebsite.com/wp-content/uploads/2026/01/sin_imagen.jpeg;12V4000M53;659;10;XS526340.00110;MARINE GEARBOX ZF5356;;;;;;ok;importar;import_new;cumple condiciones para articulo nuevo | PN y designation_final validos, sin conflictos criticos;import_new;cumple condiciones para articulo nuevo | PN y designation_final validos, sin conflictos criticos;engine_12V4000M53.json;1205545;659;X59434200185;MARINE GEARBOX ZF5356;;;;;;;ok;importar;yes
X52634200232/31;MARINE GEARBOX ZF5356 I=4,4640;x52634200232-31;publish;"Engine: 12V4000M53
Part Number: X52634200232/31
Designation: MARINE GEARBOX ZF5356 I=4,4640
Measurement: 
Weight: 
Source Page: 660
BOM: X59434200185
Substitution Status: 
New Part Number: 
Superseded List: ";MARINE GEARBOX ZF5356 I=4,4640;;12VM53-342;12V4000M53, importar;simple;https://milu-naval.mystagingwebsite.com/wp-content/uploads/2026/01/sin_imagen.jpeg;12V4000M53;660;10;X59434200185;MARINE GEARBOX ZF5356 I=4,4640;;;;;;ok;importar;import_new;cumple condiciones para articulo nuevo | PN y designation_final validos, sin conflictos criticos;import_new;cumple condiciones para articulo nuevo | PN y designation_final validos, sin conflictos criticos;engine_12V4000M53.json;1205546;660;X52634200232/31;MARINE GEARBOX ZF5356 I=4,4640;;;;;;;ok;importar;yes
X59334200029;MARINE GEARBOX ZF 5356, I=4,464;x59334200029;publish;"Engine: 12V4000M53
Part Number: X59334200029
Designation: MARINE GEARBOX ZF 5356, I=4,464
Measurement: 
Weight: 
Source Page: 661
BOM: X52634200232
Substitution Status: 
New Part Number: 
Superseded List: ";MARINE GEARBOX ZF 5356, I=4,464;;12VM53-342;12V4000M53, importar;simple;https://milu-naval.mystagingwebsite.com/wp-content/uploads/2026/01/sin_imagen.jpeg;12V4000M53;661;10;X52634200232;MARINE GEARBOX ZF 5356, I=4,464;;;;;;ok;importar;import_new;cumple condiciones para articulo nuevo | PN y designation_final validos, sin conflictos criticos;import_new;cumple condiciones para articulo nuevo | PN y designation_final validos, sin conflictos criticos;engine_12V4000M53.json;1205552;661;X59334200029;MARINE GEARBOX ZF 5356, I=4,464;;;;;;;ok;importar;yes
X51634200444;CONTROL ELECTRIC ZF 5000 FAM;x51634200444;publish;"Engine: 12V4000M53
Part Number: X51634200444
Designation: CONTROL ELECTRIC ZF 5000 FAM
Measurement: 
Weight: 
Source Page: 661
BOM: X52634200232
Substitution Status: 
New Part Number: 
Superseded List: ";CONTROL ELECTRIC ZF 5000 FAM;;12VM53-342;12V4000M53, importar;simple;https://milu-naval.mystagingwebsite.com/wp-content/uploads/2026/01/sin_imagen.jpeg;12V4000M53;661;20;X52634200232;CONTROL ELECTRIC ZF 5000 FAM;;;;;;ok;importar;import_new;cumple condiciones para articulo nuevo | PN y designation_final validos, sin conflictos criticos;import_new;cumple condiciones para articulo nuevo | PN y designation_final validos, sin conflictos criticos;engine_12V4000M53.json;1205553;661;X51634200444;CONTROL ELECTRIC ZF 5000 FAM;;;;;;;ok;importar;yes
X59430100019;GEARBOX MOUNTING RES., FREE-STANDING ZF 53**;x59430100019;publish;"Engine: 12V4000M53
Part Number: X59430100019
Designation: GEARBOX MOUNTING RES., FREE-STANDING ZF 53**
Measurement: 
Weight: 
Source Page: 661
BOM: X52634200232
Substitution Status: 
New Part Number: 
Superseded List: ";GEARBOX MOUNTING RES., FREE-STANDING ZF 53**;;12VM53-342;12V4000M53, importar;simple;https://milu-naval.mystagingwebsite.com/wp-content/uploads/2026/01/sin_imagen.jpeg;12V4000M53;661;30;X52634200232;GEARBOX MOUNTING RES., FREE-STANDING ZF 53**;;;;;;ok;importar;import_new;cumple condiciones para articulo nuevo | PN y designation_final validos, sin conflictos criticos;import_new;cumple condiciones para articulo nuevo | PN y designation_final validos, sin conflictos criticos;engine_12V4000M53.json;1205554;661;X59430100019;GEARBOX MOUNTING RES., FREE-STANDING ZF 53**;;;;;;;ok;importar;yes
X59334200027;DRIVE FLANGE;x59334200027;publish;"Engine: 12V4000M53
Part Number: X59334200027
Designation: DRIVE FLANGE
Measurement: 
Weight: 23,000 kg DURCHM. 340
Source Page: 661
BOM: X52634200232
Substitution Status: 
New Part Number: 
Superseded List: ";DRIVE FLANGE;;12VM53-342;12V4000M53, importar;simple;https://milu-naval.mystagingwebsite.com/wp-content/uploads/2026/01/sin_imagen.jpeg;12V4000M53;661;40;X52634200232;DRIVE FLANGE;;23,000 kg DURCHM. 340;;;;ok;importar;import_new;cumple condiciones para articulo nuevo | PN y designation_final validos, sin conflictos criticos;import_new;cumple condiciones para articulo nuevo | PN y designation_final validos, sin conflictos criticos;engine_12V4000M53.json;1205555;661;X59334200027;DRIVE FLANGE;;23,000 kg DURCHM. 340;;;;;ok;importar;yes
X51634200470;TRAILING OIL PUMP ZF 5000 FAM.;x51634200470;publish;"Engine: 12V4000M53
Part Number: X51634200470
Designation: TRAILING OIL PUMP ZF 5000 FAM.
Measurement: 
Weight: 
Source Page: 661
BOM: X52634200232
Substitution Status: 
New Part Number: 
Superseded List: ";TRAILING OIL PUMP ZF 5000 FAM.;;12VM53-342;12V4000M53, importar;simple;https://milu-naval.mystagingwebsite.com/wp-content/uploads/2026/01/sin_imagen.jpeg;12V4000M53;661;50;X52634200232;TRAILING OIL PUMP ZF 5000 FAM.;;;;;;ok;importar;import_new;cumple condiciones para articulo nuevo | PN y designation_final validos, sin conflictos criticos;import_new;cumple condiciones para articulo nuevo | PN y designation_final validos, sin conflictos criticos;engine_12V4000M53.json;1205556;661;X51634200470;TRAILING OIL PUMP ZF 5000 FAM.;;;;;;;ok;importar;yes
XP53208800009;BALL COCK;xp53208800009;publish;"Engine: 12V4000M53
Part Number: XP53208800009
Designation: BALL COCK
Measurement: 
Weight: 2,575 kg
Source Page: 750
BOM: X00027853
Substitution Status: 
New Part Number: 
Superseded List: ";BALL COCK;;12VM53-83;12V4000M53, importar;simple;https://milu-naval.mystagingwebsite.com/wp-content/uploads/2026/02/12V4000M53-0750-01-120.webp;12V4000M53;750;120;X00027853;BALL COCK;;2,575 kg;;;;ok;importar;import_new;cumple condiciones para articulo nuevo | PN y designation_final validos, sin conflictos criticos;import_new;cumple condiciones para articulo nuevo | PN y designation_final validos, sin conflictos criticos;engine_12V4000M53.json;1206355;750;XP53208800009;BALL COCK;;2,575 kg;;;;;ok;importar;yes
XP53208800019;FRAME;xp53208800019;publish;"Engine: 12V4000M53
Part Number: XP53208800019
Designation: FRAME
Measurement: 
Weight: 
Source Page: 750
BOM: X00027853
Substitution Status: 
New Part Number: 
Superseded List: ";FRAME;;12VM53-83;12V4000M53, importar;simple;https://milu-naval.mystagingwebsite.com/wp-content/uploads/2026/02/12V4000M53-0750-01-30.webp;12V4000M53;750;30;X00027853;FRAME;;;;;;ok;importar;import_new;cumple condiciones para articulo nuevo | PN y designation_final validos, sin conflictos criticos;import_new;cumple condiciones para articulo nuevo | PN y designation_final validos, sin conflictos criticos;engine_12V4000M53.json;1206364;750;XP53208800019;FRAME;;;;;;;ok;importar;yes
X00027646;FUEL PUMP W/ELECTRIC MOTOR;x00027646;publish;"Engine: 12V4000M53
Part Number: X00027646
Designation: FUEL PUMP W/ELECTRIC MOTOR
Measurement: 
Weight: 
Source Page: 753
BOM: X00039146
Substitution Status: 
New Part Number: 
Superseded List: ";FUEL PUMP W/ELECTRIC MOTOR;;12VM53-295;12V4000M53, importar;simple;https://milu-naval.mystagingwebsite.com/wp-content/uploads/2026/02/12V4000M53-0753-01-20.webp;12V4000M53;753;20;X00039146;FUEL PUMP W/ELECTRIC MOTOR;;;;;;ok;importar;import_new;cumple condiciones para articulo nuevo | PN y designation_final validos, sin conflictos criticos;import_new;cumple condiciones para articulo nuevo | PN y designation_final validos, sin conflictos criticos;engine_12V4000M53.json;1206386;753;X00027646;FUEL PUMP W/ELECTRIC MOTOR;;;;;;;ok;importar;yes
XP53208800043;PINION SHAFT;xp53208800043;publish;"Engine: 12V4000M53
Part Number: XP53208800043
Designation: PINION SHAFT
Measurement: 
Weight: 
Source Page: 755
BOM: X00027646
Substitution Status: 
New Part Number: 
Superseded List: ";PINION SHAFT;;12VM53-295;12V4000M53, importar;simple;https://milu-naval.mystagingwebsite.com/wp-content/uploads/2026/02/12V4000M53-0754-02-100.webp;12V4000M53;755;100;X00027646;PINION SHAFT;;;;;;ok;importar;import_new;cumple condiciones para articulo nuevo | PN y designation_final validos, sin conflictos criticos;import_new;cumple condiciones para articulo nuevo | PN y designation_final validos, sin conflictos criticos;engine_12V4000M53.json;1206388;755;XP53208800043;PINION SHAFT;;;;;;;ok;importar;yes
XP53208800045;SLOTTED SPRING PIN;xp53208800045;publish;"Engine: 12V4000M53
Part Number: XP53208800045
Designation: SLOTTED SPRING PIN
Measurement: 
Weight: 
Source Page: 755
BOM: X00027646
Substitution Status: 
New Part Number: 
Superseded List: ";SLOTTED SPRING PIN;;12VM53-295;12V4000M53, importar;simple;https://milu-naval.mystagingwebsite.com/wp-content/uploads/2026/02/12V4000M53-0754-02-120.webp;12V4000M53;755;120;X00027646;SLOTTED SPRING PIN;;;;;;ok;importar;import_new;cumple condiciones para articulo nuevo | PN y designation_final validos, sin conflictos criticos;import_new;cumple condiciones para articulo nuevo | PN y designation_final validos, sin conflictos criticos;engine_12V4000M53.json;1206390;755;XP53208800045;SLOTTED SPRING PIN;;;;;;;ok;importar;yes
XP53208800042;DRIVE GEAR SHAFT;xp53208800042;publish;"Engine: 12V4000M53
Part Number: XP53208800042
Designation: DRIVE GEAR SHAFT
Measurement: 
Weight: 
Source Page: 755
BOM: X00027646
Substitution Status: 
New Part Number: 
Superseded List: ";DRIVE GEAR SHAFT;;12VM53-295;12V4000M53, importar;simple;https://milu-naval.mystagingwebsite.com/wp-content/uploads/2026/02/12V4000M53-0754-02-90.webp;12V4000M53;755;90;X00027646;DRIVE GEAR SHAFT;;;;;;ok;importar;import_new;cumple condiciones para articulo nuevo | PN y designation_final validos, sin conflictos criticos;import_new;cumple condiciones para articulo nuevo | PN y designation_final validos, sin conflictos criticos;engine_12V4000M53.json;1206401;755;XP53208800042;DRIVE GEAR SHAFT;;;;;;;ok;importar;yes
0005311939;LED;0005311939;publish;"Engine: 12V4000M53
Part Number: 0005311939
Designation: LED
Measurement: T5,5K, 6-MULTI-LED, GRUEN,24V,
Weight: 0.001 KGM
Source Page: 762
BOM: X00E50205802
Substitution Status: SI
New Part Number: 0005311939
Superseded List: 0045314140";LED;;12VM53-510;12V4000M53, New, importar;simple;https://milu-naval.mystagingwebsite.com/wp-content/uploads/2026/01/sin_imagen.jpeg;12V4000M53;762;300;X00E50205802;LED;T5,5K, 6-MULTI-LED, GRUEN,24V,;0.001 KGM;SI;0005311939;0045314140;ok;importar;import_new;cumple condiciones para articulo nuevo;import_new;cumple condiciones para articulo nuevo;engine_12V4000M53.json;1206423;762;0005311939;LED;T5,5K, 6-MULTI-LED, GRUEN,24V,;0.001 KGM;SI;New;0005311939;0045314140;ok;importar;yes
0165310783;LINK SHIELD-KON;0165310783;publish;"Engine: 12V4000M53
Part Number: 0165310783
Designation: LINK SHIELD-KON
Measurement: GELB 5,71X6,50MM
Weight: 6,000 g
Source Page: 781
BOM: B00E50203697
Substitution Status: 
New Part Number: 
Superseded List: ";LINK SHIELD-KON;;12VM53-511;12V4000M53, importar;simple;https://milu-naval.mystagingwebsite.com/wp-content/uploads/2026/01/sin_imagen.jpeg;12V4000M53;781;220;B00E50203697;LINK SHIELD-KON;GELB 5,71X6,50MM;6,000 g;;;;ok;importar;import_new;cumple condiciones para articulo nuevo | PN y designation_final validos, sin conflictos criticos;import_new;cumple condiciones para articulo nuevo | PN y designation_final validos, sin conflictos criticos;engine_12V4000M53.json;1206462;781;0165310783;LINK SHIELD-KON;GELB 5,71X6,50MM;6,000 g;;;;;ok;importar;yes
0165310883;LINK SHIELD-KON;0165310883;publish;"Engine: 12V4000M53
Part Number: 0165310883
Designation: LINK SHIELD-KON
Measurement: SILBER 8.30X9.45MM
Weight: 6,000 g
Source Page: 781
BOM: B00E50203697
Substitution Status: 
New Part Number: 
Superseded List: ";LINK SHIELD-KON;;12VM53-511;12V4000M53, importar;simple;https://milu-naval.mystagingwebsite.com/wp-content/uploads/2026/01/sin_imagen.jpeg;12V4000M53;781;230;B00E50203697;LINK SHIELD-KON;SILBER 8.30X9.45MM;6,000 g;;;;ok;importar;import_new;cumple condiciones para articulo nuevo | PN y designation_final validos, sin conflictos criticos;import_new;cumple condiciones para articulo nuevo | PN y designation_final validos, sin conflictos criticos;engine_12V4000M53.json;1206463;781;0165310883;LINK SHIELD-KON;SILBER 8.30X9.45MM;6,000 g;;;;;ok;importar;yes
X00E50208297;BLADE CONNECTOR;x00e50208297;publish;"Engine: 12V4000M53
Part Number: X00E50208297
Designation: BLADE CONNECTOR
Measurement: 
Weight: 
Source Page: 797
BOM: B00E50203327
Substitution Status: 
New Part Number: 
Superseded List: ";BLADE CONNECTOR;;12VM53-511;12V4000M53, importar;simple;https://milu-naval.mystagingwebsite.com/wp-content/uploads/2026/01/sin_imagen.jpeg;12V4000M53;797;180;B00E50203327;BLADE CONNECTOR;;;;;;ok;importar;import_new;cumple condiciones para articulo nuevo | PN y designation_final validos, sin conflictos criticos;import_new;cumple condiciones para articulo nuevo | PN y designation_final validos, sin conflictos criticos;engine_12V4000M53.json;1206509;797;X00E50208297;BLADE CONNECTOR;;;;;;;ok;importar;yes
X00E50208297 X00E50208305;BLADE CONNECTOR CRIMP CONTACT F/SEPARABLE CONNECT CRIMP CONTACT;x00e50208297-x00e50208305;publish;"Engine: 12V4000M53
Part Number: X00E50208297 X00E50208305
Designation: BLADE CONNECTOR CRIMP CONTACT F/SEPARABLE CONNECT CRIMP CONTACT
Measurement: 
Weight: 91,800 g 2,000 g
Source Page: 797
BOM: B00E50203327
Substitution Status: 
New Part Number: 
Superseded List: ";BLADE CONNECTOR CRIMP CONTACT F/SEPARABLE CONNECT CRIMP CONTACT;;12VM53-511;12V4000M53, importar;simple;https://milu-naval.mystagingwebsite.com/wp-content/uploads/2026/01/sin_imagen.jpeg;12V4000M53;797;180 200;B00E50203327;BLADE CONNECTOR CRIMP CONTACT F/SEPARABLE CONNECT CRIMP CONTACT;;91,800 g 2,000 g;;;;ok;importar;import_new;cumple condiciones para articulo nuevo | PN y designation_final validos, sin conflictos criticos;import_new;cumple condiciones para articulo nuevo | PN y designation_final validos, sin conflictos criticos;engine_12V4000M53.json;1206510;797;X00E50208297 X00E50208305;BLADE CONNECTOR CRIMP CONTACT F/SEPARABLE CONNECT CRIMP CONTACT;;91,800 g 2,000 g;;;;;ok;importar;yes
X00E50208305;CRIMP CONTACT F/SEPARABLE CONNECT;x00e50208305;publish;"Engine: 12V4000M53
Part Number: X00E50208305
Designation: CRIMP CONTACT F/SEPARABLE CONNECT
Measurement: 0,5-1,0QMM BUCHSE B-CRIMP
Weight: 0.001 KGM
Source Page: 797
BOM: B00E50203327
Substitution Status: 
New Part Number: 
Superseded List: ";CRIMP CONTACT F/SEPARABLE CONNECT;;12VM53-511;12V4000M53, importar;simple;https://milu-naval.mystagingwebsite.com/wp-content/uploads/2026/01/sin_imagen.jpeg;12V4000M53;797;200;B00E50203327;CRIMP CONTACT F/SEPARABLE CONNECT;0,5-1,0QMM BUCHSE B-CRIMP;0.001 KGM;;;;ok;importar;import_new;cumple condiciones para articulo nuevo | PN y designation_final validos, sin conflictos criticos;import_new;cumple condiciones para articulo nuevo | PN y designation_final validos, sin conflictos criticos;engine_12V4000M53.json;1206511;797;X00E50208305;CRIMP CONTACT F/SEPARABLE CONNECT;0,5-1,0QMM BUCHSE B-CRIMP;0.001 KGM;;;;;ok;importar;yes
X00E50208308;CRIMP CONTACT F/SEPARABLE CONNECT;x00e50208308;publish;"Engine: 12V4000M53
Part Number: X00E50208308
Designation: CRIMP CONTACT F/SEPARABLE CONNECT
Measurement: 0,75-1,5QMM BUCHSE B-CRIMP
Weight: 0.001 KGM
Source Page: 797
BOM: B00E50203327
Substitution Status: 
New Part Number: 
Superseded List: ";CRIMP CONTACT F/SEPARABLE CONNECT;;12VM53-511;12V4000M53, importar;simple;https://milu-naval.mystagingwebsite.com/wp-content/uploads/2026/01/sin_imagen.jpeg;12V4000M53;797;210;B00E50203327;CRIMP CONTACT F/SEPARABLE CONNECT;0,75-1,5QMM BUCHSE B-CRIMP;0.001 KGM;;;;ok;importar;import_new;cumple condiciones para articulo nuevo | PN y designation_final validos, sin conflictos criticos;import_new;cumple condiciones para articulo nuevo | PN y designation_final validos, sin conflictos criticos;engine_12V4000M53.json;1206512;797;X00E50208308;CRIMP CONTACT F/SEPARABLE CONNECT;0,75-1,5QMM BUCHSE B-CRIMP;0.001 KGM;;;;;ok;importar;yes
X00E50208317;BLANKING PLUG FOR CONNECTOR;x00e50208317;publish;"Engine: 12V4000M53
Part Number: X00E50208317
Designation: BLANKING PLUG FOR CONNECTOR
Measurement: GR.20 F. STRIKE, DT UND HD-SERIE
Weight: 0.001 KGM
Source Page: 797
BOM: B00E50203327
Substitution Status: 
New Part Number: 
Superseded List: ";BLANKING PLUG FOR CONNECTOR;;12VM53-511;12V4000M53, importar;simple;https://milu-naval.mystagingwebsite.com/wp-content/uploads/2026/01/sin_imagen.jpeg;12V4000M53;797;220;B00E50203327;BLANKING PLUG FOR CONNECTOR;GR.20 F. STRIKE, DT UND HD-SERIE;0.001 KGM;;;;ok;importar;import_new;cumple condiciones para articulo nuevo | PN y designation_final validos, sin conflictos criticos;import_new;cumple condiciones para articulo nuevo | PN y designation_final validos, sin conflictos criticos;engine_12V4000M53.json;1206513;797;X00E50208317;BLANKING PLUG FOR CONNECTOR;GR.20 F. STRIKE, DT UND HD-SERIE;0.001 KGM;;;;;ok;importar;yes
X00034322 X00E50208310;MALE CONNECTOR CRIMP CONTACT F/SEPARABLE CONNECT;x00034322-x00e50208310;publish;"Engine: 12V4000M53
Part Number: X00034322 X00E50208310
Designation: MALE CONNECTOR CRIMP CONTACT F/SEPARABLE CONNECT
Measurement: 
Weight: 5,000 g 0,500 g
Source Page: 797
BOM: B00E50203327
Substitution Status: 
New Part Number: 
Superseded List: ";MALE CONNECTOR CRIMP CONTACT F/SEPARABLE CONNECT;;12VM53-511;12V4000M53, importar;simple;https://milu-naval.mystagingwebsite.com/wp-content/uploads/2026/01/sin_imagen.jpeg;12V4000M53;797;280 290;B00E50203327;MALE CONNECTOR CRIMP CONTACT F/SEPARABLE CONNECT;;5,000 g 0,500 g;;;;ok;importar;import_new;cumple condiciones para articulo nuevo | PN y designation_final validos, sin conflictos criticos;import_new;cumple condiciones para articulo nuevo | PN y designation_final validos, sin conflictos criticos;engine_12V4000M53.json;1206519;797;X00034322 X00E50208310;MALE CONNECTOR CRIMP CONTACT F/SEPARABLE CONNECT;;5,000 g 0,500 g;;;;;ok;importar;yes
X00E50208310;CRIMP CONTACT F/SEPARABLE CONNECT;x00e50208310;publish;"Engine: 12V4000M53
Part Number: X00E50208310
Designation: CRIMP CONTACT F/SEPARABLE CONNECT
Measurement: 0,75-1,5QMM STIFT B-CRIMP
Weight: 0.001 KGM
Source Page: 797
BOM: B00E50203327
Substitution Status: 
New Part Number: 
Superseded List: ";CRIMP CONTACT F/SEPARABLE CONNECT;;12VM53-511;12V4000M53, importar;simple;https://milu-naval.mystagingwebsite.com/wp-content/uploads/2026/01/sin_imagen.jpeg;12V4000M53;797;290;B00E50203327;CRIMP CONTACT F/SEPARABLE CONNECT;0,75-1,5QMM STIFT B-CRIMP;0.001 KGM;;;;ok;importar;import_new;cumple condiciones para articulo nuevo | PN y designation_final validos, sin conflictos criticos;import_new;cumple condiciones para articulo nuevo | PN y designation_final validos, sin conflictos criticos;engine_12V4000M53.json;1206520;797;X00E50208310;CRIMP CONTACT F/SEPARABLE CONNECT;0,75-1,5QMM STIFT B-CRIMP;0.001 KGM;;;;;ok;importar;yes
X00E50208782;RETAINER F/SEPARABLE CONNECT;x00e50208782;publish;"Engine: 12V4000M53
Part Number: X00E50208782
Designation: RETAINER F/SEPARABLE CONNECT
Measurement: Z-FORM F. STECKERBEFESTIGUNG
Weight: 0.011 KGM
Source Page: 797
BOM: B00E50203327
Substitution Status: 
New Part Number: 
Superseded List: ";RETAINER F/SEPARABLE CONNECT;;12VM53-511;12V4000M53, importar;simple;https://milu-naval.mystagingwebsite.com/wp-content/uploads/2026/01/sin_imagen.jpeg;12V4000M53;797;330;B00E50203327;RETAINER F/SEPARABLE CONNECT;Z-FORM F. STECKERBEFESTIGUNG;0.011 KGM;;;;ok;importar;import_new;cumple condiciones para articulo nuevo | PN y designation_final validos, sin conflictos criticos;import_new;cumple condiciones para articulo nuevo | PN y designation_final validos, sin conflictos criticos;engine_12V4000M53.json;1206522;797;X00E50208782;RETAINER F/SEPARABLE CONNECT;Z-FORM F. STECKERBEFESTIGUNG;0.011 KGM;;;;;ok;importar;yes
X00E50208339;CRIMP BARREL F.SHIELD CONNECTION;x00e50208339;publish;"Engine: 12V4000M53
Part Number: X00E50208339
Designation: CRIMP BARREL F.SHIELD CONNECTION
Measurement: 13,97X15,75MM INNENRING BLAU
Weight: 0.005 KGM
Source Page: 797
BOM: B00E50203327
Substitution Status: 
New Part Number: 
Superseded List: ";CRIMP BARREL F.SHIELD CONNECTION;;12VM53-511;12V4000M53, importar;simple;https://milu-naval.mystagingwebsite.com/wp-content/uploads/2026/01/sin_imagen.jpeg;12V4000M53;797;350;B00E50203327;CRIMP BARREL F.SHIELD CONNECTION;13,97X15,75MM INNENRING BLAU;0.005 KGM;;;;ok;importar;import_new;cumple condiciones para articulo nuevo | PN y designation_final validos, sin conflictos criticos;import_new;cumple condiciones para articulo nuevo | PN y designation_final validos, sin conflictos criticos;engine_12V4000M53.json;1206523;797;X00E50208339;CRIMP BARREL F.SHIELD CONNECTION;13,97X15,75MM INNENRING BLAU;0.005 KGM;;;;;ok;importar;yes
X00E50208340;CRIMP BARREL F.SCHIRMANSCHLUSS;x00e50208340;publish;"Engine: 12V4000M53
Part Number: X00E50208340
Designation: CRIMP BARREL F.SCHIRMANSCHLUSS
Measurement: 18,03X20,07MM AUSSENRING BLAU
Weight: 0.006 KGM
Source Page: 797
BOM: B00E50203327
Substitution Status: 
New Part Number: 
Superseded List: ";CRIMP BARREL F.SCHIRMANSCHLUSS;;12VM53-511;12V4000M53, importar;simple;https://milu-naval.mystagingwebsite.com/wp-content/uploads/2026/01/sin_imagen.jpeg;12V4000M53;797;360;B00E50203327;CRIMP BARREL F.SCHIRMANSCHLUSS;18,03X20,07MM AUSSENRING BLAU;0.006 KGM;;;;ok;importar;import_new;cumple condiciones para articulo nuevo | PN y designation_final validos, sin conflictos criticos;import_new;cumple condiciones para articulo nuevo | PN y designation_final validos, sin conflictos criticos;engine_12V4000M53.json;1206524;797;X00E50208340;CRIMP BARREL F.SCHIRMANSCHLUSS;18,03X20,07MM AUSSENRING BLAU;0.006 KGM;;;;;ok;importar;yes
100 B00E50203275;CONNECTING CABLE FOR GEARBOX;100-b00e50203275;publish;"Engine: 12V4000M53
Part Number: 100 B00E50203275
Designation: CONNECTING CABLE FOR GEARBOX
Measurement: 
Weight: 
Source Page: 800
BOM: BS00E500.00508
Substitution Status: 
New Part Number: 
Superseded List: ";CONNECTING CABLE FOR GEARBOX;;12VM53-511;12V4000M53, importar;simple;https://milu-naval.mystagingwebsite.com/wp-content/uploads/2026/01/sin_imagen.jpeg;12V4000M53;800;649;BS00E500.00508;CONNECTING CABLE FOR GEARBOX;;;;;;ok;importar;import_new;cumple condiciones para articulo nuevo | PN y designation_final validos, sin conflictos criticos;import_new;cumple condiciones para articulo nuevo | PN y designation_final validos, sin conflictos criticos;engine_12V4000M53.json;1206546;800;100 B00E50203275;CONNECTING CABLE FOR GEARBOX;;;;;;;ok;importar;yes
X00E50208318;BLANKING PLUG FOR CONNECTOR;x00e50208318;publish;"Engine: 12V4000M53
Part Number: X00E50208318
Designation: BLANKING PLUG FOR CONNECTOR
Measurement: GR.16 F. STRIKE, DT UND HD-SERIE
Weight: 0.001 KGM
Source Page: 801
BOM: B00E50203275
Substitution Status: 
New Part Number: 
Superseded List: ";BLANKING PLUG FOR CONNECTOR;;12VM53-511;12V4000M53, importar;simple;https://milu-naval.mystagingwebsite.com/wp-content/uploads/2026/01/sin_imagen.jpeg;12V4000M53;801;110;B00E50203275;BLANKING PLUG FOR CONNECTOR;GR.16 F. STRIKE, DT UND HD-SERIE;0.001 KGM;;;;ok;importar;import_new;cumple condiciones para articulo nuevo | PN y designation_final validos, sin conflictos criticos;import_new;cumple condiciones para articulo nuevo | PN y designation_final validos, sin conflictos criticos;engine_12V4000M53.json;1206549;801;X00E50208318;BLANKING PLUG FOR CONNECTOR;GR.16 F. STRIKE, DT UND HD-SERIE;0.001 KGM;;;;;ok;importar;yes
X00011655;CABLE;x00011655;publish;"Engine: 12V4000M53
Part Number: X00011655
Designation: CABLE
Measurement: 2X0,75 OHNE GNE D
Weight: 
Source Page: 808
BOM: X00E50208275
Substitution Status: 
New Part Number: 
Superseded List: ";CABLE;;12VM53-511;12V4000M53, importar;simple;https://milu-naval.mystagingwebsite.com/wp-content/uploads/2026/02/12V4000M53-0808-01-70.webp;12V4000M53;808;70;X00E50208275;CABLE;2X0,75 OHNE GNE D;;;;;ok;importar;import_new;cumple condiciones para articulo nuevo | PN y designation_final validos, sin conflictos criticos;import_new;cumple condiciones para articulo nuevo | PN y designation_final validos, sin conflictos criticos;engine_12V4000M53.json;1206588;808;X00011655;CABLE;2X0,75 OHNE GNE D;;;;;;ok;importar;yes
X00E50209110;PLATE F.CONDUCTOR MARKING;x00e50209110;publish;"Engine: 12V4000M53
Part Number: X00E50209110
Designation: PLATE F.CONDUCTOR MARKING
Measurement: 40X12MM
Weight: 0.015 KGM
Source Page: 809
BOM: X00E50208275
Substitution Status: SI
New Part Number: X00E50209110
Superseded List: 0015314782, B00E50202209, X00013618";PLATE F.CONDUCTOR MARKING;;12VM53-511;12V4000M53, New, importar;simple;https://milu-naval.mystagingwebsite.com/wp-content/uploads/2026/01/sin_imagen.jpeg;12V4000M53;809;270;X00E50208275;PLATE F.CONDUCTOR MARKING;40X12MM;0.015 KGM;SI;X00E50209110;0015314782, B00E50202209, X00013618;ok;importar;import_new;cumple condiciones para articulo nuevo;import_new;cumple condiciones para articulo nuevo;engine_12V4000M53.json;1206592;809;X00E50209110;PLATE F.CONDUCTOR MARKING;40X12MM;0.015 KGM;SI;New;X00E50209110;0015314782, B00E50202209, X00013618;ok;importar;yes
000531998;2 SHRINKABLE HOSE;000531998;publish;"Engine: 12V4000M53
Part Number: 000531998
Designation: 2 SHRINKABLE HOSE
Measurement: 16MM DURCHM.X1200MM LG.
Weight: 
Source Page: 813
BOM: X00E50208271
Substitution Status: 
New Part Number: 
Superseded List: ";2 SHRINKABLE HOSE;;12VM53-511;12V4000M53, importar;simple;https://milu-naval.mystagingwebsite.com/wp-content/uploads/2026/02/12V4000M53-0813-01-130.webp;12V4000M53;813;130;X00E50208271;2 SHRINKABLE HOSE;16MM DURCHM.X1200MM LG.;;;;;ok;importar;import_new;cumple condiciones para articulo nuevo | PN y designation_final validos, sin conflictos criticos;import_new;cumple condiciones para articulo nuevo | PN y designation_final validos, sin conflictos criticos;engine_12V4000M53.json;1206598;813;000531998;2 SHRINKABLE HOSE;16MM DURCHM.X1200MM LG.;;;;;;ok;importar;yes
007531788;0 CABLE Busi;007531788;publish;"Engine: 12V4000M53
Part Number: 007531788
Designation: 0 CABLE Busi
Measurement: 0,75 QMM GRUEN/GELB
Weight: 
Source Page: 813
BOM: X00E50208271
Substitution Status: 
New Part Number: 
Superseded List: ";0 CABLE Busi;;12VM53-511;12V4000M53, importar;simple;https://milu-naval.mystagingwebsite.com/wp-content/uploads/2026/02/12V4000M53-0813-01-180.webp;12V4000M53;813;180;X00E50208271;0 CABLE Busi;0,75 QMM GRUEN/GELB;;;;;ok;importar;import_new;cumple condiciones para articulo nuevo | PN y designation_final validos, sin conflictos criticos;import_new;cumple condiciones para articulo nuevo | PN y designation_final validos, sin conflictos criticos;engine_12V4000M53.json;1206601;813;007531788;0 CABLE Busi;0,75 QMM GRUEN/GELB;;;;;;ok;importar;yes
210511004000;HEX NUT;210511004000;publish;"Engine: 12V4000M53
Part Number: 210511004000
Designation: HEX NUT
Measurement: 
Weight: 0,800 g
Source Page: 827
BOM: B00E50205351
Substitution Status: 
New Part Number: 
Superseded List: ";HEX NUT;;12VM53-517;12V4000M53, importar;simple;https://milu-naval.mystagingwebsite.com/wp-content/uploads/2026/01/sin_imagen.jpeg;12V4000M53;827;370;B00E50205351;HEX NUT;;0,800 g;;;;ok;importar;import_new;cumple condiciones para articulo nuevo | PN y designation_final validos, sin conflictos criticos;import_new;cumple condiciones para articulo nuevo | PN y designation_final validos, sin conflictos criticos;engine_12V4000M53.json;1206693;827;210511004000;HEX NUT;;0,800 g;;;;;ok;importar;yes
X52401300016;CYLINDER LINER STAGE 1;x52401300016;publish;"Engine: 12V4000M70
Part Number: X52401300016
Designation: CYLINDER LINER STAGE 1
Measurement: 
Weight: 16.9 KGM
Source Page: 25
BOM: 5260101605
Substitution Status: SI
New Part Number: X52401300016
Superseded List: 5240113510, 5240114310, 5240114410";CYLINDER LINER STAGE 1;;12VM70-11;12V4000M70, New, importar;simple;https://milu-naval.mystagingwebsite.com/wp-content/uploads/2026/01/sin_imagen.jpeg;12V4000M70;25;80;5260101605;CYLINDER LINER STAGE 1;;16.9 KGM;SI;X52401300016;5240113510, 5240114310, 5240114410;ok;importar;import_new;cumple condiciones para articulo nuevo;import_new;cumple condiciones para articulo nuevo;engine_12V4000M70.json;1900031;25;X52401300016;CYLINDER LINER STAGE 1;;16.9 KGM;SI;New;X52401300016;5240113510, 5240114310, 5240114410;ok;importar;yes
X52401300017;CYLINDER LINER STAGE 2;x52401300017;publish;"Engine: 12V4000M70
Part Number: X52401300017
Designation: CYLINDER LINER STAGE 2
Measurement: 
Weight: 17 KGM
Source Page: 25
BOM: 5260101605
Substitution Status: SI
New Part Number: X52401300017
Superseded List: 5240114510";CYLINDER LINER STAGE 2;;12VM70-11;12V4000M70, New, importar;simple;https://milu-naval.mystagingwebsite.com/wp-content/uploads/2026/01/sin_imagen.jpeg;12V4000M70;25;90;5260101605;CYLINDER LINER STAGE 2;;17 KGM;SI;X52401300017;5240114510;ok;importar;import_new;cumple condiciones para articulo nuevo;import_new;cumple condiciones para articulo nuevo;engine_12V4000M70.json;1900032;25;X52401300017;CYLINDER LINER STAGE 2;;17 KGM;SI;New;X52401300017;5240114510;ok;importar;yes
X52601100055;OIL FILLER NECK;x52601100055;publish;"Engine: 12V4000M70
Part Number: X52601100055
Designation: OIL FILLER NECK
Measurement: 
Weight: 4.15 KGM
Source Page: 28
BOM: 010.00002
Substitution Status: SI
New Part Number: X52601100055
Superseded List: 5240100164, 5240100264, X52601100004";OIL FILLER NECK;;12VM70-11;12V4000M70, New, importar;simple;https://milu-naval.mystagingwebsite.com/wp-content/uploads/2026/01/sin_imagen.jpeg;12V4000M70;28;5;010.00002;OIL FILLER NECK;;4.15 KGM;SI;X52601100055;5240100164, 5240100264, X52601100004;ok;importar;import_new;cumple condiciones para articulo nuevo;import_new;cumple condiciones para articulo nuevo;engine_12V4000M70.json;1900045;28;X52601100055;OIL FILLER NECK;;4.15 KGM;SI;New;X52601100055;5240100164, 5240100264, X52601100004;ok;importar;yes
15 5240100266;CONNECTOR THREADED 1;15-5240100266;publish;"Engine: 12V4000M70
Part Number: 15 5240100266
Designation: CONNECTOR THREADED 1
Measurement: nan
Weight: nan
Source Page: 29
BOM: 010.00003
Substitution Status: 
New Part Number: 5240100266
Superseded List: 5240100266";CONNECTOR THREADED 1;;12VM70-11;12V4000M70, importar;simple;https://milu-naval.mystagingwebsite.com/wp-content/uploads/2026/01/sin_imagen.jpeg;12V4000M70;29;nan;010.00003;CONNECTOR THREADED 1;nan;nan;;5240100266;5240100266;ok;importar;import_new;cumple condiciones para articulo nuevo | PN y designation_final validos, sin conflictos criticos;import_new;cumple condiciones para articulo nuevo | PN y designation_final validos, sin conflictos criticos;engine_12V4000M70.json;1900047;29;15 5240100266;CONNECTOR THREADED 1;nan;nan;;;5240100266;5240100266;ok;importar;yes
X59601800014;COVER F/CRANKCASE VENTILA;x59601800014;publish;"Engine: 12V4000M70
Part Number: X59601800014
Designation: COVER F/CRANKCASE VENTILA
Measurement: nan
Weight: 0.67 KGM
Source Page: 43
BOM: X00014074
Substitution Status: SI
New Part Number: X59601800014
Superseded List: 5260180002";COVER F/CRANKCASE VENTILA;;12VM70-18;12V4000M70, New, importar;simple;https://milu-naval.mystagingwebsite.com/wp-content/uploads/2026/01/sin_imagen.jpeg;12V4000M70;43;250;X00014074;COVER F/CRANKCASE VENTILA;nan;0.67 KGM;SI;X59601800014;5260180002;ok;importar;import_new;cumple condiciones para articulo nuevo;import_new;cumple condiciones para articulo nuevo;engine_12V4000M70.json;1900164;43;X59601800014;COVER F/CRANKCASE VENTILA;nan;0.67 KGM;SI;New;X59601800014;5260180002;ok;importar;yes
5200180035;OIL SEPARATOR FILTER INSERT;5200180035;publish;"Engine: 12V4000M70
Part Number: 5200180035
Designation: OIL SEPARATOR FILTER INSERT
Measurement: FILTEREINSATZ OELABSCHEIDER
Weight: 0.12 KGM
Source Page: 44
BOM: 0000187135
Substitution Status: SI
New Part Number: 5200180035
Superseded List: 23528650, 5350180035, 5410100080, 5410180063";OIL SEPARATOR FILTER INSERT;;12VM70-18;12V4000M70, New, importar;simple;https://milu-naval.mystagingwebsite.com/wp-content/uploads/2026/01/sin_imagen.jpeg;12V4000M70;44;10;0000187135;OIL SEPARATOR FILTER INSERT;FILTEREINSATZ OELABSCHEIDER;0.12 KGM;SI;5200180035;23528650, 5350180035, 5410100080, 5410180063;ok;importar;import_new;cumple condiciones para articulo nuevo;import_new;cumple condiciones para articulo nuevo;engine_12V4000M70.json;1900168;44;5200180035;OIL SEPARATOR FILTER INSERT;FILTEREINSATZ OELABSCHEIDER;0.12 KGM;SI;New;5200180035;23528650, 5350180035, 5410100080, 5410180063;ok;importar;yes
X52402400012;EQUIPMENT RACK;x52402400012;publish;"Engine: 12V4000M70
Part Number: X52402400012
Designation: EQUIPMENT RACK
Measurement: nan
Weight: 258 KGM
Source Page: 48
BOM: 020.00111
Substitution Status: SI
New Part Number: X52402400012
Superseded List: 5240100533, 5240100633, 5240101033, 5240101133, 5240101233, 5240101333, 5240101833, 5240101933, 5240102033, X52402400011";EQUIPMENT RACK;;12VM70-24;12V4000M70, New, importar;simple;https://milu-naval.mystagingwebsite.com/wp-content/uploads/2026/01/sin_imagen.jpeg;12V4000M70;48;10;020.00111;EQUIPMENT RACK;nan;258 KGM;SI;X52402400012;5240100533, 5240100633, 5240101033, 5240101133, 5240101233, 5240101333, 5240101833, 5240101933, 5240102033, X52402400011;ok;importar;import_new;cumple condiciones para articulo nuevo;import_new;cumple condiciones para articulo nuevo;engine_12V4000M70.json;1900179;48;X52402400012;EQUIPMENT RACK;nan;258 KGM;SI;New;X52402400012;5240100533, 5240100633, 5240101033, 5240101133, 5240101233, 5240101333, 5240101833, 5240101933, 5240102033, X52402400011;ok;importar;yes
204014020013;HEX SCREW;204014020013;publish;"Engine: 12V4000M70
Part Number: 204014020013
Designation: HEX SCREW
Measurement: M 20 X110
Weight: 0.32 KGM
Source Page: 65
BOM: X00015977
Substitution Status: 
New Part Number: 
Superseded List: ";HEX SCREW;;12VM70-35;12V4000M70, importar;simple;https://milu-naval.mystagingwebsite.com/wp-content/uploads/2026/01/sin_imagen.jpeg;12V4000M70;65;7;X00015977;HEX SCREW;M 20 X110;0.32 KGM;;;;ok;importar;import_new;cumple condiciones para articulo nuevo | PN y designation_final validos, sin conflictos criticos;import_new;cumple condiciones para articulo nuevo | PN y designation_final validos, sin conflictos criticos;engine_12V4000M70.json;1900321;65;204014020013;HEX SCREW;M 20 X110;0.32 KGM;;;;;ok;importar;yes
X00014368;COVER;x00014368;publish;"Engine: 12V4000M70
Part Number: X00014368
Designation: COVER
Measurement: nan
Weight: 28,963 kg
Source Page: 67
BOM: X00014417
Substitution Status: 
New Part Number: 
Superseded List: ";COVER;;12VM70-35;12V4000M70, importar;simple;https://milu-naval.mystagingwebsite.com/wp-content/uploads/2026/01/sin_imagen.jpeg;12V4000M70;67;50;X00014417;COVER;nan;28,963 kg;;;;ok;importar;import_new;cumple condiciones para articulo nuevo | PN y designation_final validos, sin conflictos criticos;import_new;cumple condiciones para articulo nuevo | PN y designation_final validos, sin conflictos criticos;engine_12V4000M70.json;1900329;67;X00014368;COVER;nan;28,963 kg;;;;;ok;importar;yes
EX00008369;PISTON;ex00008369;publish;"Engine: 12V4000M70
Part Number: EX00008369
Designation: PISTON
Measurement: nan
Weight: 11.85 KGM
Source Page: 72
BOM: X00009734
Substitution Status: SI
New Part Number: EX00008369
Superseded List: 5240302717, 5240302717/EM, 5240303917, E5240302717, X00008369";PISTON;;12VM70-37;12V4000M70, New, importar;simple;https://milu-naval.mystagingwebsite.com/wp-content/uploads/2026/01/sin_imagen.jpeg;12V4000M70;72;60;X00009734;PISTON;nan;11.85 KGM;SI;EX00008369;5240302717, 5240302717/EM, 5240303917, E5240302717, X00008369;ok;importar;import_new;cumple condiciones para articulo nuevo;import_new;cumple condiciones para articulo nuevo;engine_12V4000M70.json;1900343;72;EX00008369;PISTON;nan;11.85 KGM;SI;New;EX00008369;5240302717, 5240302717/EM, 5240303917, E5240302717, X00008369;ok;importar;yes
RX00008369;PISTON;rx00008369;publish;"Engine: 12V4000M70
Part Number: RX00008369
Designation: PISTON
Measurement: nan
Weight: 12,000 kg
Source Page: 72
BOM: X00009734
Substitution Status: SI
New Part Number: RX00008369
Superseded List: R5240302717";PISTON;;12VM70-37;12V4000M70, New, importar;simple;https://milu-naval.mystagingwebsite.com/wp-content/uploads/2026/01/sin_imagen.jpeg;12V4000M70;72;70;X00009734;PISTON;nan;12,000 kg;SI;RX00008369;R5240302717;ok;importar;import_new;cumple condiciones para articulo nuevo;import_new;cumple condiciones para articulo nuevo;engine_12V4000M70.json;1900344;72;RX00008369;PISTON;nan;12,000 kg;SI;New;RX00008369;R5240302717;ok;importar;yes
RX00009469/42;CONROD ASM;rx00009469-42;publish;"Engine: 12V4000M70
Part Number: RX00009469/42
Designation: CONROD ASM
Measurement: nan
Weight: 
Source Page: 75
BOM: X00043174
Substitution Status: 
New Part Number: EX59403800070/42
Superseded List: X00009469/42";CONROD ASM;;12VM70-38;12V4000M70, importar;simple;https://milu-naval.mystagingwebsite.com/wp-content/uploads/2026/01/sin_imagen.jpeg;12V4000M70;75;70;X00043174;CONROD ASM;nan;;;EX59403800070/42;X00009469/42;ok;importar;import_new;cumple condiciones para articulo nuevo | PN y designation_final validos, sin conflictos criticos;import_new;cumple condiciones para articulo nuevo | PN y designation_final validos, sin conflictos criticos;engine_12V4000M70.json;1900364;75;RX00009469/42;CONROD ASM;nan;;;;EX59403800070/42;X00009469/42;ok;importar;yes
5240531030;VALVE GUIDE;5240531030;publish;"Engine: 12V4000M70
Part Number: 5240531030
Designation: VALVE GUIDE
Measurement: FERTIG BEARBEITET, 19.30 R6 H7
Weight: 0.133 KGM
Source Page: 80
BOM: X52404100144
Substitution Status: SI
New Part Number: 5240531030
Superseded List: 5240531030";VALVE GUIDE;;12VM70-41;12V4000M70, New, importar;simple;https://milu-naval.mystagingwebsite.com/wp-content/uploads/2026/01/sin_imagen.jpeg;12V4000M70;80;210;X52404100144;VALVE GUIDE;FERTIG BEARBEITET, 19.30 R6 H7;0.133 KGM;SI;5240531030;5240531030;ok;importar;import_new;cumple condiciones para articulo nuevo;import_new;cumple condiciones para articulo nuevo;engine_12V4000M70.json;1900397;80;5240531030;VALVE GUIDE;FERTIG BEARBEITET, 19.30 R6 H7;0.133 KGM;SI;New;5240531030;5240531030;ok;importar;yes
X52605100017;CAMSHAFT FOR 12V;x52605100017;publish;"Engine: 12V4000M70
Part Number: X52605100017
Designation: CAMSHAFT FOR 12V
Measurement: nan
Weight: 49 KGM
Source Page: 84
BOM: 050.00026
Substitution Status: SI
New Part Number: X52605100017
Superseded List: 5260500001, 5260500001/EM, 5260510001, E5260500001";CAMSHAFT FOR 12V;;12VM70-51;12V4000M70, New, importar;simple;https://milu-naval.mystagingwebsite.com/wp-content/uploads/2026/01/sin_imagen.jpeg;12V4000M70;84;25;050.00026;CAMSHAFT FOR 12V;nan;49 KGM;SI;X52605100017;5260500001, 5260500001/EM, 5260510001, E5260500001;ok;importar;import_new;cumple condiciones para articulo nuevo;import_new;cumple condiciones para articulo nuevo;engine_12V4000M70.json;1900406;84;X52605100017;CAMSHAFT FOR 12V;nan;49 KGM;SI;New;X52605100017;5260500001, 5260500001/EM, 5260510001, E5260500001;ok;importar;yes
X52405200022;CAMSHAFT GEAR;x52405200022;publish;"Engine: 12V4000M70
Part Number: X52405200022
Designation: CAMSHAFT GEAR
Measurement: nan
Weight: 15.9 KGM
Source Page: 84
BOM: 050.00026
Substitution Status: SI
New Part Number: X52405200022
Superseded List: 23540423, 5240520501, X00021634";CAMSHAFT GEAR;;12VM70-51;12V4000M70, New, importar;simple;https://milu-naval.mystagingwebsite.com/wp-content/uploads/2026/01/sin_imagen.jpeg;12V4000M70;84;40;050.00026;CAMSHAFT GEAR;nan;15.9 KGM;SI;X52405200022;23540423, 5240520501, X00021634;ok;importar;import_new;cumple condiciones para articulo nuevo;import_new;cumple condiciones para articulo nuevo;engine_12V4000M70.json;1900409;84;X52405200022;CAMSHAFT GEAR;nan;15.9 KGM;SI;New;X52405200022;23540423, 5240520501, X00021634;ok;importar;yes
X52405500120;CYLINDER HEAD COVER DIE CASTING;x52405500120;publish;"Engine: 12V4000M70
Part Number: X52405500120
Designation: CYLINDER HEAD COVER DIE CASTING
Measurement: nan
Weight: 2 KGM
Source Page: 94
BOM: 050.00094
Substitution Status: SI
New Part Number: X52405500120
Superseded List: 5240160105, 5240160205, 5240161005";CYLINDER HEAD COVER DIE CASTING;;12VM70-55;12V4000M70, New, importar;simple;https://milu-naval.mystagingwebsite.com/wp-content/uploads/2026/01/sin_imagen.jpeg;12V4000M70;94;5;050.00094;CYLINDER HEAD COVER DIE CASTING;nan;2 KGM;SI;X52405500120;5240160105, 5240160205, 5240161005;ok;importar;import_new;cumple condiciones para articulo nuevo;import_new;cumple condiciones para articulo nuevo;engine_12V4000M70.json;1900460;94;X52405500120;CYLINDER HEAD COVER DIE CASTING;nan;2 KGM;SI;New;X52405500120;5240160105, 5240160205, 5240161005;ok;importar;yes
700429130003 8693000017 5240910024 5244760424 X00017505;O-RING CONTROL BLOCK DRIVE ADAPTER LP FU FITTING M16X1.5 ISO 6 SPARE PARTS KIT FOR;700429130003-8693000017-5240910024-5244760424-x00017505;publish;"Engine: 12V4000M70
Part Number: 700429130003 8693000017 5240910024 5244760424 X00017505
Designation: O-RING CONTROL BLOCK DRIVE ADAPTER LP FU FITTING M16X1.5 ISO 6 SPARE PARTS KIT FOR
Measurement: nan
Weight: nan
Source Page: 97
BOM: 5260701101
Substitution Status: 
New Part Number: 
Superseded List: ";O-RING CONTROL BLOCK DRIVE ADAPTER LP FU FITTING M16X1.5 ISO 6 SPARE PARTS KIT FOR;;12VM70-73;12V4000M70, importar;simple;https://milu-naval.mystagingwebsite.com/wp-content/uploads/2026/01/sin_imagen.jpeg;12V4000M70;97;5 10 15 20 30;5260701101;O-RING CONTROL BLOCK DRIVE ADAPTER LP FU FITTING M16X1.5 ISO 6 SPARE PARTS KIT FOR;nan;nan;;;;ok;importar;import_new;cumple condiciones para articulo nuevo | PN y designation_final validos, sin conflictos criticos;import_new;cumple condiciones para articulo nuevo | PN y designation_final validos, sin conflictos criticos;engine_12V4000M70.json;1900471;97;700429130003 8693000017 5240910024 5244760424 X00017505;O-RING CONTROL BLOCK DRIVE ADAPTER LP FU FITTING M16X1.5 ISO 6 SPARE PARTS KIT FOR;nan;nan;;;;;ok;importar;yes
XP59307500002;O-RING;xp59307500002;publish;"Engine: 12V4000M70
Part Number: XP59307500002
Designation: O-RING
Measurement: 36,0+/-0,4X3,6+/-0,11
Weight: 0.003 KGM
Source Page: 103
BOM: X52407500039
Substitution Status: 
New Part Number: 
Superseded List: ";O-RING;;12VM70-75;12V4000M70, importar;simple;https://milu-naval.mystagingwebsite.com/wp-content/uploads/2026/01/XP59307500002.jpeg;12V4000M70;103;50;X52407500039;O-RING;36,0+/-0,4X3,6+/-0,11;0.003 KGM;;;;ok;importar;import_new;cumple condiciones para articulo nuevo | PN y designation_final validos, sin conflictos criticos;import_new;cumple condiciones para articulo nuevo | PN y designation_final validos, sin conflictos criticos;engine_12V4000M70.json;1900491;103;XP59307500002;O-RING;36,0+/-0,4X3,6+/-0,11;0.003 KGM;;;;;ok;importar;yes
XP52407500035;CAP;xp52407500035;publish;"Engine: 12V4000M70
Part Number: XP52407500035
Designation: CAP
Measurement: 
Weight: 0.001 KGM
Source Page: 103
BOM: X52407500039
Substitution Status: 
New Part Number: 
Superseded List: ";CAP;;12VM70-75;12V4000M70, importar;simple;https://milu-naval.mystagingwebsite.com/wp-content/uploads/2026/01/sin_imagen.jpeg;12V4000M70;103;70;X52407500039;CAP;;0.001 KGM;;;;ok;importar;import_new;cumple condiciones para articulo nuevo | PN y designation_final validos, sin conflictos criticos;import_new;cumple condiciones para articulo nuevo | PN y designation_final validos, sin conflictos criticos;engine_12V4000M70.json;1900493;103;XP52407500035;CAP;;0.001 KGM;;;;;ok;importar;yes
X52499100586;CONNECTING PIECE;x52499100586;publish;"Engine: 12V4000M70
Part Number: X52499100586
Designation: CONNECTING PIECE
Measurement: 
Weight: 0.869 KGM
Source Page: 106
BOM: 070.00058
Substitution Status: SI
New Part Number: X52499100586
Superseded List: 5240780268, 5240780768";CONNECTING PIECE;;12VM70-77;12V4000M70, New, importar;simple;https://milu-naval.mystagingwebsite.com/wp-content/uploads/2026/01/sin_imagen.jpeg;12V4000M70;106;90;070.00058;CONNECTING PIECE;;0.869 KGM;SI;X52499100586;5240780268, 5240780768;ok;importar;import_new;cumple condiciones para articulo nuevo;import_new;cumple condiciones para articulo nuevo;engine_12V4000M70.json;1900529;106;X52499100586;CONNECTING PIECE;;0.869 KGM;SI;New;X52499100586;5240780268, 5240780768;ok;importar;yes
XP52700600074;BALL SOCKET;xp52700600074;publish;"Engine: 12V4000M70
Part Number: XP52700600074
Designation: BALL SOCKET
Measurement: nan
Weight: 0.001 KGM
Source Page: 108
BOM: X00026227
Substitution Status: 
New Part Number: 
Superseded List: ";BALL SOCKET;;12VM70-77;12V4000M70, importar;simple;https://milu-naval.mystagingwebsite.com/wp-content/uploads/2026/01/sin_imagen.jpeg;12V4000M70;108;10;X00026227;BALL SOCKET;nan;0.001 KGM;;;;ok;importar;import_new;cumple condiciones para articulo nuevo | PN y designation_final validos, sin conflictos criticos;import_new;cumple condiciones para articulo nuevo | PN y designation_final validos, sin conflictos criticos;engine_12V4000M70.json;1900535;108;XP52700600074;BALL SOCKET;nan;0.001 KGM;;;;;ok;importar;yes
XP52707700049;O-RING;xp52707700049;publish;"Engine: 12V4000M70
Part Number: XP52707700049
Designation: O-RING
Measurement: nan
Weight: 0.001 KGM
Source Page: 108
BOM: X00026227
Substitution Status: 
New Part Number: 
Superseded List: ";O-RING;;12VM70-77;12V4000M70, importar;simple;https://milu-naval.mystagingwebsite.com/wp-content/uploads/2026/01/sin_imagen.jpeg;12V4000M70;108;20;X00026227;O-RING;nan;0.001 KGM;;;;ok;importar;import_new;cumple condiciones para articulo nuevo | PN y designation_final validos, sin conflictos criticos;import_new;cumple condiciones para articulo nuevo | PN y designation_final validos, sin conflictos criticos;engine_12V4000M70.json;1900536;108;XP52707700049;O-RING;nan;0.001 KGM;;;;;ok;importar;yes
91500102000;nan;91500102000;publish;"Engine: 12V4000M70
Part Number: 91500102000
Designation: nan
Measurement: N15001
Weight: 46,900 g
Source Page: 113
BOM: X00030241
Substitution Status: 
New Part Number: 
Superseded List: ";nan;;12VM70-81;12V4000M70, importar;simple;https://milu-naval.mystagingwebsite.com/wp-content/uploads/2026/01/sin_imagen.jpeg;12V4000M70;113;125;X00030241;nan;N15001;46,900 g;;;;ok;importar;import_new;cumple condiciones para articulo nuevo | PN y designation_final validos, sin conflictos criticos;import_new;cumple condiciones para articulo nuevo | PN y designation_final validos, sin conflictos criticos;engine_12V4000M70.json;1900537;113;91500102000;nan;N15001;46,900 g;;;;;ok;importar;yes
91500502000;CONE SEALING;91500502000;publish;"Engine: 12V4000M70
Part Number: 91500502000
Designation: CONE SEALING
Measurement: MBN15005
Weight: 15,100 g
Source Page: 113
BOM: X00030241
Substitution Status: 
New Part Number: 
Superseded List: ";CONE SEALING;;12VM70-81;12V4000M70, importar;simple;https://milu-naval.mystagingwebsite.com/wp-content/uploads/2026/01/sin_imagen.jpeg;12V4000M70;113;150;X00030241;CONE SEALING;MBN15005;15,100 g;;;;ok;importar;import_new;cumple condiciones para articulo nuevo | PN y designation_final validos, sin conflictos criticos;import_new;cumple condiciones para articulo nuevo | PN y designation_final validos, sin conflictos criticos;engine_12V4000M70.json;1900538;113;91500502000;CONE SEALING;MBN15005;15,100 g;;;;;ok;importar;yes
91500501600;CONE SEALING;91500501600;publish;"Engine: 12V4000M70
Part Number: 91500501600
Designation: CONE SEALING
Measurement: MBN15005
Weight: 11,500 g
Source Page: 113
BOM: X00030241
Substitution Status: 
New Part Number: 
Superseded List: ";CONE SEALING;;12VM70-81;12V4000M70, importar;simple;https://milu-naval.mystagingwebsite.com/wp-content/uploads/2026/01/sin_imagen.jpeg;12V4000M70;113;200;X00030241;CONE SEALING;MBN15005;11,500 g;;;;ok;importar;import_new;cumple condiciones para articulo nuevo | PN y designation_final validos, sin conflictos criticos;import_new;cumple condiciones para articulo nuevo | PN y designation_final validos, sin conflictos criticos;engine_12V4000M70.json;1900539;113;91500501600;CONE SEALING;MBN15005;11,500 g;;;;;ok;importar;yes
91500101600;NUT 16 M26X1.5;91500101600;publish;"Engine: 12V4000M70
Part Number: 91500101600
Designation: NUT 16 M26X1.5
Measurement: N15001
Weight: 40,900 g
Source Page: 113
BOM: X00030241
Substitution Status: 
New Part Number: 
Superseded List: ";NUT 16 M26X1.5;;12VM70-81;12V4000M70, importar;simple;https://milu-naval.mystagingwebsite.com/wp-content/uploads/2026/01/sin_imagen.jpeg;12V4000M70;113;225;X00030241;NUT 16 M26X1.5;N15001;40,900 g;;;;ok;importar;import_new;cumple condiciones para articulo nuevo | PN y designation_final validos, sin conflictos criticos;import_new;cumple condiciones para articulo nuevo | PN y designation_final validos, sin conflictos criticos;engine_12V4000M70.json;1900540;113;91500101600;NUT 16 M26X1.5;N15001;40,900 g;;;;;ok;importar;yes
X5240810000;LINK;x5240810000;publish;"Engine: 12V4000M70
Part Number: X5240810000
Designation: LINK
Measurement: 
Weight: 54,000 g
Source Page: 113
BOM: X00030241
Substitution Status: 
New Part Number: 
Superseded List: ";LINK;;12VM70-81;12V4000M70, importar;simple;https://milu-naval.mystagingwebsite.com/wp-content/uploads/2026/01/sin_imagen.jpeg;12V4000M70;113;300;X00030241;LINK;;54,000 g;;;;ok;importar;import_new;cumple condiciones para articulo nuevo | PN y designation_final validos, sin conflictos criticos;import_new;cumple condiciones para articulo nuevo | PN y designation_final validos, sin conflictos criticos;engine_12V4000M70.json;1900542;113;X5240810000;LINK;;54,000 g;;;;;ok;importar;yes
70042908300;O-RING;70042908300;publish;"Engine: 12V4000M70
Part Number: 70042908300
Designation: O-RING
Measurement: 
Weight: 11,700 g
Source Page: 113
BOM: X00030241
Substitution Status: 
New Part Number: 
Superseded List: ";O-RING;;12VM70-81;12V4000M70, importar;simple;https://milu-naval.mystagingwebsite.com/wp-content/uploads/2026/01/sin_imagen.jpeg;12V4000M70;113;350;X00030241;O-RING;;11,700 g;;;;ok;importar;import_new;cumple condiciones para articulo nuevo | PN y designation_final validos, sin conflictos criticos;import_new;cumple condiciones para articulo nuevo | PN y designation_final validos, sin conflictos criticos;engine_12V4000M70.json;1900543;113;70042908300;O-RING;;11,700 g;;;;;ok;importar;yes
73515101010;SPACER;73515101010;publish;"Engine: 12V4000M70
Part Number: 73515101010
Designation: SPACER
Measurement: 
Weight: 11,000 g
Source Page: 113
BOM: X00030241
Substitution Status: 
New Part Number: 
Superseded List: ";SPACER;;12VM70-81;12V4000M70, importar;simple;https://milu-naval.mystagingwebsite.com/wp-content/uploads/2026/01/sin_imagen.jpeg;12V4000M70;113;375;X00030241;SPACER;;11,000 g;;;;ok;importar;import_new;cumple condiciones para articulo nuevo | PN y designation_final validos, sin conflictos criticos;import_new;cumple condiciones para articulo nuevo | PN y designation_final validos, sin conflictos criticos;engine_12V4000M70.json;1900544;113;73515101010;SPACER;;11,000 g;;;;;ok;importar;yes
00000000332;HEX SCREW;00000000332;publish;"Engine: 12V4000M70
Part Number: 00000000332
Designation: HEX SCREW
Measurement: 
Weight: 27,400 g
Source Page: 113
BOM: X00030241
Substitution Status: 
New Part Number: 
Superseded List: ";HEX SCREW;;12VM70-81;12V4000M70, importar;simple;https://milu-naval.mystagingwebsite.com/wp-content/uploads/2026/01/sin_imagen.jpeg;12V4000M70;113;400;X00030241;HEX SCREW;;27,400 g;;;;ok;importar;import_new;cumple condiciones para articulo nuevo | PN y designation_final validos, sin conflictos criticos;import_new;cumple condiciones para articulo nuevo | PN y designation_final validos, sin conflictos criticos;engine_12V4000M70.json;1900545;113;00000000332;HEX SCREW;;27,400 g;;;;;ok;importar;yes
70042903000;O-RING;70042903000;publish;"Engine: 12V4000M70
Part Number: 70042903000
Designation: O-RING
Measurement: 
Weight: 3,100 g
Source Page: 113
BOM: X00030241
Substitution Status: 
New Part Number: 
Superseded List: ";O-RING;;12VM70-81;12V4000M70, importar;simple;https://milu-naval.mystagingwebsite.com/wp-content/uploads/2026/01/sin_imagen.jpeg;12V4000M70;113;450;X00030241;O-RING;;3,100 g;;;;ok;importar;import_new;cumple condiciones para articulo nuevo | PN y designation_final validos, sin conflictos criticos;import_new;cumple condiciones para articulo nuevo | PN y designation_final validos, sin conflictos criticos;engine_12V4000M70.json;1900546;113;70042903000;O-RING;;3,100 g;;;;;ok;importar;yes
00093301003;HEX BOLT;00093301003;publish;"Engine: 12V4000M70
Part Number: 00093301003
Designation: HEX BOLT
Measurement: 
Weight: 23,900 g
Source Page: 113
BOM: X00030241
Substitution Status: 
New Part Number: 
Superseded List: ";HEX BOLT;;12VM70-81;12V4000M70, importar;simple;https://milu-naval.mystagingwebsite.com/wp-content/uploads/2026/01/sin_imagen.jpeg;12V4000M70;113;475;X00030241;HEX BOLT;;23,900 g;;;;ok;importar;import_new;cumple condiciones para articulo nuevo | PN y designation_final validos, sin conflictos criticos;import_new;cumple condiciones para articulo nuevo | PN y designation_final validos, sin conflictos criticos;engine_12V4000M70.json;1900547;113;00093301003;HEX BOLT;;23,900 g;;;;;ok;importar;yes
73508001820;VALVE CHECK 0;73508001820;publish;"Engine: 12V4000M70
Part Number: 73508001820
Designation: VALVE CHECK 0
Measurement: 
Weight: 291,400 g
Source Page: 113
BOM: X00030241
Substitution Status: 
New Part Number: 
Superseded List: ";VALVE CHECK 0;;12VM70-81;12V4000M70, importar;simple;https://milu-naval.mystagingwebsite.com/wp-content/uploads/2026/01/sin_imagen.jpeg;12V4000M70;113;550;X00030241;VALVE CHECK 0;;291,400 g;;;;ok;importar;import_new;cumple condiciones para articulo nuevo | PN y designation_final validos, sin conflictos criticos;import_new;cumple condiciones para articulo nuevo | PN y designation_final validos, sin conflictos criticos;engine_12V4000M70.json;1900549;113;73508001820;VALVE CHECK 0;;291,400 g;;;;;ok;importar;yes
00093301205;BOLT HEX;00093301205;publish;"Engine: 12V4000M70
Part Number: 00093301205
Designation: BOLT HEX
Measurement: 
Weight: 57,000 g
Source Page: 113
BOM: X00030241
Substitution Status: 
New Part Number: 
Superseded List: ";BOLT HEX;;12VM70-81;12V4000M70, importar;simple;https://milu-naval.mystagingwebsite.com/wp-content/uploads/2026/01/sin_imagen.jpeg;12V4000M70;113;650;X00030241;BOLT HEX;;57,000 g;;;;ok;importar;import_new;cumple condiciones para articulo nuevo | PN y designation_final validos, sin conflictos criticos;import_new;cumple condiciones para articulo nuevo | PN y designation_final validos, sin conflictos criticos;engine_12V4000M70.json;1900551;113;00093301205;BOLT HEX;;57,000 g;;;;;ok;importar;yes
73515101210;SPACER S2000/;73515101210;publish;"Engine: 12V4000M70
Part Number: 73515101210
Designation: SPACER S2000/
Measurement: 
Weight: 20,000 g
Source Page: 113
BOM: X00030241
Substitution Status: 
New Part Number: 
Superseded List: ";SPACER S2000/;;12VM70-81;12V4000M70, importar;simple;https://milu-naval.mystagingwebsite.com/wp-content/uploads/2026/01/sin_imagen.jpeg;12V4000M70;113;675;X00030241;SPACER S2000/;;20,000 g;;;;ok;importar;import_new;cumple condiciones para articulo nuevo | PN y designation_final validos, sin conflictos criticos;import_new;cumple condiciones para articulo nuevo | PN y designation_final validos, sin conflictos criticos;engine_12V4000M70.json;1900552;113;73515101210;SPACER S2000/;;20,000 g;;;;;ok;importar;yes
70032502210;CLAMP HALF TU;70032502210;publish;"Engine: 12V4000M70
Part Number: 70032502210
Designation: CLAMP HALF TU
Measurement: 
Weight: 69,100 g
Source Page: 113
BOM: X00030241
Substitution Status: 
New Part Number: 
Superseded List: ";CLAMP HALF TU;;12VM70-81;12V4000M70, importar;simple;https://milu-naval.mystagingwebsite.com/wp-content/uploads/2026/01/sin_imagen.jpeg;12V4000M70;113;700;X00030241;CLAMP HALF TU;;69,100 g;;;;ok;importar;import_new;cumple condiciones para articulo nuevo | PN y designation_final validos, sin conflictos criticos;import_new;cumple condiciones para articulo nuevo | PN y designation_final validos, sin conflictos criticos;engine_12V4000M70.json;1900553;113;70032502210;CLAMP HALF TU;;69,100 g;;;;;ok;importar;yes
70032701800;GROMMET;70032701800;publish;"Engine: 12V4000M70
Part Number: 70032701800
Designation: GROMMET
Measurement: 
Weight: 4,800 g
Source Page: 113
BOM: X00030241
Substitution Status: 
New Part Number: 
Superseded List: ";GROMMET;;12VM70-81;12V4000M70, importar;simple;https://milu-naval.mystagingwebsite.com/wp-content/uploads/2026/01/sin_imagen.jpeg;12V4000M70;113;725;X00030241;GROMMET;;4,800 g;;;;ok;importar;import_new;cumple condiciones para articulo nuevo | PN y designation_final validos, sin conflictos criticos;import_new;cumple condiciones para articulo nuevo | PN y designation_final validos, sin conflictos criticos;engine_12V4000M70.json;1900554;113;70032701800;GROMMET;;4,800 g;;;;;ok;importar;yes
00734900800;WASHER;00734900800;publish;"Engine: 12V4000M70
Part Number: 00734900800
Designation: WASHER
Measurement: 
Weight: 8,300 g
Source Page: 113
BOM: X00030241
Substitution Status: 
New Part Number: 
Superseded List: ";WASHER;;12VM70-81;12V4000M70, importar;simple;https://milu-naval.mystagingwebsite.com/wp-content/uploads/2026/01/sin_imagen.jpeg;12V4000M70;113;775;X00030241;WASHER;;8,300 g;;;;ok;importar;import_new;cumple condiciones para articulo nuevo | PN y designation_final validos, sin conflictos criticos;import_new;cumple condiciones para articulo nuevo | PN y designation_final validos, sin conflictos criticos;engine_12V4000M70.json;1900559;113;00734900800;WASHER;;8,300 g;;;;;ok;importar;yes
30403200801;NUT HEX 8 A3C;30403200801;publish;"Engine: 12V4000M70
Part Number: 30403200801
Designation: NUT HEX 8 A3C
Measurement: 
Weight: 4,800 g
Source Page: 113
BOM: X00030241
Substitution Status: 
New Part Number: 
Superseded List: ";NUT HEX 8 A3C;;12VM70-81;12V4000M70, importar;simple;https://milu-naval.mystagingwebsite.com/wp-content/uploads/2026/01/sin_imagen.jpeg;12V4000M70;113;800;X00030241;NUT HEX 8 A3C;;4,800 g;;;;ok;importar;import_new;cumple condiciones para articulo nuevo | PN y designation_final validos, sin conflictos criticos;import_new;cumple condiciones para articulo nuevo | PN y designation_final validos, sin conflictos criticos;engine_12V4000M70.json;1900560;113;30403200801;NUT HEX 8 A3C;;4,800 g;;;;;ok;importar;yes
X52408600003;FUEL LINE ON FUEL RETURN;x52408600003;publish;"Engine: 12V4000M70
Part Number: X52408600003
Designation: FUEL LINE ON FUEL RETURN
Measurement: 
Weight: 0.04 KGM
Source Page: 115
BOM: X00030241
Substitution Status: SI
New Part Number: X52408600003
Superseded List: 5240709632";FUEL LINE ON FUEL RETURN;;12VM70-81;12V4000M70, New, importar;simple;https://milu-naval.mystagingwebsite.com/wp-content/uploads/2026/01/sin_imagen.jpeg;12V4000M70;115;2800;X00030241;FUEL LINE ON FUEL RETURN;;0.04 KGM;SI;X52408600003;5240709632;ok;importar;import_new;cumple condiciones para articulo nuevo;import_new;cumple condiciones para articulo nuevo;engine_12V4000M70.json;1900625;115;X52408600003;FUEL LINE ON FUEL RETURN;;0.04 KGM;SI;New;X52408600003;5240709632;ok;importar;yes
X00039852 X00012879;nan;x00039852-x00012879;publish;"Engine: 12V4000M70
Part Number: X00039852 X00012879
Designation: nan
Measurement: nan
Weight: nan
Source Page: 116
BOM: X00035409
Substitution Status: 
New Part Number: X00012879
Superseded List: X00012879";nan;;12VM70-81;12V4000M70, importar;simple;https://milu-naval.mystagingwebsite.com/wp-content/uploads/2026/01/sin_imagen.jpeg;12V4000M70;116;50 100;X00035409;nan;nan;nan;;X00012879;X00012879;ok;importar;import_new;cumple condiciones para articulo nuevo | PN y designation_final validos, sin conflictos criticos;import_new;cumple condiciones para articulo nuevo | PN y designation_final validos, sin conflictos criticos;engine_12V4000M70.json;1900667;116;X00039852 X00012879;nan;nan;nan;;;X00012879;X00012879;ok;importar;yes
0000911790;PUMP;0000911790;publish;"Engine: 12V4000M70
Part Number: 0000911790
Designation: PUMP
Measurement: nan
Weight: 1.388 KGM
Source Page: 117
BOM: 080.00024
Substitution Status: SI
New Part Number: 0000911790
Superseded List: 0000911090, 0001811298, 0001811398, 515B02701/1, 515B02702/1, 8720900050";PUMP;;12VM70-81;12V4000M70, New, importar;simple;https://milu-naval.mystagingwebsite.com/wp-content/uploads/2026/01/sin_imagen.jpeg;12V4000M70;117;10;080.00024;PUMP;nan;1.388 KGM;SI;0000911790;0000911090, 0001811298, 0001811398, 515B02701/1, 515B02702/1, 8720900050;ok;importar;import_new;cumple condiciones para articulo nuevo;import_new;cumple condiciones para articulo nuevo;engine_12V4000M70.json;1900668;117;0000911790;PUMP;nan;1.388 KGM;SI;New;0000911790;0000911090, 0001811298, 0001811398, 515B02701/1, 515B02702/1, 8720900050;ok;importar;yes
915003016201;UNION BALL B2-18;915003016201;publish;"Engine: 12V4000M70
Part Number: 915003016201
Designation: UNION BALL B2-18
Measurement: B2 -18
Weight: 0.011 KGM
Source Page: 117
BOM: 080.00024
Substitution Status: 
New Part Number: 
Superseded List: ";UNION BALL B2-18;;12VM70-81;12V4000M70, importar;simple;https://milu-naval.mystagingwebsite.com/wp-content/uploads/2026/01/sin_imagen.jpeg;12V4000M70;117;20;080.00024;UNION BALL B2-18;B2 -18;0.011 KGM;;;;ok;importar;import_new;cumple condiciones para articulo nuevo | PN y designation_final validos, sin conflictos criticos;import_new;cumple condiciones para articulo nuevo | PN y designation_final validos, sin conflictos criticos;engine_12V4000M70.json;1900670;117;915003016201;UNION BALL B2-18;B2 -18;0.011 KGM;;;;;ok;importar;yes
Z=150500;HOUSING;z-150500;publish;"Engine: 12V4000M70
Part Number: Z=150500
Designation: HOUSING
Measurement: nan
Weight: 
Source Page: 118
BOM: 0000911790
Substitution Status: SI
New Part Number: Z=150500
Superseded List: Z=WP 100 TEIL 1";HOUSING;;12VM70-81;12V4000M70, New, importar;simple;https://milu-naval.mystagingwebsite.com/wp-content/uploads/2026/01/sin_imagen.jpeg;12V4000M70;118;10;0000911790;HOUSING;nan;;SI;Z=150500;Z=WP 100 TEIL 1;ok;importar;import_new;cumple condiciones para articulo nuevo;import_new;cumple condiciones para articulo nuevo;engine_12V4000M70.json;1900671;118;Z=150500;HOUSING;nan;;SI;New;Z=150500;Z=WP 100 TEIL 1;ok;importar;yes
Z=150501;HOUSING;z-150501;publish;"Engine: 12V4000M70
Part Number: Z=150501
Designation: HOUSING
Measurement: nan
Weight: 
Source Page: 118
BOM: 0000911790
Substitution Status: SI
New Part Number: Z=150501
Superseded List: Z=WP 100 TEIL 2";HOUSING;;12VM70-81;12V4000M70, New, importar;simple;https://milu-naval.mystagingwebsite.com/wp-content/uploads/2026/01/sin_imagen.jpeg;12V4000M70;118;15;0000911790;HOUSING;nan;;SI;Z=150501;Z=WP 100 TEIL 2;ok;importar;import_new;cumple condiciones para articulo nuevo;import_new;cumple condiciones para articulo nuevo;engine_12V4000M70.json;1900673;118;Z=150501;HOUSING;nan;;SI;New;Z=150501;Z=WP 100 TEIL 2;ok;importar;yes
8490910030;FLANGE;8490910030;publish;"Engine: 12V4000M70
Part Number: 8490910030
Designation: FLANGE
Measurement: nan
Weight: 0.13 KGM
Source Page: 118
BOM: 0000911790
Substitution Status: 
New Part Number: 
Superseded List: ";FLANGE;;12VM70-81;12V4000M70, importar;simple;https://milu-naval.mystagingwebsite.com/wp-content/uploads/2026/01/sin_imagen.jpeg;12V4000M70;118;20;0000911790;FLANGE;nan;0.13 KGM;;;;ok;importar;import_new;cumple condiciones para articulo nuevo | PN y designation_final validos, sin conflictos criticos;import_new;cumple condiciones para articulo nuevo | PN y designation_final validos, sin conflictos criticos;engine_12V4000M70.json;1900674;118;8490910030;FLANGE;nan;0.13 KGM;;;;;ok;importar;yes
8490910040;FLANGE;8490910040;publish;"Engine: 12V4000M70
Part Number: 8490910040
Designation: FLANGE
Measurement: nan
Weight: 0.117 KGM
Source Page: 118
BOM: 0000911790
Substitution Status: 
New Part Number: 
Superseded List: ";FLANGE;;12VM70-81;12V4000M70, importar;simple;https://milu-naval.mystagingwebsite.com/wp-content/uploads/2026/01/sin_imagen.jpeg;12V4000M70;118;25;0000911790;FLANGE;nan;0.117 KGM;;;;ok;importar;import_new;cumple condiciones para articulo nuevo | PN y designation_final validos, sin conflictos criticos;import_new;cumple condiciones para articulo nuevo | PN y designation_final validos, sin conflictos criticos;engine_12V4000M70.json;1900675;118;8490910040;FLANGE;nan;0.117 KGM;;;;;ok;importar;yes
8590910000;PLATE;8590910000;publish;"Engine: 12V4000M70
Part Number: 8590910000
Designation: PLATE
Measurement: nan
Weight: 0.043 KGM
Source Page: 118
BOM: 0000911790
Substitution Status: 
New Part Number: 
Superseded List: ";PLATE;;12VM70-81;12V4000M70, importar;simple;https://milu-naval.mystagingwebsite.com/wp-content/uploads/2026/01/sin_imagen.jpeg;12V4000M70;118;30;0000911790;PLATE;nan;0.043 KGM;;;;ok;importar;import_new;cumple condiciones para articulo nuevo | PN y designation_final validos, sin conflictos criticos;import_new;cumple condiciones para articulo nuevo | PN y designation_final validos, sin conflictos criticos;engine_12V4000M70.json;1900676;118;8590910000;PLATE;nan;0.043 KGM;;;;;ok;importar;yes
8590910010;PLATE;8590910010;publish;"Engine: 12V4000M70
Part Number: 8590910010
Designation: PLATE
Measurement: nan
Weight: 0.024 KGM
Source Page: 118
BOM: 0000911790
Substitution Status: 
New Part Number: 
Superseded List: ";PLATE;;12VM70-81;12V4000M70, importar;simple;https://milu-naval.mystagingwebsite.com/wp-content/uploads/2026/01/sin_imagen.jpeg;12V4000M70;118;35;0000911790;PLATE;nan;0.024 KGM;;;;ok;importar;import_new;cumple condiciones para articulo nuevo | PN y designation_final validos, sin conflictos criticos;import_new;cumple condiciones para articulo nuevo | PN y designation_final validos, sin conflictos criticos;engine_12V4000M70.json;1900677;118;8590910010;PLATE;nan;0.024 KGM;;;;;ok;importar;yes
Z=150520;PIN;z-150520;publish;"Engine: 12V4000M70
Part Number: Z=150520
Designation: PIN
Measurement: nan
Weight: 75,000 g
Source Page: 118
BOM: 0000911790
Substitution Status: SI
New Part Number: Z=150520
Superseded List: Z=18 X 56";PIN;;12VM70-81;12V4000M70, New, importar;simple;https://milu-naval.mystagingwebsite.com/wp-content/uploads/2026/01/sin_imagen.jpeg;12V4000M70;118;40;0000911790;PIN;nan;75,000 g;SI;Z=150520;Z=18 X 56;ok;importar;import_new;cumple condiciones para articulo nuevo;import_new;cumple condiciones para articulo nuevo;engine_12V4000M70.json;1900678;118;Z=150520;PIN;nan;75,000 g;SI;New;Z=150520;Z=18 X 56;ok;importar;yes
Z=150519;LEVER;z-150519;publish;"Engine: 12V4000M70
Part Number: Z=150519
Designation: LEVER
Measurement: nan
Weight: 1,000 g
Source Page: 118
BOM: 0000911790
Substitution Status: SI
New Part Number: Z=150519
Superseded List: Z=16 X 18 X 205";LEVER;;12VM70-81;12V4000M70, New, importar;simple;https://milu-naval.mystagingwebsite.com/wp-content/uploads/2026/01/sin_imagen.jpeg;12V4000M70;118;45;0000911790;LEVER;nan;1,000 g;SI;Z=150519;Z=16 X 18 X 205;ok;importar;import_new;cumple condiciones para articulo nuevo;import_new;cumple condiciones para articulo nuevo;engine_12V4000M70.json;1900679;118;Z=150519;LEVER;nan;1,000 g;SI;New;Z=150519;Z=16 X 18 X 205;ok;importar;yes
Z=WP 100 TEIL 9;PIN;z-wp-100-teil-9;publish;"Engine: 12V4000M70
Part Number: Z=WP 100 TEIL 9
Designation: PIN
Measurement: 6 X 28
Weight: 0.004 KGM
Source Page: 118
BOM: 0000911790
Substitution Status: 
New Part Number: 
Superseded List: ";PIN;;12VM70-81;12V4000M70, importar;simple;https://milu-naval.mystagingwebsite.com/wp-content/uploads/2026/01/sin_imagen.jpeg;12V4000M70;118;50;0000911790;PIN;6 X 28;0.004 KGM;;;;ok;importar;import_new;cumple condiciones para articulo nuevo | PN y designation_final validos, sin conflictos criticos;import_new;cumple condiciones para articulo nuevo | PN y designation_final validos, sin conflictos criticos;engine_12V4000M70.json;1900680;118;Z=WP 100 TEIL 9;PIN;6 X 28;0.004 KGM;;;;;ok;importar;yes
Z=WP 100 TEIL 10;PIN;z-wp-100-teil-10;publish;"Engine: 12V4000M70
Part Number: Z=WP 100 TEIL 10
Designation: PIN
Measurement: nan
Weight: 
Source Page: 118
BOM: 0000911790
Substitution Status: 
New Part Number: 
Superseded List: ";PIN;;12VM70-81;12V4000M70, importar;simple;https://milu-naval.mystagingwebsite.com/wp-content/uploads/2026/01/sin_imagen.jpeg;12V4000M70;118;55;0000911790;PIN;nan;;;;;ok;importar;import_new;cumple condiciones para articulo nuevo | PN y designation_final validos, sin conflictos criticos;import_new;cumple condiciones para articulo nuevo | PN y designation_final validos, sin conflictos criticos;engine_12V4000M70.json;1900681;118;Z=WP 100 TEIL 10;PIN;nan;;;;;;ok;importar;yes
0000911128;DIAPHRAGM;0000911128;publish;"Engine: 12V4000M70
Part Number: 0000911128
Designation: DIAPHRAGM
Measurement: nan
Weight: 0.011 KGM
Source Page: 118
BOM: 0000911790
Substitution Status: SI
New Part Number: 0000911128
Superseded List: 8590910020";DIAPHRAGM;;12VM70-81;12V4000M70, New, importar;simple;https://milu-naval.mystagingwebsite.com/wp-content/uploads/2026/01/sin_imagen.jpeg;12V4000M70;118;60;0000911790;DIAPHRAGM;nan;0.011 KGM;SI;0000911128;8590910020;ok;importar;import_new;cumple condiciones para articulo nuevo;import_new;cumple condiciones para articulo nuevo;engine_12V4000M70.json;1900682;118;0000911128;DIAPHRAGM;nan;0.011 KGM;SI;New;0000911128;8590910020;ok;importar;yes
5800780180;GASKET;5800780180;publish;"Engine: 12V4000M70
Part Number: 5800780180
Designation: GASKET
Measurement: nan
Weight: 0.006 KGM
Source Page: 118
BOM: 0000911790
Substitution Status: SI
New Part Number: 5800780180
Superseded List: 5800780080";GASKET;;12VM70-81;12V4000M70, New, importar;simple;https://milu-naval.mystagingwebsite.com/wp-content/uploads/2026/01/sin_imagen.jpeg;12V4000M70;118;65;0000911790;GASKET;nan;0.006 KGM;SI;5800780180;5800780080;ok;importar;import_new;cumple condiciones para articulo nuevo;import_new;cumple condiciones para articulo nuevo;engine_12V4000M70.json;1900683;118;5800780180;GASKET;nan;0.006 KGM;SI;New;5800780180;5800780080;ok;importar;yes
8590910040;BALL;8590910040;publish;"Engine: 12V4000M70
Part Number: 8590910040
Designation: BALL
Measurement: nan
Weight: 0.005 KGM
Source Page: 118
BOM: 0000911790
Substitution Status: 
New Part Number: 
Superseded List: ";BALL;;12VM70-81;12V4000M70, importar;simple;https://milu-naval.mystagingwebsite.com/wp-content/uploads/2026/01/sin_imagen.jpeg;12V4000M70;118;70;0000911790;BALL;nan;0.005 KGM;;;;ok;importar;import_new;cumple condiciones para articulo nuevo | PN y designation_final validos, sin conflictos criticos;import_new;cumple condiciones para articulo nuevo | PN y designation_final validos, sin conflictos criticos;engine_12V4000M70.json;1900684;118;8590910040;BALL;nan;0.005 KGM;;;;;ok;importar;yes
8490910100;GASKET;8490910100;publish;"Engine: 12V4000M70
Part Number: 8490910100
Designation: GASKET
Measurement: 25 X 38 X 2.0
Weight: 0.001 KGM
Source Page: 118
BOM: 0000911790
Substitution Status: SI
New Part Number: 8490910100
Superseded List: 8590910030";GASKET;;12VM70-81;12V4000M70, New, importar;simple;https://milu-naval.mystagingwebsite.com/wp-content/uploads/2026/01/sin_imagen.jpeg;12V4000M70;118;75;0000911790;GASKET;25 X 38 X 2.0;0.001 KGM;SI;8490910100;8590910030;ok;importar;import_new;cumple condiciones para articulo nuevo;import_new;cumple condiciones para articulo nuevo;engine_12V4000M70.json;1900685;118;8490910100;GASKET;25 X 38 X 2.0;0.001 KGM;SI;New;8490910100;8590910030;ok;importar;yes
000319032302;BALL KNOB;000319032302;publish;"Engine: 12V4000M70
Part Number: 000319032302
Designation: BALL KNOB
Measurement: C 32
Weight: 0.021 KGM
Source Page: 118
BOM: 0000911790
Substitution Status: 
New Part Number: 
Superseded List: ";BALL KNOB;;12VM70-81;12V4000M70, importar;simple;https://milu-naval.mystagingwebsite.com/wp-content/uploads/2026/01/sin_imagen.jpeg;12V4000M70;118;80;0000911790;BALL KNOB;C 32;0.021 KGM;;;;ok;importar;import_new;cumple condiciones para articulo nuevo | PN y designation_final validos, sin conflictos criticos;import_new;cumple condiciones para articulo nuevo | PN y designation_final validos, sin conflictos criticos;engine_12V4000M70.json;1900686;118;000319032302;BALL KNOB;C 32;0.021 KGM;;;;;ok;importar;yes
Z=400608;SCREW;z-400608;publish;"Engine: 12V4000M70
Part Number: Z=400608
Designation: SCREW
Measurement: nan
Weight: 
Source Page: 118
BOM: 0000911790
Substitution Status: SI
New Part Number: Z=400608
Superseded List: Z=WP 100 TEIL 16";SCREW;;12VM70-81;12V4000M70, New, importar;simple;https://milu-naval.mystagingwebsite.com/wp-content/uploads/2026/01/sin_imagen.jpeg;12V4000M70;118;90;0000911790;SCREW;nan;;SI;Z=400608;Z=WP 100 TEIL 16;ok;importar;import_new;cumple condiciones para articulo nuevo;import_new;cumple condiciones para articulo nuevo;engine_12V4000M70.json;1900688;118;Z=400608;SCREW;nan;;SI;New;Z=400608;Z=WP 100 TEIL 16;ok;importar;yes
8690920043;BOLT S2000/S4000;8690920043;publish;"Engine: 12V4000M70
Part Number: 8690920043
Designation: BOLT S2000/S4000
Measurement: 
Weight: 0.006 KGM
Source Page: 121
BOM: 0010928801
Substitution Status: SI
New Part Number: 8690920043
Superseded List: Z=30408";BOLT S2000/S4000;;12VM70-81;12V4000M70, New, importar;simple;https://milu-naval.mystagingwebsite.com/wp-content/uploads/2026/01/sin_imagen.jpeg;12V4000M70;121;10;0010928801;BOLT S2000/S4000;;0.006 KGM;SI;8690920043;Z=30408;ok;importar;import_new;cumple condiciones para articulo nuevo;import_new;cumple condiciones para articulo nuevo;engine_12V4000M70.json;1900690;121;8690920043;BOLT S2000/S4000;;0.006 KGM;SI;New;8690920043;Z=30408;ok;importar;yes
Z=30467;BALL COCK;z-30467;publish;"Engine: 12V4000M70
Part Number: Z=30467
Designation: BALL COCK
Measurement: 
Weight: 7.829 KGM
Source Page: 121
BOM: 0010928801
Substitution Status: SI
New Part Number: Z=30467
Superseded List: 30467";BALL COCK;;12VM70-81;12V4000M70, New, importar;simple;https://milu-naval.mystagingwebsite.com/wp-content/uploads/2026/01/sin_imagen.jpeg;12V4000M70;121;105;0010928801;BALL COCK;;7.829 KGM;SI;Z=30467;30467;ok;importar;import_new;cumple condiciones para articulo nuevo;import_new;cumple condiciones para articulo nuevo;engine_12V4000M70.json;1900692;121;Z=30467;BALL COCK;;7.829 KGM;SI;New;Z=30467;30467;ok;importar;yes
Z=30468;UNION;z-30468;publish;"Engine: 12V4000M70
Part Number: Z=30468
Designation: UNION
Measurement: 
Weight: 0.001 KGM
Source Page: 121
BOM: 0010928801
Substitution Status: 
New Part Number: 
Superseded List: ";UNION;;12VM70-81;12V4000M70, importar;simple;https://milu-naval.mystagingwebsite.com/wp-content/uploads/2026/01/sin_imagen.jpeg;12V4000M70;121;110;0010928801;UNION;;0.001 KGM;;;;ok;importar;import_new;cumple condiciones para articulo nuevo | PN y designation_final validos, sin conflictos criticos;import_new;cumple condiciones para articulo nuevo | PN y designation_final validos, sin conflictos criticos;engine_12V4000M70.json;1900693;121;Z=30468;UNION;;0.001 KGM;;;;;ok;importar;yes
Z=30178;NUT;z-30178;publish;"Engine: 12V4000M70
Part Number: Z=30178
Designation: NUT
Measurement: 
Weight: 
Source Page: 121
BOM: 0010928801
Substitution Status: 
New Part Number: 
Superseded List: ";NUT;;12VM70-81;12V4000M70, importar;simple;https://milu-naval.mystagingwebsite.com/wp-content/uploads/2026/01/sin_imagen.jpeg;12V4000M70;121;125;0010928801;NUT;;;;;;ok;importar;import_new;cumple condiciones para articulo nuevo | PN y designation_final validos, sin conflictos criticos;import_new;cumple condiciones para articulo nuevo | PN y designation_final validos, sin conflictos criticos;engine_12V4000M70.json;1900696;121;Z=30178;NUT;;;;;;;ok;importar;yes
Z=30404;SCREW;z-30404;publish;"Engine: 12V4000M70
Part Number: Z=30404
Designation: SCREW
Measurement: M8 X 40
Weight: 0.001 KGM
Source Page: 121
BOM: 0010928801
Substitution Status: 
New Part Number: 
Superseded List: ";SCREW;;12VM70-81;12V4000M70, importar;simple;https://milu-naval.mystagingwebsite.com/wp-content/uploads/2026/01/sin_imagen.jpeg;12V4000M70;121;15;0010928801;SCREW;M8 X 40;0.001 KGM;;;;ok;importar;import_new;cumple condiciones para articulo nuevo | PN y designation_final validos, sin conflictos criticos;import_new;cumple condiciones para articulo nuevo | PN y designation_final validos, sin conflictos criticos;engine_12V4000M70.json;1900697;121;Z=30404;SCREW;M8 X 40;0.001 KGM;;;;;ok;importar;yes
8690920046;COVER;8690920046;publish;"Engine: 12V4000M70
Part Number: 8690920046
Designation: COVER
Measurement: 
Weight: 1.497 KGM
Source Page: 121
BOM: 0010928801
Substitution Status: SI
New Part Number: 8690920046
Superseded List: Z=30435";COVER;;12VM70-81;12V4000M70, New, importar;simple;https://milu-naval.mystagingwebsite.com/wp-content/uploads/2026/01/sin_imagen.jpeg;12V4000M70;121;20;0010928801;COVER;;1.497 KGM;SI;8690920046;Z=30435;ok;importar;import_new;cumple condiciones para articulo nuevo;import_new;cumple condiciones para articulo nuevo;engine_12V4000M70.json;1900698;121;8690920046;COVER;;1.497 KGM;SI;New;8690920046;Z=30435;ok;importar;yes
8699930053;SPRING TENSION;8699930053;publish;"Engine: 12V4000M70
Part Number: 8699930053
Designation: SPRING TENSION
Measurement: 
Weight: 5,900 g
Source Page: 121
BOM: 0010928801
Substitution Status: 
New Part Number: 
Superseded List: ";SPRING TENSION;;12VM70-81;12V4000M70, importar;simple;https://milu-naval.mystagingwebsite.com/wp-content/uploads/2026/01/sin_imagen.jpeg;12V4000M70;121;25;0010928801;SPRING TENSION;;5,900 g;;;;ok;importar;import_new;cumple condiciones para articulo nuevo | PN y designation_final validos, sin conflictos criticos;import_new;cumple condiciones para articulo nuevo | PN y designation_final validos, sin conflictos criticos;engine_12V4000M70.json;1900699;121;8699930053;SPRING TENSION;;5,900 g;;;;;ok;importar;yes
8690920040;SPRING CARTRIDGE;8690920040;publish;"Engine: 12V4000M70
Part Number: 8690920040
Designation: SPRING CARTRIDGE
Measurement: 
Weight: 0.175 KGM
Source Page: 121
BOM: 0010928801
Substitution Status: 
New Part Number: 
Superseded List: ";SPRING CARTRIDGE;;12VM70-81;12V4000M70, importar;simple;https://milu-naval.mystagingwebsite.com/wp-content/uploads/2026/01/sin_imagen.jpeg;12V4000M70;121;30;0010928801;SPRING CARTRIDGE;;0.175 KGM;;;;ok;importar;import_new;cumple condiciones para articulo nuevo | PN y designation_final validos, sin conflictos criticos;import_new;cumple condiciones para articulo nuevo | PN y designation_final validos, sin conflictos criticos;engine_12V4000M70.json;1900700;121;8690920040;SPRING CARTRIDGE;;0.175 KGM;;;;;ok;importar;yes
0000925105;FILTER ELEMENT;0000925105;publish;"Engine: 12V4000M70
Part Number: 0000925105
Designation: FILTER ELEMENT
Measurement: 30 MY
Weight: 0.277 KGM
Source Page: 121
BOM: 0010928801
Substitution Status: SI
New Part Number: 0000925105
Superseded List: 04030";FILTER ELEMENT;;12VM70-81;12V4000M70, New, importar;simple;https://milu-naval.mystagingwebsite.com/wp-content/uploads/2026/01/sin_imagen.jpeg;12V4000M70;121;35;0010928801;FILTER ELEMENT;30 MY;0.277 KGM;SI;0000925105;04030;ok;importar;import_new;cumple condiciones para articulo nuevo;import_new;cumple condiciones para articulo nuevo;engine_12V4000M70.json;1900701;121;0000925105;FILTER ELEMENT;30 MY;0.277 KGM;SI;New;0000925105;04030;ok;importar;yes
Z=30434;HOUSING;z-30434;publish;"Engine: 12V4000M70
Part Number: Z=30434
Designation: HOUSING
Measurement: 
Weight: 3,000 g
Source Page: 121
BOM: 0010928801
Substitution Status: 
New Part Number: 
Superseded List: ";HOUSING;;12VM70-81;12V4000M70, importar;simple;https://milu-naval.mystagingwebsite.com/wp-content/uploads/2026/01/sin_imagen.jpeg;12V4000M70;121;40;0010928801;HOUSING;;3,000 g;;;;ok;importar;import_new;cumple condiciones para articulo nuevo | PN y designation_final validos, sin conflictos criticos;import_new;cumple condiciones para articulo nuevo | PN y designation_final validos, sin conflictos criticos;engine_12V4000M70.json;1900702;121;Z=30434;HOUSING;;3,000 g;;;;;ok;importar;yes
Z=30446;RETAINER;z-30446;publish;"Engine: 12V4000M70
Part Number: Z=30446
Designation: RETAINER
Measurement: 
Weight: 2,995 g
Source Page: 121
BOM: 0010928801
Substitution Status: 
New Part Number: 
Superseded List: ";RETAINER;;12VM70-81;12V4000M70, importar;simple;https://milu-naval.mystagingwebsite.com/wp-content/uploads/2026/01/sin_imagen.jpeg;12V4000M70;121;45;0010928801;RETAINER;;2,995 g;;;;ok;importar;import_new;cumple condiciones para articulo nuevo | PN y designation_final validos, sin conflictos criticos;import_new;cumple condiciones para articulo nuevo | PN y designation_final validos, sin conflictos criticos;engine_12V4000M70.json;1900703;121;Z=30446;RETAINER;;2,995 g;;;;;ok;importar;yes
8695860572;GASKET KIT;8695860572;publish;"Engine: 12V4000M70
Part Number: 8695860572
Designation: GASKET KIT
Measurement: 
Weight: 0.061 KGM
Source Page: 121
BOM: 0010928801
Substitution Status: 
New Part Number: 
Superseded List: ";GASKET KIT;;12VM70-81;12V4000M70, importar;simple;https://milu-naval.mystagingwebsite.com/wp-content/uploads/2026/01/8695860572.jpeg;12V4000M70;121;5;0010928801;GASKET KIT;;0.061 KGM;;;;ok;importar;import_new;cumple condiciones para articulo nuevo | PN y designation_final validos, sin conflictos criticos;import_new;cumple condiciones para articulo nuevo | PN y designation_final validos, sin conflictos criticos;engine_12V4000M70.json;1900704;121;8695860572;GASKET KIT;;0.061 KGM;;;;;ok;importar;yes
Z=30438;CENTRIFUGE;z-30438;publish;"Engine: 12V4000M70
Part Number: Z=30438
Designation: CENTRIFUGE
Measurement: 
Weight: 0.705 KGM
Source Page: 121
BOM: 0010928801
Substitution Status: 
New Part Number: 
Superseded List: ";CENTRIFUGE;;12VM70-81;12V4000M70, importar;simple;https://milu-naval.mystagingwebsite.com/wp-content/uploads/2026/01/sin_imagen.jpeg;12V4000M70;121;50;0010928801;CENTRIFUGE;;0.705 KGM;;;;ok;importar;import_new;cumple condiciones para articulo nuevo | PN y designation_final validos, sin conflictos criticos;import_new;cumple condiciones para articulo nuevo | PN y designation_final validos, sin conflictos criticos;engine_12V4000M70.json;1900705;121;Z=30438;CENTRIFUGE;;0.705 KGM;;;;;ok;importar;yes
Z=30445;PLUG;z-30445;publish;"Engine: 12V4000M70
Part Number: Z=30445
Designation: PLUG
Measurement: 
Weight: 
Source Page: 121
BOM: 0010928801
Substitution Status: 
New Part Number: 
Superseded List: ";PLUG;;12VM70-81;12V4000M70, importar;simple;https://milu-naval.mystagingwebsite.com/wp-content/uploads/2026/01/sin_imagen.jpeg;12V4000M70;121;60;0010928801;PLUG;;;;;;ok;importar;import_new;cumple condiciones para articulo nuevo | PN y designation_final validos, sin conflictos criticos;import_new;cumple condiciones para articulo nuevo | PN y designation_final validos, sin conflictos criticos;engine_12V4000M70.json;1900707;121;Z=30445;PLUG;;;;;;;ok;importar;yes
8690920037;COLLECTING TROUGH;8690920037;publish;"Engine: 12V4000M70
Part Number: 8690920037
Designation: COLLECTING TROUGH
Measurement: MIT GEW. ANSCHL.FUER SONDE
Weight: 2 KGM
Source Page: 121
BOM: 0010928801
Substitution Status: 
New Part Number: 
Superseded List: ";COLLECTING TROUGH;;12VM70-81;12V4000M70, importar;simple;https://milu-naval.mystagingwebsite.com/wp-content/uploads/2026/01/sin_imagen.jpeg;12V4000M70;121;65;0010928801;COLLECTING TROUGH;MIT GEW. ANSCHL.FUER SONDE;2 KGM;;;;ok;importar;import_new;cumple condiciones para articulo nuevo | PN y designation_final validos, sin conflictos criticos;import_new;cumple condiciones para articulo nuevo | PN y designation_final validos, sin conflictos criticos;engine_12V4000M70.json;1900708;121;8690920037;COLLECTING TROUGH;MIT GEW. ANSCHL.FUER SONDE;2 KGM;;;;;ok;importar;yes
8690920038;COCK;8690920038;publish;"Engine: 12V4000M70
Part Number: 8690920038
Designation: COCK
Measurement: 
Weight: 0.176 KGM
Source Page: 121
BOM: 0010928801
Substitution Status: SI
New Part Number: 8690920038
Superseded List: Z=30456";COCK;;12VM70-81;12V4000M70, New, importar;simple;https://milu-naval.mystagingwebsite.com/wp-content/uploads/2026/01/sin_imagen.jpeg;12V4000M70;121;85;0010928801;COCK;;0.176 KGM;SI;8690920038;Z=30456;ok;importar;import_new;cumple condiciones para articulo nuevo;import_new;cumple condiciones para articulo nuevo;engine_12V4000M70.json;1900712;121;8690920038;COCK;;0.176 KGM;SI;New;8690920038;Z=30456;ok;importar;yes
0005316785;CONNECTOR;0005316785;publish;"Engine: 12V4000M70
Part Number: 0005316785
Designation: CONNECTOR
Measurement: GR.10SL 3POL BUCHSE AWG16
Weight: 0.043 KGM
Source Page: 121
BOM: 0010928801
Substitution Status: SI
New Part Number: 0005316785
Superseded List: 0185452228, 8690920027";CONNECTOR;;12VM70-81;12V4000M70, New, importar;simple;https://milu-naval.mystagingwebsite.com/wp-content/uploads/2026/01/sin_imagen.jpeg;12V4000M70;121;90;0010928801;CONNECTOR;GR.10SL 3POL BUCHSE AWG16;0.043 KGM;SI;0005316785;0185452228, 8690920027;ok;importar;import_new;cumple condiciones para articulo nuevo;import_new;cumple condiciones para articulo nuevo;engine_12V4000M70.json;1900713;121;0005316785;CONNECTOR;GR.10SL 3POL BUCHSE AWG16;0.043 KGM;SI;New;0005316785;0185452228, 8690920027;ok;importar;yes
Z=30470;PLATE;z-30470;publish;"Engine: 12V4000M70
Part Number: Z=30470
Designation: PLATE
Measurement: nan
Weight: 4.162 KGM
Source Page: 122
BOM: 0010928801
Substitution Status: 
New Part Number: 
Superseded List: ";PLATE;;12VM70-81;12V4000M70, importar;simple;https://milu-naval.mystagingwebsite.com/wp-content/uploads/2026/01/sin_imagen.jpeg;12V4000M70;122;130;0010928801;PLATE;nan;4.162 KGM;;;;ok;importar;import_new;cumple condiciones para articulo nuevo | PN y designation_final validos, sin conflictos criticos;import_new;cumple condiciones para articulo nuevo | PN y designation_final validos, sin conflictos criticos;engine_12V4000M70.json;1900715;122;Z=30470;PLATE;nan;4.162 KGM;;;;;ok;importar;yes
8690920060;BELLCRANK;8690920060;publish;"Engine: 12V4000M70
Part Number: 8690920060
Designation: BELLCRANK
Measurement: nan
Weight: 0.409 KGM
Source Page: 122
BOM: 0010928801
Substitution Status: SI
New Part Number: 8690920060
Superseded List: Z=30493";BELLCRANK;;12VM70-81;12V4000M70, New, importar;simple;https://milu-naval.mystagingwebsite.com/wp-content/uploads/2026/01/sin_imagen.jpeg;12V4000M70;122;135;0010928801;BELLCRANK;nan;0.409 KGM;SI;8690920060;Z=30493;ok;importar;import_new;cumple condiciones para articulo nuevo;import_new;cumple condiciones para articulo nuevo;engine_12V4000M70.json;1900716;122;8690920060;BELLCRANK;nan;0.409 KGM;SI;New;8690920060;Z=30493;ok;importar;yes
Z=30340;UNION NUT;z-30340;publish;"Engine: 12V4000M70
Part Number: Z=30340
Designation: UNION NUT
Measurement: nan
Weight: 1,600 g
Source Page: 122
BOM: 0010928801
Substitution Status: 
New Part Number: 
Superseded List: ";UNION NUT;;12VM70-81;12V4000M70, importar;simple;https://milu-naval.mystagingwebsite.com/wp-content/uploads/2026/01/sin_imagen.jpeg;12V4000M70;122;140;0010928801;UNION NUT;nan;1,600 g;;;;ok;importar;import_new;cumple condiciones para articulo nuevo | PN y designation_final validos, sin conflictos criticos;import_new;cumple condiciones para articulo nuevo | PN y designation_final validos, sin conflictos criticos;engine_12V4000M70.json;1900717;122;Z=30340;UNION NUT;nan;1,600 g;;;;;ok;importar;yes
Z=30341;CUTTING RING;z-30341;publish;"Engine: 12V4000M70
Part Number: Z=30341
Designation: CUTTING RING
Measurement: nan
Weight: 
Source Page: 122
BOM: 0010928801
Substitution Status: 
New Part Number: 
Superseded List: ";CUTTING RING;;12VM70-81;12V4000M70, importar;simple;https://milu-naval.mystagingwebsite.com/wp-content/uploads/2026/01/sin_imagen.jpeg;12V4000M70;122;145;0010928801;CUTTING RING;nan;;;;;ok;importar;import_new;cumple condiciones para articulo nuevo | PN y designation_final validos, sin conflictos criticos;import_new;cumple condiciones para articulo nuevo | PN y designation_final validos, sin conflictos criticos;engine_12V4000M70.json;1900718;122;Z=30341;CUTTING RING;nan;;;;;;ok;importar;yes
8690920024;GAUGE VACUUM S2000/S4000;8690920024;publish;"Engine: 12V4000M70
Part Number: 8690920024
Designation: GAUGE VACUUM S2000/S4000
Measurement: nan
Weight: 0.25 KGM
Source Page: 122
BOM: 0010928801
Substitution Status: SI
New Part Number: 8690920024
Superseded List: 30650";GAUGE VACUUM S2000/S4000;;12VM70-81;12V4000M70, New, importar;simple;https://milu-naval.mystagingwebsite.com/wp-content/uploads/2026/01/sin_imagen.jpeg;12V4000M70;122;150;0010928801;GAUGE VACUUM S2000/S4000;nan;0.25 KGM;SI;8690920024;30650;ok;importar;import_new;cumple condiciones para articulo nuevo;import_new;cumple condiciones para articulo nuevo;engine_12V4000M70.json;1900719;122;8690920024;GAUGE VACUUM S2000/S4000;nan;0.25 KGM;SI;New;8690920024;30650;ok;importar;yes
Z=30368;BRACKET;z-30368;publish;"Engine: 12V4000M70
Part Number: Z=30368
Designation: BRACKET
Measurement: nan
Weight: 0.049 KGM
Source Page: 122
BOM: 0010928801
Substitution Status: 
New Part Number: 
Superseded List: ";BRACKET;;12VM70-81;12V4000M70, importar;simple;https://milu-naval.mystagingwebsite.com/wp-content/uploads/2026/01/sin_imagen.jpeg;12V4000M70;122;155;0010928801;BRACKET;nan;0.049 KGM;;;;ok;importar;import_new;cumple condiciones para articulo nuevo | PN y designation_final validos, sin conflictos criticos;import_new;cumple condiciones para articulo nuevo | PN y designation_final validos, sin conflictos criticos;engine_12V4000M70.json;1900720;122;Z=30368;BRACKET;nan;0.049 KGM;;;;;ok;importar;yes
Z=30383;SLEEVE;z-30383;publish;"Engine: 12V4000M70
Part Number: Z=30383
Designation: SLEEVE
Measurement: nan
Weight: 0.026 KGM
Source Page: 122
BOM: 0010928801
Substitution Status: 
New Part Number: 
Superseded List: ";SLEEVE;;12VM70-81;12V4000M70, importar;simple;https://milu-naval.mystagingwebsite.com/wp-content/uploads/2026/01/sin_imagen.jpeg;12V4000M70;122;160;0010928801;SLEEVE;nan;0.026 KGM;;;;ok;importar;import_new;cumple condiciones para articulo nuevo | PN y designation_final validos, sin conflictos criticos;import_new;cumple condiciones para articulo nuevo | PN y designation_final validos, sin conflictos criticos;engine_12V4000M70.json;1900721;122;Z=30383;SLEEVE;nan;0.026 KGM;;;;;ok;importar;yes
Z=30385;ADAPTER;z-30385;publish;"Engine: 12V4000M70
Part Number: Z=30385
Designation: ADAPTER
Measurement: nan
Weight: 0,530 kg
Source Page: 122
BOM: 0010928801
Substitution Status: 
New Part Number: 
Superseded List: ";ADAPTER;;12VM70-81;12V4000M70, importar;simple;https://milu-naval.mystagingwebsite.com/wp-content/uploads/2026/01/sin_imagen.jpeg;12V4000M70;122;165;0010928801;ADAPTER;nan;0,530 kg;;;;ok;importar;import_new;cumple condiciones para articulo nuevo | PN y designation_final validos, sin conflictos criticos;import_new;cumple condiciones para articulo nuevo | PN y designation_final validos, sin conflictos criticos;engine_12V4000M70.json;1900722;122;Z=30385;ADAPTER;nan;0,530 kg;;;;;ok;importar;yes
Z=30281;UNION NUT;z-30281;publish;"Engine: 12V4000M70
Part Number: Z=30281
Designation: UNION NUT
Measurement: nan
Weight: 0.001 KGM
Source Page: 122
BOM: 0010928801
Substitution Status: 
New Part Number: 
Superseded List: ";UNION NUT;;12VM70-81;12V4000M70, importar;simple;https://milu-naval.mystagingwebsite.com/wp-content/uploads/2026/01/sin_imagen.jpeg;12V4000M70;122;170;0010928801;UNION NUT;nan;0.001 KGM;;;;ok;importar;import_new;cumple condiciones para articulo nuevo | PN y designation_final validos, sin conflictos criticos;import_new;cumple condiciones para articulo nuevo | PN y designation_final validos, sin conflictos criticos;engine_12V4000M70.json;1900723;122;Z=30281;UNION NUT;nan;0.001 KGM;;;;;ok;importar;yes
Z=30280;SEALING CONE;z-30280;publish;"Engine: 12V4000M70
Part Number: Z=30280
Designation: SEALING CONE
Measurement: nan
Weight: 0.041 KGM
Source Page: 122
BOM: 0010928801
Substitution Status: 
New Part Number: 
Superseded List: ";SEALING CONE;;12VM70-81;12V4000M70, importar;simple;https://milu-naval.mystagingwebsite.com/wp-content/uploads/2026/01/sin_imagen.jpeg;12V4000M70;122;175;0010928801;SEALING CONE;nan;0.041 KGM;;;;ok;importar;import_new;cumple condiciones para articulo nuevo | PN y designation_final validos, sin conflictos criticos;import_new;cumple condiciones para articulo nuevo | PN y designation_final validos, sin conflictos criticos;engine_12V4000M70.json;1900724;122;Z=30280;SEALING CONE;nan;0.041 KGM;;;;;ok;importar;yes
8690920033;GASKET;8690920033;publish;"Engine: 12V4000M70
Part Number: 8690920033
Designation: GASKET
Measurement: 183 X 170 X 4
Weight: 0.019 KGM
Source Page: 123
BOM: 8695860572
Substitution Status: SI
New Part Number: 8690920033
Superseded List: Z=30442";GASKET;;12VM70-81;12V4000M70, New, importar;simple;https://milu-naval.mystagingwebsite.com/wp-content/uploads/2026/01/sin_imagen.jpeg;12V4000M70;123;10;8695860572;GASKET;183 X 170 X 4;0.019 KGM;SI;8690920033;Z=30442;ok;importar;import_new;cumple condiciones para articulo nuevo;import_new;cumple condiciones para articulo nuevo;engine_12V4000M70.json;1900725;123;8690920033;GASKET;183 X 170 X 4;0.019 KGM;SI;New;8690920033;Z=30442;ok;importar;yes
8690920039;GASKET;8690920039;publish;"Engine: 12V4000M70
Part Number: 8690920039
Designation: GASKET
Measurement: nan
Weight: 0.001 KGM
Source Page: 123
BOM: 8695860572
Substitution Status: SI
New Part Number: 8690920039
Superseded List: Z=30544";GASKET;;12VM70-81;12V4000M70, New, importar;simple;https://milu-naval.mystagingwebsite.com/wp-content/uploads/2026/01/sin_imagen.jpeg;12V4000M70;123;15;8695860572;GASKET;nan;0.001 KGM;SI;8690920039;Z=30544;ok;importar;import_new;cumple condiciones para articulo nuevo;import_new;cumple condiciones para articulo nuevo;engine_12V4000M70.json;1900726;123;8690920039;GASKET;nan;0.001 KGM;SI;New;8690920039;Z=30544;ok;importar;yes
8699970254;SEAL RING;8699970254;publish;"Engine: 12V4000M70
Part Number: 8699970254
Designation: SEAL RING
Measurement: 6,7 X 10 X 1
Weight: 0.001 KGM
Source Page: 123
BOM: 8695860572
Substitution Status: SI
New Part Number: 8699970254
Superseded List: Z=30558";SEAL RING;;12VM70-81;12V4000M70, New, importar;simple;https://milu-naval.mystagingwebsite.com/wp-content/uploads/2026/01/sin_imagen.jpeg;12V4000M70;123;20;8695860572;SEAL RING;6,7 X 10 X 1;0.001 KGM;SI;8699970254;Z=30558;ok;importar;import_new;cumple condiciones para articulo nuevo;import_new;cumple condiciones para articulo nuevo;engine_12V4000M70.json;1900727;123;8699970254;SEAL RING;6,7 X 10 X 1;0.001 KGM;SI;New;8699970254;Z=30558;ok;importar;yes
8690920032;GASKET;8690920032;publish;"Engine: 12V4000M70
Part Number: 8690920032
Designation: GASKET
Measurement: 202 X 188 X 6
Weight: 0.039 KGM
Source Page: 123
BOM: 8695860572
Substitution Status: SI
New Part Number: 8690920032
Superseded List: Z=30440";GASKET;;12VM70-81;12V4000M70, New, importar;simple;https://milu-naval.mystagingwebsite.com/wp-content/uploads/2026/01/sin_imagen.jpeg;12V4000M70;123;5;8695860572;GASKET;202 X 188 X 6;0.039 KGM;SI;8690920032;Z=30440;ok;importar;import_new;cumple condiciones para articulo nuevo;import_new;cumple condiciones para articulo nuevo;engine_12V4000M70.json;1900728;123;8690920032;GASKET;202 X 188 X 6;0.039 KGM;SI;New;8690920032;Z=30440;ok;importar;yes
X52610100032;RETAINER;x52610100032;publish;"Engine: 12V4000M70
Part Number: X52610100032
Designation: RETAINER
Measurement: 
Weight: 0.43 KGM
Source Page: 129
BOM: XS526100.00019
Substitution Status: 
New Part Number: 
Superseded List: ";RETAINER;;12VM70-100;12V4000M70, importar;simple;https://milu-naval.mystagingwebsite.com/wp-content/uploads/2026/01/sin_imagen.jpeg;12V4000M70;129;500;XS526100.00019;RETAINER;;0.43 KGM;;;;ok;importar;import_new;cumple condiciones para articulo nuevo | PN y designation_final validos, sin conflictos criticos;import_new;cumple condiciones para articulo nuevo | PN y designation_final validos, sin conflictos criticos;engine_12V4000M70.json;1900762;129;X52610100032;RETAINER;;0.43 KGM;;;;;ok;importar;yes
5110804420;TURBINE WHEEL;5110804420;publish;"Engine: 12V4000M70
Part Number: 5110804420
Designation: TURBINE WHEEL
Measurement: 
Weight: 3.85 KGM
Source Page: 130
BOM: X52610100073
Substitution Status: 
New Part Number: 
Superseded List: ";TURBINE WHEEL;;12VM70-100;12V4000M70, importar;simple;https://milu-naval.mystagingwebsite.com/wp-content/uploads/2026/01/5110804420.jpeg;12V4000M70;130;140;X52610100073;TURBINE WHEEL;;3.85 KGM;;;;ok;importar;import_new;cumple condiciones para articulo nuevo | PN y designation_final validos, sin conflictos criticos;import_new;cumple condiciones para articulo nuevo | PN y designation_final validos, sin conflictos criticos;engine_12V4000M70.json;1900772;130;5110804420;TURBINE WHEEL;;3.85 KGM;;;;;ok;importar;yes
5110215514;COMPRESSOR HOUSING;5110215514;publish;"Engine: 12V4000M70
Part Number: 5110215514
Designation: COMPRESSOR HOUSING
Measurement: 
Weight: 20.95 KGM
Source Page: 130
BOM: X52610100073
Substitution Status: SI
New Part Number: 5110215514
Superseded List: 5110214014, 5110214514";COMPRESSOR HOUSING;;12VM70-100;12V4000M70, New, importar;simple;https://milu-naval.mystagingwebsite.com/wp-content/uploads/2026/01/sin_imagen.jpeg;12V4000M70;130;250;X52610100073;COMPRESSOR HOUSING;;20.95 KGM;SI;5110215514;5110214014, 5110214514;ok;importar;import_new;cumple condiciones para articulo nuevo;import_new;cumple condiciones para articulo nuevo;engine_12V4000M70.json;1900782;130;5110215514;COMPRESSOR HOUSING;;20.95 KGM;SI;New;5110215514;5110214014, 5110214514;ok;importar;yes
X52610100030;CLAMP;x52610100030;publish;"Engine: 12V4000M70
Part Number: X52610100030
Designation: CLAMP
Measurement: 
Weight: 0.487 KGM
Source Page: 131
BOM: X52610100073
Substitution Status: 
New Part Number: 
Superseded List: ";CLAMP;;12VM70-100;12V4000M70, importar;simple;https://milu-naval.mystagingwebsite.com/wp-content/uploads/2026/01/sin_imagen.jpeg;12V4000M70;131;310;X52610100073;CLAMP;;0.487 KGM;;;;ok;importar;import_new;cumple condiciones para articulo nuevo | PN y designation_final validos, sin conflictos criticos;import_new;cumple condiciones para articulo nuevo | PN y designation_final validos, sin conflictos criticos;engine_12V4000M70.json;1900793;131;X52610100030;CLAMP;;0.487 KGM;;;;;ok;importar;yes
X52610100047;TURBINE HOUSING;x52610100047;publish;"Engine: 12V4000M70
Part Number: X52610100047
Designation: TURBINE HOUSING
Measurement: nan
Weight: 18.58 KGM
Source Page: 131
BOM: X52610100073
Substitution Status: SI
New Part Number: X52610100047
Superseded List: 5110813130";TURBINE HOUSING;;12VM70-100;12V4000M70, New, importar;simple;https://milu-naval.mystagingwebsite.com/wp-content/uploads/2026/01/sin_imagen.jpeg;12V4000M70;131;370;X52610100073;TURBINE HOUSING;nan;18.58 KGM;SI;X52610100047;5110813130;ok;importar;import_new;cumple condiciones para articulo nuevo;import_new;cumple condiciones para articulo nuevo;engine_12V4000M70.json;1900799;131;X52610100047;TURBINE HOUSING;nan;18.58 KGM;SI;New;X52610100047;5110813130;ok;importar;yes
5110250002;COMPRESSOR WHEEL;5110250002;publish;"Engine: 12V4000M70
Part Number: 5110250002
Designation: COMPRESSOR WHEEL
Measurement: nan
Weight: 1.28 KGM
Source Page: 131
BOM: X52610100073
Substitution Status: SI
New Part Number: 5110250002
Superseded List: 5110250402";COMPRESSOR WHEEL;;12VM70-100;12V4000M70, New, importar;simple;https://milu-naval.mystagingwebsite.com/wp-content/uploads/2026/01/sin_imagen.jpeg;12V4000M70;131;410;X52610100073;COMPRESSOR WHEEL;nan;1.28 KGM;SI;5110250002;5110250402;ok;importar;import_new;cumple condiciones para articulo nuevo;import_new;cumple condiciones para articulo nuevo;engine_12V4000M70.json;1900803;131;5110250002;COMPRESSOR WHEEL;nan;1.28 KGM;SI;New;5110250002;5110250402;ok;importar;yes
X52612600004;DIVERTER VALVE W/INSULATION;x52612600004;publish;"Engine: 12V4000M70
Part Number: X52612600004
Designation: DIVERTER VALVE W/INSULATION
Measurement: nan
Weight: 9.9 KGM
Source Page: 142
BOM: XS526120.00041
Substitution Status: 
New Part Number: 
Superseded List: ";DIVERTER VALVE W/INSULATION;;12VM70-120;12V4000M70, importar;simple;https://milu-naval.mystagingwebsite.com/wp-content/uploads/2026/01/sin_imagen.jpeg;12V4000M70;142;50;XS526120.00041;DIVERTER VALVE W/INSULATION;nan;9.9 KGM;;;;ok;importar;import_new;cumple condiciones para articulo nuevo | PN y designation_final validos, sin conflictos criticos;import_new;cumple condiciones para articulo nuevo | PN y designation_final validos, sin conflictos criticos;engine_12V4000M70.json;1900909;142;X52612600004;DIVERTER VALVE W/INSULATION;nan;9.9 KGM;;;;;ok;importar;yes
X52612500024;HEAT SHIELD;x52612500024;publish;"Engine: 12V4000M70
Part Number: X52612500024
Designation: HEAT SHIELD
Measurement: 
Weight: 0.475 KGM
Source Page: 165
BOM: XS526120.00034
Substitution Status: 
New Part Number: 
Superseded List: ";HEAT SHIELD;;12VM70-125;12V4000M70, importar;simple;https://milu-naval.mystagingwebsite.com/wp-content/uploads/2026/01/sin_imagen.jpeg;12V4000M70;165;1000;XS526120.00034;HEAT SHIELD;;0.475 KGM;;;;ok;importar;import_new;cumple condiciones para articulo nuevo | PN y designation_final validos, sin conflictos criticos;import_new;cumple condiciones para articulo nuevo | PN y designation_final validos, sin conflictos criticos;engine_12V4000M70.json;1901035;165;X52612500024;HEAT SHIELD;;0.475 KGM;;;;;ok;importar;yes
000000003001;HEX SCREW;000000003001;publish;"Engine: 12V4000M70
Part Number: 000000003001
Designation: HEX SCREW
Measurement: M 8 X 20
Weight: 0.012 KGM
Source Page: 165
BOM: XS526120.00034
Substitution Status: 
New Part Number: 
Superseded List: ";HEX SCREW;;12VM70-125;12V4000M70, importar;simple;https://milu-naval.mystagingwebsite.com/wp-content/uploads/2026/01/sin_imagen.jpeg;12V4000M70;165;1050;XS526120.00034;HEX SCREW;M 8 X 20;0.012 KGM;;;;ok;importar;import_new;cumple condiciones para articulo nuevo | PN y designation_final validos, sin conflictos criticos;import_new;cumple condiciones para articulo nuevo | PN y designation_final validos, sin conflictos criticos;engine_12V4000M70.json;1901036;165;000000003001;HEX SCREW;M 8 X 20;0.012 KGM;;;;;ok;importar;yes
000000003331;WASHER;000000003331;publish;"Engine: 12V4000M70
Part Number: 000000003331
Designation: WASHER
Measurement: 8,4
Weight: 0.008 KGM
Source Page: 165
BOM: XS526120.00034
Substitution Status: 
New Part Number: 
Superseded List: ";WASHER;;12VM70-125;12V4000M70, importar;simple;https://milu-naval.mystagingwebsite.com/wp-content/uploads/2026/01/sin_imagen.jpeg;12V4000M70;165;1100;XS526120.00034;WASHER;8,4;0.008 KGM;;;;ok;importar;import_new;cumple condiciones para articulo nuevo | PN y designation_final validos, sin conflictos criticos;import_new;cumple condiciones para articulo nuevo | PN y designation_final validos, sin conflictos criticos;engine_12V4000M70.json;1901037;165;000000003331;WASHER;8,4;0.008 KGM;;;;;ok;importar;yes
000000002870;HEX SCREW;000000002870;publish;"Engine: 12V4000M70
Part Number: 000000002870
Designation: HEX SCREW
Measurement: M 12 X 20
Weight: 0.03 KGM
Source Page: 165
BOM: XS526120.00034
Substitution Status: 
New Part Number: 
Superseded List: ";HEX SCREW;;12VM70-125;12V4000M70, importar;simple;https://milu-naval.mystagingwebsite.com/wp-content/uploads/2026/01/sin_imagen.jpeg;12V4000M70;165;1110;XS526120.00034;HEX SCREW;M 12 X 20;0.03 KGM;;;;ok;importar;import_new;cumple condiciones para articulo nuevo | PN y designation_final validos, sin conflictos criticos;import_new;cumple condiciones para articulo nuevo | PN y designation_final validos, sin conflictos criticos;engine_12V4000M70.json;1901038;165;000000002870;HEX SCREW;M 12 X 20;0.03 KGM;;;;;ok;importar;yes
000000002491;DISC;000000002491;publish;"Engine: 12V4000M70
Part Number: 000000002491
Designation: DISC
Measurement: 12
Weight: 0.006 KGM
Source Page: 165
BOM: XS526120.00034
Substitution Status: 
New Part Number: 
Superseded List: ";DISC;;12VM70-125;12V4000M70, importar;simple;https://milu-naval.mystagingwebsite.com/wp-content/uploads/2026/01/sin_imagen.jpeg;12V4000M70;165;1130;XS526120.00034;DISC;12;0.006 KGM;;;;ok;importar;import_new;cumple condiciones para articulo nuevo | PN y designation_final validos, sin conflictos criticos;import_new;cumple condiciones para articulo nuevo | PN y designation_final validos, sin conflictos criticos;engine_12V4000M70.json;1901039;165;000000002491;DISC;12;0.006 KGM;;;;;ok;importar;yes
X52611300013;INSULATION F/INTERCOOLER, RIGH;x52611300013;publish;"Engine: 12V4000M70
Part Number: X52611300013
Designation: INSULATION F/INTERCOOLER, RIGH
Measurement: 
Weight: 7.6 KGM
Source Page: 165
BOM: XS526120.00034
Substitution Status: 
New Part Number: 
Superseded List: ";INSULATION F/INTERCOOLER, RIGH;;12VM70-125;12V4000M70, importar;simple;https://milu-naval.mystagingwebsite.com/wp-content/uploads/2026/01/sin_imagen.jpeg;12V4000M70;165;1200;XS526120.00034;INSULATION F/INTERCOOLER, RIGH;;7.6 KGM;;;;ok;importar;import_new;cumple condiciones para articulo nuevo | PN y designation_final validos, sin conflictos criticos;import_new;cumple condiciones para articulo nuevo | PN y designation_final validos, sin conflictos criticos;engine_12V4000M70.json;1901040;165;X52611300013;INSULATION F/INTERCOOLER, RIGH;;7.6 KGM;;;;;ok;importar;yes
X52611300026;INSULATION;x52611300026;publish;"Engine: 12V4000M70
Part Number: X52611300026
Designation: INSULATION
Measurement: 
Weight: 1.42 KGM
Source Page: 165
BOM: XS526120.00034
Substitution Status: 
New Part Number: 
Superseded List: ";INSULATION;;12VM70-125;12V4000M70, importar;simple;https://milu-naval.mystagingwebsite.com/wp-content/uploads/2026/01/sin_imagen.jpeg;12V4000M70;165;1250;XS526120.00034;INSULATION;;1.42 KGM;;;;ok;importar;import_new;cumple condiciones para articulo nuevo | PN y designation_final validos, sin conflictos criticos;import_new;cumple condiciones para articulo nuevo | PN y designation_final validos, sin conflictos criticos;engine_12V4000M70.json;1901041;165;X52611300026;INSULATION;;1.42 KGM;;;;;ok;importar;yes
X52610100110;INSULATION;x52610100110;publish;"Engine: 12V4000M70
Part Number: X52610100110
Designation: INSULATION
Measurement: 
Weight: 1.372 KGM
Source Page: 165
BOM: XS526120.00034
Substitution Status: 
New Part Number: 
Superseded List: ";INSULATION;;12VM70-125;12V4000M70, importar;simple;https://milu-naval.mystagingwebsite.com/wp-content/uploads/2026/01/sin_imagen.jpeg;12V4000M70;165;1300;XS526120.00034;INSULATION;;1.372 KGM;;;;ok;importar;import_new;cumple condiciones para articulo nuevo | PN y designation_final validos, sin conflictos criticos;import_new;cumple condiciones para articulo nuevo | PN y designation_final validos, sin conflictos criticos;engine_12V4000M70.json;1901042;165;X52610100110;INSULATION;;1.372 KGM;;;;;ok;importar;yes
X52612500093;STRAP FOR INSULATION;x52612500093;publish;"Engine: 12V4000M70
Part Number: X52612500093
Designation: STRAP FOR INSULATION
Measurement: 
Weight: 0.288 KGM
Source Page: 165
BOM: XS526120.00034
Substitution Status: 
New Part Number: 
Superseded List: ";STRAP FOR INSULATION;;12VM70-125;12V4000M70, importar;simple;https://milu-naval.mystagingwebsite.com/wp-content/uploads/2026/01/sin_imagen.jpeg;12V4000M70;165;1350;XS526120.00034;STRAP FOR INSULATION;;0.288 KGM;;;;ok;importar;import_new;cumple condiciones para articulo nuevo | PN y designation_final validos, sin conflictos criticos;import_new;cumple condiciones para articulo nuevo | PN y designation_final validos, sin conflictos criticos;engine_12V4000M70.json;1901043;165;X52612500093;STRAP FOR INSULATION;;0.288 KGM;;;;;ok;importar;yes
X52610100122;INSULATION F/TURBOCHARGER, LEF;x52610100122;publish;"Engine: 12V4000M70
Part Number: X52610100122
Designation: INSULATION F/TURBOCHARGER, LEF
Measurement: 
Weight: 5.94 KGM
Source Page: 165
BOM: XS526120.00034
Substitution Status: 
New Part Number: 
Superseded List: ";INSULATION F/TURBOCHARGER, LEF;;12VM70-125;12V4000M70, importar;simple;https://milu-naval.mystagingwebsite.com/wp-content/uploads/2026/01/sin_imagen.jpeg;12V4000M70;165;150;XS526120.00034;INSULATION F/TURBOCHARGER, LEF;;5.94 KGM;;;;ok;importar;import_new;cumple condiciones para articulo nuevo | PN y designation_final validos, sin conflictos criticos;import_new;cumple condiciones para articulo nuevo | PN y designation_final validos, sin conflictos criticos;engine_12V4000M70.json;1901048;165;X52610100122;INSULATION F/TURBOCHARGER, LEF;;5.94 KGM;;;;;ok;importar;yes
X52699100213;RETAINER;x52699100213;publish;"Engine: 12V4000M70
Part Number: X52699100213
Designation: RETAINER
Measurement: 
Weight: 0.091 KGM
Source Page: 165
BOM: XS526120.00034
Substitution Status: 
New Part Number: 
Superseded List: ";RETAINER;;12VM70-125;12V4000M70, importar;simple;https://milu-naval.mystagingwebsite.com/wp-content/uploads/2026/01/sin_imagen.jpeg;12V4000M70;165;1550;XS526120.00034;RETAINER;;0.091 KGM;;;;ok;importar;import_new;cumple condiciones para articulo nuevo | PN y designation_final validos, sin conflictos criticos;import_new;cumple condiciones para articulo nuevo | PN y designation_final validos, sin conflictos criticos;engine_12V4000M70.json;1901049;165;X52699100213;RETAINER;;0.091 KGM;;;;;ok;importar;yes
X52611100015;RETAINER FOR INSULATION;x52611100015;publish;"Engine: 12V4000M70
Part Number: X52611100015
Designation: RETAINER FOR INSULATION
Measurement: 
Weight: 0.311 KGM
Source Page: 165
BOM: XS526120.00034
Substitution Status: 
New Part Number: 
Superseded List: ";RETAINER FOR INSULATION;;12VM70-125;12V4000M70, importar;simple;https://milu-naval.mystagingwebsite.com/wp-content/uploads/2026/01/sin_imagen.jpeg;12V4000M70;165;1750;XS526120.00034;RETAINER FOR INSULATION;;0.311 KGM;;;;ok;importar;import_new;cumple condiciones para articulo nuevo | PN y designation_final validos, sin conflictos criticos;import_new;cumple condiciones para articulo nuevo | PN y designation_final validos, sin conflictos criticos;engine_12V4000M70.json;1901052;165;X52611100015;RETAINER FOR INSULATION;;0.311 KGM;;;;;ok;importar;yes
X52611300024;RETAINER FOR INSULATION;x52611300024;publish;"Engine: 12V4000M70
Part Number: X52611300024
Designation: RETAINER FOR INSULATION
Measurement: 
Weight: 0.309 KGM
Source Page: 165
BOM: XS526120.00034
Substitution Status: 
New Part Number: 
Superseded List: ";RETAINER FOR INSULATION;;12VM70-125;12V4000M70, importar;simple;https://milu-naval.mystagingwebsite.com/wp-content/uploads/2026/01/sin_imagen.jpeg;12V4000M70;165;1800;XS526120.00034;RETAINER FOR INSULATION;;0.309 KGM;;;;ok;importar;import_new;cumple condiciones para articulo nuevo | PN y designation_final validos, sin conflictos criticos;import_new;cumple condiciones para articulo nuevo | PN y designation_final validos, sin conflictos criticos;engine_12V4000M70.json;1901053;165;X52611300024;RETAINER FOR INSULATION;;0.309 KGM;;;;;ok;importar;yes
204017012035;HEX SCREW;204017012035;publish;"Engine: 12V4000M70
Part Number: 204017012035
Designation: HEX SCREW
Measurement: M 12 X 80
Weight: 0.075 KGM
Source Page: 165
BOM: XS526120.00034
Substitution Status: 
New Part Number: 
Superseded List: ";HEX SCREW;;12VM70-125;12V4000M70, importar;simple;https://milu-naval.mystagingwebsite.com/wp-content/uploads/2026/01/sin_imagen.jpeg;12V4000M70;165;1900;XS526120.00034;HEX SCREW;M 12 X 80;0.075 KGM;;;;ok;importar;import_new;cumple condiciones para articulo nuevo | PN y designation_final validos, sin conflictos criticos;import_new;cumple condiciones para articulo nuevo | PN y designation_final validos, sin conflictos criticos;engine_12V4000M70.json;1901054;165;204017012035;HEX SCREW;M 12 X 80;0.075 KGM;;;;;ok;importar;yes
207349013001;WASHER;207349013001;publish;"Engine: 12V4000M70
Part Number: 207349013001
Designation: WASHER
Measurement: 13
Weight: 0.021 KGM
Source Page: 165
BOM: XS526120.00034
Substitution Status: 
New Part Number: 
Superseded List: ";WASHER;;12VM70-125;12V4000M70, importar;simple;https://milu-naval.mystagingwebsite.com/wp-content/uploads/2026/01/sin_imagen.jpeg;12V4000M70;165;1950;XS526120.00034;WASHER;13;0.021 KGM;;;;ok;importar;import_new;cumple condiciones para articulo nuevo | PN y designation_final validos, sin conflictos criticos;import_new;cumple condiciones para articulo nuevo | PN y designation_final validos, sin conflictos criticos;engine_12V4000M70.json;1901055;165;207349013001;WASHER;13;0.021 KGM;;;;;ok;importar;yes
X52610100082;INSULATION F/TURBOCHARGER, LEF;x52610100082;publish;"Engine: 12V4000M70
Part Number: X52610100082
Designation: INSULATION F/TURBOCHARGER, LEF
Measurement: 
Weight: 3.1 KGM
Source Page: 165
BOM: XS526120.00034
Substitution Status: 
New Part Number: 
Superseded List: ";INSULATION F/TURBOCHARGER, LEF;;12VM70-125;12V4000M70, importar;simple;https://milu-naval.mystagingwebsite.com/wp-content/uploads/2026/01/sin_imagen.jpeg;12V4000M70;165;200;XS526120.00034;INSULATION F/TURBOCHARGER, LEF;;3.1 KGM;;;;ok;importar;import_new;cumple condiciones para articulo nuevo | PN y designation_final validos, sin conflictos criticos;import_new;cumple condiciones para articulo nuevo | PN y designation_final validos, sin conflictos criticos;engine_12V4000M70.json;1901056;165;X52610100082;INSULATION F/TURBOCHARGER, LEF;;3.1 KGM;;;;;ok;importar;yes
X52699100334;RETAINER;x52699100334;publish;"Engine: 12V4000M70
Part Number: X52699100334
Designation: RETAINER
Measurement: 
Weight: 0.061 KGM
Source Page: 165
BOM: XS526120.00034
Substitution Status: 
New Part Number: 
Superseded List: ";RETAINER;;12VM70-125;12V4000M70, importar;simple;https://milu-naval.mystagingwebsite.com/wp-content/uploads/2026/01/sin_imagen.jpeg;12V4000M70;165;305;XS526120.00034;RETAINER;;0.061 KGM;;;;ok;importar;import_new;cumple condiciones para articulo nuevo | PN y designation_final validos, sin conflictos criticos;import_new;cumple condiciones para articulo nuevo | PN y designation_final validos, sin conflictos criticos;engine_12V4000M70.json;1901061;165;X52699100334;RETAINER;;0.061 KGM;;;;;ok;importar;yes
X52610100121;INSULATION F/TURBOCHARGER,RIGH;x52610100121;publish;"Engine: 12V4000M70
Part Number: X52610100121
Designation: INSULATION F/TURBOCHARGER,RIGH
Measurement: 
Weight: 5.21 KGM
Source Page: 165
BOM: XS526120.00034
Substitution Status: 
New Part Number: 
Superseded List: ";INSULATION F/TURBOCHARGER,RIGH;;12VM70-125;12V4000M70, importar;simple;https://milu-naval.mystagingwebsite.com/wp-content/uploads/2026/01/sin_imagen.jpeg;12V4000M70;165;400;XS526120.00034;INSULATION F/TURBOCHARGER,RIGH;;5.21 KGM;;;;ok;importar;import_new;cumple condiciones para articulo nuevo | PN y designation_final validos, sin conflictos criticos;import_new;cumple condiciones para articulo nuevo | PN y designation_final validos, sin conflictos criticos;engine_12V4000M70.json;1901063;165;X52610100121;INSULATION F/TURBOCHARGER,RIGH;;5.21 KGM;;;;;ok;importar;yes
X52610100125;INSULATION F/TURBOCHARGER,RIGH;x52610100125;publish;"Engine: 12V4000M70
Part Number: X52610100125
Designation: INSULATION F/TURBOCHARGER,RIGH
Measurement: 
Weight: 3.52 KGM
Source Page: 165
BOM: XS526120.00034
Substitution Status: 
New Part Number: 
Superseded List: ";INSULATION F/TURBOCHARGER,RIGH;;12VM70-125;12V4000M70, importar;simple;https://milu-naval.mystagingwebsite.com/wp-content/uploads/2026/01/sin_imagen.jpeg;12V4000M70;165;450;XS526120.00034;INSULATION F/TURBOCHARGER,RIGH;;3.52 KGM;;;;ok;importar;import_new;cumple condiciones para articulo nuevo | PN y designation_final validos, sin conflictos criticos;import_new;cumple condiciones para articulo nuevo | PN y designation_final validos, sin conflictos criticos;engine_12V4000M70.json;1901064;165;X52610100125;INSULATION F/TURBOCHARGER,RIGH;;3.52 KGM;;;;;ok;importar;yes
X52611400070;HEAT SHIELD F.TRANSV.CONN. IC;x52611400070;publish;"Engine: 12V4000M70
Part Number: X52611400070
Designation: HEAT SHIELD F.TRANSV.CONN. IC
Measurement: 
Weight: 7.7 KGM
Source Page: 165
BOM: XS526120.00034
Substitution Status: 
New Part Number: 
Superseded List: ";HEAT SHIELD F.TRANSV.CONN. IC;;12VM70-125;12V4000M70, importar;simple;https://milu-naval.mystagingwebsite.com/wp-content/uploads/2026/01/sin_imagen.jpeg;12V4000M70;165;650;XS526120.00034;HEAT SHIELD F.TRANSV.CONN. IC;;7.7 KGM;;;;ok;importar;import_new;cumple condiciones para articulo nuevo | PN y designation_final validos, sin conflictos criticos;import_new;cumple condiciones para articulo nuevo | PN y designation_final validos, sin conflictos criticos;engine_12V4000M70.json;1901069;165;X52611400070;HEAT SHIELD F.TRANSV.CONN. IC;;7.7 KGM;;;;;ok;importar;yes
X52611100009;INSULATION F.INTERCOOLER LHS;x52611100009;publish;"Engine: 12V4000M70
Part Number: X52611100009
Designation: INSULATION F.INTERCOOLER LHS
Measurement: 
Weight: 7.45 KGM
Source Page: 165
BOM: XS526120.00034
Substitution Status: 
New Part Number: 
Superseded List: ";INSULATION F.INTERCOOLER LHS;;12VM70-125;12V4000M70, importar;simple;https://milu-naval.mystagingwebsite.com/wp-content/uploads/2026/01/sin_imagen.jpeg;12V4000M70;165;850;XS526120.00034;INSULATION F.INTERCOOLER LHS;;7.45 KGM;;;;ok;importar;import_new;cumple condiciones para articulo nuevo | PN y designation_final validos, sin conflictos criticos;import_new;cumple condiciones para articulo nuevo | PN y designation_final validos, sin conflictos criticos;engine_12V4000M70.json;1901072;165;X52611100009;INSULATION F.INTERCOOLER LHS;;7.45 KGM;;;;;ok;importar;yes
X52611100012;INSULATION;x52611100012;publish;"Engine: 12V4000M70
Part Number: X52611100012
Designation: INSULATION
Measurement: 
Weight: 0.98 KGM
Source Page: 165
BOM: XS526120.00034
Substitution Status: 
New Part Number: 
Superseded List: ";INSULATION;;12VM70-125;12V4000M70, importar;simple;https://milu-naval.mystagingwebsite.com/wp-content/uploads/2026/01/sin_imagen.jpeg;12V4000M70;165;900;XS526120.00034;INSULATION;;0.98 KGM;;;;ok;importar;import_new;cumple condiciones para articulo nuevo | PN y designation_final validos, sin conflictos criticos;import_new;cumple condiciones para articulo nuevo | PN y designation_final validos, sin conflictos criticos;engine_12V4000M70.json;1901073;165;X52611100012;INSULATION;;0.98 KGM;;;;;ok;importar;yes
X52612500107;HEAT SHIELD;x52612500107;publish;"Engine: 12V4000M70
Part Number: X52612500107
Designation: HEAT SHIELD
Measurement: 
Weight: 1.7 KGM
Source Page: 165
BOM: XS526120.00034
Substitution Status: 
New Part Number: 
Superseded List: ";HEAT SHIELD;;12VM70-125;12V4000M70, importar;simple;https://milu-naval.mystagingwebsite.com/wp-content/uploads/2026/01/sin_imagen.jpeg;12V4000M70;165;950;XS526120.00034;HEAT SHIELD;;1.7 KGM;;;;ok;importar;import_new;cumple condiciones para articulo nuevo | PN y designation_final validos, sin conflictos criticos;import_new;cumple condiciones para articulo nuevo | PN y designation_final validos, sin conflictos criticos;engine_12V4000M70.json;1901074;165;X52612500107;HEAT SHIELD;;1.7 KGM;;;;;ok;importar;yes
X52612500105;HEAT SHIELD;x52612500105;publish;"Engine: 12V4000M70
Part Number: X52612500105
Designation: HEAT SHIELD
Measurement: nan
Weight: 634,000 g
Source Page: 166
BOM: X52610100110
Substitution Status: 
New Part Number: 
Superseded List: ";HEAT SHIELD;;12VM70-125;12V4000M70, importar;simple;https://milu-naval.mystagingwebsite.com/wp-content/uploads/2026/01/sin_imagen.jpeg;12V4000M70;166;100;X52610100110;HEAT SHIELD;nan;634,000 g;;;;ok;importar;import_new;cumple condiciones para articulo nuevo | PN y designation_final validos, sin conflictos criticos;import_new;cumple condiciones para articulo nuevo | PN y designation_final validos, sin conflictos criticos;engine_12V4000M70.json;1901075;166;X52612500105;HEAT SHIELD;nan;634,000 g;;;;;ok;importar;yes
X52612500053;HEAT SHIELD;x52612500053;publish;"Engine: 12V4000M70
Part Number: X52612500053
Designation: HEAT SHIELD
Measurement: nan
Weight: 334,500 g
Source Page: 166
BOM: X52610100110
Substitution Status: 
New Part Number: 
Superseded List: ";HEAT SHIELD;;12VM70-125;12V4000M70, importar;simple;https://milu-naval.mystagingwebsite.com/wp-content/uploads/2026/01/sin_imagen.jpeg;12V4000M70;166;150;X52610100110;HEAT SHIELD;nan;334,500 g;;;;ok;importar;import_new;cumple condiciones para articulo nuevo | PN y designation_final validos, sin conflictos criticos;import_new;cumple condiciones para articulo nuevo | PN y designation_final validos, sin conflictos criticos;engine_12V4000M70.json;1901076;166;X52612500053;HEAT SHIELD;nan;334,500 g;;;;;ok;importar;yes
0010131585934023;ROUND STOCK;0010131585934023;publish;"Engine: 12V4000M70
Part Number: 0010131585934023
Designation: ROUND STOCK
Measurement: nan
Weight: nan
Source Page: 166
BOM: X52610100110
Substitution Status: 
New Part Number: 
Superseded List: ";ROUND STOCK;;12VM70-125;12V4000M70, importar;simple;https://milu-naval.mystagingwebsite.com/wp-content/uploads/2026/01/sin_imagen.jpeg;12V4000M70;166;200;X52610100110;ROUND STOCK;nan;nan;;;;ok;importar;import_new;cumple condiciones para articulo nuevo | PN y designation_final validos, sin conflictos criticos;import_new;cumple condiciones para articulo nuevo | PN y designation_final validos, sin conflictos criticos;engine_12V4000M70.json;1901077;166;0010131585934023;ROUND STOCK;nan;nan;;;;;ok;importar;yes
X52612500104;HEAT SHIELD;x52612500104;publish;"Engine: 12V4000M70
Part Number: X52612500104
Designation: HEAT SHIELD
Measurement: nan
Weight: 421,000 g
Source Page: 166
BOM: X52610100110
Substitution Status: 
New Part Number: 
Superseded List: ";HEAT SHIELD;;12VM70-125;12V4000M70, importar;simple;https://milu-naval.mystagingwebsite.com/wp-content/uploads/2026/01/sin_imagen.jpeg;12V4000M70;166;50;X52610100110;HEAT SHIELD;nan;421,000 g;;;;ok;importar;import_new;cumple condiciones para articulo nuevo | PN y designation_final validos, sin conflictos criticos;import_new;cumple condiciones para articulo nuevo | PN y designation_final validos, sin conflictos criticos;engine_12V4000M70.json;1901078;166;X52612500104;HEAT SHIELD;nan;421,000 g;;;;;ok;importar;yes
X52612500030;HEAT SHIELD 1;x52612500030;publish;"Engine: 12V4000M70
Part Number: X52612500030
Designation: HEAT SHIELD 1
Measurement: nan
Weight: nan
Source Page: 167
BOM: X52610100121
Substitution Status: 
New Part Number: 
Superseded List: ";HEAT SHIELD 1;;12VM70-125;12V4000M70, importar;simple;https://milu-naval.mystagingwebsite.com/wp-content/uploads/2026/01/sin_imagen.jpeg;12V4000M70;167;100;X52610100121;HEAT SHIELD 1;nan;nan;;;;ok;importar;import_new;cumple condiciones para articulo nuevo | PN y designation_final validos, sin conflictos criticos;import_new;cumple condiciones para articulo nuevo | PN y designation_final validos, sin conflictos criticos;engine_12V4000M70.json;1901079;167;X52612500030;HEAT SHIELD 1;nan;nan;;;;;ok;importar;yes
X52612500099;HEAT SHIELD 1;x52612500099;publish;"Engine: 12V4000M70
Part Number: X52612500099
Designation: HEAT SHIELD 1
Measurement: nan
Weight: nan
Source Page: 167
BOM: X52610100121
Substitution Status: 
New Part Number: 
Superseded List: ";HEAT SHIELD 1;;12VM70-125;12V4000M70, importar;simple;https://milu-naval.mystagingwebsite.com/wp-content/uploads/2026/01/sin_imagen.jpeg;12V4000M70;167;150;X52610100121;HEAT SHIELD 1;nan;nan;;;;ok;importar;import_new;cumple condiciones para articulo nuevo | PN y designation_final validos, sin conflictos criticos;import_new;cumple condiciones para articulo nuevo | PN y designation_final validos, sin conflictos criticos;engine_12V4000M70.json;1901080;167;X52612500099;HEAT SHIELD 1;nan;nan;;;;;ok;importar;yes
X52612500058;HEAT SHIELD 2;x52612500058;publish;"Engine: 12V4000M70
Part Number: X52612500058
Designation: HEAT SHIELD 2
Measurement: nan
Weight: nan
Source Page: 167
BOM: X52610100121
Substitution Status: 
New Part Number: 
Superseded List: ";HEAT SHIELD 2;;12VM70-125;12V4000M70, importar;simple;https://milu-naval.mystagingwebsite.com/wp-content/uploads/2026/01/sin_imagen.jpeg;12V4000M70;167;200;X52610100121;HEAT SHIELD 2;nan;nan;;;;ok;importar;import_new;cumple condiciones para articulo nuevo | PN y designation_final validos, sin conflictos criticos;import_new;cumple condiciones para articulo nuevo | PN y designation_final validos, sin conflictos criticos;engine_12V4000M70.json;1901081;167;X52612500058;HEAT SHIELD 2;nan;nan;;;;;ok;importar;yes
X52612500056;HEAT SHIELD 1;x52612500056;publish;"Engine: 12V4000M70
Part Number: X52612500056
Designation: HEAT SHIELD 1
Measurement: nan
Weight: nan
Source Page: 167
BOM: X52610100121
Substitution Status: 
New Part Number: 
Superseded List: ";HEAT SHIELD 1;;12VM70-125;12V4000M70, importar;simple;https://milu-naval.mystagingwebsite.com/wp-content/uploads/2026/01/sin_imagen.jpeg;12V4000M70;167;250;X52610100121;HEAT SHIELD 1;nan;nan;;;;ok;importar;import_new;cumple condiciones para articulo nuevo | PN y designation_final validos, sin conflictos criticos;import_new;cumple condiciones para articulo nuevo | PN y designation_final validos, sin conflictos criticos;engine_12V4000M70.json;1901082;167;X52612500056;HEAT SHIELD 1;nan;nan;;;;;ok;importar;yes
X52612500055;HEAT SHIELD 1;x52612500055;publish;"Engine: 12V4000M70
Part Number: X52612500055
Designation: HEAT SHIELD 1
Measurement: nan
Weight: nan
Source Page: 167
BOM: X52610100121
Substitution Status: 
New Part Number: 
Superseded List: ";HEAT SHIELD 1;;12VM70-125;12V4000M70, importar;simple;https://milu-naval.mystagingwebsite.com/wp-content/uploads/2026/01/sin_imagen.jpeg;12V4000M70;167;300;X52610100121;HEAT SHIELD 1;nan;nan;;;;ok;importar;import_new;cumple condiciones para articulo nuevo | PN y designation_final validos, sin conflictos criticos;import_new;cumple condiciones para articulo nuevo | PN y designation_final validos, sin conflictos criticos;engine_12V4000M70.json;1901083;167;X52612500055;HEAT SHIELD 1;nan;nan;;;;;ok;importar;yes
X52610100091;HEAT SHIELD 1;x52610100091;publish;"Engine: 12V4000M70
Part Number: X52610100091
Designation: HEAT SHIELD 1
Measurement: nan
Weight: nan
Source Page: 167
BOM: X52610100121
Substitution Status: 
New Part Number: 
Superseded List: ";HEAT SHIELD 1;;12VM70-125;12V4000M70, importar;simple;https://milu-naval.mystagingwebsite.com/wp-content/uploads/2026/01/sin_imagen.jpeg;12V4000M70;167;350;X52610100121;HEAT SHIELD 1;nan;nan;;;;ok;importar;import_new;cumple condiciones para articulo nuevo | PN y designation_final validos, sin conflictos criticos;import_new;cumple condiciones para articulo nuevo | PN y designation_final validos, sin conflictos criticos;engine_12V4000M70.json;1901084;167;X52610100091;HEAT SHIELD 1;nan;nan;;;;;ok;importar;yes
X52610100086;STRAP;x52610100086;publish;"Engine: 12V4000M70
Part Number: X52610100086
Designation: STRAP
Measurement: 
Weight: 131,389 g
Source Page: 167
BOM: X52610100121
Substitution Status: 
New Part Number: 
Superseded List: ";STRAP;;12VM70-125;12V4000M70, importar;simple;https://milu-naval.mystagingwebsite.com/wp-content/uploads/2026/01/sin_imagen.jpeg;12V4000M70;167;400;X52610100121;STRAP;;131,389 g;;;;ok;importar;import_new;cumple condiciones para articulo nuevo | PN y designation_final validos, sin conflictos criticos;import_new;cumple condiciones para articulo nuevo | PN y designation_final validos, sin conflictos criticos;engine_12V4000M70.json;1901085;167;X52610100086;STRAP;;131,389 g;;;;;ok;importar;yes
X52699100335;STRAP;x52699100335;publish;"Engine: 12V4000M70
Part Number: X52699100335
Designation: STRAP
Measurement: 
Weight: 92,000 g
Source Page: 167
BOM: X52610100121
Substitution Status: 
New Part Number: 
Superseded List: ";STRAP;;12VM70-125;12V4000M70, importar;simple;https://milu-naval.mystagingwebsite.com/wp-content/uploads/2026/01/sin_imagen.jpeg;12V4000M70;167;450;X52610100121;STRAP;;92,000 g;;;;ok;importar;import_new;cumple condiciones para articulo nuevo | PN y designation_final validos, sin conflictos criticos;import_new;cumple condiciones para articulo nuevo | PN y designation_final validos, sin conflictos criticos;engine_12V4000M70.json;1901086;167;X52699100335;STRAP;;92,000 g;;;;;ok;importar;yes
X52610100123;HEAT SHIELD 1;x52610100123;publish;"Engine: 12V4000M70
Part Number: X52610100123
Designation: HEAT SHIELD 1
Measurement: nan
Weight: nan
Source Page: 167
BOM: X52610100121
Substitution Status: 
New Part Number: 
Superseded List: ";HEAT SHIELD 1;;12VM70-125;12V4000M70, importar;simple;https://milu-naval.mystagingwebsite.com/wp-content/uploads/2026/01/sin_imagen.jpeg;12V4000M70;167;50;X52610100121;HEAT SHIELD 1;nan;nan;;;;ok;importar;import_new;cumple condiciones para articulo nuevo | PN y designation_final validos, sin conflictos criticos;import_new;cumple condiciones para articulo nuevo | PN y designation_final validos, sin conflictos criticos;engine_12V4000M70.json;1901087;167;X52610100123;HEAT SHIELD 1;nan;nan;;;;;ok;importar;yes
X52612500032;HEAT SHIELD 1;x52612500032;publish;"Engine: 12V4000M70
Part Number: X52612500032
Designation: HEAT SHIELD 1
Measurement: nan
Weight: nan
Source Page: 167
BOM: X52610100121
Substitution Status: 
New Part Number: 
Superseded List: ";HEAT SHIELD 1;;12VM70-125;12V4000M70, importar;simple;https://milu-naval.mystagingwebsite.com/wp-content/uploads/2026/01/sin_imagen.jpeg;12V4000M70;167;500;X52610100121;HEAT SHIELD 1;nan;nan;;;;ok;importar;import_new;cumple condiciones para articulo nuevo | PN y designation_final validos, sin conflictos criticos;import_new;cumple condiciones para articulo nuevo | PN y designation_final validos, sin conflictos criticos;engine_12V4000M70.json;1901088;167;X52612500032;HEAT SHIELD 1;nan;nan;;;;;ok;importar;yes
900073008103;WELD NUT;900073008103;publish;"Engine: 12V4000M70
Part Number: 900073008103
Designation: WELD NUT
Measurement: M 8
Weight: 0.006 KGM
Source Page: 167
BOM: X52610100121
Substitution Status: 
New Part Number: 
Superseded List: ";WELD NUT;;12VM70-125;12V4000M70, importar;simple;https://milu-naval.mystagingwebsite.com/wp-content/uploads/2026/01/sin_imagen.jpeg;12V4000M70;167;550;X52610100121;WELD NUT;M 8;0.006 KGM;;;;ok;importar;import_new;cumple condiciones para articulo nuevo | PN y designation_final validos, sin conflictos criticos;import_new;cumple condiciones para articulo nuevo | PN y designation_final validos, sin conflictos criticos;engine_12V4000M70.json;1901089;167;900073008103;WELD NUT;M 8;0.006 KGM;;;;;ok;importar;yes
X52412500020;COVER FOR INSULATION;x52412500020;publish;"Engine: 12V4000M70
Part Number: X52412500020
Designation: COVER FOR INSULATION
Measurement: 
Weight: 67,436 g
Source Page: 167
BOM: X52610100121
Substitution Status: 
New Part Number: 
Superseded List: ";COVER FOR INSULATION;;12VM70-125;12V4000M70, importar;simple;https://milu-naval.mystagingwebsite.com/wp-content/uploads/2026/01/sin_imagen.jpeg;12V4000M70;167;600;X52610100121;COVER FOR INSULATION;;67,436 g;;;;ok;importar;import_new;cumple condiciones para articulo nuevo | PN y designation_final validos, sin conflictos criticos;import_new;cumple condiciones para articulo nuevo | PN y designation_final validos, sin conflictos criticos;engine_12V4000M70.json;1901090;167;X52412500020;COVER FOR INSULATION;;67,436 g;;;;;ok;importar;yes
000000002701;HEX SCREW;000000002701;publish;"Engine: 12V4000M70
Part Number: 000000002701
Designation: HEX SCREW
Measurement: M 6 X 12
Weight: 0.005 KGM
Source Page: 167
BOM: X52610100121
Substitution Status: 
New Part Number: 
Superseded List: ";HEX SCREW;;12VM70-125;12V4000M70, importar;simple;https://milu-naval.mystagingwebsite.com/wp-content/uploads/2026/01/sin_imagen.jpeg;12V4000M70;167;750;X52610100121;HEX SCREW;M 6 X 12;0.005 KGM;;;;ok;importar;import_new;cumple condiciones para articulo nuevo | PN y designation_final validos, sin conflictos criticos;import_new;cumple condiciones para articulo nuevo | PN y designation_final validos, sin conflictos criticos;engine_12V4000M70.json;1901093;167;000000002701;HEX SCREW;M 6 X 12;0.005 KGM;;;;;ok;importar;yes
X52610100097;HEAT SHIELD F/TURBOCHARGER, LEF 1;x52610100097;publish;"Engine: 12V4000M70
Part Number: X52610100097
Designation: HEAT SHIELD F/TURBOCHARGER, LEF 1
Measurement: nan
Weight: nan
Source Page: 168
BOM: X52610100122
Substitution Status: 
New Part Number: 
Superseded List: ";HEAT SHIELD F/TURBOCHARGER, LEF 1;;12VM70-125;12V4000M70, importar;simple;https://milu-naval.mystagingwebsite.com/wp-content/uploads/2026/01/sin_imagen.jpeg;12V4000M70;168;100;X52610100122;HEAT SHIELD F/TURBOCHARGER, LEF 1;nan;nan;;;;ok;importar;import_new;cumple condiciones para articulo nuevo | PN y designation_final validos, sin conflictos criticos;import_new;cumple condiciones para articulo nuevo | PN y designation_final validos, sin conflictos criticos;engine_12V4000M70.json;1901094;168;X52610100097;HEAT SHIELD F/TURBOCHARGER, LEF 1;nan;nan;;;;;ok;importar;yes
X52610100124;HEAT SHIELD 1;x52610100124;publish;"Engine: 12V4000M70
Part Number: X52610100124
Designation: HEAT SHIELD 1
Measurement: nan
Weight: nan
Source Page: 168
BOM: X52610100122
Substitution Status: 
New Part Number: 
Superseded List: ";HEAT SHIELD 1;;12VM70-125;12V4000M70, importar;simple;https://milu-naval.mystagingwebsite.com/wp-content/uploads/2026/01/sin_imagen.jpeg;12V4000M70;168;150;X52610100122;HEAT SHIELD 1;nan;nan;;;;ok;importar;import_new;cumple condiciones para articulo nuevo | PN y designation_final validos, sin conflictos criticos;import_new;cumple condiciones para articulo nuevo | PN y designation_final validos, sin conflictos criticos;engine_12V4000M70.json;1901095;168;X52610100124;HEAT SHIELD 1;nan;nan;;;;;ok;importar;yes
X52612500027;RIB;x52612500027;publish;"Engine: 12V4000M70
Part Number: X52612500027
Designation: RIB
Measurement: 
Weight: 85,968 g
Source Page: 168
BOM: X52610100122
Substitution Status: 
New Part Number: 
Superseded List: ";RIB;;12VM70-125;12V4000M70, importar;simple;https://milu-naval.mystagingwebsite.com/wp-content/uploads/2026/01/sin_imagen.jpeg;12V4000M70;168;200;X52610100122;RIB;;85,968 g;;;;ok;importar;import_new;cumple condiciones para articulo nuevo | PN y designation_final validos, sin conflictos criticos;import_new;cumple condiciones para articulo nuevo | PN y designation_final validos, sin conflictos criticos;engine_12V4000M70.json;1901096;168;X52612500027;RIB;;85,968 g;;;;;ok;importar;yes
X52612500028;RIB;x52612500028;publish;"Engine: 12V4000M70
Part Number: X52612500028
Designation: RIB
Measurement: 
Weight: 66,129 g
Source Page: 168
BOM: X52610100122
Substitution Status: 
New Part Number: 
Superseded List: ";RIB;;12VM70-125;12V4000M70, importar;simple;https://milu-naval.mystagingwebsite.com/wp-content/uploads/2026/01/sin_imagen.jpeg;12V4000M70;168;250;X52610100122;RIB;;66,129 g;;;;ok;importar;import_new;cumple condiciones para articulo nuevo | PN y designation_final validos, sin conflictos criticos;import_new;cumple condiciones para articulo nuevo | PN y designation_final validos, sin conflictos criticos;engine_12V4000M70.json;1901097;168;X52612500028;RIB;;66,129 g;;;;;ok;importar;yes
X52610100098;HEAT SHIELD 1;x52610100098;publish;"Engine: 12V4000M70
Part Number: X52610100098
Designation: HEAT SHIELD 1
Measurement: nan
Weight: nan
Source Page: 168
BOM: X52610100122
Substitution Status: 
New Part Number: 
Superseded List: ";HEAT SHIELD 1;;12VM70-125;12V4000M70, importar;simple;https://milu-naval.mystagingwebsite.com/wp-content/uploads/2026/01/sin_imagen.jpeg;12V4000M70;168;400;X52610100122;HEAT SHIELD 1;nan;nan;;;;ok;importar;import_new;cumple condiciones para articulo nuevo | PN y designation_final validos, sin conflictos criticos;import_new;cumple condiciones para articulo nuevo | PN y designation_final validos, sin conflictos criticos;engine_12V4000M70.json;1901100;168;X52610100098;HEAT SHIELD 1;nan;nan;;;;;ok;importar;yes
X52610100112;HEAT SHIELD F/TURBOCHARGER, LEF 1;x52610100112;publish;"Engine: 12V4000M70
Part Number: X52610100112
Designation: HEAT SHIELD F/TURBOCHARGER, LEF 1
Measurement: nan
Weight: nan
Source Page: 168
BOM: X52610100122
Substitution Status: 
New Part Number: 
Superseded List: ";HEAT SHIELD F/TURBOCHARGER, LEF 1;;12VM70-125;12V4000M70, importar;simple;https://milu-naval.mystagingwebsite.com/wp-content/uploads/2026/01/sin_imagen.jpeg;12V4000M70;168;50;X52610100122;HEAT SHIELD F/TURBOCHARGER, LEF 1;nan;nan;;;;ok;importar;import_new;cumple condiciones para articulo nuevo | PN y designation_final validos, sin conflictos criticos;import_new;cumple condiciones para articulo nuevo | PN y designation_final validos, sin conflictos criticos;engine_12V4000M70.json;1901102;168;X52610100112;HEAT SHIELD F/TURBOCHARGER, LEF 1;nan;nan;;;;;ok;importar;yes
X52610100090;HEAT SHIELD;x52610100090;publish;"Engine: 12V4000M70
Part Number: X52610100090
Designation: HEAT SHIELD
Measurement: nan
Weight: ,344 kg
Source Page: 169
BOM: X52610100125
Substitution Status: 
New Part Number: 
Superseded List: ";HEAT SHIELD;;12VM70-125;12V4000M70, importar;simple;https://milu-naval.mystagingwebsite.com/wp-content/uploads/2026/01/sin_imagen.jpeg;12V4000M70;169;100;X52610100125;HEAT SHIELD;nan;,344 kg;;;;ok;importar;import_new;cumple condiciones para articulo nuevo | PN y designation_final validos, sin conflictos criticos;import_new;cumple condiciones para articulo nuevo | PN y designation_final validos, sin conflictos criticos;engine_12V4000M70.json;1901105;169;X52610100090;HEAT SHIELD;nan;,344 kg;;;;;ok;importar;yes
X52610100126;HEAT SHIELD;x52610100126;publish;"Engine: 12V4000M70
Part Number: X52610100126
Designation: HEAT SHIELD
Measurement: nan
Weight: 47,000 g
Source Page: 169
BOM: X52610100125
Substitution Status: 
New Part Number: 
Superseded List: ";HEAT SHIELD;;12VM70-125;12V4000M70, importar;simple;https://milu-naval.mystagingwebsite.com/wp-content/uploads/2026/01/sin_imagen.jpeg;12V4000M70;169;150;X52610100125;HEAT SHIELD;nan;47,000 g;;;;ok;importar;import_new;cumple condiciones para articulo nuevo | PN y designation_final validos, sin conflictos criticos;import_new;cumple condiciones para articulo nuevo | PN y designation_final validos, sin conflictos criticos;engine_12V4000M70.json;1901106;169;X52610100126;HEAT SHIELD;nan;47,000 g;;;;;ok;importar;yes
X52612500062;HEAT SHIELD;x52612500062;publish;"Engine: 12V4000M70
Part Number: X52612500062
Designation: HEAT SHIELD
Measurement: nan
Weight: ,087 kg
Source Page: 169
BOM: X52610100125
Substitution Status: 
New Part Number: 
Superseded List: ";HEAT SHIELD;;12VM70-125;12V4000M70, importar;simple;https://milu-naval.mystagingwebsite.com/wp-content/uploads/2026/01/sin_imagen.jpeg;12V4000M70;169;200;X52610100125;HEAT SHIELD;nan;,087 kg;;;;ok;importar;import_new;cumple condiciones para articulo nuevo | PN y designation_final validos, sin conflictos criticos;import_new;cumple condiciones para articulo nuevo | PN y designation_final validos, sin conflictos criticos;engine_12V4000M70.json;1901107;169;X52612500062;HEAT SHIELD;nan;,087 kg;;;;;ok;importar;yes
X52610100088;HEAT SHIELD;x52610100088;publish;"Engine: 12V4000M70
Part Number: X52610100088
Designation: HEAT SHIELD
Measurement: nan
Weight: ,184 kg
Source Page: 169
BOM: X52610100125
Substitution Status: 
New Part Number: 
Superseded List: ";HEAT SHIELD;;12VM70-125;12V4000M70, importar;simple;https://milu-naval.mystagingwebsite.com/wp-content/uploads/2026/01/sin_imagen.jpeg;12V4000M70;169;50;X52610100125;HEAT SHIELD;nan;,184 kg;;;;ok;importar;import_new;cumple condiciones para articulo nuevo | PN y designation_final validos, sin conflictos criticos;import_new;cumple condiciones para articulo nuevo | PN y designation_final validos, sin conflictos criticos;engine_12V4000M70.json;1901108;169;X52610100088;HEAT SHIELD;nan;,184 kg;;;;;ok;importar;yes
X52612500048;HEAT SHIELD;x52612500048;publish;"Engine: 12V4000M70
Part Number: X52612500048
Designation: HEAT SHIELD
Measurement: nan
Weight: 442,392 g
Source Page: 170
BOM: X52611100009
Substitution Status: 
New Part Number: 
Superseded List: ";HEAT SHIELD;;12VM70-125;12V4000M70, importar;simple;https://milu-naval.mystagingwebsite.com/wp-content/uploads/2026/01/sin_imagen.jpeg;12V4000M70;170;100;X52611100009;HEAT SHIELD;nan;442,392 g;;;;ok;importar;import_new;cumple condiciones para articulo nuevo | PN y designation_final validos, sin conflictos criticos;import_new;cumple condiciones para articulo nuevo | PN y designation_final validos, sin conflictos criticos;engine_12V4000M70.json;1901109;170;X52612500048;HEAT SHIELD;nan;442,392 g;;;;;ok;importar;yes
X52611100011;HEAT SHIELD F.INTERCOOLER LHS;x52611100011;publish;"Engine: 12V4000M70
Part Number: X52611100011
Designation: HEAT SHIELD F.INTERCOOLER LHS
Measurement: nan
Weight: 9,991 kg
Source Page: 170
BOM: X52611100009
Substitution Status: 
New Part Number: 
Superseded List: ";HEAT SHIELD F.INTERCOOLER LHS;;12VM70-125;12V4000M70, importar;simple;https://milu-naval.mystagingwebsite.com/wp-content/uploads/2026/01/sin_imagen.jpeg;12V4000M70;170;150;X52611100009;HEAT SHIELD F.INTERCOOLER LHS;nan;9,991 kg;;;;ok;importar;import_new;cumple condiciones para articulo nuevo | PN y designation_final validos, sin conflictos criticos;import_new;cumple condiciones para articulo nuevo | PN y designation_final validos, sin conflictos criticos;engine_12V4000M70.json;1901110;170;X52611100011;HEAT SHIELD F.INTERCOOLER LHS;nan;9,991 kg;;;;;ok;importar;yes
X52612500049;HEAT SHIELD;x52612500049;publish;"Engine: 12V4000M70
Part Number: X52612500049
Designation: HEAT SHIELD
Measurement: nan
Weight: 41,987 g
Source Page: 170
BOM: X52611100009
Substitution Status: 
New Part Number: 
Superseded List: ";HEAT SHIELD;;12VM70-125;12V4000M70, importar;simple;https://milu-naval.mystagingwebsite.com/wp-content/uploads/2026/01/sin_imagen.jpeg;12V4000M70;170;200;X52611100009;HEAT SHIELD;nan;41,987 g;;;;ok;importar;import_new;cumple condiciones para articulo nuevo | PN y designation_final validos, sin conflictos criticos;import_new;cumple condiciones para articulo nuevo | PN y designation_final validos, sin conflictos criticos;engine_12V4000M70.json;1901111;170;X52612500049;HEAT SHIELD;nan;41,987 g;;;;;ok;importar;yes
X52612500046;HEAT SHIELD;x52612500046;publish;"Engine: 12V4000M70
Part Number: X52612500046
Designation: HEAT SHIELD
Measurement: nan
Weight: 1,195 kg
Source Page: 170
BOM: X52611100009
Substitution Status: 
New Part Number: 
Superseded List: ";HEAT SHIELD;;12VM70-125;12V4000M70, importar;simple;https://milu-naval.mystagingwebsite.com/wp-content/uploads/2026/01/sin_imagen.jpeg;12V4000M70;170;250;X52611100009;HEAT SHIELD;nan;1,195 kg;;;;ok;importar;import_new;cumple condiciones para articulo nuevo | PN y designation_final validos, sin conflictos criticos;import_new;cumple condiciones para articulo nuevo | PN y designation_final validos, sin conflictos criticos;engine_12V4000M70.json;1901112;170;X52612500046;HEAT SHIELD;nan;1,195 kg;;;;;ok;importar;yes
X52612500050;HEAT SHIELD;x52612500050;publish;"Engine: 12V4000M70
Part Number: X52612500050
Designation: HEAT SHIELD
Measurement: nan
Weight: 5,728 g
Source Page: 170
BOM: X52611100009
Substitution Status: 
New Part Number: 
Superseded List: ";HEAT SHIELD;;12VM70-125;12V4000M70, importar;simple;https://milu-naval.mystagingwebsite.com/wp-content/uploads/2026/01/sin_imagen.jpeg;12V4000M70;170;50;X52611100009;HEAT SHIELD;nan;5,728 g;;;;ok;importar;import_new;cumple condiciones para articulo nuevo | PN y designation_final validos, sin conflictos criticos;import_new;cumple condiciones para articulo nuevo | PN y designation_final validos, sin conflictos criticos;engine_12V4000M70.json;1901114;170;X52612500050;HEAT SHIELD;nan;5,728 g;;;;;ok;importar;yes
X52612500109;HEAT SHIELD;x52612500109;publish;"Engine: 12V4000M70
Part Number: X52612500109
Designation: HEAT SHIELD
Measurement: nan
Weight: 0,416 kg
Source Page: 171
BOM: X52611100012
Substitution Status: 
New Part Number: 
Superseded List: ";HEAT SHIELD;;12VM70-125;12V4000M70, importar;simple;https://milu-naval.mystagingwebsite.com/wp-content/uploads/2026/01/sin_imagen.jpeg;12V4000M70;171;100;X52611100012;HEAT SHIELD;nan;0,416 kg;;;;ok;importar;import_new;cumple condiciones para articulo nuevo | PN y designation_final validos, sin conflictos criticos;import_new;cumple condiciones para articulo nuevo | PN y designation_final validos, sin conflictos criticos;engine_12V4000M70.json;1901115;171;X52612500109;HEAT SHIELD;nan;0,416 kg;;;;;ok;importar;yes
X52612500110;HEAT SHIELD;x52612500110;publish;"Engine: 12V4000M70
Part Number: X52612500110
Designation: HEAT SHIELD
Measurement: nan
Weight: 0,575 kg
Source Page: 171
BOM: X52611100012
Substitution Status: 
New Part Number: 
Superseded List: ";HEAT SHIELD;;12VM70-125;12V4000M70, importar;simple;https://milu-naval.mystagingwebsite.com/wp-content/uploads/2026/01/sin_imagen.jpeg;12V4000M70;171;50;X52611100012;HEAT SHIELD;nan;0,575 kg;;;;ok;importar;import_new;cumple condiciones para articulo nuevo | PN y designation_final validos, sin conflictos criticos;import_new;cumple condiciones para articulo nuevo | PN y designation_final validos, sin conflictos criticos;engine_12V4000M70.json;1901117;171;X52612500110;HEAT SHIELD;nan;0,575 kg;;;;;ok;importar;yes
X52612500045;HEAT SHIELD;x52612500045;publish;"Engine: 12V4000M70
Part Number: X52612500045
Designation: HEAT SHIELD
Measurement: nan
Weight: 64,650 g
Source Page: 172
BOM: X52611300013
Substitution Status: 
New Part Number: 
Superseded List: ";HEAT SHIELD;;12VM70-125;12V4000M70, importar;simple;https://milu-naval.mystagingwebsite.com/wp-content/uploads/2026/01/sin_imagen.jpeg;12V4000M70;172;100;X52611300013;HEAT SHIELD;nan;64,650 g;;;;ok;importar;import_new;cumple condiciones para articulo nuevo | PN y designation_final validos, sin conflictos criticos;import_new;cumple condiciones para articulo nuevo | PN y designation_final validos, sin conflictos criticos;engine_12V4000M70.json;1901118;172;X52612500045;HEAT SHIELD;nan;64,650 g;;;;;ok;importar;yes
X52612500044;HEAT SHIELD;x52612500044;publish;"Engine: 12V4000M70
Part Number: X52612500044
Designation: HEAT SHIELD
Measurement: nan
Weight: 438,902 g
Source Page: 172
BOM: X52611300013
Substitution Status: 
New Part Number: 
Superseded List: ";HEAT SHIELD;;12VM70-125;12V4000M70, importar;simple;https://milu-naval.mystagingwebsite.com/wp-content/uploads/2026/01/sin_imagen.jpeg;12V4000M70;172;150;X52611300013;HEAT SHIELD;nan;438,902 g;;;;ok;importar;import_new;cumple condiciones para articulo nuevo | PN y designation_final validos, sin conflictos criticos;import_new;cumple condiciones para articulo nuevo | PN y designation_final validos, sin conflictos criticos;engine_12V4000M70.json;1901119;172;X52612500044;HEAT SHIELD;nan;438,902 g;;;;;ok;importar;yes
X52612500087;HEAT SHIELD;x52612500087;publish;"Engine: 12V4000M70
Part Number: X52612500087
Designation: HEAT SHIELD
Measurement: nan
Weight: 1.196,000
Source Page: 172
BOM: X52611300013
Substitution Status: 
New Part Number: 
Superseded List: ";HEAT SHIELD;;12VM70-125;12V4000M70, importar;simple;https://milu-naval.mystagingwebsite.com/wp-content/uploads/2026/01/sin_imagen.jpeg;12V4000M70;172;200;X52611300013;HEAT SHIELD;nan;1.196,000;;;;ok;importar;import_new;cumple condiciones para articulo nuevo | PN y designation_final validos, sin conflictos criticos;import_new;cumple condiciones para articulo nuevo | PN y designation_final validos, sin conflictos criticos;engine_12V4000M70.json;1901120;172;X52612500087;HEAT SHIELD;nan;1.196,000;;;;;ok;importar;yes
X52611300014;HEAT SHIELD;x52611300014;publish;"Engine: 12V4000M70
Part Number: X52611300014
Designation: HEAT SHIELD
Measurement: nan
Weight: 6,086 kg
Source Page: 172
BOM: X52611300013
Substitution Status: 
New Part Number: 
Superseded List: ";HEAT SHIELD;;12VM70-125;12V4000M70, importar;simple;https://milu-naval.mystagingwebsite.com/wp-content/uploads/2026/01/sin_imagen.jpeg;12V4000M70;172;50;X52611300013;HEAT SHIELD;nan;6,086 kg;;;;ok;importar;import_new;cumple condiciones para articulo nuevo | PN y designation_final validos, sin conflictos criticos;import_new;cumple condiciones para articulo nuevo | PN y designation_final validos, sin conflictos criticos;engine_12V4000M70.json;1901122;172;X52611300014;HEAT SHIELD;nan;6,086 kg;;;;;ok;importar;yes
X52612500019;HEAT SHIELD;x52612500019;publish;"Engine: 12V4000M70
Part Number: X52612500019
Designation: HEAT SHIELD
Measurement: nan
Weight: 38,593 g
Source Page: 173
BOM: X52611300026
Substitution Status: 
New Part Number: 
Superseded List: ";HEAT SHIELD;;12VM70-125;12V4000M70, importar;simple;https://milu-naval.mystagingwebsite.com/wp-content/uploads/2026/01/sin_imagen.jpeg;12V4000M70;173;100;X52611300026;HEAT SHIELD;nan;38,593 g;;;;ok;importar;import_new;cumple condiciones para articulo nuevo | PN y designation_final validos, sin conflictos criticos;import_new;cumple condiciones para articulo nuevo | PN y designation_final validos, sin conflictos criticos;engine_12V4000M70.json;1901123;173;X52612500019;HEAT SHIELD;nan;38,593 g;;;;;ok;importar;yes
X52611300027;HEAT SHIELD;x52611300027;publish;"Engine: 12V4000M70
Part Number: X52611300027
Designation: HEAT SHIELD
Measurement: nan
Weight: 1,390 kg EM
Source Page: 173
BOM: X52611300026
Substitution Status: 
New Part Number: 
Superseded List: ";HEAT SHIELD;;12VM70-125;12V4000M70, importar;simple;https://milu-naval.mystagingwebsite.com/wp-content/uploads/2026/01/sin_imagen.jpeg;12V4000M70;173;50;X52611300026;HEAT SHIELD;nan;1,390 kg EM;;;;ok;importar;import_new;cumple condiciones para articulo nuevo | PN y designation_final validos, sin conflictos criticos;import_new;cumple condiciones para articulo nuevo | PN y designation_final validos, sin conflictos criticos;engine_12V4000M70.json;1901125;173;X52611300027;HEAT SHIELD;nan;1,390 kg EM;;;;;ok;importar;yes
X52612500103;HEAT SHIELD;x52612500103;publish;"Engine: 12V4000M70
Part Number: X52612500103
Designation: HEAT SHIELD
Measurement: nan
Weight: 1,675 kg
Source Page: 174
BOM: X52611400070
Substitution Status: 
New Part Number: 
Superseded List: ";HEAT SHIELD;;12VM70-125;12V4000M70, importar;simple;https://milu-naval.mystagingwebsite.com/wp-content/uploads/2026/01/sin_imagen.jpeg;12V4000M70;174;100;X52611400070;HEAT SHIELD;nan;1,675 kg;;;;ok;importar;import_new;cumple condiciones para articulo nuevo | PN y designation_final validos, sin conflictos criticos;import_new;cumple condiciones para articulo nuevo | PN y designation_final validos, sin conflictos criticos;engine_12V4000M70.json;1901127;174;X52612500103;HEAT SHIELD;nan;1,675 kg;;;;;ok;importar;yes
X52612500089;HEAT SHIELD;x52612500089;publish;"Engine: 12V4000M70
Part Number: X52612500089
Designation: HEAT SHIELD
Measurement: nan
Weight: 1472520,00
Source Page: 174
BOM: X52611400070
Substitution Status: 
New Part Number: 
Superseded List: ";HEAT SHIELD;;12VM70-125;12V4000M70, importar;simple;https://milu-naval.mystagingwebsite.com/wp-content/uploads/2026/01/sin_imagen.jpeg;12V4000M70;174;150;X52611400070;HEAT SHIELD;nan;1472520,00;;;;ok;importar;import_new;cumple condiciones para articulo nuevo | PN y designation_final validos, sin conflictos criticos;import_new;cumple condiciones para articulo nuevo | PN y designation_final validos, sin conflictos criticos;engine_12V4000M70.json;1901128;174;X52612500089;HEAT SHIELD;nan;1472520,00;;;;;ok;importar;yes
X52612500037;HEAT SHIELD;x52612500037;publish;"Engine: 12V4000M70
Part Number: X52612500037
Designation: HEAT SHIELD
Measurement: nan
Weight: 1,300 kg
Source Page: 174
BOM: X52611400070
Substitution Status: 
New Part Number: 
Superseded List: ";HEAT SHIELD;;12VM70-125;12V4000M70, importar;simple;https://milu-naval.mystagingwebsite.com/wp-content/uploads/2026/01/sin_imagen.jpeg;12V4000M70;174;200;X52611400070;HEAT SHIELD;nan;1,300 kg;;;;ok;importar;import_new;cumple condiciones para articulo nuevo | PN y designation_final validos, sin conflictos criticos;import_new;cumple condiciones para articulo nuevo | PN y designation_final validos, sin conflictos criticos;engine_12V4000M70.json;1901129;174;X52612500037;HEAT SHIELD;nan;1,300 kg;;;;;ok;importar;yes
X52611400067;RETAINER;x52611400067;publish;"Engine: 12V4000M70
Part Number: X52611400067
Designation: RETAINER
Measurement: nan
Weight: 79,263 g
Source Page: 174
BOM: X52611400070
Substitution Status: 
New Part Number: 
Superseded List: ";RETAINER;;12VM70-125;12V4000M70, importar;simple;https://milu-naval.mystagingwebsite.com/wp-content/uploads/2026/01/sin_imagen.jpeg;12V4000M70;174;250;X52611400070;RETAINER;nan;79,263 g;;;;ok;importar;import_new;cumple condiciones para articulo nuevo | PN y designation_final validos, sin conflictos criticos;import_new;cumple condiciones para articulo nuevo | PN y designation_final validos, sin conflictos criticos;engine_12V4000M70.json;1901130;174;X52611400067;RETAINER;nan;79,263 g;;;;;ok;importar;yes
X52612500041;HEAT SHIELD;x52612500041;publish;"Engine: 12V4000M70
Part Number: X52612500041
Designation: HEAT SHIELD
Measurement: nan
Weight: 148,133 g
Source Page: 174
BOM: X52611400070
Substitution Status: 
New Part Number: 
Superseded List: ";HEAT SHIELD;;12VM70-125;12V4000M70, importar;simple;https://milu-naval.mystagingwebsite.com/wp-content/uploads/2026/01/sin_imagen.jpeg;12V4000M70;174;300;X52611400070;HEAT SHIELD;nan;148,133 g;;;;ok;importar;import_new;cumple condiciones para articulo nuevo | PN y designation_final validos, sin conflictos criticos;import_new;cumple condiciones para articulo nuevo | PN y designation_final validos, sin conflictos criticos;engine_12V4000M70.json;1901131;174;X52612500041;HEAT SHIELD;nan;148,133 g;;;;;ok;importar;yes
X52612500042;HEAT SHIELD;x52612500042;publish;"Engine: 12V4000M70
Part Number: X52612500042
Designation: HEAT SHIELD
Measurement: nan
Weight: 160,950 g
Source Page: 174
BOM: X52611400070
Substitution Status: 
New Part Number: 
Superseded List: ";HEAT SHIELD;;12VM70-125;12V4000M70, importar;simple;https://milu-naval.mystagingwebsite.com/wp-content/uploads/2026/01/sin_imagen.jpeg;12V4000M70;174;350;X52611400070;HEAT SHIELD;nan;160,950 g;;;;ok;importar;import_new;cumple condiciones para articulo nuevo | PN y designation_final validos, sin conflictos criticos;import_new;cumple condiciones para articulo nuevo | PN y designation_final validos, sin conflictos criticos;engine_12V4000M70.json;1901132;174;X52612500042;HEAT SHIELD;nan;160,950 g;;;;;ok;importar;yes
X52611400069;INSULATION F.TRANSV.CONN. IC;x52611400069;publish;"Engine: 12V4000M70
Part Number: X52611400069
Designation: INSULATION F.TRANSV.CONN. IC
Measurement: nan
Weight: nan
Source Page: 174
BOM: X52611400070
Substitution Status: 
New Part Number: 
Superseded List: ";INSULATION F.TRANSV.CONN. IC;;12VM70-125;12V4000M70, importar;simple;https://milu-naval.mystagingwebsite.com/wp-content/uploads/2026/01/sin_imagen.jpeg;12V4000M70;174;50;X52611400070;INSULATION F.TRANSV.CONN. IC;nan;nan;;;;ok;importar;import_new;cumple condiciones para articulo nuevo | PN y designation_final validos, sin conflictos criticos;import_new;cumple condiciones para articulo nuevo | PN y designation_final validos, sin conflictos criticos;engine_12V4000M70.json;1901133;174;X52611400069;INSULATION F.TRANSV.CONN. IC;nan;nan;;;;;ok;importar;yes
X52612500108;HEAT SHIELD 1;x52612500108;publish;"Engine: 12V4000M70
Part Number: X52612500108
Designation: HEAT SHIELD 1
Measurement: nan
Weight: nan
Source Page: 175
BOM: X52612500107
Substitution Status: 
New Part Number: 
Superseded List: ";HEAT SHIELD 1;;12VM70-125;12V4000M70, importar;simple;https://milu-naval.mystagingwebsite.com/wp-content/uploads/2026/01/sin_imagen.jpeg;12V4000M70;175;50;X52612500107;HEAT SHIELD 1;nan;nan;;;;ok;importar;import_new;cumple condiciones para articulo nuevo | PN y designation_final validos, sin conflictos criticos;import_new;cumple condiciones para articulo nuevo | PN y designation_final validos, sin conflictos criticos;engine_12V4000M70.json;1901135;175;X52612500108;HEAT SHIELD 1;nan;nan;;;;;ok;importar;yes
X52614300011;CARRIER HOUSING LEFT;x52614300011;publish;"Engine: 12V4000M70
Part Number: X52614300011
Designation: CARRIER HOUSING LEFT
Measurement: 
Weight: 53.25 KGM
Source Page: 183
BOM: XS526140.00014
Substitution Status: SI
New Part Number: X52614300011
Superseded List: 5271400418, 5271400618, 5271401118";CARRIER HOUSING LEFT;;12VM70-143;12V4000M70, New, importar;simple;https://milu-naval.mystagingwebsite.com/wp-content/uploads/2026/01/sin_imagen.jpeg;12V4000M70;183;100;XS526140.00014;CARRIER HOUSING LEFT;;53.25 KGM;SI;X52614300011;5271400418, 5271400618, 5271401118;ok;importar;import_new;cumple condiciones para articulo nuevo;import_new;cumple condiciones para articulo nuevo;engine_12V4000M70.json;1901217;183;X52614300011;CARRIER HOUSING LEFT;;53.25 KGM;SI;New;X52614300011;5271400418, 5271400618, 5271401118;ok;importar;yes
X52614300012;CARRIER HOUSING RIGHT;x52614300012;publish;"Engine: 12V4000M70
Part Number: X52614300012
Designation: CARRIER HOUSING RIGHT
Measurement: 
Weight: 71.25 KGM
Source Page: 183
BOM: XS526140.00014
Substitution Status: SI
New Part Number: X52614300012
Superseded List: 5271400518, 5271400718, 5271401218";CARRIER HOUSING RIGHT;;12VM70-143;12V4000M70, New, importar;simple;https://milu-naval.mystagingwebsite.com/wp-content/uploads/2026/01/sin_imagen.jpeg;12V4000M70;183;150;XS526140.00014;CARRIER HOUSING RIGHT;;71.25 KGM;SI;X52614300012;5271400518, 5271400718, 5271401218;ok;importar;import_new;cumple condiciones para articulo nuevo;import_new;cumple condiciones para articulo nuevo;engine_12V4000M70.json;1901225;183;X52614300012;CARRIER HOUSING RIGHT;;71.25 KGM;SI;New;X52614300012;5271400518, 5271400718, 5271401218;ok;importar;yes
X52614300014;CARRIER HOUSNG COVER;x52614300014;publish;"Engine: 12V4000M70
Part Number: X52614300014
Designation: CARRIER HOUSNG COVER
Measurement: 
Weight: 53.5 KGM
Source Page: 183
BOM: XS526140.00014
Substitution Status: SI
New Part Number: X52614300014
Superseded List: 5271400221, 5271400321, 5271400421";CARRIER HOUSNG COVER;;12VM70-143;12V4000M70, New, importar;simple;https://milu-naval.mystagingwebsite.com/wp-content/uploads/2026/01/sin_imagen.jpeg;12V4000M70;183;650;XS526140.00014;CARRIER HOUSNG COVER;;53.5 KGM;SI;X52614300014;5271400221, 5271400321, 5271400421;ok;importar;import_new;cumple condiciones para articulo nuevo;import_new;cumple condiciones para articulo nuevo;engine_12V4000M70.json;1901237;183;X52614300014;CARRIER HOUSNG COVER;;53.5 KGM;SI;New;X52614300014;5271400221, 5271400321, 5271400421;ok;importar;yes
000835012009;STUD;000835012009;publish;"Engine: 12V4000M70
Part Number: 000835012009
Designation: STUD
Measurement: M 12 X 50
Weight: 0.055 KGM
Source Page: 186
BOM: X52614300011
Substitution Status: 
New Part Number: 
Superseded List: ";STUD;;12VM70-143;12V4000M70, importar;simple;https://milu-naval.mystagingwebsite.com/wp-content/uploads/2026/01/sin_imagen.jpeg;12V4000M70;186;200;X52614300011;STUD;M 12 X 50;0.055 KGM;;;;ok;importar;import_new;cumple condiciones para articulo nuevo | PN y designation_final validos, sin conflictos criticos;import_new;cumple condiciones para articulo nuevo | PN y designation_final validos, sin conflictos criticos;engine_12V4000M70.json;1901252;186;000835012009;STUD;M 12 X 50;0.055 KGM;;;;;ok;importar;yes
X52614300009;CARRIER HOUSING LEFT;x52614300009;publish;"Engine: 12V4000M70
Part Number: X52614300009
Designation: CARRIER HOUSING LEFT
Measurement: nan
Weight: EM
Source Page: 186
BOM: X52614300011
Substitution Status: 
New Part Number: 
Superseded List: ";CARRIER HOUSING LEFT;;12VM70-143;12V4000M70, importar;simple;https://milu-naval.mystagingwebsite.com/wp-content/uploads/2026/01/sin_imagen.jpeg;12V4000M70;186;50;X52614300011;CARRIER HOUSING LEFT;nan;EM;;;;ok;importar;import_new;cumple condiciones para articulo nuevo | PN y designation_final validos, sin conflictos criticos;import_new;cumple condiciones para articulo nuevo | PN y designation_final validos, sin conflictos criticos;engine_12V4000M70.json;1901253;186;X52614300009;CARRIER HOUSING LEFT;nan;EM;;;;;ok;importar;yes
X52614300010;CARRIER HOUSING RIGHT;x52614300010;publish;"Engine: 12V4000M70
Part Number: X52614300010
Designation: CARRIER HOUSING RIGHT
Measurement: nan
Weight: 
Source Page: 187
BOM: X52614300012
Substitution Status: 
New Part Number: 
Superseded List: ";CARRIER HOUSING RIGHT;;12VM70-143;12V4000M70, importar;simple;https://milu-naval.mystagingwebsite.com/wp-content/uploads/2026/01/sin_imagen.jpeg;12V4000M70;187;50;X52614300012;CARRIER HOUSING RIGHT;nan;;;;;ok;importar;import_new;cumple condiciones para articulo nuevo | PN y designation_final validos, sin conflictos criticos;import_new;cumple condiciones para articulo nuevo | PN y designation_final validos, sin conflictos criticos;engine_12V4000M70.json;1901256;187;X52614300010;CARRIER HOUSING RIGHT;nan;;;;;;ok;importar;yes
X52614300013;CARRIER HOUSNG COVER CW/CCW ROTATION;x52614300013;publish;"Engine: 12V4000M70
Part Number: X52614300013
Designation: CARRIER HOUSNG COVER CW/CCW ROTATION
Measurement: nan
Weight: nan
Source Page: 188
BOM: X52614300014
Substitution Status: 
New Part Number: 
Superseded List: ";CARRIER HOUSNG COVER CW/CCW ROTATION;;12VM70-143;12V4000M70, importar;simple;https://milu-naval.mystagingwebsite.com/wp-content/uploads/2026/01/sin_imagen.jpeg;12V4000M70;188;50;X52614300014;CARRIER HOUSNG COVER CW/CCW ROTATION;nan;nan;;;;ok;importar;import_new;cumple condiciones para articulo nuevo | PN y designation_final validos, sin conflictos criticos;import_new;cumple condiciones para articulo nuevo | PN y designation_final validos, sin conflictos criticos;engine_12V4000M70.json;1901259;188;X52614300013;CARRIER HOUSNG COVER CW/CCW ROTATION;nan;nan;;;;;ok;importar;yes
XP52717300078;SCREW;xp52717300078;publish;"Engine: 12V4000M70
Part Number: XP52717300078
Designation: SCREW
Measurement: 
Weight: 
Source Page: 198
BOM: X52617300001
Substitution Status: 
New Part Number: 
Superseded List: ";SCREW;;12VM70-173;12V4000M70, importar;simple;https://milu-naval.mystagingwebsite.com/wp-content/uploads/2026/01/sin_imagen.jpeg;12V4000M70;198;110;X52617300001;SCREW;;;;;;ok;importar;import_new;cumple condiciones para articulo nuevo | PN y designation_final validos, sin conflictos criticos;import_new;cumple condiciones para articulo nuevo | PN y designation_final validos, sin conflictos criticos;engine_12V4000M70.json;1901291;198;XP52717300078;SCREW;;;;;;;ok;importar;yes
XP52717300021;NOZZLE RING;xp52717300021;publish;"Engine: 12V4000M70
Part Number: XP52717300021
Designation: NOZZLE RING
Measurement: 
Weight: 
Source Page: 198
BOM: X52617300001
Substitution Status: 
New Part Number: 
Superseded List: ";NOZZLE RING;;12VM70-173;12V4000M70, importar;simple;https://milu-naval.mystagingwebsite.com/wp-content/uploads/2026/01/sin_imagen.jpeg;12V4000M70;198;120;X52617300001;NOZZLE RING;;;;;;ok;importar;import_new;cumple condiciones para articulo nuevo | PN y designation_final validos, sin conflictos criticos;import_new;cumple condiciones para articulo nuevo | PN y designation_final validos, sin conflictos criticos;engine_12V4000M70.json;1901292;198;XP52717300021;NOZZLE RING;;;;;;;ok;importar;yes
XP52717300025;SCREW;xp52717300025;publish;"Engine: 12V4000M70
Part Number: XP52717300025
Designation: SCREW
Measurement: 
Weight: 
Source Page: 198
BOM: X52617300001
Substitution Status: 
New Part Number: 
Superseded List: ";SCREW;;12VM70-173;12V4000M70, importar;simple;https://milu-naval.mystagingwebsite.com/wp-content/uploads/2026/01/sin_imagen.jpeg;12V4000M70;198;180;X52617300001;SCREW;;;;;;ok;importar;import_new;cumple condiciones para articulo nuevo | PN y designation_final validos, sin conflictos criticos;import_new;cumple condiciones para articulo nuevo | PN y designation_final validos, sin conflictos criticos;engine_12V4000M70.json;1901298;198;XP52717300025;SCREW;;;;;;;ok;importar;yes
XP52717300034;PLUG;xp52717300034;publish;"Engine: 12V4000M70
Part Number: XP52717300034
Designation: PLUG
Measurement: 
Weight: 
Source Page: 198
BOM: X52617300001
Substitution Status: 
New Part Number: 
Superseded List: ";PLUG;;12VM70-173;12V4000M70, importar;simple;https://milu-naval.mystagingwebsite.com/wp-content/uploads/2026/01/sin_imagen.jpeg;12V4000M70;198;200;X52617300001;PLUG;;;;;;ok;importar;import_new;cumple condiciones para articulo nuevo | PN y designation_final validos, sin conflictos criticos;import_new;cumple condiciones para articulo nuevo | PN y designation_final validos, sin conflictos criticos;engine_12V4000M70.json;1901300;198;XP52717300034;PLUG;;;;;;;ok;importar;yes
XP52717300035;SCREW;xp52717300035;publish;"Engine: 12V4000M70
Part Number: XP52717300035
Designation: SCREW
Measurement: 
Weight: 
Source Page: 198
BOM: X52617300001
Substitution Status: 
New Part Number: 
Superseded List: ";SCREW;;12VM70-173;12V4000M70, importar;simple;https://milu-naval.mystagingwebsite.com/wp-content/uploads/2026/01/sin_imagen.jpeg;12V4000M70;198;220;X52617300001;SCREW;;;;;;ok;importar;import_new;cumple condiciones para articulo nuevo | PN y designation_final validos, sin conflictos criticos;import_new;cumple condiciones para articulo nuevo | PN y designation_final validos, sin conflictos criticos;engine_12V4000M70.json;1901302;198;XP52717300035;SCREW;;;;;;;ok;importar;yes
XP52717300079;HOUSING;xp52717300079;publish;"Engine: 12V4000M70
Part Number: XP52717300079
Designation: HOUSING
Measurement: 
Weight: 
Source Page: 198
BOM: X52617300001
Substitution Status: 
New Part Number: 
Superseded List: ";HOUSING;;12VM70-173;12V4000M70, importar;simple;https://milu-naval.mystagingwebsite.com/wp-content/uploads/2026/01/sin_imagen.jpeg;12V4000M70;198;250;X52617300001;HOUSING;;;;;;ok;importar;import_new;cumple condiciones para articulo nuevo | PN y designation_final validos, sin conflictos criticos;import_new;cumple condiciones para articulo nuevo | PN y designation_final validos, sin conflictos criticos;engine_12V4000M70.json;1901305;198;XP52717300079;HOUSING;;;;;;;ok;importar;yes
XP52717300041;PLUG;xp52717300041;publish;"Engine: 12V4000M70
Part Number: XP52717300041
Designation: PLUG
Measurement: 
Weight: 
Source Page: 198
BOM: X52617300001
Substitution Status: 
New Part Number: 
Superseded List: ";PLUG;;12VM70-173;12V4000M70, importar;simple;https://milu-naval.mystagingwebsite.com/wp-content/uploads/2026/01/sin_imagen.jpeg;12V4000M70;198;260;X52617300001;PLUG;;;;;;ok;importar;import_new;cumple condiciones para articulo nuevo | PN y designation_final validos, sin conflictos criticos;import_new;cumple condiciones para articulo nuevo | PN y designation_final validos, sin conflictos criticos;engine_12V4000M70.json;1901306;198;XP52717300041;PLUG;;;;;;;ok;importar;yes
XP52717300017;SCREW;xp52717300017;publish;"Engine: 12V4000M70
Part Number: XP52717300017
Designation: SCREW
Measurement: 
Weight: 
Source Page: 198
BOM: X52617300001
Substitution Status: 
New Part Number: 
Superseded List: ";SCREW;;12VM70-173;12V4000M70, importar;simple;https://milu-naval.mystagingwebsite.com/wp-content/uploads/2026/01/sin_imagen.jpeg;12V4000M70;198;30;X52617300001;SCREW;;;;;;ok;importar;import_new;cumple condiciones para articulo nuevo | PN y designation_final validos, sin conflictos criticos;import_new;cumple condiciones para articulo nuevo | PN y designation_final validos, sin conflictos criticos;engine_12V4000M70.json;1901308;198;XP52717300017;SCREW;;;;;;;ok;importar;yes
XP52717300018;WASHER;xp52717300018;publish;"Engine: 12V4000M70
Part Number: XP52717300018
Designation: WASHER
Measurement: 
Weight: 
Source Page: 198
BOM: X52617300001
Substitution Status: 
New Part Number: 
Superseded List: ";WASHER;;12VM70-173;12V4000M70, importar;simple;https://milu-naval.mystagingwebsite.com/wp-content/uploads/2026/01/sin_imagen.jpeg;12V4000M70;198;40;X52617300001;WASHER;;;;;;ok;importar;import_new;cumple condiciones para articulo nuevo | PN y designation_final validos, sin conflictos criticos;import_new;cumple condiciones para articulo nuevo | PN y designation_final validos, sin conflictos criticos;engine_12V4000M70.json;1901309;198;XP52717300018;WASHER;;;;;;;ok;importar;yes
XP52717300077;WASHER;xp52717300077;publish;"Engine: 12V4000M70
Part Number: XP52717300077
Designation: WASHER
Measurement: 
Weight: 
Source Page: 198
BOM: X52617300001
Substitution Status: 
New Part Number: 
Superseded List: ";WASHER;;12VM70-173;12V4000M70, importar;simple;https://milu-naval.mystagingwebsite.com/wp-content/uploads/2026/01/sin_imagen.jpeg;12V4000M70;198;70;X52617300001;WASHER;;;;;;ok;importar;import_new;cumple condiciones para articulo nuevo | PN y designation_final validos, sin conflictos criticos;import_new;cumple condiciones para articulo nuevo | PN y designation_final validos, sin conflictos criticos;engine_12V4000M70.json;1901312;198;XP52717300077;WASHER;;;;;;;ok;importar;yes
XP52717300080;RING GEAR;xp52717300080;publish;"Engine: 12V4000M70
Part Number: XP52717300080
Designation: RING GEAR
Measurement: 
Weight: 
Source Page: 199
BOM: X52617300001
Substitution Status: 
New Part Number: 
Superseded List: ";RING GEAR;;12VM70-173;12V4000M70, importar;simple;https://milu-naval.mystagingwebsite.com/wp-content/uploads/2026/01/sin_imagen.jpeg;12V4000M70;199;280;X52617300001;RING GEAR;;;;;;ok;importar;import_new;cumple condiciones para articulo nuevo | PN y designation_final validos, sin conflictos criticos;import_new;cumple condiciones para articulo nuevo | PN y designation_final validos, sin conflictos criticos;engine_12V4000M70.json;1901315;199;XP52717300080;RING GEAR;;;;;;;ok;importar;yes
XP52717300081;TURBINE SHAFT;xp52717300081;publish;"Engine: 16V4000M73L
Part Number: XP52717300081
Designation: TURBINE SHAFT
Measurement: 
Weight: AC
Source Page: 189
BOM: X52617300001
Substitution Status: 
New Part Number: 
Superseded List: ";TURBINE SHAFT;;16VM73L-173;16V4000M73L, importar;simple;https://milu-naval.mystagingwebsite.com/wp-content/uploads/2026/02/16V4000M73L-0188-01-310.webp;16V4000M73L;189;310;X52617300001;TURBINE SHAFT;;AC;;;;ok;importar;import_new;cumple condiciones para articulo nuevo | PN y designation_final validos, sin conflictos criticos;import_new;cumple condiciones para articulo nuevo | PN y designation_final validos, sin conflictos criticos;engine_16V4000M73L.json;1501157;189;XP52717300081;TURBINE SHAFT;;AC;;;;;ok;importar;yes
XP52717300047;PLANETARY GEARING;xp52717300047;publish;"Engine: 12V4000M70
Part Number: XP52717300047
Designation: PLANETARY GEARING
Measurement: 
Weight: 
Source Page: 199
BOM: X52617300001
Substitution Status: 
New Part Number: 
Superseded List: ";PLANETARY GEARING;;12VM70-173;12V4000M70, importar;simple;https://milu-naval.mystagingwebsite.com/wp-content/uploads/2026/01/sin_imagen.jpeg;12V4000M70;199;330;X52617300001;PLANETARY GEARING;;;;;;ok;importar;import_new;cumple condiciones para articulo nuevo | PN y designation_final validos, sin conflictos criticos;import_new;cumple condiciones para articulo nuevo | PN y designation_final validos, sin conflictos criticos;engine_12V4000M70.json;1901320;199;XP52717300047;PLANETARY GEARING;;;;;;;ok;importar;yes
XP52717300048;WASHER;xp52717300048;publish;"Engine: 12V4000M70
Part Number: XP52717300048
Designation: WASHER
Measurement: 
Weight: 
Source Page: 199
BOM: X52617300001
Substitution Status: 
New Part Number: 
Superseded List: ";WASHER;;12VM70-173;12V4000M70, importar;simple;https://milu-naval.mystagingwebsite.com/wp-content/uploads/2026/01/sin_imagen.jpeg;12V4000M70;199;340;X52617300001;WASHER;;;;;;ok;importar;import_new;cumple condiciones para articulo nuevo | PN y designation_final validos, sin conflictos criticos;import_new;cumple condiciones para articulo nuevo | PN y designation_final validos, sin conflictos criticos;engine_12V4000M70.json;1901321;199;XP52717300048;WASHER;;;;;;;ok;importar;yes
XP52717300050;PIN;xp52717300050;publish;"Engine: 12V4000M70
Part Number: XP52717300050
Designation: PIN
Measurement: 
Weight: 
Source Page: 199
BOM: X52617300001
Substitution Status: 
New Part Number: 
Superseded List: ";PIN;;12VM70-173;12V4000M70, importar;simple;https://milu-naval.mystagingwebsite.com/wp-content/uploads/2026/01/sin_imagen.jpeg;12V4000M70;199;370;X52617300001;PIN;;;;;;ok;importar;import_new;cumple condiciones para articulo nuevo | PN y designation_final validos, sin conflictos criticos;import_new;cumple condiciones para articulo nuevo | PN y designation_final validos, sin conflictos criticos;engine_12V4000M70.json;1901324;199;XP52717300050;PIN;;;;;;;ok;importar;yes
XP52717300055;PLATE;xp52717300055;publish;"Engine: 12V4000M70
Part Number: XP52717300055
Designation: PLATE
Measurement: 
Weight: 
Source Page: 199
BOM: X52617300001
Substitution Status: 
New Part Number: 
Superseded List: ";PLATE;;12VM70-173;12V4000M70, importar;simple;https://milu-naval.mystagingwebsite.com/wp-content/uploads/2026/01/sin_imagen.jpeg;12V4000M70;199;420;X52617300001;PLATE;;;;;;ok;importar;import_new;cumple condiciones para articulo nuevo | PN y designation_final validos, sin conflictos criticos;import_new;cumple condiciones para articulo nuevo | PN y designation_final validos, sin conflictos criticos;engine_12V4000M70.json;1901329;199;XP52717300055;PLATE;;;;;;;ok;importar;yes
XP52717300060;GEARBOX HOUSING;xp52717300060;publish;"Engine: 12V4000M70
Part Number: XP52717300060
Designation: GEARBOX HOUSING
Measurement: 
Weight: 
Source Page: 199
BOM: X52617300001
Substitution Status: 
New Part Number: 
Superseded List: ";GEARBOX HOUSING;;12VM70-173;12V4000M70, importar;simple;https://milu-naval.mystagingwebsite.com/wp-content/uploads/2026/01/sin_imagen.jpeg;12V4000M70;199;460;X52617300001;GEARBOX HOUSING;;;;;;ok;importar;import_new;cumple condiciones para articulo nuevo | PN y designation_final validos, sin conflictos criticos;import_new;cumple condiciones para articulo nuevo | PN y designation_final validos, sin conflictos criticos;engine_12V4000M70.json;1901333;199;XP52717300060;GEARBOX HOUSING;;;;;;;ok;importar;yes
XP52717300061;LOCATING PIN;xp52717300061;publish;"Engine: 12V4000M70
Part Number: XP52717300061
Designation: LOCATING PIN
Measurement: 
Weight: 
Source Page: 199
BOM: X52617300001
Substitution Status: 
New Part Number: 
Superseded List: ";LOCATING PIN;;12VM70-173;12V4000M70, importar;simple;https://milu-naval.mystagingwebsite.com/wp-content/uploads/2026/01/sin_imagen.jpeg;12V4000M70;199;470;X52617300001;LOCATING PIN;;;;;;ok;importar;import_new;cumple condiciones para articulo nuevo | PN y designation_final validos, sin conflictos criticos;import_new;cumple condiciones para articulo nuevo | PN y designation_final validos, sin conflictos criticos;engine_12V4000M70.json;1901334;199;XP52717300061;LOCATING PIN;;;;;;;ok;importar;yes
XP52717300058;SCREW;xp52717300058;publish;"Engine: 12V4000M70
Part Number: XP52717300058
Designation: SCREW
Measurement: 
Weight: 
Source Page: 199
BOM: X52617300001
Substitution Status: 
New Part Number: 
Superseded List: ";SCREW;;12VM70-173;12V4000M70, importar;simple;https://milu-naval.mystagingwebsite.com/wp-content/uploads/2026/01/sin_imagen.jpeg;12V4000M70;199;480;X52617300001;SCREW;;;;;;ok;importar;import_new;cumple condiciones para articulo nuevo | PN y designation_final validos, sin conflictos criticos;import_new;cumple condiciones para articulo nuevo | PN y designation_final validos, sin conflictos criticos;engine_12V4000M70.json;1901335;199;XP52717300058;SCREW;;;;;;;ok;importar;yes
XP52717300072;HOUSING;xp52717300072;publish;"Engine: 12V4000M70
Part Number: XP52717300072
Designation: HOUSING
Measurement: 
Weight: 
Source Page: 199
BOM: X52617300001
Substitution Status: 
New Part Number: 
Superseded List: ";HOUSING;;12VM70-173;12V4000M70, importar;simple;https://milu-naval.mystagingwebsite.com/wp-content/uploads/2026/01/sin_imagen.jpeg;12V4000M70;199;490;X52617300001;HOUSING;;;;;;ok;importar;import_new;cumple condiciones para articulo nuevo | PN y designation_final validos, sin conflictos criticos;import_new;cumple condiciones para articulo nuevo | PN y designation_final validos, sin conflictos criticos;engine_12V4000M70.json;1901336;199;XP52717300072;HOUSING;;;;;;;ok;importar;yes
XP52717300067;COVER;xp52717300067;publish;"Engine: 12V4000M70
Part Number: XP52717300067
Designation: COVER
Measurement: 
Weight: 
Source Page: 199
BOM: X52617300001
Substitution Status: 
New Part Number: 
Superseded List: ";COVER;;12VM70-173;12V4000M70, importar;simple;https://milu-naval.mystagingwebsite.com/wp-content/uploads/2026/01/sin_imagen.jpeg;12V4000M70;199;530;X52617300001;COVER;;;;;;ok;importar;import_new;cumple condiciones para articulo nuevo | PN y designation_final validos, sin conflictos criticos;import_new;cumple condiciones para articulo nuevo | PN y designation_final validos, sin conflictos criticos;engine_12V4000M70.json;1901340;199;XP52717300067;COVER;;;;;;;ok;importar;yes
XP52717300068;SCREW;xp52717300068;publish;"Engine: 12V4000M70
Part Number: XP52717300068
Designation: SCREW
Measurement: 
Weight: 
Source Page: 199
BOM: X52617300001
Substitution Status: 
New Part Number: 
Superseded List: ";SCREW;;12VM70-173;12V4000M70, importar;simple;https://milu-naval.mystagingwebsite.com/wp-content/uploads/2026/01/sin_imagen.jpeg;12V4000M70;199;540;X52617300001;SCREW;;;;;;ok;importar;import_new;cumple condiciones para articulo nuevo | PN y designation_final validos, sin conflictos criticos;import_new;cumple condiciones para articulo nuevo | PN y designation_final validos, sin conflictos criticos;engine_12V4000M70.json;1901341;199;XP52717300068;SCREW;;;;;;;ok;importar;yes
XP52717300069;HOUSING;xp52717300069;publish;"Engine: 12V4000M70
Part Number: XP52717300069
Designation: HOUSING
Measurement: 
Weight: 
Source Page: 199
BOM: X52617300001
Substitution Status: 
New Part Number: 
Superseded List: ";HOUSING;;12VM70-173;12V4000M70, importar;simple;https://milu-naval.mystagingwebsite.com/wp-content/uploads/2026/01/sin_imagen.jpeg;12V4000M70;199;550;X52617300001;HOUSING;;;;;;ok;importar;import_new;cumple condiciones para articulo nuevo | PN y designation_final validos, sin conflictos criticos;import_new;cumple condiciones para articulo nuevo | PN y designation_final validos, sin conflictos criticos;engine_12V4000M70.json;1901342;199;XP52717300069;HOUSING;;;;;;;ok;importar;yes
XP52717300070;PRESSURE SPRING;xp52717300070;publish;"Engine: 12V4000M70
Part Number: XP52717300070
Designation: PRESSURE SPRING
Measurement: 
Weight: 
Source Page: 199
BOM: X52617300001
Substitution Status: 
New Part Number: 
Superseded List: ";PRESSURE SPRING;;12VM70-173;12V4000M70, importar;simple;https://milu-naval.mystagingwebsite.com/wp-content/uploads/2026/01/sin_imagen.jpeg;12V4000M70;199;560;X52617300001;PRESSURE SPRING;;;;;;ok;importar;import_new;cumple condiciones para articulo nuevo | PN y designation_final validos, sin conflictos criticos;import_new;cumple condiciones para articulo nuevo | PN y designation_final validos, sin conflictos criticos;engine_12V4000M70.json;1901343;199;XP52717300070;PRESSURE SPRING;;;;;;;ok;importar;yes
XP52899100594;HOUSING;xp52899100594;publish;"Engine: 12V4000M70
Part Number: XP52899100594
Designation: HOUSING
Measurement: nan
Weight: nan
Source Page: 201
BOM: 5281700102
Substitution Status: 
New Part Number: 
Superseded List: ";HOUSING;;12VM70-173;12V4000M70, importar;simple;https://milu-naval.mystagingwebsite.com/wp-content/uploads/2026/01/sin_imagen.jpeg;12V4000M70;201;140;5281700102;HOUSING;nan;nan;;;;ok;importar;import_new;cumple condiciones para articulo nuevo | PN y designation_final validos, sin conflictos criticos;import_new;cumple condiciones para articulo nuevo | PN y designation_final validos, sin conflictos criticos;engine_12V4000M70.json;1901349;201;XP52899100594;HOUSING;nan;nan;;;;;ok;importar;yes
XP52803700019;PISTON;xp52803700019;publish;"Engine: 12V4000M70
Part Number: XP52803700019
Designation: PISTON
Measurement: nan
Weight: nan
Source Page: 201
BOM: 5281700102
Substitution Status: 
New Part Number: 
Superseded List: ";PISTON;;12VM70-173;12V4000M70, importar;simple;https://milu-naval.mystagingwebsite.com/wp-content/uploads/2026/01/sin_imagen.jpeg;12V4000M70;201;200;5281700102;PISTON;nan;nan;;;;ok;importar;import_new;cumple condiciones para articulo nuevo | PN y designation_final validos, sin conflictos criticos;import_new;cumple condiciones para articulo nuevo | PN y designation_final validos, sin conflictos criticos;engine_12V4000M70.json;1901353;201;XP52803700019;PISTON;nan;nan;;;;;ok;importar;yes
XP52899100600;COVER;xp52899100600;publish;"Engine: 12V4000M70
Part Number: XP52899100600
Designation: COVER
Measurement: nan
Weight: nan
Source Page: 201
BOM: 5281700102
Substitution Status: 
New Part Number: 
Superseded List: ";COVER;;12VM70-173;12V4000M70, importar;simple;https://milu-naval.mystagingwebsite.com/wp-content/uploads/2026/01/sin_imagen.jpeg;12V4000M70;201;300;5281700102;COVER;nan;nan;;;;ok;importar;import_new;cumple condiciones para articulo nuevo | PN y designation_final validos, sin conflictos criticos;import_new;cumple condiciones para articulo nuevo | PN y designation_final validos, sin conflictos criticos;engine_12V4000M70.json;1901359;201;XP52899100600;COVER;nan;nan;;;;;ok;importar;yes
XP52899100598;RING;xp52899100598;publish;"Engine: 12V4000M70
Part Number: XP52899100598
Designation: RING
Measurement: nan
Weight: nan
Source Page: 201
BOM: 5281700102
Substitution Status: 
New Part Number: 
Superseded List: ";RING;;12VM70-173;12V4000M70, importar;simple;https://milu-naval.mystagingwebsite.com/wp-content/uploads/2026/01/sin_imagen.jpeg;12V4000M70;201;320;5281700102;RING;nan;nan;;;;ok;importar;import_new;cumple condiciones para articulo nuevo | PN y designation_final validos, sin conflictos criticos;import_new;cumple condiciones para articulo nuevo | PN y designation_final validos, sin conflictos criticos;engine_12V4000M70.json;1901360;201;XP52899100598;RING;nan;nan;;;;;ok;importar;yes
XP52899100599;CIRCLIP;xp52899100599;publish;"Engine: 12V4000M70
Part Number: XP52899100599
Designation: CIRCLIP
Measurement: nan
Weight: nan
Source Page: 201
BOM: 5281700102
Substitution Status: 
New Part Number: 
Superseded List: ";CIRCLIP;;12VM70-173;12V4000M70, importar;simple;https://milu-naval.mystagingwebsite.com/wp-content/uploads/2026/01/sin_imagen.jpeg;12V4000M70;201;340;5281700102;CIRCLIP;nan;nan;;;;ok;importar;import_new;cumple condiciones para articulo nuevo | PN y designation_final validos, sin conflictos criticos;import_new;cumple condiciones para articulo nuevo | PN y designation_final validos, sin conflictos criticos;engine_12V4000M70.json;1901361;201;XP52899100599;CIRCLIP;nan;nan;;;;;ok;importar;yes
X59418100011/87;PUMP UNIT;x59418100011-87;publish;"Engine: 12V4000M70
Part Number: X59418100011/87
Designation: PUMP UNIT
Measurement: 
Weight: 28.66 KGM
Source Page: 206
BOM: XS594180.00111
Substitution Status: SI
New Part Number: X59418100011/87
Superseded List: X59418100005/87";PUMP UNIT;;12VM70-181;12V4000M70, New, importar;simple;https://milu-naval.mystagingwebsite.com/wp-content/uploads/2026/01/sin_imagen.jpeg;12V4000M70;206;30;XS594180.00111;PUMP UNIT;;28.66 KGM;SI;X59418100011/87;X59418100005/87;ok;importar;import_new;cumple condiciones para articulo nuevo;import_new;cumple condiciones para articulo nuevo;engine_12V4000M70.json;1901402;206;X59418100011/87;PUMP UNIT;;28.66 KGM;SI;New;X59418100011/87;X59418100005/87;ok;importar;yes
XP55829300003;COUPLING;xp55829300003;publish;"Engine: 12V4000M70
Part Number: XP55829300003
Designation: COUPLING
Measurement: 
Weight: 0.368 KGM
Source Page: 207
BOM: X59418100011
Substitution Status: SI
New Part Number: XP55829300003
Superseded List: XP52618100026";COUPLING;;12VM70-181;12V4000M70, New, importar;simple;https://milu-naval.mystagingwebsite.com/wp-content/uploads/2026/01/sin_imagen.jpeg;12V4000M70;207;110;X59418100011;COUPLING;;0.368 KGM;SI;XP55829300003;XP52618100026;ok;importar;import_new;cumple condiciones para articulo nuevo;import_new;cumple condiciones para articulo nuevo;engine_12V4000M70.json;1901407;207;XP55829300003;COUPLING;;0.368 KGM;SI;New;XP55829300003;XP52618100026;ok;importar;yes
06021700609;SCREW;06021700609;publish;"Engine: 12V4000M70
Part Number: 06021700609
Designation: SCREW
Measurement: M 10 X 25
Weight: 0.019 KGM
Source Page: 207
BOM: X59418100011
Substitution Status: SI
New Part Number: 06021700609
Superseded List: 06.02170-0609";SCREW;;12VM70-181;12V4000M70, New, importar;simple;https://milu-naval.mystagingwebsite.com/wp-content/uploads/2026/01/sin_imagen.jpeg;12V4000M70;207;150;X59418100011;SCREW;M 10 X 25;0.019 KGM;SI;06021700609;06.02170-0609;ok;importar;import_new;cumple condiciones para articulo nuevo;import_new;cumple condiciones para articulo nuevo;engine_12V4000M70.json;1901409;207;06021700609;SCREW;M 10 X 25;0.019 KGM;SI;New;06021700609;06.02170-0609;ok;importar;yes
X00027102;CABLE GLAND;x00027102;publish;"Engine: 12V4000M70
Part Number: X00027102
Designation: CABLE GLAND
Measurement: M25X1.5
Weight: 0.001 KGM
Source Page: 207
BOM: X59418100011
Substitution Status: 
New Part Number: 
Superseded List: ";CABLE GLAND;;12VM70-181;12V4000M70, importar;simple;https://milu-naval.mystagingwebsite.com/wp-content/uploads/2026/01/sin_imagen.jpeg;12V4000M70;207;170;X59418100011;CABLE GLAND;M25X1.5;0.001 KGM;;;;ok;importar;import_new;cumple condiciones para articulo nuevo | PN y designation_final validos, sin conflictos criticos;import_new;cumple condiciones para articulo nuevo | PN y designation_final validos, sin conflictos criticos;engine_12V4000M70.json;1901410;207;X00027102;CABLE GLAND;M25X1.5;0.001 KGM;;;;;ok;importar;yes
XP52618100009;GEAR PUMP;xp52618100009;publish;"Engine: 12V4000M70
Part Number: XP52618100009
Designation: GEAR PUMP
Measurement: 
Weight: 5.57 KGM
Source Page: 207
BOM: X59418100011
Substitution Status: SI
New Part Number: XP52618100009
Superseded List: 8691800002, Z=330169-4";GEAR PUMP;;12VM70-181;12V4000M70, New, importar;simple;https://milu-naval.mystagingwebsite.com/wp-content/uploads/2026/01/sin_imagen.jpeg;12V4000M70;207;50;X59418100011;GEAR PUMP;;5.57 KGM;SI;XP52618100009;8691800002, Z=330169-4;ok;importar;import_new;cumple condiciones para articulo nuevo;import_new;cumple condiciones para articulo nuevo;engine_12V4000M70.json;1901411;207;XP52618100009;GEAR PUMP;;5.57 KGM;SI;New;XP52618100009;8691800002, Z=330169-4;ok;importar;yes
XP52618100013;THREE-PHASE MOTOR;xp52618100013;publish;"Engine: 12V4000M70
Part Number: XP52618100013
Designation: THREE-PHASE MOTOR
Measurement: 
Weight: 
Source Page: 207
BOM: X59418100011
Substitution Status: 
New Part Number: 
Superseded List: ";THREE-PHASE MOTOR;;12VM70-181;12V4000M70, importar;simple;https://milu-naval.mystagingwebsite.com/wp-content/uploads/2026/01/sin_imagen.jpeg;12V4000M70;207;70;X59418100011;THREE-PHASE MOTOR;;;;;;ok;importar;import_new;cumple condiciones para articulo nuevo | PN y designation_final validos, sin conflictos criticos;import_new;cumple condiciones para articulo nuevo | PN y designation_final validos, sin conflictos criticos;engine_12V4000M70.json;1901412;207;XP52618100013;THREE-PHASE MOTOR;;;;;;;ok;importar;yes
8691800023;RETAINER;8691800023;publish;"Engine: 12V4000M70
Part Number: 8691800023
Designation: RETAINER
Measurement: 
Weight: 
Source Page: 207
BOM: X59418100011
Substitution Status: SI
New Part Number: 8691800023
Superseded List: Z=PT1AO-25.201, Z=PT200 AO63-110";RETAINER;;12VM70-181;12V4000M70, New, importar;simple;https://milu-naval.mystagingwebsite.com/wp-content/uploads/2026/01/sin_imagen.jpeg;12V4000M70;207;90;X59418100011;RETAINER;;;SI;8691800023;Z=PT1AO-25.201, Z=PT200 AO63-110;ok;importar;import_new;cumple condiciones para articulo nuevo;import_new;cumple condiciones para articulo nuevo;engine_12V4000M70.json;1901413;207;8691800023;RETAINER;;;SI;New;8691800023;Z=PT1AO-25.201, Z=PT200 AO63-110;ok;importar;yes
XP56918100025;IMPELLER SHAFT;xp56918100025;publish;"Engine: 12V4000M70
Part Number: XP56918100025
Designation: IMPELLER SHAFT
Measurement: 
Weight: 0.25 KGM
Source Page: 208
BOM: XP52618100009
Substitution Status: SI
New Part Number: XP56918100025
Superseded List: Z=166806-0, Z=23 744/4";IMPELLER SHAFT;;12VM70-181;12V4000M70, New, importar;simple;https://milu-naval.mystagingwebsite.com/wp-content/uploads/2026/01/sin_imagen.jpeg;12V4000M70;208;100;XP52618100009;IMPELLER SHAFT;;0.25 KGM;SI;XP56918100025;Z=166806-0, Z=23 744/4;ok;importar;import_new;cumple condiciones para articulo nuevo;import_new;cumple condiciones para articulo nuevo;engine_12V4000M70.json;1901414;208;XP56918100025;IMPELLER SHAFT;;0.25 KGM;SI;New;XP56918100025;Z=166806-0, Z=23 744/4;ok;importar;yes
006325005102;DOWEL PIN;006325005102;publish;"Engine: 12V4000M70
Part Number: 006325005102
Designation: DOWEL PIN
Measurement: 5 M 6 X 20
Weight: 0.003 KGM
Source Page: 208
BOM: XP52618100009
Substitution Status: 
New Part Number: 
Superseded List: ";DOWEL PIN;;12VM70-181;12V4000M70, importar;simple;https://milu-naval.mystagingwebsite.com/wp-content/uploads/2026/01/sin_imagen.jpeg;12V4000M70;208;140;XP52618100009;DOWEL PIN;5 M 6 X 20;0.003 KGM;;;;ok;importar;import_new;cumple condiciones para articulo nuevo | PN y designation_final validos, sin conflictos criticos;import_new;cumple condiciones para articulo nuevo | PN y designation_final validos, sin conflictos criticos;engine_12V4000M70.json;1901416;208;006325005102;DOWEL PIN;5 M 6 X 20;0.003 KGM;;;;;ok;importar;yes
XP56918100021;COVER;xp56918100021;publish;"Engine: 12V4000M70
Part Number: XP56918100021
Designation: COVER
Measurement: 
Weight: 1.39 KGM
Source Page: 208
BOM: XP52618100009
Substitution Status: SI
New Part Number: XP56918100021
Superseded List: Z=185800-0, Z=ST 23591";COVER;;12VM70-181;12V4000M70, New, importar;simple;https://milu-naval.mystagingwebsite.com/wp-content/uploads/2026/01/sin_imagen.jpeg;12V4000M70;208;20;XP52618100009;COVER;;1.39 KGM;SI;XP56918100021;Z=185800-0, Z=ST 23591;ok;importar;import_new;cumple condiciones para articulo nuevo;import_new;cumple condiciones para articulo nuevo;engine_12V4000M70.json;1901419;208;XP56918100021;COVER;;1.39 KGM;SI;New;XP56918100021;Z=185800-0, Z=ST 23591;ok;importar;yes
XP58799101240;PLUG;xp58799101240;publish;"Engine: 12V4000M70
Part Number: XP58799101240
Designation: PLUG
Measurement: 
Weight: 
Source Page: 208
BOM: XP52618100009
Substitution Status: 
New Part Number: 
Superseded List: ";PLUG;;12VM70-181;12V4000M70, importar;simple;https://milu-naval.mystagingwebsite.com/wp-content/uploads/2026/01/sin_imagen.jpeg;12V4000M70;208;240;XP52618100009;PLUG;;;;;;ok;importar;import_new;cumple condiciones para articulo nuevo | PN y designation_final validos, sin conflictos criticos;import_new;cumple condiciones para articulo nuevo | PN y designation_final validos, sin conflictos criticos;engine_12V4000M70.json;1901422;208;XP58799101240;PLUG;;;;;;;ok;importar;yes
XP56918100022;GEARCASE;xp56918100022;publish;"Engine: 12V4000M70
Part Number: XP56918100022
Designation: GEARCASE
Measurement: 
Weight: 0,400 kg
Source Page: 208
BOM: XP52618100009
Substitution Status: SI
New Part Number: XP56918100022
Superseded List: Z=185194-8, Z=ST 24060";GEARCASE;;12VM70-181;12V4000M70, New, importar;simple;https://milu-naval.mystagingwebsite.com/wp-content/uploads/2026/01/sin_imagen.jpeg;12V4000M70;208;40;XP52618100009;GEARCASE;;0,400 kg;SI;XP56918100022;Z=185194-8, Z=ST 24060;ok;importar;import_new;cumple condiciones para articulo nuevo;import_new;cumple condiciones para articulo nuevo;engine_12V4000M70.json;1901423;208;XP56918100022;GEARCASE;;0,400 kg;SI;New;XP56918100022;Z=185194-8, Z=ST 24060;ok;importar;yes
XP56918100023;PR. LIM VV;xp56918100023;publish;"Engine: 12V4000M70
Part Number: XP56918100023
Designation: PR. LIM VV
Measurement: 
Weight: 1.269 KGM
Source Page: 208
BOM: XP52618100009
Substitution Status: SI
New Part Number: XP56918100023
Superseded List: Z=182004-2, Z=ST 23944/4";PR. LIM VV;;12VM70-181;12V4000M70, New, importar;simple;https://milu-naval.mystagingwebsite.com/wp-content/uploads/2026/01/sin_imagen.jpeg;12V4000M70;208;60;XP52618100009;PR. LIM VV;;1.269 KGM;SI;XP56918100023;Z=182004-2, Z=ST 23944/4;ok;importar;import_new;cumple condiciones para articulo nuevo;import_new;cumple condiciones para articulo nuevo;engine_12V4000M70.json;1901424;208;XP56918100023;PR. LIM VV;;1.269 KGM;SI;New;XP56918100023;Z=182004-2, Z=ST 23944/4;ok;importar;yes
XP56918100024;OUTPUT SHAFT;xp56918100024;publish;"Engine: 12V4000M70
Part Number: XP56918100024
Designation: OUTPUT SHAFT
Measurement: 
Weight: 0.374 KGM
Source Page: 208
BOM: XP52618100009
Substitution Status: SI
New Part Number: XP56918100024
Superseded List: Z=166933-2, Z=23 669/3";OUTPUT SHAFT;;12VM70-181;12V4000M70, New, importar;simple;https://milu-naval.mystagingwebsite.com/wp-content/uploads/2026/01/sin_imagen.jpeg;12V4000M70;208;80;XP52618100009;OUTPUT SHAFT;;0.374 KGM;SI;XP56918100024;Z=166933-2, Z=23 669/3;ok;importar;import_new;cumple condiciones para articulo nuevo;import_new;cumple condiciones para articulo nuevo;engine_12V4000M70.json;1901425;208;XP56918100024;OUTPUT SHAFT;;0.374 KGM;SI;New;XP56918100024;Z=166933-2, Z=23 669/3;ok;importar;yes
X52618500042;OIL LINE;x52618500042;publish;"Engine: 12V4000M70
Part Number: X52618500042
Designation: OIL LINE
Measurement: 
Weight: 0.383 KGM
Source Page: 227
BOM: XS526180.00021
Substitution Status: 
New Part Number: 
Superseded List: ";OIL LINE;;12VM70-185;12V4000M70, importar;simple;https://milu-naval.mystagingwebsite.com/wp-content/uploads/2026/01/sin_imagen.jpeg;12V4000M70;227;1600;XS526180.00021;OIL LINE;;0.383 KGM;;;;ok;importar;import_new;cumple condiciones para articulo nuevo | PN y designation_final validos, sin conflictos criticos;import_new;cumple condiciones para articulo nuevo | PN y designation_final validos, sin conflictos criticos;engine_12V4000M70.json;1901538;227;X52618500042;OIL LINE;;0.383 KGM;;;;;ok;importar;yes
X52618500041;OIL LINE;x52618500041;publish;"Engine: 12V4000M70
Part Number: X52618500041
Designation: OIL LINE
Measurement: 
Weight: 0.39 KGM
Source Page: 227
BOM: XS526180.00021
Substitution Status: 
New Part Number: 
Superseded List: ";OIL LINE;;12VM70-185;12V4000M70, importar;simple;https://milu-naval.mystagingwebsite.com/wp-content/uploads/2026/01/sin_imagen.jpeg;12V4000M70;227;750;XS526180.00021;OIL LINE;;0.39 KGM;;;;ok;importar;import_new;cumple condiciones para articulo nuevo | PN y designation_final validos, sin conflictos criticos;import_new;cumple condiciones para articulo nuevo | PN y designation_final validos, sin conflictos criticos;engine_12V4000M70.json;1901548;227;X52618500041;OIL LINE;;0.39 KGM;;;;;ok;importar;yes
X52699100339;COVER;x52699100339;publish;"Engine: 12V4000M70
Part Number: X52699100339
Designation: COVER
Measurement: nan
Weight: 0.07 KGM
Source Page: 231
BOM: XS593990.00013
Substitution Status: 
New Part Number: 
Superseded List: ";COVER;;12VM70-185;12V4000M70, importar;simple;https://milu-naval.mystagingwebsite.com/wp-content/uploads/2026/01/sin_imagen.jpeg;12V4000M70;231;150;XS593990.00013;COVER;nan;0.07 KGM;;;;ok;importar;import_new;cumple condiciones para articulo nuevo | PN y designation_final validos, sin conflictos criticos;import_new;cumple condiciones para articulo nuevo | PN y designation_final validos, sin conflictos criticos;engine_12V4000M70.json;1901578;231;X52699100339;COVER;nan;0.07 KGM;;;;;ok;importar;yes
X52699100340;COVER;x52699100340;publish;"Engine: 12V4000M70
Part Number: X52699100340
Designation: COVER
Measurement: nan
Weight: 0.079 KGM
Source Page: 231
BOM: XS593990.00013
Substitution Status: 
New Part Number: 
Superseded List: ";COVER;;12VM70-185;12V4000M70, importar;simple;https://milu-naval.mystagingwebsite.com/wp-content/uploads/2026/01/sin_imagen.jpeg;12V4000M70;231;200;XS593990.00013;COVER;nan;0.079 KGM;;;;ok;importar;import_new;cumple condiciones para articulo nuevo | PN y designation_final validos, sin conflictos criticos;import_new;cumple condiciones para articulo nuevo | PN y designation_final validos, sin conflictos criticos;engine_12V4000M70.json;1901580;231;X52699100340;COVER;nan;0.079 KGM;;;;;ok;importar;yes
X00058041;3M ALUMINIUM ADHESIV;x00058041;publish;"Engine: 12V4000M70
Part Number: X00058041
Designation: 3M ALUMINIUM ADHESIV
Measurement: nan
Weight: 0.895 KGM
Source Page: 234
BOM: X00023975
Substitution Status: SI
New Part Number: X00058041
Superseded List: X00026424";3M ALUMINIUM ADHESIV;;12VM70-188;12V4000M70, New, importar;simple;https://milu-naval.mystagingwebsite.com/wp-content/uploads/2026/01/sin_imagen.jpeg;12V4000M70;234;nan;X00023975;3M ALUMINIUM ADHESIV;nan;0.895 KGM;SI;X00058041;X00026424;ok;importar;import_new;cumple condiciones para articulo nuevo;import_new;cumple condiciones para articulo nuevo;engine_12V4000M70.json;1901590;234;X00058041;3M ALUMINIUM ADHESIV;nan;0.895 KGM;SI;New;X00058041;X00026424;ok;importar;yes
X00019005;RETAINER 1;x00019005;publish;"Engine: 12V4000M70
Part Number: X00019005
Designation: RETAINER 1
Measurement: nan
Weight: nan
Source Page: 256
BOM: X52650700086
Substitution Status: 
New Part Number: 
Superseded List: ";RETAINER 1;;12VM70-200;12V4000M70, importar;simple;https://milu-naval.mystagingwebsite.com/wp-content/uploads/2026/01/sin_imagen.jpeg;12V4000M70;256;50;X52650700086;RETAINER 1;nan;nan;;;;ok;importar;import_new;cumple condiciones para articulo nuevo | PN y designation_final validos, sin conflictos criticos;import_new;cumple condiciones para articulo nuevo | PN y designation_final validos, sin conflictos criticos;engine_12V4000M70.json;1901885;256;X00019005;RETAINER 1;nan;nan;;;;;ok;importar;yes
10 5242032022;ELBOW 4000 1;10-5242032022;publish;"Engine: 12V4000M70
Part Number: 10 5242032022
Designation: ELBOW 4000 1
Measurement: nan
Weight: nan
Source Page: 275
BOM: 200.00013
Substitution Status: 
New Part Number: 5242032022
Superseded List: 5242032022";ELBOW 4000 1;;12VM70-207;12V4000M70, importar;simple;https://milu-naval.mystagingwebsite.com/wp-content/uploads/2026/01/sin_imagen.jpeg;12V4000M70;275;nan;200.00013;ELBOW 4000 1;nan;nan;;5242032022;5242032022;ok;importar;import_new;cumple condiciones para articulo nuevo | PN y designation_final validos, sin conflictos criticos;import_new;cumple condiciones para articulo nuevo | PN y designation_final validos, sin conflictos criticos;engine_12V4000M70.json;1902019;275;10 5242032022;ELBOW 4000 1;nan;nan;;;5242032022;5242032022;ok;importar;yes
X00034015;RUBBER ELEMENT;x00034015;publish;"Engine: 12V4000M70
Part Number: X00034015
Designation: RUBBER ELEMENT
Measurement: 190X94
Weight: 2.703 KGM
Source Page: 296
BOM: 0022370912
Substitution Status: 
New Part Number: 
Superseded List: ";RUBBER ELEMENT;;12VM70-231;12V4000M70, importar;simple;https://milu-naval.mystagingwebsite.com/wp-content/uploads/2026/01/sin_imagen.jpeg;12V4000M70;296;40;0022370912;RUBBER ELEMENT;190X94;2.703 KGM;;;;ok;importar;import_new;cumple condiciones para articulo nuevo | PN y designation_final validos, sin conflictos criticos;import_new;cumple condiciones para articulo nuevo | PN y designation_final validos, sin conflictos criticos;engine_12V4000M70.json;1902137;296;X00034015;RUBBER ELEMENT;190X94;2.703 KGM;;;;;ok;importar;yes
X00034043;COVER;x00034043;publish;"Engine: 12V4000M70
Part Number: X00034043
Designation: COVER
Measurement: 
Weight: 
Source Page: 296
BOM: 0022370912
Substitution Status: 
New Part Number: 
Superseded List: ";COVER;;12VM70-231;12V4000M70, importar;simple;https://milu-naval.mystagingwebsite.com/wp-content/uploads/2026/01/sin_imagen.jpeg;12V4000M70;296;60;0022370912;COVER;;;;;;ok;importar;import_new;cumple condiciones para articulo nuevo | PN y designation_final validos, sin conflictos criticos;import_new;cumple condiciones para articulo nuevo | PN y designation_final validos, sin conflictos criticos;engine_12V4000M70.json;1902139;296;X00034043;COVER;;;;;;;ok;importar;yes
X00034045;SHIM;x00034045;publish;"Engine: 12V4000M70
Part Number: X00034045
Designation: SHIM
Measurement: 
Weight: 0.037 KGM
Source Page: 296
BOM: 0022370912
Substitution Status: 
New Part Number: 
Superseded List: ";SHIM;;12VM70-231;12V4000M70, importar;simple;https://milu-naval.mystagingwebsite.com/wp-content/uploads/2026/01/sin_imagen.jpeg;12V4000M70;296;70;0022370912;SHIM;;0.037 KGM;;;;ok;importar;import_new;cumple condiciones para articulo nuevo | PN y designation_final validos, sin conflictos criticos;import_new;cumple condiciones para articulo nuevo | PN y designation_final validos, sin conflictos criticos;engine_12V4000M70.json;1902140;296;X00034045;SHIM;;0.037 KGM;;;;;ok;importar;yes
000933012120;HEX SCREW;000933012120;publish;"Engine: 12V4000M70
Part Number: 000933012120
Designation: HEX SCREW
Measurement: M 12 X 45
Weight: 0.049 KGM
Source Page: 299
BOM: 240.00000
Substitution Status: SI
New Part Number: 000933012120
Superseded List: 000931012139, 304017012017";HEX SCREW;;12VM70-241;12V4000M70, New, importar;simple;https://milu-naval.mystagingwebsite.com/wp-content/uploads/2026/01/sin_imagen.jpeg;12V4000M70;299;25;240.00000;HEX SCREW;M 12 X 45;0.049 KGM;SI;000933012120;000931012139, 304017012017;ok;importar;import_new;cumple condiciones para articulo nuevo;import_new;cumple condiciones para articulo nuevo;engine_12V4000M70.json;1902148;299;000933012120;HEX SCREW;M 12 X 45;0.049 KGM;SI;New;000933012120;000931012139, 304017012017;ok;importar;yes
Z=EN 28752 6X60;SLOTTED SPRING PIN;z-en-28752-6x60;publish;"Engine: 12V4000M70
Part Number: Z=EN 28752 6X60
Designation: SLOTTED SPRING PIN
Measurement: nan
Weight: 
Source Page: 303
BOM: 0162509901
Substitution Status: 
New Part Number: 
Superseded List: ";SLOTTED SPRING PIN;;12VM70-241;12V4000M70, importar;simple;https://milu-naval.mystagingwebsite.com/wp-content/uploads/2026/01/sin_imagen.jpeg;12V4000M70;303;115;0162509901;SLOTTED SPRING PIN;nan;;;;;ok;importar;import_new;cumple condiciones para articulo nuevo | PN y designation_final validos, sin conflictos criticos;import_new;cumple condiciones para articulo nuevo | PN y designation_final validos, sin conflictos criticos;engine_12V4000M70.json;1902154;303;Z=EN 28752 6X60;SLOTTED SPRING PIN;nan;;;;;;ok;importar;yes
Z=G1 04683A;RING;z-g1-04683a;publish;"Engine: 12V4000M70
Part Number: Z=G1 04683A
Designation: RING
Measurement: nan
Weight: 
Source Page: 303
BOM: 0162509901
Substitution Status: 
New Part Number: 
Superseded List: ";RING;;12VM70-241;12V4000M70, importar;simple;https://milu-naval.mystagingwebsite.com/wp-content/uploads/2026/01/sin_imagen.jpeg;12V4000M70;303;15;0162509901;RING;nan;;;;;ok;importar;import_new;cumple condiciones para articulo nuevo | PN y designation_final validos, sin conflictos criticos;import_new;cumple condiciones para articulo nuevo | PN y designation_final validos, sin conflictos criticos;engine_12V4000M70.json;1902156;303;Z=G1 04683A;RING;nan;;;;;;ok;importar;yes
Z=G4 10826A;CLAMPING RING;z-g4-10826a;publish;"Engine: 12V4000M70
Part Number: Z=G4 10826A
Designation: CLAMPING RING
Measurement: nan
Weight: 
Source Page: 303
BOM: 0162509901
Substitution Status: 
New Part Number: 
Superseded List: ";CLAMPING RING;;12VM70-241;12V4000M70, importar;simple;https://milu-naval.mystagingwebsite.com/wp-content/uploads/2026/01/sin_imagen.jpeg;12V4000M70;303;20;0162509901;CLAMPING RING;nan;;;;;ok;importar;import_new;cumple condiciones para articulo nuevo | PN y designation_final validos, sin conflictos criticos;import_new;cumple condiciones para articulo nuevo | PN y designation_final validos, sin conflictos criticos;engine_12V4000M70.json;1902157;303;Z=G4 10826A;CLAMPING RING;nan;;;;;;ok;importar;yes
Z=G1 04600A;PLATE;z-g1-04600a;publish;"Engine: 12V4000M70
Part Number: Z=G1 04600A
Designation: PLATE
Measurement: nan
Weight: 
Source Page: 303
BOM: 0162509901
Substitution Status: 
New Part Number: 
Superseded List: ";PLATE;;12VM70-241;12V4000M70, importar;simple;https://milu-naval.mystagingwebsite.com/wp-content/uploads/2026/01/sin_imagen.jpeg;12V4000M70;303;25;0162509901;PLATE;nan;;;;;ok;importar;import_new;cumple condiciones para articulo nuevo | PN y designation_final validos, sin conflictos criticos;import_new;cumple condiciones para articulo nuevo | PN y designation_final validos, sin conflictos criticos;engine_12V4000M70.json;1902158;303;Z=G1 04600A;PLATE;nan;;;;;;ok;importar;yes
Z=G1 04601A;INNER STAR;z-g1-04601a;publish;"Engine: 12V4000M70
Part Number: Z=G1 04601A
Designation: INNER STAR
Measurement: nan
Weight: 
Source Page: 303
BOM: 0162509901
Substitution Status: 
New Part Number: 
Superseded List: ";INNER STAR;;12VM70-241;12V4000M70, importar;simple;https://milu-naval.mystagingwebsite.com/wp-content/uploads/2026/01/sin_imagen.jpeg;12V4000M70;303;30;0162509901;INNER STAR;nan;;;;;ok;importar;import_new;cumple condiciones para articulo nuevo | PN y designation_final validos, sin conflictos criticos;import_new;cumple condiciones para articulo nuevo | PN y designation_final validos, sin conflictos criticos;engine_12V4000M70.json;1902159;303;Z=G1 04601A;INNER STAR;nan;;;;;;ok;importar;yes
Z=G3 05971A;SEALING RING;z-g3-05971a;publish;"Engine: 12V4000M70
Part Number: Z=G3 05971A
Designation: SEALING RING
Measurement: nan
Weight: 
Source Page: 303
BOM: 0162509901
Substitution Status: 
New Part Number: 
Superseded List: ";SEALING RING;;12VM70-241;12V4000M70, importar;simple;https://milu-naval.mystagingwebsite.com/wp-content/uploads/2026/01/sin_imagen.jpeg;12V4000M70;303;35;0162509901;SEALING RING;nan;;;;;ok;importar;import_new;cumple condiciones para articulo nuevo | PN y designation_final validos, sin conflictos criticos;import_new;cumple condiciones para articulo nuevo | PN y designation_final validos, sin conflictos criticos;engine_12V4000M70.json;1902160;303;Z=G3 05971A;SEALING RING;nan;;;;;;ok;importar;yes
Z=48X48X0.2;SHIM;z-48x48x0-2;publish;"Engine: 12V4000M70
Part Number: Z=48X48X0.2
Designation: SHIM
Measurement: nan
Weight: 
Source Page: 303
BOM: 0162509901
Substitution Status: 
New Part Number: 
Superseded List: ";SHIM;;12VM70-241;12V4000M70, importar;simple;https://milu-naval.mystagingwebsite.com/wp-content/uploads/2026/01/sin_imagen.jpeg;12V4000M70;303;45;0162509901;SHIM;nan;;;;;ok;importar;import_new;cumple condiciones para articulo nuevo | PN y designation_final validos, sin conflictos criticos;import_new;cumple condiciones para articulo nuevo | PN y designation_final validos, sin conflictos criticos;engine_12V4000M70.json;1902162;303;Z=48X48X0.2;SHIM;nan;;;;;;ok;importar;yes
Z=EN 24014 M12X50;HEX SCREW;z-en-24014-m12x50;publish;"Engine: 12V4000M70
Part Number: Z=EN 24014 M12X50
Designation: HEX SCREW
Measurement: nan
Weight: 
Source Page: 303
BOM: 0162509901
Substitution Status: 
New Part Number: 
Superseded List: ";HEX SCREW;;12VM70-241;12V4000M70, importar;simple;https://milu-naval.mystagingwebsite.com/wp-content/uploads/2026/01/sin_imagen.jpeg;12V4000M70;303;60;0162509901;HEX SCREW;nan;;;;;ok;importar;import_new;cumple condiciones para articulo nuevo | PN y designation_final validos, sin conflictos criticos;import_new;cumple condiciones para articulo nuevo | PN y designation_final validos, sin conflictos criticos;engine_12V4000M70.json;1902165;303;Z=EN 24014 M12X50;HEX SCREW;nan;;;;;;ok;importar;yes
Z=2.201 028 Z=2.201 029 Z=152003 Z=2.201 031 8691810014 Z=2.261 074 Z=2.201 033 8691810007 Z=2.201 035 8691810008 8699970175 8699970176 Z=152007 Z=152007 304017008081 000934008008 304017008084 000934008008 Z=151009 40201 000934010005;nan;z-2-201-028-z-2-201-029-z-152003-z-2-201-031-8691810014-z-2-261-074-z-2-201-033-8691810007-z-2-201-035-8691810008-8699970175-8699970176-z-152007-z-152007-304017008081-000934008008-304017008084-000934008008-z-151009-40201-000934010005;publish;"Engine: 12V4000M70
Part Number: Z=2.201 028 Z=2.201 029 Z=152003 Z=2.201 031 8691810014 Z=2.261 074 Z=2.201 033 8691810007 Z=2.201 035 8691810008 8699970175 8699970176 Z=152007 Z=152007 304017008081 000934008008 304017008084 000934008008 Z=151009 40201 000934010005
Designation: nan
Measurement: nan
Weight: nan
Source Page: 306
BOM: 0001812398
Substitution Status: 
New Part Number: 
Superseded List: ";nan;;12VM70-241;12V4000M70, importar;simple;https://milu-naval.mystagingwebsite.com/wp-content/uploads/2026/01/sin_imagen.jpeg;12V4000M70;306;10 15 20 25 30 35 40 45 50 55 60 65 70 75 80 85 90 95 100 105 110;0001812398;nan;nan;nan;;;;ok;importar;import_new;cumple condiciones para articulo nuevo | PN y designation_final validos, sin conflictos criticos;import_new;cumple condiciones para articulo nuevo | PN y designation_final validos, sin conflictos criticos;engine_12V4000M70.json;1902175;306;Z=2.201 028 Z=2.201 029 Z=152003 Z=2.201 031 8691810014 Z=2.261 074 Z=2.201 033 8691810007 Z=2.201 035 8691810008 8699970175 8699970176 Z=152007 Z=152007 304017008081 000934008008 304017008084 000934008008 Z=151009 40201 000934010005;nan;nan;nan;;;;;ok;importar;yes
Z=2.201 031;PIN;z-2-201-031;publish;"Engine: 12V4000M70
Part Number: Z=2.201 031
Designation: PIN
Measurement: nan
Weight: 0.183 KGM
Source Page: 306
BOM: 0001812398
Substitution Status: SI
New Part Number: Z=2.201 031
Superseded List: 2.201031";PIN;;12VM70-241;12V4000M70, New, importar;simple;https://milu-naval.mystagingwebsite.com/wp-content/uploads/2026/01/sin_imagen.jpeg;12V4000M70;306;25;0001812398;PIN;nan;0.183 KGM;SI;Z=2.201 031;2.201031;ok;importar;import_new;cumple condiciones para articulo nuevo;import_new;cumple condiciones para articulo nuevo;engine_12V4000M70.json;1902180;306;Z=2.201 031;PIN;nan;0.183 KGM;SI;New;Z=2.201 031;2.201031;ok;importar;yes
X00E50208386;PRESSURE SENSOR;x00e50208386;publish;"Engine: 12V4000M70
Part Number: X00E50208386
Designation: PRESSURE SENSOR
Measurement: M14X1,5 SW=27 KERAMIK
Weight: 0.105 KGM
Source Page: 314
BOM: 500.00274
Substitution Status: SI
New Part Number: X00E50208386
Superseded List: 0035352431, 0045358931";PRESSURE SENSOR;;12VM70-507;12V4000M70, New, importar;simple;https://milu-naval.mystagingwebsite.com/wp-content/uploads/2026/01/sin_imagen.jpeg;12V4000M70;314;110;500.00274;PRESSURE SENSOR;M14X1,5 SW=27 KERAMIK;0.105 KGM;SI;X00E50208386;0035352431, 0045358931;ok;importar;import_new;cumple condiciones para articulo nuevo;import_new;cumple condiciones para articulo nuevo;engine_12V4000M70.json;1902201;314;X00E50208386;PRESSURE SENSOR;M14X1,5 SW=27 KERAMIK;0.105 KGM;SI;New;X00E50208386;0035352431, 0045358931;ok;importar;yes
X00E50207213;PRESSURE SENSOR;x00e50207213;publish;"Engine: 12V4000M70
Part Number: X00E50207213
Designation: PRESSURE SENSOR
Measurement: KEGEL M14X1,5 SW=27 TYP:EPN
Weight: 0.117 KGM
Source Page: 333
BOM: 500.00987
Substitution Status: SI
New Part Number: X00E50207213
Superseded List: 0035353931, X00038945";PRESSURE SENSOR;;12VM70-507;12V4000M70, New, importar;simple;https://milu-naval.mystagingwebsite.com/wp-content/uploads/2026/01/X00E50207213.jpeg;12V4000M70;333;305;500.00987;PRESSURE SENSOR;KEGEL M14X1,5 SW=27 TYP:EPN;0.117 KGM;SI;X00E50207213;0035353931, X00038945;ok;importar;import_new;cumple condiciones para articulo nuevo;import_new;cumple condiciones para articulo nuevo;engine_12V4000M70.json;1902343;333;X00E50207213;PRESSURE SENSOR;KEGEL M14X1,5 SW=27 TYP:EPN;0.117 KGM;SI;New;X00E50207213;0035353931, X00038945;ok;importar;yes
0165315983;MALE CONNECTOR;0165315983;publish;"Engine: 12V4000M70
Part Number: 0165315983
Designation: MALE CONNECTOR
Measurement: GR.16, 26-POL. N PIN 1QMM
Weight: 0.039 KGM
Source Page: 336
BOM: 5275302925
Substitution Status: SI
New Part Number: 0165315983
Superseded List: 0155315283";MALE CONNECTOR;;12VM70-507;12V4000M70, New, importar;simple;https://milu-naval.mystagingwebsite.com/wp-content/uploads/2026/01/sin_imagen.jpeg;12V4000M70;336;40;5275302925;MALE CONNECTOR;GR.16, 26-POL. N PIN 1QMM;0.039 KGM;SI;0165315983;0155315283;ok;importar;import_new;cumple condiciones para articulo nuevo;import_new;cumple condiciones para articulo nuevo;engine_12V4000M70.json;1902385;336;0165315983;MALE CONNECTOR;GR.16, 26-POL. N PIN 1QMM;0.039 KGM;SI;New;0165315983;0155315283;ok;importar;yes
X00E;PIPE;x00e;publish;"Engine: 12V4000M70
Part Number: X00E
Designation: PIPE
Measurement: 
Weight: nan
Source Page: 336
BOM: 5275302925
Substitution Status: 
New Part Number: 
Superseded List: ";PIPE;;12VM70-507;12V4000M70, importar;simple;https://milu-naval.mystagingwebsite.com/wp-content/uploads/2026/01/sin_imagen.jpeg;12V4000M70;336;55;5275302925;PIPE;;nan;;;;ok;importar;import_new;cumple condiciones para articulo nuevo | PN y designation_final validos, sin conflictos criticos;import_new;cumple condiciones para articulo nuevo | PN y designation_final validos, sin conflictos criticos;engine_12V4000M70.json;1902388;336;X00E;PIPE;;nan;;;;;ok;importar;yes
5275332789;PLATE FOR ECU;5275332789;publish;"Engine: 12V4000M70
Part Number: 5275332789
Designation: PLATE FOR ECU
Measurement: 
Weight: 0,005 kg
Source Page: 343
BOM: X00E50206616
Substitution Status: 
New Part Number: 
Superseded List: ";PLATE FOR ECU;;12VM70-507;12V4000M70, importar;simple;https://milu-naval.mystagingwebsite.com/wp-content/uploads/2026/01/sin_imagen.jpeg;12V4000M70;343;105;X00E50206616;PLATE FOR ECU;;0,005 kg;;;;ok;importar;import_new;cumple condiciones para articulo nuevo | PN y designation_final validos, sin conflictos criticos;import_new;cumple condiciones para articulo nuevo | PN y designation_final validos, sin conflictos criticos;engine_12V4000M70.json;1902402;343;5275332789;PLATE FOR ECU;;0,005 kg;;;;;ok;importar;yes
0119900001;SCREW;0119900001;publish;"Engine: 12V4000M70
Part Number: 0119900001
Designation: SCREW
Measurement: CE M4 X 25
Weight: 0.003 KGM
Source Page: 343
BOM: X00E50206616
Substitution Status: 
New Part Number: 
Superseded List: ";SCREW;;12VM70-507;12V4000M70, importar;simple;https://milu-naval.mystagingwebsite.com/wp-content/uploads/2026/01/sin_imagen.jpeg;12V4000M70;343;175;X00E50206616;SCREW;CE M4 X 25;0.003 KGM;;;;ok;importar;import_new;cumple condiciones para articulo nuevo | PN y designation_final validos, sin conflictos criticos;import_new;cumple condiciones para articulo nuevo | PN y designation_final validos, sin conflictos criticos;engine_12V4000M70.json;1902409;343;0119900001;SCREW;CE M4 X 25;0.003 KGM;;;;;ok;importar;yes
X00E50208847;PLUG-IN BOARD;x00e50208847;publish;"Engine: 12V4000M70
Part Number: X00E50208847
Designation: PLUG-IN BOARD
Measurement: MEM11-01
Weight: 0.01 KGM
Source Page: 343
BOM: X00E50206616
Substitution Status: SI
New Part Number: X00E50208847
Superseded List: 5005317674, 5005317674/77, X00E50208847/77";PLUG-IN BOARD;;12VM70-507;12V4000M70, New, importar;simple;https://milu-naval.mystagingwebsite.com/wp-content/uploads/2026/01/sin_imagen.jpeg;12V4000M70;343;85;X00E50206616;PLUG-IN BOARD;MEM11-01;0.01 KGM;SI;X00E50208847;5005317674, 5005317674/77, X00E50208847/77;ok;importar;import_new;cumple condiciones para articulo nuevo;import_new;cumple condiciones para articulo nuevo;engine_12V4000M70.json;1902425;343;X00E50208847;PLUG-IN BOARD;MEM11-01;0.01 KGM;SI;New;X00E50208847;5005317674, 5005317674/77, X00E50208847/77;ok;importar;yes
5275334889;PLATE;5275334889;publish;"Engine: 12V4000M70
Part Number: 5275334889
Designation: PLATE
Measurement: 41X28
Weight: 1,000 g
Source Page: 344
BOM: 5255380580
Substitution Status: 
New Part Number: 
Superseded List: ";PLATE;;12VM70-507;12V4000M70, importar;simple;https://milu-naval.mystagingwebsite.com/wp-content/uploads/2026/01/sin_imagen.jpeg;12V4000M70;344;15;5255380580;PLATE;41X28;1,000 g;;;;ok;importar;import_new;cumple condiciones para articulo nuevo | PN y designation_final validos, sin conflictos criticos;import_new;cumple condiciones para articulo nuevo | PN y designation_final validos, sin conflictos criticos;engine_12V4000M70.json;1902429;344;5275334889;PLATE;41X28;1,000 g;;;;;ok;importar;yes
35 0055351531;PRESSURE SENSOR 50 BAR RELATIV;35-0055351531;publish;"Engine: 12V4000M70
Part Number: 35 0055351531
Designation: PRESSURE SENSOR 50 BAR RELATIV
Measurement: nan
Weight: nan
Source Page: 348
BOM: 510.00515
Substitution Status: 
New Part Number: 0055351531
Superseded List: 0055351531";PRESSURE SENSOR 50 BAR RELATIV;;12VM70-515;12V4000M70, importar;simple;https://milu-naval.mystagingwebsite.com/wp-content/uploads/2026/01/sin_imagen.jpeg;12V4000M70;348;nan;510.00515;PRESSURE SENSOR 50 BAR RELATIV;nan;nan;;0055351531;0055351531;ok;importar;import_new;cumple condiciones para articulo nuevo | PN y designation_final validos, sin conflictos criticos;import_new;cumple condiciones para articulo nuevo | PN y designation_final validos, sin conflictos criticos;engine_12V4000M70.json;1902439;348;35 0055351531;PRESSURE SENSOR 50 BAR RELATIV;nan;nan;;;0055351531;0055351531;ok;importar;yes
X52634200102;MARINE GEARBOX;x52634200102;publish;"Engine: 12V4000M70
Part Number: X52634200102
Designation: MARINE GEARBOX
Measurement: ZF 4650 I=3,040
Weight: 708,000 kg
Source Page: 694
BOM: X52634200227
Substitution Status: 
New Part Number: 
Superseded List: ";MARINE GEARBOX;;12VM70-342;12V4000M70, importar;simple;https://milu-naval.mystagingwebsite.com/wp-content/uploads/2026/01/sin_imagen.jpeg;12V4000M70;694;10;X52634200227;MARINE GEARBOX;ZF 4650 I=3,040;708,000 kg;;;;ok;importar;import_new;cumple condiciones para articulo nuevo | PN y designation_final validos, sin conflictos criticos;import_new;cumple condiciones para articulo nuevo | PN y designation_final validos, sin conflictos criticos;engine_12V4000M70.json;1904836;694;X52634200102;MARINE GEARBOX;ZF 4650 I=3,040;708,000 kg;;;;;ok;importar;yes
0002863601;BELL HOUSING;0002863601;publish;"Engine: 12V4000M70
Part Number: 0002863601
Designation: BELL HOUSING
Measurement: ZF 3085 216 002
Weight: 
Source Page: 694
BOM: X52634200227
Substitution Status: 
New Part Number: 
Superseded List: ";BELL HOUSING;;12VM70-342;12V4000M70, importar;simple;https://milu-naval.mystagingwebsite.com/wp-content/uploads/2026/01/sin_imagen.jpeg;12V4000M70;694;20;X52634200227;BELL HOUSING;ZF 3085 216 002;;;;;ok;importar;import_new;cumple condiciones para articulo nuevo | PN y designation_final validos, sin conflictos criticos;import_new;cumple condiciones para articulo nuevo | PN y designation_final validos, sin conflictos criticos;engine_12V4000M70.json;1904837;694;0002863601;BELL HOUSING;ZF 3085 216 002;;;;;;ok;importar;yes
X52434200011;GEARBOX MONITOR SYST;x52434200011;publish;"Engine: 12V4000M70
Part Number: X52434200011
Designation: GEARBOX MONITOR SYST
Measurement: ERW. ÜBERW. L
Weight: 13,000 kg
Source Page: 694
BOM: X52634200227
Substitution Status: 
New Part Number: 
Superseded List: ";GEARBOX MONITOR SYST;;12VM70-342;12V4000M70, importar;simple;https://milu-naval.mystagingwebsite.com/wp-content/uploads/2026/01/sin_imagen.jpeg;12V4000M70;694;40;X52634200227;GEARBOX MONITOR SYST;ERW. ÜBERW. L;13,000 kg;;;;ok;importar;import_new;cumple condiciones para articulo nuevo | PN y designation_final validos, sin conflictos criticos;import_new;cumple condiciones para articulo nuevo | PN y designation_final validos, sin conflictos criticos;engine_12V4000M70.json;1904839;694;X52434200011;GEARBOX MONITOR SYST;ERW. ÜBERW. L;13,000 kg;;;;;ok;importar;yes
X51651200001;TACHOMETER;x51651200001;publish;"Engine: 12V4000M70
Part Number: X51651200001
Designation: TACHOMETER
Measurement: 
Weight: 
Source Page: 694
BOM: X52634200227
Substitution Status: 
New Part Number: 
Superseded List: ";TACHOMETER;;12VM70-342;12V4000M70, importar;simple;https://milu-naval.mystagingwebsite.com/wp-content/uploads/2026/01/sin_imagen.jpeg;12V4000M70;694;50;X52634200227;TACHOMETER;;;;;;ok;importar;import_new;cumple condiciones para articulo nuevo | PN y designation_final validos, sin conflictos criticos;import_new;cumple condiciones para articulo nuevo | PN y designation_final validos, sin conflictos criticos;engine_12V4000M70.json;1904840;694;X51651200001;TACHOMETER;;;;;;;ok;importar;yes
0021801401;TRAILING OIL PUMP;0021801401;publish;"Engine: 12V4000M70
Part Number: 0021801401
Designation: TRAILING OIL PUMP
Measurement: 
Weight: 
Source Page: 694
BOM: X52634200227
Substitution Status: 
New Part Number: 
Superseded List: ";TRAILING OIL PUMP;;12VM70-342;12V4000M70, importar;simple;https://milu-naval.mystagingwebsite.com/wp-content/uploads/2026/01/sin_imagen.jpeg;12V4000M70;694;60;X52634200227;TRAILING OIL PUMP;;;;;;ok;importar;import_new;cumple condiciones para articulo nuevo | PN y designation_final validos, sin conflictos criticos;import_new;cumple condiciones para articulo nuevo | PN y designation_final validos, sin conflictos criticos;engine_12V4000M70.json;1904841;694;0021801401;TRAILING OIL PUMP;;;;;;;ok;importar;yes
0002802385;GEARBOX MOUNTING;0002802385;publish;"Engine: 12V4000M70
Part Number: 0002802385
Designation: GEARBOX MOUNTING
Measurement: ELAST. F.AFL.-G
Weight: 174,000 kg
Source Page: 694
BOM: X52634200227
Substitution Status: 
New Part Number: 
Superseded List: ";GEARBOX MOUNTING;;12VM70-342;12V4000M70, importar;simple;https://milu-naval.mystagingwebsite.com/wp-content/uploads/2026/01/sin_imagen.jpeg;12V4000M70;694;70;X52634200227;GEARBOX MOUNTING;ELAST. F.AFL.-G;174,000 kg;;;;ok;importar;import_new;cumple condiciones para articulo nuevo | PN y designation_final validos, sin conflictos criticos;import_new;cumple condiciones para articulo nuevo | PN y designation_final validos, sin conflictos criticos;engine_12V4000M70.json;1904842;694;0002802385;GEARBOX MOUNTING;ELAST. F.AFL.-G;174,000 kg;;;;;ok;importar;yes
X51624100002;FLANGE F/GRBOX OIL COOLING;x51624100002;publish;"Engine: 12V4000M70
Part Number: X51624100002
Designation: FLANGE F/GRBOX OIL COOLING
Measurement: M45*1,5
Weight: 
Source Page: 694
BOM: X52634200227
Substitution Status: 
New Part Number: 
Superseded List: ";FLANGE F/GRBOX OIL COOLING;;12VM70-342;12V4000M70, importar;simple;https://milu-naval.mystagingwebsite.com/wp-content/uploads/2026/01/sin_imagen.jpeg;12V4000M70;694;80;X52634200227;FLANGE F/GRBOX OIL COOLING;M45*1,5;;;;;ok;importar;import_new;cumple condiciones para articulo nuevo | PN y designation_final validos, sin conflictos criticos;import_new;cumple condiciones para articulo nuevo | PN y designation_final validos, sin conflictos criticos;engine_12V4000M70.json;1904843;694;X51624100002;FLANGE F/GRBOX OIL COOLING;M45*1,5;;;;;;ok;importar;yes
X00E50200886;TERMINAL BOX MECHANICAL;x00e50200886;publish;"Engine: 12V4000M70
Part Number: X00E50200886
Designation: TERMINAL BOX MECHANICAL
Measurement: 
Weight: 3,000 kg
Source Page: 713
BOM: X00E50200885
Substitution Status: 
New Part Number: 
Superseded List: ";TERMINAL BOX MECHANICAL;;12VM70-342;12V4000M70, importar;simple;https://milu-naval.mystagingwebsite.com/wp-content/uploads/2026/01/sin_imagen.jpeg;12V4000M70;713;130;X00E50200885;TERMINAL BOX MECHANICAL;;3,000 kg;;;;ok;importar;import_new;cumple condiciones para articulo nuevo | PN y designation_final validos, sin conflictos criticos;import_new;cumple condiciones para articulo nuevo | PN y designation_final validos, sin conflictos criticos;engine_12V4000M70.json;1904893;713;X00E50200886;TERMINAL BOX MECHANICAL;;3,000 kg;;;;;ok;importar;yes
017531228;SEPARABLE CONN;017531228;publish;"Engine: 12V4000M70
Part Number: 017531228
Designation: SEPARABLE CONN
Measurement: 
Weight: 4,000 g
Source Page: 717
BOM: X00021242
Substitution Status: 
New Part Number: 
Superseded List: ";SEPARABLE CONN;;12VM70-342;12V4000M70, importar;simple;https://milu-naval.mystagingwebsite.com/wp-content/uploads/2026/01/sin_imagen.jpeg;12V4000M70;717;105;X00021242;SEPARABLE CONN;;4,000 g;;;;ok;importar;import_new;cumple condiciones para articulo nuevo | PN y designation_final validos, sin conflictos criticos;import_new;cumple condiciones para articulo nuevo | PN y designation_final validos, sin conflictos criticos;engine_12V4000M70.json;1904918;717;017531228;SEPARABLE CONN;;4,000 g;;;;;ok;importar;yes
012531218;GUIDE PIN;012531218;publish;"Engine: 12V4000M70
Part Number: 012531218
Designation: GUIDE PIN
Measurement: 
Weight: 1,700 g
Source Page: 717
BOM: X00021242
Substitution Status: 
New Part Number: 
Superseded List: ";GUIDE PIN;;12VM70-342;12V4000M70, importar;simple;https://milu-naval.mystagingwebsite.com/wp-content/uploads/2026/01/sin_imagen.jpeg;12V4000M70;717;115;X00021242;GUIDE PIN;;1,700 g;;;;ok;importar;import_new;cumple condiciones para articulo nuevo | PN y designation_final validos, sin conflictos criticos;import_new;cumple condiciones para articulo nuevo | PN y designation_final validos, sin conflictos criticos;engine_12V4000M70.json;1904919;717;012531218;GUIDE PIN;;1,700 g;;;;;ok;importar;yes
012531228;GUIDE BUSHING;012531228;publish;"Engine: 12V4000M70
Part Number: 012531228
Designation: GUIDE BUSHING
Measurement: 
Weight: 2,700 g
Source Page: 717
BOM: X00021242
Substitution Status: 
New Part Number: 
Superseded List: ";GUIDE BUSHING;;12VM70-342;12V4000M70, importar;simple;https://milu-naval.mystagingwebsite.com/wp-content/uploads/2026/01/sin_imagen.jpeg;12V4000M70;717;125;X00021242;GUIDE BUSHING;;2,700 g;;;;ok;importar;import_new;cumple condiciones para articulo nuevo | PN y designation_final validos, sin conflictos criticos;import_new;cumple condiciones para articulo nuevo | PN y designation_final validos, sin conflictos criticos;engine_12V4000M70.json;1904920;717;012531228;GUIDE BUSHING;;2,700 g;;;;;ok;importar;yes
017531978;TRANSPORT PROT;017531978;publish;"Engine: 12V4000M70
Part Number: 017531978
Designation: TRANSPORT PROT
Measurement: 
Weight: 3,000 g
Source Page: 717
BOM: X00021242
Substitution Status: 
New Part Number: 
Superseded List: ";TRANSPORT PROT;;12VM70-342;12V4000M70, importar;simple;https://milu-naval.mystagingwebsite.com/wp-content/uploads/2026/01/sin_imagen.jpeg;12V4000M70;717;135;X00021242;TRANSPORT PROT;;3,000 g;;;;ok;importar;import_new;cumple condiciones para articulo nuevo | PN y designation_final validos, sin conflictos criticos;import_new;cumple condiciones para articulo nuevo | PN y designation_final validos, sin conflictos criticos;engine_12V4000M70.json;1904921;717;017531978;TRANSPORT PROT;;3,000 g;;;;;ok;importar;yes
017531268;PROTECTIVE CAP CONNECTOR;017531268;publish;"Engine: 12V4000M70
Part Number: 017531268
Designation: PROTECTIVE CAP CONNECTOR
Measurement: 
Weight: 3,000 g
Source Page: 717
BOM: X00021242
Substitution Status: 
New Part Number: 
Superseded List: ";PROTECTIVE CAP CONNECTOR;;12VM70-342;12V4000M70, importar;simple;https://milu-naval.mystagingwebsite.com/wp-content/uploads/2026/01/sin_imagen.jpeg;12V4000M70;717;145;X00021242;PROTECTIVE CAP CONNECTOR;;3,000 g;;;;ok;importar;import_new;cumple condiciones para articulo nuevo | PN y designation_final validos, sin conflictos criticos;import_new;cumple condiciones para articulo nuevo | PN y designation_final validos, sin conflictos criticos;engine_12V4000M70.json;1904922;717;017531268;PROTECTIVE CAP CONNECTOR;;3,000 g;;;;;ok;importar;yes
016531528;BAYONET COUPLI;016531528;publish;"Engine: 12V4000M70
Part Number: 016531528
Designation: BAYONET COUPLI
Measurement: 
Weight: 117,500 g
Source Page: 717
BOM: X00021242
Substitution Status: 
New Part Number: 
Superseded List: ";BAYONET COUPLI;;12VM70-342;12V4000M70, importar;simple;https://milu-naval.mystagingwebsite.com/wp-content/uploads/2026/01/sin_imagen.jpeg;12V4000M70;717;155;X00021242;BAYONET COUPLI;;117,500 g;;;;ok;importar;import_new;cumple condiciones para articulo nuevo | PN y designation_final validos, sin conflictos criticos;import_new;cumple condiciones para articulo nuevo | PN y designation_final validos, sin conflictos criticos;engine_12V4000M70.json;1904923;717;016531528;BAYONET COUPLI;;117,500 g;;;;;ok;importar;yes
501530473;CABLE IN HOUSIN;501530473;publish;"Engine: 12V4000M70
Part Number: 501530473
Designation: CABLE IN HOUSIN
Measurement: 
Weight: 3,000 g
Source Page: 717
BOM: X00021242
Substitution Status: 
New Part Number: 
Superseded List: ";CABLE IN HOUSIN;;12VM70-342;12V4000M70, importar;simple;https://milu-naval.mystagingwebsite.com/wp-content/uploads/2026/01/sin_imagen.jpeg;12V4000M70;717;165;X00021242;CABLE IN HOUSIN;;3,000 g;;;;ok;importar;import_new;cumple condiciones para articulo nuevo | PN y designation_final validos, sin conflictos criticos;import_new;cumple condiciones para articulo nuevo | PN y designation_final validos, sin conflictos criticos;engine_12V4000M70.json;1904924;717;501530473;CABLE IN HOUSIN;;3,000 g;;;;;ok;importar;yes
017531278;PROTECTIVE CAP CONNECTOR;017531278;publish;"Engine: 12V4000M70
Part Number: 017531278
Designation: PROTECTIVE CAP CONNECTOR
Measurement: 
Weight: 78,440 g
Source Page: 717
BOM: X00021242
Substitution Status: 
New Part Number: 
Superseded List: ";PROTECTIVE CAP CONNECTOR;;12VM70-342;12V4000M70, importar;simple;https://milu-naval.mystagingwebsite.com/wp-content/uploads/2026/01/sin_imagen.jpeg;12V4000M70;717;175;X00021242;PROTECTIVE CAP CONNECTOR;;78,440 g;;;;ok;importar;import_new;cumple condiciones para articulo nuevo | PN y designation_final validos, sin conflictos criticos;import_new;cumple condiciones para articulo nuevo | PN y designation_final validos, sin conflictos criticos;engine_12V4000M70.json;1904925;717;017531278;PROTECTIVE CAP CONNECTOR;;78,440 g;;;;;ok;importar;yes
017531098;BAYONET COUPLI;017531098;publish;"Engine: 12V4000M70
Part Number: 017531098
Designation: BAYONET COUPLI
Measurement: 
Weight: 157,800 g
Source Page: 717
BOM: X00021242
Substitution Status: 
New Part Number: 
Superseded List: ";BAYONET COUPLI;;12VM70-342;12V4000M70, importar;simple;https://milu-naval.mystagingwebsite.com/wp-content/uploads/2026/01/sin_imagen.jpeg;12V4000M70;717;185;X00021242;BAYONET COUPLI;;157,800 g;;;;ok;importar;import_new;cumple condiciones para articulo nuevo | PN y designation_final validos, sin conflictos criticos;import_new;cumple condiciones para articulo nuevo | PN y designation_final validos, sin conflictos criticos;engine_12V4000M70.json;1904926;717;017531098;BAYONET COUPLI;;157,800 g;;;;;ok;importar;yes
501530453;CABLE IN HOUSIN;501530453;publish;"Engine: 12V4000M70
Part Number: 501530453
Designation: CABLE IN HOUSIN
Measurement: 
Weight: 3,000 g
Source Page: 717
BOM: X00021242
Substitution Status: 
New Part Number: 
Superseded List: ";CABLE IN HOUSIN;;12VM70-342;12V4000M70, importar;simple;https://milu-naval.mystagingwebsite.com/wp-content/uploads/2026/01/sin_imagen.jpeg;12V4000M70;717;195;X00021242;CABLE IN HOUSIN;;3,000 g;;;;ok;importar;import_new;cumple condiciones para articulo nuevo | PN y designation_final validos, sin conflictos criticos;import_new;cumple condiciones para articulo nuevo | PN y designation_final validos, sin conflictos criticos;engine_12V4000M70.json;1904927;717;501530453;CABLE IN HOUSIN;;3,000 g;;;;;ok;importar;yes
000533438;CONNECTOR HOU;000533438;publish;"Engine: 12V4000M70
Part Number: 000533438
Designation: CONNECTOR HOU
Measurement: 
Weight: 93,080 g
Source Page: 717
BOM: X00021242
Substitution Status: 
New Part Number: 
Superseded List: ";CONNECTOR HOU;;12VM70-342;12V4000M70, importar;simple;https://milu-naval.mystagingwebsite.com/wp-content/uploads/2026/01/sin_imagen.jpeg;12V4000M70;717;215;X00021242;CONNECTOR HOU;;93,080 g;;;;ok;importar;import_new;cumple condiciones para articulo nuevo | PN y designation_final validos, sin conflictos criticos;import_new;cumple condiciones para articulo nuevo | PN y designation_final validos, sin conflictos criticos;engine_12V4000M70.json;1904928;717;000533438;CONNECTOR HOU;;93,080 g;;;;;ok;importar;yes
001533434;SPACER;001533434;publish;"Engine: 12V4000M70
Part Number: 001533434
Designation: SPACER
Measurement: 
Weight: 2,000 g
Source Page: 717
BOM: X00021242
Substitution Status: 
New Part Number: 
Superseded List: ";SPACER;;12VM70-342;12V4000M70, importar;simple;https://milu-naval.mystagingwebsite.com/wp-content/uploads/2026/01/sin_imagen.jpeg;12V4000M70;717;235;X00021242;SPACER;;2,000 g;;;;ok;importar;import_new;cumple condiciones para articulo nuevo | PN y designation_final validos, sin conflictos criticos;import_new;cumple condiciones para articulo nuevo | PN y designation_final validos, sin conflictos criticos;engine_12V4000M70.json;1904930;717;001533434;SPACER;;2,000 g;;;;;ok;importar;yes
000125003;WASHER;000125003;publish;"Engine: 12V4000M70
Part Number: 000125003
Designation: WASHER
Measurement: 
Weight: 0,100 g
Source Page: 717
BOM: X00021242
Substitution Status: 
New Part Number: 
Superseded List: ";WASHER;;12VM70-342;12V4000M70, importar;simple;https://milu-naval.mystagingwebsite.com/wp-content/uploads/2026/01/sin_imagen.jpeg;12V4000M70;717;245;X00021242;WASHER;;0,100 g;;;;ok;importar;import_new;cumple condiciones para articulo nuevo | PN y designation_final validos, sin conflictos criticos;import_new;cumple condiciones para articulo nuevo | PN y designation_final validos, sin conflictos criticos;engine_12V4000M70.json;1904931;717;000125003;WASHER;;0,100 g;;;;;ok;importar;yes
000934003;HEX NUT;000934003;publish;"Engine: 12V4000M70
Part Number: 000934003
Designation: HEX NUT
Measurement: 
Weight: 0,400 g
Source Page: 717
BOM: X00021242
Substitution Status: 
New Part Number: 
Superseded List: ";HEX NUT;;12VM70-342;12V4000M70, importar;simple;https://milu-naval.mystagingwebsite.com/wp-content/uploads/2026/01/sin_imagen.jpeg;12V4000M70;717;255;X00021242;HEX NUT;;0,400 g;;;;ok;importar;import_new;cumple condiciones para articulo nuevo | PN y designation_final validos, sin conflictos criticos;import_new;cumple condiciones para articulo nuevo | PN y designation_final validos, sin conflictos criticos;engine_12V4000M70.json;1904932;717;000934003;HEX NUT;;0,400 g;;;;;ok;importar;yes
500533134;FRAME F/PLUG-IN;500533134;publish;"Engine: 12V4000M70
Part Number: 500533134
Designation: FRAME F/PLUG-IN
Measurement: 
Weight: 160,000 g
Source Page: 717
BOM: X00021242
Substitution Status: 
New Part Number: 
Superseded List: ";FRAME F/PLUG-IN;;12VM70-342;12V4000M70, importar;simple;https://milu-naval.mystagingwebsite.com/wp-content/uploads/2026/01/sin_imagen.jpeg;12V4000M70;717;265;X00021242;FRAME F/PLUG-IN;;160,000 g;;;;ok;importar;import_new;cumple condiciones para articulo nuevo | PN y designation_final validos, sin conflictos criticos;import_new;cumple condiciones para articulo nuevo | PN y designation_final validos, sin conflictos criticos;engine_12V4000M70.json;1904933;717;500533134;FRAME F/PLUG-IN;;160,000 g;;;;;ok;importar;yes
000533047;SCREW;000533047;publish;"Engine: 12V4000M70
Part Number: 000533047
Designation: SCREW
Measurement: 
Weight: 0,500 g
Source Page: 717
BOM: X00021242
Substitution Status: 
New Part Number: 
Superseded List: ";SCREW;;12VM70-342;12V4000M70, importar;simple;https://milu-naval.mystagingwebsite.com/wp-content/uploads/2026/01/sin_imagen.jpeg;12V4000M70;717;275;X00021242;SCREW;;0,500 g;;;;ok;importar;import_new;cumple condiciones para articulo nuevo | PN y designation_final validos, sin conflictos criticos;import_new;cumple condiciones para articulo nuevo | PN y designation_final validos, sin conflictos criticos;engine_12V4000M70.json;1904934;717;000533047;SCREW;;0,500 g;;;;;ok;importar;yes
000533037;SCREW;000533037;publish;"Engine: 12V4000M70
Part Number: 000533037
Designation: SCREW
Measurement: 
Weight: 1,800 g
Source Page: 717
BOM: X00021242
Substitution Status: 
New Part Number: 
Superseded List: ";SCREW;;12VM70-342;12V4000M70, importar;simple;https://milu-naval.mystagingwebsite.com/wp-content/uploads/2026/01/sin_imagen.jpeg;12V4000M70;717;65;X00021242;SCREW;;1,800 g;;;;ok;importar;import_new;cumple condiciones para articulo nuevo | PN y designation_final validos, sin conflictos criticos;import_new;cumple condiciones para articulo nuevo | PN y designation_final validos, sin conflictos criticos;engine_12V4000M70.json;1904936;717;000533037;SCREW;;1,800 g;;;;;ok;importar;yes
017531258;PROTECTIVE CAP CONNECTOR;017531258;publish;"Engine: 12V4000M70
Part Number: 017531258
Designation: PROTECTIVE CAP CONNECTOR
Measurement: 
Weight: 3,000 g
Source Page: 717
BOM: X00021242
Substitution Status: 
New Part Number: 
Superseded List: ";PROTECTIVE CAP CONNECTOR;;12VM70-342;12V4000M70, importar;simple;https://milu-naval.mystagingwebsite.com/wp-content/uploads/2026/01/sin_imagen.jpeg;12V4000M70;717;75;X00021242;PROTECTIVE CAP CONNECTOR;;3,000 g;;;;ok;importar;import_new;cumple condiciones para articulo nuevo | PN y designation_final validos, sin conflictos criticos;import_new;cumple condiciones para articulo nuevo | PN y designation_final validos, sin conflictos criticos;engine_12V4000M70.json;1904937;717;017531258;PROTECTIVE CAP CONNECTOR;;3,000 g;;;;;ok;importar;yes
016531518;BAYONET COUPLI;016531518;publish;"Engine: 12V4000M70
Part Number: 016531518
Designation: BAYONET COUPLI
Measurement: 
Weight: 97,500 g
Source Page: 717
BOM: X00021242
Substitution Status: 
New Part Number: 
Superseded List: ";BAYONET COUPLI;;12VM70-342;12V4000M70, importar;simple;https://milu-naval.mystagingwebsite.com/wp-content/uploads/2026/01/sin_imagen.jpeg;12V4000M70;717;85;X00021242;BAYONET COUPLI;;97,500 g;;;;ok;importar;import_new;cumple condiciones para articulo nuevo | PN y designation_final validos, sin conflictos criticos;import_new;cumple condiciones para articulo nuevo | PN y designation_final validos, sin conflictos criticos;engine_12V4000M70.json;1904938;717;016531518;BAYONET COUPLI;;97,500 g;;;;;ok;importar;yes
017531198;SEPARABLE CONN;017531198;publish;"Engine: 12V4000M70
Part Number: 017531198
Designation: SEPARABLE CONN
Measurement: 
Weight: 6,000 g
Source Page: 717
BOM: X00021242
Substitution Status: 
New Part Number: 
Superseded List: ";SEPARABLE CONN;;12VM70-342;12V4000M70, importar;simple;https://milu-naval.mystagingwebsite.com/wp-content/uploads/2026/01/sin_imagen.jpeg;12V4000M70;717;95;X00021242;SEPARABLE CONN;;6,000 g;;;;ok;importar;import_new;cumple condiciones para articulo nuevo | PN y designation_final validos, sin conflictos criticos;import_new;cumple condiciones para articulo nuevo | PN y designation_final validos, sin conflictos criticos;engine_12V4000M70.json;1904939;717;017531198;SEPARABLE CONN;;6,000 g;;;;;ok;importar;yes
X00034071;SOFTWARE;x00034071;publish;"Engine: 12V4000M70
Part Number: X00034071
Designation: SOFTWARE
Measurement: MPU29-URL. \VA
Weight: nan
Source Page: 720
BOM: X00E50206571
Substitution Status: 
New Part Number: 
Superseded List: ";SOFTWARE;;12VM70-342;12V4000M70, importar;simple;https://milu-naval.mystagingwebsite.com/wp-content/uploads/2026/01/sin_imagen.jpeg;12V4000M70;720;nan;X00E50206571;SOFTWARE;MPU29-URL. \VA;nan;;;;ok;importar;import_new;cumple condiciones para articulo nuevo | PN y designation_final validos, sin conflictos criticos;import_new;cumple condiciones para articulo nuevo | PN y designation_final validos, sin conflictos criticos;engine_12V4000M70.json;1904953;720;X00034071;SOFTWARE;MPU29-URL. \VA;nan;;;;;ok;importar;yes
X00E50207661/S0001;PLUG-IN BOARD;x00e50207661-s0001;publish;"Engine: 12V4000M70
Part Number: X00E50207661/S0001
Designation: PLUG-IN BOARD
Measurement: nan
Weight: 625,000 g
Source Page: 742
BOM: B00E50202738
Substitution Status: 
New Part Number: 
Superseded List: ";PLUG-IN BOARD;;12VM70-511;12V4000M70, importar;simple;https://milu-naval.mystagingwebsite.com/wp-content/uploads/2026/01/sin_imagen.jpeg;12V4000M70;742;60;B00E50202738;PLUG-IN BOARD;nan;625,000 g;;;;ok;importar;import_new;cumple condiciones para articulo nuevo | PN y designation_final validos, sin conflictos criticos;import_new;cumple condiciones para articulo nuevo | PN y designation_final validos, sin conflictos criticos;engine_12V4000M70.json;1905025;742;X00E50207661/S0001;PLUG-IN BOARD;nan;625,000 g;;;;;ok;importar;yes
X00E50207661;PLUG-IN BOARD;x00e50207661;publish;"Engine: 12V4000M70
Part Number: X00E50207661
Designation: PLUG-IN BOARD
Measurement: SAB2-04
Weight: 612,000 g
Source Page: 743
BOM: X00E50207661
Substitution Status: 
New Part Number: 
Superseded List: ";PLUG-IN BOARD;;12VM70-511;12V4000M70, importar;simple;https://milu-naval.mystagingwebsite.com/wp-content/uploads/2026/01/sin_imagen.jpeg;12V4000M70;743;20;X00E50207661;PLUG-IN BOARD;SAB2-04;612,000 g;;;;ok;importar;import_new;cumple condiciones para articulo nuevo | PN y designation_final validos, sin conflictos criticos;import_new;cumple condiciones para articulo nuevo | PN y designation_final validos, sin conflictos criticos;engine_12V4000M70.json;1905029;743;X00E50207661;PLUG-IN BOARD;SAB2-04;612,000 g;;;;;ok;importar;yes
X00E50207251;SOFTWARE;x00e50207251;publish;"Engine: 12V4000M70
Part Number: X00E50207251
Designation: SOFTWARE
Measurement: SW_SAM_FIRMW\VAR_1\ED_4_00
Weight: 1,000 g
Source Page: 743
BOM: X00E50207661
Substitution Status: 
New Part Number: 
Superseded List: ";SOFTWARE;;12VM70-511;12V4000M70, importar;simple;https://milu-naval.mystagingwebsite.com/wp-content/uploads/2026/01/sin_imagen.jpeg;12V4000M70;743;40;X00E50207661;SOFTWARE;SW_SAM_FIRMW\VAR_1\ED_4_00;1,000 g;;;;ok;importar;import_new;cumple condiciones para articulo nuevo | PN y designation_final validos, sin conflictos criticos;import_new;cumple condiciones para articulo nuevo | PN y designation_final validos, sin conflictos criticos;engine_12V4000M70.json;1905030;743;X00E50207251;SOFTWARE;SW_SAM_FIRMW\VAR_1\ED_4_00;1,000 g;;;;;ok;importar;yes
X00012414;SOFTWARE;x00012414;publish;"Engine: 12V4000M70
Part Number: X00012414
Designation: SOFTWARE
Measurement: SW_SAB2-01_URLADER_1_00
Weight: 1,000 g
Source Page: 743
BOM: X00E50207661
Substitution Status: 
New Part Number: 
Superseded List: ";SOFTWARE;;12VM70-511;12V4000M70, importar;simple;https://milu-naval.mystagingwebsite.com/wp-content/uploads/2026/01/sin_imagen.jpeg;12V4000M70;743;50;X00E50207661;SOFTWARE;SW_SAB2-01_URLADER_1_00;1,000 g;;;;ok;importar;import_new;cumple condiciones para articulo nuevo | PN y designation_final validos, sin conflictos criticos;import_new;cumple condiciones para articulo nuevo | PN y designation_final validos, sin conflictos criticos;engine_12V4000M70.json;1905031;743;X00012414;SOFTWARE;SW_SAB2-01_URLADER_1_00;1,000 g;;;;;ok;importar;yes
5275304837;CONNECTING CABLE F/MONTRG SYST + GOV;5275304837;publish;"Engine: 12V4000M70
Part Number: 5275304837
Designation: CONNECTING CABLE F/MONTRG SYST + GOV
Measurement: L=10M
Weight: 6.5 KGM
Source Page: 755
BOM: X00035525
Substitution Status: 
New Part Number: 
Superseded List: ";CONNECTING CABLE F/MONTRG SYST + GOV;;12VM70-511;12V4000M70, importar;simple;https://milu-naval.mystagingwebsite.com/wp-content/uploads/2026/01/sin_imagen.jpeg;12V4000M70;755;nan;X00035525;CONNECTING CABLE F/MONTRG SYST + GOV;L=10M;6.5 KGM;;;;ok;importar;import_new;cumple condiciones para articulo nuevo | PN y designation_final validos, sin conflictos criticos;import_new;cumple condiciones para articulo nuevo | PN y designation_final validos, sin conflictos criticos;engine_12V4000M70.json;1905072;755;5275304837;CONNECTING CABLE F/MONTRG SYST + GOV;L=10M;6.5 KGM;;;;;ok;importar;yes
25 0175311083;IDENTIFICATION PLATE;25-0175311083;publish;"Engine: 12V4000M70
Part Number: 25 0175311083
Designation: IDENTIFICATION PLATE
Measurement: GR.6 EMV M25 G
Weight: 6,000 g
Source Page: 767
BOM: 5105303634
Substitution Status: 
New Part Number: 0175311083
Superseded List: 0175311083";IDENTIFICATION PLATE;;12VM70-511;12V4000M70, importar;simple;https://milu-naval.mystagingwebsite.com/wp-content/uploads/2026/01/sin_imagen.jpeg;12V4000M70;767;nan;5105303634;IDENTIFICATION PLATE;GR.6 EMV M25 G;6,000 g;;0175311083;0175311083;ok;importar;import_new;cumple condiciones para articulo nuevo | PN y designation_final validos, sin conflictos criticos;import_new;cumple condiciones para articulo nuevo | PN y designation_final validos, sin conflictos criticos;engine_12V4000M70.json;1905139;767;25 0175311083;IDENTIFICATION PLATE;GR.6 EMV M25 G;6,000 g;;;0175311083;0175311083;ok;importar;yes
X00012542;CONNECTING CABLE F/SHIP-SIDE MONITOR;x00012542;publish;"Engine: 12V4000M70
Part Number: X00012542
Designation: CONNECTING CABLE F/SHIP-SIDE MONITOR
Measurement: L
Weight: 3.654 KGM
Source Page: 770
BOM: X00036495
Substitution Status: 
New Part Number: 
Superseded List: ";CONNECTING CABLE F/SHIP-SIDE MONITOR;;12VM70-511;12V4000M70, importar;simple;https://milu-naval.mystagingwebsite.com/wp-content/uploads/2026/01/sin_imagen.jpeg;12V4000M70;770;110;X00036495;CONNECTING CABLE F/SHIP-SIDE MONITOR;L;3.654 KGM;;;;ok;importar;import_new;cumple condiciones para articulo nuevo | PN y designation_final validos, sin conflictos criticos;import_new;cumple condiciones para articulo nuevo | PN y designation_final validos, sin conflictos criticos;engine_12V4000M70.json;1905147;770;X00012542;CONNECTING CABLE F/SHIP-SIDE MONITOR;L;3.654 KGM;;;;;ok;importar;yes
X00012530;CONNECTING CABLE F/SHIP-SIDE MONITOR;x00012530;publish;"Engine: 12V4000M70
Part Number: X00012530
Designation: CONNECTING CABLE F/SHIP-SIDE MONITOR
Measurement: L
Weight: 3.674 KGM
Source Page: 770
BOM: X00036495
Substitution Status: 
New Part Number: 
Superseded List: ";CONNECTING CABLE F/SHIP-SIDE MONITOR;;12VM70-511;12V4000M70, importar;simple;https://milu-naval.mystagingwebsite.com/wp-content/uploads/2026/01/sin_imagen.jpeg;12V4000M70;770;120;X00036495;CONNECTING CABLE F/SHIP-SIDE MONITOR;L;3.674 KGM;;;;ok;importar;import_new;cumple condiciones para articulo nuevo | PN y designation_final validos, sin conflictos criticos;import_new;cumple condiciones para articulo nuevo | PN y designation_final validos, sin conflictos criticos;engine_12V4000M70.json;1905148;770;X00012530;CONNECTING CABLE F/SHIP-SIDE MONITOR;L;3.674 KGM;;;;;ok;importar;yes
0015319685;BLADE CONNECTOR;0015319685;publish;"Engine: 12V4000M70
Part Number: 0015319685
Designation: BLADE CONNECTOR
Measurement: LANGER AUSW
Weight: 3,000 g
Source Page: 776
BOM: X00035575
Substitution Status: 
New Part Number: 
Superseded List: ";BLADE CONNECTOR;;12VM70-511;12V4000M70, importar;simple;https://milu-naval.mystagingwebsite.com/wp-content/uploads/2026/01/sin_imagen.jpeg;12V4000M70;776;130;X00035575;BLADE CONNECTOR;LANGER AUSW;3,000 g;;;;ok;importar;import_new;cumple condiciones para articulo nuevo | PN y designation_final validos, sin conflictos criticos;import_new;cumple condiciones para articulo nuevo | PN y designation_final validos, sin conflictos criticos;engine_12V4000M70.json;1905172;776;0015319685;BLADE CONNECTOR;LANGER AUSW;3,000 g;;;;;ok;importar;yes
X00E50200486;INSTALLATION MATRL;x00e50200486;publish;"Engine: 12V4000M70
Part Number: X00E50200486
Designation: INSTALLATION MATRL
Measurement: M25X1.5-M16X1.5 IP68 M.DICHTUNG
Weight: 0.023 KGM
Source Page: 783
BOM: X00E50200482
Substitution Status: 
New Part Number: 
Superseded List: ";INSTALLATION MATRL;;12VM70-511;12V4000M70, importar;simple;https://milu-naval.mystagingwebsite.com/wp-content/uploads/2026/01/sin_imagen.jpeg;12V4000M70;783;170;X00E50200482;INSTALLATION MATRL;M25X1.5-M16X1.5 IP68 M.DICHTUNG;0.023 KGM;;;;ok;importar;import_new;cumple condiciones para articulo nuevo | PN y designation_final validos, sin conflictos criticos;import_new;cumple condiciones para articulo nuevo | PN y designation_final validos, sin conflictos criticos;engine_12V4000M70.json;1905211;783;X00E50200486;INSTALLATION MATRL;M25X1.5-M16X1.5 IP68 M.DICHTUNG;0.023 KGM;;;;;ok;importar;yes
X00E50201181;CONNECTOR HOUSING;x00e50201181;publish;"Engine: 12V4000M70
Part Number: X00E50201181
Designation: CONNECTOR HOUSING
Measurement: 
Weight: 10,000 g
Source Page: 785
BOM: X00E50201184
Substitution Status: 
New Part Number: 
Superseded List: ";CONNECTOR HOUSING;;12VM70-511;12V4000M70, importar;simple;https://milu-naval.mystagingwebsite.com/wp-content/uploads/2026/01/sin_imagen.jpeg;12V4000M70;785;130;X00E50201184;CONNECTOR HOUSING;;10,000 g;;;;ok;importar;import_new;cumple condiciones para articulo nuevo | PN y designation_final validos, sin conflictos criticos;import_new;cumple condiciones para articulo nuevo | PN y designation_final validos, sin conflictos criticos;engine_12V4000M70.json;1905222;785;X00E50201181;CONNECTOR HOUSING;;10,000 g;;;;;ok;importar;yes
X00E50209588;PLUG-IN BOARD;x00e50209588;publish;"Engine: 12V4000M70
Part Number: X00E50209588
Designation: PLUG-IN BOARD
Measurement: 
Weight: 100,000 g
Source Page: 797
BOM: X00010351
Substitution Status: SI
New Part Number: X00E50209588
Superseded List: 5275300813, 5275309012";PLUG-IN BOARD;;12VM70-511;12V4000M70, New, importar;simple;https://milu-naval.mystagingwebsite.com/wp-content/uploads/2026/01/sin_imagen.jpeg;12V4000M70;797;395;X00010351;PLUG-IN BOARD;;100,000 g;SI;X00E50209588;5275300813, 5275309012;ok;importar;import_new;cumple condiciones para articulo nuevo;import_new;cumple condiciones para articulo nuevo;engine_12V4000M70.json;1905294;797;X00E50209588;PLUG-IN BOARD;;100,000 g;SI;New;X00E50209588;5275300813, 5275309012;ok;importar;yes
X00E50209549;PLUG-IN BOARD;x00e50209549;publish;"Engine: 12V4000M70
Part Number: X00E50209549
Designation: PLUG-IN BOARD
Measurement: BOB2-03
Weight: 0.029 KGM
Source Page: 797
BOM: X00010351
Substitution Status: SI
New Part Number: X00E50209549
Superseded List: 5045300597, 5295308712";PLUG-IN BOARD;;12VM70-511;12V4000M70, New, importar;simple;https://milu-naval.mystagingwebsite.com/wp-content/uploads/2026/01/sin_imagen.jpeg;12V4000M70;797;500;X00010351;PLUG-IN BOARD;BOB2-03;0.029 KGM;SI;X00E50209549;5045300597, 5295308712;ok;importar;import_new;cumple condiciones para articulo nuevo;import_new;cumple condiciones para articulo nuevo;engine_12V4000M70.json;1905304;797;X00E50209549;PLUG-IN BOARD;BOB2-03;0.029 KGM;SI;New;X00E50209549;5045300597, 5295308712;ok;importar;yes
X00E50208942;DISPLAY;x00e50208942;publish;"Engine: 12V4000M70
Part Number: X00E50208942
Designation: DISPLAY
Measurement: 
Weight: nan
Source Page: 799
BOM: X00E50203604
Substitution Status: SI
New Part Number: X00E50208942
Superseded List: X00E50208942";DISPLAY;;12VM70-511;12V4000M70, New, importar;simple;https://milu-naval.mystagingwebsite.com/wp-content/uploads/2026/01/sin_imagen.jpeg;12V4000M70;799;16;X00E50203604;DISPLAY;;nan;SI;X00E50208942;X00E50208942;ok;importar;import_new;cumple condiciones para articulo nuevo;import_new;cumple condiciones para articulo nuevo;engine_12V4000M70.json;1905326;799;X00E50208942;DISPLAY;;nan;SI;New;X00E50208942;X00E50208942;ok;importar;yes
X00E50209553;PLUG-IN BOARD;x00e50209553;publish;"Engine: 12V4000M70
Part Number: X00E50209553
Designation: PLUG-IN BOARD
Measurement: 
Weight: nan
Source Page: 799
BOM: X00E50203604
Substitution Status: SI
New Part Number: X00E50209553
Superseded List: 5275302213, X00E50201986, X00E50209174";PLUG-IN BOARD;;12VM70-511;12V4000M70, New, importar;simple;https://milu-naval.mystagingwebsite.com/wp-content/uploads/2026/01/sin_imagen.jpeg;12V4000M70;799;90;X00E50203604;PLUG-IN BOARD;;nan;SI;X00E50209553;5275302213, X00E50201986, X00E50209174;ok;importar;import_new;cumple condiciones para articulo nuevo;import_new;cumple condiciones para articulo nuevo;engine_12V4000M70.json;1905339;799;X00E50209553;PLUG-IN BOARD;;nan;SI;New;X00E50209553;5275302213, X00E50201986, X00E50209174;ok;importar;yes
5275308912/76;PLUG-IN CIRC.BOARD NOT ADJUSTED;5275308912-76;publish;"Engine: 12V4000M70
Part Number: 5275308912/76
Designation: PLUG-IN CIRC.BOARD NOT ADJUSTED
Measurement: nan
Weight: 0.034 KGM
Source Page: 803
BOM: 5275308912
Substitution Status: SI
New Part Number: 5275308912/76
Superseded List: 5275308912";PLUG-IN CIRC.BOARD NOT ADJUSTED;;12VM70-511;12V4000M70, New, importar;simple;https://milu-naval.mystagingwebsite.com/wp-content/uploads/2026/01/sin_imagen.jpeg;12V4000M70;803;40;5275308912;PLUG-IN CIRC.BOARD NOT ADJUSTED;nan;0.034 KGM;SI;5275308912/76;5275308912;ok;importar;import_new;cumple condiciones para articulo nuevo;import_new;cumple condiciones para articulo nuevo;engine_12V4000M70.json;1905352;803;5275308912/76;PLUG-IN CIRC.BOARD NOT ADJUSTED;nan;0.034 KGM;SI;New;5275308912/76;5275308912;ok;importar;yes
700425000158;PLATE;700425000158;publish;"Engine: 16V4000M90
Part Number: 700425000158
Designation: PLATE
Measurement: 
Weight: 15.000 g EM 04.13 MMN425
Source Page: 12
BOM: 000.00897
Substitution Status: SI
New Part Number: 700425000158
Superseded List: 700425000158";PLATE;;16VM90-4;16V4000M90, New, importar;simple;https://milu-naval.mystagingwebsite.com/wp-content/uploads/2026/01/sin_imagen.jpeg;16V4000M90;12;10;000.00897;PLATE;;15.000 g EM 04.13 MMN425;SI;700425000158;700425000158;ok;importar;import_new;cumple condiciones para articulo nuevo;import_new;cumple condiciones para articulo nuevo;engine_16V4000M90.json;1600001;12;700425000158;PLATE;;15.000 g EM 04.13 MMN425;SI;New;700425000158;700425000158;ok;importar;yes
5270111701;CRANKCASE;5270111701;publish;"Engine: 16V4000M61
Part Number: 5270111701
Designation: CRANKCASE
Measurement: 
Weight: EM
Source Page: 13
BOM: 5270101805
Substitution Status: 
New Part Number: 
Superseded List: ";CRANKCASE;;16VM61-11;16V4000M61, importar;simple;https://milu-naval.mystagingwebsite.com/wp-content/uploads/2026/02/16V4000M61-0013-01-5.webp;16V4000M61;13;5;5270101805;CRANKCASE;;EM;;;;ok;importar;import_new;cumple condiciones para articulo nuevo | PN y designation_final validos, sin conflictos criticos;import_new;cumple condiciones para articulo nuevo | PN y designation_final validos, sin conflictos criticos;engine_16V4000M61.json;1300031;13;5270111701;CRANKCASE;;EM;;;;;ok;importar;yes
R5270500101;CAMSHAFT;r5270500101;publish;"Engine: 16V4000M61
Part Number: R5270500101
Designation: CAMSHAFT
Measurement: 
Weight: 
Source Page: 67
BOM: 050.00027
Substitution Status: 
New Part Number: 
Superseded List: ";CAMSHAFT;;16VM61-51;16V4000M61, importar;simple;https://milu-naval.mystagingwebsite.com/wp-content/uploads/2026/02/16V4000M61-0065-01-35.webp;16V4000M61;67;35;050.00027;CAMSHAFT;;;;;;ok;importar;import_new;cumple condiciones para articulo nuevo | PN y designation_final validos, sin conflictos criticos;import_new;cumple condiciones para articulo nuevo | PN y designation_final validos, sin conflictos criticos;engine_16V4000M61.json;1300380;67;R5270500101;CAMSHAFT;;;;;;;ok;importar;yes
X00007876;BEARING HOUSING;x00007876;publish;"Engine: 16V4000M90
Part Number: X00007876
Designation: BEARING HOUSING
Measurement: 
Weight: 12935.000
Source Page: 130
BOM: X00007881
Substitution Status: 
New Part Number: 
Superseded List: ";BEARING HOUSING;;16VM90-101;16V4000M90, importar;simple;https://milu-naval.mystagingwebsite.com/wp-content/uploads/2026/02/16V4000M90-0130-01-50.webp;16V4000M90;130;50;X00007881;BEARING HOUSING;;12935.000;;;;ok;importar;import_new;cumple condiciones para articulo nuevo | PN y designation_final validos, sin conflictos criticos;import_new;cumple condiciones para articulo nuevo | PN y designation_final validos, sin conflictos criticos;engine_16V4000M90.json;1600808;130;X00007876;BEARING HOUSING;;12935.000;;;;;ok;importar;yes
X00033291;ELBOW;x00033291;publish;"Engine: 16V4000M61
Part Number: X00033291
Designation: ELBOW
Measurement: 
Weight: EM
Source Page: 128
BOM: X00033292
Substitution Status: 
New Part Number: 
Superseded List: ";ELBOW;;16VM61-110;16V4000M61, importar;simple;https://milu-naval.mystagingwebsite.com/wp-content/uploads/2026/02/16V4000M61-0128-01-50.webp;16V4000M61;128;50;X00033292;ELBOW;;EM;;;;ok;importar;import_new;cumple condiciones para articulo nuevo | PN y designation_final validos, sin conflictos criticos;import_new;cumple condiciones para articulo nuevo | PN y designation_final validos, sin conflictos criticos;engine_16V4000M61.json;1300761;128;X00033291;ELBOW;;EM;;;;;ok;importar;yes
3520103015;CLEVIS;3520103015;publish;"Engine: 16V4000M61
Part Number: 3520103015
Designation: CLEVIS
Measurement: 
Weight: 
Source Page: 146
BOM: 5260900009
Substitution Status: 
New Part Number: 
Superseded List: ";CLEVIS;;16VM61-123;16V4000M61, importar;simple;https://milu-naval.mystagingwebsite.com/wp-content/uploads/2026/02/16V4000M61-0146-01-25.webp;16V4000M61;146;25;5260900009;CLEVIS;;;;;;ok;importar;import_new;cumple condiciones para articulo nuevo | PN y designation_final validos, sin conflictos criticos;import_new;cumple condiciones para articulo nuevo | PN y designation_final validos, sin conflictos criticos;engine_16V4000M61.json;1300840;146;3520103015;CLEVIS;;;;;;;ok;importar;yes
0002035896;CLT PREHEATER 3/PHASE AC 400V 50/60HZ LH;0002035896;publish;"Engine: 16V4000M61
Part Number: 0002035896
Designation: CLT PREHEATER 3/PHASE AC 400V 50/60HZ LH
Measurement: 
Weight: 48 KGM
Source Page: 242
BOM: 200.00038
Substitution Status: SI
New Part Number: 0002035896
Superseded List: 0002035995";CLT PREHEATER 3/PHASE AC 400V 50/60HZ LH;;16VM61-202;16V4000M61, New, importar;simple;https://milu-naval.mystagingwebsite.com/wp-content/uploads/2026/02/16V4000M61-0242-01-15.webp;16V4000M61;242;15;200.00038;CLT PREHEATER 3/PHASE AC 400V 50/60HZ LH;;48 KGM;SI;0002035896;0002035995;ok;importar;import_new;cumple condiciones para articulo nuevo;import_new;cumple condiciones para articulo nuevo;engine_16V4000M61.json;1301562;242;0002035896;CLT PREHEATER 3/PHASE AC 400V 50/60HZ LH;;48 KGM;SI;New;0002035896;0002035995;ok;importar;yes
0172507801/31;COUPLING;0172507801-31;publish;"Engine: 16V4000M61
Part Number: 0172507801/31
Designation: COUPLING
Measurement: 
Weight: 172 KGM
Source Page: 290
BOM: 250.00005
Substitution Status: SI
New Part Number: 0172507801/31
Superseded List: 0142507801/31, E0172507801/31";COUPLING;;16VM61-251;16V4000M61, New, importar;simple;https://milu-naval.mystagingwebsite.com/wp-content/uploads/2026/02/16V4000M61-0290-01-15.webp;16V4000M61;290;15;250.00005;COUPLING;;172 KGM;SI;0172507801/31;0142507801/31, E0172507801/31;ok;importar;import_new;cumple condiciones para articulo nuevo;import_new;cumple condiciones para articulo nuevo;engine_16V4000M61.json;1301798;290;0172507801/31;COUPLING;;172 KGM;SI;New;0172507801/31;0142507801/31, E0172507801/31;ok;importar;yes
XP52725200087;SPACER DISK;xp52725200087;publish;"Engine: 16V4000M61
Part Number: XP52725200087
Designation: SPACER DISK
Measurement: 
Weight: 
Source Page: 294
BOM: X52725200045
Substitution Status: 
New Part Number: 
Superseded List: ";SPACER DISK;;16VM61-252;16V4000M61, importar;simple;https://milu-naval.mystagingwebsite.com/wp-content/uploads/2026/02/16V4000M61-0293-01-270.webp;16V4000M61;294;270;X52725200045;SPACER DISK;;;;;;ok;importar;import_new;cumple condiciones para articulo nuevo | PN y designation_final validos, sin conflictos criticos;import_new;cumple condiciones para articulo nuevo | PN y designation_final validos, sin conflictos criticos;engine_16V4000M61.json;1301803;294;XP52725200087;SPACER DISK;;;;;;;ok;importar;yes
XP52725200088;FLANGE;xp52725200088;publish;"Engine: 16V4000M61
Part Number: XP52725200088
Designation: FLANGE
Measurement: 
Weight: 
Source Page: 294
BOM: X52725200045
Substitution Status: 
New Part Number: 
Superseded List: ";FLANGE;;16VM61-252;16V4000M61, importar;simple;https://milu-naval.mystagingwebsite.com/wp-content/uploads/2026/02/16V4000M61-0293-01-280.webp;16V4000M61;294;280;X52725200045;FLANGE;;;;;;ok;importar;import_new;cumple condiciones para articulo nuevo | PN y designation_final validos, sin conflictos criticos;import_new;cumple condiciones para articulo nuevo | PN y designation_final validos, sin conflictos criticos;engine_16V4000M61.json;1301804;294;XP52725200088;FLANGE;;;;;;;ok;importar;yes
XP52625200030;BUSHING;xp52625200030;publish;"Engine: 16V4000M61
Part Number: XP52625200030
Designation: BUSHING
Measurement: 
Weight: 
Source Page: 294
BOM: X52725200045
Substitution Status: 
New Part Number: 
Superseded List: ";BUSHING;;16VM61-252;16V4000M61, importar;simple;https://milu-naval.mystagingwebsite.com/wp-content/uploads/2026/02/16V4000M61-0293-01-290.webp;16V4000M61;294;290;X52725200045;BUSHING;;;;;;ok;importar;import_new;cumple condiciones para articulo nuevo | PN y designation_final validos, sin conflictos criticos;import_new;cumple condiciones para articulo nuevo | PN y designation_final validos, sin conflictos criticos;engine_16V4000M61.json;1301805;294;XP52625200030;BUSHING;;;;;;;ok;importar;yes
XP52725200081;BUSHING;xp52725200081;publish;"Engine: 16V4000M61
Part Number: XP52725200081
Designation: BUSHING
Measurement: 
Weight: 
Source Page: 294
BOM: X52725200045
Substitution Status: 
New Part Number: 
Superseded List: ";BUSHING;;16VM61-252;16V4000M61, importar;simple;https://milu-naval.mystagingwebsite.com/wp-content/uploads/2026/02/16V4000M61-0293-01-300.webp;16V4000M61;294;300;X52725200045;BUSHING;;;;;;ok;importar;import_new;cumple condiciones para articulo nuevo | PN y designation_final validos, sin conflictos criticos;import_new;cumple condiciones para articulo nuevo | PN y designation_final validos, sin conflictos criticos;engine_16V4000M61.json;1301806;294;XP52725200081;BUSHING;;;;;;;ok;importar;yes
XP52725200082;PIN;xp52725200082;publish;"Engine: 16V4000M61
Part Number: XP52725200082
Designation: PIN
Measurement: 
Weight: 
Source Page: 294
BOM: X52725200045
Substitution Status: 
New Part Number: 
Superseded List: ";PIN;;16VM61-252;16V4000M61, importar;simple;https://milu-naval.mystagingwebsite.com/wp-content/uploads/2026/02/16V4000M61-0293-01-310.webp;16V4000M61;294;310;X52725200045;PIN;;;;;;ok;importar;import_new;cumple condiciones para articulo nuevo | PN y designation_final validos, sin conflictos criticos;import_new;cumple condiciones para articulo nuevo | PN y designation_final validos, sin conflictos criticos;engine_16V4000M61.json;1301807;294;XP52725200082;PIN;;;;;;;ok;importar;yes
XP52625200011;HEX NUT;xp52625200011;publish;"Engine: 16V4000M61
Part Number: XP52625200011
Designation: HEX NUT
Measurement: M22
Weight: 
Source Page: 294
BOM: X52725200045
Substitution Status: 
New Part Number: 
Superseded List: ";HEX NUT;;16VM61-252;16V4000M61, importar;simple;https://milu-naval.mystagingwebsite.com/wp-content/uploads/2026/02/16V4000M61-0293-01-320.webp;16V4000M61;294;320;X52725200045;HEX NUT;M22;;;;;ok;importar;import_new;cumple condiciones para articulo nuevo | PN y designation_final validos, sin conflictos criticos;import_new;cumple condiciones para articulo nuevo | PN y designation_final validos, sin conflictos criticos;engine_16V4000M61.json;1301808;294;XP52625200011;HEX NUT;M22;;;;;;ok;importar;yes
XP52625200012;WASHER;xp52625200012;publish;"Engine: 16V4000M61
Part Number: XP52625200012
Designation: WASHER
Measurement: 22
Weight: 
Source Page: 294
BOM: X52725200045
Substitution Status: 
New Part Number: 
Superseded List: ";WASHER;;16VM61-252;16V4000M61, importar;simple;https://milu-naval.mystagingwebsite.com/wp-content/uploads/2026/02/16V4000M61-0293-01-330.webp;16V4000M61;294;330;X52725200045;WASHER;22;;;;;ok;importar;import_new;cumple condiciones para articulo nuevo | PN y designation_final validos, sin conflictos criticos;import_new;cumple condiciones para articulo nuevo | PN y designation_final validos, sin conflictos criticos;engine_16V4000M61.json;1301809;294;XP52625200012;WASHER;22;;;;;;ok;importar;yes
XP52625200032;WASHER;xp52625200032;publish;"Engine: 16V4000M61
Part Number: XP52625200032
Designation: WASHER
Measurement: 
Weight: 
Source Page: 294
BOM: X52725200045
Substitution Status: 
New Part Number: 
Superseded List: ";WASHER;;16VM61-252;16V4000M61, importar;simple;https://milu-naval.mystagingwebsite.com/wp-content/uploads/2026/02/16V4000M61-0293-01-340.webp;16V4000M61;294;340;X52725200045;WASHER;;;;;;ok;importar;import_new;cumple condiciones para articulo nuevo | PN y designation_final validos, sin conflictos criticos;import_new;cumple condiciones para articulo nuevo | PN y designation_final validos, sin conflictos criticos;engine_16V4000M61.json;1301810;294;XP52625200032;WASHER;;;;;;;ok;importar;yes
XP52725200083;HEX SCREW;xp52725200083;publish;"Engine: 16V4000M61
Part Number: XP52725200083
Designation: HEX SCREW
Measurement: 22X1 5X55
Weight: 
Source Page: 294
BOM: X52725200045
Substitution Status: 
New Part Number: 
Superseded List: ";HEX SCREW;;16VM61-252;16V4000M61, importar;simple;https://milu-naval.mystagingwebsite.com/wp-content/uploads/2026/02/16V4000M61-0293-01-350.webp;16V4000M61;294;350;X52725200045;HEX SCREW;22X1 5X55;;;;;ok;importar;import_new;cumple condiciones para articulo nuevo | PN y designation_final validos, sin conflictos criticos;import_new;cumple condiciones para articulo nuevo | PN y designation_final validos, sin conflictos criticos;engine_16V4000M61.json;1301811;294;XP52725200083;HEX SCREW;22X1 5X55;;;;;;ok;importar;yes
XP52725200084;HEX NUT;xp52725200084;publish;"Engine: 16V4000M61
Part Number: XP52725200084
Designation: HEX NUT
Measurement: M16
Weight: 
Source Page: 294
BOM: X52725200045
Substitution Status: 
New Part Number: 
Superseded List: ";HEX NUT;;16VM61-252;16V4000M61, importar;simple;https://milu-naval.mystagingwebsite.com/wp-content/uploads/2026/02/16V4000M61-0293-01-380.webp;16V4000M61;294;380;X52725200045;HEX NUT;M16;;;;;ok;importar;import_new;cumple condiciones para articulo nuevo | PN y designation_final validos, sin conflictos criticos;import_new;cumple condiciones para articulo nuevo | PN y designation_final validos, sin conflictos criticos;engine_16V4000M61.json;1301814;294;XP52725200084;HEX NUT;M16;;;;;;ok;importar;yes
X52734200227/31;MARINE GEARBOX;x52734200227-31;publish;"Engine: 16V4000M61
Part Number: X52734200227/31
Designation: MARINE GEARBOX
Measurement: 
Weight: I=5,435
Source Page: 304
BOM: XK527340.749547-01
Substitution Status: 
New Part Number: 
Superseded List: ";MARINE GEARBOX;;16VM61-340;16V4000M61, importar;simple;https://milu-naval.mystagingwebsite.com/wp-content/uploads/2026/01/sin_imagen.jpeg;16V4000M61;304;90;XK527340.749547-01;MARINE GEARBOX;;I=5,435;;;;ok;importar;import_new;cumple condiciones para articulo nuevo | PN y designation_final validos, sin conflictos criticos;import_new;cumple condiciones para articulo nuevo | PN y designation_final validos, sin conflictos criticos;engine_16V4000M61.json;1301838;304;X52734200227/31;MARINE GEARBOX;;I=5,435;;;;;ok;importar;yes
X52734200011;MARINE GEARBOX;x52734200011;publish;"Engine: 16V4000M61
Part Number: X52734200011
Designation: MARINE GEARBOX
Measurement: 
Weight: 
Source Page: 305
BOM: X52734200227
Substitution Status: 
New Part Number: 
Superseded List: ";MARINE GEARBOX;;16VM61-340;16V4000M61, importar;simple;https://milu-naval.mystagingwebsite.com/wp-content/uploads/2026/01/sin_imagen.jpeg;16V4000M61;305;10;X52734200227;MARINE GEARBOX;;;;;;ok;importar;import_new;cumple condiciones para articulo nuevo | PN y designation_final validos, sin conflictos criticos;import_new;cumple condiciones para articulo nuevo | PN y designation_final validos, sin conflictos criticos;engine_16V4000M61.json;1301839;305;X52734200011;MARINE GEARBOX;;;;;;;ok;importar;yes
X52734200114;SHAFT BRAKE FOR PROPELLER SHAFT;x52734200114;publish;"Engine: 16V4000M61
Part Number: X52734200114
Designation: SHAFT BRAKE FOR PROPELLER SHAFT
Measurement: 
Weight: 
Source Page: 305
BOM: X52734200227
Substitution Status: 
New Part Number: 
Superseded List: ";SHAFT BRAKE FOR PROPELLER SHAFT;;16VM61-340;16V4000M61, importar;simple;https://milu-naval.mystagingwebsite.com/wp-content/uploads/2026/01/sin_imagen.jpeg;16V4000M61;305;30;X52734200227;SHAFT BRAKE FOR PROPELLER SHAFT;;;;;;ok;importar;import_new;cumple condiciones para articulo nuevo | PN y designation_final validos, sin conflictos criticos;import_new;cumple condiciones para articulo nuevo | PN y designation_final validos, sin conflictos criticos;engine_16V4000M61.json;1301841;305;X52734200114;SHAFT BRAKE FOR PROPELLER SHAFT;;;;;;;ok;importar;yes
0002879845;DRIVE FLANGE;0002879845;publish;"Engine: 16V4000M61
Part Number: 0002879845
Designation: DRIVE FLANGE
Measurement: FAM. ZF 7000
Weight: 
Source Page: 305
BOM: X52734200227
Substitution Status: 
New Part Number: 
Superseded List: ";DRIVE FLANGE;;16VM61-340;16V4000M61, importar;simple;https://milu-naval.mystagingwebsite.com/wp-content/uploads/2026/01/sin_imagen.jpeg;16V4000M61;305;40;X52734200227;DRIVE FLANGE;FAM. ZF 7000;;;;;ok;importar;import_new;cumple condiciones para articulo nuevo | PN y designation_final validos, sin conflictos criticos;import_new;cumple condiciones para articulo nuevo | PN y designation_final validos, sin conflictos criticos;engine_16V4000M61.json;1301842;305;0002879845;DRIVE FLANGE;FAM. ZF 7000;;;;;;ok;importar;yes
0002802507;TRAILING OIL PUMP;0002802507;publish;"Engine: 16V4000M61
Part Number: 0002802507
Designation: TRAILING OIL PUMP
Measurement: 
Weight: 
Source Page: 305
BOM: X52734200227
Substitution Status: 
New Part Number: 
Superseded List: ";TRAILING OIL PUMP;;16VM61-340;16V4000M61, importar;simple;https://milu-naval.mystagingwebsite.com/wp-content/uploads/2026/01/sin_imagen.jpeg;16V4000M61;305;50;X52734200227;TRAILING OIL PUMP;;;;;;ok;importar;import_new;cumple condiciones para articulo nuevo | PN y designation_final validos, sin conflictos criticos;import_new;cumple condiciones para articulo nuevo | PN y designation_final validos, sin conflictos criticos;engine_16V4000M61.json;1301843;305;0002802507;TRAILING OIL PUMP;;;;;;;ok;importar;yes
X52734200044;GEARBOX MONITOR SYST;x52734200044;publish;"Engine: 16V4000M61
Part Number: X52734200044
Designation: GEARBOX MONITOR SYST
Measurement: 
Weight: 
Source Page: 305
BOM: X52734200227
Substitution Status: 
New Part Number: 
Superseded List: ";GEARBOX MONITOR SYST;;16VM61-340;16V4000M61, importar;simple;https://milu-naval.mystagingwebsite.com/wp-content/uploads/2026/01/sin_imagen.jpeg;16V4000M61;305;60;X52734200227;GEARBOX MONITOR SYST;;;;;;ok;importar;import_new;cumple condiciones para articulo nuevo | PN y designation_final validos, sin conflictos criticos;import_new;cumple condiciones para articulo nuevo | PN y designation_final validos, sin conflictos criticos;engine_16V4000M61.json;1301844;305;X52734200044;GEARBOX MONITOR SYST;;;;;;;ok;importar;yes
X52734200040;SPEED TRANSMITTER;x52734200040;publish;"Engine: 16V4000M61
Part Number: X52734200040
Designation: SPEED TRANSMITTER
Measurement: ZF 3084 680 456
Weight: 
Source Page: 305
BOM: X52734200227
Substitution Status: 
New Part Number: 
Superseded List: ";SPEED TRANSMITTER;;16VM61-340;16V4000M61, importar;simple;https://milu-naval.mystagingwebsite.com/wp-content/uploads/2026/01/sin_imagen.jpeg;16V4000M61;305;70;X52734200227;SPEED TRANSMITTER;ZF 3084 680 456;;;;;ok;importar;import_new;cumple condiciones para articulo nuevo | PN y designation_final validos, sin conflictos criticos;import_new;cumple condiciones para articulo nuevo | PN y designation_final validos, sin conflictos criticos;engine_16V4000M61.json;1301845;305;X52734200040;SPEED TRANSMITTER;ZF 3084 680 456;;;;;;ok;importar;yes
X52734200226;CONTROL;x52734200226;publish;"Engine: 16V4000M61
Part Number: X52734200226
Designation: CONTROL
Measurement: 
Weight: 
Source Page: 305
BOM: X52734200227
Substitution Status: 
New Part Number: 
Superseded List: ";CONTROL;;16VM61-340;16V4000M61, importar;simple;https://milu-naval.mystagingwebsite.com/wp-content/uploads/2026/01/sin_imagen.jpeg;16V4000M61;305;80;X52734200227;CONTROL;;;;;;ok;importar;import_new;cumple condiciones para articulo nuevo | PN y designation_final validos, sin conflictos criticos;import_new;cumple condiciones para articulo nuevo | PN y designation_final validos, sin conflictos criticos;engine_16V4000M61.json;1301846;305;X52734200226;CONTROL;;;;;;;ok;importar;yes
X00042220;SHAFT BRAKE;x00042220;publish;"Engine: 16V4000M61
Part Number: X00042220
Designation: SHAFT BRAKE
Measurement: 
Weight: 
Source Page: 309
BOM: X00042254
Substitution Status: 
New Part Number: 
Superseded List: ";SHAFT BRAKE;;16VM61-342;16V4000M61, importar;simple;https://milu-naval.mystagingwebsite.com/wp-content/uploads/2026/01/sin_imagen.jpeg;16V4000M61;309;10;X00042254;SHAFT BRAKE;;;;;;ok;importar;import_new;cumple condiciones para articulo nuevo | PN y designation_final validos, sin conflictos criticos;import_new;cumple condiciones para articulo nuevo | PN y designation_final validos, sin conflictos criticos;engine_16V4000M61.json;1301854;309;X00042220;SHAFT BRAKE;;;;;;;ok;importar;yes
002531008;FUSE;002531008;publish;"Engine: 16V4000M61
Part Number: 002531008
Designation: FUSE
Measurement: 
Weight: 19X5X19,7, 20A, 42V, 3,2M.OHM,
Source Page: 314
BOM: XS00E500.00197
Substitution Status: 
New Part Number: 
Superseded List: ";FUSE;;16VM61-500;16V4000M61, importar;simple;https://milu-naval.mystagingwebsite.com/wp-content/uploads/2026/02/16V4000M61-0313-01-100.webp;16V4000M61;314;100;XS00E500.00197;FUSE;;19X5X19,7, 20A, 42V, 3,2M.OHM,;;;;ok;importar;import_new;cumple condiciones para articulo nuevo | PN y designation_final validos, sin conflictos criticos;import_new;cumple condiciones para articulo nuevo | PN y designation_final validos, sin conflictos criticos;engine_16V4000M61.json;1301869;314;002531008;FUSE;;19X5X19,7, 20A, 42V, 3,2M.OHM,;;;;;ok;importar;yes
002531038;FUSE;002531038;publish;"Engine: 16V4000M61
Part Number: 002531038
Designation: FUSE
Measurement: 
Weight: 19X5X19,7, 10A, 42V, 6,8M.OHM,
Source Page: 314
BOM: XS00E500.00197
Substitution Status: 
New Part Number: 
Superseded List: ";FUSE;;16VM61-500;16V4000M61, importar;simple;https://milu-naval.mystagingwebsite.com/wp-content/uploads/2026/02/16V4000M61-0313-01-120.webp;16V4000M61;314;120;XS00E500.00197;FUSE;;19X5X19,7, 10A, 42V, 6,8M.OHM,;;;;ok;importar;import_new;cumple condiciones para articulo nuevo | PN y designation_final validos, sin conflictos criticos;import_new;cumple condiciones para articulo nuevo | PN y designation_final validos, sin conflictos criticos;engine_16V4000M61.json;1301870;314;002531038;FUSE;;19X5X19,7, 10A, 42V, 6,8M.OHM,;;;;;ok;importar;yes
529530871;PLUG-IN BOARD;529530871;publish;"Engine: 16V4000M61
Part Number: 529530871
Designation: PLUG-IN BOARD
Measurement: 
Weight: 200 G
Source Page: 314
BOM: XS00E500.00197
Substitution Status: 
New Part Number: 
Superseded List: ";PLUG-IN BOARD;;16VM61-500;16V4000M61, importar;simple;https://milu-naval.mystagingwebsite.com/wp-content/uploads/2026/02/16V4000M61-0313-01-210.webp;16V4000M61;314;210;XS00E500.00197;PLUG-IN BOARD;;200 G;;;;ok;importar;import_new;cumple condiciones para articulo nuevo | PN y designation_final validos, sin conflictos criticos;import_new;cumple condiciones para articulo nuevo | PN y designation_final validos, sin conflictos criticos;engine_16V4000M61.json;1301872;314;529530871;PLUG-IN BOARD;;200 G;;;;;ok;importar;yes
529530881;PLUG-IN BOARD;529530881;publish;"Engine: 16V4000M61
Part Number: 529530881
Designation: PLUG-IN BOARD
Measurement: 
Weight: 20 G
Source Page: 314
BOM: XS00E500.00197
Substitution Status: 
New Part Number: 
Superseded List: ";PLUG-IN BOARD;;16VM61-500;16V4000M61, importar;simple;https://milu-naval.mystagingwebsite.com/wp-content/uploads/2026/02/16V4000M61-0313-01-220.webp;16V4000M61;314;220;XS00E500.00197;PLUG-IN BOARD;;20 G;;;;ok;importar;import_new;cumple condiciones para articulo nuevo | PN y designation_final validos, sin conflictos criticos;import_new;cumple condiciones para articulo nuevo | PN y designation_final validos, sin conflictos criticos;engine_16V4000M61.json;1301873;314;529530881;PLUG-IN BOARD;;20 G;;;;;ok;importar;yes
529530951;PLUG-IN BOARD;529530951;publish;"Engine: 16V4000M61
Part Number: 529530951
Designation: PLUG-IN BOARD
Measurement: 
Weight: 100 G
Source Page: 314
BOM: XS00E500.00197
Substitution Status: 
New Part Number: 
Superseded List: ";PLUG-IN BOARD;;16VM61-500;16V4000M61, importar;simple;https://milu-naval.mystagingwebsite.com/wp-content/uploads/2026/02/16V4000M61-0313-02-240.webp;16V4000M61;314;240;XS00E500.00197;PLUG-IN BOARD;;100 G;;;;ok;importar;import_new;cumple condiciones para articulo nuevo | PN y designation_final validos, sin conflictos criticos;import_new;cumple condiciones para articulo nuevo | PN y designation_final validos, sin conflictos criticos;engine_16V4000M61.json;1301875;314;529530951;PLUG-IN BOARD;;100 G;;;;;ok;importar;yes
000531003;LED RED;000531003;publish;"Engine: 16V4000M61
Part Number: 000531003
Designation: LED RED
Measurement: 
Weight: MN MIT SOCKEL, 24VDC, 18MA,
Source Page: 314
BOM: XS00E500.00197
Substitution Status: 
New Part Number: 
Superseded List: ";LED RED;;16VM61-500;16V4000M61, importar;simple;https://milu-naval.mystagingwebsite.com/wp-content/uploads/2026/02/16V4000M61-0313-01-30.webp;16V4000M61;314;30;XS00E500.00197;LED RED;;MN MIT SOCKEL, 24VDC, 18MA,;;;;ok;importar;import_new;cumple condiciones para articulo nuevo | PN y designation_final validos, sin conflictos criticos;import_new;cumple condiciones para articulo nuevo | PN y designation_final validos, sin conflictos criticos;engine_16V4000M61.json;1301878;314;000531003;LED RED;;MN MIT SOCKEL, 24VDC, 18MA,;;;;;ok;importar;yes
000531133;LED GREEN;000531133;publish;"Engine: 16V4000M61
Part Number: 000531133
Designation: LED GREEN
Measurement: 
Weight: MN T5,5K, 24VDC,
Source Page: 314
BOM: XS00E500.00197
Substitution Status: 
New Part Number: 
Superseded List: ";LED GREEN;;16VM61-500;16V4000M61, importar;simple;https://milu-naval.mystagingwebsite.com/wp-content/uploads/2026/02/16V4000M61-0313-01-40.webp;16V4000M61;314;40;XS00E500.00197;LED GREEN;;MN T5,5K, 24VDC,;;;;ok;importar;import_new;cumple condiciones para articulo nuevo | PN y designation_final validos, sin conflictos criticos;import_new;cumple condiciones para articulo nuevo | PN y designation_final validos, sin conflictos criticos;engine_16V4000M61.json;1301879;314;000531133;LED GREEN;;MN T5,5K, 24VDC,;;;;;ok;importar;yes
000531143;LED YELLOW;000531143;publish;"Engine: 16V4000M61
Part Number: 000531143
Designation: LED YELLOW
Measurement: 
Weight: MN T5,5K, 24VDC,
Source Page: 314
BOM: XS00E500.00197
Substitution Status: 
New Part Number: 
Superseded List: ";LED YELLOW;;16VM61-500;16V4000M61, importar;simple;https://milu-naval.mystagingwebsite.com/wp-content/uploads/2026/02/16V4000M61-0313-01-50.webp;16V4000M61;314;50;XS00E500.00197;LED YELLOW;;MN T5,5K, 24VDC,;;;;ok;importar;import_new;cumple condiciones para articulo nuevo | PN y designation_final validos, sin conflictos criticos;import_new;cumple condiciones para articulo nuevo | PN y designation_final validos, sin conflictos criticos;engine_16V4000M61.json;1301880;314;000531143;LED YELLOW;;MN T5,5K, 24VDC,;;;;;ok;importar;yes
001531768;FUSE;001531768;publish;"Engine: 16V4000M61
Part Number: 001531768
Designation: FUSE
Measurement: 
Weight: TR3,D=6,H=8,3,15A/FLINK,125V
Source Page: 314
BOM: XS00E500.00197
Substitution Status: 
New Part Number: 
Superseded List: ";FUSE;;16VM61-500;16V4000M61, importar;simple;https://milu-naval.mystagingwebsite.com/wp-content/uploads/2026/02/16V4000M61-0313-01-60.webp;16V4000M61;314;60;XS00E500.00197;FUSE;;TR3,D=6,H=8,3,15A/FLINK,125V;;;;ok;importar;import_new;cumple condiciones para articulo nuevo | PN y designation_final validos, sin conflictos criticos;import_new;cumple condiciones para articulo nuevo | PN y designation_final validos, sin conflictos criticos;engine_16V4000M61.json;1301881;314;001531768;FUSE;;TR3,D=6,H=8,3,15A/FLINK,125V;;;;;ok;importar;yes
001531848;FUSE;001531848;publish;"Engine: 16V4000M61
Part Number: 001531848
Designation: FUSE
Measurement: 
Weight: FK2 KFZ-SICHERUNG
Source Page: 314
BOM: XS00E500.00197
Substitution Status: 
New Part Number: 
Superseded List: ";FUSE;;16VM61-500;16V4000M61, importar;simple;https://milu-naval.mystagingwebsite.com/wp-content/uploads/2026/02/16V4000M61-0313-01-70.webp;16V4000M61;314;70;XS00E500.00197;FUSE;;FK2 KFZ-SICHERUNG;;;;ok;importar;import_new;cumple condiciones para articulo nuevo | PN y designation_final validos, sin conflictos criticos;import_new;cumple condiciones para articulo nuevo | PN y designation_final validos, sin conflictos criticos;engine_16V4000M61.json;1301882;314;001531848;FUSE;;FK2 KFZ-SICHERUNG;;;;;ok;importar;yes
001531908;FUSE;001531908;publish;"Engine: 16V4000M61
Part Number: 001531908
Designation: FUSE
Measurement: 
Weight: FK2 KFZ-SICHERUNG
Source Page: 314
BOM: XS00E500.00197
Substitution Status: 
New Part Number: 
Superseded List: ";FUSE;;16VM61-500;16V4000M61, importar;simple;https://milu-naval.mystagingwebsite.com/wp-content/uploads/2026/02/16V4000M61-0313-01-80.webp;16V4000M61;314;80;XS00E500.00197;FUSE;;FK2 KFZ-SICHERUNG;;;;ok;importar;import_new;cumple condiciones para articulo nuevo | PN y designation_final validos, sin conflictos criticos;import_new;cumple condiciones para articulo nuevo | PN y designation_final validos, sin conflictos criticos;engine_16V4000M61.json;1301883;314;001531908;FUSE;;FK2 KFZ-SICHERUNG;;;;;ok;importar;yes
001531918;FUSE;001531918;publish;"Engine: 16V4000M61
Part Number: 001531918
Designation: FUSE
Measurement: 
Weight: FK2 KFZ-SICHERUNG
Source Page: 314
BOM: XS00E500.00197
Substitution Status: 
New Part Number: 
Superseded List: ";FUSE;;16VM61-500;16V4000M61, importar;simple;https://milu-naval.mystagingwebsite.com/wp-content/uploads/2026/02/16V4000M61-0313-01-90.webp;16V4000M61;314;90;XS00E500.00197;FUSE;;FK2 KFZ-SICHERUNG;;;;ok;importar;import_new;cumple condiciones para articulo nuevo | PN y designation_final validos, sin conflictos criticos;import_new;cumple condiciones para articulo nuevo | PN y designation_final validos, sin conflictos criticos;engine_16V4000M61.json;1301884;314;001531918;FUSE;;FK2 KFZ-SICHERUNG;;;;;ok;importar;yes
X00E50205155;HOUSING;x00e50205155;publish;"Engine: 16V4000M61
Part Number: X00E50205155
Designation: HOUSING
Measurement: 345X220X190/RAL 900
Weight: 5,580 KG
Source Page: 377
BOM: X00E50205154
Substitution Status: 
New Part Number: 
Superseded List: ";HOUSING;;16VM61-508;16V4000M61, importar;simple;https://milu-naval.mystagingwebsite.com/wp-content/uploads/2026/01/sin_imagen.jpeg;16V4000M61;377;35;X00E50205154;HOUSING;345X220X190/RAL 900;5,580 KG;;;;ok;importar;import_new;cumple condiciones para articulo nuevo | PN y designation_final validos, sin conflictos criticos;import_new;cumple condiciones para articulo nuevo | PN y designation_final validos, sin conflictos criticos;engine_16V4000M61.json;1302373;377;X00E50205155;HOUSING;345X220X190/RAL 900;5,580 KG;;;;;ok;importar;yes
X00E50205160;TERMINAL BOX MECHANICAL 1;x00e50205160;publish;"Engine: 16V4000M61
Part Number: X00E50205160
Designation: TERMINAL BOX MECHANICAL 1
Measurement: 
Weight: 
Source Page: 399
BOM: X00E50205159
Substitution Status: 
New Part Number: 
Superseded List: ";TERMINAL BOX MECHANICAL 1;;16VM61-508;16V4000M61, importar;simple;https://milu-naval.mystagingwebsite.com/wp-content/uploads/2026/01/sin_imagen.jpeg;16V4000M61;399;130;X00E50205159;TERMINAL BOX MECHANICAL 1;;;;;;ok;importar;import_new;cumple condiciones para articulo nuevo | PN y designation_final validos, sin conflictos criticos;import_new;cumple condiciones para articulo nuevo | PN y designation_final validos, sin conflictos criticos;engine_16V4000M61.json;1302462;399;X00E50205160;TERMINAL BOX MECHANICAL 1;;;;;;;ok;importar;yes
X00E50204674;LABELLING KIT;x00e50204674;publish;"Engine: 16V4000M61
Part Number: X00E50204674
Designation: LABELLING KIT
Measurement: 
Weight: 
Source Page: 401
BOM: X00E50204612
Substitution Status: 
New Part Number: 
Superseded List: ";LABELLING KIT;;16VM61-508;16V4000M61, importar;simple;https://milu-naval.mystagingwebsite.com/wp-content/uploads/2026/01/sin_imagen.jpeg;16V4000M61;401;190;X00E50204612;LABELLING KIT;;;;;;ok;importar;import_new;cumple condiciones para articulo nuevo | PN y designation_final validos, sin conflictos criticos;import_new;cumple condiciones para articulo nuevo | PN y designation_final validos, sin conflictos criticos;engine_16V4000M61.json;1302494;401;X00E50204674;LABELLING KIT;;;;;;;ok;importar;yes
X00E50204684;TERMINAL BOX;x00e50204684;publish;"Engine: 16V4000M61
Part Number: X00E50204684
Designation: TERMINAL BOX
Measurement: 400X230X110
Weight: 
Source Page: 401
BOM: X00E50204612
Substitution Status: 
New Part Number: 
Superseded List: ";TERMINAL BOX;;16VM61-508;16V4000M61, importar;simple;https://milu-naval.mystagingwebsite.com/wp-content/uploads/2026/01/sin_imagen.jpeg;16V4000M61;401;80;X00E50204612;TERMINAL BOX;400X230X110;;;;;ok;importar;import_new;cumple condiciones para articulo nuevo | PN y designation_final validos, sin conflictos criticos;import_new;cumple condiciones para articulo nuevo | PN y designation_final validos, sin conflictos criticos;engine_16V4000M61.json;1302498;401;X00E50204684;TERMINAL BOX;400X230X110;;;;;;ok;importar;yes
X00E50205165;CONTROL CONSOLE IN ENGINE ROOM;x00e50205165;publish;"Engine: 16V4000M61
Part Number: X00E50205165
Designation: CONTROL CONSOLE IN ENGINE ROOM
Measurement: 
Weight: 
Source Page: 404
BOM: X00E50205165
Substitution Status: 
New Part Number: 
Superseded List: ";CONTROL CONSOLE IN ENGINE ROOM;;16VM61-510;16V4000M61, importar;simple;https://milu-naval.mystagingwebsite.com/wp-content/uploads/2026/01/sin_imagen.jpeg;16V4000M61;404;75;X00E50205165;CONTROL CONSOLE IN ENGINE ROOM;;;;;;ok;importar;import_new;cumple condiciones para articulo nuevo | PN y designation_final validos, sin conflictos criticos;import_new;cumple condiciones para articulo nuevo | PN y designation_final validos, sin conflictos criticos;engine_16V4000M61.json;1302516;404;X00E50205165;CONTROL CONSOLE IN ENGINE ROOM;;;;;;;ok;importar;yes
X00E50203854;LABELLING KIT FOR CONTROL PANEL;x00e50203854;publish;"Engine: 16V4000M61
Part Number: X00E50203854
Designation: LABELLING KIT FOR CONTROL PANEL
Measurement: 
Weight: 2,600 G
Source Page: 404
BOM: X00E50205165
Substitution Status: 
New Part Number: 
Superseded List: ";LABELLING KIT FOR CONTROL PANEL;;16VM61-510;16V4000M61, importar;simple;https://milu-naval.mystagingwebsite.com/wp-content/uploads/2026/01/sin_imagen.jpeg;16V4000M61;404;90;X00E50205165;LABELLING KIT FOR CONTROL PANEL;;2,600 G;;;;ok;importar;import_new;cumple condiciones para articulo nuevo | PN y designation_final validos, sin conflictos criticos;import_new;cumple condiciones para articulo nuevo | PN y designation_final validos, sin conflictos criticos;engine_16V4000M61.json;1302517;404;X00E50203854;LABELLING KIT FOR CONTROL PANEL;;2,600 G;;;;;ok;importar;yes
X00E50205151;HOUSING;x00e50205151;publish;"Engine: 16V4000M61
Part Number: X00E50205151
Designation: HOUSING
Measurement: 360X210X160/RAL 9003
Weight: 2,960 KG
Source Page: 405
BOM: X00E50205165
Substitution Status: 
New Part Number: 
Superseded List: ";HOUSING;;16VM61-510;16V4000M61, importar;simple;https://milu-naval.mystagingwebsite.com/wp-content/uploads/2026/01/sin_imagen.jpeg;16V4000M61;405;570;X00E50205165;HOUSING;360X210X160/RAL 9003;2,960 KG;;;;ok;importar;import_new;cumple condiciones para articulo nuevo | PN y designation_final validos, sin conflictos criticos;import_new;cumple condiciones para articulo nuevo | PN y designation_final validos, sin conflictos criticos;engine_16V4000M61.json;1302564;405;X00E50205151;HOUSING;360X210X160/RAL 9003;2,960 KG;;;;;ok;importar;yes
5275309638;CONNECTING CABLE F/MONTRG SYST + GOV;5275309638;publish;"Engine: 16V4000M61
Part Number: 5275309638
Designation: CONNECTING CABLE F/MONTRG SYST + GOV
Measurement: 
Weight: 
Source Page: 433
BOM: X00036050
Substitution Status: 
New Part Number: 
Superseded List: ";CONNECTING CABLE F/MONTRG SYST + GOV;;16VM61-511;16V4000M61, importar;simple;https://milu-naval.mystagingwebsite.com/wp-content/uploads/2026/02/16V4000M61-0433-01-100.webp;16V4000M61;433;100;X00036050;CONNECTING CABLE F/MONTRG SYST + GOV;;;;;;ok;importar;import_new;cumple condiciones para articulo nuevo | PN y designation_final validos, sin conflictos criticos;import_new;cumple condiciones para articulo nuevo | PN y designation_final validos, sin conflictos criticos;engine_16V4000M61.json;1302638;433;5275309638;CONNECTING CABLE F/MONTRG SYST + GOV;;;;;;;ok;importar;yes
609010011;APPLIANCE CONNECTOR;609010011;publish;"Engine: 16V4000M61
Part Number: 609010011
Designation: APPLIANCE CONNECTOR
Measurement: 
Weight: 
Source Page: 463
BOM: X00E50200935
Substitution Status: 
New Part Number: 
Superseded List: ";APPLIANCE CONNECTOR;;16VM61-511;16V4000M61, importar;simple;https://milu-naval.mystagingwebsite.com/wp-content/uploads/2026/02/16V4000M61-0463-01-50.webp;16V4000M61;463;50;X00E50200935;APPLIANCE CONNECTOR;;;;;;ok;importar;import_new;cumple condiciones para articulo nuevo | PN y designation_final validos, sin conflictos criticos;import_new;cumple condiciones para articulo nuevo | PN y designation_final validos, sin conflictos criticos;engine_16V4000M61.json;1302758;463;609010011;APPLIANCE CONNECTOR;;;;;;;ok;importar;yes
506070100809;BAYONET COUPLING;506070100809;publish;"Engine: 16V4000M61
Part Number: 506070100809
Designation: BAYONET COUPLING
Measurement: 
Weight: 
Source Page: 473
BOM: X00E50201251
Substitution Status: 
New Part Number: 
Superseded List: ";BAYONET COUPLING;;16VM61-511;16V4000M61, importar;simple;https://milu-naval.mystagingwebsite.com/wp-content/uploads/2026/02/16V4000M61-0473-01-40.webp;16V4000M61;473;40;X00E50201251;BAYONET COUPLING;;;;;;ok;importar;import_new;cumple condiciones para articulo nuevo | PN y designation_final validos, sin conflictos criticos;import_new;cumple condiciones para articulo nuevo | PN y designation_final validos, sin conflictos criticos;engine_16V4000M61.json;1302802;473;506070100809;BAYONET COUPLING;;;;;;;ok;importar;yes
X00043936;CONNECTING CABLE;x00043936;publish;"Engine: 16V4000M61
Part Number: X00043936
Designation: CONNECTING CABLE
Measurement: 
Weight: 
Source Page: 492
BOM: X00044125
Substitution Status: 
New Part Number: 
Superseded List: ";CONNECTING CABLE;;16VM61-511;16V4000M61, importar;simple;https://milu-naval.mystagingwebsite.com/wp-content/uploads/2026/02/16V4000M61-0492-01-110.webp;16V4000M61;492;110;X00044125;CONNECTING CABLE;;;;;;ok;importar;import_new;cumple condiciones para articulo nuevo | PN y designation_final validos, sin conflictos criticos;import_new;cumple condiciones para articulo nuevo | PN y designation_final validos, sin conflictos criticos;engine_16V4000M61.json;1302879;492;X00043936;CONNECTING CABLE;;;;;;;ok;importar;yes
X00035150;MULTIPOINT CONNECTOR;x00035150;publish;"Engine: 16V4000M61
Part Number: X00035150
Designation: MULTIPOINT CONNECTOR
Measurement: 
Weight: 
Source Page: 493
BOM: X00043936
Substitution Status: 
New Part Number: 
Superseded List: ";MULTIPOINT CONNECTOR;;16VM61-511;16V4000M61, importar;simple;https://milu-naval.mystagingwebsite.com/wp-content/uploads/2026/02/16V4000M61-0493-01-120.webp;16V4000M61;493;120;X00043936;MULTIPOINT CONNECTOR;;;;;;ok;importar;import_new;cumple condiciones para articulo nuevo | PN y designation_final validos, sin conflictos criticos;import_new;cumple condiciones para articulo nuevo | PN y designation_final validos, sin conflictos criticos;engine_16V4000M61.json;1302882;493;X00035150;MULTIPOINT CONNECTOR;;;;;;;ok;importar;yes
5285304933;CONNECTING CABLE FOR MONITOR SYSTEM;5285304933;publish;"Engine: 16V4000M61
Part Number: 5285304933
Designation: CONNECTING CABLE FOR MONITOR SYSTEM
Measurement: 
Weight: 
Source Page: 494
BOM: X00045251
Substitution Status: 
New Part Number: 
Superseded List: ";CONNECTING CABLE FOR MONITOR SYSTEM;;16VM61-511;16V4000M61, importar;simple;https://milu-naval.mystagingwebsite.com/wp-content/uploads/2026/02/16V4000M61-0494-01-120.webp;16V4000M61;494;120;X00045251;CONNECTING CABLE FOR MONITOR SYSTEM;;;;;;ok;importar;import_new;cumple condiciones para articulo nuevo | PN y designation_final validos, sin conflictos criticos;import_new;cumple condiciones para articulo nuevo | PN y designation_final validos, sin conflictos criticos;engine_16V4000M61.json;1302891;494;5285304933;CONNECTING CABLE FOR MONITOR SYSTEM;;;;;;;ok;importar;yes
0095316380;CABLE;0095316380;publish;"Engine: 16V4000M61
Part Number: 0095316380
Designation: CABLE
Measurement: 7G/1,5QMM/D
Weight: 
Source Page: 496
BOM: 5285304933
Substitution Status: 
New Part Number: 
Superseded List: ";CABLE;;16VM61-511;16V4000M61, importar;simple;https://milu-naval.mystagingwebsite.com/wp-content/uploads/2026/01/sin_imagen.jpeg;16V4000M61;496;20;5285304933;CABLE;7G/1,5QMM/D;;;;;ok;importar;import_new;cumple condiciones para articulo nuevo | PN y designation_final validos, sin conflictos criticos;import_new;cumple condiciones para articulo nuevo | PN y designation_final validos, sin conflictos criticos;engine_16V4000M61.json;1302900;496;0095316380;CABLE;7G/1,5QMM/D;;;;;;ok;importar;yes
700425000169;PLATE;700425000169;publish;"Engine: 16V4000M73L
Part Number: 700425000169
Designation: PLATE
Measurement: 
Weight: 1 G EM 04.14
Source Page: 7
BOM: X00027331
Substitution Status: 
New Part Number: 
Superseded List: ";PLATE;;16VM73L-4;16V4000M73L, importar;simple;https://milu-naval.mystagingwebsite.com/wp-content/uploads/2026/01/sin_imagen.jpeg;16V4000M73L;7;100;X00027331;PLATE;;1 G EM 04.14;;;;ok;importar;import_new;cumple condiciones para articulo nuevo | PN y designation_final validos, sin conflictos criticos;import_new;cumple condiciones para articulo nuevo | PN y designation_final validos, sin conflictos criticos;engine_16V4000M73L.json;1500002;7;700425000169;PLATE;;1 G EM 04.14;;;;;ok;importar;yes
700425000170;PLATE;700425000170;publish;"Engine: 16V4000M73L
Part Number: 700425000170
Designation: PLATE
Measurement: 
Weight: 1 G EM 04.15
Source Page: 7
BOM: X00027331
Substitution Status: 
New Part Number: 
Superseded List: ";PLATE;;16VM73L-4;16V4000M73L, importar;simple;https://milu-naval.mystagingwebsite.com/wp-content/uploads/2026/01/sin_imagen.jpeg;16V4000M73L;7;200;X00027331;PLATE;;1 G EM 04.15;;;;ok;importar;import_new;cumple condiciones para articulo nuevo | PN y designation_final validos, sin conflictos criticos;import_new;cumple condiciones para articulo nuevo | PN y designation_final validos, sin conflictos criticos;engine_16V4000M73L.json;1500003;7;700425000170;PLATE;;1 G EM 04.15;;;;;ok;importar;yes
000000000897;HEX SCREW;000000000897;publish;"Engine: 16V4000M73
Part Number: 000000000897
Designation: HEX SCREW
Measurement: M 10 X 40
Weight: 0.03 KGM
Source Page: 26
BOM: XS595010.00016
Substitution Status: 
New Part Number: 
Superseded List: ";HEX SCREW;;16VM73-11;16V4000M73, importar;simple;https://milu-naval.mystagingwebsite.com/wp-content/uploads/2026/02/16V4000M73-0026-01-260.webp;16V4000M73;26;260;XS595010.00016;HEX SCREW;M 10 X 40;0.03 KGM;;;;ok;importar;import_new;cumple condiciones para articulo nuevo | PN y designation_final validos, sin conflictos criticos;import_new;cumple condiciones para articulo nuevo | PN y designation_final validos, sin conflictos criticos;engine_16V4000M73.json;1400041;26;000000000897;HEX SCREW;M 10 X 40;0.03 KGM;;;;;ok;importar;yes
X59501400007;OIL PAN;x59501400007;publish;"Engine: 16V4000M73
Part Number: X59501400007
Designation: OIL PAN
Measurement: 
Weight: 
Source Page: 34
BOM: X59501400006
Substitution Status: 
New Part Number: 
Superseded List: ";OIL PAN;;16VM73-14;16V4000M73, importar;simple;https://milu-naval.mystagingwebsite.com/wp-content/uploads/2026/02/16V4000M73-0034-01-50.webp;16V4000M73;34;50;X59501400006;OIL PAN;;;;;;ok;importar;import_new;cumple condiciones para articulo nuevo | PN y designation_final validos, sin conflictos criticos;import_new;cumple condiciones para articulo nuevo | PN y designation_final validos, sin conflictos criticos;engine_16V4000M73.json;1400119;34;X59501400007;OIL PAN;;;;;;;ok;importar;yes
000000004396;HEX SCREW;000000004396;publish;"Engine: 16V4000M73
Part Number: 000000004396
Designation: HEX SCREW
Measurement: M 8 X 85
Weight: 0.035 KGM
Source Page: 43
BOM: XS595180.00017
Substitution Status: 
New Part Number: 
Superseded List: ";HEX SCREW;;16VM73-18;16V4000M73, importar;simple;https://milu-naval.mystagingwebsite.com/wp-content/uploads/2026/02/16V4000M73-0041-01-450.webp;16V4000M73;43;450;XS595180.00017;HEX SCREW;M 8 X 85;0.035 KGM;;;;ok;importar;import_new;cumple condiciones para articulo nuevo | PN y designation_final validos, sin conflictos criticos;import_new;cumple condiciones para articulo nuevo | PN y designation_final validos, sin conflictos criticos;engine_16V4000M73.json;1400202;43;000000004396;HEX SCREW;M 8 X 85;0.035 KGM;;;;;ok;importar;yes
000000000670;CLAMP;000000000670;publish;"Engine: 16V4000M73
Part Number: 000000000670
Designation: CLAMP
Measurement: 35- 50X12-SW8-W3
Weight: 0.029 KGM
Source Page: 45
BOM: XS595180.00017
Substitution Status: SI
New Part Number: 000000000670
Superseded List: 916017032000";CLAMP;;16VM73-18;16V4000M73, New, importar;simple;https://milu-naval.mystagingwebsite.com/wp-content/uploads/2026/02/16V4000M73-0041-01-6300.webp;16V4000M73;45;6300;XS595180.00017;CLAMP;35- 50X12-SW8-W3;0.029 KGM;SI;000000000670;916017032000;ok;importar;import_new;cumple condiciones para articulo nuevo;import_new;cumple condiciones para articulo nuevo;engine_16V4000M73.json;1400282;45;000000000670;CLAMP;35- 50X12-SW8-W3;0.029 KGM;SI;New;000000000670;916017032000;ok;importar;yes
X52718300001;MANIFOLD;x52718300001;publish;"Engine: 16V4000M73
Part Number: X52718300001
Designation: MANIFOLD
Measurement: 
Weight: 0.827 kg
Source Page: 47
BOM: X59501800046
Substitution Status: 
New Part Number: 
Superseded List: ";MANIFOLD;;16VM73-18;16V4000M73, importar;simple;https://milu-naval.mystagingwebsite.com/wp-content/uploads/2026/02/16V4000M73-0047-01-70.webp;16V4000M73;47;70;X59501800046;MANIFOLD;;0.827 kg;;;;ok;importar;import_new;cumple condiciones para articulo nuevo | PN y designation_final validos, sin conflictos criticos;import_new;cumple condiciones para articulo nuevo | PN y designation_final validos, sin conflictos criticos;engine_16V4000M73.json;1400291;47;X52718300001;MANIFOLD;;0.827 kg;;;;;ok;importar;yes
X59305200005;IDLER GEAR;x59305200005;publish;"Engine: 16V4000M73
Part Number: X59305200005
Designation: IDLER GEAR
Measurement: 
Weight: 
Source Page: 57
BOM: X59305200004
Substitution Status: 
New Part Number: 
Superseded List: ";IDLER GEAR;;16VM73-24;16V4000M73, importar;simple;https://milu-naval.mystagingwebsite.com/wp-content/uploads/2026/02/16V4000M73-0057-01-10.webp;16V4000M73;57;10;X59305200004;IDLER GEAR;;;;;;ok;importar;import_new;cumple condiciones para articulo nuevo | PN y designation_final validos, sin conflictos criticos;import_new;cumple condiciones para articulo nuevo | PN y designation_final validos, sin conflictos criticos;engine_16V4000M73.json;1400353;57;X59305200005;IDLER GEAR;;;;;;;ok;importar;yes
X00035437;PISTON CROWN;x00035437;publish;"Engine: 16V4000M73
Part Number: X00035437
Designation: PISTON CROWN
Measurement: 
Weight: EM
Source Page: 74
BOM: X00035690
Substitution Status: 
New Part Number: 
Superseded List: ";PISTON CROWN;;16VM73-37;16V4000M73, importar;simple;https://milu-naval.mystagingwebsite.com/wp-content/uploads/2026/02/16V4000M73-0074-01-100.webp;16V4000M73;74;100;X00035690;PISTON CROWN;;EM;;;;ok;importar;import_new;cumple condiciones para articulo nuevo | PN y designation_final validos, sin conflictos criticos;import_new;cumple condiciones para articulo nuevo | PN y designation_final validos, sin conflictos criticos;engine_16V4000M73.json;1400434;74;X00035437;PISTON CROWN;;EM;;;;;ok;importar;yes
X00035435;PISTON SKIRT;x00035435;publish;"Engine: 16V4000M73
Part Number: X00035435
Designation: PISTON SKIRT
Measurement: 
Weight: 5840.000 g
Source Page: 74
BOM: X00035690
Substitution Status: 
New Part Number: 
Superseded List: ";PISTON SKIRT;;16VM73-37;16V4000M73, importar;simple;https://milu-naval.mystagingwebsite.com/wp-content/uploads/2026/02/16V4000M73-0074-01-50.webp;16V4000M73;74;50;X00035690;PISTON SKIRT;;5840.000 g;;;;ok;importar;import_new;cumple condiciones para articulo nuevo | PN y designation_final validos, sin conflictos criticos;import_new;cumple condiciones para articulo nuevo | PN y designation_final validos, sin conflictos criticos;engine_16V4000M73.json;1400442;74;X00035435;PISTON SKIRT;;5840.000 g;;;;;ok;importar;yes
5240530930 5240530930;VALVE GUIDE VALVE GUIDE;5240530930-5240530930;publish;"Engine: 16V4000M73
Part Number: 5240530930 5240530930
Designation: VALVE GUIDE VALVE GUIDE
Measurement: 
Weight: 130.000 g 130.000 g
Source Page: 81
BOM: X52404100178
Substitution Status: 
New Part Number: 5240530930
Superseded List: 5240530930";VALVE GUIDE VALVE GUIDE;;16VM73-41;16V4000M73, importar;simple;https://milu-naval.mystagingwebsite.com/wp-content/uploads/2026/01/sin_imagen.jpeg;16V4000M73;81;260 270;X52404100178;VALVE GUIDE VALVE GUIDE;;130.000 g 130.000 g;;5240530930;5240530930;ok;importar;import_new;cumple condiciones para articulo nuevo | PN y designation_final validos, sin conflictos criticos;import_new;cumple condiciones para articulo nuevo | PN y designation_final validos, sin conflictos criticos;engine_16V4000M73.json;1400477;81;5240530930 5240530930;VALVE GUIDE VALVE GUIDE;;130.000 g 130.000 g;;;5240530930;5240530930;ok;importar;yes
X52404100176;CYLINDER HEAD;x52404100176;publish;"Engine: 16V4000M73
Part Number: X52404100176
Designation: CYLINDER HEAD
Measurement: 
Weight: 
Source Page: 82
BOM: X52404100177
Substitution Status: 
New Part Number: 
Superseded List: ";CYLINDER HEAD;;16VM73-41;16V4000M73, importar;simple;https://milu-naval.mystagingwebsite.com/wp-content/uploads/2026/02/16V4000M73-0082-01-10.webp;16V4000M73;82;10;X52404100177;CYLINDER HEAD;;;;;;ok;importar;import_new;cumple condiciones para articulo nuevo | PN y designation_final validos, sin conflictos criticos;import_new;cumple condiciones para articulo nuevo | PN y designation_final validos, sin conflictos criticos;engine_16V4000M73.json;1400484;82;X52404100176;CYLINDER HEAD;;;;;;;ok;importar;yes
X52705100003;CAMSHAFT FOR 16V;x52705100003;publish;"Engine: 16V4000M73
Part Number: X52705100003
Designation: CAMSHAFT FOR 16V
Measurement: 
Weight: 
Source Page: 84
BOM: X52705100004
Substitution Status: 
New Part Number: 
Superseded List: ";CAMSHAFT FOR 16V;;16VM73-51;16V4000M73, importar;simple;https://milu-naval.mystagingwebsite.com/wp-content/uploads/2026/02/16V4000M73-0084-01-25.webp;16V4000M73;84;25;X52705100004;CAMSHAFT FOR 16V;;;;;;ok;importar;import_new;cumple condiciones para articulo nuevo | PN y designation_final validos, sin conflictos criticos;import_new;cumple condiciones para articulo nuevo | PN y designation_final validos, sin conflictos criticos;engine_16V4000M73.json;1400494;84;X52705100003;CAMSHAFT FOR 16V;;;;;;;ok;importar;yes
X00040507;ROCKER ARM EXHAUST;x00040507;publish;"Engine: 16V4000M73
Part Number: X00040507
Designation: ROCKER ARM EXHAUST
Measurement: 
Weight: 
Source Page: 96
BOM: X52405500014
Substitution Status: 
New Part Number: 
Superseded List: ";ROCKER ARM EXHAUST;;16VM73-55;16V4000M73, importar;simple;https://milu-naval.mystagingwebsite.com/wp-content/uploads/2026/02/16V4000M73-0096-01-5.webp;16V4000M73;96;5;X52405500014;ROCKER ARM EXHAUST;;;;;;ok;importar;import_new;cumple condiciones para articulo nuevo | PN y designation_final validos, sin conflictos criticos;import_new;cumple condiciones para articulo nuevo | PN y designation_final validos, sin conflictos criticos;engine_16V4000M73.json;1400544;96;X00040507;ROCKER ARM EXHAUST;;;;;;;ok;importar;yes
90160807010;HEX SCREW;90160807010;publish;"Engine: 16V4000M73
Part Number: 90160807010
Designation: HEX SCREW
Measurement: 
Weight: 
Source Page: 108
BOM: X00026990
Substitution Status: 
New Part Number: 
Superseded List: ";HEX SCREW;;16VM73-77;16V4000M73, importar;simple;https://milu-naval.mystagingwebsite.com/wp-content/uploads/2026/02/16V4000M73-0108-01-40.webp;16V4000M73;108;40;X00026990;HEX SCREW;;;;;;ok;importar;import_new;cumple condiciones para articulo nuevo | PN y designation_final validos, sin conflictos criticos;import_new;cumple condiciones para articulo nuevo | PN y designation_final validos, sin conflictos criticos;engine_16V4000M73.json;1400601;108;90160807010;HEX SCREW;;;;;;;ok;importar;yes
301101001409;HEX SCREW;301101001409;publish;"Engine: 16V4000M73
Part Number: 301101001409
Designation: HEX SCREW
Measurement: 
Weight: 
Source Page: 109
BOM: X00026991
Substitution Status: 
New Part Number: 
Superseded List: ";HEX SCREW;;16VM73-77;16V4000M73, importar;simple;https://milu-naval.mystagingwebsite.com/wp-content/uploads/2026/02/16V4000M73-0109-01-50.webp;16V4000M73;109;50;X00026991;HEX SCREW;;;;;;ok;importar;import_new;cumple condiciones para articulo nuevo | PN y designation_final validos, sin conflictos criticos;import_new;cumple condiciones para articulo nuevo | PN y designation_final validos, sin conflictos criticos;engine_16V4000M73.json;1400603;109;301101001409;HEX SCREW;;;;;;;ok;importar;yes
X52408300005;FUEL FILTER;x52408300005;publish;"Engine: 16V4000M73
Part Number: X52408300005
Designation: FUEL FILTER
Measurement: 
Weight: 18.500 kg
Source Page: 125
BOM: X59408300026
Substitution Status: 
New Part Number: 
Superseded List: ";FUEL FILTER;;16VM73-83;16V4000M73, importar;simple;https://milu-naval.mystagingwebsite.com/wp-content/uploads/2026/02/16V4000M73-0125-01-10.webp;16V4000M73;125;10;X59408300026;FUEL FILTER;;18.500 kg;;;;ok;importar;import_new;cumple condiciones para articulo nuevo | PN y designation_final validos, sin conflictos criticos;import_new;cumple condiciones para articulo nuevo | PN y designation_final validos, sin conflictos criticos;engine_16V4000M73.json;1400738;125;X52408300005;FUEL FILTER;;18.500 kg;;;;;ok;importar;yes
X59308300035;CONTROL DISC;x59308300035;publish;"Engine: 16V4000M73
Part Number: X59308300035
Designation: CONTROL DISC
Measurement: 
Weight: 
Source Page: 125
BOM: X59408300026
Substitution Status: 
New Part Number: 
Superseded List: ";CONTROL DISC;;16VM73-83;16V4000M73, importar;simple;https://milu-naval.mystagingwebsite.com/wp-content/uploads/2026/02/16V4000M73-0125-01-170.webp;16V4000M73;125;170;X59408300026;CONTROL DISC;;;;;;ok;importar;import_new;cumple condiciones para articulo nuevo | PN y designation_final validos, sin conflictos criticos;import_new;cumple condiciones para articulo nuevo | PN y designation_final validos, sin conflictos criticos;engine_16V4000M73.json;1400746;125;X59308300035;CONTROL DISC;;;;;;;ok;importar;yes
X59308300005;COVER;x59308300005;publish;"Engine: 20V4000M93L
Part Number: X59308300005
Designation: COVER
Measurement: 
Weight: 3.500 kg
Source Page: 1224
BOM: X59308300001
Substitution Status: 
New Part Number: 
Superseded List: ";COVER;;20VM93L-83;20V4000M93L, importar;simple;https://milu-naval.mystagingwebsite.com/wp-content/uploads/2026/02/20V4000M93L-1224-01-250.webp;20V4000M93L;1224;250;X59308300001;COVER;;3.500 kg;;;;ok;importar;import_new;cumple condiciones para articulo nuevo | PN y designation_final validos, sin conflictos criticos;import_new;cumple condiciones para articulo nuevo | PN y designation_final validos, sin conflictos criticos;engine_20V4000M93L.json;1800719;1224;X59308300005;COVER;;3.500 kg;;;;;ok;importar;yes
X52408300006;COVER;x52408300006;publish;"Engine: 16V4000M73
Part Number: X52408300006
Designation: COVER
Measurement: 
Weight: 3.400 kg
Source Page: 127
BOM: X59308300005
Substitution Status: 
New Part Number: 
Superseded List: ";COVER;;16VM73-83;16V4000M73, importar;simple;https://milu-naval.mystagingwebsite.com/wp-content/uploads/2026/02/16V4000M73-0127-01-10.webp;16V4000M73;127;10;X59308300005;COVER;;3.400 kg;;;;ok;importar;import_new;cumple condiciones para articulo nuevo | PN y designation_final validos, sin conflictos criticos;import_new;cumple condiciones para articulo nuevo | PN y designation_final validos, sin conflictos criticos;engine_16V4000M73.json;1400766;127;X52408300006;COVER;;3.400 kg;;;;;ok;importar;yes
X59510100061;BEARING HOUSING;x59510100061;publish;"Engine: 16V4000M73
Part Number: X59510100061
Designation: BEARING HOUSING
Measurement: 
Weight: 
Source Page: 142
BOM: X59510100008
Substitution Status: 
New Part Number: 
Superseded List: ";BEARING HOUSING;;16VM73-101;16V4000M73, importar;simple;https://milu-naval.mystagingwebsite.com/wp-content/uploads/2026/02/16V4000M73-0142-01-10.webp;16V4000M73;142;10;X59510100008;BEARING HOUSING;;;;;;ok;importar;import_new;cumple condiciones para articulo nuevo | PN y designation_final validos, sin conflictos criticos;import_new;cumple condiciones para articulo nuevo | PN y designation_final validos, sin conflictos criticos;engine_16V4000M73.json;1400925;142;X59510100061;BEARING HOUSING;;;;;;;ok;importar;yes
XP52711400024;HOUSING;xp52711400024;publish;"Engine: 16V4000M73
Part Number: XP52711400024
Designation: HOUSING
Measurement: 
Weight: 
Source Page: 152
BOM: X59511400003
Substitution Status: 
New Part Number: 
Superseded List: ";HOUSING;;16VM73-110;16V4000M73, importar;simple;https://milu-naval.mystagingwebsite.com/wp-content/uploads/2026/02/16V4000M73-0152-01-20.webp;16V4000M73;152;20;X59511400003;HOUSING;;;;;;ok;importar;import_new;cumple condiciones para articulo nuevo | PN y designation_final validos, sin conflictos criticos;import_new;cumple condiciones para articulo nuevo | PN y designation_final validos, sin conflictos criticos;engine_16V4000M73.json;1401028;152;XP52711400024;HOUSING;;;;;;;ok;importar;yes
X59612300017;INTAKE HOUSING;x59612300017;publish;"Engine: 16V4000M73
Part Number: X59612300017
Designation: INTAKE HOUSING
Measurement: 
Weight: 
Source Page: 162
BOM: X59612300016
Substitution Status: 
New Part Number: 
Superseded List: ";INTAKE HOUSING;;16VM73-123;16V4000M73, importar;simple;https://milu-naval.mystagingwebsite.com/wp-content/uploads/2026/02/16V4000M73-0161-01-50.webp;16V4000M73;162;50;X59612300016;INTAKE HOUSING;;;;;;ok;importar;import_new;cumple condiciones para articulo nuevo | PN y designation_final validos, sin conflictos criticos;import_new;cumple condiciones para articulo nuevo | PN y designation_final validos, sin conflictos criticos;engine_16V4000M73.json;1401088;162;X59612300017;INTAKE HOUSING;;;;;;;ok;importar;yes
X59612300018;INTAKE HOUSING;x59612300018;publish;"Engine: 16V4000M73
Part Number: X59612300018
Designation: INTAKE HOUSING
Measurement: 
Weight: 
Source Page: 163
BOM: X59612300017
Substitution Status: 
New Part Number: 
Superseded List: ";INTAKE HOUSING;;16VM73-123;16V4000M73, importar;simple;https://milu-naval.mystagingwebsite.com/wp-content/uploads/2026/02/16V4000M73-0163-01-50.webp;16V4000M73;163;50;X59612300017;INTAKE HOUSING;;;;;;ok;importar;import_new;cumple condiciones para articulo nuevo | PN y designation_final validos, sin conflictos criticos;import_new;cumple condiciones para articulo nuevo | PN y designation_final validos, sin conflictos criticos;engine_16V4000M73.json;1401100;163;X59612300018;INTAKE HOUSING;;;;;;;ok;importar;yes
X59418500022;OIL LINE FOR FLAP CONTROL;x59418500022;publish;"Engine: 16V4000M73
Part Number: X59418500022
Designation: OIL LINE FOR FLAP CONTROL
Measurement: 
Weight: 
Source Page: 204
BOM: XS594180.00022
Substitution Status: 
New Part Number: 
Superseded List: ";OIL LINE FOR FLAP CONTROL;;16VM73-180;16V4000M73, importar;simple;https://milu-naval.mystagingwebsite.com/wp-content/uploads/2026/02/16V4000M73-0204-01-1000.webp;16V4000M73;204;1000;XS594180.00022;OIL LINE FOR FLAP CONTROL;;;;;;ok;importar;import_new;cumple condiciones para articulo nuevo | PN y designation_final validos, sin conflictos criticos;import_new;cumple condiciones para articulo nuevo | PN y designation_final validos, sin conflictos criticos;engine_16V4000M73.json;1401449;204;X59418500022;OIL LINE FOR FLAP CONTROL;;;;;;;ok;importar;yes
X59418500023;OIL LINE FOR FLAP CONTROL;x59418500023;publish;"Engine: 16V4000M73
Part Number: X59418500023
Designation: OIL LINE FOR FLAP CONTROL
Measurement: 
Weight: 
Source Page: 204
BOM: XS594180.00022
Substitution Status: 
New Part Number: 
Superseded List: ";OIL LINE FOR FLAP CONTROL;;16VM73-180;16V4000M73, importar;simple;https://milu-naval.mystagingwebsite.com/wp-content/uploads/2026/02/16V4000M73-0204-01-1050.webp;16V4000M73;204;1050;XS594180.00022;OIL LINE FOR FLAP CONTROL;;;;;;ok;importar;import_new;cumple condiciones para articulo nuevo | PN y designation_final validos, sin conflictos criticos;import_new;cumple condiciones para articulo nuevo | PN y designation_final validos, sin conflictos criticos;engine_16V4000M73.json;1401450;204;X59418500023;OIL LINE FOR FLAP CONTROL;;;;;;;ok;importar;yes
X59418300008;GUIDE HOUSING;x59418300008;publish;"Engine: 16V4000M73
Part Number: X59418300008
Designation: GUIDE HOUSING
Measurement: 
Weight: 
Source Page: 210
BOM: X59418300009
Substitution Status: 
New Part Number: 
Superseded List: ";GUIDE HOUSING;;16VM73-180;16V4000M73, importar;simple;https://milu-naval.mystagingwebsite.com/wp-content/uploads/2026/02/16V4000M73-0210-01-50.webp;16V4000M73;210;50;X59418300009;GUIDE HOUSING;;;;;;ok;importar;import_new;cumple condiciones para articulo nuevo | PN y designation_final validos, sin conflictos criticos;import_new;cumple condiciones para articulo nuevo | PN y designation_final validos, sin conflictos criticos;engine_16V4000M73.json;1401556;210;X59418300008;GUIDE HOUSING;;;;;;;ok;importar;yes
X00004395;TURBINE HOUSING BR 4000;x00004395;publish;"Engine: 16V4000M73
Part Number: X00004395
Designation: TURBINE HOUSING BR 4000
Measurement: 
Weight: 
Source Page: 221
BOM: X52718300038
Substitution Status: 
New Part Number: 
Superseded List: ";TURBINE HOUSING BR 4000;;16VM73-183;16V4000M73, importar;simple;https://milu-naval.mystagingwebsite.com/wp-content/uploads/2026/02/16V4000M73-0221-01-160.webp;16V4000M73;221;160;X52718300038;TURBINE HOUSING BR 4000;;;;;;ok;importar;import_new;cumple condiciones para articulo nuevo | PN y designation_final validos, sin conflictos criticos;import_new;cumple condiciones para articulo nuevo | PN y designation_final validos, sin conflictos criticos;engine_16V4000M73.json;1401624;221;X00004395;TURBINE HOUSING BR 4000;;;;;;;ok;importar;yes
Z=2301130;GROOVED PIN;z-2301130;publish;"Engine: 16V4000M73
Part Number: Z=2301130
Designation: GROOVED PIN
Measurement: 
Weight: 
Source Page: 221
BOM: X52718300038
Substitution Status: 
New Part Number: 
Superseded List: ";GROOVED PIN;;16VM73-183;16V4000M73, importar;simple;https://milu-naval.mystagingwebsite.com/wp-content/uploads/2026/02/16V4000M73-0221-01-270.webp;16V4000M73;221;270;X52718300038;GROOVED PIN;;;;;;ok;importar;import_new;cumple condiciones para articulo nuevo | PN y designation_final validos, sin conflictos criticos;import_new;cumple condiciones para articulo nuevo | PN y designation_final validos, sin conflictos criticos;engine_16V4000M73.json;1401634;221;Z=2301130;GROOVED PIN;;;;;;;ok;importar;yes
X00003265;OIL FILTER HOUSING BR 4000;x00003265;publish;"Engine: 16V4000M73
Part Number: X00003265
Designation: OIL FILTER HOUSING BR 4000
Measurement: 
Weight: 
Source Page: 221
BOM: X52718300038
Substitution Status: 
New Part Number: 
Superseded List: ";OIL FILTER HOUSING BR 4000;;16VM73-183;16V4000M73, importar;simple;https://milu-naval.mystagingwebsite.com/wp-content/uploads/2026/02/16V4000M73-0220-02-50.webp;16V4000M73;221;50;X52718300038;OIL FILTER HOUSING BR 4000;;;;;;ok;importar;import_new;cumple condiciones para articulo nuevo | PN y designation_final validos, sin conflictos criticos;import_new;cumple condiciones para articulo nuevo | PN y designation_final validos, sin conflictos criticos;engine_16V4000M73.json;1401635;221;X00003265;OIL FILTER HOUSING BR 4000;;;;;;;ok;importar;yes
X00003273;HOUSING COVER;x00003273;publish;"Engine: 16V4000M73
Part Number: X00003273
Designation: HOUSING COVER
Measurement: 
Weight: 
Source Page: 221
BOM: X52718300038
Substitution Status: 
New Part Number: 
Superseded List: ";HOUSING COVER;;16VM73-183;16V4000M73, importar;simple;https://milu-naval.mystagingwebsite.com/wp-content/uploads/2026/02/16V4000M73-0220-02-60.webp;16V4000M73;221;60;X52718300038;HOUSING COVER;;;;;;ok;importar;import_new;cumple condiciones para articulo nuevo | PN y designation_final validos, sin conflictos criticos;import_new;cumple condiciones para articulo nuevo | PN y designation_final validos, sin conflictos criticos;engine_16V4000M73.json;1401636;221;X00003273;HOUSING COVER;;;;;;;ok;importar;yes
Z=2000187 PLUG;PLUG;z-2000187-plug;publish;"Engine: 16V4000M73
Part Number: Z=2000187 PLUG
Designation: PLUG
Measurement: 
Weight: 350.000 g
Source Page: 222
BOM: X52718300038
Substitution Status: 
New Part Number: 
Superseded List: ";PLUG;;16VM73-183;16V4000M73, importar;simple;https://milu-naval.mystagingwebsite.com/wp-content/uploads/2026/02/16V4000M73-0220-02-320.webp;16V4000M73;222;320;X52718300038;PLUG;;350.000 g;;;;ok;importar;import_new;cumple condiciones para articulo nuevo | PN y designation_final validos, sin conflictos criticos;import_new;cumple condiciones para articulo nuevo | PN y designation_final validos, sin conflictos criticos;engine_16V4000M73.json;1401643;222;Z=2000187 PLUG;PLUG;;350.000 g;;;;;ok;importar;yes
Z=5008712 WASHER;WASHER;z-5008712-washer;publish;"Engine: 16V4000M73
Part Number: Z=5008712 WASHER
Designation: WASHER
Measurement: 
Weight: 
Source Page: 222
BOM: X52718300038
Substitution Status: 
New Part Number: 
Superseded List: ";WASHER;;16VM73-183;16V4000M73, importar;simple;https://milu-naval.mystagingwebsite.com/wp-content/uploads/2026/02/16V4000M73-0221-01-380.webp;16V4000M73;222;380;X52718300038;WASHER;;;;;;ok;importar;import_new;cumple condiciones para articulo nuevo | PN y designation_final validos, sin conflictos criticos;import_new;cumple condiciones para articulo nuevo | PN y designation_final validos, sin conflictos criticos;engine_16V4000M73.json;1401649;222;Z=5008712 WASHER;WASHER;;;;;;;ok;importar;yes
Z=2000115 SCREW;SCREW;z-2000115-screw;publish;"Engine: 16V4000M73
Part Number: Z=2000115 SCREW
Designation: SCREW
Measurement: 
Weight: 1.000 kg
Source Page: 222
BOM: X52718300038
Substitution Status: 
New Part Number: 
Superseded List: ";SCREW;;16VM73-183;16V4000M73, importar;simple;https://milu-naval.mystagingwebsite.com/wp-content/uploads/2026/01/sin_imagen.jpeg;16V4000M73;222;480;X52718300038;SCREW;;1.000 kg;;;;ok;importar;import_new;cumple condiciones para articulo nuevo | PN y designation_final validos, sin conflictos criticos;import_new;cumple condiciones para articulo nuevo | PN y designation_final validos, sin conflictos criticos;engine_16V4000M73.json;1401659;222;Z=2000115 SCREW;SCREW;;1.000 kg;;;;;ok;importar;yes
Z=9402913 PLATE;PLATE;z-9402913-plate;publish;"Engine: 16V4000M73
Part Number: Z=9402913 PLATE
Designation: PLATE
Measurement: 
Weight: 
Source Page: 222
BOM: X52718300038
Substitution Status: 
New Part Number: 
Superseded List: ";PLATE;;16VM73-183;16V4000M73, importar;simple;https://milu-naval.mystagingwebsite.com/wp-content/uploads/2026/02/16V4000M73-0220-01-490.webp;16V4000M73;222;490;X52718300038;PLATE;;;;;;ok;importar;import_new;cumple condiciones para articulo nuevo | PN y designation_final validos, sin conflictos criticos;import_new;cumple condiciones para articulo nuevo | PN y designation_final validos, sin conflictos criticos;engine_16V4000M73.json;1401660;222;Z=9402913 PLATE;PLATE;;;;;;;ok;importar;yes
X00005748;COVER BR 4000;x00005748;publish;"Engine: 16V4000M73
Part Number: X00005748
Designation: COVER BR 4000
Measurement: 
Weight: 
Source Page: 222
BOM: X52718300038
Substitution Status: 
New Part Number: 
Superseded List: ";COVER BR 4000;;16VM73-183;16V4000M73, importar;simple;https://milu-naval.mystagingwebsite.com/wp-content/uploads/2026/02/16V4000M73-0221-01-570.webp;16V4000M73;222;570;X52718300038;COVER BR 4000;;;;;;ok;importar;import_new;cumple condiciones para articulo nuevo | PN y designation_final validos, sin conflictos criticos;import_new;cumple condiciones para articulo nuevo | PN y designation_final validos, sin conflictos criticos;engine_16V4000M73.json;1401668;222;X00005748;COVER BR 4000;;;;;;;ok;importar;yes
X00034674;IMPELLER;x00034674;publish;"Engine: 16V4000M73
Part Number: X00034674
Designation: IMPELLER
Measurement: 
Weight: 3.070 kg
Source Page: 249
BOM: X00036684
Substitution Status: 
New Part Number: 
Superseded List: ";IMPELLER;;16VM73-202;16V4000M73, importar;simple;https://milu-naval.mystagingwebsite.com/wp-content/uploads/2026/02/16V4000M73-0249-01-100.webp;16V4000M73;249;100;X00036684;IMPELLER;;3.070 kg;;;;ok;importar;import_new;cumple condiciones para articulo nuevo | PN y designation_final validos, sin conflictos criticos;import_new;cumple condiciones para articulo nuevo | PN y designation_final validos, sin conflictos criticos;engine_16V4000M73.json;1401902;249;X00034674;IMPELLER;;3.070 kg;;;;;ok;importar;yes
X59499100175;RETAINER;x59499100175;publish;"Engine: 16V4000M73
Part Number: X59499100175
Designation: RETAINER
Measurement: 
Weight: 30.400 g
Source Page: 253
BOM: XS595200.00035
Substitution Status: 
New Part Number: 
Superseded List: ";RETAINER;;16VM73-202;16V4000M73, importar;simple;https://milu-naval.mystagingwebsite.com/wp-content/uploads/2026/02/16V4000M73-0251-01-515.webp;16V4000M73;253;515;XS595200.00035;RETAINER;;30.400 g;;;;ok;importar;import_new;cumple condiciones para articulo nuevo | PN y designation_final validos, sin conflictos criticos;import_new;cumple condiciones para articulo nuevo | PN y designation_final validos, sin conflictos criticos;engine_16V4000M73.json;1401972;253;X59499100175;RETAINER;;30.400 g;;;;;ok;importar;yes
X59420600007;THERMOSTAT HOUSING;x59420600007;publish;"Engine: 16V4000M73
Part Number: X59420600007
Designation: THERMOSTAT HOUSING
Measurement: 
Weight: 
Source Page: 289
BOM: X59420600011
Substitution Status: 
New Part Number: 
Superseded List: ";THERMOSTAT HOUSING;;16VM73-206;16V4000M73, importar;simple;https://milu-naval.mystagingwebsite.com/wp-content/uploads/2026/02/16V4000M73-0289-01-50.webp;16V4000M73;289;50;X59420600011;THERMOSTAT HOUSING;;;;;;ok;importar;import_new;cumple condiciones para articulo nuevo | PN y designation_final validos, sin conflictos criticos;import_new;cumple condiciones para articulo nuevo | PN y designation_final validos, sin conflictos criticos;engine_16V4000M73.json;1402425;289;X59420600007;THERMOSTAT HOUSING;;;;;;;ok;importar;yes
X59420300036;DISTRIBUTOR;x59420300036;publish;"Engine: 16V4000M73
Part Number: X59420300036
Designation: DISTRIBUTOR
Measurement: 
Weight: 1.900 kg
Source Page: 298
BOM: XS595200.00089
Substitution Status: 
New Part Number: 
Superseded List: ";DISTRIBUTOR;;16VM73-208;16V4000M73, importar;simple;https://milu-naval.mystagingwebsite.com/wp-content/uploads/2026/02/16V4000M73-0298-01-650.webp;16V4000M73;298;650;XS595200.00089;DISTRIBUTOR;;1.900 kg;;;;ok;importar;import_new;cumple condiciones para articulo nuevo | PN y designation_final validos, sin conflictos criticos;import_new;cumple condiciones para articulo nuevo | PN y designation_final validos, sin conflictos criticos;engine_16V4000M73.json;1402507;298;X59420300036;DISTRIBUTOR;;1.900 kg;;;;;ok;importar;yes
XP52725100026;SPRING LEAF;xp52725100026;publish;"Engine: 16V4000M73
Part Number: XP52725100026
Designation: SPRING LEAF
Measurement: 
Weight: 
Source Page: 312
BOM: X59525100013
Substitution Status: 
New Part Number: 
Superseded List: ";SPRING LEAF;;16VM73-251;16V4000M73, importar;simple;https://milu-naval.mystagingwebsite.com/wp-content/uploads/2026/02/16V4000M73-0311-01-10.webp;16V4000M73;312;10;X59525100013;SPRING LEAF;;;;;;ok;importar;import_new;cumple condiciones para articulo nuevo | PN y designation_final validos, sin conflictos criticos;import_new;cumple condiciones para articulo nuevo | PN y designation_final validos, sin conflictos criticos;engine_16V4000M73.json;1402582;312;XP52725100026;SPRING LEAF;;;;;;;ok;importar;yes
XP52725100041;INTERMEDIATE MEMBER;xp52725100041;publish;"Engine: 16V4000M73
Part Number: XP52725100041
Designation: INTERMEDIATE MEMBER
Measurement: 
Weight: 
Source Page: 312
BOM: X59525100013
Substitution Status: 
New Part Number: 
Superseded List: ";INTERMEDIATE MEMBER;;16VM73-251;16V4000M73, importar;simple;https://milu-naval.mystagingwebsite.com/wp-content/uploads/2026/02/16V4000M73-0311-01-100.webp;16V4000M73;312;100;X59525100013;INTERMEDIATE MEMBER;;;;;;ok;importar;import_new;cumple condiciones para articulo nuevo | PN y designation_final validos, sin conflictos criticos;import_new;cumple condiciones para articulo nuevo | PN y designation_final validos, sin conflictos criticos;engine_16V4000M73.json;1402583;312;XP52725100041;INTERMEDIATE MEMBER;;;;;;;ok;importar;yes
XP52725100042;RETAINER;xp52725100042;publish;"Engine: 16V4000M73
Part Number: XP52725100042
Designation: RETAINER
Measurement: 
Weight: 
Source Page: 312
BOM: X59525100013
Substitution Status: 
New Part Number: 
Superseded List: ";RETAINER;;16VM73-251;16V4000M73, importar;simple;https://milu-naval.mystagingwebsite.com/wp-content/uploads/2026/02/16V4000M73-0311-02-110.webp;16V4000M73;312;110;X59525100013;RETAINER;;;;;;ok;importar;import_new;cumple condiciones para articulo nuevo | PN y designation_final validos, sin conflictos criticos;import_new;cumple condiciones para articulo nuevo | PN y designation_final validos, sin conflictos criticos;engine_16V4000M73.json;1402584;312;XP52725100042;RETAINER;;;;;;;ok;importar;yes
XP52725100037;SHIM;xp52725100037;publish;"Engine: 16V4000M73
Part Number: XP52725100037
Designation: SHIM
Measurement: 
Weight: 
Source Page: 312
BOM: X59525100013
Substitution Status: 
New Part Number: 
Superseded List: ";SHIM;;16VM73-251;16V4000M73, importar;simple;https://milu-naval.mystagingwebsite.com/wp-content/uploads/2026/02/16V4000M73-0311-02-120.webp;16V4000M73;312;120;X59525100013;SHIM;;;;;;ok;importar;import_new;cumple condiciones para articulo nuevo | PN y designation_final validos, sin conflictos criticos;import_new;cumple condiciones para articulo nuevo | PN y designation_final validos, sin conflictos criticos;engine_16V4000M73.json;1402585;312;XP52725100037;SHIM;;;;;;;ok;importar;yes
XP52725100034;HEX SCREW;xp52725100034;publish;"Engine: 16V4000M73
Part Number: XP52725100034
Designation: HEX SCREW
Measurement: 
Weight: 
Source Page: 312
BOM: X59525100013
Substitution Status: 
New Part Number: 
Superseded List: ";HEX SCREW;;16VM73-251;16V4000M73, importar;simple;https://milu-naval.mystagingwebsite.com/wp-content/uploads/2026/02/16V4000M73-0311-01-150.webp;16V4000M73;312;150;X59525100013;HEX SCREW;;;;;;ok;importar;import_new;cumple condiciones para articulo nuevo | PN y designation_final validos, sin conflictos criticos;import_new;cumple condiciones para articulo nuevo | PN y designation_final validos, sin conflictos criticos;engine_16V4000M73.json;1402588;312;XP52725100034;HEX SCREW;;;;;;;ok;importar;yes
XP52725100045;HEX NUT;xp52725100045;publish;"Engine: 16V4000M73
Part Number: XP52725100045
Designation: HEX NUT
Measurement: 
Weight: 
Source Page: 312
BOM: X59525100013
Substitution Status: 
New Part Number: 
Superseded List: ";HEX NUT;;16VM73-251;16V4000M73, importar;simple;https://milu-naval.mystagingwebsite.com/wp-content/uploads/2026/02/16V4000M73-0311-01-190.webp;16V4000M73;312;190;X59525100013;HEX NUT;;;;;;ok;importar;import_new;cumple condiciones para articulo nuevo | PN y designation_final validos, sin conflictos criticos;import_new;cumple condiciones para articulo nuevo | PN y designation_final validos, sin conflictos criticos;engine_16V4000M73.json;1402592;312;XP52725100045;HEX NUT;;;;;;;ok;importar;yes
XP52725100027;INTERMEDIATE MEMBER;xp52725100027;publish;"Engine: 16V4000M73
Part Number: XP52725100027
Designation: INTERMEDIATE MEMBER
Measurement: 
Weight: 
Source Page: 312
BOM: X59525100013
Substitution Status: 
New Part Number: 
Superseded List: ";INTERMEDIATE MEMBER;;16VM73-251;16V4000M73, importar;simple;https://milu-naval.mystagingwebsite.com/wp-content/uploads/2026/02/16V4000M73-0311-01-20.webp;16V4000M73;312;20;X59525100013;INTERMEDIATE MEMBER;;;;;;ok;importar;import_new;cumple condiciones para articulo nuevo | PN y designation_final validos, sin conflictos criticos;import_new;cumple condiciones para articulo nuevo | PN y designation_final validos, sin conflictos criticos;engine_16V4000M73.json;1402593;312;XP52725100027;INTERMEDIATE MEMBER;;;;;;;ok;importar;yes
Z=RS 3X290;O-RING;z-rs-3x290;publish;"Engine: 16V4000M73
Part Number: Z=RS 3X290
Designation: O-RING
Measurement: 
Weight: 
Source Page: 312
BOM: X59525100013
Substitution Status: 
New Part Number: 
Superseded List: ";O-RING;;16VM73-251;16V4000M73, importar;simple;https://milu-naval.mystagingwebsite.com/wp-content/uploads/2026/02/16V4000M73-0311-01-280.webp;16V4000M73;312;280;X59525100013;O-RING;;;;;;ok;importar;import_new;cumple condiciones para articulo nuevo | PN y designation_final validos, sin conflictos criticos;import_new;cumple condiciones para articulo nuevo | PN y designation_final validos, sin conflictos criticos;engine_16V4000M73.json;1402602;312;Z=RS 3X290;O-RING;;;;;;;ok;importar;yes
XP52725100028;CLAMPING RING;xp52725100028;publish;"Engine: 16V4000M73
Part Number: XP52725100028
Designation: CLAMPING RING
Measurement: 
Weight: 
Source Page: 312
BOM: X59525100013
Substitution Status: 
New Part Number: 
Superseded List: ";CLAMPING RING;;16VM73-251;16V4000M73, importar;simple;https://milu-naval.mystagingwebsite.com/wp-content/uploads/2026/02/16V4000M73-0311-01-30.webp;16V4000M73;312;30;X59525100013;CLAMPING RING;;;;;;ok;importar;import_new;cumple condiciones para articulo nuevo | PN y designation_final validos, sin conflictos criticos;import_new;cumple condiciones para articulo nuevo | PN y designation_final validos, sin conflictos criticos;engine_16V4000M73.json;1402604;312;XP52725100028;CLAMPING RING;;;;;;;ok;importar;yes
XP52725100010;SIDE PLATE;xp52725100010;publish;"Engine: 16V4000M73
Part Number: XP52725100010
Designation: SIDE PLATE
Measurement: 
Weight: 
Source Page: 312
BOM: X59525100013
Substitution Status: 
New Part Number: 
Superseded List: ";SIDE PLATE;;16VM73-251;16V4000M73, importar;simple;https://milu-naval.mystagingwebsite.com/wp-content/uploads/2026/02/16V4000M73-0311-01-40.webp;16V4000M73;312;40;X59525100013;SIDE PLATE;;;;;;ok;importar;import_new;cumple condiciones para articulo nuevo | PN y designation_final validos, sin conflictos criticos;import_new;cumple condiciones para articulo nuevo | PN y designation_final validos, sin conflictos criticos;engine_16V4000M73.json;1402606;312;XP52725100010;SIDE PLATE;;;;;;;ok;importar;yes
XP52725100038;INNER STAR;xp52725100038;publish;"Engine: 16V4000M73
Part Number: XP52725100038
Designation: INNER STAR
Measurement: 
Weight: 
Source Page: 312
BOM: X59525100013
Substitution Status: 
New Part Number: 
Superseded List: ";INNER STAR;;16VM73-251;16V4000M73, importar;simple;https://milu-naval.mystagingwebsite.com/wp-content/uploads/2026/02/16V4000M73-0311-01-50.webp;16V4000M73;312;50;X59525100013;INNER STAR;;;;;;ok;importar;import_new;cumple condiciones para articulo nuevo | PN y designation_final validos, sin conflictos criticos;import_new;cumple condiciones para articulo nuevo | PN y designation_final validos, sin conflictos criticos;engine_16V4000M73.json;1402607;312;XP52725100038;INNER STAR;;;;;;;ok;importar;yes
XP52725100013;BEARING BUSHING;xp52725100013;publish;"Engine: 16V4000M73
Part Number: XP52725100013
Designation: BEARING BUSHING
Measurement: 
Weight: 
Source Page: 312
BOM: X59525100013
Substitution Status: 
New Part Number: 
Superseded List: ";BEARING BUSHING;;16VM73-251;16V4000M73, importar;simple;https://milu-naval.mystagingwebsite.com/wp-content/uploads/2026/02/16V4000M73-0311-01-70.webp;16V4000M73;312;70;X59525100013;BEARING BUSHING;;;;;;ok;importar;import_new;cumple condiciones para articulo nuevo | PN y designation_final validos, sin conflictos criticos;import_new;cumple condiciones para articulo nuevo | PN y designation_final validos, sin conflictos criticos;engine_16V4000M73.json;1402609;312;XP52725100013;BEARING BUSHING;;;;;;;ok;importar;yes
XP52725100014;BEARING BUSHING;xp52725100014;publish;"Engine: 16V4000M73
Part Number: XP52725100014
Designation: BEARING BUSHING
Measurement: 
Weight: 
Source Page: 312
BOM: X59525100013
Substitution Status: 
New Part Number: 
Superseded List: ";BEARING BUSHING;;16VM73-251;16V4000M73, importar;simple;https://milu-naval.mystagingwebsite.com/wp-content/uploads/2026/02/16V4000M73-0311-01-80.webp;16V4000M73;312;80;X59525100013;BEARING BUSHING;;;;;;ok;importar;import_new;cumple condiciones para articulo nuevo | PN y designation_final validos, sin conflictos criticos;import_new;cumple condiciones para articulo nuevo | PN y designation_final validos, sin conflictos criticos;engine_16V4000M73.json;1402610;312;XP52725100014;BEARING BUSHING;;;;;;;ok;importar;yes
XP52725100040;RESILIENT ELEMENT;xp52725100040;publish;"Engine: 16V4000M73
Part Number: XP52725100040
Designation: RESILIENT ELEMENT
Measurement: 
Weight: 
Source Page: 312
BOM: X59525100013
Substitution Status: 
New Part Number: 
Superseded List: ";RESILIENT ELEMENT;;16VM73-251;16V4000M73, importar;simple;https://milu-naval.mystagingwebsite.com/wp-content/uploads/2026/02/16V4000M73-0311-02-90.webp;16V4000M73;312;90;X59525100013;RESILIENT ELEMENT;;;;;;ok;importar;import_new;cumple condiciones para articulo nuevo | PN y designation_final validos, sin conflictos criticos;import_new;cumple condiciones para articulo nuevo | PN y designation_final validos, sin conflictos criticos;engine_16V4000M73.json;1402611;312;XP52725100040;RESILIENT ELEMENT;;;;;;;ok;importar;yes
0002035683/87;RUBBER BELLOWS;0002035683-87;publish;"Engine: 16V4000M73
Part Number: 0002035683/87
Designation: RUBBER BELLOWS
Measurement: STD EL 145 MM, DN 150
Weight: 13.51 KGM
Source Page: 314
BOM: 200.00555
Substitution Status: 
New Part Number: 
Superseded List: ";RUBBER BELLOWS;;16VM73-301;16V4000M73, importar;simple;https://milu-naval.mystagingwebsite.com/wp-content/uploads/2026/02/16V4000M73-0314-01-15.webp;16V4000M73;314;15;200.00555;RUBBER BELLOWS;STD EL 145 MM, DN 150;13.51 KGM;;;;ok;importar;import_new;cumple condiciones para articulo nuevo | PN y designation_final validos, sin conflictos criticos;import_new;cumple condiciones para articulo nuevo | PN y designation_final validos, sin conflictos criticos;engine_16V4000M73.json;1402612;314;0002035683/87;RUBBER BELLOWS;STD EL 145 MM, DN 150;13.51 KGM;;;;;ok;importar;yes
X00E50202551;BRANCH FOR CORRUGATED PIPE;x00e50202551;publish;"Engine: 16V4000M73
Part Number: X00E50202551
Designation: BRANCH FOR CORRUGATED PIPE
Measurement: T-TYP / NW26-17-26 / B
Weight: 0.015 KGM
Source Page: 322
BOM: X00E50700736
Substitution Status: 
New Part Number: 
Superseded List: ";BRANCH FOR CORRUGATED PIPE;;16VM73-507;16V4000M73, importar;simple;https://milu-naval.mystagingwebsite.com/wp-content/uploads/2026/01/sin_imagen.jpeg;16V4000M73;322;160;X00E50700736;BRANCH FOR CORRUGATED PIPE;T-TYP / NW26-17-26 / B;0.015 KGM;;;;ok;importar;import_new;cumple condiciones para articulo nuevo | PN y designation_final validos, sin conflictos criticos;import_new;cumple condiciones para articulo nuevo | PN y designation_final validos, sin conflictos criticos;engine_16V4000M73.json;1402672;322;X00E50202551;BRANCH FOR CORRUGATED PIPE;T-TYP / NW26-17-26 / B;0.015 KGM;;;;;ok;importar;yes
700461103004;MARKER SLEEVE;700461103004;publish;"Engine: 16V4000M73
Part Number: 700461103004
Designation: MARKER SLEEVE
Measurement: 
Weight: 0.001 kg
Source Page: 325
BOM: X00E50700740
Substitution Status: 
New Part Number: 
Superseded List: ";MARKER SLEEVE;;16VM73-507;16V4000M73, importar;simple;https://milu-naval.mystagingwebsite.com/wp-content/uploads/2026/02/16V4000M73-0324-01-350.webp;16V4000M73;325;350;X00E50700740;MARKER SLEEVE;;0.001 kg;;;;ok;importar;import_new;cumple condiciones para articulo nuevo | PN y designation_final validos, sin conflictos criticos;import_new;cumple condiciones para articulo nuevo | PN y designation_final validos, sin conflictos criticos;engine_16V4000M73.json;1402756;325;700461103004;MARKER SLEEVE;;0.001 kg;;;;;ok;importar;yes
X00E50200777;GASKET FOR CONNECTOR;x00e50200777;publish;"Engine: 16V4000M73
Part Number: X00E50200777
Designation: GASKET FOR CONNECTOR
Measurement: EINZELADERABDICHTUNG D:3,95MM
Weight: 0.001 KGM
Source Page: 325
BOM: X00E50700740
Substitution Status: 
New Part Number: 
Superseded List: ";GASKET FOR CONNECTOR;;16VM73-507;16V4000M73, importar;simple;https://milu-naval.mystagingwebsite.com/wp-content/uploads/2026/02/16V4000M73-0324-01-440.webp;16V4000M73;325;440;X00E50700740;GASKET FOR CONNECTOR;EINZELADERABDICHTUNG D:3,95MM;0.001 KGM;;;;ok;importar;import_new;cumple condiciones para articulo nuevo | PN y designation_final validos, sin conflictos criticos;import_new;cumple condiciones para articulo nuevo | PN y designation_final validos, sin conflictos criticos;engine_16V4000M73.json;1402765;325;X00E50200777;GASKET FOR CONNECTOR;EINZELADERABDICHTUNG D:3,95MM;0.001 KGM;;;;;ok;importar;yes
X00E50203762;CORRUG TUBE ADAPT FOR CONNECTOR;x00e50203762;publish;"Engine: 16V4000M73
Part Number: X00E50203762
Designation: CORRUG TUBE ADAPT FOR CONNECTOR
Measurement: 90GRAD,NW4,5
Weight: 0.001 KGM
Source Page: 325
BOM: X00E50700740
Substitution Status: 
New Part Number: 
Superseded List: ";CORRUG TUBE ADAPT FOR CONNECTOR;;16VM73-507;16V4000M73, importar;simple;https://milu-naval.mystagingwebsite.com/wp-content/uploads/2026/02/16V4000M73-0324-01-450.webp;16V4000M73;325;450;X00E50700740;CORRUG TUBE ADAPT FOR CONNECTOR;90GRAD,NW4,5;0.001 KGM;;;;ok;importar;import_new;cumple condiciones para articulo nuevo | PN y designation_final validos, sin conflictos criticos;import_new;cumple condiciones para articulo nuevo | PN y designation_final validos, sin conflictos criticos;engine_16V4000M73.json;1402766;325;X00E50203762;CORRUG TUBE ADAPT FOR CONNECTOR;90GRAD,NW4,5;0.001 KGM;;;;;ok;importar;yes
916016024201;CLAMP;916016024201;publish;"Engine: 16V4000M73
Part Number: 916016024201
Designation: CLAMP
Measurement: BRSGU 24/20
Weight: 0.03 KGM
Source Page: 330
BOM: XS595500.00022
Substitution Status: SI
New Part Number: 916016024201
Superseded List: 000000002839, 916016025200";CLAMP;;16VM73-507;16V4000M73, New, importar;simple;https://milu-naval.mystagingwebsite.com/wp-content/uploads/2026/02/16V4000M73-0327-02-1400.webp;16V4000M73;330;1400;XS595500.00022;CLAMP;BRSGU 24/20;0.03 KGM;SI;916016024201;000000002839, 916016025200;ok;importar;import_new;cumple condiciones para articulo nuevo;import_new;cumple condiciones para articulo nuevo;engine_16V4000M73.json;1402834;330;916016024201;CLAMP;BRSGU 24/20;0.03 KGM;SI;New;916016024201;000000002839, 916016025200;ok;importar;yes
Z=DIN912 M6X12;SCREW;z-din912-m6x12;publish;"Engine: 16V4000M73
Part Number: Z=DIN912 M6X12
Designation: SCREW
Measurement: M6 X 12
Weight: 0.005 KGM
Source Page: 1285
BOM: X52718300010
Substitution Status: 
New Part Number: 
Superseded List: ";SCREW;;16VM73-183;16V4000M73, importar;simple;https://milu-naval.mystagingwebsite.com/wp-content/uploads/2026/02/16V4000M73-1284-01-320.webp;16V4000M73;1285;320;X52718300010;SCREW;M6 X 12;0.005 KGM;;;;ok;importar;import_new;cumple condiciones para articulo nuevo | PN y designation_final validos, sin conflictos criticos;import_new;cumple condiciones para articulo nuevo | PN y designation_final validos, sin conflictos criticos;engine_16V4000M73.json;1411169;1285;Z=DIN912 M6X12;SCREW;M6 X 12;0.005 KGM;;;;;ok;importar;yes
Z=9402913;PLATE;z-9402913;publish;"Engine: 16V4000M73
Part Number: Z=9402913
Designation: PLATE
Measurement: 
Weight: 
Source Page: 1285
BOM: X52718300010
Substitution Status: 
New Part Number: 
Superseded List: ";PLATE;;16VM73-183;16V4000M73, importar;simple;https://milu-naval.mystagingwebsite.com/wp-content/uploads/2026/02/16V4000M73-1284-02-420.webp;16V4000M73;1285;420;X52718300010;PLATE;;;;;;ok;importar;import_new;cumple condiciones para articulo nuevo | PN y designation_final validos, sin conflictos criticos;import_new;cumple condiciones para articulo nuevo | PN y designation_final validos, sin conflictos criticos;engine_16V4000M73.json;1411180;1285;Z=9402913;PLATE;;;;;;;ok;importar;yes
X52404100138;CYLINDER HEAD W/VALVE GUIDES;x52404100138;publish;"Engine: 16V4000M73L
Part Number: X52404100138
Designation: CYLINDER HEAD W/VALVE GUIDES
Measurement: 
Weight: 
Source Page: 68
BOM: X52404100139
Substitution Status: 
New Part Number: 
Superseded List: ";CYLINDER HEAD W/VALVE GUIDES;;16VM73L-40;16V4000M73L, importar;simple;https://milu-naval.mystagingwebsite.com/wp-content/uploads/2026/02/16V4000M73L-0068-01-10.webp;16V4000M73L;68;10;X52404100139;CYLINDER HEAD W/VALVE GUIDES;;;;;;ok;importar;import_new;cumple condiciones para articulo nuevo | PN y designation_final validos, sin conflictos criticos;import_new;cumple condiciones para articulo nuevo | PN y designation_final validos, sin conflictos criticos;engine_16V4000M73L.json;1500351;68;X52404100138;CYLINDER HEAD W/VALVE GUIDES;;;;;;;ok;importar;yes
XP52711400007;CHAMBER;xp52711400007;publish;"Engine: 16V4000M73L
Part Number: XP52711400007
Designation: CHAMBER
Measurement: 
Weight: 
Source Page: 138
BOM: XP52711400023
Substitution Status: 
New Part Number: 
Superseded List: ";CHAMBER;;16VM73L-110;16V4000M73L, importar;simple;https://milu-naval.mystagingwebsite.com/wp-content/uploads/2026/02/16V4000M73L-0138-01-70.webp;16V4000M73L;138;70;XP52711400023;CHAMBER;;;;;;ok;importar;import_new;cumple condiciones para articulo nuevo | PN y designation_final validos, sin conflictos criticos;import_new;cumple condiciones para articulo nuevo | PN y designation_final validos, sin conflictos criticos;engine_16V4000M73L.json;1500843;138;XP52711400007;CHAMBER;;;;;;;ok;importar;yes
XP52711400006;CHAMBER;xp52711400006;publish;"Engine: 16V4000M73L
Part Number: XP52711400006
Designation: CHAMBER
Measurement: 
Weight: 
Source Page: 138
BOM: XP52711400023
Substitution Status: 
New Part Number: 
Superseded List: ";CHAMBER;;16VM73L-110;16V4000M73L, importar;simple;https://milu-naval.mystagingwebsite.com/wp-content/uploads/2026/02/16V4000M73L-0138-01-80.webp;16V4000M73L;138;80;XP52711400023;CHAMBER;;;;;;ok;importar;import_new;cumple condiciones para articulo nuevo | PN y designation_final validos, sin conflictos criticos;import_new;cumple condiciones para articulo nuevo | PN y designation_final validos, sin conflictos criticos;engine_16V4000M73L.json;1500844;138;XP52711400006;CHAMBER;;;;;;;ok;importar;yes
0002035183/87;RUBBER BELLOWS;0002035183-87;publish;"Engine: 16V4000M73L
Part Number: 0002035183/87
Designation: RUBBER BELLOWS
Measurement: STD EL 120 DN50
Weight: 4.5 KGM
Source Page: 274
BOM: 200.00019
Substitution Status: 
New Part Number: 
Superseded List: ";RUBBER BELLOWS;;16VM73L-207;16V4000M73L, importar;simple;https://milu-naval.mystagingwebsite.com/wp-content/uploads/2026/02/16V4000M73L-0274-01-15.webp;16V4000M73L;274;15;200.00019;RUBBER BELLOWS;STD EL 120 DN50;4.5 KGM;;;;ok;importar;import_new;cumple condiciones para articulo nuevo | PN y designation_final validos, sin conflictos criticos;import_new;cumple condiciones para articulo nuevo | PN y designation_final validos, sin conflictos criticos;engine_16V4000M73L.json;1501993;274;0002035183/87;RUBBER BELLOWS;STD EL 120 DN50;4.5 KGM;;;;;ok;importar;yes
X59525100019;STEEL-SPRING COUPLG;x59525100019;publish;"Engine: 16V4000M73L
Part Number: X59525100019
Designation: STEEL-SPRING COUPLG
Measurement: 
Weight: 
Source Page: 291
BOM: XK595250.747562-04
Substitution Status: 
New Part Number: 
Superseded List: ";STEEL-SPRING COUPLG;;16VM73L-251;16V4000M73L, importar;simple;https://milu-naval.mystagingwebsite.com/wp-content/uploads/2026/01/sin_imagen.jpeg;16V4000M73L;291;10;XK595250.747562-04;STEEL-SPRING COUPLG;;;;;;ok;importar;import_new;cumple condiciones para articulo nuevo | PN y designation_final validos, sin conflictos criticos;import_new;cumple condiciones para articulo nuevo | PN y designation_final validos, sin conflictos criticos;engine_16V4000M73L.json;1502056;291;X59525100019;STEEL-SPRING COUPLG;;;;;;;ok;importar;yes
XP52699100165;SPLASH GUARD;xp52699100165;publish;"Engine: 16V4000M73L
Part Number: XP52699100165
Designation: SPLASH GUARD
Measurement: DN40 * 90
Weight: 
Source Page: 1549
BOM: X00036967
Substitution Status: 
New Part Number: 
Superseded List: ";SPLASH GUARD;;16VM73L-295;16V4000M73L, importar;simple;https://milu-naval.mystagingwebsite.com/wp-content/uploads/2026/01/sin_imagen.jpeg;16V4000M73L;1549;110;X00036967;SPLASH GUARD;DN40 * 90;;;;;ok;importar;import_new;cumple condiciones para articulo nuevo | PN y designation_final validos, sin conflictos criticos;import_new;cumple condiciones para articulo nuevo | PN y designation_final validos, sin conflictos criticos;engine_16V4000M73L.json;1510716;1549;XP52699100165;SPLASH GUARD;DN40 * 90;;;;;;ok;importar;yes
XP52699100166;DRIVE SHAFT W;xp52699100166;publish;"Engine: 16V4000M73L
Part Number: XP52699100166
Designation: DRIVE SHAFT W
Measurement: 
Weight: 
Source Page: 299
BOM: X00036967
Substitution Status: 
New Part Number: 
Superseded List: ";DRIVE SHAFT W;;16VM73L-295;16V4000M73L, importar;simple;https://milu-naval.mystagingwebsite.com/wp-content/uploads/2026/01/sin_imagen.jpeg;16V4000M73L;299;130;X00036967;DRIVE SHAFT W;;;;;;ok;importar;import_new;cumple condiciones para articulo nuevo | PN y designation_final validos, sin conflictos criticos;import_new;cumple condiciones para articulo nuevo | PN y designation_final validos, sin conflictos criticos;engine_16V4000M73L.json;1502080;299;XP52699100166;DRIVE SHAFT W;;;;;;;ok;importar;yes
XP52699100161;ENGINE;xp52699100161;publish;"Engine: 16V4000M73L
Part Number: XP52699100161
Designation: ENGINE
Measurement: 
Weight: 
Source Page: 299
BOM: X00036967
Substitution Status: 
New Part Number: 
Superseded List: ";ENGINE;;16VM73L-295;16V4000M73L, importar;simple;https://milu-naval.mystagingwebsite.com/wp-content/uploads/2026/01/sin_imagen.jpeg;16V4000M73L;299;30;X00036967;ENGINE;;;;;;ok;importar;import_new;cumple condiciones para articulo nuevo | PN y designation_final validos, sin conflictos criticos;import_new;cumple condiciones para articulo nuevo | PN y designation_final validos, sin conflictos criticos;engine_16V4000M73L.json;1502089;299;XP52699100161;ENGINE;;;;;;;ok;importar;yes
XP52699100010;FLANGE;xp52699100010;publish;"Engine: 16V4000M73L
Part Number: XP52699100010
Designation: FLANGE
Measurement: 
Weight: 
Source Page: 299
BOM: X00036967
Substitution Status: 
New Part Number: 
Superseded List: ";FLANGE;;16VM73L-295;16V4000M73L, importar;simple;https://milu-naval.mystagingwebsite.com/wp-content/uploads/2026/01/sin_imagen.jpeg;16V4000M73L;299;70;X00036967;FLANGE;;;;;;ok;importar;import_new;cumple condiciones para articulo nuevo | PN y designation_final validos, sin conflictos criticos;import_new;cumple condiciones para articulo nuevo | PN y designation_final validos, sin conflictos criticos;engine_16V4000M73L.json;1502093;299;XP52699100010;FLANGE;;;;;;;ok;importar;yes
XP53208800071;SPLASH GUARD;xp53208800071;publish;"Engine: 16V4000M73L
Part Number: XP53208800071
Designation: SPLASH GUARD
Measurement: DN 40 L=120MM
Weight: 
Source Page: 302
BOM: X00038367
Substitution Status: 
New Part Number: 
Superseded List: ";SPLASH GUARD;;16VM73L-295;16V4000M73L, importar;simple;https://milu-naval.mystagingwebsite.com/wp-content/uploads/2026/01/sin_imagen.jpeg;16V4000M73L;302;140;X00038367;SPLASH GUARD;DN 40 L=120MM;;;;;ok;importar;import_new;cumple condiciones para articulo nuevo | PN y designation_final validos, sin conflictos criticos;import_new;cumple condiciones para articulo nuevo | PN y designation_final validos, sin conflictos criticos;engine_16V4000M73L.json;1502102;302;XP53208800071;SPLASH GUARD;DN 40 L=120MM;;;;;;ok;importar;yes
XP53208800066;WELDING-NECK FLANGE;xp53208800066;publish;"Engine: 16V4000M73L
Part Number: XP53208800066
Designation: WELDING-NECK FLANGE
Measurement: DN 32
Weight: 
Source Page: 302
BOM: X00038367
Substitution Status: 
New Part Number: 
Superseded List: ";WELDING-NECK FLANGE;;16VM73L-295;16V4000M73L, importar;simple;https://milu-naval.mystagingwebsite.com/wp-content/uploads/2026/01/sin_imagen.jpeg;16V4000M73L;302;190;X00038367;WELDING-NECK FLANGE;DN 32;;;;;ok;importar;import_new;cumple condiciones para articulo nuevo | PN y designation_final validos, sin conflictos criticos;import_new;cumple condiciones para articulo nuevo | PN y designation_final validos, sin conflictos criticos;engine_16V4000M73L.json;1502107;302;XP53208800066;WELDING-NECK FLANGE;DN 32;;;;;;ok;importar;yes
XP53208800063;GASKET;xp53208800063;publish;"Engine: 16V4000M73L
Part Number: XP53208800063
Designation: GASKET
Measurement: DN 32
Weight: 0,015 KG
Source Page: 302
BOM: X00038367
Substitution Status: 
New Part Number: 
Superseded List: ";GASKET;;16VM73L-295;16V4000M73L, importar;simple;https://milu-naval.mystagingwebsite.com/wp-content/uploads/2026/01/sin_imagen.jpeg;16V4000M73L;302;200;X00038367;GASKET;DN 32;0,015 KG;;;;ok;importar;import_new;cumple condiciones para articulo nuevo | PN y designation_final validos, sin conflictos criticos;import_new;cumple condiciones para articulo nuevo | PN y designation_final validos, sin conflictos criticos;engine_16V4000M73L.json;1502109;302;XP53208800063;GASKET;DN 32;0,015 KG;;;;;ok;importar;yes
XP53208800072;SPLASH GUARD;xp53208800072;publish;"Engine: 16V4000M73L
Part Number: XP53208800072
Designation: SPLASH GUARD
Measurement: DN 40 L= 50MM
Weight: 
Source Page: 302
BOM: X00038367
Substitution Status: 
New Part Number: 
Superseded List: ";SPLASH GUARD;;16VM73L-295;16V4000M73L, importar;simple;https://milu-naval.mystagingwebsite.com/wp-content/uploads/2026/01/sin_imagen.jpeg;16V4000M73L;302;260;X00038367;SPLASH GUARD;DN 40 L= 50MM;;;;;ok;importar;import_new;cumple condiciones para articulo nuevo | PN y designation_final validos, sin conflictos criticos;import_new;cumple condiciones para articulo nuevo | PN y designation_final validos, sin conflictos criticos;engine_16V4000M73L.json;1502113;302;XP53208800072;SPLASH GUARD;DN 40 L= 50MM;;;;;;ok;importar;yes
X59534200176;MARINE GEARBOX;x59534200176;publish;"Engine: 16V4000M73L
Part Number: X59534200176
Designation: MARINE GEARBOX
Measurement: 3090 008 002
Weight: 
Source Page: 1518
BOM: X59534200172
Substitution Status: 
New Part Number: 
Superseded List: ";MARINE GEARBOX;;16VM73L-342;16V4000M73L, importar;simple;https://milu-naval.mystagingwebsite.com/wp-content/uploads/2026/01/sin_imagen.jpeg;16V4000M73L;1518;10;X59534200172;MARINE GEARBOX;3090 008 002;;;;;ok;importar;import_new;cumple condiciones para articulo nuevo | PN y designation_final validos, sin conflictos criticos;import_new;cumple condiciones para articulo nuevo | PN y designation_final validos, sin conflictos criticos;engine_16V4000M73L.json;1510658;1518;X59534200176;MARINE GEARBOX;3090 008 002;;;;;;ok;importar;yes
X59534200180;MARINE GEARBOX;x59534200180;publish;"Engine: 16V4000M73L
Part Number: X59534200180
Designation: MARINE GEARBOX
Measurement: 
Weight: 
Source Page: 312
BOM: X59534200176
Substitution Status: 
New Part Number: 
Superseded List: ";MARINE GEARBOX;;16VM73L-342;16V4000M73L, importar;simple;https://milu-naval.mystagingwebsite.com/wp-content/uploads/2026/01/sin_imagen.jpeg;16V4000M73L;312;10;X59534200176;MARINE GEARBOX;;;;;;ok;importar;import_new;cumple condiciones para articulo nuevo | PN y designation_final validos, sin conflictos criticos;import_new;cumple condiciones para articulo nuevo | PN y designation_final validos, sin conflictos criticos;engine_16V4000M73L.json;1502155;312;X59534200180;MARINE GEARBOX;;;;;;;ok;importar;yes
X59534200078;DRIVE FLANGE;x59534200078;publish;"Engine: 16V4000M73L
Part Number: X59534200078
Designation: DRIVE FLANGE
Measurement: 
Weight: 
Source Page: 312
BOM: X59534200176
Substitution Status: 
New Part Number: 
Superseded List: ";DRIVE FLANGE;;16VM73L-342;16V4000M73L, importar;simple;https://milu-naval.mystagingwebsite.com/wp-content/uploads/2026/01/sin_imagen.jpeg;16V4000M73L;312;20;X59534200176;DRIVE FLANGE;;;;;;ok;importar;import_new;cumple condiciones para articulo nuevo | PN y designation_final validos, sin conflictos criticos;import_new;cumple condiciones para articulo nuevo | PN y designation_final validos, sin conflictos criticos;engine_16V4000M73L.json;1502156;312;X59534200078;DRIVE FLANGE;;;;;;;ok;importar;yes
X59534200133;AUXILIARY PTI;x59534200133;publish;"Engine: 16V4000M73L
Part Number: X59534200133
Designation: AUXILIARY PTI
Measurement: 
Weight: 
Source Page: 312
BOM: X59534200176
Substitution Status: 
New Part Number: 
Superseded List: ";AUXILIARY PTI;;16VM73L-342;16V4000M73L, importar;simple;https://milu-naval.mystagingwebsite.com/wp-content/uploads/2026/01/sin_imagen.jpeg;16V4000M73L;312;30;X59534200176;AUXILIARY PTI;;;;;;ok;importar;import_new;cumple condiciones para articulo nuevo | PN y designation_final validos, sin conflictos criticos;import_new;cumple condiciones para articulo nuevo | PN y designation_final validos, sin conflictos criticos;engine_16V4000M73L.json;1502157;312;X59534200133;AUXILIARY PTI;;;;;;;ok;importar;yes
X59634200011;GEARBOX MONITOR SYST;x59634200011;publish;"Engine: 16V4000M73L
Part Number: X59634200011
Designation: GEARBOX MONITOR SYST
Measurement: 
Weight: 
Source Page: 312
BOM: X59534200176
Substitution Status: 
New Part Number: 
Superseded List: ";GEARBOX MONITOR SYST;;16VM73L-342;16V4000M73L, importar;simple;https://milu-naval.mystagingwebsite.com/wp-content/uploads/2026/01/sin_imagen.jpeg;16V4000M73L;312;50;X59534200176;GEARBOX MONITOR SYST;;;;;;ok;importar;import_new;cumple condiciones para articulo nuevo | PN y designation_final validos, sin conflictos criticos;import_new;cumple condiciones para articulo nuevo | PN y designation_final validos, sin conflictos criticos;engine_16V4000M73L.json;1502158;312;X59634200011;GEARBOX MONITOR SYST;;;;;;;ok;importar;yes
X00030227;SOFTWARE;x00030227;publish;"Engine: 16V4000M73L
Part Number: X00030227
Designation: SOFTWARE
Measurement: 
Weight: 
Source Page: 367
BOM: X00E50205261
Substitution Status: 
New Part Number: 
Superseded List: ";SOFTWARE;;16VM73L-507;16V4000M73L, importar;simple;https://milu-naval.mystagingwebsite.com/wp-content/uploads/2026/02/16V4000M73L-0367-01-220.webp;16V4000M73L;367;220;X00E50205261;SOFTWARE;;;;;;ok;importar;import_new;cumple condiciones para articulo nuevo | PN y designation_final validos, sin conflictos criticos;import_new;cumple condiciones para articulo nuevo | PN y designation_final validos, sin conflictos criticos;engine_16V4000M73L.json;1502610;367;X00030227;SOFTWARE;;;;;;;ok;importar;yes
X00052928;ELASTOMER PRODUCTS ELASTOSIL RT 778;x00052928;publish;"Engine: 16V4000M73L
Part Number: X00052928
Designation: ELASTOMER PRODUCTS ELASTOSIL RT 778
Measurement: 
Weight: 
Source Page: 367
BOM: X00E50205261
Substitution Status: 
New Part Number: 
Superseded List: ";ELASTOMER PRODUCTS ELASTOSIL RT 778;;16VM73L-507;16V4000M73L, importar;simple;https://milu-naval.mystagingwebsite.com/wp-content/uploads/2026/02/16V4000M73L-0367-01-240.webp;16V4000M73L;367;240;X00E50205261;ELASTOMER PRODUCTS ELASTOSIL RT 778;;;;;;ok;importar;import_new;cumple condiciones para articulo nuevo | PN y designation_final validos, sin conflictos criticos;import_new;cumple condiciones para articulo nuevo | PN y designation_final validos, sin conflictos criticos;engine_16V4000M73L.json;1502612;367;X00052928;ELASTOMER PRODUCTS ELASTOSIL RT 778;;;;;;;ok;importar;yes
00000000364;SLOT PAN-HEAD SCREW;00000000364;publish;"Engine: 16V4000M73L
Part Number: 00000000364
Designation: SLOT PAN-HEAD SCREW
Measurement: 
Weight: 
Source Page: 385
BOM: X00E50202753
Substitution Status: 
New Part Number: 
Superseded List: ";SLOT PAN-HEAD SCREW;;16VM73L-511;16V4000M73L, importar;simple;https://milu-naval.mystagingwebsite.com/wp-content/uploads/2026/02/16V4000M73L-0385-01-60.webp;16V4000M73L;385;60;X00E50202753;SLOT PAN-HEAD SCREW;;;;;;ok;importar;import_new;cumple condiciones para articulo nuevo | PN y designation_final validos, sin conflictos criticos;import_new;cumple condiciones para articulo nuevo | PN y designation_final validos, sin conflictos criticos;engine_16V4000M73L.json;1502679;385;00000000364;SLOT PAN-HEAD SCREW;;;;;;;ok;importar;yes
1051151055;CABLE ENTRY;1051151055;publish;"Engine: 16V4000M73L
Part Number: 1051151055
Designation: CABLE ENTRY
Measurement: 
Weight: 
Source Page: 412
BOM: 5275305337
Substitution Status: 
New Part Number: 
Superseded List: ";CABLE ENTRY;;16VM73L-511;16V4000M73L, importar;simple;https://milu-naval.mystagingwebsite.com/wp-content/uploads/2026/02/16V4000M73L-0412-01-55.webp;16V4000M73L;412;55;5275305337;CABLE ENTRY;;;;;;ok;importar;import_new;cumple condiciones para articulo nuevo | PN y designation_final validos, sin conflictos criticos;import_new;cumple condiciones para articulo nuevo | PN y designation_final validos, sin conflictos criticos;engine_16V4000M73L.json;1502858;412;1051151055;CABLE ENTRY;;;;;;;ok;importar;yes
X00E50204747;LABELLING KIT FOR CONTROL PANEL;x00e50204747;publish;"Engine: 16V4000M73L
Part Number: X00E50204747
Designation: LABELLING KIT FOR CONTROL PANEL
Measurement: 
Weight: 7 G
Source Page: 473
BOM: X00010351
Substitution Status: 
New Part Number: 
Superseded List: ";LABELLING KIT FOR CONTROL PANEL;;16VM73L-511;16V4000M73L, importar;simple;https://milu-naval.mystagingwebsite.com/wp-content/uploads/2026/01/sin_imagen.jpeg;16V4000M73L;473;90;X00010351;LABELLING KIT FOR CONTROL PANEL;;7 G;;;;ok;importar;import_new;cumple condiciones para articulo nuevo | PN y designation_final validos, sin conflictos criticos;import_new;cumple condiciones para articulo nuevo | PN y designation_final validos, sin conflictos criticos;engine_16V4000M73L.json;1503108;473;X00E50204747;LABELLING KIT FOR CONTROL PANEL;;7 G;;;;;ok;importar;yes
X59401100016;INSPECT PORT COVER W/OIL FILLER NECK;x59401100016;publish;"Engine: 16V4000M73L
Part Number: X59401100016
Designation: INSPECT PORT COVER W/OIL FILLER NECK
Measurement: 
Weight: 
Source Page: 504
BOM: X59401100017
Substitution Status: 
New Part Number: 
Superseded List: ";INSPECT PORT COVER W/OIL FILLER NECK;;16VM73L-11;16V4000M73L, importar;simple;https://milu-naval.mystagingwebsite.com/wp-content/uploads/2026/02/16V4000M73L-0504-01-10.webp;16V4000M73L;504;10;X59401100017;INSPECT PORT COVER W/OIL FILLER NECK;;;;;;ok;importar;import_new;cumple condiciones para articulo nuevo | PN y designation_final validos, sin conflictos criticos;import_new;cumple condiciones para articulo nuevo | PN y designation_final validos, sin conflictos criticos;engine_16V4000M73L.json;1503249;504;X59401100016;INSPECT PORT COVER W/OIL FILLER NECK;;;;;;;ok;importar;yes
X59534200173;MARINE GEARBOX;x59534200173;publish;"Engine: 16V4000M73L
Part Number: X59534200173
Designation: MARINE GEARBOX
Measurement: 
Weight: WEIßALUMINIUM
Source Page: 789
BOM: XK595340.101383-02
Substitution Status: 
New Part Number: 
Superseded List: ";MARINE GEARBOX;;16VM73L-342;16V4000M73L, importar;simple;https://milu-naval.mystagingwebsite.com/wp-content/uploads/2026/01/sin_imagen.jpeg;16V4000M73L;789;10;XK595340.101383-02;MARINE GEARBOX;;WEIßALUMINIUM;;;;ok;importar;import_new;cumple condiciones para articulo nuevo | PN y designation_final validos, sin conflictos criticos;import_new;cumple condiciones para articulo nuevo | PN y designation_final validos, sin conflictos criticos;engine_16V4000M73L.json;1505289;789;X59534200173;MARINE GEARBOX;;WEIßALUMINIUM;;;;;ok;importar;yes
X59534200177;MARINE GEARBOX;x59534200177;publish;"Engine: 16V4000M73L
Part Number: X59534200177
Designation: MARINE GEARBOX
Measurement: 3090 007 002
Weight: 
Source Page: 1528
BOM: X59534200173
Substitution Status: 
New Part Number: 
Superseded List: ";MARINE GEARBOX;;16VM73L-342;16V4000M73L, importar;simple;https://milu-naval.mystagingwebsite.com/wp-content/uploads/2026/01/sin_imagen.jpeg;16V4000M73L;1528;10;X59534200173;MARINE GEARBOX;3090 007 002;;;;;ok;importar;import_new;cumple condiciones para articulo nuevo | PN y designation_final validos, sin conflictos criticos;import_new;cumple condiciones para articulo nuevo | PN y designation_final validos, sin conflictos criticos;engine_16V4000M73L.json;1510679;1528;X59534200177;MARINE GEARBOX;3090 007 002;;;;;;ok;importar;yes
X59534200181;MARINE GEARBOX;x59534200181;publish;"Engine: 16V4000M73L
Part Number: X59534200181
Designation: MARINE GEARBOX
Measurement: 
Weight: 
Source Page: 791
BOM: X59534200177
Substitution Status: 
New Part Number: 
Superseded List: ";MARINE GEARBOX;;16VM73L-342;16V4000M73L, importar;simple;https://milu-naval.mystagingwebsite.com/wp-content/uploads/2026/01/sin_imagen.jpeg;16V4000M73L;791;10;X59534200177;MARINE GEARBOX;;;;;;ok;importar;import_new;cumple condiciones para articulo nuevo | PN y designation_final validos, sin conflictos criticos;import_new;cumple condiciones para articulo nuevo | PN y designation_final validos, sin conflictos criticos;engine_16V4000M73L.json;1505296;791;X59534200181;MARINE GEARBOX;;;;;;;ok;importar;yes
X59699100037;STRAP;x59699100037;publish;"Engine: 16V4000M73L
Part Number: X59699100037
Designation: STRAP
Measurement: 
Weight: 0,075 KG
Source Page: 1121
BOM: XK595250.747562-05
Substitution Status: 
New Part Number: 
Superseded List: ";STRAP;;16VM73L-251;16V4000M73L, importar;simple;https://milu-naval.mystagingwebsite.com/wp-content/uploads/2026/02/16V4000M73L-1121-01-180.webp;16V4000M73L;1121;180;XK595250.747562-05;STRAP;;0,075 KG;;;;ok;importar;import_new;cumple condiciones para articulo nuevo | PN y designation_final validos, sin conflictos criticos;import_new;cumple condiciones para articulo nuevo | PN y designation_final validos, sin conflictos criticos;engine_16V4000M73L.json;1507730;1121;X59699100037;STRAP;;0,075 KG;;;;;ok;importar;yes
X59599100053;PIPE;x59599100053;publish;"Engine: 16V4000M73L
Part Number: X59599100053
Designation: PIPE
Measurement: 
Weight: 0,918 KG
Source Page: 1121
BOM: XK595250.747562-05
Substitution Status: 
New Part Number: 
Superseded List: ";PIPE;;16VM73L-251;16V4000M73L, importar;simple;https://milu-naval.mystagingwebsite.com/wp-content/uploads/2026/02/16V4000M73L-1121-01-340.webp;16V4000M73L;1121;340;XK595250.747562-05;PIPE;;0,918 KG;;;;ok;importar;import_new;cumple condiciones para articulo nuevo | PN y designation_final validos, sin conflictos criticos;import_new;cumple condiciones para articulo nuevo | PN y designation_final validos, sin conflictos criticos;engine_16V4000M73L.json;1507743;1121;X59599100053;PIPE;;0,918 KG;;;;;ok;importar;yes
X59525100020;STEEL-SPRING COUPLG W. BEARING HOUSING;x59525100020;publish;"Engine: 16V4000M73L
Part Number: X59525100020
Designation: STEEL-SPRING COUPLG W. BEARING HOUSING
Measurement: 
Weight: 
Source Page: 1121
BOM: XK595250.747562-05
Substitution Status: 
New Part Number: 
Superseded List: ";STEEL-SPRING COUPLG W. BEARING HOUSING;;16VM73L-251;16V4000M73L, importar;simple;https://milu-naval.mystagingwebsite.com/wp-content/uploads/2026/02/16V4000M73L-1121-01-40.webp;16V4000M73L;1121;40;XK595250.747562-05;STEEL-SPRING COUPLG W. BEARING HOUSING;;;;;;ok;importar;import_new;cumple condiciones para articulo nuevo | PN y designation_final validos, sin conflictos criticos;import_new;cumple condiciones para articulo nuevo | PN y designation_final validos, sin conflictos criticos;engine_16V4000M73L.json;1507746;1121;X59525100020;STEEL-SPRING COUPLG W. BEARING HOUSING;;;;;;;ok;importar;yes
X59599100054;PIPE;x59599100054;publish;"Engine: 16V4000M73L
Part Number: X59599100054
Designation: PIPE
Measurement: 
Weight: 0,181 KG
Source Page: 1121
BOM: XK595250.747562-05
Substitution Status: 
New Part Number: 
Superseded List: ";PIPE;;16VM73L-251;16V4000M73L, importar;simple;https://milu-naval.mystagingwebsite.com/wp-content/uploads/2026/02/16V4000M73L-1121-01-90.webp;16V4000M73L;1121;90;XK595250.747562-05;PIPE;;0,181 KG;;;;ok;importar;import_new;cumple condiciones para articulo nuevo | PN y designation_final validos, sin conflictos criticos;import_new;cumple condiciones para articulo nuevo | PN y designation_final validos, sin conflictos criticos;engine_16V4000M73L.json;1507749;1121;X59599100054;PIPE;;0,181 KG;;;;;ok;importar;yes
X59534200174;MARINE GEARBOX;x59534200174;publish;"Engine: 16V4000M73L
Part Number: X59534200174
Designation: MARINE GEARBOX
Measurement: 
Weight: WEIßALUMINIUM
Source Page: 1133
BOM: XK595340.101383-03
Substitution Status: 
New Part Number: 
Superseded List: ";MARINE GEARBOX;;16VM73L-342;16V4000M73L, importar;simple;https://milu-naval.mystagingwebsite.com/wp-content/uploads/2026/01/sin_imagen.jpeg;16V4000M73L;1133;10;XK595340.101383-03;MARINE GEARBOX;;WEIßALUMINIUM;;;;ok;importar;import_new;cumple condiciones para articulo nuevo | PN y designation_final validos, sin conflictos criticos;import_new;cumple condiciones para articulo nuevo | PN y designation_final validos, sin conflictos criticos;engine_16V4000M73L.json;1507787;1133;X59534200174;MARINE GEARBOX;;WEIßALUMINIUM;;;;;ok;importar;yes
X59534200178;MARINE GEARBOX;x59534200178;publish;"Engine: 16V4000M73L
Part Number: X59534200178
Designation: MARINE GEARBOX
Measurement: 3106 004 002
Weight: 
Source Page: 1537
BOM: X59534200174
Substitution Status: 
New Part Number: 
Superseded List: ";MARINE GEARBOX;;16VM73L-342;16V4000M73L, importar;simple;https://milu-naval.mystagingwebsite.com/wp-content/uploads/2026/01/sin_imagen.jpeg;16V4000M73L;1537;10;X59534200174;MARINE GEARBOX;3106 004 002;;;;;ok;importar;import_new;cumple condiciones para articulo nuevo | PN y designation_final validos, sin conflictos criticos;import_new;cumple condiciones para articulo nuevo | PN y designation_final validos, sin conflictos criticos;engine_16V4000M73L.json;1510696;1537;X59534200178;MARINE GEARBOX;3106 004 002;;;;;;ok;importar;yes
X59534200175;MARINE GEARBOX;x59534200175;publish;"Engine: 16V4000M73L
Part Number: X59534200175
Designation: MARINE GEARBOX
Measurement: 
Weight: WEIßALUMINIUM
Source Page: 1468
BOM: XK595340.101383-04
Substitution Status: 
New Part Number: 
Superseded List: ";MARINE GEARBOX;;16VM73L-342;16V4000M73L, importar;simple;https://milu-naval.mystagingwebsite.com/wp-content/uploads/2026/01/sin_imagen.jpeg;16V4000M73L;1468;10;XK595340.101383-04;MARINE GEARBOX;;WEIßALUMINIUM;;;;ok;importar;import_new;cumple condiciones para articulo nuevo | PN y designation_final validos, sin conflictos criticos;import_new;cumple condiciones para articulo nuevo | PN y designation_final validos, sin conflictos criticos;engine_16V4000M73L.json;1510276;1468;X59534200175;MARINE GEARBOX;;WEIßALUMINIUM;;;;;ok;importar;yes
X59534200179;MARINE GEARBOX;x59534200179;publish;"Engine: 16V4000M73L
Part Number: X59534200179
Designation: MARINE GEARBOX
Measurement: 3106 003 002
Weight: 
Source Page: 1545
BOM: X59534200175
Substitution Status: 
New Part Number: 
Superseded List: ";MARINE GEARBOX;;16VM73L-342;16V4000M73L, importar;simple;https://milu-naval.mystagingwebsite.com/wp-content/uploads/2026/01/sin_imagen.jpeg;16V4000M73L;1545;10;X59534200175;MARINE GEARBOX;3106 003 002;;;;;ok;importar;import_new;cumple condiciones para articulo nuevo | PN y designation_final validos, sin conflictos criticos;import_new;cumple condiciones para articulo nuevo | PN y designation_final validos, sin conflictos criticos;engine_16V4000M73L.json;1510707;1545;X59534200179;MARINE GEARBOX;3106 003 002;;;;;;ok;importar;yes
XP52699100130;TEE;xp52699100130;publish;"Engine: 16V4000M90
Part Number: XP52699100130
Designation: TEE
Measurement: 
Weight: 90.000 g
Source Page: 35
BOM: 0000100070
Substitution Status: 
New Part Number: 
Superseded List: ";TEE;;16VM90-18;16V4000M90, importar;simple;https://milu-naval.mystagingwebsite.com/wp-content/uploads/2026/02/16V4000M90-0035-01-50.webp;16V4000M90;35;50;0000100070;TEE;;90.000 g;;;;ok;importar;import_new;cumple condiciones para articulo nuevo | PN y designation_final validos, sin conflictos criticos;import_new;cumple condiciones para articulo nuevo | PN y designation_final validos, sin conflictos criticos;engine_16V4000M90.json;1600166;35;XP52699100130;TEE;;90.000 g;;;;;ok;importar;yes
5270310801;CRANKSHAFT;5270310801;publish;"Engine: 16V4000M90
Part Number: 5270310801
Designation: CRANKSHAFT
Measurement: 
Weight: 472.000 kg EM
Source Page: 49
BOM: 5270300701
Substitution Status: 
New Part Number: 
Superseded List: ";CRANKSHAFT;;16VM90-31;16V4000M90, importar;simple;https://milu-naval.mystagingwebsite.com/wp-content/uploads/2026/02/16V4000M90-0049-01-5.webp;16V4000M90;49;5;5270300701;CRANKSHAFT;;472.000 kg EM;;;;ok;importar;import_new;cumple condiciones para articulo nuevo | PN y designation_final validos, sin conflictos criticos;import_new;cumple condiciones para articulo nuevo | PN y designation_final validos, sin conflictos criticos;engine_16V4000M90.json;1600240;49;5270310801;CRANKSHAFT;;472.000 kg EM;;;;;ok;importar;yes
Z=FVS-28;PLUG;z-fvs-28;publish;"Engine: 16V4000M90
Part Number: Z=FVS-28
Designation: PLUG
Measurement: 
Weight: 
Source Page: 94
BOM: 8693000017
Substitution Status: 
New Part Number: 
Superseded List: ";PLUG;;16VM90-73;16V4000M90, importar;simple;https://milu-naval.mystagingwebsite.com/wp-content/uploads/2026/02/16V4000M90-0094-01-5.webp;16V4000M90;94;5;8693000017;PLUG;;;;;;ok;importar;import_new;cumple condiciones para articulo nuevo | PN y designation_final validos, sin conflictos criticos;import_new;cumple condiciones para articulo nuevo | PN y designation_final validos, sin conflictos criticos;engine_16V4000M90.json;1600483;94;Z=FVS-28;PLUG;;;;;;;ok;importar;yes
X00041897;COVER;x00041897;publish;"Engine: 16V4000M90
Part Number: X00041897
Designation: COVER
Measurement: 
Weight: AC
Source Page: 122
BOM: 5240900850
Substitution Status: 
New Part Number: 
Superseded List: ";COVER;;16VM90-86;16V4000M90, importar;simple;https://milu-naval.mystagingwebsite.com/wp-content/uploads/2026/02/16V4000M90-0122-01-10.webp;16V4000M90;122;10;5240900850;COVER;;AC;;;;ok;importar;import_new;cumple condiciones para articulo nuevo | PN y designation_final validos, sin conflictos criticos;import_new;cumple condiciones para articulo nuevo | PN y designation_final validos, sin conflictos criticos;engine_16V4000M90.json;1600725;122;X00041897;COVER;;AC;;;;;ok;importar;yes
X00041924;PRESSURE SPRING;x00041924;publish;"Engine: 16V4000M90
Part Number: X00041924
Designation: PRESSURE SPRING
Measurement: 
Weight: 
Source Page: 122
BOM: 5240900850
Substitution Status: 
New Part Number: 
Superseded List: ";PRESSURE SPRING;;16VM90-86;16V4000M90, importar;simple;https://milu-naval.mystagingwebsite.com/wp-content/uploads/2026/02/16V4000M90-0122-01-100.webp;16V4000M90;122;100;5240900850;PRESSURE SPRING;;;;;;ok;importar;import_new;cumple condiciones para articulo nuevo | PN y designation_final validos, sin conflictos criticos;import_new;cumple condiciones para articulo nuevo | PN y designation_final validos, sin conflictos criticos;engine_16V4000M90.json;1600726;122;X00041924;PRESSURE SPRING;;;;;;;ok;importar;yes
X00041913;PLUG;x00041913;publish;"Engine: 16V4000M90
Part Number: X00041913
Designation: PLUG
Measurement: 
Weight: 
Source Page: 122
BOM: 5240900850
Substitution Status: 
New Part Number: 
Superseded List: ";PLUG;;16VM90-86;16V4000M90, importar;simple;https://milu-naval.mystagingwebsite.com/wp-content/uploads/2026/02/16V4000M90-0122-01-130.webp;16V4000M90;122;130;5240900850;PLUG;;;;;;ok;importar;import_new;cumple condiciones para articulo nuevo | PN y designation_final validos, sin conflictos criticos;import_new;cumple condiciones para articulo nuevo | PN y designation_final validos, sin conflictos criticos;engine_16V4000M90.json;1600729;122;X00041913;PLUG;;;;;;;ok;importar;yes
X00041914;SNAP RING;x00041914;publish;"Engine: 16V4000M90
Part Number: X00041914
Designation: SNAP RING
Measurement: 
Weight: 1.000 g
Source Page: 122
BOM: 5240900850
Substitution Status: 
New Part Number: 
Superseded List: ";SNAP RING;;16VM90-86;16V4000M90, importar;simple;https://milu-naval.mystagingwebsite.com/wp-content/uploads/2026/02/16V4000M90-0122-01-170.webp;16V4000M90;122;170;5240900850;SNAP RING;;1.000 g;;;;ok;importar;import_new;cumple condiciones para articulo nuevo | PN y designation_final validos, sin conflictos criticos;import_new;cumple condiciones para articulo nuevo | PN y designation_final validos, sin conflictos criticos;engine_16V4000M90.json;1600733;122;X00041914;SNAP RING;;1.000 g;;;;;ok;importar;yes
X00041918;GEARCASE;x00041918;publish;"Engine: 16V4000M90
Part Number: X00041918
Designation: GEARCASE
Measurement: 
Weight: AC
Source Page: 122
BOM: 5240900850
Substitution Status: 
New Part Number: 
Superseded List: ";GEARCASE;;16VM90-86;16V4000M90, importar;simple;https://milu-naval.mystagingwebsite.com/wp-content/uploads/2026/02/16V4000M90-0122-01-20.webp;16V4000M90;122;20;5240900850;GEARCASE;;AC;;;;ok;importar;import_new;cumple condiciones para articulo nuevo | PN y designation_final validos, sin conflictos criticos;import_new;cumple condiciones para articulo nuevo | PN y designation_final validos, sin conflictos criticos;engine_16V4000M90.json;1600736;122;X00041918;GEARCASE;;AC;;;;;ok;importar;yes
X00041920;COVER;x00041920;publish;"Engine: 16V4000M90
Part Number: X00041920
Designation: COVER
Measurement: 
Weight: AC
Source Page: 122
BOM: 5240900850
Substitution Status: 
New Part Number: 
Superseded List: ";COVER;;16VM90-86;16V4000M90, importar;simple;https://milu-naval.mystagingwebsite.com/wp-content/uploads/2026/02/16V4000M90-0122-01-30.webp;16V4000M90;122;30;5240900850;COVER;;AC;;;;ok;importar;import_new;cumple condiciones para articulo nuevo | PN y designation_final validos, sin conflictos criticos;import_new;cumple condiciones para articulo nuevo | PN y designation_final validos, sin conflictos criticos;engine_16V4000M90.json;1600742;122;X00041920;COVER;;AC;;;;;ok;importar;yes
X00040561;SEAL RETAINER;x00040561;publish;"Engine: 16V4000M90
Part Number: X00040561
Designation: SEAL RETAINER
Measurement: 
Weight: AC
Source Page: 122
BOM: 5240900850
Substitution Status: 
New Part Number: 
Superseded List: ";SEAL RETAINER;;16VM90-86;16V4000M90, importar;simple;https://milu-naval.mystagingwebsite.com/wp-content/uploads/2026/02/16V4000M90-0122-01-40.webp;16V4000M90;122;40;5240900850;SEAL RETAINER;;AC;;;;ok;importar;import_new;cumple condiciones para articulo nuevo | PN y designation_final validos, sin conflictos criticos;import_new;cumple condiciones para articulo nuevo | PN y designation_final validos, sin conflictos criticos;engine_16V4000M90.json;1600743;122;X00040561;SEAL RETAINER;;AC;;;;;ok;importar;yes
X00041903;DRIVE SHAFT;x00041903;publish;"Engine: 16V4000M90
Part Number: X00041903
Designation: DRIVE SHAFT
Measurement: 
Weight: AC
Source Page: 122
BOM: 5240900850
Substitution Status: 
New Part Number: 
Superseded List: ";DRIVE SHAFT;;16VM90-86;16V4000M90, importar;simple;https://milu-naval.mystagingwebsite.com/wp-content/uploads/2026/02/16V4000M90-0122-01-50.webp;16V4000M90;122;50;5240900850;DRIVE SHAFT;;AC;;;;ok;importar;import_new;cumple condiciones para articulo nuevo | PN y designation_final validos, sin conflictos criticos;import_new;cumple condiciones para articulo nuevo | PN y designation_final validos, sin conflictos criticos;engine_16V4000M90.json;1600744;122;X00041903;DRIVE SHAFT;;AC;;;;;ok;importar;yes
X00041906;COUPLING ELEMENT;x00041906;publish;"Engine: 16V4000M90
Part Number: X00041906
Designation: COUPLING ELEMENT
Measurement: 
Weight: 
Source Page: 122
BOM: 5240900850
Substitution Status: 
New Part Number: 
Superseded List: ";COUPLING ELEMENT;;16VM90-86;16V4000M90, importar;simple;https://milu-naval.mystagingwebsite.com/wp-content/uploads/2026/02/16V4000M90-0122-01-70.webp;16V4000M90;122;70;5240900850;COUPLING ELEMENT;;;;;;ok;importar;import_new;cumple condiciones para articulo nuevo | PN y designation_final validos, sin conflictos criticos;import_new;cumple condiciones para articulo nuevo | PN y designation_final validos, sin conflictos criticos;engine_16V4000M90.json;1600746;122;X00041906;COUPLING ELEMENT;;;;;;;ok;importar;yes
X00041908;PISTON GUIDE;x00041908;publish;"Engine: 16V4000M90
Part Number: X00041908
Designation: PISTON GUIDE
Measurement: 
Weight: AC
Source Page: 122
BOM: 5240900850
Substitution Status: 
New Part Number: 
Superseded List: ";PISTON GUIDE;;16VM90-86;16V4000M90, importar;simple;https://milu-naval.mystagingwebsite.com/wp-content/uploads/2026/02/16V4000M90-0122-01-80.webp;16V4000M90;122;80;5240900850;PISTON GUIDE;;AC;;;;ok;importar;import_new;cumple condiciones para articulo nuevo | PN y designation_final validos, sin conflictos criticos;import_new;cumple condiciones para articulo nuevo | PN y designation_final validos, sin conflictos criticos;engine_16V4000M90.json;1600747;122;X00041908;PISTON GUIDE;;AC;;;;;ok;importar;yes
X00041909;VALVE CONE;x00041909;publish;"Engine: 16V4000M90
Part Number: X00041909
Designation: VALVE CONE
Measurement: 
Weight: AC
Source Page: 122
BOM: 5240900850
Substitution Status: 
New Part Number: 
Superseded List: ";VALVE CONE;;16VM90-86;16V4000M90, importar;simple;https://milu-naval.mystagingwebsite.com/wp-content/uploads/2026/02/16V4000M90-0122-01-90.webp;16V4000M90;122;90;5240900850;VALVE CONE;;AC;;;;ok;importar;import_new;cumple condiciones para articulo nuevo | PN y designation_final validos, sin conflictos criticos;import_new;cumple condiciones para articulo nuevo | PN y designation_final validos, sin conflictos criticos;engine_16V4000M90.json;1600748;122;X00041909;VALVE CONE;;AC;;;;;ok;importar;yes
8691540079;COVER;8691540079;publish;"Engine: 16V4000M90
Part Number: 8691540079
Designation: COVER
Measurement: 
Weight: 902.000 g
Source Page: 267
BOM: 0001501150
Substitution Status: 
New Part Number: 
Superseded List: ";COVER;;16VM90-213;16V4000M90, importar;simple;https://milu-naval.mystagingwebsite.com/wp-content/uploads/2026/02/16V4000M90-0267-01-10.webp;16V4000M90;267;10;0001501150;COVER;;902.000 g;;;;ok;importar;import_new;cumple condiciones para articulo nuevo | PN y designation_final validos, sin conflictos criticos;import_new;cumple condiciones para articulo nuevo | PN y designation_final validos, sin conflictos criticos;engine_16V4000M90.json;1601964;267;8691540079;COVER;;902.000 g;;;;;ok;importar;yes
8691540081;HOUSING;8691540081;publish;"Engine: 16V4000M90
Part Number: 8691540081
Designation: HOUSING
Measurement: 
Weight: 4.900 kg
Source Page: 267
BOM: 0001501150
Substitution Status: 
New Part Number: 
Superseded List: ";HOUSING;;16VM90-213;16V4000M90, importar;simple;https://milu-naval.mystagingwebsite.com/wp-content/uploads/2026/02/16V4000M90-0267-01-20.webp;16V4000M90;267;20;0001501150;HOUSING;;4.900 kg;;;;ok;importar;import_new;cumple condiciones para articulo nuevo | PN y designation_final validos, sin conflictos criticos;import_new;cumple condiciones para articulo nuevo | PN y designation_final validos, sin conflictos criticos;engine_16V4000M90.json;1601966;267;8691540081;HOUSING;;4.900 kg;;;;;ok;importar;yes
8691540083;CONNECTING PART;8691540083;publish;"Engine: 16V4000M90
Part Number: 8691540083
Designation: CONNECTING PART
Measurement: 
Weight: 1.800 kg
Source Page: 267
BOM: 0001501150
Substitution Status: 
New Part Number: 
Superseded List: ";CONNECTING PART;;16VM90-213;16V4000M90, importar;simple;https://milu-naval.mystagingwebsite.com/wp-content/uploads/2026/02/16V4000M90-0267-01-30.webp;16V4000M90;267;30;0001501150;CONNECTING PART;;1.800 kg;;;;ok;importar;import_new;cumple condiciones para articulo nuevo | PN y designation_final validos, sin conflictos criticos;import_new;cumple condiciones para articulo nuevo | PN y designation_final validos, sin conflictos criticos;engine_16V4000M90.json;1601968;267;8691540083;CONNECTING PART;;1.800 kg;;;;;ok;importar;yes
8691540084;RESISTOR;8691540084;publish;"Engine: 16V4000M90
Part Number: 8691540084
Designation: RESISTOR
Measurement: 
Weight: 39.600 g
Source Page: 267
BOM: 0001501150
Substitution Status: 
New Part Number: 
Superseded List: ";RESISTOR;;16VM90-213;16V4000M90, importar;simple;https://milu-naval.mystagingwebsite.com/wp-content/uploads/2026/02/16V4000M90-0267-01-40.webp;16V4000M90;267;40;0001501150;RESISTOR;;39.600 g;;;;ok;importar;import_new;cumple condiciones para articulo nuevo | PN y designation_final validos, sin conflictos criticos;import_new;cumple condiciones para articulo nuevo | PN y designation_final validos, sin conflictos criticos;engine_16V4000M90.json;1601970;267;8691540084;RESISTOR;;39.600 g;;;;;ok;importar;yes
8691540058;FAN WHEEL;8691540058;publish;"Engine: 16V4000M90
Part Number: 8691540058
Designation: FAN WHEEL
Measurement: 
Weight: 765.000 g
Source Page: 267
BOM: 0001501150
Substitution Status: 
New Part Number: 
Superseded List: ";FAN WHEEL;;16VM90-213;16V4000M90, importar;simple;https://milu-naval.mystagingwebsite.com/wp-content/uploads/2026/02/16V4000M90-0267-01-60.webp;16V4000M90;267;60;0001501150;FAN WHEEL;;765.000 g;;;;ok;importar;import_new;cumple condiciones para articulo nuevo | PN y designation_final validos, sin conflictos criticos;import_new;cumple condiciones para articulo nuevo | PN y designation_final validos, sin conflictos criticos;engine_16V4000M90.json;1601973;267;8691540058;FAN WHEEL;;765.000 g;;;;;ok;importar;yes
8691540077;BELT PULLEY;8691540077;publish;"Engine: 16V4000M90
Part Number: 8691540077
Designation: BELT PULLEY
Measurement: 
Weight: 
Source Page: 267
BOM: 0001501150
Substitution Status: 
New Part Number: 
Superseded List: ";BELT PULLEY;;16VM90-213;16V4000M90, importar;simple;https://milu-naval.mystagingwebsite.com/wp-content/uploads/2026/02/16V4000M90-0267-01-65.webp;16V4000M90;267;65;0001501150;BELT PULLEY;;;;;;ok;importar;import_new;cumple condiciones para articulo nuevo | PN y designation_final validos, sin conflictos criticos;import_new;cumple condiciones para articulo nuevo | PN y designation_final validos, sin conflictos criticos;engine_16V4000M90.json;1601974;267;8691540077;BELT PULLEY;;;;;;;ok;importar;yes
25001237731;2 15.538 kg;25001237731;publish;"Engine: 16V4000M90
Part Number: 25001237731
Designation: 2 15.538 kg
Measurement: 
Weight: 
Source Page: 274
BOM: 230.00003
Substitution Status: 
New Part Number: 
Superseded List: ";2 15.538 kg;;16VM90-231;16V4000M90, importar;simple;https://milu-naval.mystagingwebsite.com/wp-content/uploads/2026/01/sin_imagen.jpeg;16V4000M90;274;223;230.00003;2 15.538 kg;;;;;;ok;importar;import_new;cumple condiciones para articulo nuevo | PN y designation_final validos, sin conflictos criticos;import_new;cumple condiciones para articulo nuevo | PN y designation_final validos, sin conflictos criticos;engine_16V4000M90.json;1602005;274;25001237731;2 15.538 kg;;;;;;;ok;importar;yes
Z=G3 05638A;SHIM;z-g3-05638a;publish;"Engine: 16V4000M90
Part Number: Z=G3 05638A
Designation: SHIM
Measurement: 
Weight: 
Source Page: 280
BOM: 0172507801
Substitution Status: 
New Part Number: 
Superseded List: ";SHIM;;16VM90-251;16V4000M90, importar;simple;https://milu-naval.mystagingwebsite.com/wp-content/uploads/2026/01/sin_imagen.jpeg;16V4000M90;280;10;0172507801;SHIM;;;;;;ok;importar;import_new;cumple condiciones para articulo nuevo | PN y designation_final validos, sin conflictos criticos;import_new;cumple condiciones para articulo nuevo | PN y designation_final validos, sin conflictos criticos;engine_16V4000M90.json;1602026;280;Z=G3 05638A;SHIM;;;;;;;ok;importar;yes
Z=G1 04311B;INTERMEDIATE MEMBER;z-g1-04311b;publish;"Engine: 16V4000M90
Part Number: Z=G1 04311B
Designation: INTERMEDIATE MEMBER
Measurement: 
Weight: 
Source Page: 280
BOM: 0172507801
Substitution Status: 
New Part Number: 
Superseded List: ";INTERMEDIATE MEMBER;;16VM90-251;16V4000M90, importar;simple;https://milu-naval.mystagingwebsite.com/wp-content/uploads/2026/01/sin_imagen.jpeg;16V4000M90;280;15;0172507801;INTERMEDIATE MEMBER;;;;;;ok;importar;import_new;cumple condiciones para articulo nuevo | PN y designation_final validos, sin conflictos criticos;import_new;cumple condiciones para articulo nuevo | PN y designation_final validos, sin conflictos criticos;engine_16V4000M90.json;1602036;280;Z=G1 04311B;INTERMEDIATE MEMBER;;;;;;;ok;importar;yes
Z=G1 04312C;SIDE PLATE;z-g1-04312c;publish;"Engine: 16V4000M90
Part Number: Z=G1 04312C
Designation: SIDE PLATE
Measurement: 
Weight: 
Source Page: 280
BOM: 0172507801
Substitution Status: 
New Part Number: 
Superseded List: ";SIDE PLATE;;16VM90-251;16V4000M90, importar;simple;https://milu-naval.mystagingwebsite.com/wp-content/uploads/2026/01/sin_imagen.jpeg;16V4000M90;280;25;0172507801;SIDE PLATE;;;;;;ok;importar;import_new;cumple condiciones para articulo nuevo | PN y designation_final validos, sin conflictos criticos;import_new;cumple condiciones para articulo nuevo | PN y designation_final validos, sin conflictos criticos;engine_16V4000M90.json;1602038;280;Z=G1 04312C;SIDE PLATE;;;;;;;ok;importar;yes
Z=G2 06129B;RETAINER;z-g2-06129b;publish;"Engine: 16V4000M90
Part Number: Z=G2 06129B
Designation: RETAINER
Measurement: 
Weight: 13.07 KGM
Source Page: 280
BOM: 0172507801
Substitution Status: 
New Part Number: 
Superseded List: ";RETAINER;;16VM90-251;16V4000M90, importar;simple;https://milu-naval.mystagingwebsite.com/wp-content/uploads/2026/01/sin_imagen.jpeg;16V4000M90;280;30;0172507801;RETAINER;;13.07 KGM;;;;ok;importar;import_new;cumple condiciones para articulo nuevo | PN y designation_final validos, sin conflictos criticos;import_new;cumple condiciones para articulo nuevo | PN y designation_final validos, sin conflictos criticos;engine_16V4000M90.json;1602039;280;Z=G2 06129B;RETAINER;;13.07 KGM;;;;;ok;importar;yes
Z=G1 04313C;INNER STAR;z-g1-04313c;publish;"Engine: 16V4000M90
Part Number: Z=G1 04313C
Designation: INNER STAR
Measurement: 
Weight: 
Source Page: 280
BOM: 0172507801
Substitution Status: 
New Part Number: 
Superseded List: ";INNER STAR;;16VM90-251;16V4000M90, importar;simple;https://milu-naval.mystagingwebsite.com/wp-content/uploads/2026/01/sin_imagen.jpeg;16V4000M90;280;35;0172507801;INNER STAR;;;;;;ok;importar;import_new;cumple condiciones para articulo nuevo | PN y designation_final validos, sin conflictos criticos;import_new;cumple condiciones para articulo nuevo | PN y designation_final validos, sin conflictos criticos;engine_16V4000M90.json;1602040;280;Z=G1 04313C;INNER STAR;;;;;;;ok;importar;yes
Z=G3 05640A;BEARING BUSHING;z-g3-05640a;publish;"Engine: 16V4000M90
Part Number: Z=G3 05640A
Designation: BEARING BUSHING
Measurement: 
Weight: 17.400 kg
Source Page: 280
BOM: 0172507801
Substitution Status: 
New Part Number: 
Superseded List: ";BEARING BUSHING;;16VM90-251;16V4000M90, importar;simple;https://milu-naval.mystagingwebsite.com/wp-content/uploads/2026/01/sin_imagen.jpeg;16V4000M90;280;40;0172507801;BEARING BUSHING;;17.400 kg;;;;ok;importar;import_new;cumple condiciones para articulo nuevo | PN y designation_final validos, sin conflictos criticos;import_new;cumple condiciones para articulo nuevo | PN y designation_final validos, sin conflictos criticos;engine_16V4000M90.json;1602041;280;Z=G3 05640A;BEARING BUSHING;;17.400 kg;;;;;ok;importar;yes
Z=G1 04314E;SHAFT;z-g1-04314e;publish;"Engine: 16V4000M90
Part Number: Z=G1 04314E
Designation: SHAFT
Measurement: 
Weight: 
Source Page: 280
BOM: 0172507801
Substitution Status: 
New Part Number: 
Superseded List: ";SHAFT;;16VM90-251;16V4000M90, importar;simple;https://milu-naval.mystagingwebsite.com/wp-content/uploads/2026/01/sin_imagen.jpeg;16V4000M90;280;45;0172507801;SHAFT;;;;;;ok;importar;import_new;cumple condiciones para articulo nuevo | PN y designation_final validos, sin conflictos criticos;import_new;cumple condiciones para articulo nuevo | PN y designation_final validos, sin conflictos criticos;engine_16V4000M90.json;1602042;280;Z=G1 04314E;SHAFT;;;;;;;ok;importar;yes
Z=G3 05638;SHIM;z-g3-05638;publish;"Engine: 16V4000M90
Part Number: Z=G3 05638
Designation: SHIM
Measurement: 
Weight: 
Source Page: 280
BOM: 0172507801
Substitution Status: 
New Part Number: 
Superseded List: ";SHIM;;16VM90-251;16V4000M90, importar;simple;https://milu-naval.mystagingwebsite.com/wp-content/uploads/2026/01/sin_imagen.jpeg;16V4000M90;280;50;0172507801;SHIM;;;;;;ok;importar;import_new;cumple condiciones para articulo nuevo | PN y designation_final validos, sin conflictos criticos;import_new;cumple condiciones para articulo nuevo | PN y designation_final validos, sin conflictos criticos;engine_16V4000M90.json;1602043;280;Z=G3 05638;SHIM;;;;;;;ok;importar;yes
Z=G 9080 M10X1;NOZZLE;z-g-9080-m10x1;publish;"Engine: 16V4000M90
Part Number: Z=G 9080 M10X1
Designation: NOZZLE
Measurement: M 10 X 1
Weight: 0.004 KGM
Source Page: 280
BOM: 0172507801
Substitution Status: 
New Part Number: 
Superseded List: ";NOZZLE;;16VM90-251;16V4000M90, importar;simple;https://milu-naval.mystagingwebsite.com/wp-content/uploads/2026/01/sin_imagen.jpeg;16V4000M90;280;60;0172507801;NOZZLE;M 10 X 1;0.004 KGM;;;;ok;importar;import_new;cumple condiciones para articulo nuevo | PN y designation_final validos, sin conflictos criticos;import_new;cumple condiciones para articulo nuevo | PN y designation_final validos, sin conflictos criticos;engine_16V4000M90.json;1602045;280;Z=G 9080 M10X1;NOZZLE;M 10 X 1;0.004 KGM;;;;;ok;importar;yes
X52725200064;TORS. RESILIENT CPL.;x52725200064;publish;"Engine: 16V4000M90
Part Number: X52725200064
Designation: TORS. RESILIENT CPL.
Measurement: 
Weight: 231.000 kg
Source Page: 282
BOM: XK527250.748478-01
Substitution Status: 
New Part Number: 
Superseded List: ";TORS. RESILIENT CPL.;;16VM90-252;16V4000M90, importar;simple;https://milu-naval.mystagingwebsite.com/wp-content/uploads/2026/01/sin_imagen.jpeg;16V4000M90;282;40;XK527250.748478-01;TORS. RESILIENT CPL.;;231.000 kg;;;;ok;importar;import_new;cumple condiciones para articulo nuevo | PN y designation_final validos, sin conflictos criticos;import_new;cumple condiciones para articulo nuevo | PN y designation_final validos, sin conflictos criticos;engine_16V4000M90.json;1602053;282;X52725200064;TORS. RESILIENT CPL.;;231.000 kg;;;;;ok;importar;yes
XP53208800065;WELDING-NECK FLANGE;xp53208800065;publish;"Engine: 16V4000M90
Part Number: XP53208800065
Designation: WELDING-NECK FLANGE
Measurement: 
Weight: 
Source Page: 289
BOM: X00027646
Substitution Status: 
New Part Number: 
Superseded List: ";WELDING-NECK FLANGE;;16VM90-295;16V4000M90, importar;simple;https://milu-naval.mystagingwebsite.com/wp-content/uploads/2026/02/16V4000M90-0288-01-70.webp;16V4000M90;289;70;X00027646;WELDING-NECK FLANGE;;;;;;ok;importar;import_new;cumple condiciones para articulo nuevo | PN y designation_final validos, sin conflictos criticos;import_new;cumple condiciones para articulo nuevo | PN y designation_final validos, sin conflictos criticos;engine_16V4000M90.json;1602085;289;XP53208800065;WELDING-NECK FLANGE;;;;;;;ok;importar;yes
11011517518;0;11011517518;publish;"Engine: 16V4000M90
Part Number: 11011517518
Designation: 0
Measurement: 
Weight: 
Source Page: 299
BOM: X00E50200632
Substitution Status: 
New Part Number: 
Superseded List: ";0;;16VM90-507;16V4000M90, importar;simple;https://milu-naval.mystagingwebsite.com/wp-content/uploads/2026/01/sin_imagen.jpeg;16V4000M90;299;145150;X00E50200632;0;;;;;;ok;importar;import_new;cumple condiciones para articulo nuevo | PN y designation_final validos, sin conflictos criticos;import_new;cumple condiciones para articulo nuevo | PN y designation_final validos, sin conflictos criticos;engine_16V4000M90.json;1602109;299;11011517518;0;;;;;;;ok;importar;yes
X00E50700033;WIRING HARNESS FOR ON-ENGINE SENSO;x00e50700033;publish;"Engine: 16V4000M90
Part Number: X00E50700033
Designation: WIRING HARNESS FOR ON-ENGINE SENSO
Measurement: GRUNDUMFANG
Weight: 2.68 KGM
Source Page: 302
BOM: 500.00989
Substitution Status: SI
New Part Number: X00E50700033
Superseded List: 5275306122, 5275306921, 5275308921";WIRING HARNESS FOR ON-ENGINE SENSO;;16VM90-507;16V4000M90, New, importar;simple;https://milu-naval.mystagingwebsite.com/wp-content/uploads/2026/02/16V4000M90-0301-02-155.webp;16V4000M90;302;155;500.00989;WIRING HARNESS FOR ON-ENGINE SENSO;GRUNDUMFANG;2.68 KGM;SI;X00E50700033;5275306122, 5275306921, 5275308921;ok;importar;import_new;cumple condiciones para articulo nuevo;import_new;cumple condiciones para articulo nuevo;engine_16V4000M90.json;1602137;302;X00E50700033;WIRING HARNESS FOR ON-ENGINE SENSO;GRUNDUMFANG;2.68 KGM;SI;New;X00E50700033;5275306122, 5275306921, 5275308921;ok;importar;yes
000533564;CORRUG;000533564;publish;"Engine: 16V4000M90
Part Number: 000533564
Designation: CORRUG
Measurement: 
Weight: 
Source Page: 307
BOM: 5275305222
Substitution Status: 
New Part Number: 
Superseded List: ";CORRUG;;16VM90-507;16V4000M90, importar;simple;https://milu-naval.mystagingwebsite.com/wp-content/uploads/2026/02/16V4000M90-0307-01-35.webp;16V4000M90;307;35;5275305222;CORRUG;;;;;;ok;importar;import_new;cumple condiciones para articulo nuevo | PN y designation_final validos, sin conflictos criticos;import_new;cumple condiciones para articulo nuevo | PN y designation_final validos, sin conflictos criticos;engine_16V4000M90.json;1602213;307;000533564;CORRUG;;;;;;;ok;importar;yes
5275335589 X00036282;ELECTRONICS PROGRAMMING MONITOR SYSTE;5275335589-x00036282;publish;"Engine: 16V4000M90
Part Number: 5275335589 X00036282
Designation: ELECTRONICS PROGRAMMING MONITOR SYSTE
Measurement: 16X37 (HXB)
Weight: 
Source Page: 358
BOM: X00036278
Substitution Status: 
New Part Number: 
Superseded List: ";ELECTRONICS PROGRAMMING MONITOR SYSTE;;16VM90-511;16V4000M90, importar;simple;https://milu-naval.mystagingwebsite.com/wp-content/uploads/2026/01/sin_imagen.jpeg;16V4000M90;358;330 340;X00036278;ELECTRONICS PROGRAMMING MONITOR SYSTE;16X37 (HXB);;;;;ok;importar;import_new;cumple condiciones para articulo nuevo | PN y designation_final validos, sin conflictos criticos;import_new;cumple condiciones para articulo nuevo | PN y designation_final validos, sin conflictos criticos;engine_16V4000M90.json;1602596;358;5275335589 X00036282;ELECTRONICS PROGRAMMING MONITOR SYSTE;16X37 (HXB);;;;;;ok;importar;yes
X00036282;PROGRAMMING CONNECTR FOR MONITOR SYSTEM;x00036282;publish;"Engine: 16V4000M90
Part Number: X00036282
Designation: PROGRAMMING CONNECTR FOR MONITOR SYSTEM
Measurement: 
Weight: 0.008 KGM
Source Page: 358
BOM: X00036278
Substitution Status: 
New Part Number: 
Superseded List: ";PROGRAMMING CONNECTR FOR MONITOR SYSTEM;;16VM90-511;16V4000M90, importar;simple;https://milu-naval.mystagingwebsite.com/wp-content/uploads/2026/02/16V4000M90-0357-01-340.webp;16V4000M90;358;340;X00036278;PROGRAMMING CONNECTR FOR MONITOR SYSTEM;;0.008 KGM;;;;ok;importar;import_new;cumple condiciones para articulo nuevo | PN y designation_final validos, sin conflictos criticos;import_new;cumple condiciones para articulo nuevo | PN y designation_final validos, sin conflictos criticos;engine_16V4000M90.json;1602597;358;X00036282;PROGRAMMING CONNECTR FOR MONITOR SYSTEM;;0.008 KGM;;;;;ok;importar;yes
50003536751;0 D=85MM,PWM, MIT EBZ, 3000RPM;50003536751;publish;"Engine: 16V4000M90
Part Number: 50003536751
Designation: 0 D=85MM,PWM, MIT EBZ, 3000RPM
Measurement: 
Weight: 
Source Page: 370
BOM: 510.00263
Substitution Status: 
New Part Number: 
Superseded List: ";0 D=85MM,PWM, MIT EBZ, 3000RPM;;16VM90-511;16V4000M90, importar;simple;https://milu-naval.mystagingwebsite.com/wp-content/uploads/2026/01/sin_imagen.jpeg;16V4000M90;370;302;510.00263;0 D=85MM,PWM, MIT EBZ, 3000RPM;;;;;;ok;importar;import_new;cumple condiciones para articulo nuevo | PN y designation_final validos, sin conflictos criticos;import_new;cumple condiciones para articulo nuevo | PN y designation_final validos, sin conflictos criticos;engine_16V4000M90.json;1602625;370;50003536751;0 D=85MM,PWM, MIT EBZ, 3000RPM;;;;;;;ok;importar;yes
009531508;0 LIHCH(TP)6X2X0,5 1,500;009531508;publish;"Engine: 16V4000M90
Part Number: 009531508
Designation: 0 LIHCH(TP)6X2X0,5 1,500
Measurement: 6X2X0.5QMM D
Weight: 
Source Page: 387
BOM: 5265304035
Substitution Status: 
New Part Number: 
Superseded List: ";0 LIHCH(TP)6X2X0,5 1,500;;16VM90-511;16V4000M90, importar;simple;https://milu-naval.mystagingwebsite.com/wp-content/uploads/2026/02/16V4000M90-0387-01-20.webp;16V4000M90;387;20;5265304035;0 LIHCH(TP)6X2X0,5 1,500;6X2X0.5QMM D;;;;;ok;importar;import_new;cumple condiciones para articulo nuevo | PN y designation_final validos, sin conflictos criticos;import_new;cumple condiciones para articulo nuevo | PN y designation_final validos, sin conflictos criticos;engine_16V4000M90.json;1602683;387;009531508;0 LIHCH(TP)6X2X0,5 1,500;6X2X0.5QMM D;;;;;;ok;importar;yes
001531708;2 SSCHL. 18/6-0 SW 0,060;001531708;publish;"Engine: 16V4000M90
Part Number: 001531708
Designation: 2 SSCHL. 18/6-0 SW 0,060
Measurement: 18/6MM, SCHWA
Weight: 
Source Page: 387
BOM: 5265304035
Substitution Status: 
New Part Number: 
Superseded List: ";2 SSCHL. 18/6-0 SW 0,060;;16VM90-511;16V4000M90, importar;simple;https://milu-naval.mystagingwebsite.com/wp-content/uploads/2026/02/16V4000M90-0387-01-35.webp;16V4000M90;387;35;5265304035;2 SSCHL. 18/6-0 SW 0,060;18/6MM, SCHWA;;;;;ok;importar;import_new;cumple condiciones para articulo nuevo | PN y designation_final validos, sin conflictos criticos;import_new;cumple condiciones para articulo nuevo | PN y designation_final validos, sin conflictos criticos;engine_16V4000M90.json;1602686;387;001531708;2 SSCHL. 18/6-0 SW 0,060;18/6MM, SCHWA;;;;;;ok;importar;yes
009531538;0 LIYY 4X0,50 1,350;009531538;publish;"Engine: 16V4000M90
Part Number: 009531538
Designation: 0 LIYY 4X0,50 1,350
Measurement: 4X0.50QMM D
Weight: 
Source Page: 388
BOM: 5265304135
Substitution Status: 
New Part Number: 
Superseded List: ";0 LIYY 4X0,50 1,350;;16VM90-511;16V4000M90, importar;simple;https://milu-naval.mystagingwebsite.com/wp-content/uploads/2026/02/16V4000M90-0388-01-20.webp;16V4000M90;388;20;5265304135;0 LIYY 4X0,50 1,350;4X0.50QMM D;;;;;ok;importar;import_new;cumple condiciones para articulo nuevo | PN y designation_final validos, sin conflictos criticos;import_new;cumple condiciones para articulo nuevo | PN y designation_final validos, sin conflictos criticos;engine_16V4000M90.json;1602690;388;009531538;0 LIYY 4X0,50 1,350;4X0.50QMM D;;;;;;ok;importar;yes
000531077;5 SE SSCHL. 12/4-0 SW 0,060;000531077;publish;"Engine: 16V4000M90
Part Number: 000531077
Designation: 5 SE SSCHL. 12/4-0 SW 0,060
Measurement: 12/4MM, SCHWA
Weight: 
Source Page: 388
BOM: 5265304135
Substitution Status: 
New Part Number: 
Superseded List: ";5 SE SSCHL. 12/4-0 SW 0,060;;16VM90-511;16V4000M90, importar;simple;https://milu-naval.mystagingwebsite.com/wp-content/uploads/2026/02/16V4000M90-0388-01-35.webp;16V4000M90;388;35;5265304135;5 SE SSCHL. 12/4-0 SW 0,060;12/4MM, SCHWA;;;;;ok;importar;import_new;cumple condiciones para articulo nuevo | PN y designation_final validos, sin conflictos criticos;import_new;cumple condiciones para articulo nuevo | PN y designation_final validos, sin conflictos criticos;engine_16V4000M90.json;1602693;388;000531077;5 SE SSCHL. 12/4-0 SW 0,060;12/4MM, SCHWA;;;;;;ok;importar;yes
20527530803;7 NTROL PANEL LOP /;20527530803;publish;"Engine: 16V4000M90
Part Number: 20527530803
Designation: 7 NTROL PANEL LOP /
Measurement: 
Weight: 
Source Page: 397
BOM: X00032555
Substitution Status: 
New Part Number: 
Superseded List: ";7 NTROL PANEL LOP /;;16VM90-517;16V4000M90, importar;simple;https://milu-naval.mystagingwebsite.com/wp-content/uploads/2026/01/sin_imagen.jpeg;16V4000M90;397;329;X00032555;7 NTROL PANEL LOP /;;;;;;ok;importar;import_new;cumple condiciones para articulo nuevo | PN y designation_final validos, sin conflictos criticos;import_new;cumple condiciones para articulo nuevo | PN y designation_final validos, sin conflictos criticos;engine_16V4000M90.json;1602728;397;20527530803;7 NTROL PANEL LOP /;;;;;;;ok;importar;yes
X00E50203604;DISPLAY;x00e50203604;publish;"Engine: 16V4000M90
Part Number: X00E50203604
Designation: DISPLAY
Measurement: 360X270X65; DIS
Weight: 1.920 kg
Source Page: 404
BOM: X00E50203604
Substitution Status: 
New Part Number: 
Superseded List: ";DISPLAY;;16VM90-517;16V4000M90, importar;simple;https://milu-naval.mystagingwebsite.com/wp-content/uploads/2026/02/16V4000M90-0404-01-20.webp;16V4000M90;404;20;X00E50203604;DISPLAY;"360X270X65; DIS";1.920 kg;;;;ok;importar;import_new;cumple condiciones para articulo nuevo | PN y designation_final validos, sin conflictos criticos;import_new;cumple condiciones para articulo nuevo | PN y designation_final validos, sin conflictos criticos;engine_16V4000M90.json;1602813;404;X00E50203604;DISPLAY;"360X270X65; DIS";1.920 kg;;;;;ok;importar;yes
0005318741;ADAPTER, ELECTRIC 9X2POL.;0005318741;publish;"Engine: 16V4000M90
Part Number: 0005318741
Designation: ADAPTER, ELECTRIC 9X2POL.
Measurement: 
Weight: 
Source Page: 409
BOM: 5275300813
Substitution Status: 
New Part Number: 
Superseded List: ";ADAPTER, ELECTRIC 9X2POL.;;16VM90-517;16V4000M90, importar;simple;https://milu-naval.mystagingwebsite.com/wp-content/uploads/2026/02/16V4000M90-0409-01-395.webp;16V4000M90;409;395;5275300813;ADAPTER, ELECTRIC 9X2POL.;;;;;;ok;importar;import_new;cumple condiciones para articulo nuevo | PN y designation_final validos, sin conflictos criticos;import_new;cumple condiciones para articulo nuevo | PN y designation_final validos, sin conflictos criticos;engine_16V4000M90.json;1602856;409;0005318741;ADAPTER, ELECTRIC 9X2POL.;;;;;;;ok;importar;yes
20527530793;7 C 528. 000 g;20527530793;publish;"Engine: 16V4000M90
Part Number: 20527530793
Designation: 7 C 528. 000 g
Measurement: 
Weight: 
Source Page: 414
BOM: X00037643
Substitution Status: 
New Part Number: 
Superseded List: ";7 C 528. 000 g;;16VM90-517;16V4000M90, importar;simple;https://milu-naval.mystagingwebsite.com/wp-content/uploads/2026/01/sin_imagen.jpeg;16V4000M90;414;343;X00037643;7 C 528. 000 g;;;;;;ok;importar;import_new;cumple condiciones para articulo nuevo | PN y designation_final validos, sin conflictos criticos;import_new;cumple condiciones para articulo nuevo | PN y designation_final validos, sin conflictos criticos;engine_16V4000M90.json;1602874;414;20527530793;7 C 528. 000 g;;;;;;;ok;importar;yes
X59601100003;CRANKCASE;x59601100003;publish;"Engine: 20V4000M93
Part Number: X59601100003
Designation: CRANKCASE
Measurement: 
Weight: 2015.000 k EM
Source Page: 25
BOM: X59601100004
Substitution Status: 
New Part Number: 
Superseded List: ";CRANKCASE;;20VM93-11;20V4000M93, importar;simple;https://milu-naval.mystagingwebsite.com/wp-content/uploads/2026/02/20V4000M93-0025-01-50.webp;20V4000M93;25;50;X59601100004;CRANKCASE;;2015.000 k EM;;;;ok;importar;import_new;cumple condiciones para articulo nuevo | PN y designation_final validos, sin conflictos criticos;import_new;cumple condiciones para articulo nuevo | PN y designation_final validos, sin conflictos criticos;engine_20V4000M93.json;1700059;25;X59601100003;CRANKCASE;;2015.000 k EM;;;;;ok;importar;yes
000912010020;SCREW;000912010020;publish;"Engine: 20V4000M93
Part Number: 000912010020
Designation: SCREW
Measurement: M 10 X 60
Weight: 0.044 KGM
Source Page: 29
BOM: XS596010.00071
Substitution Status: 
New Part Number: 
Superseded List: ";SCREW;;20VM93-11;20V4000M93, importar;simple;https://milu-naval.mystagingwebsite.com/wp-content/uploads/2026/02/20V4000M93-0028-01-2350.webp;20V4000M93;29;2350;XS596010.00071;SCREW;M 10 X 60;0.044 KGM;;;;ok;importar;import_new;cumple condiciones para articulo nuevo | PN y designation_final validos, sin conflictos criticos;import_new;cumple condiciones para articulo nuevo | PN y designation_final validos, sin conflictos criticos;engine_20V4000M93.json;1700092;29;000912010020;SCREW;M 10 X 60;0.044 KGM;;;;;ok;importar;yes
X00029040;CRANKSHAFT 20V4000-03 NH;x00029040;publish;"Engine: 20V4000M93
Part Number: X00029040
Designation: CRANKSHAFT 20V4000-03 NH
Measurement: 
Weight: 
Source Page: 58
BOM: X59603100002
Substitution Status: 
New Part Number: 
Superseded List: ";CRANKSHAFT 20V4000-03 NH;;20VM93-30;20V4000M93, importar;simple;https://milu-naval.mystagingwebsite.com/wp-content/uploads/2026/02/20V4000M93-0058-01-10.webp;20V4000M93;58;10;X59603100002;CRANKSHAFT 20V4000-03 NH;;;;;;ok;importar;import_new;cumple condiciones para articulo nuevo | PN y designation_final validos, sin conflictos criticos;import_new;cumple condiciones para articulo nuevo | PN y designation_final validos, sin conflictos criticos;engine_20V4000M93.json;1700344;58;X00029040;CRANKSHAFT 20V4000-03 NH;;;;;;;ok;importar;yes
XP52825100024;O-RING;xp52825100024;publish;"Engine: 20V4000M93
Part Number: XP52825100024
Designation: O-RING
Measurement: 
Weight: 25.000 g
Source Page: 67
BOM: X52803500001
Substitution Status: 
New Part Number: 
Superseded List: ";O-RING;;20VM93-35;20V4000M93, importar;simple;https://milu-naval.mystagingwebsite.com/wp-content/uploads/2026/02/20V4000M93-0066-01-260.webp;20V4000M93;67;260;X52803500001;O-RING;;25.000 g;;;;ok;importar;import_new;cumple condiciones para articulo nuevo | PN y designation_final validos, sin conflictos criticos;import_new;cumple condiciones para articulo nuevo | PN y designation_final validos, sin conflictos criticos;engine_20V4000M93.json;1700403;67;XP52825100024;O-RING;;25.000 g;;;;;ok;importar;yes
R5280500101;CAMSHAFT;r5280500101;publish;"Engine: 20V4000M93
Part Number: R5280500101
Designation: CAMSHAFT
Measurement: 
Weight: 1.000 g
Source Page: 84
BOM: 050.00036
Substitution Status: 
New Part Number: 
Superseded List: ";CAMSHAFT;;20VM93-51;20V4000M93, importar;simple;https://milu-naval.mystagingwebsite.com/wp-content/uploads/2026/02/20V4000M93-0082-01-40.webp;20V4000M93;84;40;050.00036;CAMSHAFT;;1.000 g;;;;ok;importar;import_new;cumple condiciones para articulo nuevo | PN y designation_final validos, sin conflictos criticos;import_new;cumple condiciones para articulo nuevo | PN y designation_final validos, sin conflictos criticos;engine_20V4000M93.json;1700487;84;R5280500101;CAMSHAFT;;1.000 g;;;;;ok;importar;yes
EX59407500022;INJECTOR;ex59407500022;publish;"Engine: 20V4000M93
Part Number: EX59407500022
Designation: INJECTOR
Measurement: 
Weight: 3.500 kg
Source Page: 102
BOM: XS596070.00003
Substitution Status: SI
New Part Number: EX59407500022
Superseded List: EX59407500001, EX59407500009, EX59407500010, X59407500001, X59407500009, X59407500010, X59407500022";INJECTOR;;20VM93-75;20V4000M93, New, importar;simple;https://milu-naval.mystagingwebsite.com/wp-content/uploads/2026/02/20V4000M93-0102-01-30.webp;20V4000M93;102;30;XS596070.00003;INJECTOR;;3.500 kg;SI;EX59407500022;EX59407500001, EX59407500009, EX59407500010, X59407500001, X59407500009, X59407500010, X59407500022;ok;importar;import_new;cumple condiciones para articulo nuevo;import_new;cumple condiciones para articulo nuevo;engine_20V4000M93.json;1700562;102;EX59407500022;INJECTOR;;3.500 kg;SI;New;EX59407500022;EX59407500001, EX59407500009, EX59407500010, X59407500001, X59407500009, X59407500010, X59407500022;ok;importar;yes
RX59610100194;EXHAUST TURBOCHARGER;rx59610100194;publish;"Engine: 20V4000M93
Part Number: RX59610100194
Designation: EXHAUST TURBOCHARGER
Measurement: 
Weight: 90.000 kg
Source Page: 137
BOM: XS596100.00008
Substitution Status: 
New Part Number: EX59610100194
Superseded List: X59610100194";EXHAUST TURBOCHARGER;;20VM93-101;20V4000M93, importar;simple;https://milu-naval.mystagingwebsite.com/wp-content/uploads/2026/01/sin_imagen.jpeg;20V4000M93;137;220;XS596100.00008;EXHAUST TURBOCHARGER;;90.000 kg;;EX59610100194;X59610100194;ok;importar;import_new;cumple condiciones para articulo nuevo | PN y designation_final validos, sin conflictos criticos;import_new;cumple condiciones para articulo nuevo | PN y designation_final validos, sin conflictos criticos;engine_20V4000M93.json;1700849;137;RX59610100194;EXHAUST TURBOCHARGER;;90.000 kg;;;EX59610100194;X59610100194;ok;importar;yes
RX59610100195;EXHAUST TURBOCHARGER;rx59610100195;publish;"Engine: 20V4000M93
Part Number: RX59610100195
Designation: EXHAUST TURBOCHARGER
Measurement: 
Weight: 96.000 kg
Source Page: 137
BOM: XS596100.00008
Substitution Status: 
New Part Number: EX59610100195
Superseded List: X59610100195";EXHAUST TURBOCHARGER;;20VM93-101;20V4000M93, importar;simple;https://milu-naval.mystagingwebsite.com/wp-content/uploads/2026/01/sin_imagen.jpeg;20V4000M93;137;230;XS596100.00008;EXHAUST TURBOCHARGER;;96.000 kg;;EX59610100195;X59610100195;ok;importar;import_new;cumple condiciones para articulo nuevo | PN y designation_final validos, sin conflictos criticos;import_new;cumple condiciones para articulo nuevo | PN y designation_final validos, sin conflictos criticos;engine_20V4000M93.json;1700850;137;RX59610100195;EXHAUST TURBOCHARGER;;96.000 kg;;;EX59610100195;X59610100195;ok;importar;yes
RX59610100196;EXHAUST TURBOCHARGER;rx59610100196;publish;"Engine: 20V4000M93
Part Number: RX59610100196
Designation: EXHAUST TURBOCHARGER
Measurement: 
Weight: 97.000 kg
Source Page: 137
BOM: XS596100.00008
Substitution Status: 
New Part Number: EX59610100196
Superseded List: X59610100196";EXHAUST TURBOCHARGER;;20VM93-101;20V4000M93, importar;simple;https://milu-naval.mystagingwebsite.com/wp-content/uploads/2026/01/sin_imagen.jpeg;20V4000M93;137;240;XS596100.00008;EXHAUST TURBOCHARGER;;97.000 kg;;EX59610100196;X59610100196;ok;importar;import_new;cumple condiciones para articulo nuevo | PN y designation_final validos, sin conflictos criticos;import_new;cumple condiciones para articulo nuevo | PN y designation_final validos, sin conflictos criticos;engine_20V4000M93.json;1700851;137;RX59610100196;EXHAUST TURBOCHARGER;;97.000 kg;;;EX59610100196;X59610100196;ok;importar;yes
RX59610100197;EXHAUST TURBOCHARGER;rx59610100197;publish;"Engine: 20V4000M93
Part Number: RX59610100197
Designation: EXHAUST TURBOCHARGER
Measurement: 
Weight: 81.000 kg
Source Page: 137
BOM: XS596100.00008
Substitution Status: 
New Part Number: EX59610100197
Superseded List: X59610100197";EXHAUST TURBOCHARGER;;20VM93-101;20V4000M93, importar;simple;https://milu-naval.mystagingwebsite.com/wp-content/uploads/2026/01/sin_imagen.jpeg;20V4000M93;137;250;XS596100.00008;EXHAUST TURBOCHARGER;;81.000 kg;;EX59610100197;X59610100197;ok;importar;import_new;cumple condiciones para articulo nuevo | PN y designation_final validos, sin conflictos criticos;import_new;cumple condiciones para articulo nuevo | PN y designation_final validos, sin conflictos criticos;engine_20V4000M93.json;1700852;137;RX59610100197;EXHAUST TURBOCHARGER;;81.000 kg;;;EX59610100197;X59610100197;ok;importar;yes
X52810100135;BEARING HOUSING ZR175;x52810100135;publish;"Engine: 20V4000M93
Part Number: X52810100135
Designation: BEARING HOUSING ZR175
Measurement: 
Weight: 
Source Page: 142
BOM: X52810100041
Substitution Status: 
New Part Number: 
Superseded List: ";BEARING HOUSING ZR175;;20VM93-101;20V4000M93, importar;simple;https://milu-naval.mystagingwebsite.com/wp-content/uploads/2026/02/20V4000M93-0142-01-50.webp;20V4000M93;142;50;X52810100041;BEARING HOUSING ZR175;;;;;;ok;importar;import_new;cumple condiciones para articulo nuevo | PN y designation_final validos, sin conflictos criticos;import_new;cumple condiciones para articulo nuevo | PN y designation_final validos, sin conflictos criticos;engine_20V4000M93.json;1700923;142;X52810100135;BEARING HOUSING ZR175;;;;;;;ok;importar;yes
X59610100057;COMPRESSOR HOUSING A/R=1.91CM;x59610100057;publish;"Engine: 20V4000M93
Part Number: X59610100057
Designation: COMPRESSOR HOUSING A/R=1.91CM
Measurement: 
Weight: 
Source Page: 144
BOM: X59610100058
Substitution Status: 
New Part Number: 
Superseded List: ";COMPRESSOR HOUSING A/R=1.91CM;;20VM93-101;20V4000M93, importar;simple;https://milu-naval.mystagingwebsite.com/wp-content/uploads/2026/02/20V4000M93-0144-01-10.webp;20V4000M93;144;10;X59610100058;COMPRESSOR HOUSING A/R=1.91CM;;;;;;ok;importar;import_new;cumple condiciones para articulo nuevo | PN y designation_final validos, sin conflictos criticos;import_new;cumple condiciones para articulo nuevo | PN y designation_final validos, sin conflictos criticos;engine_20V4000M93.json;1700927;144;X59610100057;COMPRESSOR HOUSING A/R=1.91CM;;;;;;;ok;importar;yes
XP59611;COOLER CORE;xp59611;publish;"Engine: 20V4000M93
Part Number: XP59611
Designation: COOLER CORE
Measurement: 
Weight: 
Source Page: 158
BOM: X59611400024
Substitution Status: 
New Part Number: 
Superseded List: ";COOLER CORE;;20VM93-114;20V4000M93, importar;simple;https://milu-naval.mystagingwebsite.com/wp-content/uploads/2026/02/20V4000M93-0158-01-10.webp;20V4000M93;158;10;X59611400024;COOLER CORE;;;;;;ok;importar;import_new;cumple condiciones para articulo nuevo | PN y designation_final validos, sin conflictos criticos;import_new;cumple condiciones para articulo nuevo | PN y designation_final validos, sin conflictos criticos;engine_20V4000M93.json;1701141;158;XP59611;COOLER CORE;;;;;;;ok;importar;yes
XP52611;SCREW Business Po;xp52611;publish;"Engine: 20V4000M93
Part Number: XP52611
Designation: SCREW Business Po
Measurement: M 10 X 35
Weight: 0.040 kg
Source Page: 158
BOM: X59611400024
Substitution Status: 
New Part Number: 
Superseded List: ";SCREW Business Po;;20VM93-114;20V4000M93, importar;simple;https://milu-naval.mystagingwebsite.com/wp-content/uploads/2026/02/20V4000M93-0158-01-60.webp;20V4000M93;158;60;X59611400024;SCREW Business Po;M 10 X 35;0.040 kg;;;;ok;importar;import_new;cumple condiciones para articulo nuevo | PN y designation_final validos, sin conflictos criticos;import_new;cumple condiciones para articulo nuevo | PN y designation_final validos, sin conflictos criticos;engine_20V4000M93.json;1701147;158;XP52611;SCREW Business Po;M 10 X 35;0.040 kg;;;;;ok;importar;yes
X59612300024;RETAINER F/INTAKE AIR SYSTEM;x59612300024;publish;"Engine: 20V4000M93
Part Number: X59612300024
Designation: RETAINER F/INTAKE AIR SYSTEM
Measurement: 
Weight: 1.510 kg
Source Page: 167
BOM: XS596120.00008
Substitution Status: 
New Part Number: 
Superseded List: ";RETAINER F/INTAKE AIR SYSTEM;;20VM93-123;20V4000M93, importar;simple;https://milu-naval.mystagingwebsite.com/wp-content/uploads/2026/02/20V4000M93-0166-01-470.webp;20V4000M93;167;470;XS596120.00008;RETAINER F/INTAKE AIR SYSTEM;;1.510 kg;;;;ok;importar;import_new;cumple condiciones para articulo nuevo | PN y designation_final validos, sin conflictos criticos;import_new;cumple condiciones para articulo nuevo | PN y designation_final validos, sin conflictos criticos;engine_20V4000M93.json;1701169;167;X59612300024;RETAINER F/INTAKE AIR SYSTEM;;1.510 kg;;;;;ok;importar;yes
X59612300006;AIR PIPING F/AIR TRANSFER VALV;x59612300006;publish;"Engine: 20V4000M93
Part Number: X59612300006
Designation: AIR PIPING F/AIR TRANSFER VALV
Measurement: 
Weight: 7.000 kg EM
Source Page: 175
BOM: XS596120.00005
Substitution Status: 
New Part Number: 
Superseded List: ";AIR PIPING F/AIR TRANSFER VALV;;20VM93-123;20V4000M93, importar;simple;https://milu-naval.mystagingwebsite.com/wp-content/uploads/2026/02/20V4000M93-0175-01-700.webp;20V4000M93;175;700;XS596120.00005;AIR PIPING F/AIR TRANSFER VALV;;7.000 kg EM;;;;ok;importar;import_new;cumple condiciones para articulo nuevo | PN y designation_final validos, sin conflictos criticos;import_new;cumple condiciones para articulo nuevo | PN y designation_final validos, sin conflictos criticos;engine_20V4000M93.json;1701265;175;X59612300006;AIR PIPING F/AIR TRANSFER VALV;;7.000 kg EM;;;;;ok;importar;yes
X52805600001;VALVE BLOCK;x52805600001;publish;"Engine: 20V4000M93
Part Number: X52805600001
Designation: VALVE BLOCK
Measurement: 
Weight: 8.800 kg
Source Page: 189
BOM: XS596180.00021
Substitution Status: 
New Part Number: 
Superseded List: ";VALVE BLOCK;;20VM93-128;20V4000M93, importar;simple;https://milu-naval.mystagingwebsite.com/wp-content/uploads/2026/02/20V4000M93-0187-01-2660.webp;20V4000M93;189;2660;XS596180.00021;VALVE BLOCK;;8.800 kg;;;;ok;importar;import_new;cumple condiciones para articulo nuevo | PN y designation_final validos, sin conflictos criticos;import_new;cumple condiciones para articulo nuevo | PN y designation_final validos, sin conflictos criticos;engine_20V4000M93.json;1701355;189;X52805600001;VALVE BLOCK;;8.800 kg;;;;;ok;importar;yes
X52814500020;EXHAUST ELBOW;x52814500020;publish;"Engine: 20V4000M93
Part Number: X52814500020
Designation: EXHAUST ELBOW
Measurement: 
Weight: 22.000 kg EM
Source Page: 201
BOM: XS596140.00004
Substitution Status: 
New Part Number: 
Superseded List: ";EXHAUST ELBOW;;20VM93-145;20V4000M93, importar;simple;https://milu-naval.mystagingwebsite.com/wp-content/uploads/2026/02/20V4000M93-0201-01-50.webp;20V4000M93;201;50;XS596140.00004;EXHAUST ELBOW;;22.000 kg EM;;;;ok;importar;import_new;cumple condiciones para articulo nuevo | PN y designation_final validos, sin conflictos criticos;import_new;cumple condiciones para articulo nuevo | PN y designation_final validos, sin conflictos criticos;engine_20V4000M93.json;1701538;201;X52814500020;EXHAUST ELBOW;;22.000 kg EM;;;;;ok;importar;yes
Z=2784402 VANE;VANE;z-2784402-vane;publish;"Engine: 20V4000M93
Part Number: Z=2784402 VANE
Designation: VANE
Measurement: 
Weight: 
Source Page: 237
BOM: X59618300033
Substitution Status: 
New Part Number: 
Superseded List: ";VANE;;20VM93-183;20V4000M93, importar;simple;https://milu-naval.mystagingwebsite.com/wp-content/uploads/2026/01/sin_imagen.jpeg;20V4000M93;237;270;X59618300033;VANE;;;;;;ok;importar;import_new;cumple condiciones para articulo nuevo | PN y designation_final validos, sin conflictos criticos;import_new;cumple condiciones para articulo nuevo | PN y designation_final validos, sin conflictos criticos;engine_20V4000M93.json;1701807;237;Z=2784402 VANE;VANE;;;;;;;ok;importar;yes
Z=2705519 GEAR;GEAR;z-2705519-gear;publish;"Engine: 20V4000M93
Part Number: Z=2705519 GEAR
Designation: GEAR
Measurement: 
Weight: 496.000 g
Source Page: 237
BOM: X59618300033
Substitution Status: 
New Part Number: 
Superseded List: ";GEAR;;20VM93-183;20V4000M93, importar;simple;https://milu-naval.mystagingwebsite.com/wp-content/uploads/2026/01/sin_imagen.jpeg;20V4000M93;237;280;X59618300033;GEAR;;496.000 g;;;;ok;importar;import_new;cumple condiciones para articulo nuevo | PN y designation_final validos, sin conflictos criticos;import_new;cumple condiciones para articulo nuevo | PN y designation_final validos, sin conflictos criticos;engine_20V4000M93.json;1701808;237;Z=2705519 GEAR;GEAR;;496.000 g;;;;;ok;importar;yes
Z=5300723 BUSHING;BUSHING;z-5300723-bushing;publish;"Engine: 20V4000M93
Part Number: Z=5300723 BUSHING
Designation: BUSHING
Measurement: 
Weight: 274.000 g
Source Page: 237
BOM: X59618300033
Substitution Status: 
New Part Number: 
Superseded List: ";BUSHING;;20VM93-183;20V4000M93, importar;simple;https://milu-naval.mystagingwebsite.com/wp-content/uploads/2026/01/sin_imagen.jpeg;20V4000M93;237;290;X59618300033;BUSHING;;274.000 g;;;;ok;importar;import_new;cumple condiciones para articulo nuevo | PN y designation_final validos, sin conflictos criticos;import_new;cumple condiciones para articulo nuevo | PN y designation_final validos, sin conflictos criticos;engine_20V4000M93.json;1701809;237;Z=5300723 BUSHING;BUSHING;;274.000 g;;;;;ok;importar;yes
Z=5060722 BUSHING;BUSHING;z-5060722-bushing;publish;"Engine: 20V4000M93
Part Number: Z=5060722 BUSHING
Designation: BUSHING
Measurement: 
Weight: 93.200 g
Source Page: 237
BOM: X59618300033
Substitution Status: 
New Part Number: 
Superseded List: ";BUSHING;;20VM93-183;20V4000M93, importar;simple;https://milu-naval.mystagingwebsite.com/wp-content/uploads/2026/01/sin_imagen.jpeg;20V4000M93;237;300;X59618300033;BUSHING;;93.200 g;;;;ok;importar;import_new;cumple condiciones para articulo nuevo | PN y designation_final validos, sin conflictos criticos;import_new;cumple condiciones para articulo nuevo | PN y designation_final validos, sin conflictos criticos;engine_20V4000M93.json;1701810;237;Z=5060722 BUSHING;BUSHING;;93.200 g;;;;;ok;importar;yes
Z=2310058 PRESSURE SPR;PRESSURE SPRING;z-2310058-pressure-spr;publish;"Engine: 20V4000M93
Part Number: Z=2310058 PRESSURE SPR
Designation: PRESSURE SPRING
Measurement: 
Weight: 
Source Page: 237
BOM: X59618300033
Substitution Status: 
New Part Number: 
Superseded List: ";PRESSURE SPRING;;20VM93-183;20V4000M93, importar;simple;https://milu-naval.mystagingwebsite.com/wp-content/uploads/2026/01/sin_imagen.jpeg;20V4000M93;237;320;X59618300033;PRESSURE SPRING;;;;;;ok;importar;import_new;cumple condiciones para articulo nuevo | PN y designation_final validos, sin conflictos criticos;import_new;cumple condiciones para articulo nuevo | PN y designation_final validos, sin conflictos criticos;engine_20V4000M93.json;1701812;237;Z=2310058 PRESSURE SPR;PRESSURE SPRING;;;;;;;ok;importar;yes
Z=2301130 GROOVED PIN;GROOVED PIN;z-2301130-grooved-pin;publish;"Engine: 20V4000M93
Part Number: Z=2301130 GROOVED PIN
Designation: GROOVED PIN
Measurement: 
Weight: 8 X 20 DIN1474
Source Page: 237
BOM: X59618300033
Substitution Status: 
New Part Number: 
Superseded List: ";GROOVED PIN;;20VM93-183;20V4000M93, importar;simple;https://milu-naval.mystagingwebsite.com/wp-content/uploads/2026/01/sin_imagen.jpeg;20V4000M93;237;350;X59618300033;GROOVED PIN;;8 X 20 DIN1474;;;;ok;importar;import_new;cumple condiciones para articulo nuevo | PN y designation_final validos, sin conflictos criticos;import_new;cumple condiciones para articulo nuevo | PN y designation_final validos, sin conflictos criticos;engine_20V4000M93.json;1701815;237;Z=2301130 GROOVED PIN;GROOVED PIN;;8 X 20 DIN1474;;;;;ok;importar;yes
Z=6402865 COVER;COVER;z-6402865-cover;publish;"Engine: 20V4000M93
Part Number: Z=6402865 COVER
Designation: COVER
Measurement: 
Weight: 
Source Page: 237
BOM: X59618300033
Substitution Status: 
New Part Number: 
Superseded List: ";COVER;;20VM93-183;20V4000M93, importar;simple;https://milu-naval.mystagingwebsite.com/wp-content/uploads/2026/01/sin_imagen.jpeg;20V4000M93;237;390;X59618300033;COVER;;;;;;ok;importar;import_new;cumple condiciones para articulo nuevo | PN y designation_final validos, sin conflictos criticos;import_new;cumple condiciones para articulo nuevo | PN y designation_final validos, sin conflictos criticos;engine_20V4000M93.json;1701819;237;Z=6402865 COVER;COVER;;;;;;;ok;importar;yes
Z=2300010 SPRING PIN;SPRING PIN;z-2300010-spring-pin;publish;"Engine: 20V4000M93
Part Number: Z=2300010 SPRING PIN
Designation: SPRING PIN
Measurement: 
Weight: 4,0 X 20
Source Page: 237
BOM: X59618300033
Substitution Status: 
New Part Number: 
Superseded List: ";SPRING PIN;;20VM93-183;20V4000M93, importar;simple;https://milu-naval.mystagingwebsite.com/wp-content/uploads/2026/01/sin_imagen.jpeg;20V4000M93;237;620;X59618300033;SPRING PIN;;4,0 X 20;;;;ok;importar;import_new;cumple condiciones para articulo nuevo | PN y designation_final validos, sin conflictos criticos;import_new;cumple condiciones para articulo nuevo | PN y designation_final validos, sin conflictos criticos;engine_20V4000M93.json;1701842;237;Z=2300010 SPRING PIN;SPRING PIN;;4,0 X 20;;;;;ok;importar;yes
18502050225;0;18502050225;publish;"Engine: 20V4000M93
Part Number: 18502050225
Designation: 0
Measurement: 
Weight: 
Source Page: 250
BOM: XS528180.00026
Substitution Status: 
New Part Number: 
Superseded List: ";0;;20VM93-185;20V4000M93, importar;simple;https://milu-naval.mystagingwebsite.com/wp-content/uploads/2026/02/20V4000M93-0250-01-6250.webp;20V4000M93;250;6250;XS528180.00026;0;;;;;;ok;importar;import_new;cumple condiciones para articulo nuevo | PN y designation_final validos, sin conflictos criticos;import_new;cumple condiciones para articulo nuevo | PN y designation_final validos, sin conflictos criticos;engine_20V4000M93.json;1701969;250;18502050225;0;;;;;;;ok;importar;yes
55501800210;0;55501800210;publish;"Engine: 20V4000M93
Part Number: 55501800210
Designation: 0
Measurement: 
Weight: 
Source Page: 250
BOM: XS528180.00026
Substitution Status: 
New Part Number: 
Superseded List: ";0;;20VM93-185;20V4000M93, importar;simple;https://milu-naval.mystagingwebsite.com/wp-content/uploads/2026/02/20V4000M93-0250-01-6350.webp;20V4000M93;250;6350;XS528180.00026;0;;;;;;ok;importar;import_new;cumple condiciones para articulo nuevo | PN y designation_final validos, sin conflictos criticos;import_new;cumple condiciones para articulo nuevo | PN y designation_final validos, sin conflictos criticos;engine_20V4000M93.json;1701971;250;55501800210;0;;;;;;;ok;importar;yes
76002950270;0;76002950270;publish;"Engine: 20V4000M93
Part Number: 76002950270
Designation: 0
Measurement: 
Weight: 
Source Page: 250
BOM: XS528180.00026
Substitution Status: 
New Part Number: 
Superseded List: ";0;;20VM93-185;20V4000M93, importar;simple;https://milu-naval.mystagingwebsite.com/wp-content/uploads/2026/02/20V4000M93-0250-02-7500.webp;20V4000M93;250;7500;XS528180.00026;0;;;;;;ok;importar;import_new;cumple condiciones para articulo nuevo | PN y designation_final validos, sin conflictos criticos;import_new;cumple condiciones para articulo nuevo | PN y designation_final validos, sin conflictos criticos;engine_20V4000M93.json;1701974;250;76002950270;0;;;;;;;ok;importar;yes
X59699100012;RETAINER;x59699100012;publish;"Engine: 20V4000M93
Part Number: X59699100012
Designation: RETAINER
Measurement: 
Weight: 199.000 g
Source Page: 253
BOM: XS528180.00026
Substitution Status: 
New Part Number: 
Superseded List: ";RETAINER;;20VM93-185;20V4000M93, importar;simple;https://milu-naval.mystagingwebsite.com/wp-content/uploads/2026/02/20V4000M93-0250-02-8150.webp;20V4000M93;253;8150;XS528180.00026;RETAINER;;199.000 g;;;;ok;importar;import_new;cumple condiciones para articulo nuevo | PN y designation_final validos, sin conflictos criticos;import_new;cumple condiciones para articulo nuevo | PN y designation_final validos, sin conflictos criticos;engine_20V4000M93.json;1702121;253;X59699100012;RETAINER;;199.000 g;;;;;ok;importar;yes
5802000074;EXPANSION TANK;5802000074;publish;"Engine: 20V4000M93
Part Number: 5802000074
Designation: EXPANSION TANK
Measurement: 
Weight: 12.400 kg SB
Source Page: 318
BOM: X59620800002
Substitution Status: 
New Part Number: 
Superseded List: ";EXPANSION TANK;;20VM93-208;20V4000M93, importar;simple;https://milu-naval.mystagingwebsite.com/wp-content/uploads/2026/02/20V4000M93-0318-01-100.webp;20V4000M93;318;100;X59620800002;EXPANSION TANK;;12.400 kg SB;;;;ok;importar;import_new;cumple condiciones para articulo nuevo | PN y designation_final validos, sin conflictos criticos;import_new;cumple condiciones para articulo nuevo | PN y designation_final validos, sin conflictos criticos;engine_20V4000M93.json;1702916;318;5802000074;EXPANSION TANK;;12.400 kg SB;;;;;ok;importar;yes
700425000057;PLATE;700425000057;publish;"Engine: 20V4000M93
Part Number: 700425000057
Designation: PLATE
Measurement: 
Weight: 5.300 g 42 MMN425
Source Page: 318
BOM: X59620800002
Substitution Status: 
New Part Number: 
Superseded List: ";PLATE;;20VM93-208;20V4000M93, importar;simple;https://milu-naval.mystagingwebsite.com/wp-content/uploads/2026/02/20V4000M93-0318-01-50.webp;20V4000M93;318;50;X59620800002;PLATE;;5.300 g 42 MMN425;;;;ok;importar;import_new;cumple condiciones para articulo nuevo | PN y designation_final validos, sin conflictos criticos;import_new;cumple condiciones para articulo nuevo | PN y designation_final validos, sin conflictos criticos;engine_20V4000M93.json;1702927;318;700425000057;PLATE;;5.300 g 42 MMN425;;;;;ok;importar;yes
X00023675;BUSH HOUSING FOR CRIMP CONTACT;x00023675;publish;"Engine: 20V4000M93
Part Number: X00023675
Designation: BUSH HOUSING FOR CRIMP CONTACT
Measurement: 7P/DIN 72585 BU/ CODE 1
Weight: 0.012 KGM
Source Page: 346
BOM: X00E50700482
Substitution Status: 
New Part Number: 
Superseded List: ";BUSH HOUSING FOR CRIMP CONTACT;;20VM93-507;20V4000M93, importar;simple;https://milu-naval.mystagingwebsite.com/wp-content/uploads/2026/02/20V4000M93-0346-01-40.webp;20V4000M93;346;40;X00E50700482;BUSH HOUSING FOR CRIMP CONTACT;7P/DIN 72585 BU/ CODE 1;0.012 KGM;;;;ok;importar;import_new;cumple condiciones para articulo nuevo | PN y designation_final validos, sin conflictos criticos;import_new;cumple condiciones para articulo nuevo | PN y designation_final validos, sin conflictos criticos;engine_20V4000M93.json;1703138;346;X00023675;BUSH HOUSING FOR CRIMP CONTACT;7P/DIN 72585 BU/ CODE 1;0.012 KGM;;;;;ok;importar;yes
016531468;3 CORRUGATED;016531468;publish;"Engine: 20V4000M93
Part Number: 016531468
Designation: 3 CORRUGATED
Measurement: 
Weight: 
Source Page: 353
BOM: X00E50207938
Substitution Status: 
New Part Number: 
Superseded List: ";3 CORRUGATED;;20VM93-507;20V4000M93, importar;simple;https://milu-naval.mystagingwebsite.com/wp-content/uploads/2026/02/20V4000M93-0353-01-120.webp;20V4000M93;353;120;X00E50207938;3 CORRUGATED;;;;;;ok;importar;import_new;cumple condiciones para articulo nuevo | PN y designation_final validos, sin conflictos criticos;import_new;cumple condiciones para articulo nuevo | PN y designation_final validos, sin conflictos criticos;engine_20V4000M93.json;1703218;353;016531468;3 CORRUGATED;;;;;;;ok;importar;yes
016531388;3 CT ACT FOR BUSH;016531388;publish;"Engine: 20V4000M93
Part Number: 016531388
Designation: 3 CT ACT FOR BUSH
Measurement: 
Weight: 
Source Page: 353
BOM: X00E50207938
Substitution Status: 
New Part Number: 
Superseded List: ";3 CT ACT FOR BUSH;;20VM93-507;20V4000M93, importar;simple;https://milu-naval.mystagingwebsite.com/wp-content/uploads/2026/02/20V4000M93-0353-01-70.webp;20V4000M93;353;70;X00E50207938;3 CT ACT FOR BUSH;;;;;;ok;importar;import_new;cumple condiciones para articulo nuevo | PN y designation_final validos, sin conflictos criticos;import_new;cumple condiciones para articulo nuevo | PN y designation_final validos, sin conflictos criticos;engine_20V4000M93.json;1703231;353;016531388;3 CT ACT FOR BUSH;;;;;;;ok;importar;yes
30033039040;0;30033039040;publish;"Engine: 20V4000M93
Part Number: 30033039040
Designation: 0
Measurement: 
Weight: 
Source Page: 355
BOM: X00E50700711
Substitution Status: 
New Part Number: 
Superseded List: ";0;;20VM93-507;20V4000M93, importar;simple;https://milu-naval.mystagingwebsite.com/wp-content/uploads/2026/02/20V4000M93-0355-02-350.webp;20V4000M93;355;350;X00E50700711;0;;;;;;ok;importar;import_new;cumple condiciones para articulo nuevo | PN y designation_final validos, sin conflictos criticos;import_new;cumple condiciones para articulo nuevo | PN y designation_final validos, sin conflictos criticos;engine_20V4000M93.json;1703238;355;30033039040;0;;;;;;;ok;importar;yes
X00E50200311;CONNECTOR HOUSING FOR CRIMP CONTACT;x00e50200311;publish;"Engine: 20V4000M93
Part Number: X00E50200311
Designation: CONNECTOR HOUSING FOR CRIMP CONTACT
Measurement: 7POL/PIN 1.5MM/CODE 1/ DIN72585
Weight: 0.014 KGM
Source Page: 356
BOM: X00E50700711
Substitution Status: 
New Part Number: 
Superseded List: ";CONNECTOR HOUSING FOR CRIMP CONTACT;;20VM93-507;20V4000M93, importar;simple;https://milu-naval.mystagingwebsite.com/wp-content/uploads/2026/02/20V4000M93-0355-02-300.webp;20V4000M93;356;300;X00E50700711;CONNECTOR HOUSING FOR CRIMP CONTACT;7POL/PIN 1.5MM/CODE 1/ DIN72585;0.014 KGM;;;;ok;importar;import_new;cumple condiciones para articulo nuevo | PN y designation_final validos, sin conflictos criticos;import_new;cumple condiciones para articulo nuevo | PN y designation_final validos, sin conflictos criticos;engine_20V4000M93.json;1703260;356;X00E50200311;CONNECTOR HOUSING FOR CRIMP CONTACT;7POL/PIN 1.5MM/CODE 1/ DIN72585;0.014 KGM;;;;;ok;importar;yes
22502300235;0;22502300235;publish;"Engine: 20V4000M93
Part Number: 22502300235
Designation: 0
Measurement: 
Weight: 
Source Page: 390
BOM: XS596500.00029
Substitution Status: 
New Part Number: 
Superseded List: ";0;;20VM93-508;20V4000M93, importar;simple;https://milu-naval.mystagingwebsite.com/wp-content/uploads/2026/01/sin_imagen.jpeg;20V4000M93;390;200021002200;XS596500.00029;0;;;;;;ok;importar;import_new;cumple condiciones para articulo nuevo | PN y designation_final validos, sin conflictos criticos;import_new;cumple condiciones para articulo nuevo | PN y designation_final validos, sin conflictos criticos;engine_20V4000M93.json;1703610;390;22502300235;0;;;;;;;ok;importar;yes
000533504;PIPE RETAINING BRACKET;000533504;publish;"Engine: 20V4000M93
Part Number: 000533504
Designation: PIPE RETAINING BRACKET
Measurement: 
Weight: 1.800 g PIPE STAPELBAR NW10-HALTER
Source Page: 1582
BOM: XS596500.00088
Substitution Status: 
New Part Number: 
Superseded List: ";PIPE RETAINING BRACKET;;20VM93-508;20V4000M93, importar;simple;https://milu-naval.mystagingwebsite.com/wp-content/uploads/2026/01/sin_imagen.jpeg;20V4000M93;1582;500;XS596500.00088;PIPE RETAINING BRACKET;;1.800 g PIPE STAPELBAR NW10-HALTER;;;;ok;importar;import_new;cumple condiciones para articulo nuevo | PN y designation_final validos, sin conflictos criticos;import_new;cumple condiciones para articulo nuevo | PN y designation_final validos, sin conflictos criticos;engine_20V4000M93.json;1714894;1582;000533504;PIPE RETAINING BRACKET;;1.800 g PIPE STAPELBAR NW10-HALTER;;;;;ok;importar;yes
000533494;PIPE;000533494;publish;"Engine: 20V4000M93
Part Number: 000533494
Designation: PIPE
Measurement: 
Weight: 2.900 g PIPE STAPELBAR NW17-HALTER
Source Page: 1582
BOM: XS596500.00088
Substitution Status: 
New Part Number: 
Superseded List: ";PIPE;;20VM93-508;20V4000M93, importar;simple;https://milu-naval.mystagingwebsite.com/wp-content/uploads/2026/01/sin_imagen.jpeg;20V4000M93;1582;550;XS596500.00088;PIPE;;2.900 g PIPE STAPELBAR NW17-HALTER;;;;ok;importar;import_new;cumple condiciones para articulo nuevo | PN y designation_final validos, sin conflictos criticos;import_new;cumple condiciones para articulo nuevo | PN y designation_final validos, sin conflictos criticos;engine_20V4000M93.json;1714895;1582;000533494;PIPE;;2.900 g PIPE STAPELBAR NW17-HALTER;;;;;ok;importar;yes
X00034723/S0009;SOFTWARE FOR GOVERNOR;x00034723-s0009;publish;"Engine: 20V4000M93
Part Number: X00034723/S0009
Designation: SOFTWARE FOR GOVERNOR
Measurement: ADEC SPS-MOTOR AB ED
Weight: 
Source Page: 400
BOM: XS00E500.02210
Substitution Status: 
New Part Number: 
Superseded List: ";SOFTWARE FOR GOVERNOR;;20VM93-508;20V4000M93, importar;simple;https://milu-naval.mystagingwebsite.com/wp-content/uploads/2026/01/sin_imagen.jpeg;20V4000M93;400;150;XS00E500.02210;SOFTWARE FOR GOVERNOR;ADEC SPS-MOTOR AB ED;;;;;ok;importar;import_new;cumple condiciones para articulo nuevo | PN y designation_final validos, sin conflictos criticos;import_new;cumple condiciones para articulo nuevo | PN y designation_final validos, sin conflictos criticos;engine_20V4000M93.json;1703718;400;X00034723/S0009;SOFTWARE FOR GOVERNOR;ADEC SPS-MOTOR AB ED;;;;;;ok;importar;yes
X00E50200926/S0007;SOFTWARE FOR GOVERNOR;x00e50200926-s0007;publish;"Engine: 20V4000M93
Part Number: X00E50200926/S0007
Designation: SOFTWARE FOR GOVERNOR
Measurement: SW_SPS_ADEC_ALLAPPS
Weight: 
Source Page: 400
BOM: XS00E500.02210
Substitution Status: 
New Part Number: 
Superseded List: ";SOFTWARE FOR GOVERNOR;;20VM93-508;20V4000M93, importar;simple;https://milu-naval.mystagingwebsite.com/wp-content/uploads/2026/01/sin_imagen.jpeg;20V4000M93;400;160;XS00E500.02210;SOFTWARE FOR GOVERNOR;SW_SPS_ADEC_ALLAPPS;;;;;ok;importar;import_new;cumple condiciones para articulo nuevo | PN y designation_final validos, sin conflictos criticos;import_new;cumple condiciones para articulo nuevo | PN y designation_final validos, sin conflictos criticos;engine_20V4000M93.json;1703719;400;X00E50200926/S0007;SOFTWARE FOR GOVERNOR;SW_SPS_ADEC_ALLAPPS;;;;;;ok;importar;yes
X59601800044;OIL LINE;x59601800044;publish;"Engine: 20V4000M93L
Part Number: X59601800044
Designation: OIL LINE
Measurement: 
Weight: 140.000 g
Source Page: 1143
BOM: XS596180.00013
Substitution Status: 
New Part Number: 
Superseded List: ";OIL LINE;;20VM93L-18;20V4000M93L, importar;simple;https://milu-naval.mystagingwebsite.com/wp-content/uploads/2026/02/20V4000M93L-1141-02-6100.webp;20V4000M93L;1143;6100;XS596180.00013;OIL LINE;;140.000 g;;;;ok;importar;import_new;cumple condiciones para articulo nuevo | PN y designation_final validos, sin conflictos criticos;import_new;cumple condiciones para articulo nuevo | PN y designation_final validos, sin conflictos criticos;engine_20V4000M93L.json;1800262;1143;X59601800044;OIL LINE;;140.000 g;;;;;ok;importar;yes
X52803500003;IDLER GEAR F.SEC.PTO, FREE END;x52803500003;publish;"Engine: 20V4000M93L
Part Number: X52803500003
Designation: IDLER GEAR F.SEC.PTO, FREE END
Measurement: 
Weight: 
Source Page: 1154
BOM: X52803500004
Substitution Status: 
New Part Number: 
Superseded List: ";IDLER GEAR F.SEC.PTO, FREE END;;20VM93L-24;20V4000M93L, importar;simple;https://milu-naval.mystagingwebsite.com/wp-content/uploads/2026/02/20V4000M93L-1154-01-10.webp;20V4000M93L;1154;10;X52803500004;IDLER GEAR F.SEC.PTO, FREE END;;;;;;ok;importar;import_new;cumple condiciones para articulo nuevo | PN y designation_final validos, sin conflictos criticos;import_new;cumple condiciones para articulo nuevo | PN y designation_final validos, sin conflictos criticos;engine_20V4000M93L.json;1800332;1154;X52803500003;IDLER GEAR F.SEC.PTO, FREE END;;;;;;;ok;importar;yes
X52404100032;CYLINDER HEAD W/VALVE GUIDES;x52404100032;publish;"Engine: 20V4000M93L
Part Number: X52404100032
Designation: CYLINDER HEAD W/VALVE GUIDES
Measurement: 
Weight: 50.223 kg EM
Source Page: 1179
BOM: X52404100033
Substitution Status: 
New Part Number: 
Superseded List: ";CYLINDER HEAD W/VALVE GUIDES;;20VM93L-41;20V4000M93L, importar;simple;https://milu-naval.mystagingwebsite.com/wp-content/uploads/2026/02/20V4000M93L-1179-01-5.webp;20V4000M93L;1179;5;X52404100033;CYLINDER HEAD W/VALVE GUIDES;;50.223 kg EM;;;;ok;importar;import_new;cumple condiciones para articulo nuevo | PN y designation_final validos, sin conflictos criticos;import_new;cumple condiciones para articulo nuevo | PN y designation_final validos, sin conflictos criticos;engine_20V4000M93L.json;1800445;1179;X52404100032;CYLINDER HEAD W/VALVE GUIDES;;50.223 kg EM;;;;;ok;importar;yes
70401606013;FLANGE;70401606013;publish;"Engine: 20V4000M93L
Part Number: 70401606013
Designation: FLANGE
Measurement: 
Weight: 
Source Page: 1206
BOM: X00026993
Substitution Status: 
New Part Number: 
Superseded List: ";FLANGE;;20VM93L-77;20V4000M93L, importar;simple;https://milu-naval.mystagingwebsite.com/wp-content/uploads/2026/02/20V4000M93L-1206-01-120.webp;20V4000M93L;1206;120;X00026993;FLANGE;;;;;;ok;importar;import_new;cumple condiciones para articulo nuevo | PN y designation_final validos, sin conflictos criticos;import_new;cumple condiciones para articulo nuevo | PN y designation_final validos, sin conflictos criticos;engine_20V4000M93L.json;1800567;1206;70401606013;FLANGE;;;;;;;ok;importar;yes
1101508014;PLUG;1101508014;publish;"Engine: 20V4000M93L
Part Number: 1101508014
Designation: PLUG
Measurement: 
Weight: 
Source Page: 1206
BOM: X00026993
Substitution Status: 
New Part Number: 
Superseded List: ";PLUG;;20VM93L-77;20V4000M93L, importar;simple;https://milu-naval.mystagingwebsite.com/wp-content/uploads/2026/02/20V4000M93L-1206-01-20.webp;20V4000M93L;1206;20;X00026993;PLUG;;;;;;ok;importar;import_new;cumple condiciones para articulo nuevo | PN y designation_final validos, sin conflictos criticos;import_new;cumple condiciones para articulo nuevo | PN y designation_final validos, sin conflictos criticos;engine_20V4000M93L.json;1800572;1206;1101508014;PLUG;;;;;;;ok;importar;yes
X59308300015;CONTROL DISC;x59308300015;publish;"Engine: 20V4000M93L
Part Number: X59308300015
Designation: CONTROL DISC
Measurement: 
Weight: 
Source Page: 1224
BOM: X59308300001
Substitution Status: 
New Part Number: 
Superseded List: ";CONTROL DISC;;20VM93L-83;20V4000M93L, importar;simple;https://milu-naval.mystagingwebsite.com/wp-content/uploads/2026/02/20V4000M93L-1224-01-170.webp;20V4000M93L;1224;170;X59308300001;CONTROL DISC;;;;;;ok;importar;import_new;cumple condiciones para articulo nuevo | PN y designation_final validos, sin conflictos criticos;import_new;cumple condiciones para articulo nuevo | PN y designation_final validos, sin conflictos criticos;engine_20V4000M93L.json;1800710;1224;X59308300015;CONTROL DISC;;;;;;;ok;importar;yes
X59608700005;LEAK-OFF FUEL TANK;x59608700005;publish;"Engine: 20V4000M93L
Part Number: X59608700005
Designation: LEAK-OFF FUEL TANK
Measurement: 
Weight: 
Source Page: 1233
BOM: XS594080.00020
Substitution Status: 
New Part Number: 
Superseded List: ";LEAK-OFF FUEL TANK;;20VM93L-87;20V4000M93L, importar;simple;https://milu-naval.mystagingwebsite.com/wp-content/uploads/2026/02/20V4000M93L-1233-01-20.webp;20V4000M93L;1233;20;XS594080.00020;LEAK-OFF FUEL TANK;;;;;;ok;importar;import_new;cumple condiciones para articulo nuevo | PN y designation_final validos, sin conflictos criticos;import_new;cumple condiciones para articulo nuevo | PN y designation_final validos, sin conflictos criticos;engine_20V4000M93L.json;1800794;1233;X59608700005;LEAK-OFF FUEL TANK;;;;;;;ok;importar;yes
X52810100006;SHAFT;x52810100006;publish;"Engine: 20V4000M93L
Part Number: X52810100006
Designation: SHAFT
Measurement: 
Weight: 
Source Page: 1236
BOM: X52810100007
Substitution Status: 
New Part Number: 
Superseded List: ";SHAFT;;20VM93L-101;20V4000M93L, importar;simple;https://milu-naval.mystagingwebsite.com/wp-content/uploads/2026/02/20V4000M93L-1236-01-50.webp;20V4000M93L;1236;50;X52810100007;SHAFT;;;;;;ok;importar;import_new;cumple condiciones para articulo nuevo | PN y designation_final validos, sin conflictos criticos;import_new;cumple condiciones para articulo nuevo | PN y designation_final validos, sin conflictos criticos;engine_20V4000M93L.json;1800819;1236;X52810100006;SHAFT;;;;;;;ok;importar;yes
X59610100118;COMPRESSOR HOUSING A/R=1.91CM;x59610100118;publish;"Engine: 20V4000M93L
Part Number: X59610100118
Designation: COMPRESSOR HOUSING A/R=1.91CM
Measurement: 
Weight: 
Source Page: 1238
BOM: X59610100113
Substitution Status: 
New Part Number: 
Superseded List: ";COMPRESSOR HOUSING A/R=1.91CM;;20VM93L-101;20V4000M93L, importar;simple;https://milu-naval.mystagingwebsite.com/wp-content/uploads/2026/02/20V4000M93L-1237-01-360.webp;20V4000M93L;1238;360;X59610100113;COMPRESSOR HOUSING A/R=1.91CM;;;;;;ok;importar;import_new;cumple condiciones para articulo nuevo | PN y designation_final validos, sin conflictos criticos;import_new;cumple condiciones para articulo nuevo | PN y designation_final validos, sin conflictos criticos;engine_20V4000M93L.json;1800845;1238;X59610100118;COMPRESSOR HOUSING A/R=1.91CM;;;;;;;ok;importar;yes
X59610100008;COOLANT LINE LEFT ZR175;x59610100008;publish;"Engine: 20V4000M93L
Part Number: X59610100008
Designation: COOLANT LINE LEFT ZR175
Measurement: 
Weight: 
Source Page: 1238
BOM: X59610100113
Substitution Status: 
New Part Number: 
Superseded List: ";COOLANT LINE LEFT ZR175;;20VM93L-101;20V4000M93L, importar;simple;https://milu-naval.mystagingwebsite.com/wp-content/uploads/2026/02/20V4000M93L-1237-02-580.webp;20V4000M93L;1238;580;X59610100113;COOLANT LINE LEFT ZR175;;;;;;ok;importar;import_new;cumple condiciones para articulo nuevo | PN y designation_final validos, sin conflictos criticos;import_new;cumple condiciones para articulo nuevo | PN y designation_final validos, sin conflictos criticos;engine_20V4000M93L.json;1800868;1238;X59610100008;COOLANT LINE LEFT ZR175;;;;;;;ok;importar;yes
X59610100046;THRUST BEARING;x59610100046;publish;"Engine: 20V4000M93L
Part Number: X59610100046
Designation: THRUST BEARING
Measurement: 
Weight: 
Source Page: 1241
BOM: X59610100047
Substitution Status: 
New Part Number: 
Superseded List: ";THRUST BEARING;;20VM93L-101;20V4000M93L, importar;simple;https://milu-naval.mystagingwebsite.com/wp-content/uploads/2026/02/20V4000M93L-1241-01-50.webp;20V4000M93L;1241;50;X59610100047;THRUST BEARING;;;;;;ok;importar;import_new;cumple condiciones para articulo nuevo | PN y designation_final validos, sin conflictos criticos;import_new;cumple condiciones para articulo nuevo | PN y designation_final validos, sin conflictos criticos;engine_20V4000M93L.json;1800882;1241;X59610100046;THRUST BEARING;;;;;;;ok;importar;yes
X59610100117;COMPRESSOR HOUSING A/R=1.91CM;x59610100117;publish;"Engine: 20V4000M93L
Part Number: X59610100117
Designation: COMPRESSOR HOUSING A/R=1.91CM
Measurement: 
Weight: 
Source Page: 1242
BOM: X59610100118
Substitution Status: 
New Part Number: 
Superseded List: ";COMPRESSOR HOUSING A/R=1.91CM;;20VM93L-101;20V4000M93L, importar;simple;https://milu-naval.mystagingwebsite.com/wp-content/uploads/2026/02/20V4000M93L-1242-01-10.webp;20V4000M93L;1242;10;X59610100118;COMPRESSOR HOUSING A/R=1.91CM;;;;;;ok;importar;import_new;cumple condiciones para articulo nuevo | PN y designation_final validos, sin conflictos criticos;import_new;cumple condiciones para articulo nuevo | PN y designation_final validos, sin conflictos criticos;engine_20V4000M93L.json;1800883;1242;X59610100117;COMPRESSOR HOUSING A/R=1.91CM;;;;;;;ok;importar;yes
X59610100007;COOLANT LINE RIGHT ZR175;x59610100007;publish;"Engine: 20V4000M93L
Part Number: X59610100007
Designation: COOLANT LINE RIGHT ZR175
Measurement: 
Weight: 
Source Page: 1246
BOM: X59610100114
Substitution Status: 
New Part Number: 
Superseded List: ";COOLANT LINE RIGHT ZR175;;20VM93L-101;20V4000M93L, importar;simple;https://milu-naval.mystagingwebsite.com/wp-content/uploads/2026/02/20V4000M93L-1244-02-680.webp;20V4000M93L;1246;680;X59610100114;COOLANT LINE RIGHT ZR175;;;;;;ok;importar;import_new;cumple condiciones para articulo nuevo | PN y designation_final validos, sin conflictos criticos;import_new;cumple condiciones para articulo nuevo | PN y designation_final validos, sin conflictos criticos;engine_20V4000M93L.json;1800945;1246;X59610100007;COOLANT LINE RIGHT ZR175;;;;;;;ok;importar;yes
X59610100006;COOLANT LINE LEFT ZR175;x59610100006;publish;"Engine: 20V4000M93L
Part Number: X59610100006
Designation: COOLANT LINE LEFT ZR175
Measurement: 
Weight: 
Source Page: 1249
BOM: X59610100115
Substitution Status: 
New Part Number: 
Superseded List: ";COOLANT LINE LEFT ZR175;;20VM93L-101;20V4000M93L, importar;simple;https://milu-naval.mystagingwebsite.com/wp-content/uploads/2026/02/20V4000M93L-1247-02-660.webp;20V4000M93L;1249;660;X59610100115;COOLANT LINE LEFT ZR175;;;;;;ok;importar;import_new;cumple condiciones para articulo nuevo | PN y designation_final validos, sin conflictos criticos;import_new;cumple condiciones para articulo nuevo | PN y designation_final validos, sin conflictos criticos;engine_20V4000M93L.json;1801006;1249;X59610100006;COOLANT LINE LEFT ZR175;;;;;;;ok;importar;yes
XP52811400009;COOLER CORE;xp52811400009;publish;"Engine: 20V4000M93L
Part Number: XP52811400009
Designation: COOLER CORE
Measurement: 
Weight: 
Source Page: 1257
BOM: X59611400005
Substitution Status: 
New Part Number: 
Superseded List: ";COOLER CORE;;20VM93L-110;20V4000M93L, importar;simple;https://milu-naval.mystagingwebsite.com/wp-content/uploads/2026/02/20V4000M93L-1257-01-10.webp;20V4000M93L;1257;10;X59611400005;COOLER CORE;;;;;;ok;importar;import_new;cumple condiciones para articulo nuevo | PN y designation_final validos, sin conflictos criticos;import_new;cumple condiciones para articulo nuevo | PN y designation_final validos, sin conflictos criticos;engine_20V4000M93L.json;1801102;1257;XP52811400009;COOLER CORE;;;;;;;ok;importar;yes
XP52811400010;COOLER HOUSING;xp52811400010;publish;"Engine: 20V4000M93L
Part Number: XP52811400010
Designation: COOLER HOUSING
Measurement: 
Weight: 
Source Page: 1257
BOM: X59611400005
Substitution Status: 
New Part Number: 
Superseded List: ";COOLER HOUSING;;20VM93L-110;20V4000M93L, importar;simple;https://milu-naval.mystagingwebsite.com/wp-content/uploads/2026/02/20V4000M93L-1257-01-20.webp;20V4000M93L;1257;20;X59611400005;COOLER HOUSING;;;;;;ok;importar;import_new;cumple condiciones para articulo nuevo | PN y designation_final validos, sin conflictos criticos;import_new;cumple condiciones para articulo nuevo | PN y designation_final validos, sin conflictos criticos;engine_20V4000M93L.json;1801104;1257;XP52811400010;COOLER HOUSING;;;;;;;ok;importar;yes
XP52811400013;INTERCOOLER;xp52811400013;publish;"Engine: 20V4000M93L
Part Number: XP52811400013
Designation: INTERCOOLER
Measurement: 
Weight: EM
Source Page: 1258
BOM: XP52811400009
Substitution Status: 
New Part Number: 
Superseded List: ";INTERCOOLER;;20VM93L-110;20V4000M93L, importar;simple;https://milu-naval.mystagingwebsite.com/wp-content/uploads/2026/02/20V4000M93L-1258-01-10.webp;20V4000M93L;1258;10;XP52811400009;INTERCOOLER;;EM;;;;ok;importar;import_new;cumple condiciones para articulo nuevo | PN y designation_final validos, sin conflictos criticos;import_new;cumple condiciones para articulo nuevo | PN y designation_final validos, sin conflictos criticos;engine_20V4000M93L.json;1801110;1258;XP52811400013;INTERCOOLER;;EM;;;;;ok;importar;yes
XP52811400014;UNION;xp52811400014;publish;"Engine: 20V4000M93L
Part Number: XP52811400014
Designation: UNION
Measurement: 
Weight: 
Source Page: 1258
BOM: XP52811400009
Substitution Status: 
New Part Number: 
Superseded List: ";UNION;;20VM93L-110;20V4000M93L, importar;simple;https://milu-naval.mystagingwebsite.com/wp-content/uploads/2026/02/20V4000M93L-1258-01-20.webp;20V4000M93L;1258;20;XP52811400009;UNION;;;;;;ok;importar;import_new;cumple condiciones para articulo nuevo | PN y designation_final validos, sin conflictos criticos;import_new;cumple condiciones para articulo nuevo | PN y designation_final validos, sin conflictos criticos;engine_20V4000M93L.json;1801111;1258;XP52811400014;UNION;;;;;;;ok;importar;yes
X59612300021;INTAKE HOUSING VERTIKAL;x59612300021;publish;"Engine: 20V4000M93L
Part Number: X59612300021
Designation: INTAKE HOUSING VERTIKAL
Measurement: 
Weight: 6.200 kg EM
Source Page: 1272
BOM: X59612300019
Substitution Status: 
New Part Number: 
Superseded List: ";INTAKE HOUSING VERTIKAL;;20VM93L-123;20V4000M93L, importar;simple;https://milu-naval.mystagingwebsite.com/wp-content/uploads/2026/02/20V4000M93L-1272-01-50.webp;20V4000M93L;1272;50;X59612300019;INTAKE HOUSING VERTIKAL;;6.200 kg EM;;;;ok;importar;import_new;cumple condiciones para articulo nuevo | PN y designation_final validos, sin conflictos criticos;import_new;cumple condiciones para articulo nuevo | PN y designation_final validos, sin conflictos criticos;engine_20V4000M93L.json;1801208;1272;X59612300021;INTAKE HOUSING VERTIKAL;;6.200 kg EM;;;;;ok;importar;yes
X52820300013;FLANGE;x52820300013;publish;"Engine: 20V4000M93L
Part Number: X52820300013
Designation: FLANGE
Measurement: 
Weight: 293.000 g
Source Page: 1282
BOM: XS596120.00002
Substitution Status: 
New Part Number: 
Superseded List: ";FLANGE;;20VM93L-125;20V4000M93L, importar;simple;https://milu-naval.mystagingwebsite.com/wp-content/uploads/2026/02/20V4000M93L-1281-02-1100.webp;20V4000M93L;1282;1100;XS596120.00002;FLANGE;;293.000 g;;;;ok;importar;import_new;cumple condiciones para articulo nuevo | PN y designation_final validos, sin conflictos criticos;import_new;cumple condiciones para articulo nuevo | PN y designation_final validos, sin conflictos criticos;engine_20V4000M93L.json;1801273;1282;X52820300013;FLANGE;;293.000 g;;;;;ok;importar;yes
X52620300002;THREADED SLEEVE;x52620300002;publish;"Engine: 20V4000M93L
Part Number: X52620300002
Designation: THREADED SLEEVE
Measurement: 
Weight: 322.000 g
Source Page: 1282
BOM: XS596120.00002
Substitution Status: 
New Part Number: 
Superseded List: ";THREADED SLEEVE;;20VM93L-125;20V4000M93L, importar;simple;https://milu-naval.mystagingwebsite.com/wp-content/uploads/2026/02/20V4000M93L-1281-02-1250.webp;20V4000M93L;1282;1250;XS596120.00002;THREADED SLEEVE;;322.000 g;;;;ok;importar;import_new;cumple condiciones para articulo nuevo | PN y designation_final validos, sin conflictos criticos;import_new;cumple condiciones para articulo nuevo | PN y designation_final validos, sin conflictos criticos;engine_20V4000M93L.json;1801276;1282;X52620300002;THREADED SLEEVE;;322.000 g;;;;;ok;importar;yes
X52820300014;PLUG-IN PIPE;x52820300014;publish;"Engine: 20V4000M93L
Part Number: X52820300014
Designation: PLUG-IN PIPE
Measurement: 
Weight: 1.040 kg
Source Page: 1282
BOM: XS596120.00002
Substitution Status: 
New Part Number: 
Superseded List: ";PLUG-IN PIPE;;20VM93L-125;20V4000M93L, importar;simple;https://milu-naval.mystagingwebsite.com/wp-content/uploads/2026/02/20V4000M93L-1281-02-1450.webp;20V4000M93L;1282;1450;XS596120.00002;PLUG-IN PIPE;;1.040 kg;;;;ok;importar;import_new;cumple condiciones para articulo nuevo | PN y designation_final validos, sin conflictos criticos;import_new;cumple condiciones para articulo nuevo | PN y designation_final validos, sin conflictos criticos;engine_20V4000M93L.json;1801280;1282;X52820300014;PLUG-IN PIPE;;1.040 kg;;;;;ok;importar;yes
X52812500011;DUAL-PURPOSE PLATE;x52812500011;publish;"Engine: 20V4000M93L
Part Number: X52812500011
Designation: DUAL-PURPOSE PLATE
Measurement: 
Weight: 6.180 kg
Source Page: 1282
BOM: XS596120.00002
Substitution Status: 
New Part Number: 
Superseded List: ";DUAL-PURPOSE PLATE;;20VM93L-125;20V4000M93L, importar;simple;https://milu-naval.mystagingwebsite.com/wp-content/uploads/2026/02/20V4000M93L-1281-01-2000.webp, https://milu-naval.mystagingwebsite.com/wp-content/uploads/2026/02/20V4000M93L-1281-02-2000.webp;20V4000M93L;1282;2000;XS596120.00002;DUAL-PURPOSE PLATE;;6.180 kg;;;;ok;importar;import_new;cumple condiciones para articulo nuevo | PN y designation_final validos, sin conflictos criticos;import_new;cumple condiciones para articulo nuevo | PN y designation_final validos, sin conflictos criticos;engine_20V4000M93L.json;1801290;1282;X52812500011;DUAL-PURPOSE PLATE;;6.180 kg;;;;;ok;importar;yes
X52812500012;GUIDE TUBE;x52812500012;publish;"Engine: 20V4000M93L
Part Number: X52812500012
Designation: GUIDE TUBE
Measurement: 
Weight: 5.260 kg
Source Page: 1282
BOM: XS596120.00002
Substitution Status: 
New Part Number: 
Superseded List: ";GUIDE TUBE;;20VM93L-125;20V4000M93L, importar;simple;https://milu-naval.mystagingwebsite.com/wp-content/uploads/2026/02/20V4000M93L-1281-01-2450.webp;20V4000M93L;1282;2450;XS596120.00002;GUIDE TUBE;;5.260 kg;;;;ok;importar;import_new;cumple condiciones para articulo nuevo | PN y designation_final validos, sin conflictos criticos;import_new;cumple condiciones para articulo nuevo | PN y designation_final validos, sin conflictos criticos;engine_20V4000M93L.json;1801297;1282;X52812500012;GUIDE TUBE;;5.260 kg;;;;;ok;importar;yes
X00043362;TWIN ELBOW RIGHT SIDE;x00043362;publish;"Engine: 20V4000M93L
Part Number: X00043362
Designation: TWIN ELBOW RIGHT SIDE
Measurement: 
Weight: 
Source Page: 1282
BOM: XS596120.00002
Substitution Status: 
New Part Number: 
Superseded List: ";TWIN ELBOW RIGHT SIDE;;20VM93L-125;20V4000M93L, importar;simple;https://milu-naval.mystagingwebsite.com/wp-content/uploads/2026/02/20V4000M93L-1281-02-800.webp;20V4000M93L;1282;800;XS596120.00002;TWIN ELBOW RIGHT SIDE;;;;;;ok;importar;import_new;cumple condiciones para articulo nuevo | PN y designation_final validos, sin conflictos criticos;import_new;cumple condiciones para articulo nuevo | PN y designation_final validos, sin conflictos criticos;engine_20V4000M93L.json;1801309;1282;X00043362;TWIN ELBOW RIGHT SIDE;;;;;;;ok;importar;yes
X59614300004;CARRIER HOUSING;x59614300004;publish;"Engine: 20V4000M93L
Part Number: X59614300004
Designation: CARRIER HOUSING
Measurement: 
Weight: 
Source Page: 1299
BOM: X59614300003
Substitution Status: 
New Part Number: 
Superseded List: ";CARRIER HOUSING;;20VM93L-143;20V4000M93L, importar;simple;https://milu-naval.mystagingwebsite.com/wp-content/uploads/2026/02/20V4000M93L-1299-01-50.webp;20V4000M93L;1299;50;X59614300003;CARRIER HOUSING;;;;;;ok;importar;import_new;cumple condiciones para articulo nuevo | PN y designation_final validos, sin conflictos criticos;import_new;cumple condiciones para articulo nuevo | PN y designation_final validos, sin conflictos criticos;engine_20V4000M93L.json;1801559;1299;X59614300004;CARRIER HOUSING;;;;;;;ok;importar;yes
XP52814500028;CLOSURE;xp52814500028;publish;"Engine: 20V4000M93L
Part Number: XP52814500028
Designation: CLOSURE
Measurement: 
Weight: 
Source Page: 1304
BOM: X52814500017
Substitution Status: 
New Part Number: 
Superseded List: ";CLOSURE;;20VM93L-145;20V4000M93L, importar;simple;https://milu-naval.mystagingwebsite.com/wp-content/uploads/2026/01/sin_imagen.jpeg;20V4000M93L;1304;10;X52814500017;CLOSURE;;;;;;ok;importar;import_new;cumple condiciones para articulo nuevo | PN y designation_final validos, sin conflictos criticos;import_new;cumple condiciones para articulo nuevo | PN y designation_final validos, sin conflictos criticos;engine_20V4000M93L.json;1801573;1304;XP52814500028;CLOSURE;;;;;;;ok;importar;yes
XP52814500029;HOOK;xp52814500029;publish;"Engine: 20V4000M93L
Part Number: XP52814500029
Designation: HOOK
Measurement: 
Weight: 
Source Page: 1304
BOM: X52814500017
Substitution Status: 
New Part Number: 
Superseded List: ";HOOK;;20VM93L-145;20V4000M93L, importar;simple;https://milu-naval.mystagingwebsite.com/wp-content/uploads/2026/01/sin_imagen.jpeg;20V4000M93L;1304;20;X52814500017;HOOK;;;;;;ok;importar;import_new;cumple condiciones para articulo nuevo | PN y designation_final validos, sin conflictos criticos;import_new;cumple condiciones para articulo nuevo | PN y designation_final validos, sin conflictos criticos;engine_20V4000M93L.json;1801581;1304;XP52814500029;HOOK;;;;;;;ok;importar;yes
XP52814500030;WASHER;xp52814500030;publish;"Engine: 20V4000M93L
Part Number: XP52814500030
Designation: WASHER
Measurement: 
Weight: 
Source Page: 1304
BOM: X52814500017
Substitution Status: 
New Part Number: 
Superseded List: ";WASHER;;20VM93L-145;20V4000M93L, importar;simple;https://milu-naval.mystagingwebsite.com/wp-content/uploads/2026/01/sin_imagen.jpeg;20V4000M93L;1304;30;X52814500017;WASHER;;;;;;ok;importar;import_new;cumple condiciones para articulo nuevo | PN y designation_final validos, sin conflictos criticos;import_new;cumple condiciones para articulo nuevo | PN y designation_final validos, sin conflictos criticos;engine_20V4000M93L.json;1801582;1304;XP52814500030;WASHER;;;;;;;ok;importar;yes
XP52814500031;BLIND RIVET NUT;xp52814500031;publish;"Engine: 20V4000M93L
Part Number: XP52814500031
Designation: BLIND RIVET NUT
Measurement: HUC/FEF 3.
Weight: 
Source Page: 1304
BOM: X52814500017
Substitution Status: 
New Part Number: 
Superseded List: ";BLIND RIVET NUT;;20VM93L-145;20V4000M93L, importar;simple;https://milu-naval.mystagingwebsite.com/wp-content/uploads/2026/01/sin_imagen.jpeg;20V4000M93L;1304;40;X52814500017;BLIND RIVET NUT;HUC/FEF 3.;;;;;ok;importar;import_new;cumple condiciones para articulo nuevo | PN y designation_final validos, sin conflictos criticos;import_new;cumple condiciones para articulo nuevo | PN y designation_final validos, sin conflictos criticos;engine_20V4000M93L.json;1801583;1304;XP52814500031;BLIND RIVET NUT;HUC/FEF 3.;;;;;;ok;importar;yes
XP52814500032;HEX SCREW;xp52814500032;publish;"Engine: 20V4000M93L
Part Number: XP52814500032
Designation: HEX SCREW
Measurement: 
Weight: 
Source Page: 1304
BOM: X52814500017
Substitution Status: 
New Part Number: 
Superseded List: ";HEX SCREW;;20VM93L-145;20V4000M93L, importar;simple;https://milu-naval.mystagingwebsite.com/wp-content/uploads/2026/01/sin_imagen.jpeg;20V4000M93L;1304;50;X52814500017;HEX SCREW;;;;;;ok;importar;import_new;cumple condiciones para articulo nuevo | PN y designation_final validos, sin conflictos criticos;import_new;cumple condiciones para articulo nuevo | PN y designation_final validos, sin conflictos criticos;engine_20V4000M93L.json;1801584;1304;XP52814500032;HEX SCREW;;;;;;;ok;importar;yes
X59618100023;OIL DRAIN NECK;x59618100023;publish;"Engine: 20V4000M93L
Part Number: X59618100023
Designation: OIL DRAIN NECK
Measurement: 
Weight: 0.726 kg
Source Page: 1334
BOM: XS596180.00052
Substitution Status: 
New Part Number: 
Superseded List: ";OIL DRAIN NECK;;20VM93L-180;20V4000M93L, importar;simple;https://milu-naval.mystagingwebsite.com/wp-content/uploads/2026/02/20V4000M93L-1334-01-120.webp;20V4000M93L;1334;120;XS596180.00052;OIL DRAIN NECK;;0.726 kg;;;;ok;importar;import_new;cumple condiciones para articulo nuevo | PN y designation_final validos, sin conflictos criticos;import_new;cumple condiciones para articulo nuevo | PN y designation_final validos, sin conflictos criticos;engine_20V4000M93L.json;1801844;1334;X59618100023;OIL DRAIN NECK;;0.726 kg;;;;;ok;importar;yes
X59618100020;PIPE;x59618100020;publish;"Engine: 20V4000M93L
Part Number: X59618100020
Designation: PIPE
Measurement: 
Weight: 566.000 g SB
Source Page: 1334
BOM: XS596180.00052
Substitution Status: 
New Part Number: 
Superseded List: ";PIPE;;20VM93L-180;20V4000M93L, importar;simple;https://milu-naval.mystagingwebsite.com/wp-content/uploads/2026/02/20V4000M93L-1334-01-180.webp;20V4000M93L;1334;180;XS596180.00052;PIPE;;566.000 g SB;;;;ok;importar;import_new;cumple condiciones para articulo nuevo | PN y designation_final validos, sin conflictos criticos;import_new;cumple condiciones para articulo nuevo | PN y designation_final validos, sin conflictos criticos;engine_20V4000M93L.json;1801849;1334;X59618100020;PIPE;;566.000 g SB;;;;;ok;importar;yes
X59618100019;PIPE;x59618100019;publish;"Engine: 20V4000M93L
Part Number: X59618100019
Designation: PIPE
Measurement: 
Weight: 524.000 g SB
Source Page: 1334
BOM: XS596180.00052
Substitution Status: 
New Part Number: 
Superseded List: ";PIPE;;20VM93L-180;20V4000M93L, importar;simple;https://milu-naval.mystagingwebsite.com/wp-content/uploads/2026/02/20V4000M93L-1334-01-190.webp;20V4000M93L;1334;190;XS596180.00052;PIPE;;524.000 g SB;;;;ok;importar;import_new;cumple condiciones para articulo nuevo | PN y designation_final validos, sin conflictos criticos;import_new;cumple condiciones para articulo nuevo | PN y designation_final validos, sin conflictos criticos;engine_20V4000M93L.json;1801850;1334;X59618100019;PIPE;;524.000 g SB;;;;;ok;importar;yes
X59618100021;PIPE;x59618100021;publish;"Engine: 20V4000M93L
Part Number: X59618100021
Designation: PIPE
Measurement: 
Weight: 126.000 g SB
Source Page: 1334
BOM: XS596180.00052
Substitution Status: 
New Part Number: 
Superseded List: ";PIPE;;20VM93L-180;20V4000M93L, importar;simple;https://milu-naval.mystagingwebsite.com/wp-content/uploads/2026/02/20V4000M93L-1334-01-220.webp;20V4000M93L;1334;220;XS596180.00052;PIPE;;126.000 g SB;;;;ok;importar;import_new;cumple condiciones para articulo nuevo | PN y designation_final validos, sin conflictos criticos;import_new;cumple condiciones para articulo nuevo | PN y designation_final validos, sin conflictos criticos;engine_20V4000M93L.json;1801854;1334;X59618100021;PIPE;;126.000 g SB;;;;;ok;importar;yes
X59618100014;BANJO UNION FOR LUBE OIL SYSTEM;x59618100014;publish;"Engine: 20V4000M93L
Part Number: X59618100014
Designation: BANJO UNION FOR LUBE OIL SYSTEM
Measurement: 
Weight: 
Source Page: 1334
BOM: XS596180.00052
Substitution Status: 
New Part Number: 
Superseded List: ";BANJO UNION FOR LUBE OIL SYSTEM;;20VM93L-180;20V4000M93L, importar;simple;https://milu-naval.mystagingwebsite.com/wp-content/uploads/2026/02/20V4000M93L-1334-01-60.webp;20V4000M93L;1334;60;XS596180.00052;BANJO UNION FOR LUBE OIL SYSTEM;;;;;;ok;importar;import_new;cumple condiciones para articulo nuevo | PN y designation_final validos, sin conflictos criticos;import_new;cumple condiciones para articulo nuevo | PN y designation_final validos, sin conflictos criticos;engine_20V4000M93L.json;1801862;1334;X59618100014;BANJO UNION FOR LUBE OIL SYSTEM;;;;;;;ok;importar;yes
Z=5209684 CLAMPING RIN;CLAMPING RING;z-5209684-clamping-rin;publish;"Engine: 20V4000M93L
Part Number: Z=5209684 CLAMPING RIN
Designation: CLAMPING RING
Measurement: 
Weight: AB AUTOMATIKÖLFILTER
Source Page: 1348
BOM: X59618300008
Substitution Status: 
New Part Number: 
Superseded List: ";CLAMPING RING;;20VM93L-183;20V4000M93L, importar;simple;https://milu-naval.mystagingwebsite.com/wp-content/uploads/2026/02/20V4000M93L-1347-02-470.webp;20V4000M93L;1348;470;X59618300008;CLAMPING RING;;AB AUTOMATIKÖLFILTER;;;;ok;importar;import_new;cumple condiciones para articulo nuevo | PN y designation_final validos, sin conflictos criticos;import_new;cumple condiciones para articulo nuevo | PN y designation_final validos, sin conflictos criticos;engine_20V4000M93L.json;1801992;1348;Z=5209684 CLAMPING RIN;CLAMPING RING;;AB AUTOMATIKÖLFILTER;;;;;ok;importar;yes
X59420600001;COOLANT DISTRIB HSG;x59420600001;publish;"Engine: 20V4000M93L
Part Number: X59420600001
Designation: COOLANT DISTRIB HSG
Measurement: 
Weight: 
Source Page: 1410
BOM: X59420600002
Substitution Status: 
New Part Number: 
Superseded List: ";COOLANT DISTRIB HSG;;20VM93L-206;20V4000M93L, importar;simple;https://milu-naval.mystagingwebsite.com/wp-content/uploads/2026/02/20V4000M93L-1410-01-10.webp;20V4000M93L;1410;10;X59420600002;COOLANT DISTRIB HSG;;;;;;ok;importar;import_new;cumple condiciones para articulo nuevo | PN y designation_final validos, sin conflictos criticos;import_new;cumple condiciones para articulo nuevo | PN y designation_final validos, sin conflictos criticos;engine_20V4000M93L.json;1802828;1410;X59420600001;COOLANT DISTRIB HSG;;;;;;;ok;importar;yes
X52820600011;THERMOSTAT HOUSING;x52820600011;publish;"Engine: 20V4000M93L
Part Number: X52820600011
Designation: THERMOSTAT HOUSING
Measurement: 
Weight: 
Source Page: 1413
BOM: X59620600002
Substitution Status: 
New Part Number: 
Superseded List: ";THERMOSTAT HOUSING;;20VM93L-206;20V4000M93L, importar;simple;https://milu-naval.mystagingwebsite.com/wp-content/uploads/2026/02/20V4000M93L-1413-01-50.webp;20V4000M93L;1413;50;X59620600002;THERMOSTAT HOUSING;;;;;;ok;importar;import_new;cumple condiciones para articulo nuevo | PN y designation_final validos, sin conflictos criticos;import_new;cumple condiciones para articulo nuevo | PN y designation_final validos, sin conflictos criticos;engine_20V4000M93L.json;1802900;1413;X52820600011;THERMOSTAT HOUSING;;;;;;;ok;importar;yes
X52823100015;STOP;x52823100015;publish;"Engine: 20V4000M93L
Part Number: X52823100015
Designation: STOP
Measurement: 
Weight: 6.262 kg
Source Page: 1432
BOM: XS528230.00018
Substitution Status: 
New Part Number: 
Superseded List: ";STOP;;20VM93L-230;20V4000M93L, importar;simple;https://milu-naval.mystagingwebsite.com/wp-content/uploads/2026/02/20V4000M93L-1432-01-150.webp;20V4000M93L;1432;150;XS528230.00018;STOP;;6.262 kg;;;;ok;importar;import_new;cumple condiciones para articulo nuevo | PN y designation_final validos, sin conflictos criticos;import_new;cumple condiciones para articulo nuevo | PN y designation_final validos, sin conflictos criticos;engine_20V4000M93L.json;1803028;1432;X52823100015;STOP;;6.262 kg;;;;;ok;importar;yes
X52823100031;STOP;x52823100031;publish;"Engine: 20V4000M93L
Part Number: X52823100031
Designation: STOP
Measurement: 
Weight: 6.243 kg
Source Page: 1432
BOM: XS528230.00018
Substitution Status: 
New Part Number: 
Superseded List: ";STOP;;20VM93L-230;20V4000M93L, importar;simple;https://milu-naval.mystagingwebsite.com/wp-content/uploads/2026/02/20V4000M93L-1432-01-75.webp;20V4000M93L;1432;75;XS528230.00018;STOP;;6.243 kg;;;;ok;importar;import_new;cumple condiciones para articulo nuevo | PN y designation_final validos, sin conflictos criticos;import_new;cumple condiciones para articulo nuevo | PN y designation_final validos, sin conflictos criticos;engine_20V4000M93L.json;1803034;1432;X52823100031;STOP;;6.243 kg;;;;;ok;importar;yes
X52823100017;SUPPORT;x52823100017;publish;"Engine: 20V4000M93L
Part Number: X52823100017
Designation: SUPPORT
Measurement: 
Weight: 37.535 kg
Source Page: 1433
BOM: XS528230.00019
Substitution Status: 
New Part Number: 
Superseded List: ";SUPPORT;;20VM93L-230;20V4000M93L, importar;simple;https://milu-naval.mystagingwebsite.com/wp-content/uploads/2026/02/20V4000M93L-1433-01-175.webp;20V4000M93L;1433;175;XS528230.00019;SUPPORT;;37.535 kg;;;;ok;importar;import_new;cumple condiciones para articulo nuevo | PN y designation_final validos, sin conflictos criticos;import_new;cumple condiciones para articulo nuevo | PN y designation_final validos, sin conflictos criticos;engine_20V4000M93L.json;1803038;1433;X52823100017;SUPPORT;;37.535 kg;;;;;ok;importar;yes
204014020005;HEX SCREW;204014020005;publish;"Engine: 20V4000M93L
Part Number: 204014020005
Designation: HEX SCREW
Measurement: 
Weight: 
Source Page: 1436
BOM: XS528230.00016
Substitution Status: 
New Part Number: 
Superseded List: ";HEX SCREW;;20VM93L-231;20V4000M93L, importar;simple;https://milu-naval.mystagingwebsite.com/wp-content/uploads/2026/02/20V4000M93L-1436-01-125.webp;20V4000M93L;1436;125;XS528230.00016;HEX SCREW;;;;;;ok;importar;import_new;cumple condiciones para articulo nuevo | PN y designation_final validos, sin conflictos criticos;import_new;cumple condiciones para articulo nuevo | PN y designation_final validos, sin conflictos criticos;engine_20V4000M93L.json;1803057;1436;204014020005;HEX SCREW;;;;;;;ok;importar;yes
XP52725100049;SHIM;xp52725100049;publish;"Engine: 20V4000M93L
Part Number: XP52725100049
Designation: SHIM
Measurement: 
Weight: 
Source Page: 1440
BOM: X59625100006
Substitution Status: 
New Part Number: 
Superseded List: ";SHIM;;20VM93L-251;20V4000M93L, importar;simple;https://milu-naval.mystagingwebsite.com/wp-content/uploads/2026/02/20V4000M93L-1439-02-110.webp;20V4000M93L;1440;110;X59625100006;SHIM;;;;;;ok;importar;import_new;cumple condiciones para articulo nuevo | PN y designation_final validos, sin conflictos criticos;import_new;cumple condiciones para articulo nuevo | PN y designation_final validos, sin conflictos criticos;engine_20V4000M93L.json;1803067;1440;XP52725100049;SHIM;;;;;;;ok;importar;yes
XP52725100054;HEX SCREW;xp52725100054;publish;"Engine: 20V4000M93L
Part Number: XP52725100054
Designation: HEX SCREW
Measurement: 
Weight: 
Source Page: 1440
BOM: X59625100006
Substitution Status: 
New Part Number: 
Superseded List: ";HEX SCREW;;20VM93L-251;20V4000M93L, importar;simple;https://milu-naval.mystagingwebsite.com/wp-content/uploads/2026/02/20V4000M93L-1439-01-150.webp;20V4000M93L;1440;150;X59625100006;HEX SCREW;;;;;;ok;importar;import_new;cumple condiciones para articulo nuevo | PN y designation_final validos, sin conflictos criticos;import_new;cumple condiciones para articulo nuevo | PN y designation_final validos, sin conflictos criticos;engine_20V4000M93L.json;1803071;1440;XP52725100054;HEX SCREW;;;;;;;ok;importar;yes
XP52725100055;HEX SCREW;xp52725100055;publish;"Engine: 20V4000M93L
Part Number: XP52725100055
Designation: HEX SCREW
Measurement: 
Weight: 
Source Page: 1440
BOM: X59625100006
Substitution Status: 
New Part Number: 
Superseded List: ";HEX SCREW;;20VM93L-251;20V4000M93L, importar;simple;https://milu-naval.mystagingwebsite.com/wp-content/uploads/2026/02/20V4000M93L-1439-01-170.webp;20V4000M93L;1440;170;X59625100006;HEX SCREW;;;;;;ok;importar;import_new;cumple condiciones para articulo nuevo | PN y designation_final validos, sin conflictos criticos;import_new;cumple condiciones para articulo nuevo | PN y designation_final validos, sin conflictos criticos;engine_20V4000M93L.json;1803073;1440;XP52725100055;HEX SCREW;;;;;;;ok;importar;yes
XP52725100053;INNER STAR;xp52725100053;publish;"Engine: 20V4000M93L
Part Number: XP52725100053
Designation: INNER STAR
Measurement: 
Weight: 
Source Page: 1440
BOM: X59625100006
Substitution Status: 
New Part Number: 
Superseded List: ";INNER STAR;;20VM93L-251;20V4000M93L, importar;simple;https://milu-naval.mystagingwebsite.com/wp-content/uploads/2026/02/20V4000M93L-1439-01-50.webp;20V4000M93L;1440;50;X59625100006;INNER STAR;;;;;;ok;importar;import_new;cumple condiciones para articulo nuevo | PN y designation_final validos, sin conflictos criticos;import_new;cumple condiciones para articulo nuevo | PN y designation_final validos, sin conflictos criticos;engine_20V4000M93L.json;1803090;1440;XP52725100053;INNER STAR;;;;;;;ok;importar;yes
X59625500005/30;BEND-RESIL. COUPLING;x59625500005-30;publish;"Engine: 20V4000M93L
Part Number: X59625500005/30
Designation: BEND-RESIL. COUPLING
Measurement: 
Weight: 
Source Page: 1445
BOM: XK596250.747457-01
Substitution Status: 
New Part Number: 
Superseded List: ";BEND-RESIL. COUPLING;;20VM93L-255;20V4000M93L, importar;simple;https://milu-naval.mystagingwebsite.com/wp-content/uploads/2026/01/sin_imagen.jpeg;20V4000M93L;1445;100;XK596250.747457-01;BEND-RESIL. COUPLING;;;;;;ok;importar;import_new;cumple condiciones para articulo nuevo | PN y designation_final validos, sin conflictos criticos;import_new;cumple condiciones para articulo nuevo | PN y designation_final validos, sin conflictos criticos;engine_20V4000M93L.json;1803099;1445;X59625500005/30;BEND-RESIL. COUPLING;;;;;;;ok;importar;yes
XP52840500008;THERMOMETER;xp52840500008;publish;"Engine: 20V4000M93L
Part Number: XP52840500008
Designation: THERMOMETER
Measurement: 
Weight: 
Source Page: 1454
BOM: X59634200024
Substitution Status: 
New Part Number: 
Superseded List: ";THERMOMETER;;20VM93L-342;20V4000M93L, importar;simple;https://milu-naval.mystagingwebsite.com/wp-content/uploads/2026/01/sin_imagen.jpeg;20V4000M93L;1454;110;X59634200024;THERMOMETER;;;;;;ok;importar;import_new;cumple condiciones para articulo nuevo | PN y designation_final validos, sin conflictos criticos;import_new;cumple condiciones para articulo nuevo | PN y designation_final validos, sin conflictos criticos;engine_20V4000M93L.json;1803131;1454;XP52840500008;THERMOMETER;;;;;;;ok;importar;yes
XP52840500010;GASKET KIT;xp52840500010;publish;"Engine: 20V4000M93L
Part Number: XP52840500010
Designation: GASKET KIT
Measurement: 
Weight: 4.300 g
Source Page: 1454
BOM: X59634200024
Substitution Status: 
New Part Number: 
Superseded List: ";GASKET KIT;;20VM93L-342;20V4000M93L, importar;simple;https://milu-naval.mystagingwebsite.com/wp-content/uploads/2026/01/sin_imagen.jpeg;20V4000M93L;1454;120;X59634200024;GASKET KIT;;4.300 g;;;;ok;importar;import_new;cumple condiciones para articulo nuevo | PN y designation_final validos, sin conflictos criticos;import_new;cumple condiciones para articulo nuevo | PN y designation_final validos, sin conflictos criticos;engine_20V4000M93L.json;1803132;1454;XP52840500010;GASKET KIT;;4.300 g;;;;;ok;importar;yes
XP52840500012;OIL THROWER;xp52840500012;publish;"Engine: 20V4000M93L
Part Number: XP52840500012
Designation: OIL THROWER
Measurement: 
Weight: 
Source Page: 1454
BOM: X59634200024
Substitution Status: 
New Part Number: 
Superseded List: ";OIL THROWER;;20VM93L-342;20V4000M93L, importar;simple;https://milu-naval.mystagingwebsite.com/wp-content/uploads/2026/01/sin_imagen.jpeg;20V4000M93L;1454;150;X59634200024;OIL THROWER;;;;;;ok;importar;import_new;cumple condiciones para articulo nuevo | PN y designation_final validos, sin conflictos criticos;import_new;cumple condiciones para articulo nuevo | PN y designation_final validos, sin conflictos criticos;engine_20V4000M93L.json;1803135;1454;XP52840500012;OIL THROWER;;;;;;;ok;importar;yes
410420430;4;410420430;publish;"Engine: 20V4000M93L
Part Number: 410420430
Designation: 4
Measurement: 
Weight: 
Source Page: 1471
BOM: X00E50700383
Substitution Status: 
New Part Number: 
Superseded List: ";4;;20VM93L-507;20V4000M93L, importar;simple;https://milu-naval.mystagingwebsite.com/wp-content/uploads/2026/01/sin_imagen.jpeg;20V4000M93L;1471;380390400;X00E50700383;4;;;;;;ok;importar;import_new;cumple condiciones para articulo nuevo | PN y designation_final validos, sin conflictos criticos;import_new;cumple condiciones para articulo nuevo | PN y designation_final validos, sin conflictos criticos;engine_20V4000M93L.json;1803431;1471;410420430;4;;;;;;;ok;importar;yes
39021022023;0;39021022023;publish;"Engine: 20V4000M93L
Part Number: 39021022023
Designation: 0
Measurement: 
Weight: 
Source Page: 1474
BOM: X00E50700386
Substitution Status: 
New Part Number: 
Superseded List: ";0;;20VM93L-507;20V4000M93L, importar;simple;https://milu-naval.mystagingwebsite.com/wp-content/uploads/2026/02/20V4000M93L-1474-01-380.webp;20V4000M93L;1474;380;X00E50700386;0;;;;;;ok;importar;import_new;cumple condiciones para articulo nuevo | PN y designation_final validos, sin conflictos criticos;import_new;cumple condiciones para articulo nuevo | PN y designation_final validos, sin conflictos criticos;engine_20V4000M93L.json;1803485;1474;39021022023;0;;;;;;;ok;importar;yes
X00028536;SPACER PIN;x00028536;publish;"Engine: 20V4000M93L
Part Number: X00028536
Designation: SPACER PIN
Measurement: 
Weight: 95.000 g
Source Page: 1478
BOM: X00023440
Substitution Status: 
New Part Number: 
Superseded List: ";SPACER PIN;;20VM93L-508;20V4000M93L, importar;simple;https://milu-naval.mystagingwebsite.com/wp-content/uploads/2026/02/20V4000M93L-1478-01-190.webp;20V4000M93L;1478;190;X00023440;SPACER PIN;;95.000 g;;;;ok;importar;import_new;cumple condiciones para articulo nuevo | PN y designation_final validos, sin conflictos criticos;import_new;cumple condiciones para articulo nuevo | PN y designation_final validos, sin conflictos criticos;engine_20V4000M93L.json;1803542;1478;X00028536;SPACER PIN;;95.000 g;;;;;ok;importar;yes
XP58415200010;INTAKE NECK;xp58415200010;publish;"Engine: 20V4000M93L
Part Number: XP58415200010
Designation: INTAKE NECK
Measurement: 1""
Weight: 0.450 kg
Source Page: 1684
BOM: X53514600003
Substitution Status: 
New Part Number: 
Superseded List: ";INTAKE NECK;;20VM93L-146;20V4000M93L, importar;simple;https://milu-naval.mystagingwebsite.com/wp-content/uploads/2026/01/sin_imagen.jpeg;20V4000M93L;1684;100;X53514600003;INTAKE NECK;"1""";0.450 kg;;;;ok;importar;import_new;cumple condiciones para articulo nuevo | PN y designation_final validos, sin conflictos criticos;import_new;cumple condiciones para articulo nuevo | PN y designation_final validos, sin conflictos criticos;engine_20V4000M93L.json;1805196;1684;XP58415200010;INTAKE NECK;"1""";0.450 kg;;;;;ok;importar;yes
XP58415200011;NON-RETURN VALVE;xp58415200011;publish;"Engine: 20V4000M93L
Part Number: XP58415200011
Designation: NON-RETURN VALVE
Measurement: 1""
Weight: 0.750 kg
Source Page: 1684
BOM: X53514600003
Substitution Status: 
New Part Number: 
Superseded List: ";NON-RETURN VALVE;;20VM93L-146;20V4000M93L, importar;simple;https://milu-naval.mystagingwebsite.com/wp-content/uploads/2026/01/sin_imagen.jpeg;20V4000M93L;1684;110;X53514600003;NON-RETURN VALVE;"1""";0.750 kg;;;;ok;importar;import_new;cumple condiciones para articulo nuevo | PN y designation_final validos, sin conflictos criticos;import_new;cumple condiciones para articulo nuevo | PN y designation_final validos, sin conflictos criticos;engine_20V4000M93L.json;1805197;1684;XP58415200011;NON-RETURN VALVE;"1""";0.750 kg;;;;;ok;importar;yes
XP58415200012;GASKET;xp58415200012;publish;"Engine: 20V4000M93L
Part Number: XP58415200012
Designation: GASKET
Measurement: 
Weight: 0.040 kg
Source Page: 1684
BOM: X53514600003
Substitution Status: 
New Part Number: 
Superseded List: ";GASKET;;20VM93L-146;20V4000M93L, importar;simple;https://milu-naval.mystagingwebsite.com/wp-content/uploads/2026/01/sin_imagen.jpeg;20V4000M93L;1684;120;X53514600003;GASKET;;0.040 kg;;;;ok;importar;import_new;cumple condiciones para articulo nuevo | PN y designation_final validos, sin conflictos criticos;import_new;cumple condiciones para articulo nuevo | PN y designation_final validos, sin conflictos criticos;engine_20V4000M93L.json;1805198;1684;XP58415200012;GASKET;;0.040 kg;;;;;ok;importar;yes
XP58415200013;SOLENOID VALVE;xp58415200013;publish;"Engine: 20V4000M93L
Part Number: XP58415200013
Designation: SOLENOID VALVE
Measurement: 1/4X8
Weight: 0.400 kg
Source Page: 1684
BOM: X53514600003
Substitution Status: 
New Part Number: 
Superseded List: ";SOLENOID VALVE;;20VM93L-146;20V4000M93L, importar;simple;https://milu-naval.mystagingwebsite.com/wp-content/uploads/2026/01/sin_imagen.jpeg;20V4000M93L;1684;130;X53514600003;SOLENOID VALVE;1/4X8;0.400 kg;;;;ok;importar;import_new;cumple condiciones para articulo nuevo | PN y designation_final validos, sin conflictos criticos;import_new;cumple condiciones para articulo nuevo | PN y designation_final validos, sin conflictos criticos;engine_20V4000M93L.json;1805199;1684;XP58415200013;SOLENOID VALVE;1/4X8;0.400 kg;;;;;ok;importar;yes
XP58415200015;PRESS RELIEF VALVE;xp58415200015;publish;"Engine: 20V4000M93L
Part Number: XP58415200015
Designation: PRESS RELIEF VALVE
Measurement: 
Weight: 0.800 kg
Source Page: 1684
BOM: X53514600003
Substitution Status: 
New Part Number: 
Superseded List: ";PRESS RELIEF VALVE;;20VM93L-146;20V4000M93L, importar;simple;https://milu-naval.mystagingwebsite.com/wp-content/uploads/2026/01/sin_imagen.jpeg;20V4000M93L;1684;160;X53514600003;PRESS RELIEF VALVE;;0.800 kg;;;;ok;importar;import_new;cumple condiciones para articulo nuevo | PN y designation_final validos, sin conflictos criticos;import_new;cumple condiciones para articulo nuevo | PN y designation_final validos, sin conflictos criticos;engine_20V4000M93L.json;1805201;1684;XP58415200015;PRESS RELIEF VALVE;;0.800 kg;;;;;ok;importar;yes
XP58415200016;PRESSURE GAUGE;xp58415200016;publish;"Engine: 20V4000M93L
Part Number: XP58415200016
Designation: PRESSURE GAUGE
Measurement: 0-2,5 BAR
Weight: 0.250 kg
Source Page: 1684
BOM: X53514600003
Substitution Status: 
New Part Number: 
Superseded List: ";PRESSURE GAUGE;;20VM93L-146;20V4000M93L, importar;simple;https://milu-naval.mystagingwebsite.com/wp-content/uploads/2026/01/sin_imagen.jpeg;20V4000M93L;1684;170;X53514600003;PRESSURE GAUGE;0-2,5 BAR;0.250 kg;;;;ok;importar;import_new;cumple condiciones para articulo nuevo | PN y designation_final validos, sin conflictos criticos;import_new;cumple condiciones para articulo nuevo | PN y designation_final validos, sin conflictos criticos;engine_20V4000M93L.json;1805202;1684;XP58415200016;PRESSURE GAUGE;0-2,5 BAR;0.250 kg;;;;;ok;importar;yes
XP58415200017;FUEL PUMP;xp58415200017;publish;"Engine: 20V4000M93L
Part Number: XP58415200017
Designation: FUEL PUMP
Measurement: 
Weight: 3.500 kg
Source Page: 1684
BOM: X53514600003
Substitution Status: 
New Part Number: 
Superseded List: ";FUEL PUMP;;20VM93L-146;20V4000M93L, importar;simple;https://milu-naval.mystagingwebsite.com/wp-content/uploads/2026/01/sin_imagen.jpeg;20V4000M93L;1684;180;X53514600003;FUEL PUMP;;3.500 kg;;;;ok;importar;import_new;cumple condiciones para articulo nuevo | PN y designation_final validos, sin conflictos criticos;import_new;cumple condiciones para articulo nuevo | PN y designation_final validos, sin conflictos criticos;engine_20V4000M93L.json;1805203;1684;XP58415200017;FUEL PUMP;;3.500 kg;;;;;ok;importar;yes
XP58415200018;FUEL FILTER;xp58415200018;publish;"Engine: 20V4000M93L
Part Number: XP58415200018
Designation: FUEL FILTER
Measurement: 
Weight: 0.100 kg
Source Page: 1684
BOM: X53514600003
Substitution Status: 
New Part Number: 
Superseded List: ";FUEL FILTER;;20VM93L-146;20V4000M93L, importar;simple;https://milu-naval.mystagingwebsite.com/wp-content/uploads/2026/01/sin_imagen.jpeg;20V4000M93L;1684;190;X53514600003;FUEL FILTER;;0.100 kg;;;;ok;importar;import_new;cumple condiciones para articulo nuevo | PN y designation_final validos, sin conflictos criticos;import_new;cumple condiciones para articulo nuevo | PN y designation_final validos, sin conflictos criticos;engine_20V4000M93L.json;1805204;1684;XP58415200018;FUEL FILTER;;0.100 kg;;;;;ok;importar;yes
XP58415200002;SOLENOID VALVE;xp58415200002;publish;"Engine: 20V4000M93L
Part Number: XP58415200002
Designation: SOLENOID VALVE
Measurement: 1/4"" L121 V02(Y1
Weight: 0.350 kg
Source Page: 1684
BOM: X53514600003
Substitution Status: 
New Part Number: 
Superseded List: ";SOLENOID VALVE;;20VM93L-146;20V4000M93L, importar;simple;https://milu-naval.mystagingwebsite.com/wp-content/uploads/2026/01/sin_imagen.jpeg;20V4000M93L;1684;20;X53514600003;SOLENOID VALVE;"1/4"" L121 V02(Y1";0.350 kg;;;;ok;importar;import_new;cumple condiciones para articulo nuevo | PN y designation_final validos, sin conflictos criticos;import_new;cumple condiciones para articulo nuevo | PN y designation_final validos, sin conflictos criticos;engine_20V4000M93L.json;1805205;1684;XP58415200002;SOLENOID VALVE;"1/4"" L121 V02(Y1";0.350 kg;;;;;ok;importar;yes
XP58415200019;FILTER;xp58415200019;publish;"Engine: 20V4000M93L
Part Number: XP58415200019
Designation: FILTER
Measurement: 
Weight: 0.100 kg
Source Page: 1684
BOM: X53514600003
Substitution Status: 
New Part Number: 
Superseded List: ";FILTER;;20VM93L-146;20V4000M93L, importar;simple;https://milu-naval.mystagingwebsite.com/wp-content/uploads/2026/01/sin_imagen.jpeg;20V4000M93L;1684;200;X53514600003;FILTER;;0.100 kg;;;;ok;importar;import_new;cumple condiciones para articulo nuevo | PN y designation_final validos, sin conflictos criticos;import_new;cumple condiciones para articulo nuevo | PN y designation_final validos, sin conflictos criticos;engine_20V4000M93L.json;1805206;1684;XP58415200019;FILTER;;0.100 kg;;;;;ok;importar;yes
XP54415100001;SOLENOID VALVE;xp54415100001;publish;"Engine: 20V4000M93L
Part Number: XP54415100001
Designation: SOLENOID VALVE
Measurement: 1/8""
Weight: 0.450 kg
Source Page: 1684
BOM: X53514600003
Substitution Status: 
New Part Number: 
Superseded List: ";SOLENOID VALVE;;20VM93L-146;20V4000M93L, importar;simple;https://milu-naval.mystagingwebsite.com/wp-content/uploads/2026/01/sin_imagen.jpeg;20V4000M93L;1684;220;X53514600003;SOLENOID VALVE;"1/8""";0.450 kg;;;;ok;importar;import_new;cumple condiciones para articulo nuevo | PN y designation_final validos, sin conflictos criticos;import_new;cumple condiciones para articulo nuevo | PN y designation_final validos, sin conflictos criticos;engine_20V4000M93L.json;1805207;1684;XP54415100001;SOLENOID VALVE;"1/8""";0.450 kg;;;;;ok;importar;yes
XP58415200021;SENSOR;xp58415200021;publish;"Engine: 20V4000M93L
Part Number: XP58415200021
Designation: SENSOR
Measurement: 
Weight: 0.150 kg
Source Page: 1684
BOM: X53514600003
Substitution Status: 
New Part Number: 
Superseded List: ";SENSOR;;20VM93L-146;20V4000M93L, importar;simple;https://milu-naval.mystagingwebsite.com/wp-content/uploads/2026/01/sin_imagen.jpeg;20V4000M93L;1684;230;X53514600003;SENSOR;;0.150 kg;;;;ok;importar;import_new;cumple condiciones para articulo nuevo | PN y designation_final validos, sin conflictos criticos;import_new;cumple condiciones para articulo nuevo | PN y designation_final validos, sin conflictos criticos;engine_20V4000M93L.json;1805208;1684;XP58415200021;SENSOR;;0.150 kg;;;;;ok;importar;yes
XP58415200022;IGNITION COIL;xp58415200022;publish;"Engine: 20V4000M93L
Part Number: XP58415200022
Designation: IGNITION COIL
Measurement: 230V
Weight: 0.300 kg
Source Page: 1684
BOM: X53514600003
Substitution Status: 
New Part Number: 
Superseded List: ";IGNITION COIL;;20VM93L-146;20V4000M93L, importar;simple;https://milu-naval.mystagingwebsite.com/wp-content/uploads/2026/01/sin_imagen.jpeg;20V4000M93L;1684;240;X53514600003;IGNITION COIL;230V;0.300 kg;;;;ok;importar;import_new;cumple condiciones para articulo nuevo | PN y designation_final validos, sin conflictos criticos;import_new;cumple condiciones para articulo nuevo | PN y designation_final validos, sin conflictos criticos;engine_20V4000M93L.json;1805209;1684;XP58415200022;IGNITION COIL;230V;0.300 kg;;;;;ok;importar;yes
XP58415200024;GASKET;xp58415200024;publish;"Engine: 20V4000M93L
Part Number: XP58415200024
Designation: GASKET
Measurement: 
Weight: 0.200 kg
Source Page: 1684
BOM: X53514600003
Substitution Status: 
New Part Number: 
Superseded List: ";GASKET;;20VM93L-146;20V4000M93L, importar;simple;https://milu-naval.mystagingwebsite.com/wp-content/uploads/2026/01/sin_imagen.jpeg;20V4000M93L;1684;260;X53514600003;GASKET;;0.200 kg;;;;ok;importar;import_new;cumple condiciones para articulo nuevo | PN y designation_final validos, sin conflictos criticos;import_new;cumple condiciones para articulo nuevo | PN y designation_final validos, sin conflictos criticos;engine_20V4000M93L.json;1805211;1684;XP58415200024;GASKET;;0.200 kg;;;;;ok;importar;yes
XP58415200025;GASKET;xp58415200025;publish;"Engine: 20V4000M93L
Part Number: XP58415200025
Designation: GASKET
Measurement: 
Weight: 0.100 kg
Source Page: 1684
BOM: X53514600003
Substitution Status: 
New Part Number: 
Superseded List: ";GASKET;;20VM93L-146;20V4000M93L, importar;simple;https://milu-naval.mystagingwebsite.com/wp-content/uploads/2026/01/sin_imagen.jpeg;20V4000M93L;1684;270;X53514600003;GASKET;;0.100 kg;;;;ok;importar;import_new;cumple condiciones para articulo nuevo | PN y designation_final validos, sin conflictos criticos;import_new;cumple condiciones para articulo nuevo | PN y designation_final validos, sin conflictos criticos;engine_20V4000M93L.json;1805212;1684;XP58415200025;GASKET;;0.100 kg;;;;;ok;importar;yes
XP58415200026;PRESSURE SENSOR;xp58415200026;publish;"Engine: 20V4000M93L
Part Number: XP58415200026
Designation: PRESSURE SENSOR
Measurement: 
Weight: 0.250 kg
Source Page: 1684
BOM: X53514600003
Substitution Status: 
New Part Number: 
Superseded List: ";PRESSURE SENSOR;;20VM93L-146;20V4000M93L, importar;simple;https://milu-naval.mystagingwebsite.com/wp-content/uploads/2026/01/sin_imagen.jpeg;20V4000M93L;1684;280;X53514600003;PRESSURE SENSOR;;0.250 kg;;;;ok;importar;import_new;cumple condiciones para articulo nuevo | PN y designation_final validos, sin conflictos criticos;import_new;cumple condiciones para articulo nuevo | PN y designation_final validos, sin conflictos criticos;engine_20V4000M93L.json;1805213;1684;XP58415200026;PRESSURE SENSOR;;0.250 kg;;;;;ok;importar;yes
XP54415100002;PIPE;xp54415100002;publish;"Engine: 20V4000M93L
Part Number: XP54415100002
Designation: PIPE
Measurement: 
Weight: 0.350 kg
Source Page: 1684
BOM: X53514600003
Substitution Status: 
New Part Number: 
Superseded List: ";PIPE;;20VM93L-146;20V4000M93L, importar;simple;https://milu-naval.mystagingwebsite.com/wp-content/uploads/2026/01/sin_imagen.jpeg;20V4000M93L;1684;290;X53514600003;PIPE;;0.350 kg;;;;ok;importar;import_new;cumple condiciones para articulo nuevo | PN y designation_final validos, sin conflictos criticos;import_new;cumple condiciones para articulo nuevo | PN y designation_final validos, sin conflictos criticos;engine_20V4000M93L.json;1805214;1684;XP54415100002;PIPE;;0.350 kg;;;;;ok;importar;yes
XP58415200003;SOLENOID COIL;xp58415200003;publish;"Engine: 20V4000M93L
Part Number: XP58415200003
Designation: SOLENOID COIL
Measurement: 1/4"" L121 V02(Y1
Weight: 0.100 kg
Source Page: 1684
BOM: X53514600003
Substitution Status: 
New Part Number: 
Superseded List: ";SOLENOID COIL;;20VM93L-146;20V4000M93L, importar;simple;https://milu-naval.mystagingwebsite.com/wp-content/uploads/2026/01/sin_imagen.jpeg;20V4000M93L;1684;30;X53514600003;SOLENOID COIL;"1/4"" L121 V02(Y1";0.100 kg;;;;ok;importar;import_new;cumple condiciones para articulo nuevo | PN y designation_final validos, sin conflictos criticos;import_new;cumple condiciones para articulo nuevo | PN y designation_final validos, sin conflictos criticos;engine_20V4000M93L.json;1805215;1684;XP58415200003;SOLENOID COIL;"1/4"" L121 V02(Y1";0.100 kg;;;;;ok;importar;yes
XP58415200028;INSULATION;xp58415200028;publish;"Engine: 20V4000M93L
Part Number: XP58415200028
Designation: INSULATION
Measurement: 
Weight: 0.350 kg
Source Page: 1684
BOM: X53514600003
Substitution Status: 
New Part Number: 
Superseded List: ";INSULATION;;20VM93L-146;20V4000M93L, importar;simple;https://milu-naval.mystagingwebsite.com/wp-content/uploads/2026/01/sin_imagen.jpeg;20V4000M93L;1684;300;X53514600003;INSULATION;;0.350 kg;;;;ok;importar;import_new;cumple condiciones para articulo nuevo | PN y designation_final validos, sin conflictos criticos;import_new;cumple condiciones para articulo nuevo | PN y designation_final validos, sin conflictos criticos;engine_20V4000M93L.json;1805216;1684;XP58415200028;INSULATION;;0.350 kg;;;;;ok;importar;yes
XP54415100003;INSULATION;xp54415100003;publish;"Engine: 20V4000M93L
Part Number: XP54415100003
Designation: INSULATION
Measurement: 
Weight: 0.350 kg
Source Page: 1684
BOM: X53514600003
Substitution Status: 
New Part Number: 
Superseded List: ";INSULATION;;20VM93L-146;20V4000M93L, importar;simple;https://milu-naval.mystagingwebsite.com/wp-content/uploads/2026/01/sin_imagen.jpeg;20V4000M93L;1684;310;X53514600003;INSULATION;;0.350 kg;;;;ok;importar;import_new;cumple condiciones para articulo nuevo | PN y designation_final validos, sin conflictos criticos;import_new;cumple condiciones para articulo nuevo | PN y designation_final validos, sin conflictos criticos;engine_20V4000M93L.json;1805217;1684;XP54415100003;INSULATION;;0.350 kg;;;;;ok;importar;yes
XP58415200030;NOZZLE;xp58415200030;publish;"Engine: 20V4000M93L
Part Number: XP58415200030
Designation: NOZZLE
Measurement: 
Weight: 0.150 kg
Source Page: 1684
BOM: X53514600003
Substitution Status: 
New Part Number: 
Superseded List: ";NOZZLE;;20VM93L-146;20V4000M93L, importar;simple;https://milu-naval.mystagingwebsite.com/wp-content/uploads/2026/01/sin_imagen.jpeg;20V4000M93L;1684;320;X53514600003;NOZZLE;;0.150 kg;;;;ok;importar;import_new;cumple condiciones para articulo nuevo | PN y designation_final validos, sin conflictos criticos;import_new;cumple condiciones para articulo nuevo | PN y designation_final validos, sin conflictos criticos;engine_20V4000M93L.json;1805218;1684;XP58415200030;NOZZLE;;0.150 kg;;;;;ok;importar;yes
XP58415200031;MALE CONNECTOR;xp58415200031;publish;"Engine: 20V4000M93L
Part Number: XP58415200031
Designation: MALE CONNECTOR
Measurement: 
Weight: 0.100 kg
Source Page: 1684
BOM: X53514600003
Substitution Status: 
New Part Number: 
Superseded List: ";MALE CONNECTOR;;20VM93L-146;20V4000M93L, importar;simple;https://milu-naval.mystagingwebsite.com/wp-content/uploads/2026/01/sin_imagen.jpeg;20V4000M93L;1684;330;X53514600003;MALE CONNECTOR;;0.100 kg;;;;ok;importar;import_new;cumple condiciones para articulo nuevo | PN y designation_final validos, sin conflictos criticos;import_new;cumple condiciones para articulo nuevo | PN y designation_final validos, sin conflictos criticos;engine_20V4000M93L.json;1805219;1684;XP58415200031;MALE CONNECTOR;;0.100 kg;;;;;ok;importar;yes
XP58415200032;SENSOR;xp58415200032;publish;"Engine: 20V4000M93L
Part Number: XP58415200032
Designation: SENSOR
Measurement: 
Weight: 0.650 kg
Source Page: 1684
BOM: X53514600003
Substitution Status: 
New Part Number: 
Superseded List: ";SENSOR;;20VM93L-146;20V4000M93L, importar;simple;https://milu-naval.mystagingwebsite.com/wp-content/uploads/2026/01/sin_imagen.jpeg;20V4000M93L;1684;340;X53514600003;SENSOR;;0.650 kg;;;;ok;importar;import_new;cumple condiciones para articulo nuevo | PN y designation_final validos, sin conflictos criticos;import_new;cumple condiciones para articulo nuevo | PN y designation_final validos, sin conflictos criticos;engine_20V4000M93L.json;1805220;1684;XP58415200032;SENSOR;;0.650 kg;;;;;ok;importar;yes
XP58415200033;PRESSURE GAUGE;xp58415200033;publish;"Engine: 20V4000M93L
Part Number: XP58415200033
Designation: PRESSURE GAUGE
Measurement: 
Weight: 0.500 kg
Source Page: 1684
BOM: X53514600003
Substitution Status: 
New Part Number: 
Superseded List: ";PRESSURE GAUGE;;20VM93L-146;20V4000M93L, importar;simple;https://milu-naval.mystagingwebsite.com/wp-content/uploads/2026/01/sin_imagen.jpeg;20V4000M93L;1684;350;X53514600003;PRESSURE GAUGE;;0.500 kg;;;;ok;importar;import_new;cumple condiciones para articulo nuevo | PN y designation_final validos, sin conflictos criticos;import_new;cumple condiciones para articulo nuevo | PN y designation_final validos, sin conflictos criticos;engine_20V4000M93L.json;1805221;1684;XP58415200033;PRESSURE GAUGE;;0.500 kg;;;;;ok;importar;yes
XP54415100004;GASKET;xp54415100004;publish;"Engine: 20V4000M93L
Part Number: XP54415100004
Designation: GASKET
Measurement: 106 X 84 X 2
Weight: 0.700 kg
Source Page: 1684
BOM: X53514600003
Substitution Status: 
New Part Number: 
Superseded List: ";GASKET;;20VM93L-146;20V4000M93L, importar;simple;https://milu-naval.mystagingwebsite.com/wp-content/uploads/2026/01/sin_imagen.jpeg;20V4000M93L;1684;360;X53514600003;GASKET;106 X 84 X 2;0.700 kg;;;;ok;importar;import_new;cumple condiciones para articulo nuevo | PN y designation_final validos, sin conflictos criticos;import_new;cumple condiciones para articulo nuevo | PN y designation_final validos, sin conflictos criticos;engine_20V4000M93L.json;1805222;1684;XP54415100004;GASKET;106 X 84 X 2;0.700 kg;;;;;ok;importar;yes
XP58415200035;GASKET;xp58415200035;publish;"Engine: 20V4000M93L
Part Number: XP58415200035
Designation: GASKET
Measurement: 
Weight: 0.015 kg
Source Page: 1684
BOM: X53514600003
Substitution Status: 
New Part Number: 
Superseded List: ";GASKET;;20VM93L-146;20V4000M93L, importar;simple;https://milu-naval.mystagingwebsite.com/wp-content/uploads/2026/01/sin_imagen.jpeg;20V4000M93L;1684;370;X53514600003;GASKET;;0.015 kg;;;;ok;importar;import_new;cumple condiciones para articulo nuevo | PN y designation_final validos, sin conflictos criticos;import_new;cumple condiciones para articulo nuevo | PN y designation_final validos, sin conflictos criticos;engine_20V4000M93L.json;1805223;1684;XP58415200035;GASKET;;0.015 kg;;;;;ok;importar;yes
XP58415200036;PRESSURE LINE;xp58415200036;publish;"Engine: 20V4000M93L
Part Number: XP58415200036
Designation: PRESSURE LINE
Measurement: 
Weight: 0.400 kg
Source Page: 1684
BOM: X53514600003
Substitution Status: 
New Part Number: 
Superseded List: ";PRESSURE LINE;;20VM93L-146;20V4000M93L, importar;simple;https://milu-naval.mystagingwebsite.com/wp-content/uploads/2026/01/sin_imagen.jpeg;20V4000M93L;1684;380;X53514600003;PRESSURE LINE;;0.400 kg;;;;ok;importar;import_new;cumple condiciones para articulo nuevo | PN y designation_final validos, sin conflictos criticos;import_new;cumple condiciones para articulo nuevo | PN y designation_final validos, sin conflictos criticos;engine_20V4000M93L.json;1805224;1684;XP58415200036;PRESSURE LINE;;0.400 kg;;;;;ok;importar;yes
XP58415200037;INSULATION;xp58415200037;publish;"Engine: 20V4000M93L
Part Number: XP58415200037
Designation: INSULATION
Measurement: 
Weight: 0.350 kg
Source Page: 1684
BOM: X53514600003
Substitution Status: 
New Part Number: 
Superseded List: ";INSULATION;;20VM93L-146;20V4000M93L, importar;simple;https://milu-naval.mystagingwebsite.com/wp-content/uploads/2026/01/sin_imagen.jpeg;20V4000M93L;1684;390;X53514600003;INSULATION;;0.350 kg;;;;ok;importar;import_new;cumple condiciones para articulo nuevo | PN y designation_final validos, sin conflictos criticos;import_new;cumple condiciones para articulo nuevo | PN y designation_final validos, sin conflictos criticos;engine_20V4000M93L.json;1805225;1684;XP58415200037;INSULATION;;0.350 kg;;;;;ok;importar;yes
XP58415200004;PRESS. LIMIT. VALVE;xp58415200004;publish;"Engine: 20V4000M93L
Part Number: XP58415200004
Designation: PRESS. LIMIT. VALVE
Measurement: 
Weight: 0.600 kg EM
Source Page: 1684
BOM: X53514600003
Substitution Status: 
New Part Number: 
Superseded List: ";PRESS. LIMIT. VALVE;;20VM93L-146;20V4000M93L, importar;simple;https://milu-naval.mystagingwebsite.com/wp-content/uploads/2026/01/sin_imagen.jpeg;20V4000M93L;1684;40;X53514600003;PRESS. LIMIT. VALVE;;0.600 kg EM;;;;ok;importar;import_new;cumple condiciones para articulo nuevo | PN y designation_final validos, sin conflictos criticos;import_new;cumple condiciones para articulo nuevo | PN y designation_final validos, sin conflictos criticos;engine_20V4000M93L.json;1805226;1684;XP58415200004;PRESS. LIMIT. VALVE;;0.600 kg EM;;;;;ok;importar;yes
XP54415100005;BURNER;xp54415100005;publish;"Engine: 20V4000M93L
Part Number: XP54415100005
Designation: BURNER
Measurement: 230V
Weight: 5.200 kg
Source Page: 1684
BOM: X53514600003
Substitution Status: 
New Part Number: 
Superseded List: ";BURNER;;20VM93L-146;20V4000M93L, importar;simple;https://milu-naval.mystagingwebsite.com/wp-content/uploads/2026/01/sin_imagen.jpeg;20V4000M93L;1684;400;X53514600003;BURNER;230V;5.200 kg;;;;ok;importar;import_new;cumple condiciones para articulo nuevo | PN y designation_final validos, sin conflictos criticos;import_new;cumple condiciones para articulo nuevo | PN y designation_final validos, sin conflictos criticos;engine_20V4000M93L.json;1805227;1684;XP54415100005;BURNER;230V;5.200 kg;;;;;ok;importar;yes
XP58415200040;CHECK INSTRUMENT;xp58415200040;publish;"Engine: 20V4000M93L
Part Number: XP58415200040
Designation: CHECK INSTRUMENT
Measurement: 
Weight: 0.400 kg
Source Page: 1684
BOM: X53514600003
Substitution Status: 
New Part Number: 
Superseded List: ";CHECK INSTRUMENT;;20VM93L-146;20V4000M93L, importar;simple;https://milu-naval.mystagingwebsite.com/wp-content/uploads/2026/01/sin_imagen.jpeg;20V4000M93L;1684;410;X53514600003;CHECK INSTRUMENT;;0.400 kg;;;;ok;importar;import_new;cumple condiciones para articulo nuevo | PN y designation_final validos, sin conflictos criticos;import_new;cumple condiciones para articulo nuevo | PN y designation_final validos, sin conflictos criticos;engine_20V4000M93L.json;1805228;1684;XP58415200040;CHECK INSTRUMENT;;0.400 kg;;;;;ok;importar;yes
XP58415200041;SWITCH;xp58415200041;publish;"Engine: 20V4000M93L
Part Number: XP58415200041
Designation: SWITCH
Measurement: 
Weight: 0.250 kg
Source Page: 1684
BOM: X53514600003
Substitution Status: 
New Part Number: 
Superseded List: ";SWITCH;;20VM93L-146;20V4000M93L, importar;simple;https://milu-naval.mystagingwebsite.com/wp-content/uploads/2026/01/sin_imagen.jpeg;20V4000M93L;1684;430;X53514600003;SWITCH;;0.250 kg;;;;ok;importar;import_new;cumple condiciones para articulo nuevo | PN y designation_final validos, sin conflictos criticos;import_new;cumple condiciones para articulo nuevo | PN y designation_final validos, sin conflictos criticos;engine_20V4000M93L.json;1805229;1684;XP58415200041;SWITCH;;0.250 kg;;;;;ok;importar;yes
XP58415200042;ADAPTER;xp58415200042;publish;"Engine: 20V4000M93L
Part Number: XP58415200042
Designation: ADAPTER
Measurement: 
Weight: 150.000 kg
Source Page: 1684
BOM: X53514600003
Substitution Status: 
New Part Number: 
Superseded List: ";ADAPTER;;20VM93L-146;20V4000M93L, importar;simple;https://milu-naval.mystagingwebsite.com/wp-content/uploads/2026/01/sin_imagen.jpeg;20V4000M93L;1684;440;X53514600003;ADAPTER;;150.000 kg;;;;ok;importar;import_new;cumple condiciones para articulo nuevo | PN y designation_final validos, sin conflictos criticos;import_new;cumple condiciones para articulo nuevo | PN y designation_final validos, sin conflictos criticos;engine_20V4000M93L.json;1805230;1684;XP58415200042;ADAPTER;;150.000 kg;;;;;ok;importar;yes
XP58415200043;CURRENT TRANSFORMER;xp58415200043;publish;"Engine: 20V4000M93L
Part Number: XP58415200043
Designation: CURRENT TRANSFORMER
Measurement: 
Weight: 0.250 kg
Source Page: 1684
BOM: X53514600003
Substitution Status: 
New Part Number: 
Superseded List: ";CURRENT TRANSFORMER;;20VM93L-146;20V4000M93L, importar;simple;https://milu-naval.mystagingwebsite.com/wp-content/uploads/2026/01/sin_imagen.jpeg;20V4000M93L;1684;450;X53514600003;CURRENT TRANSFORMER;;0.250 kg;;;;ok;importar;import_new;cumple condiciones para articulo nuevo | PN y designation_final validos, sin conflictos criticos;import_new;cumple condiciones para articulo nuevo | PN y designation_final validos, sin conflictos criticos;engine_20V4000M93L.json;1805231;1684;XP58415200043;CURRENT TRANSFORMER;;0.250 kg;;;;;ok;importar;yes
XP58415200044;NUT;xp58415200044;publish;"Engine: 20V4000M93L
Part Number: XP58415200044
Designation: NUT
Measurement: 
Weight: 0.100 kg
Source Page: 1684
BOM: X53514600003
Substitution Status: 
New Part Number: 
Superseded List: ";NUT;;20VM93L-146;20V4000M93L, importar;simple;https://milu-naval.mystagingwebsite.com/wp-content/uploads/2026/01/sin_imagen.jpeg;20V4000M93L;1684;470;X53514600003;NUT;;0.100 kg;;;;ok;importar;import_new;cumple condiciones para articulo nuevo | PN y designation_final validos, sin conflictos criticos;import_new;cumple condiciones para articulo nuevo | PN y designation_final validos, sin conflictos criticos;engine_20V4000M93L.json;1805232;1684;XP58415200044;NUT;;0.100 kg;;;;;ok;importar;yes
XP58415200045;CLAMPING RING;xp58415200045;publish;"Engine: 20V4000M93L
Part Number: XP58415200045
Designation: CLAMPING RING
Measurement: 
Weight: 0.100 kg
Source Page: 1684
BOM: X53514600003
Substitution Status: 
New Part Number: 
Superseded List: ";CLAMPING RING;;20VM93L-146;20V4000M93L, importar;simple;https://milu-naval.mystagingwebsite.com/wp-content/uploads/2026/01/sin_imagen.jpeg;20V4000M93L;1684;480;X53514600003;CLAMPING RING;;0.100 kg;;;;ok;importar;import_new;cumple condiciones para articulo nuevo | PN y designation_final validos, sin conflictos criticos;import_new;cumple condiciones para articulo nuevo | PN y designation_final validos, sin conflictos criticos;engine_20V4000M93L.json;1805233;1684;XP58415200045;CLAMPING RING;;0.100 kg;;;;;ok;importar;yes
XP54415100006;NUT;xp54415100006;publish;"Engine: 20V4000M93L
Part Number: XP54415100006
Designation: NUT
Measurement: 
Weight: 0.180 kg
Source Page: 1684
BOM: X53514600003
Substitution Status: 
New Part Number: 
Superseded List: ";NUT;;20VM93L-146;20V4000M93L, importar;simple;https://milu-naval.mystagingwebsite.com/wp-content/uploads/2026/01/sin_imagen.jpeg;20V4000M93L;1684;490;X53514600003;NUT;;0.180 kg;;;;ok;importar;import_new;cumple condiciones para articulo nuevo | PN y designation_final validos, sin conflictos criticos;import_new;cumple condiciones para articulo nuevo | PN y designation_final validos, sin conflictos criticos;engine_20V4000M93L.json;1805234;1684;XP54415100006;NUT;;0.180 kg;;;;;ok;importar;yes
XP58415200005;GASKET;xp58415200005;publish;"Engine: 20V4000M93L
Part Number: XP58415200005
Designation: GASKET
Measurement: 
Weight: 0.025 kg
Source Page: 1684
BOM: X53514600003
Substitution Status: 
New Part Number: 
Superseded List: ";GASKET;;20VM93L-146;20V4000M93L, importar;simple;https://milu-naval.mystagingwebsite.com/wp-content/uploads/2026/01/sin_imagen.jpeg;20V4000M93L;1684;50;X53514600003;GASKET;;0.025 kg;;;;ok;importar;import_new;cumple condiciones para articulo nuevo | PN y designation_final validos, sin conflictos criticos;import_new;cumple condiciones para articulo nuevo | PN y designation_final validos, sin conflictos criticos;engine_20V4000M93L.json;1805235;1684;XP58415200005;GASKET;;0.025 kg;;;;;ok;importar;yes
XP58415200047;CLAMPING RING;xp58415200047;publish;"Engine: 20V4000M93L
Part Number: XP58415200047
Designation: CLAMPING RING
Measurement: 
Weight: 0.180 kg
Source Page: 1684
BOM: X53514600003
Substitution Status: 
New Part Number: 
Superseded List: ";CLAMPING RING;;20VM93L-146;20V4000M93L, importar;simple;https://milu-naval.mystagingwebsite.com/wp-content/uploads/2026/01/sin_imagen.jpeg;20V4000M93L;1684;500;X53514600003;CLAMPING RING;;0.180 kg;;;;ok;importar;import_new;cumple condiciones para articulo nuevo | PN y designation_final validos, sin conflictos criticos;import_new;cumple condiciones para articulo nuevo | PN y designation_final validos, sin conflictos criticos;engine_20V4000M93L.json;1805236;1684;XP58415200047;CLAMPING RING;;0.180 kg;;;;;ok;importar;yes
XP58415200048;GASKET KIT;xp58415200048;publish;"Engine: 20V4000M93L
Part Number: XP58415200048
Designation: GASKET KIT
Measurement: 
Weight: 2.500 kg
Source Page: 1684
BOM: X53514600003
Substitution Status: 
New Part Number: 
Superseded List: ";GASKET KIT;;20VM93L-146;20V4000M93L, importar;simple;https://milu-naval.mystagingwebsite.com/wp-content/uploads/2026/01/sin_imagen.jpeg;20V4000M93L;1684;520;X53514600003;GASKET KIT;;2.500 kg;;;;ok;importar;import_new;cumple condiciones para articulo nuevo | PN y designation_final validos, sin conflictos criticos;import_new;cumple condiciones para articulo nuevo | PN y designation_final validos, sin conflictos criticos;engine_20V4000M93L.json;1805237;1684;XP58415200048;GASKET KIT;;2.500 kg;;;;;ok;importar;yes
XP54415100007;FILTER;xp54415100007;publish;"Engine: 20V4000M93L
Part Number: XP54415100007
Designation: FILTER
Measurement: 
Weight: 170.000 kg
Source Page: 1684
BOM: X53514600003
Substitution Status: 
New Part Number: 
Superseded List: ";FILTER;;20VM93L-146;20V4000M93L, importar;simple;https://milu-naval.mystagingwebsite.com/wp-content/uploads/2026/01/sin_imagen.jpeg;20V4000M93L;1684;530;X53514600003;FILTER;;170.000 kg;;;;ok;importar;import_new;cumple condiciones para articulo nuevo | PN y designation_final validos, sin conflictos criticos;import_new;cumple condiciones para articulo nuevo | PN y designation_final validos, sin conflictos criticos;engine_20V4000M93L.json;1805238;1684;XP54415100007;FILTER;;170.000 kg;;;;;ok;importar;yes
XP54415100008;PRESSURE SENSOR;xp54415100008;publish;"Engine: 20V4000M93L
Part Number: XP54415100008
Designation: PRESSURE SENSOR
Measurement: 
Weight: 0.500 kg
Source Page: 1684
BOM: X53514600003
Substitution Status: 
New Part Number: 
Superseded List: ";PRESSURE SENSOR;;20VM93L-146;20V4000M93L, importar;simple;https://milu-naval.mystagingwebsite.com/wp-content/uploads/2026/01/sin_imagen.jpeg;20V4000M93L;1684;540;X53514600003;PRESSURE SENSOR;;0.500 kg;;;;ok;importar;import_new;cumple condiciones para articulo nuevo | PN y designation_final validos, sin conflictos criticos;import_new;cumple condiciones para articulo nuevo | PN y designation_final validos, sin conflictos criticos;engine_20V4000M93L.json;1805239;1684;XP54415100008;PRESSURE SENSOR;;0.500 kg;;;;;ok;importar;yes
XP54415100009;TEMPERATURE MONITOR;xp54415100009;publish;"Engine: 20V4000M93L
Part Number: XP54415100009
Designation: TEMPERATURE MONITOR
Measurement: 
Weight: 0.700 kg
Source Page: 1684
BOM: X53514600003
Substitution Status: 
New Part Number: 
Superseded List: ";TEMPERATURE MONITOR;;20VM93L-146;20V4000M93L, importar;simple;https://milu-naval.mystagingwebsite.com/wp-content/uploads/2026/01/sin_imagen.jpeg;20V4000M93L;1684;550;X53514600003;TEMPERATURE MONITOR;;0.700 kg;;;;ok;importar;import_new;cumple condiciones para articulo nuevo | PN y designation_final validos, sin conflictos criticos;import_new;cumple condiciones para articulo nuevo | PN y designation_final validos, sin conflictos criticos;engine_20V4000M93L.json;1805240;1684;XP54415100009;TEMPERATURE MONITOR;;0.700 kg;;;;;ok;importar;yes
XP54415100010;REMOVAL TOOL;xp54415100010;publish;"Engine: 20V4000M93L
Part Number: XP54415100010
Designation: REMOVAL TOOL
Measurement: 
Weight: 
Source Page: 1684
BOM: X53514600003
Substitution Status: 
New Part Number: 
Superseded List: ";REMOVAL TOOL;;20VM93L-146;20V4000M93L, importar;simple;https://milu-naval.mystagingwebsite.com/wp-content/uploads/2026/01/sin_imagen.jpeg;20V4000M93L;1684;580;X53514600003;REMOVAL TOOL;;;;;;ok;importar;import_new;cumple condiciones para articulo nuevo | PN y designation_final validos, sin conflictos criticos;import_new;cumple condiciones para articulo nuevo | PN y designation_final validos, sin conflictos criticos;engine_20V4000M93L.json;1805242;1684;XP54415100010;REMOVAL TOOL;;;;;;;ok;importar;yes
XP58415200008;AIR DISTRIBUTOR;xp58415200008;publish;"Engine: 20V4000M93L
Part Number: XP58415200008
Designation: AIR DISTRIBUTOR
Measurement: 
Weight: 1.000 kg
Source Page: 1684
BOM: X53514600003
Substitution Status: 
New Part Number: 
Superseded List: ";AIR DISTRIBUTOR;;20VM93L-146;20V4000M93L, importar;simple;https://milu-naval.mystagingwebsite.com/wp-content/uploads/2026/01/sin_imagen.jpeg;20V4000M93L;1684;80;X53514600003;AIR DISTRIBUTOR;;1.000 kg;;;;ok;importar;import_new;cumple condiciones para articulo nuevo | PN y designation_final validos, sin conflictos criticos;import_new;cumple condiciones para articulo nuevo | PN y designation_final validos, sin conflictos criticos;engine_20V4000M93L.json;1805245;1684;XP58415200008;AIR DISTRIBUTOR;;1.000 kg;;;;;ok;importar;yes
XP58415200009;PRESSURE SWITCH;xp58415200009;publish;"Engine: 20V4000M93L
Part Number: XP58415200009
Designation: PRESSURE SWITCH
Measurement: 
Weight: 0.700 kg
Source Page: 1684
BOM: X53514600003
Substitution Status: 
New Part Number: 
Superseded List: ";PRESSURE SWITCH;;20VM93L-146;20V4000M93L, importar;simple;https://milu-naval.mystagingwebsite.com/wp-content/uploads/2026/01/sin_imagen.jpeg;20V4000M93L;1684;90;X53514600003;PRESSURE SWITCH;;0.700 kg;;;;ok;importar;import_new;cumple condiciones para articulo nuevo | PN y designation_final validos, sin conflictos criticos;import_new;cumple condiciones para articulo nuevo | PN y designation_final validos, sin conflictos criticos;engine_20V4000M93L.json;1805246;1684;XP58415200009;PRESSURE SWITCH;;0.700 kg;;;;;ok;importar;yes
X53514600004/90;SOOT FILTER EXTENDED KIT;x53514600004-90;publish;"Engine: 20V4000M93L
Part Number: X53514600004/90
Designation: SOOT FILTER EXTENDED KIT
Measurement: 
Weight: 100.000 kg EM
Source Page: 1685
BOM: XK535140.747457-02
Substitution Status: 
New Part Number: 
Superseded List: ";SOOT FILTER EXTENDED KIT;;20VM93L-146;20V4000M93L, importar;simple;https://milu-naval.mystagingwebsite.com/wp-content/uploads/2026/01/sin_imagen.jpeg;20V4000M93L;1685;20;XK535140.747457-02;SOOT FILTER EXTENDED KIT;;100.000 kg EM;;;;ok;importar;import_new;cumple condiciones para articulo nuevo | PN y designation_final validos, sin conflictos criticos;import_new;cumple condiciones para articulo nuevo | PN y designation_final validos, sin conflictos criticos;engine_20V4000M93L.json;1805247;1685;X53514600004/90;SOOT FILTER EXTENDED KIT;;100.000 kg EM;;;;;ok;importar;yes
X59625200009/30;TORS. RESILIENT CPL. GL ACCEPTANCE;x59625200009-30;publish;"Engine: 20V4000M93L
Part Number: X59625200009/30
Designation: TORS. RESILIENT CPL. GL ACCEPTANCE
Measurement: 
Weight: 
Source Page: 1823
BOM: XK596250.747457-03
Substitution Status: 
New Part Number: 
Superseded List: ";TORS. RESILIENT CPL. GL ACCEPTANCE;;20VM93L-252;20V4000M93L, importar;simple;https://milu-naval.mystagingwebsite.com/wp-content/uploads/2026/01/sin_imagen.jpeg;20V4000M93L;1823;40;XK596250.747457-03;TORS. RESILIENT CPL. GL ACCEPTANCE;;;;;;ok;importar;import_new;cumple condiciones para articulo nuevo | PN y designation_final validos, sin conflictos criticos;import_new;cumple condiciones para articulo nuevo | PN y designation_final validos, sin conflictos criticos;engine_20V4000M93L.json;1806756;1823;X59625200009/30;TORS. RESILIENT CPL. GL ACCEPTANCE;;;;;;;ok;importar;yes
000931020017;HEX SCREW;000931020017;publish;"Engine: 20V4000M93L
Part Number: 000931020017
Designation: HEX SCREW
Measurement: M 20 X 80
Weight: 0.245 KGM
Source Page: 1823
BOM: XK596250.747457-03
Substitution Status: 
New Part Number: 
Superseded List: ";HEX SCREW;;20VM93L-252;20V4000M93L, importar;simple;https://milu-naval.mystagingwebsite.com/wp-content/uploads/2026/01/sin_imagen.jpeg;20V4000M93L;1823;70;XK596250.747457-03;HEX SCREW;M 20 X 80;0.245 KGM;;;;ok;importar;import_new;cumple condiciones para articulo nuevo | PN y designation_final validos, sin conflictos criticos;import_new;cumple condiciones para articulo nuevo | PN y designation_final validos, sin conflictos criticos;engine_20V4000M93L.json;1806758;1823;000931020017;HEX SCREW;M 20 X 80;0.245 KGM;;;;;ok;importar;yes
XP52866400002;PARTS KIT;xp52866400002;publish;"Engine: 20V4000M93L
Part Number: XP52866400002
Designation: PARTS KIT
Measurement: 
Weight: 1.000 kg
Source Page: 1873
BOM: X53566400071
Substitution Status: 
New Part Number: 
Superseded List: ";PARTS KIT;;20VM93L-660;20V4000M93L, importar;simple;https://milu-naval.mystagingwebsite.com/wp-content/uploads/2026/01/sin_imagen.jpeg;20V4000M93L;1873;40;X53566400071;PARTS KIT;;1.000 kg;;;;ok;importar;import_new;cumple condiciones para articulo nuevo | PN y designation_final validos, sin conflictos criticos;import_new;cumple condiciones para articulo nuevo | PN y designation_final validos, sin conflictos criticos;engine_20V4000M93L.json;1807257;1873;XP52866400002;PARTS KIT;;1.000 kg;;;;;ok;importar;yes
XP51566400023;VARISTOR;xp51566400023;publish;"Engine: 20V4000M93L
Part Number: XP51566400023
Designation: VARISTOR
Measurement: 
Weight: 14.500 g
Source Page: 1874
BOM: XP52866400002
Substitution Status: 
New Part Number: 
Superseded List: ";VARISTOR;;20VM93L-660;20V4000M93L, importar;simple;https://milu-naval.mystagingwebsite.com/wp-content/uploads/2026/01/sin_imagen.jpeg;20V4000M93L;1874;30;XP52866400002;VARISTOR;;14.500 g;;;;ok;importar;import_new;cumple condiciones para articulo nuevo | PN y designation_final validos, sin conflictos criticos;import_new;cumple condiciones para articulo nuevo | PN y designation_final validos, sin conflictos criticos;engine_20V4000M93L.json;1807262;1874;XP51566400023;VARISTOR;;14.500 g;;;;;ok;importar;yes
XP53199100003;SPARE PARTS KIT;xp53199100003;publish;"Engine: 20V4000M93L
Part Number: XP53199100003
Designation: SPARE PARTS KIT
Measurement: 
Weight: 
Source Page: 1876
BOM: X82566400001
Substitution Status: 
New Part Number: 
Superseded List: ";SPARE PARTS KIT;;20VM93L-660;20V4000M93L, importar;simple;https://milu-naval.mystagingwebsite.com/wp-content/uploads/2026/01/sin_imagen.jpeg;20V4000M93L;1876;120;X82566400001;SPARE PARTS KIT;;;;;;ok;importar;import_new;cumple condiciones para articulo nuevo | PN y designation_final validos, sin conflictos criticos;import_new;cumple condiciones para articulo nuevo | PN y designation_final validos, sin conflictos criticos;engine_20V4000M93L.json;1807266;1876;XP53199100003;SPARE PARTS KIT;;;;;;;ok;importar;yes
XP51566400019;VARISTOR;xp51566400019;publish;"Engine: 20V4000M93L
Part Number: XP51566400019
Designation: VARISTOR
Measurement: 
Weight: 0.608 kg
Source Page: 1877
BOM: XP53199100001
Substitution Status: 
New Part Number: 
Superseded List: ";VARISTOR;;20VM93L-660;20V4000M93L, importar;simple;https://milu-naval.mystagingwebsite.com/wp-content/uploads/2026/01/sin_imagen.jpeg;20V4000M93L;1877;10;XP53199100001;VARISTOR;;0.608 kg;;;;ok;importar;import_new;cumple condiciones para articulo nuevo | PN y designation_final validos, sin conflictos criticos;import_new;cumple condiciones para articulo nuevo | PN y designation_final validos, sin conflictos criticos;engine_20V4000M93L.json;1807277;1877;XP51566400019;VARISTOR;;0.608 kg;;;;;ok;importar;yes
XP51566400004;DIODE;xp51566400004;publish;"Engine: 20V4000M93L
Part Number: XP51566400004
Designation: DIODE
Measurement: 
Weight: 152.700
Source Page: 1877
BOM: XP53199100001
Substitution Status: 
New Part Number: 
Superseded List: ";DIODE;;20VM93L-660;20V4000M93L, importar;simple;https://milu-naval.mystagingwebsite.com/wp-content/uploads/2026/01/sin_imagen.jpeg;20V4000M93L;1877;20;XP53199100001;DIODE;;152.700;;;;ok;importar;import_new;cumple condiciones para articulo nuevo | PN y designation_final validos, sin conflictos criticos;import_new;cumple condiciones para articulo nuevo | PN y designation_final validos, sin conflictos criticos;engine_20V4000M93L.json;1807278;1877;XP51566400004;DIODE;;152.700;;;;;ok;importar;yes
