sku;designation_final;measurement_final;weight_final;decision;reason;qa_validated;occurrences;engines;source_ids;source_pages;qa_summary_json;import_decision;import_reason
135M55009/1;STRAP 75 X20;;0.06 KGM;import;qa_ok_importar_found;true;6;12V4000M53, 16V4000M73;1200710, 1203849, 1400791, 1403960, 1407129, 1410307;111, 466, 131, 485, 839, 1194;"{""total_rows"":6,""count_ok_importar"":6,""count_ok_eliminar"":0,""count_pending"":0,""count_review_action"":0,""count_other"":0}";import;qa_ok_importar_found
000000000403;NUT ADEC;M 16 X 1,5;0.018 KGM;import;qa_ok_importar_found;true;16;12V4000M53, 12V4000M70, 20V4000M93;1200523, 1200529, 1203666, 1203671, 1900450, 1900456, 1902890, 1902896, 1700531, 1700537, 1704281, 1704286, 1708021, 1708026, 1711761, 1711766;89, 90, 444, 445, 92, 93, 431, 432, 94, 489, 490, 885, 886, 1281, 1282;"{""total_rows"":16,""count_ok_importar"":16,""count_ok_eliminar"":0,""count_pending"":0,""count_review_action"":0,""count_other"":0}";import;qa_ok_importar_found
535D01023/1;GASKET;;0.007 KGM;import;qa_ok_importar_found;true;3;20V4000M93;1702919, 1706659, 1710399;318, 714, 1110;"{""total_rows"":3,""count_ok_importar"":3,""count_ok_eliminar"":0,""count_pending"":0,""count_review_action"":0,""count_other"":0}";import;qa_ok_importar_found
635H22706/2;SWITCH;;148,900 g;import;qa_ok_importar_found;true;13;12V4000M40A, 12V4000M70, 16V4000M61, 16V4000M73L;1102423, 1902363, 1902364, 1904750, 1904751, 1302007, 1302008, 1304778, 1304779, 1502316, 1505353, 1507846, 1510335;346, 334, 671, 338, 807, 337, 799, 1142, 1477;"{""total_rows"":13,""count_ok_importar"":13,""count_ok_eliminar"":0,""count_pending"":0,""count_review_action"":0,""count_other"":0}";import;qa_ok_importar_found
000000000668;CLAMP;25- 40X12-SW8-W3;0.026 KGM;import;qa_ok_importar_found;true;32;12V4000M40A, 12V4000M70, 16V4000M61, 16V4000M73, 16V4000M73L, 16V4000M90, 20V4000M93, 20V4000M93L;1100053, 1900140, 1902580, 1300134, 1303056, 1400210, 1403380, 1406549, 1409727, 1500158, 1503364, 1505827, 1508314, 1600146, 1700163, 1700165, 1700242, 1703908, 1703910, 1703986, 1707648, 1707650, 1707726, 1711388, 1711390, 1711466, 1800161, 1800163, 1800239, 1803732, 1803734, 1803811;29, 41, 380, 28, 535, 43, 397, 751, 1106, 32, 517, 862, 1205, 34, 40, 436, 437, 832, 833, 1228, 1229, 1142, 1143, 1515, 1516;"{""total_rows"":32,""count_ok_importar"":32,""count_ok_eliminar"":0,""count_pending"":0,""count_review_action"":0,""count_other"":0}";import;qa_ok_importar_found
000000000670;CLAMP;35- 50X12-SW8-W3;0.029 KGM;import;qa_ok_importar_found;true;14;16V4000M73, 16V4000M73L, 20V4000M93, 20V4000M93L;1400282, 1403450, 1406619, 1409797, 1500186, 1503392, 1505855, 1508342, 1700245, 1703989, 1707729, 1711469, 1800242, 1803814;45, 399, 753, 1108, 33, 518, 863, 1206, 41, 437, 833, 1229, 1143, 1516;"{""total_rows"":14,""count_ok_importar"":14,""count_ok_eliminar"":0,""count_pending"":0,""count_review_action"":0,""count_other"":0}";import;qa_ok_importar_found
000000000671;CLAMP;40- 60X12-SW8-W3;0.032 KGM;import;qa_ok_importar_found;true;20;16V4000M73, 16V4000M73L, 20V4000M93, 20V4000M93L;1400284, 1403452, 1406621, 1409799, 1500188, 1503394, 1505857, 1508344, 1700249, 1700255, 1703993, 1703999, 1707733, 1707739, 1711473, 1711479, 1800246, 1800251, 1803818, 1803823;45, 399, 753, 1108, 33, 518, 863, 1206, 41, 437, 833, 1229, 1143, 1516;"{""total_rows"":20,""count_ok_importar"":20,""count_ok_eliminar"":0,""count_pending"":0,""count_review_action"":0,""count_other"":0}";import;qa_ok_importar_found
000000001040;HEX SCREW;M 12 X 60;0.057 KGM;import;qa_ok_importar_found;true;17;12V4000M40A, 12V4000M53, 12V4000M70, 16V4000M61, 16V4000M73, 16V4000M73L, 16V4000M90;1100056, 1100057, 1202412, 1205572, 1901739, 1904126, 1301429, 1304342, 1402072, 1405241, 1408419, 1411600, 1501583, 1504790, 1507253, 1509740, 1601558;258, 303, 666, 252, 589, 231, 733, 612, 967, 1321, 234, 720, 1065, 1401, 221;"{""total_rows"":17,""count_ok_importar"":17,""count_ok_eliminar"":0,""count_pending"":0,""count_review_action"":0,""count_other"":0}";import;qa_ok_importar_found
000000001270;BUSHING;C 32 X 36 X 20;36.900 g C 32 X 36 X 20 ISO4379;import;qa_ok_importar_found;true;32;12V4000M53, 12V4000M70, 16V4000M73, 16V4000M73L, 20V4000M93;1200501, 1200505, 1203644, 1203648, 1900427, 1900431, 1902867, 1902871, 1400515, 1400520, 1403684, 1403688, 1406853, 1406857, 1410031, 1410035, 1500393, 1500399, 1503599, 1503605, 1506062, 1506068, 1508550, 1508556, 1700509, 1700513, 1704259, 1704263, 1707999, 1708003, 1711739, 1711743;85, 86, 440, 441, 88, 89, 427, 428, 91, 92, 445, 446, 799, 800, 1154, 1155, 78, 79, 563, 564, 908, 909, 1251, 1252, 90, 485, 486, 881, 882, 1277, 1278;"{""total_rows"":32,""count_ok_importar"":32,""count_ok_eliminar"":0,""count_pending"":0,""count_review_action"":0,""count_other"":0}";import;qa_ok_importar_found
000000001463;HEX SCREW;M 8 X 80;0.03 KGM;import;qa_ok_importar_found;true;30;12V4000M53, 16V4000M73, 16V4000M73L, 20V4000M93, 20V4000M93L;1200267, 1200765, 1203411, 1203903, 1400270, 1402197, 1403439, 1405366, 1406608, 1408544, 1409786, 1411722, 1500178, 1501818, 1503384, 1505025, 1505847, 1507488, 1508334, 1509976, 1700171, 1703916, 1707656, 1711396, 1800169, 1802107, 1802116, 1803740, 1805766, 1805775;42, 112, 397, 467, 44, 271, 398, 625, 752, 980, 1107, 1334, 33, 252, 518, 738, 863, 1083, 1206, 1419, 40, 436, 832, 1228, 1142, 1358, 1515, 1738;"{""total_rows"":30,""count_ok_importar"":30,""count_ok_eliminar"":0,""count_pending"":0,""count_review_action"":0,""count_other"":0}";import;qa_ok_importar_found
000000001465;HEX SCREW;M 10 X120;78.200 g M 10 X120 ISO4014;import;qa_ok_importar_found;true;22;12V4000M53, 16V4000M73, 16V4000M73L, 20V4000M93, 20V4000M93L;1202198, 1205337, 1402121, 1405290, 1408468, 1411647, 1501938, 1505145, 1507608, 1510097, 1700181, 1702320, 1703925, 1706060, 1707665, 1709800, 1711405, 1713544, 1800178, 1802369, 1803749, 1806028;264, 619, 267, 621, 976, 1330, 263, 749, 1094, 1430, 40, 276, 436, 672, 832, 1068, 1228, 1464, 1142, 1384, 1515, 1764;"{""total_rows"":22,""count_ok_importar"":22,""count_ok_eliminar"":0,""count_pending"":0,""count_review_action"":0,""count_other"":0}";import;qa_ok_importar_found
000000002970;HEX SCREW;M 12 X 70;0.065 KGM;import;qa_ok_importar_found;true;33;12V4000M53, 16V4000M73, 16V4000M73L, 20V4000M93, 20V4000M93L;1201765, 1202173, 1204904, 1205312, 1402445, 1405614, 1408792, 1411862, 1411993, 1501642, 1501865, 1504849, 1505072, 1507312, 1507535, 1509799, 1510023, 1702732, 1702763, 1702862, 1706472, 1706503, 1706602, 1710212, 1710243, 1710342, 1713956, 1713986, 1714083, 1802780, 1802924, 1806439, 1806583;228, 261, 583, 616, 293, 647, 1002, 1340, 1356, 238, 255, 724, 741, 1069, 1086, 1405, 1422, 292, 300, 309, 688, 696, 705, 1084, 1092, 1101, 1480, 1488, 1497, 1400, 1418, 1780, 1798;"{""total_rows"":33,""count_ok_importar"":33,""count_ok_eliminar"":0,""count_pending"":0,""count_review_action"":0,""count_other"":0}";import;qa_ok_importar_found
000000003002;HEX SCREW;M 8 X 25;0.013 KGM;import;qa_ok_importar_found;true;12;12V4000M40A, 12V4000M70, 16V4000M61, 16V4000M90, 20V4000M93L;1100064, 1901062, 1901068, 1902103, 1903504, 1903510, 1904490, 1301752, 1304664, 1601939, 1801789, 1805448;287, 165, 504, 624, 275, 774, 263, 1332, 1712;"{""total_rows"":12,""count_ok_importar"":12,""count_ok_eliminar"":0,""count_pending"":0,""count_review_action"":0,""count_other"":0}";import;qa_ok_importar_found
000000003306;SPRING PIN;3,5X 8 - N;0.001 KGM;import;qa_ok_importar_found;true;1;12V4000M40A;1100069;76;"{""total_rows"":1,""count_ok_importar"":1,""count_ok_eliminar"":0,""count_pending"":0,""count_review_action"":0,""count_other"":0}";import;qa_ok_importar_found
000000003326;HEX SCREW;M 10 X 35;0.027 KGM;import;qa_ok_importar_found;true;129;12V4000M40A, 12V4000M53, 12V4000M70, 16V4000M61, 16V4000M73, 16V4000M73L, 16V4000M90, 20V4000M93, 20V4000M93L;1100070, 1100071, 1200017, 1200711, 1201154, 1201155, 1201287, 1201391, 1202095, 1202228, 1203168, 1203850, 1204293, 1204294, 1204426, 1204530, 1205234, 1205367, 1900572, 1903013, 1300009, 1300513, 1302177, 1302931, 1303436, 1304948, 1401142, 1401215, 1401346, 1401572, 1402127, 1402381, 1402420, 1402458, 1404311, 1404384, 1404515, 1404741, 1405296, 1405550, 1405589, 1405627, 1407480, 1407553, 1407684, 1407919, 1408474, 1408728, 1408767, 1408805, 1410658, 1410731, 1410862, 1411097, 1411653, 1411927, 1411967, 1412006, 1500923, 1501002, 1501343, 1501673, 1501877, 1501944, 1504130, 1504209, 1504550, 1504880, 1505084, 1505151, 1506593, 1506672, 1507013, 1507343, 1507547, 1507614, 1509077, 1509156, 1509499, 1509831, 1510035, 1510103, 1600009, 1600603, 1600630, 1602325, 1602384, 1701548, 1701748, 1702326, 1702795, 1702822, 1702835, 1702875, 1705288, 1705488, 1706066, 1706535, 1706562, 1706575, 1706615, 1709028, 1709228, 1709806, 1710275, 1710302, 1710315, 1710355, 1712774, 1712973, 1713550, 1714018, 1714044, 1714057, 1714096, 1801439, 1801906, 1802375, 1802854, 1802881, 1802894, 1802937, 1805045, 1805565, 1806034, 1806513, 1806540, 1806553, 1806596;104, 332, 22, 111, 160, 163, 174, 194, 249, 265, 377, 466, 515, 518, 529, 549, 604, 620, 114, 453, 12, 95, 349, 519, 602, 818, 168, 180, 189, 216, 267, 287, 288, 293, 522, 534, 543, 570, 621, 641, 642, 647, 876, 888, 897, 925, 976, 996, 997, 1002, 1231, 1243, 1252, 1280, 1330, 1350, 1351, 1356, 153, 169, 207, 243, 255, 263, 639, 655, 693, 729, 741, 749, 984, 1000, 1038, 1074, 1086, 1094, 1325, 1340, 1376, 1410, 1422, 1430, 17, 119, 120, 318, 319, 206, 233, 276, 302, 303, 309, 629, 672, 698, 699, 705, 998, 1025, 1068, 1095, 1101, 1394, 1421, 1464, 1490, 1491, 1497, 1294, 1343, 1384, 1411, 1412, 1418, 1671, 1723, 1764, 1791, 1792, 1798;"{""total_rows"":129,""count_ok_importar"":129,""count_ok_eliminar"":0,""count_pending"":0,""count_review_action"":0,""count_other"":0}";import;qa_ok_importar_found
000000004744;HEX NUT;M 12;0.014 KGM;import;qa_ok_importar_found;true;54;12V4000M53, 16V4000M73, 16V4000M73L, 20V4000M93, 20V4000M93L;1200972, 1201337, 1201807, 1202056, 1204112, 1204476, 1204946, 1205195, 1400309, 1401007, 1401195, 1401889, 1403477, 1404176, 1404364, 1405058, 1406646, 1407345, 1407533, 1408236, 1409824, 1410523, 1410711, 1411417, 1500212, 1500816, 1500986, 1501913, 1503418, 1504022, 1504193, 1505120, 1505881, 1506485, 1506656, 1507583, 1508368, 1508970, 1509140, 1510072, 1701123, 1702219, 1704863, 1705959, 1708603, 1709699, 1712352, 1713443, 1800309, 1801082, 1802221, 1803882, 1804688, 1805880;138, 184, 234, 247, 493, 539, 589, 602, 55, 151, 175, 248, 409, 505, 529, 763, 859, 883, 957, 1118, 1214, 1238, 1311, 43, 136, 161, 260, 528, 621, 647, 746, 873, 966, 992, 1091, 1216, 1308, 1333, 1427, 156, 268, 552, 664, 948, 1060, 1344, 1456, 1152, 1254, 1371, 1525, 1631, 1751;"{""total_rows"":54,""count_ok_importar"":54,""count_ok_eliminar"":0,""count_pending"":0,""count_review_action"":0,""count_other"":0}";import;qa_ok_importar_found
40031;GASKET LIQUID LOCKTITE 573;1 KAR = 12 ST À 50 ML;0.063 KGM;import;qa_ok_importar_found;true;1;12V4000M40A;1100081;290;"{""total_rows"":1,""count_ok_importar"":1,""count_ok_eliminar"":0,""count_pending"":0,""count_review_action"":0,""count_other"":0}";import;qa_ok_importar_found
50667;GREASE;1 TIN = 1 KG;1.116 KGM;import;qa_ok_importar_found;true;2;12V4000M40A;1100086, 1100087;154, 157;"{""total_rows"":2,""count_ok_importar"":2,""count_ok_eliminar"":0,""count_pending"":0,""count_review_action"":0,""count_other"":0}";import;qa_ok_importar_found
0000100070;MANIFOLD;;1.347 KGM;import;qa_ok_importar_found;true;6;12V4000M40A, 12V4000M70, 16V4000M61, 16V4000M90;1100088, 1900139, 1902579, 1300133, 1303055, 1600145;29, 41, 380, 28, 535, 34;"{""total_rows"":6,""count_ok_importar"":6,""count_ok_eliminar"":0,""count_pending"":0,""count_review_action"":0,""count_other"":0}";import;qa_ok_importar_found
0000160119;SEALING RING;;5.100 g EM;import;qa_ok_importar_found;true;20;12V4000M40A, 12V4000M53, 12V4000M70, 16V4000M73, 16V4000M73L, 16V4000M90, 20V4000M93, 20V4000M93L;1100089, 1200552, 1203693, 1900492, 1902932, 1400568, 1403737, 1406906, 1410084, 1500438, 1503644, 1506107, 1508595, 1600495, 1700565, 1704313, 1708053, 1711793, 1800529, 1804101;89, 98, 453, 103, 442, 104, 458, 812, 1167, 90, 575, 920, 1263, 99, 499, 895, 1291, 1201, 1574;"{""total_rows"":20,""count_ok_importar"":20,""count_ok_eliminar"":0,""count_pending"":0,""count_review_action"":0,""count_other"":0}";import;qa_ok_importar_found
0000171160;RING ASM;;0.11 KGM;import;qa_ok_importar_found;true;4;12V4000M40A, 16V4000M61, 16V4000M90;1100090, 1300281, 1303203, 1600314;52, 47, 554, 58;"{""total_rows"":4,""count_ok_importar"":4,""count_ok_eliminar"":0,""count_pending"":0,""count_review_action"":0,""count_other"":0}";import;qa_ok_importar_found
0000181802;OIL FILL CAP;;0.111 KGM;import;qa_ok_importar_found;true;23;12V4000M40A, 12V4000M53, 12V4000M70, 16V4000M61, 16V4000M73, 16V4000M73L, 16V4000M90, 20V4000M93, 20V4000M93L;1100092, 1100093, 1200072, 1203218, 1900042, 1902483, 1300046, 1302968, 1400076, 1403248, 1406417, 1409595, 1500046, 1503245, 1505708, 1508202, 1600038, 1700071, 1703816, 1707556, 1711296, 1800071, 1803643;17, 290, 27, 383, 28, 368, 16, 523, 29, 737, 1092, 18, 503, 848, 1191, 20, 26, 422, 818, 1214, 1128, 1501;"{""total_rows"":23,""count_ok_importar"":23,""count_ok_eliminar"":0,""count_pending"":0,""count_review_action"":0,""count_other"":0}";import;qa_ok_importar_found
0000187135;OIL SEPARATOR;nan;1.121 KGM;import;qa_ok_importar_found;true;6;12V4000M40A, 12V4000M70, 16V4000M61, 16V4000M90;1100094, 1900163, 1902603, 1300158, 1303080, 1600177;31, 43, 382, 30, 537, 37;"{""total_rows"":6,""count_ok_importar"":6,""count_ok_eliminar"":0,""count_pending"":0,""count_review_action"":0,""count_other"":0}";import;qa_ok_importar_found
0000352500;DAMPER;;87,000 kg;import;qa_ok_importar_found;true;6;12V4000M40A, 12V4000M70, 16V4000M61, 16V4000M90;1100095, 1900280, 1902720, 1300268, 1303190, 1600303;51, 62, 401, 46, 553, 56;"{""total_rows"":6,""count_ok_importar"":6,""count_ok_eliminar"":0,""count_pending"":0,""count_review_action"":0,""count_other"":0}";import;qa_ok_importar_found
0000534335;VALVE ROTATOR;;108.700 g;import;qa_ok_importar_found;true;22;12V4000M40A, 12V4000M53, 12V4000M70, 16V4000M61, 16V4000M73, 16V4000M73L, 16V4000M90, 20V4000M93, 20V4000M93L;1100098, 1200443, 1203584, 1900387, 1902827, 1300367, 1303289, 1400470, 1403638, 1406807, 1409985, 1500352, 1503558, 1506021, 1508509, 1600397, 1700451, 1704200, 1707940, 1711680, 1800444, 1804017;65, 74, 429, 79, 418, 63, 570, 81, 435, 789, 1144, 68, 553, 898, 1241, 75, 78, 474, 870, 1266, 1179, 1552;"{""total_rows"":22,""count_ok_importar"":22,""count_ok_eliminar"":0,""count_pending"":0,""count_review_action"":0,""count_other"":0}";import;qa_ok_importar_found
0000787949;VALVE FLOW RESTRICTOR;;408,600 G;import;qa_ok_importar_found;true;1;12V4000M40A;1100099;92;"{""total_rows"":1,""count_ok_importar"":1,""count_ok_eliminar"":0,""count_pending"":0,""count_review_action"":0,""count_other"":0}";import;qa_ok_importar_found
0000911128;DIAPHRAGM;nan;0.011 KGM;import;qa_ok_importar_found;true;2;12V4000M70;1900682, 1903124;118, 457;"{""total_rows"":2,""count_ok_importar"":2,""count_ok_eliminar"":0,""count_pending"":0,""count_review_action"":0,""count_other"":0}";import;qa_ok_importar_found
0000911790;PUMP;nan;1,375 kg P EM;import;qa_ok_importar_found;true;2;12V4000M70;1900668, 1903110;117, 456;"{""total_rows"":2,""count_ok_importar"":2,""count_ok_eliminar"":0,""count_pending"":0,""count_review_action"":0,""count_other"":0}";import;qa_ok_importar_found
0000925105;FILTER ELEMENT;30 MY;0.277 KGM;import;qa_ok_importar_found;true;2;12V4000M70;1900701, 1903143;121, 460;"{""total_rows"":2,""count_ok_importar"":2,""count_ok_eliminar"":0,""count_pending"":0,""count_review_action"":0,""count_other"":0}";import;qa_ok_importar_found
0000943268;INDICATOR AIR FILTER RESTRISTER;;0.039 KGM;import;qa_ok_importar_found;true;21;12V4000M40A, 12V4000M53, 16V4000M61, 16V4000M73, 16V4000M73L, 16V4000M90, 20V4000M93, 20V4000M93L;1100100, 1200994, 1204133, 1300771, 1303682, 1401040, 1404209, 1407378, 1410556, 1500849, 1504056, 1506519, 1509003, 1600935, 1600940, 1701151, 1704891, 1708631, 1712380, 1801132, 1804738;135, 140, 495, 639, 155, 509, 863, 1218, 142, 628, 973, 1314, 143, 145, 161, 557, 953, 1349, 1265, 1642;"{""total_rows"":21,""count_ok_importar"":21,""count_ok_eliminar"":0,""count_pending"":0,""count_review_action"":0,""count_other"":0}";import;qa_ok_importar_found
0000982218;CYLINDER ACTUATING;nan;0.791 KGM;import;qa_ok_importar_found;true;6;12V4000M40A, 12V4000M70, 16V4000M61, 16V4000M90;1100102, 1901273, 1903715, 1300965, 1303876, 1601174;160, 190, 529, 163, 667, 170;"{""total_rows"":6,""count_ok_importar"":6,""count_ok_eliminar"":0,""count_pending"":0,""count_review_action"":0,""count_other"":0}";import;qa_ok_importar_found
0000983018;ACTUATING CYLINDER;;1,285 KG;import;qa_ok_importar_found;true;10;16V4000M73L, 20V4000M93L;1500871, 1501088, 1504078, 1504295, 1506541, 1506758, 1801159, 1801541, 1804765, 1805147;149, 174, 635, 660, 980, 1005, 1267, 1298, 1644, 1675;"{""total_rows"":10,""count_ok_importar"":10,""count_ok_eliminar"":0,""count_pending"":0,""count_review_action"":0,""count_other"":0}";import;qa_ok_importar_found
0001400182;BELLOWS TURBO EXHAUS T TUBE;;;import;qa_ok_importar_found;true;1;16V4000M90;1601180;172;"{""total_rows"":1,""count_ok_importar"":1,""count_ok_eliminar"":0,""count_pending"":0,""count_review_action"":0,""count_other"":0}";import;qa_ok_importar_found
0001400182/31;EXHAUST PIPE BELLOWS LR ACCEPTANCE;;;import;qa_ok_importar_found;true;2;16V4000M61;1300977, 1303888;168, 671;"{""total_rows"":2,""count_ok_importar"":2,""count_ok_eliminar"":0,""count_pending"":0,""count_review_action"":0,""count_other"":0}";import;qa_ok_importar_found
0001501150;ALT ASM F50301-120A/28V AVF-HUNGARY;;15.970 kg;import;qa_ok_importar_found;true;1;16V4000M90;1601949;266;"{""total_rows"":1,""count_ok_importar"":1,""count_ok_eliminar"":0,""count_pending"":0,""count_review_action"":0,""count_other"":0}";import;qa_ok_importar_found
0001501927;COUPLING;;2.692 kg;import;qa_ok_importar_found;true;1;16V4000M90;1601950;266;"{""total_rows"":1,""count_ok_importar"":1,""count_ok_eliminar"":0,""count_pending"":0,""count_review_action"":0,""count_other"":0}";import;qa_ok_importar_found
0001812398;OIL EXTRACTION PUMP HAND S4000 S2000;;6.013 kg P;import;qa_ok_importar_found;true;11;16V4000M73L, 16V4000M90, 20V4000M93, 20V4000M93L;1502058, 1505265, 1507762, 1510251, 1602057, 1702992, 1706732, 1710472, 1714214, 1803100, 1806761;295, 781, 1126, 1461, 284, 331, 727, 1123, 1519, 1447, 1827;"{""total_rows"":11,""count_ok_importar"":11,""count_ok_eliminar"":0,""count_pending"":0,""count_review_action"":0,""count_other"":0}";import;qa_ok_importar_found
0001880846;PLATE;;0.74 KGM;import;qa_ok_importar_found;true;6;12V4000M40A, 12V4000M70, 16V4000M61, 16V4000M90;1100107, 1901517, 1903904, 1301275, 1304188, 1601402;208, 222, 559, 205, 707, 200;"{""total_rows"":6,""count_ok_importar"":6,""count_ok_eliminar"":0,""count_pending"":0,""count_review_action"":0,""count_other"":0}";import;qa_ok_importar_found
0001880946;PLATE FIRST OIL COOLER;;0.78 KGM;import;qa_ok_importar_found;true;6;12V4000M40A, 12V4000M70, 16V4000M61, 16V4000M90;1100108, 1901516, 1903903, 1301274, 1304187, 1601401;208, 222, 559, 205, 707, 200;"{""total_rows"":6,""count_ok_importar"":6,""count_ok_eliminar"":0,""count_pending"":0,""count_review_action"":0,""count_other"":0}";import;qa_ok_importar_found
0002000017;PRESSURE CAP (EXPANS ION TANK);;1.376 kg P;import;qa_ok_importar_found;true;16;12V4000M40A, 12V4000M53, 16V4000M61, 16V4000M73, 16V4000M90, 20V4000M93, 20V4000M93L;1100110, 1202312, 1205453, 1301755, 1304667, 1402530, 1405699, 1408877, 1412080, 1601942, 1702928, 1706668, 1710408, 1714151, 1802993, 1806651;287, 278, 635, 275, 774, 300, 654, 1009, 1363, 263, 318, 714, 1110, 1506, 1427, 1807;"{""total_rows"":16,""count_ok_importar"":16,""count_ok_eliminar"":0,""count_pending"":0,""count_review_action"":0,""count_other"":0}";import;qa_ok_importar_found
0002033286;CAP PRESSURE EXPANSI ON TANK S2000/4000;nan;0.149 KGM;import;qa_ok_importar_found;true;18;12V4000M40A, 12V4000M53, 12V4000M70, 16V4000M61, 16V4000M73, 16V4000M90, 20V4000M93, 20V4000M93L;1100114, 1202327, 1205468, 1902107, 1904494, 1301761, 1304673, 1402545, 1405714, 1408892, 1412095, 1601948, 1702955, 1706695, 1710435, 1714178, 1803020, 1806678;288, 279, 636, 625, 276, 775, 301, 655, 1010, 1364, 264, 320, 716, 1112, 1508, 1429, 1809;"{""total_rows"":18,""count_ok_importar"":18,""count_ok_eliminar"":0,""count_pending"":0,""count_review_action"":0,""count_other"":0}";import;qa_ok_importar_found
0002034480;RING SEALING 67.5OD X 57.76ID X 6.4 S40;57,76X67,5X6,4;0.021 KGM;import;qa_ok_importar_found;true;10;12V4000M40A, 12V4000M53, 12V4000M70, 16V4000M61, 16V4000M90;1100118, 1202256, 1202258, 1205395, 1205397, 1902003, 1904390, 1301643, 1304555, 1601822;269, 266, 267, 621, 622, 271, 608, 253, 754, 243;"{""total_rows"":10,""count_ok_importar"":10,""count_ok_eliminar"":0,""count_pending"":0,""count_review_action"":0,""count_other"":0}";import;qa_ok_importar_found
0002034946;FIRST PLATE SEE WATER COOLER;nan;0.74 KGM;import;qa_ok_importar_found;true;6;12V4000M40A, 12V4000M70, 16V4000M61, 16V4000M90;1100119, 1901657, 1904044, 1301389, 1304302, 1601762;231, 240, 577, 220, 722, 234;"{""total_rows"":6,""count_ok_importar"":6,""count_ok_eliminar"":0,""count_pending"":0,""count_review_action"":0,""count_other"":0}";import;qa_ok_importar_found
0002035583;BELLOWS RUBBER 125 DN 210 BOLT CIRCLE;DN 210 BOLT CIRCLE 1 PC 10,954 KG L 145 MM , D 125 MM;10,954 KG L 145 MM , D 125 MM;import;qa_ok_importar_found;true;5;12V4000M40A, 12V4000M53, 16V4000M61;1100120, 1202392, 1205533, 1301832, 1304728;310, 297, 654, 301, 792;"{""total_rows"":5,""count_ok_importar"":5,""count_ok_eliminar"":0,""count_pending"":0,""count_review_action"":0,""count_other"":0}";import;qa_ok_importar_found
0002035583/87;RUBBER BELLOWS;STD EL 145 MM, DN 125 MM;11,161 kg STD EL 145 MM, DN 125 MM;import;qa_ok_importar_found;true;4;12V4000M53, 16V4000M61;1202391, 1205532, 1301831, 1304727;296, 653, 300, 791;"{""total_rows"":4,""count_ok_importar"":4,""count_ok_eliminar"":0,""count_pending"":0,""count_review_action"":0,""count_other"":0}";import;qa_ok_importar_found
0002035683;RUBBER BELLOWS;STD EL 145 MM,DN 150 MM;13.400 kg STD EL 145 MM,DN 150 MM;import;qa_ok_importar_found;true;1;20V4000M93L;1806804;1834;"{""total_rows"":1,""count_ok_importar"":1,""count_ok_eliminar"":0,""count_pending"":0,""count_review_action"":0,""count_other"":0}";import;qa_ok_importar_found
0002035896;CLT PREHEATER 3/PHASE AC 400V 50/60HZ LH;;45,720 KG P;import;qa_ok_importar_found;true;2;16V4000M61;1301562, 1304475;242, 743;"{""total_rows"":2,""count_ok_importar"":2,""count_ok_eliminar"":0,""count_pending"":0,""count_review_action"":0,""count_other"":0}";import;qa_ok_importar_found
0002036246;PLATE;nan;9,760 KG;import;qa_ok_importar_found;true;6;12V4000M40A, 12V4000M70, 16V4000M61, 16V4000M90;1100121, 1901653, 1904040, 1301385, 1304298, 1601758;231, 240, 577, 220, 722, 234;"{""total_rows"":6,""count_ok_importar"":6,""count_ok_eliminar"":0,""count_pending"":0,""count_review_action"":0,""count_other"":0}";import;qa_ok_importar_found
0002039496;PREHEATING UNIT ERSATZ 0002039496/87;;63.975 kg P;import;qa_ok_importar_found;true;2;20V4000M93L;1802303, 1805962;1380, 1760;"{""total_rows"":2,""count_ok_importar"":2,""count_ok_eliminar"":0,""count_pending"":0,""count_review_action"":0,""count_other"":0}";import;qa_ok_importar_found
0002040791;FILTER ELEMENT;;0.568 KGM;import;qa_ok_importar_found;true;2;20V4000M93L;1802290, 1805949;1376, 1756;"{""total_rows"":2,""count_ok_importar"":2,""count_ok_eliminar"":0,""count_pending"":0,""count_review_action"":0,""count_other"":0}";import;qa_ok_importar_found
0002041620;FILTER HEAD;;;import;qa_ok_importar_found;true;2;20V4000M93L;1802291, 1805950;1376, 1756;"{""total_rows"":2,""count_ok_importar"":2,""count_ok_eliminar"":0,""count_pending"":0,""count_review_action"":0,""count_other"":0}";import;qa_ok_importar_found
0002043797;COOLANT FILTER;;1.12 KGM;import;qa_ok_importar_found;true;2;20V4000M93L;1802261, 1805920;1374, 1754;"{""total_rows"":2,""count_ok_importar"":2,""count_ok_eliminar"":0,""count_pending"":0,""count_review_action"":0,""count_other"":0}";import;qa_ok_importar_found
0002800091;GEARBOX CONTROL ELECTRIC;ZF 3084 680 055;3,400 kg;import;qa_ok_importar_found;true;4;12V4000M70, 16V4000M61;1904838, 1904855, 1301840, 1304736;694, 704, 305, 796;"{""total_rows"":4,""count_ok_importar"":4,""count_ok_eliminar"":0,""count_pending"":0,""count_review_action"":0,""count_other"":0}";import;qa_ok_importar_found
0005310039;LED RED;MIT SOCKEL, 24VDC, 18MA,;0.002 KGM;import;qa_ok_importar_found;true;7;12V4000M40A, 12V4000M53, 12V4000M70, 16V4000M73L, 16V4000M90;1100126, 1100127, 1100128, 1206669, 1905338, 1511411, 1602836;355, 379, 380, 827, 799, 1674, 405;"{""total_rows"":7,""count_ok_importar"":7,""count_ok_eliminar"":0,""count_pending"":0,""count_review_action"":0,""count_other"":0}";import;qa_ok_importar_found
0005310140;DIODE;1N4004, 400V, 1A,;0.001 KGM;import;qa_ok_importar_found;true;1;12V4000M40A;1100129;358;"{""total_rows"":1,""count_ok_importar"":1,""count_ok_eliminar"":0,""count_pending"":0,""count_review_action"":0,""count_other"":0}";import;qa_ok_importar_found
0005311339;LED GREEN;T5,5K, 24VDC,;0.001 KGM;import;qa_ok_importar_found;true;9;12V4000M40A, 12V4000M53, 12V4000M70, 16V4000M73L, 16V4000M90;1100133, 1100134, 1100135, 1100136, 1206706, 1905347, 1503173, 1511417, 1602845;355, 379, 380, 387, 828, 801, 479, 1676, 407;"{""total_rows"":9,""count_ok_importar"":9,""count_ok_eliminar"":0,""count_pending"":0,""count_review_action"":0,""count_other"":0}";import;qa_ok_importar_found
0005311439;LED YELLOW;T5,5K, 24VDC,;0.001 KGM;import;qa_ok_importar_found;true;10;12V4000M40A, 12V4000M53, 12V4000M70, 16V4000M73L, 16V4000M90;1100137, 1100138, 1100139, 1100140, 1206705, 1905346, 1503172, 1511416, 1602676, 1602844;355, 371, 379, 380, 828, 801, 479, 1676, 384, 407;"{""total_rows"":10,""count_ok_importar"":10,""count_ok_eliminar"":0,""count_pending"":0,""count_review_action"":0,""count_other"":0}";import;qa_ok_importar_found
0005311939;LED;T5,5K, 6-MULTI-LED, GRUEN,24V,;0.001 KGM;import;qa_ok_importar_found;true;7;12V4000M53, 12V4000M70, 16V4000M61, 16V4000M73L, 16V4000M90;1206423, 1904909, 1302478, 1502285, 1602549, 1602697, 1602720;762, 713, 399, 336, 347, 390, 393;"{""total_rows"":7,""count_ok_importar"":7,""count_ok_eliminar"":0,""count_pending"":0,""count_review_action"":0,""count_other"":0}";import;qa_ok_importar_found
0005311981;QUICK-CATCH CLAMP;92X2,4X1,0MM D=2-16MM;0.001 KGM;import;qa_ok_importar_found;true;13;12V4000M40A, 12V4000M53, 12V4000M70, 16V4000M73L, 16V4000M90;1100142, 1100143, 1100144, 1100145, 1206454, 1206579, 1206583, 1206704, 1905345, 1503170, 1511414, 1602669, 1602842;359, 371, 383, 388, 778, 804, 808, 828, 801, 479, 1676, 384, 407;"{""total_rows"":13,""count_ok_importar"":13,""count_ok_eliminar"":0,""count_pending"":0,""count_review_action"":0,""count_other"":0}";import;qa_ok_importar_found
0005312081;QUICK-CATCH CLAMP;140X3,6X1,1MM D=2-29MM;0.001 KGM;import;qa_ok_importar_found;true;2;12V4000M40A;1100146, 1100147;359, 388;"{""total_rows"":2,""count_ok_importar"":2,""count_ok_eliminar"":0,""count_pending"":0,""count_review_action"":0,""count_other"":0}";import;qa_ok_importar_found
0005312181;QUICK-CATCH CLAMP;186X4,8X1,1MM D=3,5-45MM;0.001 KGM;import;qa_ok_importar_found;true;50;12V4000M53, 16V4000M73, 16V4000M73L, 20V4000M93;1202597, 1205757, 1402870, 1402884, 1402889, 1402913, 1402938, 1402954, 1402965, 1403137, 1406039, 1406053, 1406058, 1406082, 1406107, 1406123, 1406134, 1406306, 1409217, 1409231, 1409236, 1409260, 1409285, 1409301, 1409312, 1409484, 1412420, 1412434, 1412439, 1412463, 1412488, 1412504, 1412515, 1412687, 1502386, 1502593, 1505423, 1505630, 1507916, 1508123, 1510406, 1510612, 1703509, 1703629, 1707249, 1707369, 1710989, 1711109, 1714729, 1714849;307, 670, 331, 332, 333, 356, 685, 686, 687, 710, 1040, 1041, 1042, 1065, 1394, 1395, 1396, 1419, 343, 363, 805, 825, 1148, 1168, 1483, 1503, 370, 391, 766, 787, 1162, 1183, 1558, 1579;"{""total_rows"":50,""count_ok_importar"":50,""count_ok_eliminar"":0,""count_pending"":0,""count_review_action"":0,""count_other"":0}";import;qa_ok_importar_found
0005312876;CABLE ENTRY;HSK-M-EMV, METRISCH, M16X1,5,;0.023 KGM;import;qa_ok_importar_found;true;2;12V4000M70;1905194, 1905205;781, 783;"{""total_rows"":2,""count_ok_importar"":2,""count_ok_eliminar"":0,""count_pending"":0,""count_review_action"":0,""count_other"":0}";import;qa_ok_importar_found
0005312976;CABLE ENTRY;HSK-M-EMV, METRISCH, M20X1,5,;0.031 KGM;import;qa_ok_importar_found;true;53;12V4000M40A, 12V4000M53, 12V4000M70, 16V4000M61, 16V4000M73L, 16V4000M90;1100149, 1100150, 1206558, 1206612, 1904870, 1904962, 1905071, 1905094, 1905128, 1905169, 1905203, 1905209, 1905238, 1302352, 1302625, 1302651, 1302703, 1302742, 1302745, 1302806, 1302819, 1302864, 1302866, 1302897, 1502253, 1502715, 1502840, 1502874, 1502916, 1502934, 1502952, 1502969, 1503007, 1503011, 1503055, 1503101, 1510827, 1510941, 1511066, 1511100, 1511143, 1511161, 1511179, 1511196, 1511236, 1511240, 1511287, 1511330, 1602111, 1602528, 1602624, 1602731, 1602877;321, 354, 801, 817, 710, 727, 754, 759, 765, 776, 781, 783, 788, 375, 430, 436, 449, 459, 461, 477, 480, 486, 491, 495, 333, 396, 410, 416, 427, 429, 431, 433, 440, 442, 455, 462, 1567, 1593, 1607, 1613, 1624, 1626, 1628, 1630, 1637, 1639, 1652, 1659, 299, 345, 369, 398, 415;"{""total_rows"":53,""count_ok_importar"":53,""count_ok_eliminar"":0,""count_pending"":0,""count_review_action"":0,""count_other"":0}";import;qa_ok_importar_found
0005313076;CABLE ENTRY;HSK-M-EMV, METRISCH, M25X1,5,;0.05 KGM;import;qa_ok_importar_found;true;49;12V4000M40A, 12V4000M70, 16V4000M61, 16V4000M73L, 16V4000M90;1100151, 1904871, 1904961, 1905067, 1905090, 1905112, 1905113, 1905154, 1905165, 1905199, 1301910, 1302353, 1302624, 1302674, 1302682, 1302702, 1302738, 1302760, 1302770, 1302851, 1302860, 1302905, 1502254, 1502714, 1502760, 1502798, 1502834, 1502895, 1502903, 1502968, 1503003, 1503027, 1503097, 1510828, 1510940, 1510986, 1511024, 1511060, 1511122, 1511130, 1511195, 1511232, 1511256, 1511326, 1602112, 1602527, 1602622, 1602730, 1602876;354, 710, 727, 754, 757, 761, 771, 772, 781, 326, 375, 430, 442, 443, 449, 459, 463, 465, 483, 486, 496, 333, 396, 401, 404, 408, 422, 423, 433, 440, 444, 462, 1567, 1593, 1598, 1601, 1605, 1619, 1620, 1630, 1637, 1641, 1659, 299, 345, 369, 398, 415;"{""total_rows"":49,""count_ok_importar"":49,""count_ok_eliminar"":0,""count_pending"":0,""count_review_action"":0,""count_other"":0}";import;qa_ok_importar_found
0005313176;CABLE ENTRY;HSK-M-EMV, METRISCH, M32X1,5,;0.104 KGM;import;qa_ok_importar_found;true;8;12V4000M40A, 12V4000M70, 16V4000M61, 16V4000M73L;1100152, 1905079, 1905120, 1302642, 1302840, 1302917, 1502865, 1511091;354, 756, 763, 434, 482, 501, 414, 1611;"{""total_rows"":8,""count_ok_importar"":8,""count_ok_eliminar"":0,""count_pending"":0,""count_review_action"":0,""count_other"":0}";import;qa_ok_importar_found
0005313789;AUDIBLE ALARM VDO;;;import;qa_ok_importar_found;true;1;16V4000M90;1602563;355;"{""total_rows"":1,""count_ok_importar"":1,""count_ok_eliminar"":0,""count_pending"":0,""count_review_action"":0,""count_other"":0}";import;qa_ok_importar_found
0005316685;MALE CONNECTOR;GR.10SL 3POL BUCHSE AWG16;0.031 KGM;import;qa_ok_importar_found;true;3;12V4000M40A, 20V4000M93L;1100158, 1803570, 1807252;321, 1486, 1870;"{""total_rows"":3,""count_ok_importar"":3,""count_ok_eliminar"":0,""count_pending"":0,""count_review_action"":0,""count_other"":0}";import;qa_ok_importar_found
0005316785;CONNECTOR;GR.10SL 3POL BUCHSE AWG16;0.043 KGM;import;qa_ok_importar_found;true;2;12V4000M70;1900713, 1903155;121, 460;"{""total_rows"":2,""count_ok_importar"":2,""count_ok_eliminar"":0,""count_pending"":0,""count_review_action"":0,""count_other"":0}";import;qa_ok_importar_found
0005318002;RESISTOR;TK50, 1%, 10K, 0,4W;0.001 KGM;import;qa_ok_importar_found;true;1;12V4000M40A;1100159;358;"{""total_rows"":1,""count_ok_importar"":1,""count_ok_eliminar"":0,""count_pending"":0,""count_review_action"":0,""count_other"":0}";import;qa_ok_importar_found
0005318688;FLASHING LAMP YELLOW;BLK 40, 15-32 V;0.725 KGM;import;qa_ok_importar_found;true;3;12V4000M40A, 16V4000M73L;1100161, 1502627, 1510857;394, 377, 1574;"{""total_rows"":3,""count_ok_importar"":3,""count_ok_eliminar"":0,""count_pending"":0,""count_review_action"":0,""count_other"":0}";import;qa_ok_importar_found
0005319181;QUICK-CATCH CLAMP;200X2,4MM -40C - 105 C;0.001 KGM;import;qa_ok_importar_found;true;17;12V4000M53, 16V4000M61, 16V4000M73, 20V4000M93, 20V4000M93L;1203040, 1206200, 1206632, 1206662, 1206724, 1302121, 1304892, 1402719, 1405888, 1409066, 1412269, 1703135, 1706875, 1710615, 1714357, 1803419, 1807101;348, 711, 821, 826, 832, 346, 815, 323, 677, 1032, 1386, 742, 1138, 1534, 1470, 1854;"{""total_rows"":17,""count_ok_importar"":17,""count_ok_eliminar"":0,""count_pending"":0,""count_review_action"":0,""count_other"":0}";import;qa_ok_importar_found
0005325752;BATTERY;D=25,4X7,7, KNOPFZELLE_3V,;0.009 KGM;import;qa_ok_importar_found;true;6;12V4000M40A, 12V4000M53, 12V4000M70, 16V4000M73L, 16V4000M90;1100162, 1206668, 1905323, 1511397, 1602649, 1602823;370, 827, 799, 1674, 383, 405;"{""total_rows"":6,""count_ok_importar"":6,""count_ok_eliminar"":0,""count_pending"":0,""count_review_action"":0,""count_other"":0}";import;qa_ok_importar_found
0005330332;REMOVAL TOOL;TYP 02-905-KALOTTENZIEHER;10 G TYP 02-905-KALOTTENZIEHER;import;qa_ok_importar_found;true;1;16V4000M61;1301857;312;"{""total_rows"":1,""count_ok_importar"":1,""count_ok_eliminar"":0,""count_pending"":0,""count_review_action"":0,""count_other"":0}";import;qa_ok_importar_found
0005330732;HANDLE;;;import;qa_ok_importar_found;true;2;12V4000M40A;1100169, 1100170;358, 388;"{""total_rows"":2,""count_ok_importar"":2,""count_ok_eliminar"":0,""count_pending"":0,""count_review_action"":0,""count_other"":0}";import;qa_ok_importar_found
0005334676;CABLE ENTRY;STOPFEN-PG13,5-M20;0.012 KGM;import;qa_ok_importar_found;true;28;12V4000M70, 16V4000M61, 16V4000M73L, 16V4000M90;1904872, 1904964, 1905069, 1905201, 1905210, 1301921, 1302354, 1302628, 1302705, 1302740, 1302746, 1302862, 1502255, 1502718, 1502971, 1503005, 1503012, 1503099, 1510829, 1510944, 1511198, 1511234, 1511241, 1511328, 1602113, 1602530, 1602733, 1602879;710, 727, 754, 781, 783, 328, 375, 430, 449, 459, 461, 486, 333, 396, 433, 440, 442, 462, 1567, 1593, 1630, 1637, 1639, 1659, 299, 345, 398, 415;"{""total_rows"":28,""count_ok_importar"":28,""count_ok_eliminar"":0,""count_pending"":0,""count_review_action"":0,""count_other"":0}";import;qa_ok_importar_found
0005335443;THREAD ADAPTER FOR CORRUGATED PIPE;"IG=1 7/16""-18 / NW23 IP68";0.02 KGM;import;qa_ok_importar_found;true;2;16V4000M61;1302088, 1304859;345, 814;"{""total_rows"":2,""count_ok_importar"":2,""count_ok_eliminar"":0,""count_pending"":0,""count_review_action"":0,""count_other"":0}";import;qa_ok_importar_found
0005335843;THREAD ADAPTER FOR CORRUGATED PIPE;"IG=1""-20 / NW17 / IP68";0.015 KGM;import;qa_ok_importar_found;true;1;16V4000M90;1602184;305;"{""total_rows"":1,""count_ok_importar"":1,""count_ok_eliminar"":0,""count_pending"":0,""count_review_action"":0,""count_other"":0}";import;qa_ok_importar_found
0005336043;REDUCER FOR CORRUGATED PIPE;ROHRAUFSATZ NW 23-10;0.012 KGM;import;qa_ok_importar_found;true;2;16V4000M61;1302092, 1304863;345, 814;"{""total_rows"":2,""count_ok_importar"":2,""count_ok_eliminar"":0,""count_pending"":0,""count_review_action"":0,""count_other"":0}";import;qa_ok_importar_found
0005336143;REDUCER FOR CORRUGATED PIPE;ROHRAUFSATZ NW 17-10;0.008 KGM;import;qa_ok_importar_found;true;14;12V4000M40A, 12V4000M70, 16V4000M61, 16V4000M90, 20V4000M93L;1100202, 1902389, 1904776, 1302039, 1302093, 1304810, 1304864, 1602187, 1803371, 1803437, 1803492, 1807053, 1807119, 1807174;348, 336, 673, 340, 345, 809, 814, 305, 1469, 1472, 1475, 1853, 1856, 1859;"{""total_rows"":14,""count_ok_importar"":14,""count_ok_eliminar"":0,""count_pending"":0,""count_review_action"":0,""count_other"":0}";import;qa_ok_importar_found
0005336243;PIPE CABLING AND PIPEWOR;T-ABZWEIG 23-23-23;0.057 KGM;import;qa_ok_importar_found;true;2;16V4000M61;1302090, 1304861;345, 814;"{""total_rows"":2,""count_ok_importar"":2,""count_ok_eliminar"":0,""count_pending"":0,""count_review_action"":0,""count_other"":0}";import;qa_ok_importar_found
0005336343;PIPE;;26.400 g;import;qa_ok_importar_found;true;7;16V4000M61, 16V4000M90, 20V4000M93L;1302038, 1304809, 1602186, 1803365, 1803478, 1807047, 1807160;340, 809, 305, 1469, 1472, 1853, 1856;"{""total_rows"":7,""count_ok_importar"":7,""count_ok_eliminar"":0,""count_pending"":0,""count_review_action"":0,""count_other"":0}";import;qa_ok_importar_found
0005336443;PIPE CABLING AND PIPEWOR;V-VERTEILER 23-17-17;0.029 KGM;import;qa_ok_importar_found;true;3;16V4000M61, 16V4000M90;1302060, 1304831, 1602215;341, 810, 307;"{""total_rows"":3,""count_ok_importar"":3,""count_ok_eliminar"":0,""count_pending"":0,""count_review_action"":0,""count_other"":0}";import;qa_ok_importar_found
0005336543;PIPE CABLING AND PIPEWOR;Y-VERTEILER 23-17-17;0.052 KGM;import;qa_ok_importar_found;true;2;16V4000M61;1302091, 1304862;345, 814;"{""total_rows"":2,""count_ok_importar"":2,""count_ok_eliminar"":0,""count_pending"":0,""count_review_action"":0,""count_other"":0}";import;qa_ok_importar_found
0005353703;LEVEL MONITOR;;185,000 g;import;qa_ok_importar_found;true;2;12V4000M70;1900714, 1903156;121, 460;"{""total_rows"":2,""count_ok_importar"":2,""count_ok_eliminar"":0,""count_pending"":0,""count_review_action"":0,""count_other"":0}";import;qa_ok_importar_found
0005356430;TEMPERATURE SENSOR;M14X1,5, L=29, STECKER DIN72585,;0.045 KGM;import;qa_ok_importar_found;true;107;12V4000M40A, 12V4000M53, 12V4000M70, 16V4000M61, 16V4000M73, 16V4000M73L, 16V4000M90, 20V4000M93, 20V4000M93L;1100212, 1100213, 1202858, 1202860, 1202861, 1202900, 1206013, 1206015, 1206016, 1206060, 1902204, 1902350, 1902351, 1902352, 1902353, 1902354, 1904591, 1904737, 1904738, 1904739, 1904740, 1904741, 1301994, 1302006, 1304765, 1304777, 1402630, 1402648, 1402662, 1405799, 1405817, 1405831, 1408977, 1408995, 1409009, 1412181, 1412200, 1412212, 1502306, 1505343, 1507836, 1510325, 1602150, 1703041, 1703042, 1703043, 1703044, 1703061, 1703062, 1703063, 1703064, 1703065, 1703067, 1703068, 1703080, 1703102, 1703103, 1703104, 1706781, 1706782, 1706783, 1706784, 1706801, 1706802, 1706803, 1706804, 1706805, 1706807, 1706808, 1706820, 1706842, 1706843, 1706844, 1710521, 1710522, 1710523, 1710524, 1710541, 1710542, 1710543, 1710544, 1710545, 1710547, 1710548, 1710560, 1710582, 1710583, 1710584, 1714268, 1714269, 1714270, 1714271, 1714272, 1714289, 1714290, 1714291, 1714292, 1714303, 1714325, 1714326, 1714327, 1803338, 1803349, 1803358, 1807020, 1807031, 1807040;328, 345, 338, 339, 701, 702, 314, 334, 651, 671, 337, 803, 806, 319, 320, 673, 674, 1028, 1029, 1382, 1383, 799, 1142, 1477, 302, 342, 343, 738, 739, 1134, 1135, 1530, 1531, 1466, 1850;"{""total_rows"":107,""count_ok_importar"":107,""count_ok_eliminar"":0,""count_pending"":0,""count_review_action"":0,""count_other"":0}";import;qa_ok_importar_found
0005460920;GROUNDING STRAP;CU 16QMM/9-9/400;0.056 KGM;import;qa_ok_importar_found;true;1;12V4000M40A;1100222;301;"{""total_rows"":1,""count_ok_importar"":1,""count_ok_eliminar"":0,""count_pending"":0,""count_review_action"":0,""count_other"":0}";import;qa_ok_importar_found
000007005103;PIN DOWEL;5 M6 X 20;0.003 KGM;import;qa_ok_importar_found;true;11;12V4000M40A, 16V4000M61, 16V4000M73L, 16V4000M90, 20V4000M93L;1100226, 1301122, 1304035, 1501382, 1504589, 1507052, 1509539, 1600730, 1601238, 1801887, 1805546;192, 187, 689, 212, 698, 1043, 1380, 122, 182, 1339, 1719;"{""total_rows"":11,""count_ok_importar"":11,""count_ok_eliminar"":0,""count_pending"":0,""count_review_action"":0,""count_other"":0}";import;qa_ok_importar_found
000007008102;DOWEL PIN;8 M6 X 20;8.400 g 8 M6 X 20 DIN7;import;qa_ok_importar_found;true;14;16V4000M73, 16V4000M73L, 20V4000M93, 20V4000M93L;1400747, 1403916, 1407085, 1410263, 1500588, 1503794, 1506257, 1508745, 1700744, 1704490, 1708230, 1711971, 1800711, 1804317;125, 479, 833, 1188, 113, 598, 943, 1286, 521, 917, 1313, 1224, 1601;"{""total_rows"":14,""count_ok_importar"":14,""count_ok_eliminar"":0,""count_pending"":0,""count_review_action"":0,""count_other"":0}";import;qa_ok_importar_found
0009880270;LEAD SEAL;;0.001 KGM;import;qa_ok_importar_found;true;1;12V4000M40A;1100229;404;"{""total_rows"":1,""count_ok_importar"":1,""count_ok_eliminar"":0,""count_pending"":0,""count_review_action"":0,""count_other"":0}";import;qa_ok_importar_found
0009902164;THREADED NIPPLE;;151.400 g M30X 1,5 / M32 X1,5;import;qa_ok_importar_found;true;15;16V4000M73, 16V4000M73L, 16V4000M90, 20V4000M93, 20V4000M93L;1400745, 1403914, 1407083, 1410261, 1500586, 1503792, 1506255, 1508743, 1600756, 1700742, 1704488, 1708228, 1711969, 1800709, 1804315;125, 479, 833, 1188, 113, 598, 943, 1286, 124, 521, 917, 1313, 1224, 1601;"{""total_rows"":15,""count_ok_importar"":15,""count_ok_eliminar"":0,""count_pending"":0,""count_review_action"":0,""count_other"":0}";import;qa_ok_importar_found
0009939226;DISHED WASHER;nan;8.200 g;import;qa_ok_importar_found;true;20;12V4000M40A, 12V4000M70, 16V4000M73, 16V4000M90;1100231, 1902169, 1902171, 1902172, 1904556, 1904558, 1904559, 1402595, 1402596, 1402597, 1405764, 1405765, 1405766, 1408942, 1408943, 1408944, 1412144, 1412145, 1412146, 1600301;308, 303, 640, 312, 666, 1021, 1375, 54;"{""total_rows"":20,""count_ok_importar"":20,""count_ok_eliminar"":0,""count_pending"":0,""count_review_action"":0,""count_other"":0}";import;qa_ok_importar_found
0009973675;ADAPTER OIL FLTR DUA L NIPPLE S2000+S400;;0.148 KGM;import;qa_ok_importar_found;true;8;12V4000M40A, 12V4000M53, 12V4000M70, 16V4000M61, 16V4000M90;1100233, 1201414, 1204553, 1901475, 1903862, 1301226, 1304139, 1601354;200, 194, 549, 214, 551, 197, 699, 192;"{""total_rows"":8,""count_ok_importar"":8,""count_ok_eliminar"":0,""count_pending"":0,""count_review_action"":0,""count_other"":0}";import;qa_ok_importar_found
0010107351;INJECTOR;;1,001 KG;import;qa_ok_importar_found;true;1;12V4000M40A;1100234;88;"{""total_rows"":1,""count_ok_importar"":1,""count_ok_eliminar"":0,""count_pending"":0,""count_review_action"":0,""count_other"":0}";import;qa_ok_importar_found
11509528;BOLT PHOS HEX FLG LR G;M12X1,75X30;0.05 KGM;import;qa_ok_importar_found;true;8;12V4000M40A, 12V4000M53, 12V4000M70, 16V4000M61, 16V4000M90;1100235, 1201440, 1204579, 1901484, 1903871, 1301244, 1304157, 1601373;202, 197, 552, 216, 553, 199, 701, 194;"{""total_rows"":8,""count_ok_importar"":8,""count_ok_eliminar"":0,""count_pending"":0,""count_review_action"":0,""count_other"":0}";import;qa_ok_importar_found
0011809501;OIL PRELUBE PMP 3 PHASE 26 L/MIN 50/60;;18.000 kg P;import;qa_ok_importar_found;true;8;16V4000M61, 16V4000M73L, 20V4000M93L;1301107, 1304020, 1501367, 1504574, 1507037, 1509523, 1801876, 1805535;185, 687, 210, 696, 1041, 1378, 1337, 1717;"{""total_rows"":8,""count_ok_importar"":8,""count_ok_eliminar"":0,""count_pending"":0,""count_review_action"":0,""count_other"":0}";import;qa_ok_importar_found
0012030596;PREHEATER;;46,200 KG;import;qa_ok_importar_found;true;1;12V4000M40A;1100240;253;"{""total_rows"":1,""count_ok_importar"":1,""count_ok_eliminar"":0,""count_pending"":0,""count_review_action"":0,""count_other"":0}";import;qa_ok_importar_found
0015312485;CABLE TERMINAL;M3, 0.5-1.5QMM;0.001 KGM;import;qa_ok_importar_found;true;3;16V4000M61, 16V4000M90;1302065, 1304836, 1602224;341, 810, 307;"{""total_rows"":3,""count_ok_importar"":3,""count_ok_eliminar"":0,""count_pending"":0,""count_review_action"":0,""count_other"":0}";import;qa_ok_importar_found
0015317385;END SLEEVE;0,5 QMM;0.001 KGM;import;qa_ok_importar_found;true;10;12V4000M53, 16V4000M61, 16V4000M73, 20V4000M93L;1203041, 1206201, 1302123, 1304894, 1402721, 1405890, 1409068, 1412271, 1803421, 1807103;348, 711, 346, 815, 323, 677, 1032, 1386, 1470, 1854;"{""total_rows"":10,""count_ok_importar"":10,""count_ok_eliminar"":0,""count_pending"":0,""count_review_action"":0,""count_other"":0}";import;qa_ok_importar_found
0015317485;INSTALLATION MATRL;0,75 QMM;0.001 KGM;import;qa_ok_importar_found;true;1;12V4000M40A;1100247;354;"{""total_rows"":1,""count_ok_importar"":1,""count_ok_eliminar"":0,""count_pending"":0,""count_review_action"":0,""count_other"":0}";import;qa_ok_importar_found
0015317686;FUSE;TR3,D=6,H=8,3,15A/FLINK,125V;0.001 KGM;import;qa_ok_importar_found;true;16;12V4000M40A, 12V4000M70, 16V4000M61, 16V4000M73L, 16V4000M90;1100248, 1100249, 1100250, 1905038, 1301885, 1301886, 1301905, 1301977, 1502238, 1502693, 1503200, 1510812, 1510920, 1511444, 1602523, 1602602;317, 365, 392, 745, 315, 316, 321, 331, 330, 389, 486, 1564, 1586, 1683, 342, 360;"{""total_rows"":16,""count_ok_importar"":16,""count_ok_eliminar"":0,""count_pending"":0,""count_review_action"":0,""count_other"":0}";import;qa_ok_importar_found
0015318481;ATTACHING;;;import;qa_ok_importar_found;true;1;12V4000M40A;1100251;388;"{""total_rows"":1,""count_ok_importar"":1,""count_ok_eliminar"":0,""count_pending"":0,""count_review_action"":0,""count_other"":0}";import;qa_ok_importar_found
0015318486;FUSE;FK2 KFZ-SICHERUNG;FK2 KFZ-SICHERUNG;import;qa_ok_importar_found;true;5;12V4000M40A, 16V4000M61, 16V4000M73L, 16V4000M90;1100252, 1302578, 1503182, 1511426, 1602854;357, 407, 481, 1678, 409;"{""total_rows"":5,""count_ok_importar"":5,""count_ok_eliminar"":0,""count_pending"":0,""count_review_action"":0,""count_other"":0}";import;qa_ok_importar_found
0015318702;RESISTOR;TK50 1% 0,4W;0.001 KGM;import;qa_ok_importar_found;true;8;12V4000M40A, 12V4000M53, 16V4000M90, 20V4000M93;1100253, 1202754, 1205914, 1602603, 1703255, 1706995, 1710735, 1714476;358, 331, 694, 361, 356, 752, 1148, 1544;"{""total_rows"":8,""count_ok_importar"":8,""count_ok_eliminar"":0,""count_pending"":0,""count_review_action"":0,""count_other"":0}";import;qa_ok_importar_found
0015331031;FLAP;27X27 INCL. 2 DICHTUNGEN 0,5MM;0.002 KGM;import;qa_ok_importar_found;true;5;12V4000M40A, 12V4000M53, 12V4000M70, 16V4000M73L, 16V4000M90;1100260, 1206674, 1905335, 1511408, 1602833;379, 827, 799, 1674, 405;"{""total_rows"":5,""count_ok_importar"":5,""count_ok_eliminar"":0,""count_pending"":0,""count_review_action"":0,""count_other"":0}";import;qa_ok_importar_found
0019971871;UNION REDUCTION 1.5 IN X M52X2 AIR STRTR;;0.605 KGM;import;qa_ok_importar_found;true;2;20V4000M93L;1801609, 1805268;1312, 1692;"{""total_rows"":2,""count_ok_importar"":2,""count_ok_eliminar"":0,""count_pending"":0,""count_review_action"":0,""count_other"":0}";import;qa_ok_importar_found
0019972036;THREE-WAY COCK;;1.862 KGM;import;qa_ok_importar_found;true;1;12V4000M40A;1100330;220;"{""total_rows"":1,""count_ok_importar"":1,""count_ok_eliminar"":0,""count_pending"":0,""count_review_action"":0,""count_other"":0}";import;qa_ok_importar_found
0021803301;OIL PUMP;;23.84 KGM;import;qa_ok_importar_found;true;3;12V4000M40A, 12V4000M70;1100331, 1901388, 1903775;195, 205, 542;"{""total_rows"":3,""count_ok_importar"":3,""count_ok_eliminar"":0,""count_pending"":0,""count_review_action"":0,""count_other"":0}";import;qa_ok_importar_found
0021804101;OIL PUMP;;24.03 KGM;import;qa_ok_importar_found;true;5;12V4000M53, 16V4000M61, 16V4000M90;1201342, 1204481, 1301147, 1304060, 1601263;186, 541, 190, 692, 185;"{""total_rows"":5,""count_ok_importar"":5,""count_ok_eliminar"":0,""count_pending"":0,""count_review_action"":0,""count_other"":0}";import;qa_ok_importar_found
0025312040;ZENER DIODE;DO-41 1,3W11, 4.12,7V85 MA;0.001 KGM;import;qa_ok_importar_found;true;1;16V4000M61;1301954;328;"{""total_rows"":1,""count_ok_importar"":1,""count_ok_eliminar"":0,""count_pending"":0,""count_review_action"":0,""count_other"":0}";import;qa_ok_importar_found
0025319485;SINGLE-CORE INSUL;2,2-3,0MM/MCP2,8 DIN72585 1,5;0.001 KGM;import;qa_ok_importar_found;true;25;12V4000M53, 16V4000M73L, 20V4000M93;1202785, 1202795, 1202806, 1205945, 1205955, 1205966, 1206503, 1502749, 1502787, 1502827, 1510975, 1511013, 1511053, 1703285, 1703295, 1703306, 1707025, 1707035, 1707046, 1710765, 1710775, 1710786, 1714506, 1714516, 1714527;332, 695, 797, 401, 404, 408, 1598, 1601, 1605, 357, 753, 1149, 1545;"{""total_rows"":25,""count_ok_importar"":25,""count_ok_eliminar"":0,""count_pending"":0,""count_review_action"":0,""count_other"":0}";import;qa_ok_importar_found
0025333802;HOUSING;;;import;qa_ok_importar_found;true;3;12V4000M40A, 16V4000M61;1100343, 1302329, 1305100;412, 371, 840;"{""total_rows"":3,""count_ok_importar"":3,""count_ok_eliminar"":0,""count_pending"":0,""count_review_action"":0,""count_other"":0}";import;qa_ok_importar_found
0025336590;ADHESIVE LABEL WITH MTU-LOGO;20X47 MTU-LOGO GR.2;0.003 KGM;import;qa_ok_importar_found;true;5;12V4000M70, 16V4000M61, 16V4000M73L, 16V4000M90;1904891, 1302349, 1502269, 1510843, 1602132;711, 375, 334, 1568, 300;"{""total_rows"":5,""count_ok_importar"":5,""count_ok_eliminar"":0,""count_pending"":0,""count_review_action"":0,""count_other"":0}";import;qa_ok_importar_found
0031845301;OIL FILTER SPIN-ON;nan;2,200 kg;import;qa_ok_importar_found;true;8;12V4000M40A, 12V4000M53, 12V4000M70, 16V4000M61, 16V4000M90;1100360, 1201358, 1204497, 1901439, 1903826, 1301190, 1304103, 1601317;198, 191, 546, 212, 549, 195, 697, 190;"{""total_rows"":8,""count_ok_importar"":8,""count_ok_eliminar"":0,""count_pending"":0,""count_review_action"":0,""count_other"":0}";import;qa_ok_importar_found
0035311180;CABLE;VG95218 TEIL 61;0.018 KGM;import;qa_ok_importar_found;true;1;12V4000M40A;1100362;321;"{""total_rows"":1,""count_ok_importar"":1,""count_ok_eliminar"":0,""count_pending"":0,""count_review_action"":0,""count_other"":0}";import;qa_ok_importar_found
0035311960;DIODE FOR RELAY;230V;0.002 KGM;import;qa_ok_importar_found;true;1;16V4000M61;1301945;328;"{""total_rows"":1,""count_ok_importar"":1,""count_ok_eliminar"":0,""count_pending"":0,""count_review_action"":0,""count_other"":0}";import;qa_ok_importar_found
0035312680;CABLE;VG95218 TEIL 61;0.3 KGM;import;qa_ok_importar_found;true;1;12V4000M40A;1100363;321;"{""total_rows"":1,""count_ok_importar"":1,""count_ok_eliminar"":0,""count_pending"":0,""count_review_action"":0,""count_other"":0}";import;qa_ok_importar_found
0035312980;CABLE;2X2X0.75,VG95218,TEIL 62;0.099 KGM;import;qa_ok_importar_found;true;1;12V4000M40A;1100364;321;"{""total_rows"":1,""count_ok_importar"":1,""count_ok_eliminar"":0,""count_pending"":0,""count_review_action"":0,""count_other"":0}";import;qa_ok_importar_found
0035313080;CABLE;4X2X0.75,VG95218,TEIL 62;0.205 KGM;import;qa_ok_importar_found;true;1;12V4000M40A;1100365;321;"{""total_rows"":1,""count_ok_importar"":1,""count_ok_eliminar"":0,""count_pending"":0,""count_review_action"":0,""count_other"":0}";import;qa_ok_importar_found
0035319981;TERMINAL BOARD;2-STOCK, 2,5 MM, ORANGE,;0.006 KGM;import;qa_ok_importar_found;true;9;12V4000M40A, 12V4000M70, 16V4000M61, 16V4000M73L, 16V4000M90;1100373, 1100374, 1904875, 1301950, 1302357, 1302489, 1502258, 1510832, 1602116;359, 387, 710, 328, 375, 401, 333, 1567, 299;"{""total_rows"":9,""count_ok_importar"":9,""count_ok_eliminar"":0,""count_pending"":0,""count_review_action"":0,""count_other"":0}";import;qa_ok_importar_found
0035337089;IDENTIFICATION PLATE;47X135MM, BEDRUCKBAR 47X25MM;0.012 KGM;import;qa_ok_importar_found;true;113;12V4000M40A, 12V4000M53, 12V4000M70, 16V4000M73, 16V4000M90, 20V4000M93, 20V4000M93L;1100375, 1202732, 1202777, 1202792, 1202802, 1202812, 1202816, 1202935, 1202978, 1203050, 1205892, 1205937, 1205952, 1205962, 1205972, 1205976, 1206095, 1206138, 1206210, 1206442, 1206449, 1206457, 1206466, 1206472, 1206478, 1206483, 1206487, 1206492, 1206494, 1206499, 1206515, 1206539, 1206553, 1206573, 1206589, 1206597, 1206607, 1206613, 1902396, 1904783, 1905056, 1905062, 1905073, 1905083, 1905106, 1905107, 1905121, 1905130, 1905137, 1905144, 1905149, 1905160, 1905171, 1905190, 1905192, 1905207, 1905223, 1905239, 1905243, 1402729, 1402777, 1405898, 1405946, 1409076, 1409124, 1412279, 1412327, 1602194, 1602222, 1602233, 1602245, 1602251, 1602614, 1602684, 1602691, 1703136, 1703193, 1703205, 1703235, 1703282, 1703292, 1703302, 1703312, 1706876, 1706933, 1706945, 1706975, 1707022, 1707032, 1707042, 1707052, 1710616, 1710673, 1710685, 1710715, 1710762, 1710772, 1710782, 1710792, 1714358, 1714415, 1714427, 1714457, 1714503, 1714513, 1714523, 1714533, 1803430, 1803481, 1803536, 1807112, 1807163, 1807218;348, 329, 331, 332, 333, 343, 345, 692, 694, 695, 696, 706, 708, 711, 774, 776, 778, 781, 783, 785, 787, 789, 791, 793, 795, 797, 799, 801, 803, 808, 813, 815, 817, 336, 673, 752, 754, 756, 757, 759, 761, 763, 765, 767, 769, 771, 772, 788, 323, 326, 677, 680, 1032, 1035, 1386, 1389, 305, 307, 311, 313, 315, 369, 387, 388, 346, 349, 351, 354, 357, 742, 745, 747, 750, 753, 1138, 1141, 1143, 1146, 1149, 1534, 1537, 1539, 1542, 1545, 1470, 1473, 1476, 1854, 1857, 1860;"{""total_rows"":113,""count_ok_importar"":113,""count_ok_eliminar"":0,""count_pending"":0,""count_review_action"":0,""count_other"":0}";import;qa_ok_importar_found
0035351731;PRESSURE SEN SOR;"G1/4""A,SW27,L=64,";95.000 g;import;qa_ok_importar_found;true;6;12V4000M40A, 16V4000M61, 16V4000M90, 20V4000M93L;1100376, 1302001, 1304772, 1602159, 1803332, 1807014;345, 337, 806, 303, 1466, 1850;"{""total_rows"":6,""count_ok_importar"":6,""count_ok_eliminar"":0,""count_pending"":0,""count_review_action"":0,""count_other"":0}";import;qa_ok_importar_found
0045315281;RETAINER FOR TERMINAL;B = 6 MM;0.003 KGM;import;qa_ok_importar_found;true;4;12V4000M40A, 16V4000M61;1100387, 1100388, 1301947, 1302490;358, 388, 328, 401;"{""total_rows"":4,""count_ok_importar"":4,""count_ok_eliminar"":0,""count_pending"":0,""count_review_action"":0,""count_other"":0}";import;qa_ok_importar_found
0045318081;TERMINAL;B = 10 MM;0.05 KGM;import;qa_ok_importar_found;true;14;12V4000M40A, 12V4000M53, 12V4000M70, 16V4000M61, 16V4000M73L, 16V4000M90;1100391, 1100392, 1100393, 1206409, 1904877, 1904896, 1301941, 1302359, 1302465, 1502260, 1502273, 1510834, 1602118, 1602537;319, 358, 388, 762, 710, 713, 328, 375, 399, 333, 336, 1567, 299, 347;"{""total_rows"":14,""count_ok_importar"":14,""count_ok_eliminar"":0,""count_pending"":0,""count_review_action"":0,""count_other"":0}";import;qa_ok_importar_found
0045358831;PRESSURE SENSO R;M14X1,5, SW=27, 0-6BAR_RELATIV,;113,600 G AB;import;qa_ok_importar_found;true;12;12V4000M40A, 16V4000M61, 16V4000M73L, 20V4000M93L;1100396, 1100397, 1301339, 1301998, 1304252, 1304769, 1501559, 1504766, 1507229, 1509728, 1802197, 1805856;225, 345, 214, 337, 716, 806, 229, 715, 1060, 1398, 1364, 1744;"{""total_rows"":12,""count_ok_importar"":12,""count_ok_eliminar"":0,""count_pending"":0,""count_review_action"":0,""count_other"":0}";import;qa_ok_importar_found
0045358931;PRESSURE SENSOR;M14X1,5,SW=27,0-6BAR_RELATIV,;142,300 G M14X1,5,SW=27,0-6BAR_RELATIV,;import;qa_ok_importar_found;true;3;12V4000M40A, 16V4000M61;1100398, 1301991, 1304762;328, 334, 803;"{""total_rows"":3,""count_ok_importar"":3,""count_ok_eliminar"":0,""count_pending"":0,""count_review_action"":0,""count_other"":0}";import;qa_ok_importar_found
0049976736;VALVE DRAIN;;0.125 KGM;import;qa_ok_importar_found;true;44;12V4000M40A, 12V4000M53, 12V4000M70, 16V4000M61, 16V4000M73, 16V4000M73L, 16V4000M90, 20V4000M93, 20V4000M93L;1100400, 1100401, 1100402, 1200007, 1202060, 1203158, 1205199, 1900017, 1901221, 1901888, 1902457, 1903663, 1904275, 1300020, 1301525, 1302942, 1304438, 1400031, 1401893, 1403203, 1405062, 1406372, 1408240, 1409550, 1411421, 1501917, 1505124, 1507587, 1510076, 1600020, 1601127, 1601457, 1700024, 1702223, 1703769, 1705963, 1707509, 1709703, 1711249, 1713447, 1800027, 1802225, 1803599, 1805884;13, 157, 246, 22, 247, 377, 602, 24, 183, 259, 363, 522, 596, 12, 238, 519, 739, 26, 248, 380, 734, 957, 1089, 1311, 260, 746, 1091, 1427, 17, 168, 211, 23, 268, 419, 664, 815, 1060, 1211, 1456, 1125, 1371, 1498, 1751;"{""total_rows"":44,""count_ok_importar"":44,""count_ok_eliminar"":0,""count_pending"":0,""count_review_action"":0,""count_other"":0}";import;qa_ok_importar_found
0049978190;CLAMP;nan;0.602 KGM;import;qa_ok_importar_found;true;33;12V4000M40A, 12V4000M53, 12V4000M70, 16V4000M61, 16V4000M73, 16V4000M73L, 16V4000M90, 20V4000M93, 20V4000M93L;1100403, 1201039, 1201066, 1201069, 1201073, 1204178, 1204205, 1204208, 1204212, 1900923, 1900937, 1903365, 1903379, 1300778, 1300792, 1303689, 1303703, 1401046, 1404215, 1407384, 1410562, 1500853, 1504060, 1506523, 1509007, 1600926, 1600941, 1701160, 1704900, 1708640, 1712389, 1801127, 1804733;135, 149, 504, 151, 153, 490, 492, 139, 141, 643, 645, 159, 513, 867, 1222, 146, 632, 977, 1318, 143, 145, 167, 563, 959, 1355, 1265, 1642;"{""total_rows"":33,""count_ok_importar"":33,""count_ok_eliminar"":0,""count_pending"":0,""count_review_action"":0,""count_other"":0}";import;qa_ok_importar_found
0052031775;THERMAL ACTUATOR;;;import;qa_ok_importar_found;true;2;12V4000M53;1202209, 1205348;264, 619;"{""total_rows"":2,""count_ok_importar"":2,""count_ok_eliminar"":0,""count_pending"":0,""count_review_action"":0,""count_other"":0}";import;qa_ok_importar_found
0052031875;THERMAL ACTUATOR;nan;nan;import;qa_ok_importar_found;true;8;12V4000M40A, 12V4000M53, 12V4000M70, 16V4000M61, 16V4000M90;1100404, 1202208, 1205347, 1901993, 1904380, 1301636, 1304548, 1601817;267, 264, 619, 269, 606, 251, 752, 242;"{""total_rows"":8,""count_ok_importar"":8,""count_ok_eliminar"":0,""count_pending"":0,""count_review_action"":0,""count_other"":0}";import;qa_ok_importar_found
0055314081;TERMINAL;6-POL,R=5,08, GERADE, ORANGE;0.012 KGM;import;qa_ok_importar_found;true;2;16V4000M61, 16V4000M90;1302904, 1602695;496, 388;"{""total_rows"":2,""count_ok_importar"":2,""count_ok_eliminar"":0,""count_pending"":0,""count_review_action"":0,""count_other"":0}";import;qa_ok_importar_found
0055316883;CONNECTOR;JUMPER, 2,54MM RASTER, 3A, GN,;0.001 KGM;import;qa_ok_importar_found;true;29;12V4000M40A, 12V4000M53, 12V4000M70, 16V4000M61, 16V4000M73L, 16V4000M90;1100409, 1100410, 1100411, 1206707, 1904950, 1905014, 1905348, 1905353, 1302384, 1302454, 1302590, 1302596, 1502222, 1502674, 1503174, 1503193, 1503199, 1510796, 1510901, 1511418, 1511428, 1511438, 1511443, 1602510, 1602599, 1602674, 1602846, 1602867, 1602872;371, 375, 382, 828, 719, 738, 801, 804, 378, 394, 410, 411, 325, 479, 484, 485, 1559, 1579, 1676, 1678, 1681, 1682, 337, 359, 384, 407, 412, 413;"{""total_rows"":29,""count_ok_importar"":29,""count_ok_eliminar"":0,""count_pending"":0,""count_review_action"":0,""count_other"":0}";import;qa_ok_importar_found
0055345410;SWITCH;;11,800 G;import;qa_ok_importar_found;true;3;12V4000M40A;1100421, 1100422, 1100423;378, 379, 380;"{""total_rows"":3,""count_ok_importar"":3,""count_ok_eliminar"":0,""count_pending"":0,""count_review_action"":0,""count_other"":0}";import;qa_ok_importar_found
0055351531;PRESSURE SENSOR;50 BAR RELATIV;0.38 KGM;import;qa_ok_importar_found;true;15;12V4000M40A, 12V4000M70, 16V4000M61, 16V4000M73L, 20V4000M93, 20V4000M93L;1100424, 1902435, 1904822, 1302602, 1305104, 1502623, 1505660, 1508153, 1510644, 1703720, 1707460, 1711200, 1714942, 1803565, 1807247;414, 348, 685, 425, 842, 376, 831, 1174, 1509, 402, 798, 1194, 1590, 1484, 1868;"{""total_rows"":15,""count_ok_importar"":15,""count_ok_eliminar"":0,""count_pending"":0,""count_review_action"":0,""count_other"":0}";import;qa_ok_importar_found
0065312481;TERMINAL;2X3POLIG, 125V/7,5A;0.003 KGM;import;qa_ok_importar_found;true;2;16V4000M90;1602608, 1602694;365, 388;"{""total_rows"":2,""count_ok_importar"":2,""count_ok_eliminar"":0,""count_pending"":0,""count_review_action"":0,""count_other"":0}";import;qa_ok_importar_found
0065312581;TERMINAL 8POL.;2X4POLIG, 125V/;4.000 g 2X4POLIG, 125V/7,5A;import;qa_ok_importar_found;true;6;16V4000M61, 16V4000M90;1302908, 1602593, 1602606, 1602609, 1602687, 1602907;498, 358, 363, 366, 387, 421;"{""total_rows"":6,""count_ok_importar"":6,""count_ok_eliminar"":0,""count_pending"":0,""count_review_action"":0,""count_other"":0}";import;qa_ok_importar_found
0065312781;SEPARABLE CONNECTOR 20POL.;125V/7,5A;;import;qa_ok_importar_found;true;1;16V4000M90;1602582;357;"{""total_rows"":1,""count_ok_importar"":1,""count_ok_eliminar"":0,""count_pending"":0,""count_review_action"":0,""count_other"":0}";import;qa_ok_importar_found
0065313225;CAPACITOR;;2,000 g;import;qa_ok_importar_found;true;2;12V4000M70;1902403, 1904790;343, 680;"{""total_rows"":2,""count_ok_importar"":2,""count_ok_eliminar"":0,""count_pending"":0,""count_review_action"":0,""count_other"":0}";import;qa_ok_importar_found
0065314481;SEPARABLE CONNECTOR B2L3.5 14POL.;32X15,6X20,6, 2X;;import;qa_ok_importar_found;true;3;16V4000M61, 16V4000M90;1302896, 1602604, 1602688;495, 361, 387;"{""total_rows"":3,""count_ok_importar"":3,""count_ok_eliminar"":0,""count_pending"":0,""count_review_action"":0,""count_other"":0}";import;qa_ok_importar_found
0075313780;CABLE;3XAWG18 WS NUMMERIERT;0.028 KGM;import;qa_ok_importar_found;true;1;12V4000M53;1206587;808;"{""total_rows"":1,""count_ok_importar"":1,""count_ok_eliminar"":0,""count_pending"":0,""count_review_action"":0,""count_other"":0}";import;qa_ok_importar_found
0075317780;CABLE;0,5 QMM WEISS;0.006 KGM;import;qa_ok_importar_found;true;2;16V4000M61, 16V4000M90;1302406, 1602611;386, 366;"{""total_rows"":2,""count_ok_importar"":2,""count_ok_eliminar"":0,""count_pending"":0,""count_review_action"":0,""count_other"":0}";import;qa_ok_importar_found
000084005170;SCREW;M 5 X 20;3.400 g M 5 X 20 DIN84;import;qa_ok_importar_found;true;12;16V4000M73, 16V4000M73L, 20V4000M93;1403008, 1406177, 1409355, 1412558, 1502462, 1505499, 1507992, 1510482, 1703551, 1707291, 1711031, 1714771;342, 696, 1051, 1405, 350, 812, 1155, 1490, 378, 774, 1170, 1566;"{""total_rows"":12,""count_ok_importar"":12,""count_ok_eliminar"":0,""count_pending"":0,""count_review_action"":0,""count_other"":0}";import;qa_ok_importar_found
000084005194;SCREW;M 5 X 16;0.003 KGM;import;qa_ok_importar_found;true;142;12V4000M40A, 12V4000M53, 12V4000M70, 16V4000M61, 16V4000M73, 16V4000M73L, 16V4000M90, 20V4000M93, 20V4000M93L;1100436, 1202504, 1202673, 1203057, 1205664, 1205833, 1206217, 1902280, 1904667, 1302245, 1305016, 1402988, 1403000, 1403006, 1403013, 1403022, 1403038, 1403048, 1403058, 1403067, 1403100, 1403113, 1403132, 1406157, 1406169, 1406175, 1406182, 1406191, 1406207, 1406217, 1406227, 1406236, 1406269, 1406282, 1406301, 1409335, 1409347, 1409353, 1409360, 1409369, 1409385, 1409395, 1409405, 1409414, 1409447, 1409460, 1409479, 1412538, 1412550, 1412556, 1412563, 1412572, 1412588, 1412598, 1412608, 1412617, 1412650, 1412663, 1412682, 1502438, 1502451, 1502459, 1502469, 1502479, 1502497, 1502508, 1502519, 1502530, 1502568, 1502580, 1505475, 1505488, 1505496, 1505506, 1505516, 1505534, 1505545, 1505556, 1505567, 1505605, 1505617, 1507968, 1507981, 1507989, 1507999, 1508009, 1508027, 1508038, 1508049, 1508060, 1508098, 1508110, 1510458, 1510471, 1510479, 1510489, 1510499, 1510517, 1510528, 1510539, 1510550, 1510588, 1510599, 1602432, 1703543, 1703549, 1703556, 1703565, 1703625, 1703637, 1707283, 1707289, 1707296, 1707305, 1707365, 1707377, 1711023, 1711029, 1711036, 1711045, 1711105, 1711117, 1714763, 1714769, 1714776, 1714785, 1714845, 1714857, 1803185, 1803217, 1803253, 1803265, 1803282, 1803292, 1803300, 1806867, 1806899, 1806935, 1806947, 1806964, 1806974, 1806982;337, 305, 319, 349, 668, 682, 712, 325, 662, 354, 823, 339, 341, 342, 343, 344, 346, 347, 348, 355, 356, 693, 695, 696, 697, 698, 700, 701, 702, 703, 708, 709, 710, 1048, 1050, 1051, 1052, 1053, 1055, 1056, 1057, 1058, 1063, 1064, 1065, 1402, 1404, 1405, 1406, 1407, 1409, 1410, 1411, 1412, 1417, 1418, 1419, 350, 351, 352, 357, 362, 363, 809, 811, 812, 813, 814, 816, 817, 818, 819, 824, 825, 1152, 1154, 1155, 1156, 1157, 1159, 1160, 1161, 1162, 1167, 1168, 1487, 1489, 1490, 1491, 1492, 1494, 1495, 1496, 1497, 1502, 1503, 377, 378, 379, 380, 391, 773, 774, 775, 776, 787, 1169, 1170, 1171, 1172, 1183, 1565, 1566, 1567, 1568, 1579, 1458, 1459, 1460, 1842, 1843, 1844;"{""total_rows"":142,""count_ok_importar"":142,""count_ok_eliminar"":0,""count_pending"":0,""count_review_action"":0,""count_other"":0}";import;qa_ok_importar_found
000084005196;SCREW;M 5 X 12;0.003 KGM;import;qa_ok_importar_found;true;215;12V4000M40A, 12V4000M53, 12V4000M70, 16V4000M61, 16V4000M73, 16V4000M73L, 16V4000M90, 20V4000M93, 20V4000M93L;1100437, 1100438, 1100439, 1100440, 1100441, 1100442, 1100443, 1100444, 1100445, 1202145, 1202479, 1202503, 1202608, 1202617, 1202624, 1202648, 1202656, 1202690, 1202695, 1202737, 1203058, 1203071, 1205284, 1205639, 1205663, 1205768, 1205777, 1205784, 1205808, 1205816, 1205850, 1205855, 1205897, 1206218, 1206231, 1901882, 1902223, 1902255, 1902260, 1902270, 1902296, 1902307, 1902313, 1902319, 1904269, 1904610, 1904642, 1904647, 1904657, 1904683, 1904694, 1904700, 1904706, 1301981, 1302129, 1302220, 1302226, 1302236, 1302260, 1302271, 1302277, 1304752, 1304900, 1304991, 1304997, 1305007, 1305031, 1305042, 1305048, 1402081, 1402818, 1402829, 1402969, 1402975, 1402979, 1402983, 1402987, 1402997, 1403081, 1403086, 1403111, 1403130, 1405250, 1405987, 1405998, 1406138, 1406144, 1406148, 1406152, 1406156, 1406166, 1406250, 1406255, 1406280, 1406299, 1408428, 1409165, 1409176, 1409316, 1409322, 1409326, 1409330, 1409334, 1409344, 1409428, 1409433, 1409458, 1409477, 1411609, 1412368, 1412379, 1412519, 1412525, 1412529, 1412533, 1412537, 1412547, 1412631, 1412636, 1412661, 1412680, 1501903, 1502355, 1502425, 1502431, 1502437, 1502447, 1502546, 1502552, 1502578, 1505110, 1505392, 1505462, 1505468, 1505474, 1505484, 1505583, 1505589, 1505615, 1507573, 1507885, 1507955, 1507961, 1507967, 1507977, 1508076, 1508082, 1508108, 1510062, 1510375, 1510445, 1510451, 1510457, 1510467, 1510566, 1510572, 1510597, 1601700, 1602257, 1602281, 1602408, 1602413, 1602422, 1602447, 1602457, 1602462, 1602467, 1702711, 1703465, 1703511, 1703519, 1703524, 1703533, 1703579, 1703623, 1703635, 1706451, 1707205, 1707251, 1707259, 1707264, 1707273, 1707319, 1707363, 1707375, 1710191, 1710945, 1710991, 1710999, 1711004, 1711013, 1711059, 1711103, 1711115, 1713935, 1714685, 1714731, 1714739, 1714744, 1714753, 1714799, 1714843, 1714855, 1803195, 1803206, 1803236, 1803239, 1803315, 1803320, 1806877, 1806888, 1806918, 1806921, 1806997, 1807002;261, 331, 335, 336, 337, 340, 341, 342, 343, 255, 305, 309, 311, 312, 315, 316, 322, 323, 329, 349, 610, 668, 672, 674, 675, 678, 679, 685, 686, 692, 712, 256, 317, 324, 325, 328, 330, 593, 654, 660, 661, 662, 665, 666, 667, 333, 348, 352, 353, 354, 357, 358, 359, 802, 817, 821, 822, 823, 826, 827, 828, 334, 338, 339, 351, 355, 356, 615, 684, 688, 690, 691, 693, 694, 705, 706, 709, 710, 970, 1039, 1043, 1045, 1046, 1047, 1048, 1049, 1060, 1061, 1064, 1065, 1324, 1393, 1397, 1399, 1400, 1401, 1402, 1403, 1414, 1415, 1418, 1419, 258, 345, 346, 347, 360, 363, 744, 805, 807, 808, 809, 810, 825, 1089, 1148, 1150, 1151, 1152, 1153, 1164, 1165, 1168, 1425, 1483, 1485, 1486, 1487, 1488, 1499, 1500, 1503, 225, 318, 290, 369, 371, 373, 374, 375, 382, 391, 765, 767, 769, 770, 771, 778, 787, 1082, 1161, 1163, 1166, 1167, 1174, 1183, 1478, 1557, 1559, 1561, 1562, 1563, 1570, 1579, 1458, 1459, 1462, 1463, 1842, 1843, 1846, 1847;"{""total_rows"":215,""count_ok_importar"":215,""count_ok_eliminar"":0,""count_pending"":0,""count_review_action"":0,""count_other"":0}";import;qa_ok_importar_found
0085310180;CABLE;1,5 QMM SCHWARZ;0.001 KGM;import;qa_ok_importar_found;true;2;12V4000M40A, 16V4000M61;1100446, 1301966;319, 328;"{""total_rows"":2,""count_ok_importar"":2,""count_ok_eliminar"":0,""count_pending"":0,""count_review_action"":0,""count_other"":0}";import;qa_ok_importar_found
0085315583;CONTACT PIN;2,5QMM, STIFT, VERSILBERT;AB 2,5QMM, VERSILBERT;import;qa_ok_importar_found;true;7;12V4000M53, 12V4000M70, 16V4000M61, 16V4000M73L, 16V4000M90;1206447, 1905142, 1302599, 1302664, 1502886, 1511112, 1602249;776, 769, 414, 440, 420, 1617, 315;"{""total_rows"":7,""count_ok_importar"":7,""count_ok_eliminar"":0,""count_pending"":0,""count_review_action"":0,""count_other"":0}";import;qa_ok_importar_found
0095314348;INTEGRATED CIRCUIT;DIP-8, EEPROM_;DIP-8, EEPROM_8KX8_SER,TWR_10MS,;import;qa_ok_importar_found;true;6;12V4000M40A, 16V4000M61;1100450, 1100451, 1100452, 1100453, 1302315, 1305086;360, 367, 390, 410, 368, 837;"{""total_rows"":6,""count_ok_importar"":6,""count_ok_eliminar"":0,""count_pending"":0,""count_review_action"":0,""count_other"":0}";import;qa_ok_importar_found
0095314348/76;INTEGRATED CIRCUIT NOT ADJUSTED;;0.034 KGM;import;qa_ok_importar_found;true;1;12V4000M40A;1102389;362;"{""total_rows"":1,""count_ok_importar"":1,""count_ok_eliminar"":0,""count_pending"":0,""count_review_action"":0,""count_other"":0}";import;qa_ok_importar_found
0095316280;CABLE;7X2X0,75MM;0.302 KGM;import;qa_ok_importar_found;true;2;12V4000M53, 16V4000M61;1206577, 1302892;803, 495;"{""total_rows"":2,""count_ok_importar"":2,""count_ok_eliminar"":0,""count_pending"":0,""count_review_action"":0,""count_other"":0}";import;qa_ok_importar_found
0095319380;CABLE;2X1,5QMM;0.117 KGM;import;qa_ok_importar_found;true;3;12V4000M70, 16V4000M61, 16V4000M73L;1905208, 1302865, 1503010;783, 489, 442;"{""total_rows"":3,""count_ok_importar"":3,""count_ok_eliminar"":0,""count_pending"":0,""count_review_action"":0,""count_other"":0}";import;qa_ok_importar_found
0095319780;CABLE;2X1,00QMM SW/RT /Ø1,8MM;2 KGM;import;qa_ok_importar_found;true;1;16V4000M90;1602221;307;"{""total_rows"":1,""count_ok_importar"":1,""count_ok_eliminar"":0,""count_pending"":0,""count_review_action"":0,""count_other"":0}";import;qa_ok_importar_found
0095319880;CABLE;4X2,5QMM;0.184 KGM;import;qa_ok_importar_found;true;3;12V4000M70, 16V4000M61, 16V4000M90;1905084, 1302846, 1602616;757, 483, 369;"{""total_rows"":3,""count_ok_importar"":3,""count_ok_eliminar"":0,""count_pending"":0,""count_review_action"":0,""count_other"":0}";import;qa_ok_importar_found
0095319980;CABLE;nan;500,000 g AB;import;qa_ok_importar_found;true;2;12V4000M70, 16V4000M90;1905055, 1602232;752, 311;"{""total_rows"":2,""count_ok_importar"":2,""count_ok_eliminar"":0,""count_pending"":0,""count_review_action"":0,""count_other"":0}";import;qa_ok_importar_found
0105310780;CABLE;19X1,5QMM;500,000 g;import;qa_ok_importar_found;true;4;12V4000M70, 16V4000M61, 16V4000M73L;1905122, 1302644, 1502867, 1511093;763, 434, 414, 1611;"{""total_rows"":4,""count_ok_importar"":4,""count_ok_eliminar"":0,""count_pending"":0,""count_review_action"":0,""count_other"":0}";import;qa_ok_importar_found
0105310980;CABLE;2X2,5QMM;0.13 KGM;import;qa_ok_importar_found;true;1;16V4000M90;1602615;369;"{""total_rows"":1,""count_ok_importar"":1,""count_ok_eliminar"":0,""count_pending"":0,""count_review_action"":0,""count_other"":0}";import;qa_ok_importar_found
0105311580;CABLE;1X2X0,75 QMM;0.07 KGM;import;qa_ok_importar_found;true;19;12V4000M53, 12V4000M70, 16V4000M61, 16V4000M73L, 20V4000M93;1206465, 1905105, 1905193, 1302732, 1302817, 1302854, 1302877, 1502851, 1502997, 1503066, 1503091, 1511077, 1511226, 1511284, 1511298, 1703737, 1707477, 1711217, 1714958;781, 759, 459, 477, 486, 491, 410, 440, 455, 462, 1607, 1637, 1649, 1652, 404, 800, 1196, 1592;"{""total_rows"":19,""count_ok_importar"":19,""count_ok_eliminar"":0,""count_pending"":0,""count_review_action"":0,""count_other"":0}";import;qa_ok_importar_found
0105311680;CABLE;nan;0.085 KGM;import;qa_ok_importar_found;true;3;12V4000M53, 12V4000M70;1206456, 1905063, 1905070;778, 754;"{""total_rows"":3,""count_ok_importar"":3,""count_ok_eliminar"":0,""count_pending"":0,""count_review_action"":0,""count_other"":0}";import;qa_ok_importar_found
0105311780;CABLE;4X2X0,75 QMM;125 G;import;qa_ok_importar_found;true;9;12V4000M53, 12V4000M70, 16V4000M61, 16V4000M73L;1206564, 1206622, 1905129, 1905188, 1302652, 1302693, 1503087, 1511211, 1511319;801, 817, 765, 778, 436, 447, 459, 1632, 1656;"{""total_rows"":9,""count_ok_importar"":9,""count_ok_eliminar"":0,""count_pending"":0,""count_review_action"":0,""count_other"":0}";import;qa_ok_importar_found
0105311980;CABLE;;999,000 g;import;qa_ok_importar_found;true;1;12V4000M53;1206526;797;"{""total_rows"":1,""count_ok_importar"":1,""count_ok_eliminar"":0,""count_pending"":0,""count_review_action"":0,""count_other"":0}";import;qa_ok_importar_found
0105314680;CABLE;8X2,5MM2, + 1X2X0,75MM;0.46 KGM;import;qa_ok_importar_found;true;4;16V4000M73L;1502758, 1502796, 1510984, 1511022;401, 404, 1598, 1601;"{""total_rows"":4,""count_ok_importar"":4,""count_ok_eliminar"":0,""count_pending"":0,""count_review_action"":0,""count_other"":0}";import;qa_ok_importar_found
000125003215;DISC;3;0.001 KGM;import;qa_ok_importar_found;true;1;16V4000M90;1602490;335;"{""total_rows"":1,""count_ok_importar"":1,""count_ok_eliminar"":0,""count_pending"":0,""count_review_action"":0,""count_other"":0}";import;qa_ok_importar_found
000125004317;DISC;4;0,200 g A 4,3 DIN125;import;qa_ok_importar_found;true;3;12V4000M40A, 12V4000M53;1100465, 1202632, 1205792;359, 313, 676;"{""total_rows"":3,""count_ok_importar"":3,""count_ok_eliminar"":0,""count_pending"":0,""count_review_action"":0,""count_other"":0}";import;qa_ok_importar_found
000125005322;DISC;5;0.001 KGM;import;qa_ok_importar_found;true;149;12V4000M40A, 12V4000M53, 12V4000M70, 16V4000M61, 16V4000M73, 16V4000M73L, 16V4000M90, 20V4000M93, 20V4000M93L;1100466, 1100467, 1100468, 1100469, 1100470, 1100471, 1100472, 1100473, 1100474, 1100475, 1202481, 1202505, 1202638, 1202657, 1202691, 1202696, 1202739, 1203053, 1203073, 1205641, 1205665, 1205798, 1205817, 1205851, 1205856, 1205899, 1206213, 1206233, 1901883, 1902225, 1902261, 1902297, 1902308, 1902314, 1902320, 1904270, 1904612, 1904648, 1904684, 1904695, 1904701, 1904707, 1301982, 1302131, 1302227, 1302237, 1302261, 1302273, 1302278, 1304753, 1304902, 1304998, 1305008, 1305032, 1305044, 1305049, 1402820, 1402831, 1402996, 1403082, 1403087, 1403115, 1403134, 1405989, 1406000, 1406165, 1406251, 1406256, 1406284, 1406303, 1409167, 1409178, 1409343, 1409429, 1409434, 1409462, 1409481, 1412370, 1412381, 1412546, 1412632, 1412637, 1412665, 1412684, 1502357, 1502446, 1502547, 1502553, 1502582, 1505394, 1505483, 1505584, 1505590, 1505619, 1507887, 1507976, 1508077, 1508083, 1508112, 1510377, 1510466, 1510567, 1510573, 1510601, 1601701, 1602259, 1602283, 1602414, 1602423, 1602448, 1602458, 1602463, 1602468, 1703416, 1703467, 1703580, 1703627, 1703639, 1707156, 1707207, 1707320, 1707367, 1707379, 1710896, 1710947, 1711060, 1711107, 1711119, 1714636, 1714687, 1714800, 1714847, 1714859, 1803197, 1803208, 1803240, 1803255, 1803267, 1803284, 1803294, 1803302, 1806879, 1806890, 1806922, 1806937, 1806949, 1806966, 1806976, 1806984;261, 331, 336, 337, 340, 341, 342, 343, 359, 388, 305, 314, 316, 322, 323, 329, 349, 350, 668, 677, 679, 685, 686, 692, 712, 713, 256, 317, 324, 328, 330, 593, 654, 661, 665, 666, 667, 333, 348, 353, 354, 357, 358, 802, 817, 822, 823, 826, 827, 828, 351, 352, 355, 356, 684, 694, 705, 706, 709, 710, 1039, 1049, 1060, 1061, 1064, 1065, 1393, 1403, 1414, 1415, 1418, 1419, 360, 363, 805, 810, 821, 825, 1148, 1153, 1164, 1165, 1168, 1483, 1488, 1499, 1500, 1503, 225, 318, 325, 368, 369, 382, 391, 764, 765, 778, 787, 1160, 1161, 1174, 1183, 1556, 1557, 1570, 1579, 1458, 1459, 1460, 1842, 1843, 1844;"{""total_rows"":149,""count_ok_importar"":149,""count_ok_eliminar"":0,""count_pending"":0,""count_review_action"":0,""count_other"":0}";import;qa_ok_importar_found
000125006431;WASHER;6;0.001 KGM;import;qa_ok_importar_found;true;303;12V4000M40A, 12V4000M53, 12V4000M70, 16V4000M61, 16V4000M73, 16V4000M73L, 16V4000M90, 20V4000M93, 20V4000M93L;1100476, 1100477, 1100478, 1100479, 1100480, 1100481, 1100482, 1100483, 1100484, 1100485, 1100486, 1100487, 1200173, 1200177, 1201092, 1202326, 1202424, 1202653, 1202663, 1202669, 1202679, 1202685, 1202700, 1203061, 1203103, 1203315, 1203319, 1204231, 1205467, 1205584, 1205813, 1205823, 1205829, 1205839, 1205845, 1205860, 1206221, 1206263, 1900162, 1900710, 1900948, 1901178, 1901263, 1901878, 1902106, 1902218, 1902265, 1902275, 1902286, 1902292, 1902301, 1902324, 1902602, 1903152, 1903390, 1903620, 1903705, 1904265, 1904493, 1904605, 1904652, 1904662, 1904673, 1904679, 1904688, 1904711, 1300157, 1300803, 1300909, 1300955, 1301520, 1301760, 1301987, 1302124, 1302232, 1302241, 1302250, 1302255, 1302266, 1303079, 1303714, 1303820, 1303866, 1304433, 1304672, 1304758, 1304895, 1305003, 1305012, 1305021, 1305026, 1305037, 1400205, 1401091, 1402544, 1402809, 1403019, 1403028, 1403029, 1403035, 1403045, 1403055, 1403064, 1403076, 1403091, 1403097, 1403105, 1403148, 1403375, 1404260, 1405713, 1405978, 1406188, 1406197, 1406198, 1406204, 1406214, 1406224, 1406233, 1406245, 1406260, 1406266, 1406274, 1406317, 1406544, 1407429, 1408891, 1409156, 1409366, 1409375, 1409376, 1409382, 1409392, 1409402, 1409411, 1409423, 1409438, 1409444, 1409452, 1409495, 1409722, 1410607, 1412094, 1412359, 1412569, 1412578, 1412579, 1412585, 1412595, 1412605, 1412614, 1412626, 1412641, 1412647, 1412655, 1412700, 1500153, 1500898, 1502178, 1502335, 1502476, 1502486, 1502487, 1502494, 1502505, 1502516, 1502527, 1502540, 1502558, 1502565, 1502573, 1503359, 1504105, 1505319, 1505372, 1505513, 1505523, 1505524, 1505531, 1505542, 1505553, 1505564, 1505577, 1505595, 1505602, 1505610, 1505822, 1506568, 1507812, 1507865, 1508006, 1508016, 1508017, 1508024, 1508035, 1508046, 1508057, 1508070, 1508088, 1508095, 1508103, 1508309, 1509052, 1510301, 1510355, 1510496, 1510506, 1510507, 1510514, 1510525, 1510536, 1510547, 1510560, 1510578, 1510585, 1510593, 1600176, 1600952, 1601089, 1601164, 1601696, 1601947, 1602252, 1602418, 1602427, 1602438, 1602443, 1602452, 1602472, 1700161, 1701224, 1702954, 1703316, 1703335, 1703539, 1703562, 1703571, 1703574, 1703584, 1703589, 1703595, 1703601, 1703607, 1703630, 1703662, 1703906, 1704964, 1706694, 1707056, 1707075, 1707279, 1707302, 1707311, 1707314, 1707324, 1707329, 1707335, 1707341, 1707347, 1707370, 1707402, 1707646, 1708704, 1710434, 1710795, 1710815, 1711019, 1711042, 1711051, 1711054, 1711064, 1711069, 1711075, 1711081, 1711087, 1711110, 1711142, 1711386, 1712454, 1714177, 1714536, 1714555, 1714759, 1714782, 1714791, 1714794, 1714804, 1714809, 1714815, 1714821, 1714827, 1714850, 1714882, 1800159, 1801187, 1803019, 1803171, 1803540, 1803730, 1804793, 1806677, 1806853, 1807222;31, 152, 160, 260, 288, 331, 336, 337, 338, 339, 340, 343, 40, 151, 279, 303, 316, 317, 318, 320, 321, 324, 349, 356, 395, 506, 636, 666, 679, 680, 681, 683, 684, 687, 712, 719, 43, 121, 154, 178, 190, 255, 325, 326, 327, 328, 382, 460, 493, 517, 529, 592, 625, 654, 661, 662, 663, 664, 665, 668, 30, 142, 163, 234, 276, 333, 348, 353, 354, 355, 357, 537, 646, 658, 667, 736, 775, 802, 817, 822, 823, 824, 825, 826, 162, 301, 330, 344, 345, 346, 347, 350, 359, 397, 516, 655, 697, 698, 699, 700, 701, 702, 703, 704, 707, 708, 709, 713, 751, 870, 1010, 1039, 1052, 1053, 1054, 1055, 1056, 1057, 1058, 1059, 1062, 1063, 1064, 1068, 1106, 1225, 1364, 1393, 1406, 1407, 1408, 1409, 1410, 1411, 1412, 1413, 1416, 1417, 1418, 1422, 32, 149, 319, 342, 351, 352, 358, 361, 362, 363, 635, 796, 804, 813, 814, 815, 816, 818, 819, 820, 862, 980, 1139, 1147, 1156, 1157, 1158, 1159, 1160, 1161, 1162, 1163, 1166, 1167, 1168, 1205, 1321, 1474, 1482, 1491, 1492, 1493, 1494, 1495, 1496, 1497, 1498, 1501, 1502, 1503, 37, 146, 170, 224, 264, 367, 376, 379, 380, 381, 383, 384, 385, 386, 387, 391, 392, 436, 566, 716, 757, 763, 772, 776, 777, 779, 780, 781, 782, 783, 787, 788, 832, 962, 1112, 1153, 1171, 1172, 1173, 1175, 1176, 1177, 1178, 1179, 1183, 1184, 1228, 1358, 1508, 1549, 1555, 1564, 1567, 1568, 1569, 1571, 1572, 1573, 1574, 1575, 1579, 1580, 1142, 1267, 1429, 1458, 1478, 1515, 1644, 1809, 1842, 1862;"{""total_rows"":303,""count_ok_importar"":303,""count_ok_eliminar"":0,""count_pending"":0,""count_review_action"":0,""count_other"":0}";import;qa_ok_importar_found
000125008427;WASHER;8;0.001 KGM;import;qa_ok_importar_found;true;576;12V4000M40A, 12V4000M53, 12V4000M70, 16V4000M61, 16V4000M73, 16V4000M73L, 16V4000M90, 20V4000M93, 20V4000M93L;1100488, 1100489, 1100490, 1100491, 1100492, 1100493, 1100494, 1100495, 1100496, 1100497, 1100498, 1100499, 1100500, 1200101, 1200184, 1200194, 1200198, 1200200, 1200240, 1200251, 1200273, 1200373, 1200658, 1200814, 1200826, 1200829, 1201077, 1201111, 1201114, 1201217, 1201220, 1201725, 1201729, 1201825, 1202093, 1202340, 1202443, 1202455, 1202462, 1202490, 1202494, 1202526, 1202537, 1202548, 1202554, 1202558, 1202865, 1202868, 1202903, 1203064, 1203244, 1203326, 1203336, 1203340, 1203342, 1203383, 1203394, 1203417, 1203514, 1203798, 1203953, 1203965, 1203968, 1204216, 1204250, 1204253, 1204356, 1204359, 1204864, 1204868, 1204964, 1205232, 1205481, 1205603, 1205615, 1205622, 1205650, 1205654, 1205686, 1205697, 1205708, 1205714, 1205718, 1206020, 1206028, 1206063, 1206224, 1900062, 1900113, 1900279, 1900709, 1900872, 1900877, 1900883, 1900893, 1900897, 1900930, 1900934, 1900953, 1900961, 1901006, 1901621, 1901625, 1901646, 1901924, 1902502, 1902553, 1902719, 1903151, 1903314, 1903319, 1903325, 1903335, 1903339, 1903372, 1903376, 1903395, 1903403, 1903448, 1904008, 1904012, 1904033, 1904311, 1300069, 1300111, 1300267, 1300785, 1300789, 1300808, 1300853, 1301316, 1301377, 1301684, 1302199, 1302991, 1303033, 1303189, 1303696, 1303700, 1303719, 1303764, 1304229, 1304290, 1304596, 1304970, 1400107, 1400194, 1400197, 1400229, 1400241, 1400397, 1400818, 1401063, 1401077, 1401275, 1401278, 1401716, 1401863, 1401867, 1401919, 1402476, 1402634, 1402637, 1402651, 1402836, 1402850, 1402854, 1402881, 1402902, 1402921, 1402933, 1402936, 1403109, 1403119, 1403124, 1403279, 1403364, 1403367, 1403398, 1403410, 1403563, 1403987, 1404232, 1404246, 1404444, 1404447, 1404885, 1405032, 1405036, 1405088, 1405645, 1405803, 1405806, 1405820, 1406005, 1406019, 1406023, 1406050, 1406071, 1406090, 1406102, 1406105, 1406278, 1406288, 1406293, 1406448, 1406533, 1406536, 1406567, 1406579, 1406732, 1407156, 1407401, 1407415, 1407613, 1407616, 1408063, 1408210, 1408214, 1408266, 1408823, 1408981, 1408984, 1408998, 1409183, 1409197, 1409201, 1409228, 1409249, 1409268, 1409280, 1409283, 1409456, 1409466, 1409471, 1409626, 1409711, 1409714, 1409745, 1409757, 1409910, 1410334, 1410579, 1410593, 1410791, 1410794, 1411241, 1411390, 1411394, 1411447, 1412024, 1412185, 1412188, 1412203, 1412386, 1412400, 1412404, 1412431, 1412452, 1412471, 1412483, 1412486, 1412659, 1412669, 1412674, 1500071, 1500139, 1500296, 1500638, 1500870, 1501043, 1501519, 1501568, 1501894, 1502310, 1502363, 1502576, 1503277, 1503345, 1503502, 1503844, 1504077, 1504250, 1504726, 1504775, 1505101, 1505347, 1505400, 1505613, 1505740, 1505808, 1505965, 1506307, 1506540, 1506713, 1507189, 1507238, 1507564, 1507840, 1507893, 1508106, 1508227, 1508295, 1508452, 1508795, 1509024, 1509197, 1509677, 1509726, 1510053, 1510329, 1510383, 1510595, 1600064, 1600120, 1600298, 1600878, 1600888, 1600898, 1600909, 1600913, 1600933, 1600938, 1600957, 1600965, 1601008, 1601497, 1601752, 1601876, 1601962, 1602359, 1602367, 1700115, 1700200, 1700211, 1700239, 1700383, 1700803, 1701195, 1701209, 1701356, 1701389, 1701396, 1701431, 1701611, 1701614, 1701900, 1702154, 1702171, 1702175, 1702249, 1702399, 1702470, 1702501, 1702504, 1702572, 1702592, 1702644, 1702893, 1702936, 1703048, 1703051, 1703083, 1703341, 1703355, 1703359, 1703392, 1703420, 1703423, 1703437, 1703440, 1703446, 1703612, 1703633, 1703645, 1703861, 1703944, 1703955, 1703983, 1704128, 1704549, 1704935, 1704949, 1705096, 1705129, 1705136, 1705171, 1705351, 1705354, 1705640, 1705894, 1705911, 1705915, 1705989, 1706139, 1706210, 1706241, 1706244, 1706312, 1706332, 1706384, 1706633, 1706676, 1706788, 1706791, 1706823, 1707081, 1707095, 1707099, 1707132, 1707160, 1707163, 1707177, 1707180, 1707186, 1707352, 1707373, 1707385, 1707601, 1707684, 1707695, 1707723, 1707868, 1708289, 1708675, 1708689, 1708836, 1708869, 1708876, 1708911, 1709091, 1709094, 1709380, 1709634, 1709651, 1709655, 1709729, 1709879, 1709950, 1709981, 1709984, 1710052, 1710072, 1710124, 1710373, 1710416, 1710528, 1710531, 1710563, 1710821, 1710835, 1710839, 1710872, 1710900, 1710903, 1710917, 1710920, 1710926, 1711092, 1711113, 1711125, 1711341, 1711424, 1711435, 1711463, 1711608, 1712032, 1712424, 1712438, 1712583, 1712616, 1712623, 1712658, 1712838, 1712841, 1713125, 1713376, 1713394, 1713398, 1713473, 1713623, 1713694, 1713725, 1713728, 1713796, 1713816, 1713868, 1714114, 1714159, 1714276, 1714279, 1714306, 1714561, 1714575, 1714579, 1714612, 1714640, 1714643, 1714657, 1714660, 1714666, 1714832, 1714853, 1714864, 1800006, 1800013, 1800019, 1800097, 1800197, 1800208, 1800236, 1800374, 1800777, 1801158, 1801172, 1801322, 1801355, 1801362, 1801397, 1801500, 1801503, 1802058, 1802145, 1802161, 1802165, 1802251, 1802452, 1802522, 1802553, 1802557, 1802624, 1802644, 1802696, 1802955, 1803001, 1803178, 1803220, 1803234, 1803261, 1803278, 1803578, 1803585, 1803591, 1803669, 1803768, 1803780, 1803808, 1803947, 1804383, 1804764, 1804778, 1804928, 1804961, 1804968, 1805003, 1805106, 1805109, 1805717, 1805803, 1805820, 1805824, 1805910, 1806111, 1806181, 1806212, 1806216, 1806283, 1806303, 1806355, 1806614, 1806659, 1806860, 1806902, 1806916, 1806943, 1806960;16, 20, 26, 48, 50, 131, 135, 143, 224, 230, 247, 280, 332, 31, 40, 41, 42, 61, 108, 122, 151, 152, 164, 223, 235, 249, 283, 304, 305, 306, 338, 339, 349, 386, 395, 396, 397, 416, 463, 477, 506, 507, 519, 578, 590, 604, 640, 667, 668, 669, 701, 702, 712, 37, 60, 121, 138, 139, 153, 154, 161, 236, 239, 260, 370, 376, 399, 460, 478, 490, 492, 493, 500, 573, 576, 597, 19, 25, 44, 141, 142, 149, 214, 219, 261, 526, 532, 551, 643, 645, 646, 653, 716, 721, 761, 818, 33, 43, 66, 132, 162, 181, 227, 241, 294, 319, 320, 330, 331, 355, 387, 398, 420, 486, 516, 535, 581, 595, 603, 648, 673, 674, 684, 685, 686, 709, 741, 751, 752, 774, 840, 870, 889, 936, 950, 958, 1003, 1028, 1029, 1039, 1040, 1041, 1064, 1096, 1106, 1107, 1129, 1195, 1225, 1244, 1290, 1304, 1312, 1357, 1382, 1383, 1393, 1394, 1395, 1418, 22, 32, 53, 118, 169, 229, 256, 337, 343, 363, 517, 538, 635, 655, 710, 715, 742, 799, 805, 825, 852, 862, 883, 948, 980, 1000, 1055, 1060, 1087, 1142, 1148, 1168, 1205, 1226, 1291, 1321, 1340, 1392, 1397, 1423, 1477, 1483, 1503, 23, 30, 145, 146, 213, 233, 252, 266, 63, 170, 189, 190, 207, 258, 269, 285, 286, 287, 288, 310, 318, 342, 367, 368, 369, 391, 392, 428, 436, 437, 459, 527, 566, 585, 586, 637, 654, 665, 676, 681, 682, 683, 706, 714, 738, 739, 763, 764, 765, 787, 788, 824, 832, 833, 855, 923, 962, 981, 982, 999, 1033, 1050, 1061, 1072, 1077, 1078, 1079, 1080, 1102, 1110, 1134, 1135, 1159, 1160, 1161, 1183, 1184, 1220, 1228, 1229, 1251, 1319, 1358, 1377, 1378, 1429, 1446, 1457, 1468, 1473, 1474, 1475, 1476, 1498, 1506, 1530, 1531, 1555, 1556, 1557, 1579, 1580, 1123, 1133, 1143, 1163, 1231, 1267, 1286, 1287, 1295, 1352, 1363, 1372, 1388, 1396, 1419, 1427, 1458, 1459, 1460, 1496, 1515, 1516, 1536, 1608, 1644, 1663, 1664, 1672, 1732, 1743, 1752, 1768, 1774, 1775, 1776, 1777, 1799, 1807, 1842, 1843, 1844;"{""total_rows"":576,""count_ok_importar"":576,""count_ok_eliminar"":0,""count_pending"":0,""count_review_action"":0,""count_other"":0}";import;qa_ok_importar_found
000125010521;WASHER;A 10,5;4.000 g;import;qa_ok_importar_found;true;14;16V4000M73, 16V4000M73L, 20V4000M93, 20V4000M93L;1400763, 1403932, 1407101, 1410279, 1500605, 1503811, 1506274, 1508762, 1700760, 1704506, 1708246, 1711988, 1800728, 1804334;126, 480, 834, 1189, 114, 599, 944, 1287, 522, 918, 1314, 1225, 1602;"{""total_rows"":14,""count_ok_importar"":14,""count_ok_eliminar"":0,""count_pending"":0,""count_review_action"":0,""count_other"":0}";import;qa_ok_importar_found
000125010524;WASHER;10;0.003 KGM;import;qa_ok_importar_found;true;626;12V4000M40A, 12V4000M53, 12V4000M70, 16V4000M61, 16V4000M73, 16V4000M73L, 16V4000M90, 20V4000M93, 20V4000M93L;1100501, 1100502, 1100503, 1100504, 1100505, 1100506, 1100507, 1100508, 1100509, 1100510, 1100511, 1100512, 1100513, 1100514, 1100515, 1100516, 1100517, 1100518, 1100519, 1100520, 1200016, 1200107, 1200249, 1200534, 1200624, 1200857, 1201000, 1201013, 1201032, 1201104, 1201123, 1201134, 1201153, 1201157, 1201192, 1201224, 1201234, 1201286, 1201332, 1201369, 1201392, 1201416, 1201565, 1201695, 1201702, 1201814, 1202066, 1202076, 1202195, 1202211, 1202229, 1202238, 1202244, 1202375, 1202449, 1202476, 1202499, 1202520, 1202523, 1202577, 1202584, 1202595, 1203167, 1203250, 1203392, 1203675, 1203763, 1203997, 1204139, 1204152, 1204171, 1204243, 1204262, 1204273, 1204292, 1204296, 1204331, 1204363, 1204373, 1204425, 1204471, 1204508, 1204531, 1204555, 1204704, 1204834, 1204841, 1204953, 1205205, 1205215, 1205334, 1205350, 1205368, 1205377, 1205383, 1205516, 1205609, 1205636, 1205659, 1205680, 1205683, 1205737, 1205744, 1205755, 1900008, 1900153, 1900459, 1900695, 1900756, 1900914, 1900940, 1900994, 1901010, 1901175, 1901211, 1901216, 1901280, 1901446, 1901454, 1901477, 1901594, 1901602, 1901904, 1901908, 1902027, 1902049, 1902116, 1902448, 1902593, 1902899, 1903137, 1903198, 1903356, 1903382, 1903436, 1903452, 1903617, 1903653, 1903658, 1903722, 1903833, 1903841, 1903864, 1903981, 1903989, 1904291, 1904295, 1904414, 1904436, 1904503, 1300011, 1300147, 1300435, 1300646, 1300697, 1300766, 1300795, 1300865, 1300906, 1300922, 1300973, 1300978, 1301199, 1301228, 1301321, 1301541, 1301673, 1301767, 1302163, 1302933, 1303069, 1303358, 1303557, 1303608, 1303677, 1303706, 1303776, 1303817, 1303833, 1303884, 1303889, 1304112, 1304141, 1304234, 1304454, 1304585, 1304679, 1304934, 1400252, 1400548, 1400720, 1400857, 1401123, 1401154, 1401162, 1401174, 1401217, 1401251, 1401282, 1401292, 1401345, 1401846, 1401853, 1401899, 1401903, 1402386, 1402459, 1402494, 1402496, 1402514, 1402562, 1402841, 1402857, 1402860, 1402892, 1402899, 1402930, 1402947, 1402950, 1402957, 1403421, 1403716, 1403889, 1404026, 1404292, 1404323, 1404331, 1404343, 1404386, 1404420, 1404451, 1404461, 1404514, 1405015, 1405022, 1405068, 1405072, 1405555, 1405628, 1405663, 1405665, 1405683, 1405731, 1406010, 1406026, 1406029, 1406061, 1406068, 1406099, 1406116, 1406119, 1406126, 1406590, 1406885, 1407058, 1407195, 1407461, 1407492, 1407500, 1407512, 1407555, 1407589, 1407620, 1407630, 1407683, 1408193, 1408200, 1408246, 1408250, 1408733, 1408806, 1408841, 1408843, 1408861, 1408909, 1409188, 1409204, 1409207, 1409239, 1409246, 1409277, 1409294, 1409297, 1409304, 1409768, 1410063, 1410236, 1410373, 1410639, 1410670, 1410678, 1410690, 1410733, 1410767, 1410798, 1410808, 1410861, 1411372, 1411380, 1411427, 1411431, 1411932, 1412007, 1412042, 1412044, 1412063, 1412111, 1412391, 1412407, 1412410, 1412442, 1412449, 1412480, 1412497, 1412500, 1412507, 1500172, 1500424, 1500566, 1500669, 1500931, 1500952, 1500967, 1500999, 1501004, 1501061, 1501547, 1501590, 1501681, 1501749, 1501878, 1501923, 1502031, 1502368, 1503378, 1503630, 1503772, 1503875, 1504138, 1504159, 1504174, 1504206, 1504211, 1504268, 1504754, 1504797, 1504888, 1504956, 1505085, 1505130, 1505238, 1505405, 1505841, 1506093, 1506235, 1506338, 1506601, 1506622, 1506637, 1506669, 1506674, 1506731, 1507217, 1507260, 1507351, 1507419, 1507548, 1507593, 1507695, 1507898, 1508328, 1508581, 1508723, 1508826, 1509085, 1509106, 1509121, 1509153, 1509158, 1509215, 1509705, 1509839, 1509907, 1510036, 1510082, 1510183, 1510388, 1600011, 1600159, 1600462, 1600761, 1600816, 1600944, 1600997, 1601013, 1601043, 1601086, 1601106, 1601124, 1601181, 1601190, 1601325, 1601333, 1601356, 1601473, 1601481, 1601839, 1601861, 1601997, 1602307, 1700104, 1700193, 1700201, 1700259, 1700542, 1700717, 1700846, 1701281, 1701289, 1701300, 1701320, 1701327, 1701337, 1701472, 1701536, 1701550, 1701585, 1701618, 1702158, 1702177, 1702229, 1702233, 1702321, 1702800, 1702876, 1702926, 1702972, 1703346, 1703349, 1703362, 1703377, 1703388, 1703404, 1703426, 1703431, 1703457, 1703477, 1703495, 1703505, 1703655, 1703850, 1703937, 1703945, 1704003, 1704290, 1704463, 1704592, 1705021, 1705029, 1705040, 1705060, 1705067, 1705077, 1705212, 1705276, 1705290, 1705325, 1705358, 1705898, 1705917, 1705969, 1705973, 1706061, 1706540, 1706616, 1706666, 1706712, 1707086, 1707089, 1707102, 1707117, 1707128, 1707144, 1707166, 1707171, 1707197, 1707217, 1707235, 1707245, 1707395, 1707590, 1707677, 1707685, 1707743, 1708030, 1708203, 1708332, 1708761, 1708769, 1708780, 1708800, 1708807, 1708817, 1708952, 1709016, 1709030, 1709065, 1709098, 1709638, 1709657, 1709709, 1709713, 1709801, 1710280, 1710356, 1710406, 1710452, 1710826, 1710829, 1710842, 1710857, 1710868, 1710884, 1710906, 1710911, 1710937, 1710957, 1710975, 1710985, 1711135, 1711330, 1711417, 1711425, 1711483, 1711770, 1711943, 1712075, 1712509, 1712516, 1712527, 1712547, 1712554, 1712564, 1712698, 1712761, 1712776, 1712811, 1712845, 1713380, 1713401, 1713453, 1713457, 1713545, 1714023, 1714097, 1714149, 1714194, 1714566, 1714569, 1714582, 1714597, 1714608, 1714624, 1714646, 1714651, 1714677, 1714697, 1714715, 1714725, 1714875, 1800105, 1800158, 1800190, 1800198, 1800255, 1800514, 1800684, 1800805, 1801246, 1801253, 1801264, 1801284, 1801291, 1801303, 1801437, 1801441, 1801507, 1801560, 1802149, 1802174, 1802231, 1802235, 1802274, 1802370, 1802859, 1802938, 1802991, 1803058, 1803677, 1803729, 1803761, 1803769, 1803827, 1804087, 1804290, 1804411, 1804852, 1804859, 1804870, 1804890, 1804897, 1804909, 1805043, 1805047, 1805113, 1805166, 1805808, 1805833, 1805890, 1805894, 1805933, 1806029, 1806518, 1806597, 1806649, 1806716;13, 29, 80, 98, 120, 126, 143, 148, 152, 154, 162, 198, 200, 224, 246, 247, 279, 294, 304, 332, 22, 31, 41, 91, 107, 127, 145, 147, 158, 160, 163, 164, 168, 174, 184, 191, 194, 213, 223, 234, 249, 264, 265, 289, 305, 306, 307, 377, 386, 396, 446, 462, 482, 500, 502, 507, 513, 515, 518, 519, 523, 529, 539, 546, 549, 568, 578, 589, 602, 604, 619, 620, 646, 667, 668, 669, 670, 24, 94, 121, 129, 144, 153, 161, 178, 181, 192, 212, 214, 236, 259, 260, 292, 363, 380, 433, 460, 468, 483, 492, 517, 520, 531, 551, 573, 596, 597, 616, 629, 12, 28, 79, 115, 132, 141, 149, 156, 167, 195, 197, 238, 349, 535, 586, 625, 636, 645, 653, 658, 660, 671, 697, 699, 716, 739, 760, 778, 818, 44, 97, 123, 138, 170, 173, 180, 183, 189, 241, 248, 287, 293, 298, 299, 330, 331, 398, 451, 477, 521, 524, 527, 534, 537, 543, 595, 603, 641, 647, 652, 659, 684, 685, 686, 752, 805, 831, 846, 875, 878, 881, 888, 889, 891, 897, 950, 957, 958, 996, 1002, 1007, 1008, 1014, 1039, 1040, 1041, 1107, 1160, 1186, 1201, 1230, 1233, 1236, 1243, 1244, 1246, 1252, 1304, 1311, 1312, 1350, 1356, 1361, 1362, 1368, 1393, 1394, 1395, 33, 84, 111, 159, 166, 169, 171, 229, 243, 250, 255, 286, 343, 569, 608, 639, 642, 655, 657, 715, 720, 729, 736, 741, 746, 772, 863, 914, 941, 953, 984, 987, 990, 997, 1000, 1060, 1065, 1074, 1081, 1086, 1091, 1114, 1148, 1206, 1257, 1284, 1296, 1325, 1328, 1331, 1337, 1340, 1342, 1397, 1410, 1417, 1422, 1427, 1449, 1483, 17, 34, 90, 133, 165, 172, 190, 211, 272, 318, 32, 40, 95, 137, 182, 185, 193, 201, 206, 207, 258, 268, 269, 276, 302, 309, 324, 367, 368, 369, 370, 392, 428, 436, 437, 491, 533, 574, 581, 654, 664, 665, 672, 698, 705, 714, 763, 764, 765, 766, 788, 824, 832, 833, 887, 915, 929, 970, 974, 977, 985, 993, 998, 999, 1050, 1051, 1061, 1068, 1094, 1101, 1110, 1116, 1159, 1161, 1162, 1184, 1220, 1228, 1229, 1283, 1366, 1370, 1373, 1381, 1389, 1446, 1447, 1456, 1457, 1464, 1490, 1497, 1506, 1512, 1555, 1556, 1557, 1558, 1580, 1133, 1139, 1142, 1143, 1195, 1222, 1235, 1276, 1279, 1282, 1290, 1294, 1295, 1301, 1363, 1364, 1371, 1372, 1374, 1384, 1411, 1418, 1436, 1515, 1516, 1568, 1599, 1612, 1653, 1656, 1659, 1667, 1671, 1672, 1678, 1743, 1744, 1751, 1752, 1754, 1764, 1791, 1798, 1807, 1816;"{""total_rows"":626,""count_ok_importar"":626,""count_ok_eliminar"":0,""count_pending"":0,""count_review_action"":0,""count_other"":0}";import;qa_ok_importar_found
000125013012;WASHER;12;0.006 KGM;import;qa_ok_importar_found;true;362;12V4000M40A, 12V4000M53, 12V4000M70, 16V4000M61, 16V4000M73, 16V4000M73L, 16V4000M90, 20V4000M93, 20V4000M93L;1100521, 1100522, 1100523, 1100524, 1100525, 1100526, 1100527, 1100528, 1100529, 1100530, 1100531, 1100532, 1100533, 1201162, 1201168, 1201178, 1201187, 1201199, 1201336, 1201359, 1201437, 1201713, 1201720, 1201788, 1201808, 1201827, 1202050, 1202057, 1202534, 1202551, 1204301, 1204307, 1204317, 1204326, 1204338, 1204475, 1204498, 1204576, 1204852, 1204859, 1204927, 1204947, 1204966, 1205189, 1205196, 1205694, 1205711, 1900191, 1900867, 1901196, 1901209, 1901234, 1901236, 1901249, 1901612, 1901616, 1901887, 1901897, 1901991, 1902045, 1902086, 1902095, 1902631, 1903309, 1903638, 1903651, 1903676, 1903678, 1903691, 1903999, 1904003, 1904274, 1904284, 1904378, 1904432, 1904473, 1904482, 1300182, 1300934, 1301241, 1301311, 1301497, 1301534, 1301634, 1301669, 1301686, 1301738, 1303104, 1303845, 1304154, 1304224, 1304410, 1304447, 1304546, 1304581, 1304598, 1304650, 1400330, 1401223, 1401229, 1401239, 1401246, 1401258, 1401539, 1401710, 1401858, 1401875, 1401883, 1401890, 1402327, 1402441, 1402847, 1402912, 1402953, 1402964, 1403136, 1403140, 1403498, 1404392, 1404398, 1404408, 1404415, 1404427, 1404708, 1404879, 1405027, 1405044, 1405052, 1405059, 1405496, 1405610, 1406016, 1406081, 1406122, 1406133, 1406305, 1406309, 1406667, 1407561, 1407567, 1407577, 1407584, 1407596, 1407886, 1408057, 1408205, 1408222, 1408230, 1408237, 1408674, 1408788, 1409194, 1409259, 1409300, 1409311, 1409483, 1409487, 1409845, 1410739, 1410745, 1410755, 1410762, 1410774, 1411064, 1411235, 1411385, 1411402, 1411411, 1411418, 1411873, 1411989, 1412397, 1412462, 1412503, 1412514, 1412686, 1412690, 1500232, 1501010, 1501324, 1501513, 1501563, 1501650, 1501862, 1501914, 1502374, 1502592, 1503438, 1504217, 1504531, 1504720, 1504770, 1504857, 1505069, 1505121, 1505411, 1505629, 1505901, 1506680, 1506994, 1507183, 1507233, 1507320, 1507532, 1507584, 1507904, 1508122, 1508388, 1509164, 1509480, 1509671, 1509721, 1509807, 1510020, 1510073, 1510394, 1510611, 1600201, 1600883, 1600904, 1601102, 1601114, 1601145, 1601150, 1601152, 1601370, 1601456, 1601466, 1601655, 1601815, 1601857, 1601878, 1601916, 1601924, 1700230, 1701556, 1701562, 1701573, 1701580, 1701592, 1701894, 1701926, 1702122, 1702166, 1702187, 1702213, 1702220, 1702371, 1702374, 1702744, 1702858, 1702940, 1703352, 1703474, 1703617, 1703974, 1705296, 1705302, 1705313, 1705320, 1705332, 1705634, 1705666, 1705862, 1705906, 1705927, 1705953, 1705960, 1706111, 1706114, 1706484, 1706598, 1706680, 1707092, 1707214, 1707357, 1707714, 1709036, 1709042, 1709053, 1709060, 1709072, 1709374, 1709406, 1709602, 1709646, 1709667, 1709693, 1709700, 1709851, 1709854, 1710224, 1710338, 1710420, 1710832, 1710954, 1711097, 1711454, 1712782, 1712788, 1712799, 1712806, 1712818, 1713119, 1713151, 1713345, 1713389, 1713411, 1713437, 1713444, 1713595, 1713598, 1713967, 1714079, 1714163, 1714572, 1714694, 1714837, 1800227, 1800308, 1801447, 1801453, 1801464, 1801471, 1801483, 1801826, 1802052, 1802084, 1802156, 1802196, 1802215, 1802222, 1802420, 1802423, 1802792, 1802920, 1803005, 1803249, 1803274, 1803308, 1803799, 1803881, 1805053, 1805059, 1805070, 1805077, 1805089, 1805485, 1805711, 1805743, 1805815, 1805855, 1805874, 1805881, 1806079, 1806082, 1806451, 1806579, 1806663, 1806931, 1806956, 1806990;36, 131, 154, 157, 201, 224, 246, 267, 279, 280, 286, 303, 304, 163, 184, 191, 196, 223, 234, 235, 247, 306, 518, 539, 546, 551, 578, 589, 590, 602, 669, 48, 138, 180, 183, 236, 259, 269, 387, 477, 519, 522, 523, 573, 596, 606, 616, 623, 35, 156, 198, 214, 232, 238, 251, 260, 261, 274, 542, 660, 700, 716, 734, 739, 752, 760, 761, 773, 55, 209, 227, 241, 242, 248, 278, 293, 330, 332, 356, 409, 534, 563, 581, 595, 632, 647, 684, 686, 710, 763, 888, 918, 936, 950, 951, 957, 987, 1002, 1039, 1041, 1065, 1118, 1243, 1273, 1290, 1304, 1305, 1311, 1341, 1356, 1393, 1395, 1419, 43, 169, 204, 229, 239, 255, 343, 363, 528, 655, 690, 715, 725, 741, 746, 805, 825, 873, 1000, 1035, 1055, 1060, 1070, 1086, 1091, 1148, 1168, 1216, 1340, 1373, 1392, 1397, 1406, 1422, 1427, 1483, 1503, 42, 139, 164, 168, 193, 211, 222, 250, 252, 262, 41, 206, 244, 253, 258, 268, 309, 318, 367, 369, 391, 437, 637, 640, 649, 654, 664, 675, 689, 705, 714, 765, 787, 833, 998, 1033, 1036, 1045, 1050, 1051, 1071, 1085, 1101, 1110, 1159, 1161, 1183, 1229, 1394, 1429, 1432, 1441, 1446, 1447, 1456, 1467, 1481, 1497, 1506, 1555, 1557, 1579, 1143, 1152, 1294, 1333, 1352, 1355, 1363, 1364, 1371, 1387, 1401, 1418, 1459, 1460, 1516, 1525, 1671, 1713, 1732, 1735, 1743, 1744, 1751, 1767, 1781, 1798, 1807, 1843, 1844;"{""total_rows"":362,""count_ok_importar"":362,""count_ok_eliminar"":0,""count_pending"":0,""count_review_action"":0,""count_other"":0}";import;qa_ok_importar_found
000125017014;DISC;16;9.700 g A 17 DIN125;import;qa_ok_importar_found;true;70;12V4000M40A, 12V4000M53, 12V4000M70, 16V4000M61, 16V4000M73, 16V4000M73L, 16V4000M90, 20V4000M93, 20V4000M93L;1100534, 1100535, 1100536, 1100537, 1200127, 1200413, 1202098, 1202100, 1203269, 1203553, 1205237, 1205239, 1900337, 1901288, 1901675, 1902777, 1903730, 1904062, 1300323, 1300984, 1301404, 1303245, 1303895, 1304317, 1400135, 1400428, 1401363, 1403306, 1403594, 1404532, 1406475, 1406763, 1407710, 1409653, 1409941, 1410888, 1500093, 1500315, 1501125, 1503299, 1503521, 1504332, 1505762, 1505984, 1506795, 1508249, 1508471, 1509281, 1600350, 1601780, 1700135, 1700410, 1701629, 1703880, 1704157, 1705369, 1707620, 1707897, 1709109, 1711360, 1711637, 1712856, 1800123, 1800400, 1801604, 1802810, 1803695, 1803972, 1805263, 1806469;55, 167, 231, 301, 35, 66, 250, 390, 421, 605, 70, 195, 240, 409, 534, 577, 54, 170, 220, 561, 673, 722, 38, 71, 392, 425, 549, 746, 779, 904, 1101, 1134, 1259, 27, 58, 184, 512, 543, 670, 857, 888, 1015, 1200, 1231, 1355, 65, 234, 36, 69, 213, 432, 465, 609, 828, 861, 1005, 1224, 1257, 1401, 1138, 1169, 1310, 1406, 1511, 1542, 1690, 1786;"{""total_rows"":70,""count_ok_importar"":70,""count_ok_eliminar"":0,""count_pending"":0,""count_review_action"":0,""count_other"":0}";import;qa_ok_importar_found
000125021009;DISC;20;14.700 g A 21 DIN125;import;qa_ok_importar_found;true;27;12V4000M40A, 16V4000M73, 16V4000M73L, 20V4000M93, 20V4000M93L;1100538, 1402344, 1402617, 1405513, 1405786, 1408691, 1408964, 1411890, 1412166, 1502145, 1505287, 1507784, 1510273, 1702261, 1702263, 1703019, 1706001, 1706003, 1706759, 1709741, 1709743, 1710499, 1713485, 1713487, 1714241, 1803022, 1806680;301, 283, 315, 637, 669, 992, 1024, 1346, 1378, 306, 785, 1130, 1465, 271, 335, 667, 731, 1063, 1127, 1459, 1523, 1431, 1811;"{""total_rows"":27,""count_ok_importar"":27,""count_ok_eliminar"":0,""count_pending"":0,""count_review_action"":0,""count_other"":0}";import;qa_ok_importar_found
000125027004;DISC;27;0.039 KGM;import;qa_ok_importar_found;true;4;16V4000M73L;1502047, 1505254, 1507711, 1510200;288, 774, 1116, 1451;"{""total_rows"":4,""count_ok_importar"":4,""count_ok_eliminar"":0,""count_pending"":0,""count_review_action"":0,""count_other"":0}";import;qa_ok_importar_found
000127006203;SPLIT WASHER;B 6;0.001 KGM;import;qa_ok_importar_found;true;14;16V4000M73, 16V4000M73L, 20V4000M93, 20V4000M93L;1401656, 1404825, 1408003, 1411175, 1501452, 1504659, 1507122, 1509610, 1701831, 1705571, 1709310, 1713056, 1801985, 1805644;222, 576, 931, 1285, 219, 705, 1050, 1387, 237, 633, 1029, 1425, 1348, 1728;"{""total_rows"":14,""count_ok_importar"":14,""count_ok_eliminar"":0,""count_pending"":0,""count_review_action"":0,""count_other"":0}";import;qa_ok_importar_found
000127020202;SPRING WASHER;B 20;0.012 KGM;import;qa_ok_importar_found;true;6;20V4000M93, 20V4000M93L;1701830, 1705570, 1709309, 1713055, 1801983, 1805642;237, 633, 1029, 1425, 1348, 1728;"{""total_rows"":6,""count_ok_importar"":6,""count_ok_eliminar"":0,""count_pending"":0,""count_review_action"":0,""count_other"":0}";import;qa_ok_importar_found
000137006205;SPRING WASHER;B 6;0.001 KGM;import;qa_ok_importar_found;true;1;12V4000M40A;1100540;239;"{""total_rows"":1,""count_ok_importar"":1,""count_ok_eliminar"":0,""count_pending"":0,""count_review_action"":0,""count_other"":0}";import;qa_ok_importar_found
000137008203;WASHER SPRING B8;B 8;0.001 KGM;import;qa_ok_importar_found;true;6;12V4000M40A;1100541, 1100542, 1100543, 1100544, 1100545, 1100546;97, 180, 220, 238, 244, 301;"{""total_rows"":6,""count_ok_importar"":6,""count_ok_eliminar"":0,""count_pending"":0,""count_review_action"":0,""count_other"":0}";import;qa_ok_importar_found
000137010202;SPRING WASHER;B 10;0.001 KGM;import;qa_ok_importar_found;true;2;12V4000M40A;1100547, 1100548;97, 239;"{""total_rows"":2,""count_ok_importar"":2,""count_ok_eliminar"":0,""count_pending"":0,""count_review_action"":0,""count_other"":0}";import;qa_ok_importar_found
000137016201;SPRING WASHER;B 16;0.005 KGM;import;qa_ok_importar_found;true;19;12V4000M40A, 12V4000M53, 12V4000M70, 16V4000M61, 16V4000M73L, 16V4000M90, 20V4000M93L;1100549, 1100550, 1100551, 1100552, 1202397, 1205538, 1902199, 1904586, 1301837, 1304733, 1501998, 1505205, 1510655, 1510677, 1602094, 1802125, 1802970, 1805784, 1806629;219, 238, 299, 311, 298, 655, 310, 647, 302, 793, 275, 761, 1515, 1525, 292, 1360, 1422, 1740, 1802;"{""total_rows"":19,""count_ok_importar"":19,""count_ok_eliminar"":0,""count_pending"":0,""count_review_action"":0,""count_other"":0}";import;qa_ok_importar_found
0155315283;BAYONET COUPLING;VG95328;;import;qa_ok_importar_found;true;3;16V4000M61, 16V4000M90;1302035, 1304806, 1602183;340, 809, 305;"{""total_rows"":3,""count_ok_importar"":3,""count_ok_eliminar"":0,""count_pending"":0,""count_review_action"":0,""count_other"":0}";import;qa_ok_importar_found
0165313583;BLANKING PLUG;SYSTEM 2,5MM / 2,8MM;0.001 KGM;import;qa_ok_importar_found;true;108;12V4000M40A, 12V4000M53, 12V4000M70, 16V4000M61, 16V4000M73, 16V4000M73L, 16V4000M90, 20V4000M93, 20V4000M93L;1100563, 1100564, 1201383, 1202762, 1202788, 1202798, 1202809, 1202814, 1202850, 1202897, 1202967, 1203026, 1204522, 1205922, 1205948, 1205958, 1205969, 1205974, 1206005, 1206057, 1206127, 1206186, 1206504, 1902373, 1902399, 1904760, 1904786, 1905103, 1302017, 1302031, 1302110, 1302815, 1302875, 1304788, 1304802, 1304881, 1402658, 1402705, 1405827, 1405874, 1409005, 1409052, 1412208, 1412255, 1502324, 1502752, 1502790, 1502830, 1502849, 1502926, 1502944, 1502962, 1503064, 1505361, 1507854, 1510343, 1510978, 1511016, 1511056, 1511075, 1511153, 1511171, 1511189, 1511296, 1602172, 1602199, 1703098, 1703140, 1703216, 1703263, 1703288, 1703298, 1703309, 1703728, 1703735, 1706838, 1706880, 1706956, 1707003, 1707028, 1707038, 1707049, 1707468, 1707475, 1710578, 1710620, 1710696, 1710743, 1710768, 1710778, 1710789, 1711208, 1711215, 1714321, 1714362, 1714438, 1714484, 1714509, 1714519, 1714530, 1714949, 1714956, 1803356, 1803405, 1803521, 1807038, 1807087, 1807203;347, 349, 192, 331, 332, 333, 338, 339, 345, 547, 694, 695, 696, 701, 702, 708, 710, 797, 335, 337, 672, 674, 759, 340, 346, 477, 491, 808, 809, 815, 320, 322, 676, 1029, 1031, 1383, 1385, 401, 404, 408, 410, 427, 429, 431, 455, 799, 1142, 1477, 1598, 1601, 1605, 1607, 1624, 1626, 1628, 1652, 304, 306, 343, 353, 356, 357, 403, 739, 742, 749, 752, 753, 800, 1135, 1138, 1145, 1148, 1149, 1195, 1196, 1531, 1534, 1541, 1544, 1545, 1591, 1592, 1466, 1469, 1475, 1850, 1853, 1859;"{""total_rows"":108,""count_ok_importar"":108,""count_ok_eliminar"":0,""count_pending"":0,""count_review_action"":0,""count_other"":0}";import;qa_ok_importar_found
0165315783;MALE CONNECTOR;GR.20, 41-POL. W PIN 1QMM;0.055 KGM;import;qa_ok_importar_found;true;3;16V4000M61, 16V4000M90;1302058, 1304829, 1602212;341, 810, 307;"{""total_rows"":3,""count_ok_importar"":3,""count_ok_eliminar"":0,""count_pending"":0,""count_review_action"":0,""count_other"":0}";import;qa_ok_importar_found
0165315983;MALE CONNECTOR;GR.16, 26-POL. N PIN 1QMM;0.039 KGM;import;qa_ok_importar_found;true;2;12V4000M70;1902385, 1904772;336, 673;"{""total_rows"":2,""count_ok_importar"":2,""count_ok_eliminar"":0,""count_pending"":0,""count_review_action"":0,""count_other"":0}";import;qa_ok_importar_found
0172507801;COUPLING;;160 KGM;import;qa_ok_importar_found;true;1;16V4000M90;1602025;279;"{""total_rows"":1,""count_ok_importar"":1,""count_ok_eliminar"":0,""count_pending"":0,""count_review_action"":0,""count_other"":0}";import;qa_ok_importar_found
0172507801/31;COUPLING;;172 KGM;import;qa_ok_importar_found;true;2;16V4000M61;1301798, 1304710;290, 785;"{""total_rows"":2,""count_ok_importar"":2,""count_ok_eliminar"":0,""count_pending"":0,""count_review_action"":0,""count_other"":0}";import;qa_ok_importar_found
0175311083;HOUSING;GR.6 EMV M25 GERADE;0.125 KGM;import;qa_ok_importar_found;true;29;12V4000M53, 12V4000M70, 16V4000M61, 16V4000M73L, 16V4000M90;1206438, 1206445, 1905091, 1905133, 1905140, 1905166, 1905168, 1302597, 1302657, 1302662, 1302675, 1302687, 1302852, 1502761, 1502799, 1502835, 1502879, 1502884, 1502896, 1502908, 1510987, 1511025, 1511061, 1511105, 1511110, 1511123, 1511135, 1602241, 1602247;774, 776, 757, 767, 769, 772, 414, 438, 440, 442, 445, 483, 401, 404, 408, 418, 420, 422, 425, 1598, 1601, 1605, 1615, 1617, 1619, 1622, 313, 315;"{""total_rows"":29,""count_ok_importar"":29,""count_ok_eliminar"":0,""count_pending"":0,""count_review_action"":0,""count_other"":0}";import;qa_ok_importar_found
0180943002;AIR FILTER;nan;6.35 KGM;import;qa_ok_importar_found;true;22;12V4000M40A, 12V4000M53, 12V4000M70, 16V4000M61, 16V4000M73, 16V4000M73L, 16V4000M90, 20V4000M93, 20V4000M93L;1100571, 1200995, 1204134, 1900916, 1903358, 1300769, 1303680, 1401038, 1404207, 1407376, 1410554, 1500847, 1504054, 1506517, 1509001, 1600921, 1701152, 1704892, 1708632, 1712381, 1801119, 1804725;138, 141, 496, 147, 486, 135, 639, 155, 509, 863, 1218, 142, 628, 973, 1314, 162, 558, 954, 1350, 1260, 1637;"{""total_rows"":22,""count_ok_importar"":22,""count_ok_eliminar"":0,""count_pending"":0,""count_review_action"":0,""count_other"":0}";import;qa_ok_importar_found
0185313083;SINGLE-CORE INSUL;1,20-2,1MM/MCP2,8 Ø1,5MM/HB;0.001 KGM;import;qa_ok_importar_found;true;36;12V4000M53, 16V4000M73L, 20V4000M93;1202769, 1202787, 1202797, 1202808, 1205929, 1205947, 1205957, 1205968, 1502751, 1502789, 1502829, 1502925, 1502943, 1502961, 1510977, 1511015, 1511055, 1511152, 1511170, 1511188, 1703270, 1703287, 1703297, 1703308, 1707010, 1707027, 1707037, 1707048, 1710750, 1710767, 1710777, 1710788, 1714491, 1714508, 1714518, 1714529;331, 332, 694, 695, 401, 404, 408, 427, 429, 431, 1598, 1601, 1605, 1624, 1626, 1628, 356, 357, 752, 753, 1148, 1149, 1544, 1545;"{""total_rows"":36,""count_ok_importar"":36,""count_ok_eliminar"":0,""count_pending"":0,""count_review_action"":0,""count_other"":0}";import;qa_ok_importar_found
0299976748;O-RING;;13,800 g;import;qa_ok_importar_found;true;13;12V4000M40A, 12V4000M70, 16V4000M61, 16V4000M90;1100579, 1100580, 1901193, 1901206, 1901231, 1903635, 1903648, 1903673, 1300931, 1303842, 1601099, 1601111, 1601147;154, 157, 180, 183, 519, 522, 156, 660, 164, 168;"{""total_rows"":13,""count_ok_importar"":13,""count_ok_eliminar"":0,""count_pending"":0,""count_review_action"":0,""count_other"":0}";import;qa_ok_importar_found
000439008201;NUT M8 04-2 DIN439;B M 8;0.003 KGM;import;qa_ok_importar_found;true;1;12V4000M40A;1100581;359;"{""total_rows"":1,""count_ok_importar"":1,""count_ok_eliminar"":0,""count_pending"":0,""count_review_action"":0,""count_other"":0}";import;qa_ok_importar_found
000439016201;NUT 04-2;B M 16 X 1,5;0.017 KGM;import;qa_ok_importar_found;true;24;12V4000M40A, 16V4000M61, 16V4000M73, 16V4000M73L, 16V4000M90, 20V4000M93L;1100584, 1100585, 1300421, 1300429, 1303343, 1303351, 1400535, 1400543, 1403703, 1403711, 1406872, 1406880, 1410050, 1410058, 1500413, 1503619, 1506082, 1508570, 1600450, 1600458, 1800501, 1800509, 1804074, 1804082;74, 75, 76, 77, 583, 584, 95, 96, 449, 450, 803, 804, 1158, 1159, 82, 567, 912, 1255, 88, 89, 1193, 1194, 1566, 1567;"{""total_rows"":24,""count_ok_importar"":24,""count_ok_eliminar"":0,""count_pending"":0,""count_review_action"":0,""count_other"":0}";import;qa_ok_importar_found
000471020000;RING SNAP HV ZNPH R5 F;20 X 1,2;0.001 KGM;import;qa_ok_importar_found;true;19;12V4000M70, 16V4000M61, 16V4000M73, 16V4000M73L, 16V4000M90, 20V4000M93, 20V4000M93L;1900967, 1903409, 1300822, 1303733, 1401085, 1404254, 1407423, 1410601, 1500892, 1504099, 1506562, 1509046, 1600971, 1701218, 1704958, 1708698, 1712447, 1801180, 1804786;154, 493, 142, 646, 162, 516, 870, 1225, 149, 635, 980, 1321, 146, 170, 566, 962, 1358, 1267, 1644;"{""total_rows"":19,""count_ok_importar"":19,""count_ok_eliminar"":0,""count_pending"":0,""count_review_action"":0,""count_other"":0}";import;qa_ok_importar_found
000471032000;RING SNAP HV ZNPH R5 F;32 X 1,5;0.003 KGM;import;qa_ok_importar_found;true;6;12V4000M40A, 12V4000M70, 16V4000M61, 16V4000M90;1100586, 1900509, 1902949, 1300490, 1303413, 1600523;92, 106, 445, 90, 597, 102;"{""total_rows"":6,""count_ok_importar"":6,""count_ok_eliminar"":0,""count_pending"":0,""count_review_action"":0,""count_other"":0}";import;qa_ok_importar_found
000472014000;RING SNAP;14 X 1;0.001 KGM;import;qa_ok_importar_found;true;5;12V4000M40A, 16V4000M61, 20V4000M93L;1100588, 1301352, 1304265, 1802209, 1805868;227, 216, 718, 1366, 1746;"{""total_rows"":5,""count_ok_importar"":5,""count_ok_eliminar"":0,""count_pending"":0,""count_review_action"":0,""count_other"":0}";import;qa_ok_importar_found
000472028000;RING SNAP;28 X 1,2;1.600 g 28 X 1,2 DIN472;import;qa_ok_importar_found;true;28;12V4000M40A, 12V4000M53, 12V4000M70, 16V4000M61, 16V4000M73, 16V4000M73L, 16V4000M90, 20V4000M93, 20V4000M93L;1100589, 1201783, 1204922, 1901417, 1903804, 1301123, 1304036, 1402337, 1405506, 1408684, 1411883, 1501383, 1501660, 1504590, 1504867, 1507053, 1507330, 1509540, 1509818, 1601239, 1702748, 1706488, 1710228, 1713972, 1801888, 1802794, 1805547, 1806453;192, 232, 587, 208, 545, 187, 689, 280, 634, 989, 1343, 212, 241, 698, 727, 1043, 1072, 1380, 1408, 182, 295, 691, 1087, 1483, 1339, 1402, 1719, 1782;"{""total_rows"":28,""count_ok_importar"":28,""count_ok_eliminar"":0,""count_pending"":0,""count_review_action"":0,""count_other"":0}";import;qa_ok_importar_found
000472035000;SNAP RING;35 X 1,5;0.003 KGM;import;qa_ok_importar_found;true;15;16V4000M73, 16V4000M73L, 16V4000M90, 20V4000M93, 20V4000M93L;1400744, 1403913, 1407082, 1410260, 1500585, 1503791, 1506254, 1508742, 1600732, 1700741, 1704487, 1708227, 1711968, 1800708, 1804314;125, 479, 833, 1188, 113, 598, 943, 1286, 122, 521, 917, 1313, 1224, 1601;"{""total_rows"":15,""count_ok_importar"":15,""count_ok_eliminar"":0,""count_pending"":0,""count_review_action"":0,""count_other"":0}";import;qa_ok_importar_found
000472042000;RING SNAP;42 X 1,75;0.004 KGM;import;qa_ok_importar_found;true;8;12V4000M40A, 12V4000M53, 12V4000M70, 16V4000M61, 16V4000M90;1100590, 1201386, 1204525, 1901448, 1903835, 1301200, 1304113, 1601327;200, 194, 549, 214, 551, 197, 699, 192;"{""total_rows"":8,""count_ok_importar"":8,""count_ok_eliminar"":0,""count_pending"":0,""count_review_action"":0,""count_other"":0}";import;qa_ok_importar_found
000472048000;RING SNAP;48 X 1,75;6.500 g 48 X 1,75 DIN472;import;qa_ok_importar_found;true;22;12V4000M40A, 12V4000M53, 12V4000M70, 16V4000M61, 16V4000M73, 16V4000M73L, 16V4000M90, 20V4000M93, 20V4000M93L;1100591, 1200319, 1203462, 1900211, 1902651, 1300201, 1303123, 1400346, 1403514, 1406683, 1409861, 1500248, 1503454, 1505917, 1508404, 1600220, 1700332, 1704077, 1707817, 1711557, 1800325, 1803899;37, 49, 404, 388, 36, 543, 56, 410, 764, 1119, 44, 529, 874, 1217, 43, 53, 449, 845, 1241, 1153, 1526;"{""total_rows"":22,""count_ok_importar"":22,""count_ok_eliminar"":0,""count_pending"":0,""count_review_action"":0,""count_other"":0}";import;qa_ok_importar_found
000472062000;RING SNAP;62 X 2;11,800 g 62 X 2 DIN472;import;qa_ok_importar_found;true;3;12V4000M53, 16V4000M90;1202349, 1205490, 1601981;284, 641, 268;"{""total_rows"":3,""count_ok_importar"":3,""count_ok_eliminar"":0,""count_pending"":0,""count_review_action"":0,""count_other"":0}";import;qa_ok_importar_found
000472068000;RING SNAP;68 X 2,5;0.017 KGM;import;qa_ok_importar_found;true;4;12V4000M40A, 16V4000M90, 20V4000M93L;1100592, 1600360, 1800410, 1803982;58, 68, 1172, 1545;"{""total_rows"":4,""count_ok_importar"":4,""count_ok_eliminar"":0,""count_pending"":0,""count_review_action"":0,""count_other"":0}";import;qa_ok_importar_found
000472080000;RING SNAP;80 X 2,5;0.023 KGM;import;qa_ok_importar_found;true;36;12V4000M40A, 12V4000M53, 12V4000M70, 16V4000M61, 16V4000M73, 16V4000M73L, 16V4000M90, 20V4000M93, 20V4000M93L;1100593, 1100594, 1201819, 1202088, 1204958, 1205227, 1901919, 1904306, 1301678, 1304590, 1401914, 1402465, 1405083, 1405634, 1408261, 1408812, 1411442, 1412013, 1501883, 1505090, 1507553, 1510042, 1601492, 1601870, 1702244, 1702882, 1705984, 1706622, 1709724, 1710362, 1713468, 1714103, 1802246, 1802944, 1805905, 1806603;247, 280, 235, 249, 590, 604, 260, 597, 261, 761, 294, 603, 648, 958, 1003, 1312, 1357, 256, 742, 1087, 1423, 213, 252, 269, 310, 665, 706, 1061, 1102, 1457, 1498, 1372, 1419, 1752, 1799;"{""total_rows"":36,""count_ok_importar"":36,""count_ok_eliminar"":0,""count_pending"":0,""count_review_action"":0,""count_other"":0}";import;qa_ok_importar_found
000580008001;EYE BOLT;M 8;56.000 g;import;qa_ok_importar_found;true;14;16V4000M73, 16V4000M73L, 20V4000M93, 20V4000M93L;1400765, 1403934, 1407103, 1410281, 1500607, 1503813, 1506276, 1508764, 1700762, 1704508, 1708248, 1711990, 1800731, 1804337;126, 480, 834, 1189, 114, 599, 944, 1287, 522, 918, 1314, 1225, 1602;"{""total_rows"":14,""count_ok_importar"":14,""count_ok_eliminar"":0,""count_pending"":0,""count_review_action"":0,""count_other"":0}";import;qa_ok_importar_found
000835008061;STUD;M 8 X 20;0.011 KGM;import;qa_ok_importar_found;true;6;12V4000M40A, 12V4000M70, 16V4000M61, 16V4000M90;1100595, 1900146, 1902586, 1300140, 1303062, 1600152;29, 41, 380, 28, 535, 34;"{""total_rows"":6,""count_ok_importar"":6,""count_ok_eliminar"":0,""count_pending"":0,""count_review_action"":0,""count_other"":0}";import;qa_ok_importar_found
000835008086;STUD;M 8 X 25;13.000 g M 8 X 25 DIN835;import;qa_ok_importar_found;true;12;12V4000M53, 16V4000M73, 20V4000M93, 20V4000M93L;1200012, 1203163, 1400037, 1403209, 1406378, 1409556, 1700031, 1703775, 1707515, 1711255, 1800033, 1803606;22, 377, 26, 380, 734, 1089, 23, 419, 815, 1211, 1125, 1498;"{""total_rows"":12,""count_ok_importar"":12,""count_ok_eliminar"":0,""count_pending"":0,""count_review_action"":0,""count_other"":0}";import;qa_ok_importar_found
000835010056;STUD;M 10 X 25;22.400 g M 10 X 25 DIN835;import;qa_ok_importar_found;true;12;12V4000M53, 16V4000M73, 20V4000M93, 20V4000M93L;1200013, 1203164, 1400036, 1403208, 1406377, 1409555, 1700030, 1703774, 1707514, 1711254, 1800032, 1803605;22, 377, 26, 380, 734, 1089, 23, 419, 815, 1211, 1125, 1498;"{""total_rows"":12,""count_ok_importar"":12,""count_ok_eliminar"":0,""count_pending"":0,""count_review_action"":0,""count_other"":0}";import;qa_ok_importar_found
000835010062;STUD;M 10 X 20;0.02 KGM;import;qa_ok_importar_found;true;6;12V4000M40A, 12V4000M70, 16V4000M61, 16V4000M90;1100598, 1900584, 1903025, 1300549, 1303472, 1600642;105, 114, 453, 96, 603, 120;"{""total_rows"":6,""count_ok_importar"":6,""count_ok_eliminar"":0,""count_pending"":0,""count_review_action"":0,""count_other"":0}";import;qa_ok_importar_found
000835012014;STUD;M 12 X 75;0.078 KGM;import;qa_ok_importar_found;true;14;16V4000M73, 16V4000M73L, 20V4000M93, 20V4000M93L;1401709, 1404878, 1408056, 1411234, 1501512, 1504719, 1507182, 1509670, 1701893, 1705633, 1709373, 1713118, 1802051, 1805710;227, 581, 936, 1290, 224, 710, 1055, 1392, 241, 637, 1033, 1429, 1352, 1732;"{""total_rows"":14,""count_ok_importar"":14,""count_ok_eliminar"":0,""count_pending"":0,""count_review_action"":0,""count_other"":0}";import;qa_ok_importar_found
000908010002;SCREWED PLUG;M 10 X 1;0.006 KGM;import;qa_ok_importar_found;true;71;12V4000M40A, 12V4000M53, 12V4000M70, 16V4000M61, 16V4000M73, 16V4000M73L, 20V4000M93, 20V4000M93L;1100599, 1200809, 1200847, 1201099, 1203948, 1203987, 1204238, 1900935, 1903377, 1300790, 1303701, 1400835, 1400850, 1401060, 1401071, 1404004, 1404019, 1404229, 1404240, 1407173, 1407188, 1407398, 1407409, 1410351, 1410366, 1410576, 1410587, 1500648, 1500658, 1500867, 1500878, 1501663, 1503854, 1503864, 1504074, 1504085, 1504870, 1506317, 1506327, 1506537, 1506548, 1507333, 1508805, 1508815, 1509021, 1509032, 1509821, 1700820, 1700833, 1701192, 1701203, 1704566, 1704579, 1704932, 1704943, 1708306, 1708319, 1708672, 1708683, 1712049, 1712062, 1712421, 1712432, 1800793, 1801166, 1801207, 1802798, 1804399, 1804772, 1804813, 1806457;135, 122, 125, 151, 477, 480, 506, 153, 492, 141, 645, 136, 160, 162, 489, 490, 514, 516, 843, 844, 868, 870, 1198, 1199, 1223, 1225, 120, 121, 147, 149, 242, 605, 606, 633, 635, 728, 950, 951, 978, 980, 1073, 1293, 1294, 1319, 1321, 1409, 134, 168, 170, 530, 531, 564, 566, 926, 927, 960, 962, 1322, 1323, 1356, 1358, 1233, 1267, 1272, 1403, 1610, 1644, 1649, 1783;"{""total_rows"":71,""count_ok_importar"":71,""count_ok_eliminar"":0,""count_pending"":0,""count_review_action"":0,""count_other"":0}";import;qa_ok_importar_found
000908012003;THREAD PLUG;M 12 X 1,5;11.900 g M 12 X 1,5 DIN908;import;qa_ok_importar_found;true;92;12V4000M40A, 12V4000M53, 12V4000M70, 16V4000M61, 16V4000M73, 16V4000M73L, 16V4000M90, 20V4000M93, 20V4000M93L;1100600, 1100601, 1200110, 1201245, 1201284, 1203253, 1204384, 1204423, 1900050, 1900634, 1902490, 1903076, 1300058, 1300577, 1302980, 1303500, 1400058, 1400096, 1400851, 1401298, 1401343, 1403230, 1403268, 1404020, 1404467, 1404512, 1406399, 1406437, 1407189, 1407636, 1407681, 1409577, 1409615, 1410367, 1410814, 1410859, 1500030, 1500060, 1500649, 1501067, 1501105, 1503230, 1503266, 1503855, 1504274, 1504312, 1505693, 1505729, 1506318, 1506737, 1506775, 1508186, 1508216, 1508806, 1509220, 1509261, 1600052, 1600694, 1700053, 1700107, 1700834, 1701478, 1701524, 1702706, 1703798, 1703853, 1704580, 1705218, 1705264, 1706446, 1707538, 1707593, 1708320, 1708958, 1709004, 1710186, 1711278, 1711333, 1712063, 1712704, 1712749, 1713930, 1800055, 1800108, 1801514, 1801558, 1802758, 1803627, 1803680, 1805120, 1805164, 1806417;20, 105, 31, 170, 172, 386, 525, 527, 115, 370, 454, 19, 96, 526, 603, 28, 33, 136, 185, 187, 382, 387, 490, 539, 541, 736, 741, 844, 893, 895, 1091, 1096, 1199, 1248, 1250, 17, 22, 120, 173, 176, 502, 507, 605, 659, 662, 847, 852, 950, 1004, 1007, 1190, 1195, 1293, 1344, 1347, 23, 121, 25, 32, 135, 195, 197, 289, 421, 428, 531, 591, 593, 685, 817, 824, 927, 987, 989, 1081, 1213, 1220, 1323, 1383, 1385, 1477, 1127, 1133, 1297, 1299, 1398, 1500, 1506, 1674, 1676, 1778;"{""total_rows"":92,""count_ok_importar"":92,""count_ok_eliminar"":0,""count_pending"":0,""count_review_action"":0,""count_other"":0}";import;qa_ok_importar_found
000908014001;SCREW PLUG;M 14 X 1,5;0.017 KGM;import;qa_ok_importar_found;true;227;12V4000M40A, 12V4000M53, 12V4000M70, 16V4000M61, 16V4000M73, 16V4000M73L, 16V4000M90, 20V4000M93, 20V4000M93L;1100602, 1100603, 1100604, 1100605, 1100606, 1100607, 1100608, 1100609, 1100610, 1200030, 1200307, 1200832, 1201035, 1201126, 1201170, 1201181, 1201253, 1201255, 1201434, 1202073, 1202190, 1202217, 1203181, 1203450, 1203971, 1204174, 1204265, 1204309, 1204320, 1204392, 1204394, 1204573, 1205212, 1205329, 1205356, 1900577, 1900745, 1900874, 1900899, 1900999, 1901187, 1901513, 1901742, 1903018, 1903187, 1903316, 1903341, 1903441, 1903629, 1903900, 1904129, 1300543, 1300637, 1300847, 1300938, 1301238, 1301246, 1301270, 1301449, 1301747, 1303466, 1303548, 1303758, 1303849, 1304151, 1304159, 1304183, 1304362, 1304659, 1400056, 1400333, 1401157, 1401165, 1401231, 1401241, 1401304, 1401306, 1401352, 1401927, 1402366, 1403228, 1403501, 1404326, 1404334, 1404400, 1404410, 1404473, 1404475, 1404521, 1405096, 1405535, 1406397, 1406670, 1407495, 1407503, 1407569, 1407579, 1407642, 1407644, 1407690, 1408274, 1408713, 1409575, 1409848, 1410673, 1410681, 1410747, 1410757, 1410820, 1410822, 1410868, 1411455, 1411912, 1500028, 1500235, 1500956, 1500960, 1501015, 1501075, 1501109, 1501978, 1503228, 1503441, 1504163, 1504167, 1504222, 1504282, 1504316, 1505185, 1505691, 1505904, 1506626, 1506630, 1506685, 1506745, 1506779, 1507648, 1508184, 1508391, 1509110, 1509114, 1509169, 1509232, 1509265, 1510137, 1600588, 1600635, 1601000, 1601118, 1601367, 1601375, 1601398, 1601561, 1601664, 1601934, 1700051, 1700203, 1700319, 1701284, 1701292, 1701484, 1701486, 1701540, 1701564, 1701575, 1702257, 1702780, 1703796, 1703947, 1704064, 1705024, 1705032, 1705224, 1705226, 1705280, 1705304, 1705315, 1705997, 1706520, 1707536, 1707687, 1707804, 1708764, 1708772, 1708964, 1708966, 1709020, 1709044, 1709055, 1709737, 1710260, 1711276, 1711427, 1711544, 1712512, 1712519, 1712710, 1712712, 1712765, 1712790, 1712801, 1713481, 1714003, 1800053, 1800200, 1800312, 1801249, 1801256, 1801455, 1801466, 1801520, 1801522, 1801564, 1802259, 1802831, 1803625, 1803771, 1803886, 1804855, 1804862, 1805061, 1805072, 1805126, 1805128, 1805170, 1805918, 1806490;105, 115, 143, 154, 201, 202, 208, 258, 287, 22, 49, 122, 147, 158, 163, 170, 196, 248, 262, 264, 377, 404, 477, 502, 513, 518, 525, 551, 603, 617, 619, 114, 126, 138, 139, 161, 180, 222, 252, 453, 465, 478, 500, 519, 559, 589, 96, 112, 149, 156, 198, 199, 205, 232, 275, 616, 653, 660, 700, 701, 707, 734, 774, 27, 56, 173, 185, 191, 250, 286, 381, 410, 524, 527, 534, 539, 545, 604, 640, 735, 764, 878, 881, 888, 893, 899, 959, 995, 1090, 1119, 1233, 1236, 1243, 1248, 1254, 1313, 1349, 16, 44, 159, 169, 178, 268, 501, 529, 642, 645, 655, 659, 664, 754, 846, 874, 987, 990, 1000, 1004, 1009, 1099, 1189, 1217, 1328, 1331, 1340, 1344, 1435, 116, 120, 153, 164, 193, 194, 200, 221, 223, 263, 24, 40, 53, 182, 195, 206, 270, 301, 420, 436, 449, 574, 578, 591, 598, 602, 666, 697, 816, 832, 845, 970, 974, 994, 998, 1062, 1093, 1212, 1228, 1241, 1366, 1370, 1383, 1390, 1394, 1458, 1489, 1126, 1142, 1153, 1276, 1279, 1294, 1297, 1302, 1373, 1410, 1499, 1515, 1526, 1653, 1656, 1671, 1674, 1679, 1753, 1790;"{""total_rows"":227,""count_ok_importar"":227,""count_ok_eliminar"":0,""count_pending"":0,""count_review_action"":0,""count_other"":0}";import;qa_ok_importar_found
000908016001;THREADED PLUG;M 16 X 1,5;0.020 kg M 16 X 1,5 DIN908;import;qa_ok_importar_found;true;8;12V4000M53, 20V4000M93, 20V4000M93L;1202024, 1205163, 1701463, 1705203, 1708943, 1712690, 1801429, 1805035;242, 597, 191, 587, 983, 1379, 1288, 1665;"{""total_rows"":8,""count_ok_importar"":8,""count_ok_eliminar"":0,""count_pending"":0,""count_review_action"":0,""count_other"":0}";import;qa_ok_importar_found
000908016005;PLUG;M 16 X 1,5;0.018 kg M 16 X 1,5 DIN908;import;qa_ok_importar_found;true;6;12V4000M53, 16V4000M73;1202320, 1205461, 1402537, 1405706, 1408884, 1412087;278, 635, 300, 654, 1009, 1363;"{""total_rows"":6,""count_ok_importar"":6,""count_ok_eliminar"":0,""count_pending"":0,""count_review_action"":0,""count_other"":0}";import;qa_ok_importar_found
000908018002;PLUG;M 18 X 1,5;0.029 KGM;import;qa_ok_importar_found;true;74;12V4000M40A, 12V4000M53, 12V4000M70, 16V4000M61, 16V4000M73, 16V4000M73L, 16V4000M90, 20V4000M93, 20V4000M93L;1100612, 1100613, 1100614, 1100615, 1100616, 1200303, 1201404, 1202069, 1202078, 1203446, 1204543, 1205208, 1205217, 1900154, 1901241, 1901466, 1901910, 1901927, 1902594, 1903683, 1903853, 1904297, 1904314, 1300149, 1301217, 1301552, 1303071, 1304130, 1304465, 1400321, 1401905, 1401923, 1403489, 1405074, 1405092, 1406658, 1408252, 1408270, 1409836, 1411433, 1411451, 1500224, 1503430, 1505893, 1508380, 1600167, 1601157, 1601345, 1601475, 1601483, 1700307, 1702235, 1702253, 1702952, 1704052, 1705975, 1705993, 1706692, 1707792, 1709715, 1709733, 1710432, 1711532, 1713459, 1713477, 1714175, 1800297, 1802237, 1802255, 1803017, 1803871, 1805896, 1805914, 1806675;30, 157, 200, 247, 248, 48, 194, 249, 403, 549, 603, 604, 42, 183, 214, 260, 261, 381, 522, 551, 597, 598, 29, 197, 240, 536, 699, 741, 55, 250, 409, 763, 958, 959, 1118, 1312, 1313, 43, 528, 873, 1216, 36, 168, 192, 212, 213, 52, 269, 270, 319, 448, 665, 666, 715, 844, 1061, 1062, 1111, 1240, 1457, 1458, 1507, 1152, 1372, 1373, 1428, 1525, 1752, 1753, 1808;"{""total_rows"":74,""count_ok_importar"":74,""count_ok_eliminar"":0,""count_pending"":0,""count_review_action"":0,""count_other"":0}";import;qa_ok_importar_found
000908020000;PLUG;M 20 X 1,5;0.039 KGM;import;qa_ok_importar_found;true;36;12V4000M40A, 12V4000M53, 12V4000M70, 16V4000M61, 16V4000M73, 16V4000M73L, 16V4000M90, 20V4000M93, 20V4000M93L;1100617, 1100618, 1200384, 1203524, 1900122, 1900324, 1902562, 1902764, 1300118, 1300312, 1303040, 1303234, 1400400, 1400756, 1403566, 1403925, 1406735, 1407094, 1409913, 1410272, 1500299, 1500597, 1503505, 1503803, 1505968, 1506266, 1508455, 1508754, 1600130, 1600340, 1700753, 1704499, 1708239, 1711980, 1800720, 1804326;27, 50, 63, 418, 39, 65, 378, 404, 26, 49, 533, 556, 68, 125, 422, 479, 776, 833, 1131, 1188, 55, 113, 540, 598, 885, 943, 1228, 1286, 32, 60, 521, 917, 1313, 1224, 1601;"{""total_rows"":36,""count_ok_importar"":36,""count_ok_eliminar"":0,""count_pending"":0,""count_review_action"":0,""count_other"":0}";import;qa_ok_importar_found
000908020001;PLUG;M 20 X 1,5;39 G M 20 X 1,5;import;qa_ok_importar_found;true;4;12V4000M40A, 16V4000M61, 16V4000M90;1100619, 1301758, 1304670, 1601945;287, 275, 774, 263;"{""total_rows"":4,""count_ok_importar"":4,""count_ok_eliminar"":0,""count_pending"":0,""count_review_action"":0,""count_other"":0}";import;qa_ok_importar_found
000908022001;PLUG;M 22 X 1,5;0.048 kg M 22 X 1,5 DIN908;import;qa_ok_importar_found;true;18;12V4000M40A, 12V4000M70, 16V4000M73, 16V4000M73L, 16V4000M90, 20V4000M93, 20V4000M93L;1100620, 1901219, 1903661, 1400768, 1403937, 1407106, 1410284, 1500610, 1503816, 1506279, 1508767, 1601159, 1700765, 1704511, 1708251, 1711994, 1800735, 1804341;157, 183, 522, 127, 481, 835, 1190, 115, 600, 945, 1288, 168, 523, 919, 1315, 1226, 1603;"{""total_rows"":18,""count_ok_importar"":18,""count_ok_eliminar"":0,""count_pending"":0,""count_review_action"":0,""count_other"":0}";import;qa_ok_importar_found
000908026005;THREAD PLUG;M 26 X 1,5;0.07 KGM;import;qa_ok_importar_found;true;74;12V4000M40A, 12V4000M53, 12V4000M70, 16V4000M61, 16V4000M73, 16V4000M73L, 16V4000M90, 20V4000M93, 20V4000M93L;1100621, 1100622, 1100623, 1200138, 1200324, 1201402, 1202026, 1203280, 1203467, 1204541, 1205165, 1900182, 1900216, 1901464, 1902622, 1902656, 1903851, 1300172, 1300206, 1301215, 1303094, 1303128, 1304128, 1400146, 1400351, 1402013, 1403317, 1403519, 1405182, 1406486, 1406688, 1408360, 1409664, 1409866, 1411541, 1500103, 1500253, 1501723, 1503309, 1503459, 1504930, 1505772, 1505922, 1507393, 1508259, 1508409, 1509881, 1600192, 1600225, 1601343, 1700146, 1700337, 1700388, 1702407, 1703891, 1704082, 1704133, 1706147, 1707631, 1707822, 1707873, 1709887, 1711371, 1711562, 1711613, 1713631, 1800135, 1800330, 1800378, 1802460, 1803707, 1803904, 1803951, 1806119;36, 37, 200, 35, 49, 194, 243, 390, 404, 549, 598, 48, 214, 387, 388, 551, 197, 542, 543, 699, 38, 56, 254, 392, 410, 608, 746, 764, 963, 1101, 1119, 1317, 27, 44, 249, 512, 529, 735, 857, 874, 1080, 1200, 1217, 1416, 42, 43, 192, 53, 65, 280, 432, 449, 461, 676, 828, 845, 1072, 1224, 1241, 1253, 1468, 1138, 1153, 1165, 1388, 1511, 1526, 1538, 1768;"{""total_rows"":74,""count_ok_importar"":74,""count_ok_eliminar"":0,""count_pending"":0,""count_review_action"":0,""count_other"":0}";import;qa_ok_importar_found
000908030002;THREAD PLUG;M 30 X 1,5;0.085 KGM;import;qa_ok_importar_found;true;102;12V4000M40A, 12V4000M53, 12V4000M70, 16V4000M61, 16V4000M73, 16V4000M73L, 16V4000M90, 20V4000M93, 20V4000M93L;1100624, 1100625, 1100626, 1200900, 1200920, 1200954, 1201466, 1202188, 1202263, 1204040, 1204060, 1204094, 1204605, 1205327, 1205402, 1901900, 1901929, 1902007, 1904287, 1904316, 1904394, 1301537, 1301554, 1301646, 1304450, 1304467, 1304558, 1400901, 1400933, 1400971, 1402364, 1402422, 1404070, 1404102, 1404140, 1405533, 1405591, 1407236, 1407271, 1407306, 1408711, 1408769, 1410414, 1410449, 1410484, 1411910, 1411969, 1500712, 1500743, 1500780, 1501689, 1501976, 1503918, 1503949, 1503986, 1504896, 1505183, 1506381, 1506412, 1506449, 1507359, 1507646, 1508869, 1508899, 1508936, 1509847, 1510135, 1601469, 1601477, 1601825, 1700896, 1700928, 1700966, 1701027, 1701088, 1702778, 1702837, 1704639, 1704674, 1704709, 1704768, 1704827, 1706518, 1706577, 1708379, 1708414, 1708449, 1708508, 1708567, 1710258, 1710317, 1712126, 1712159, 1712196, 1712256, 1712316, 1714001, 1714059, 1802829, 1802896, 1806488, 1806555;246, 248, 270, 129, 133, 135, 203, 262, 268, 484, 488, 490, 558, 617, 623, 259, 261, 272, 596, 598, 609, 238, 240, 254, 739, 741, 755, 140, 144, 147, 286, 288, 494, 498, 501, 640, 642, 848, 852, 855, 995, 997, 1203, 1207, 1210, 1349, 1351, 126, 130, 244, 611, 615, 618, 730, 754, 956, 960, 963, 1075, 1099, 1299, 1302, 1305, 1411, 1435, 211, 212, 150, 153, 301, 303, 536, 540, 543, 546, 549, 697, 699, 932, 936, 939, 942, 945, 1093, 1095, 1328, 1332, 1335, 1338, 1341, 1489, 1491, 1410, 1412, 1790, 1792;"{""total_rows"":102,""count_ok_importar"":102,""count_ok_eliminar"":0,""count_pending"":0,""count_review_action"":0,""count_other"":0}";import;qa_ok_importar_found
000908036007;PLUG;M 36 X 1,5;0.137 KGM;import;qa_ok_importar_found;true;8;16V4000M73, 16V4000M73L;1401985, 1405154, 1408332, 1411513, 1501732, 1504939, 1507402, 1509890;253, 607, 962, 1316, 249, 735, 1080, 1416;"{""total_rows"":8,""count_ok_importar"":8,""count_ok_eliminar"":0,""count_pending"":0,""count_review_action"":0,""count_other"":0}";import;qa_ok_importar_found
000908038000;THREAD PLUG;M 38 X 1,5;0.150 kg M 38 X 1,5 DIN908;import;qa_ok_importar_found;true;110;12V4000M40A, 12V4000M53, 12V4000M70, 16V4000M61, 16V4000M73, 16V4000M73L, 16V4000M90, 20V4000M93, 20V4000M93L;1100627, 1100628, 1100629, 1100630, 1200292, 1200322, 1201406, 1201465, 1202071, 1202182, 1202265, 1203436, 1203465, 1204545, 1204604, 1205210, 1205321, 1205404, 1900194, 1900214, 1901468, 1901996, 1902634, 1902654, 1903855, 1904383, 1300185, 1300204, 1301219, 1301638, 1303107, 1303126, 1304132, 1304550, 1400311, 1400349, 1401189, 1401550, 1401925, 1402358, 1403479, 1403517, 1404358, 1404719, 1405094, 1405527, 1406648, 1406686, 1407527, 1407897, 1408272, 1408705, 1409826, 1409864, 1410705, 1411075, 1411453, 1411904, 1500214, 1500251, 1500980, 1501335, 1501970, 1503420, 1503457, 1504187, 1504542, 1505177, 1505883, 1505920, 1506650, 1507005, 1507640, 1508370, 1508407, 1509134, 1509491, 1510129, 1600204, 1600223, 1601347, 1601827, 1700297, 1700335, 1701937, 1702255, 1702772, 1704042, 1704080, 1705677, 1705995, 1706512, 1707782, 1707820, 1709417, 1709735, 1710252, 1711522, 1711560, 1713162, 1713479, 1713995, 1800287, 1800328, 1802257, 1802838, 1803861, 1803902, 1805916, 1806497;36, 37, 200, 268, 48, 49, 194, 203, 248, 262, 403, 404, 549, 558, 603, 617, 623, 214, 270, 387, 388, 551, 607, 35, 197, 252, 542, 543, 699, 753, 55, 56, 175, 210, 250, 286, 409, 410, 529, 564, 604, 640, 763, 764, 883, 919, 959, 995, 1118, 1119, 1238, 1274, 1313, 1349, 43, 44, 161, 205, 528, 647, 691, 754, 873, 874, 992, 1036, 1099, 1216, 1217, 1333, 1374, 1435, 42, 192, 245, 52, 53, 301, 448, 449, 641, 666, 697, 844, 845, 1037, 1062, 1093, 1240, 1241, 1433, 1458, 1489, 1152, 1153, 1373, 1410, 1525, 1526, 1753, 1790;"{""total_rows"":110,""count_ok_importar"":110,""count_ok_eliminar"":0,""count_pending"":0,""count_review_action"":0,""count_other"":0}";import;qa_ok_importar_found
000908038003;PLUG;M 38 X 1,5;0.143 KGM;import;qa_ok_importar_found;true;44;12V4000M40A, 12V4000M53, 12V4000M70, 16V4000M61, 16V4000M73, 16V4000M73L, 16V4000M90, 20V4000M93, 20V4000M93L;1100631, 1100632, 1201801, 1201838, 1204940, 1204977, 1902039, 1902074, 1904426, 1904461, 1301662, 1301697, 1304574, 1304609, 1402451, 1402463, 1405620, 1405632, 1408798, 1408810, 1411999, 1412011, 1501870, 1501881, 1505077, 1505088, 1507540, 1507551, 1510028, 1510040, 1601850, 1601888, 1702868, 1702880, 1706608, 1706620, 1710348, 1710360, 1714089, 1714101, 1802930, 1802942, 1806589, 1806601;279, 281, 234, 236, 589, 591, 616, 618, 260, 262, 760, 762, 293, 294, 647, 648, 1002, 1003, 1356, 1357, 255, 256, 741, 742, 1086, 1087, 1422, 1423, 250, 253, 309, 310, 705, 706, 1101, 1102, 1497, 1498, 1418, 1419, 1798, 1799;"{""total_rows"":44,""count_ok_importar"":44,""count_ok_eliminar"":0,""count_pending"":0,""count_review_action"":0,""count_other"":0}";import;qa_ok_importar_found
000908042001;THREAD PLUG;M 42 X 1,5;0.182 KGM;import;qa_ok_importar_found;true;36;12V4000M53, 16V4000M73, 16V4000M73L, 20V4000M93;1200898, 1200952, 1204038, 1204092, 1400899, 1400969, 1404065, 1404135, 1407234, 1407304, 1410412, 1410482, 1500710, 1500778, 1503916, 1503984, 1506379, 1506447, 1508867, 1508934, 1700893, 1700963, 1701024, 1701085, 1704636, 1704706, 1704765, 1704824, 1708376, 1708446, 1708505, 1708564, 1712123, 1712193, 1712253, 1712313;129, 135, 484, 490, 140, 147, 494, 501, 848, 855, 1203, 1210, 126, 133, 611, 618, 956, 963, 1299, 1305, 150, 153, 536, 543, 546, 549, 932, 939, 942, 945, 1328, 1335, 1338, 1341;"{""total_rows"":36,""count_ok_importar"":36,""count_ok_eliminar"":0,""count_pending"":0,""count_review_action"":0,""count_other"":0}";import;qa_ok_importar_found
000908045005;PLUG;M 45 X 1,5;0,210 kg;import;qa_ok_importar_found;true;9;12V4000M40A, 12V4000M53, 12V4000M70, 16V4000M61, 16V4000M90;1100633, 1201810, 1204949, 1901661, 1904048, 1301392, 1304305, 1601766, 1601866;231, 234, 589, 240, 577, 220, 722, 251;"{""total_rows"":9,""count_ok_importar"":9,""count_ok_eliminar"":0,""count_pending"":0,""count_review_action"":0,""count_other"":0}";import;qa_ok_importar_found
000908048004;THREAD PLUG;M 48 X 1,5;0.236 KGM;import;qa_ok_importar_found;true;30;12V4000M53, 16V4000M73, 16V4000M73L, 20V4000M93, 20V4000M93L;1202180, 1205319, 1400279, 1402356, 1403447, 1405525, 1406616, 1408703, 1409794, 1411902, 1500183, 1501968, 1503389, 1505175, 1505852, 1507638, 1508339, 1510127, 1700252, 1702770, 1703996, 1706510, 1707736, 1710250, 1711476, 1713993, 1800249, 1802836, 1803821, 1806495;262, 617, 45, 286, 399, 640, 753, 995, 1108, 1349, 33, 268, 518, 754, 863, 1099, 1206, 1435, 41, 301, 437, 697, 833, 1093, 1229, 1489, 1143, 1410, 1516, 1790;"{""total_rows"":30,""count_ok_importar"":30,""count_ok_eliminar"":0,""count_pending"":0,""count_review_action"":0,""count_other"":0}";import;qa_ok_importar_found
000908052003;THREAD PLUG;M 52 X 1,5;0.293 KGM;import;qa_ok_importar_found;true;83;12V4000M40A, 12V4000M53, 12V4000M70, 16V4000M61, 16V4000M73, 16V4000M73L, 16V4000M90, 20V4000M93, 20V4000M93L;1100634, 1100635, 1100636, 1200320, 1201128, 1201135, 1201409, 1202185, 1203463, 1204267, 1204274, 1204548, 1205324, 1900212, 1900995, 1901011, 1901471, 1902652, 1903437, 1903453, 1903858, 1300202, 1300866, 1301222, 1303124, 1303777, 1304135, 1400347, 1401167, 1401175, 1402361, 1403515, 1404336, 1404344, 1405530, 1406684, 1407505, 1407513, 1408708, 1409862, 1410683, 1410691, 1411907, 1500249, 1500968, 1501973, 1503455, 1504175, 1505180, 1505918, 1506638, 1507643, 1508405, 1509122, 1510132, 1600221, 1601002, 1601014, 1601350, 1700333, 1701294, 1701301, 1702775, 1704078, 1705034, 1705041, 1706515, 1707818, 1708774, 1708781, 1710255, 1711558, 1712521, 1712528, 1713998, 1800326, 1801258, 1801265, 1802841, 1803900, 1804864, 1804871, 1806500;37, 143, 200, 49, 158, 194, 262, 404, 513, 549, 617, 161, 214, 388, 500, 551, 36, 149, 197, 543, 653, 699, 56, 173, 286, 410, 527, 640, 764, 881, 995, 1119, 1236, 1349, 44, 159, 268, 529, 645, 754, 874, 990, 1099, 1217, 1331, 1435, 43, 153, 192, 53, 182, 301, 449, 578, 697, 845, 974, 1093, 1241, 1370, 1489, 1153, 1279, 1410, 1526, 1656, 1790;"{""total_rows"":83,""count_ok_importar"":83,""count_ok_eliminar"":0,""count_pending"":0,""count_review_action"":0,""count_other"":0}";import;qa_ok_importar_found
000908056000;PLUG;M 56 X 2;0,368 kg M 56 X 2 DIN908;import;qa_ok_importar_found;true;2;12V4000M53;1201468, 1204607;203, 558;"{""total_rows"":2,""count_ok_importar"":2,""count_ok_eliminar"":0,""count_pending"":0,""count_review_action"":0,""count_other"":0}";import;qa_ok_importar_found
000908064000;PLUG;M 64 X 2;0.506 KGM;import;qa_ok_importar_found;true;30;12V4000M53, 16V4000M73, 16V4000M73L, 20V4000M93, 20V4000M93L;1201222, 1204361, 1401280, 1401555, 1404449, 1404724, 1407618, 1407902, 1410796, 1411080, 1501047, 1501340, 1504254, 1504547, 1506717, 1507010, 1509201, 1509496, 1701616, 1701942, 1705356, 1705682, 1709096, 1709422, 1712843, 1713167, 1801505, 1802091, 1805111, 1805750;164, 519, 181, 210, 535, 564, 889, 919, 1244, 1274, 169, 205, 655, 691, 1000, 1036, 1340, 1374, 207, 245, 603, 641, 999, 1037, 1395, 1433, 1295, 1355, 1672, 1735;"{""total_rows"":30,""count_ok_importar"":30,""count_ok_eliminar"":0,""count_pending"":0,""count_review_action"":0,""count_other"":0}";import;qa_ok_importar_found
000910012000;PLUG;M 12 X 1,5;0.020 kg M 12 X 1,5 DIN910;import;qa_ok_importar_found;true;20;12V4000M40A, 12V4000M70, 16V4000M61, 16V4000M73, 16V4000M73L, 16V4000M90, 20V4000M93, 20V4000M93L;1100637, 1900642, 1903084, 1300586, 1303509, 1400717, 1403886, 1407055, 1410233, 1500563, 1503769, 1506232, 1508720, 1600702, 1700714, 1704460, 1708200, 1711940, 1800681, 1804287;106, 115, 454, 97, 604, 123, 477, 831, 1186, 111, 596, 941, 1284, 121, 519, 915, 1311, 1222, 1599;"{""total_rows"":20,""count_ok_importar"":20,""count_ok_eliminar"":0,""count_pending"":0,""count_review_action"":0,""count_other"":0}";import;qa_ok_importar_found
000910014004;PLUG;M 14 X 1,5;0.025 KGM;import;qa_ok_importar_found;true;47;12V4000M40A, 12V4000M53, 12V4000M70, 16V4000M61, 16V4000M73, 16V4000M73L, 16V4000M90, 20V4000M93, 20V4000M93L;1100638, 1200444, 1203585, 1900390, 1902830, 1300371, 1303293, 1400471, 1401664, 1401686, 1403639, 1404833, 1404855, 1406808, 1408011, 1408033, 1409986, 1411185, 1411214, 1500353, 1501461, 1503559, 1504668, 1506022, 1507131, 1508510, 1509619, 1600399, 1600755, 1700452, 1701839, 1701857, 1704201, 1705579, 1705597, 1707941, 1709318, 1709337, 1711681, 1713064, 1713082, 1800446, 1801994, 1802018, 1804019, 1805653, 1805677;65, 74, 429, 79, 418, 63, 570, 81, 222, 435, 576, 789, 931, 1144, 1285, 1286, 68, 219, 553, 705, 898, 1050, 1241, 1387, 75, 124, 78, 237, 238, 474, 633, 634, 870, 1029, 1030, 1266, 1425, 1426, 1179, 1348, 1349, 1552, 1728, 1729;"{""total_rows"":47,""count_ok_importar"":47,""count_ok_eliminar"":0,""count_pending"":0,""count_review_action"":0,""count_other"":0}";import;qa_ok_importar_found
000910018001;PLUG;M 18 X 1,5;0.047 KGM;import;qa_ok_importar_found;true;1;12V4000M40A;1100640;238;"{""total_rows"":1,""count_ok_importar"":1,""count_ok_eliminar"":0,""count_pending"":0,""count_review_action"":0,""count_other"":0}";import;qa_ok_importar_found
000910018003;PLUG;M 18 X 1,5;0.049 KGM;import;qa_ok_importar_found;true;15;12V4000M40A, 16V4000M73, 16V4000M73L, 20V4000M93, 20V4000M93L;1100641, 1401685, 1404854, 1408032, 1411212, 1501486, 1504693, 1507156, 1509644, 1701856, 1705596, 1709336, 1713081, 1802017, 1805676;97, 222, 576, 931, 1286, 220, 706, 1051, 1388, 238, 634, 1030, 1426, 1349, 1729;"{""total_rows"":15,""count_ok_importar"":15,""count_ok_eliminar"":0,""count_pending"":0,""count_review_action"":0,""count_other"":0}";import;qa_ok_importar_found
000912005026;BOLT HEX SOC HD;M 5 X 16;3,400 g M 5 X 16 DIN912;import;qa_ok_importar_found;true;2;12V4000M53;1202640, 1205800;314, 677;"{""total_rows"":2,""count_ok_importar"":2,""count_ok_eliminar"":0,""count_pending"":0,""count_review_action"":0,""count_other"":0}";import;qa_ok_importar_found
000912006018;SCREW;M 6 X 20;6.200 g M 6 X 20 DIN912;import;qa_ok_importar_found;true;16;12V4000M53, 16V4000M73, 16V4000M73L, 20V4000M93, 20V4000M93L;1201277, 1204415, 1401336, 1404504, 1407673, 1410851, 1501099, 1504306, 1506769, 1509254, 1701511, 1705250, 1708990, 1712736, 1801546, 1805152;171, 526, 186, 540, 894, 1249, 174, 660, 1005, 1345, 196, 592, 988, 1384, 1298, 1675;"{""total_rows"":16,""count_ok_importar"":16,""count_ok_eliminar"":0,""count_pending"":0,""count_review_action"":0,""count_other"":0}";import;qa_ok_importar_found
000912006043;BOLT HEX SOC HD;M 6 X 30;0.008 KGM;import;qa_ok_importar_found;true;2;12V4000M53;1201065, 1204204;149, 504;"{""total_rows"":2,""count_ok_importar"":2,""count_ok_eliminar"":0,""count_pending"":0,""count_review_action"":0,""count_other"":0}";import;qa_ok_importar_found
000912006084;BOLT HEX SOC HD;M 6 X 16;0.006 KGM;import;qa_ok_importar_found;true;21;16V4000M73, 16V4000M73L, 20V4000M93, 20V4000M93L;1401646, 1401648, 1401657, 1404815, 1404817, 1404826, 1407993, 1407995, 1408004, 1411168, 1411176, 1501446, 1504653, 1507116, 1509604, 1701832, 1705572, 1709311, 1713057, 1801986, 1805645;222, 576, 931, 1285, 219, 705, 1050, 1387, 237, 633, 1029, 1425, 1348, 1728;"{""total_rows"":21,""count_ok_importar"":21,""count_ok_eliminar"":0,""count_pending"":0,""count_review_action"":0,""count_other"":0}";import;qa_ok_importar_found
000912008009;FILLISTER SCREW;M 8 X 20;0.013 KGM;import;qa_ok_importar_found;true;12;16V4000M73, 16V4000M73L;1401780, 1401799, 1404949, 1404968, 1408127, 1408146, 1411305, 1411325, 1501222, 1504429, 1506892, 1509378;234, 235, 588, 589, 943, 944, 1297, 1298, 195, 681, 1026, 1364;"{""total_rows"":12,""count_ok_importar"":12,""count_ok_eliminar"":0,""count_pending"":0,""count_review_action"":0,""count_other"":0}";import;qa_ok_importar_found
000912008014;SOCKET HD. S;M 8 X 25;14.300 g M 8 X 25 DIN912;import;qa_ok_importar_found;true;16;12V4000M53, 16V4000M73, 16V4000M73L, 20V4000M93, 20V4000M93L;1200626, 1203765, 1400617, 1403786, 1406955, 1410133, 1500499, 1503705, 1506168, 1508656, 1700615, 1704361, 1708101, 1711841, 1800593, 1804165;107, 462, 115, 469, 823, 1178, 105, 590, 935, 1278, 511, 907, 1303, 1215, 1588;"{""total_rows"":16,""count_ok_importar"":16,""count_ok_eliminar"":0,""count_pending"":0,""count_review_action"":0,""count_other"":0}";import;qa_ok_importar_found
000912008019;BOLT HEX SOC HD;M 8 X 30;0.016 KGM;import;qa_ok_importar_found;true;14;12V4000M40A, 12V4000M70, 16V4000M61, 16V4000M73, 16V4000M73L, 16V4000M90;1100645, 1901582, 1903969, 1300602, 1303525, 1401644, 1404813, 1407991, 1411165, 1501443, 1504650, 1507113, 1509601, 1600548;216, 231, 568, 105, 612, 222, 576, 931, 1285, 219, 705, 1050, 1387, 110;"{""total_rows"":14,""count_ok_importar"":14,""count_ok_eliminar"":0,""count_pending"":0,""count_review_action"":0,""count_other"":0}";import;qa_ok_importar_found
000912008022;SCREW;M 8 X 35;0.017 KGM;import;qa_ok_importar_found;true;2;12V4000M53;1201980, 1205118;240, 595;"{""total_rows"":2,""count_ok_importar"":2,""count_ok_eliminar"":0,""count_pending"":0,""count_review_action"":0,""count_other"":0}";import;qa_ok_importar_found
000912008055;BOLT HEX SOC HD;M 8 X 25;0.014 KGM;import;qa_ok_importar_found;true;32;12V4000M53, 16V4000M73, 16V4000M73L, 20V4000M93, 20V4000M93L;1201533, 1204672, 1401149, 1401484, 1402506, 1404318, 1404653, 1405675, 1407487, 1407831, 1408853, 1410665, 1411009, 1412054, 1500946, 1501272, 1501761, 1504153, 1504479, 1504968, 1506616, 1506942, 1507431, 1509100, 1509428, 1509919, 1701276, 1705016, 1708756, 1712504, 1801240, 1804846;213, 568, 168, 205, 298, 522, 559, 652, 876, 914, 1007, 1231, 1269, 1361, 154, 198, 250, 640, 684, 736, 985, 1029, 1081, 1326, 1367, 1417, 176, 572, 968, 1364, 1274, 1651;"{""total_rows"":32,""count_ok_importar"":32,""count_ok_eliminar"":0,""count_pending"":0,""count_review_action"":0,""count_other"":0}";import;qa_ok_importar_found
000912008072;BOLT HEX SOC HD;M 8 X 45;0.021 KGM;import;qa_ok_importar_found;true;8;16V4000M73, 20V4000M93;1400660, 1403829, 1406998, 1410176, 1700658, 1704404, 1708144, 1711884;116, 470, 824, 1179, 512, 908, 1304;"{""total_rows"":8,""count_ok_importar"":8,""count_ok_eliminar"":0,""count_pending"":0,""count_review_action"":0,""count_other"":0}";import;qa_ok_importar_found
000912008115;BOLT HEX SOC HD;M 8 X 16;0.011 KGM;import;qa_ok_importar_found;true;22;12V4000M40A, 12V4000M53, 12V4000M70, 16V4000M61, 16V4000M73, 16V4000M73L, 16V4000M90, 20V4000M93, 20V4000M93L;1100646, 1200006, 1203157, 1900016, 1902456, 1300019, 1302941, 1400030, 1403202, 1406371, 1409549, 1500023, 1503223, 1505686, 1508179, 1600019, 1700023, 1703768, 1707508, 1711248, 1800026, 1803598;13, 22, 377, 24, 363, 12, 519, 26, 380, 734, 1089, 15, 500, 845, 1188, 17, 23, 419, 815, 1211, 1125, 1498;"{""total_rows"":22,""count_ok_importar"":22,""count_ok_eliminar"":0,""count_pending"":0,""count_review_action"":0,""count_other"":0}";import;qa_ok_importar_found
000912010038;SCREW;M 10 X 30;0.027 KGM;import;qa_ok_importar_found;true;28;12V4000M40A, 12V4000M53, 12V4000M70, 16V4000M61, 16V4000M73, 16V4000M73L, 16V4000M90, 20V4000M93L;1100647, 1201023, 1204162, 1900079, 1902519, 1300081, 1303003, 1401031, 1401035, 1404200, 1404204, 1407368, 1407373, 1410546, 1410551, 1500835, 1500838, 1504041, 1504044, 1506504, 1506507, 1508989, 1508992, 1600086, 1801107, 1801117, 1804713, 1804723;22, 145, 500, 33, 372, 21, 528, 152, 153, 506, 507, 860, 861, 1215, 1216, 137, 138, 622, 623, 967, 968, 1309, 1310, 26, 1257, 1258, 1634, 1635;"{""total_rows"":28,""count_ok_importar"":28,""count_ok_eliminar"":0,""count_pending"":0,""count_review_action"":0,""count_other"":0}";import;qa_ok_importar_found
000912010057;SCREW;M 10 X 45;0.035 KGM;import;qa_ok_importar_found;true;1;12V4000M40A;1100648;300;"{""total_rows"":1,""count_ok_importar"":1,""count_ok_eliminar"":0,""count_pending"":0,""count_review_action"":0,""count_other"":0}";import;qa_ok_importar_found
000912010064;BOLT HEX SOC HD;M 10 X 40;0.031 KGM;import;qa_ok_importar_found;true;8;12V4000M40A, 12V4000M53, 12V4000M70, 16V4000M61, 16V4000M90;1100649, 1201401, 1204540, 1901463, 1903850, 1301214, 1304127, 1601342;200, 194, 549, 214, 551, 197, 699, 192;"{""total_rows"":8,""count_ok_importar"":8,""count_ok_eliminar"":0,""count_pending"":0,""count_review_action"":0,""count_other"":0}";import;qa_ok_importar_found
000912010065;BOLT HEX SOC HD;M 10 X 25;0.024 KGM;import;qa_ok_importar_found;true;123;12V4000M40A, 12V4000M53, 12V4000M70, 16V4000M61, 16V4000M73, 16V4000M73L, 16V4000M90, 20V4000M93, 20V4000M93L;1100650, 1200086, 1200653, 1201609, 1201628, 1201630, 1201643, 1201656, 1201659, 1203229, 1203793, 1204748, 1204767, 1204769, 1204782, 1204795, 1204798, 1901551, 1901553, 1901566, 1901569, 1903938, 1903940, 1903953, 1903956, 1301310, 1304223, 1400089, 1401032, 1401134, 1401684, 1401770, 1401822, 1403261, 1404201, 1404303, 1404853, 1404939, 1404991, 1406430, 1407369, 1407472, 1408031, 1408117, 1408169, 1409608, 1410547, 1410650, 1411191, 1411210, 1411295, 1411348, 1500056, 1500836, 1500938, 1501211, 1501467, 1503262, 1504042, 1504145, 1504418, 1504674, 1505725, 1506505, 1506608, 1506881, 1507137, 1508212, 1508990, 1509092, 1509367, 1509625, 1600077, 1601426, 1601438, 1601448, 1601451, 1700098, 1701267, 1701998, 1702045, 1702090, 1702130, 1703844, 1705007, 1705738, 1705785, 1705830, 1705870, 1707584, 1708747, 1709478, 1709525, 1709570, 1709610, 1711324, 1712495, 1713223, 1713269, 1713313, 1713353, 1800115, 1801231, 1801722, 1801751, 1801763, 1801797, 1801798, 1801834, 1801835, 1802016, 1802022, 1803687, 1804837, 1805381, 1805410, 1805422, 1805456, 1805457, 1805493, 1805494, 1805675, 1805681;213, 30, 108, 216, 217, 385, 463, 571, 572, 227, 228, 564, 565, 210, 712, 32, 152, 167, 222, 234, 235, 386, 506, 521, 576, 588, 589, 740, 860, 875, 931, 943, 944, 1095, 1215, 1230, 1285, 1286, 1297, 1298, 21, 137, 153, 195, 219, 622, 639, 681, 705, 851, 967, 984, 1026, 1050, 1194, 1309, 1325, 1364, 1387, 24, 205, 206, 31, 175, 251, 252, 253, 427, 647, 648, 649, 823, 1043, 1044, 1045, 1219, 1363, 1439, 1440, 1441, 1134, 1273, 1331, 1332, 1333, 1349, 1507, 1650, 1711, 1712, 1713, 1729;"{""total_rows"":123,""count_ok_importar"":123,""count_ok_eliminar"":0,""count_pending"":0,""count_review_action"":0,""count_other"":0}";import;qa_ok_importar_found
000912010066;BOLT HEX SOC HD;M 10 X 35;0.03 KGM;import;qa_ok_importar_found;true;2;12V4000M53;1201331, 1204470;184, 539;"{""total_rows"":2,""count_ok_importar"":2,""count_ok_eliminar"":0,""count_pending"":0,""count_review_action"":0,""count_other"":0}";import;qa_ok_importar_found
000912010118;SCREW;;85.500 g;import;qa_ok_importar_found;true;14;16V4000M73, 16V4000M73L, 20V4000M93, 20V4000M93L;1400726, 1403895, 1407064, 1410242, 1500555, 1503761, 1506224, 1508712, 1700723, 1704469, 1708209, 1711950, 1800691, 1804297;124, 478, 832, 1187, 111, 596, 941, 1284, 520, 916, 1312, 1223, 1600;"{""total_rows"":14,""count_ok_importar"":14,""count_ok_eliminar"":0,""count_pending"":0,""count_review_action"":0,""count_other"":0}";import;qa_ok_importar_found
000912012007;SCREW;M 12 X 30;0.039 KGM;import;qa_ok_importar_found;true;2;20V4000M93L;1801975, 1805634;1348, 1728;"{""total_rows"":2,""count_ok_importar"":2,""count_ok_eliminar"":0,""count_pending"":0,""count_review_action"":0,""count_other"":0}";import;qa_ok_importar_found
000912012068;BOLT HEX SOC HD;M 12 X 45;0.048 KGM;import;qa_ok_importar_found;true;2;20V4000M93L;1801979, 1805638;1348, 1728;"{""total_rows"":2,""count_ok_importar"":2,""count_ok_eliminar"":0,""count_pending"":0,""count_review_action"":0,""count_other"":0}";import;qa_ok_importar_found
000931008189;HEX SCREW;M 8 X 85;35.600 g M 8 X 85 DIN931;import;qa_ok_importar_found;true;10;12V4000M53, 16V4000M73, 16V4000M73L;1200095, 1203238, 1400101, 1403273, 1406442, 1409620, 1500065, 1503271, 1505734, 1508221;31, 386, 33, 387, 741, 1096, 22, 507, 852, 1195;"{""total_rows"":10,""count_ok_importar"":10,""count_ok_eliminar"":0,""count_pending"":0,""count_review_action"":0,""count_other"":0}";import;qa_ok_importar_found
000931008227;HEX SCREW;M 8 X 55;0.024 KGM;import;qa_ok_importar_found;true;15;12V4000M40A, 12V4000M70, 16V4000M61, 16V4000M90;1100659, 1100660, 1901005, 1902240, 1903447, 1904627, 1300852, 1301183, 1302146, 1303763, 1304096, 1304917, 1601007, 1601310, 1602272;143, 331, 161, 317, 500, 654, 149, 192, 348, 653, 694, 817, 153, 187;"{""total_rows"":15,""count_ok_importar"":15,""count_ok_eliminar"":0,""count_pending"":0,""count_review_action"":0,""count_other"":0}";import;qa_ok_importar_found
000931008241;HEX SCREW;M 8 X 75;0.032 KGM;import;qa_ok_importar_found;true;47;12V4000M40A, 12V4000M53, 12V4000M70, 16V4000M61, 16V4000M73, 16V4000M73L, 16V4000M90, 20V4000M93, 20V4000M93L;1100661, 1100662, 1100663, 1100664, 1100665, 1201824, 1204963, 1900599, 1901645, 1901923, 1903040, 1904032, 1904310, 1300559, 1301346, 1301376, 1301683, 1303482, 1304259, 1304289, 1304595, 1401881, 1401918, 1405050, 1405087, 1408228, 1408265, 1411408, 1411446, 1501573, 1504780, 1507243, 1509730, 1600657, 1601496, 1601751, 1601875, 1702248, 1705988, 1709728, 1713472, 1802202, 1802250, 1802329, 1805861, 1805909, 1805988;105, 226, 230, 247, 280, 235, 590, 114, 239, 260, 453, 576, 597, 96, 215, 219, 261, 603, 717, 721, 761, 243, 249, 952, 958, 1306, 1312, 231, 1062, 1399, 120, 213, 233, 252, 269, 665, 1061, 1457, 1365, 1372, 1382, 1745, 1752, 1762;"{""total_rows"":47,""count_ok_importar"":47,""count_ok_eliminar"":0,""count_pending"":0,""count_review_action"":0,""count_other"":0}";import;qa_ok_importar_found
000931010105;HEX SCREW;M 10 X 60;43.900 g M 10 X 60 DIN931;import;qa_ok_importar_found;true;33;12V4000M40A, 12V4000M53, 12V4000M70, 16V4000M61, 16V4000M73, 16V4000M73L, 16V4000M90, 20V4000M93, 20V4000M93L;1100666, 1200150, 1203292, 1900068, 1900072, 1902508, 1902512, 1300074, 1302996, 1400112, 1400117, 1400159, 1403284, 1403289, 1403330, 1406453, 1406458, 1406499, 1409631, 1409636, 1409677, 1500076, 1503282, 1505745, 1508232, 1600069, 1600073, 1700159, 1703904, 1707644, 1711384, 1800157, 1803728;20, 36, 391, 31, 370, 19, 526, 33, 39, 387, 393, 741, 747, 1096, 1102, 22, 507, 852, 1195, 23, 37, 433, 829, 1225, 1139, 1512;"{""total_rows"":33,""count_ok_importar"":33,""count_ok_eliminar"":0,""count_pending"":0,""count_review_action"":0,""count_other"":0}";import;qa_ok_importar_found
000931010111;HEX SCREW;M 10 X 65;0.047 KGM;import;qa_ok_importar_found;true;6;12V4000M40A, 12V4000M70, 16V4000M61, 16V4000M90;1100667, 1901260, 1903702, 1300952, 1303863, 1601161;160, 190, 529, 163, 667, 170;"{""total_rows"":6,""count_ok_importar"":6,""count_ok_eliminar"":0,""count_pending"":0,""count_review_action"":0,""count_other"":0}";import;qa_ok_importar_found
000931010169;HEX SCREW;M 10 X135;0.089 KGM;import;qa_ok_importar_found;true;2;20V4000M93L;1801307, 1804913;1282, 1659;"{""total_rows"":2,""count_ok_importar"":2,""count_ok_eliminar"":0,""count_pending"":0,""count_review_action"":0,""count_other"":0}";import;qa_ok_importar_found
000931010191;HEX SCREW;M 10 X180;0.114 KGM;import;qa_ok_importar_found;true;18;12V4000M40A, 12V4000M70, 16V4000M61, 16V4000M90;1100668, 1100669, 1100670, 1900151, 1901445, 1901476, 1902591, 1903832, 1903863, 1300145, 1301198, 1301227, 1303067, 1304111, 1304140, 1600157, 1601324, 1601355;29, 198, 200, 41, 212, 214, 380, 549, 551, 28, 195, 197, 535, 697, 699, 34, 190, 192;"{""total_rows"":18,""count_ok_importar"":18,""count_ok_eliminar"":0,""count_pending"":0,""count_review_action"":0,""count_other"":0}";import;qa_ok_importar_found
000931010230;HEX SCREW;M 10 X 65;0.047 KGM;import;qa_ok_importar_found;true;1;12V4000M40A;1100671;258;"{""total_rows"":1,""count_ok_importar"":1,""count_ok_eliminar"":0,""count_pending"":0,""count_review_action"":0,""count_other"":0}";import;qa_ok_importar_found
000931010237;HEX SCREW;M 10 X 90;0.061 KGM;import;qa_ok_importar_found;true;6;12V4000M40A, 12V4000M70, 16V4000M61, 16V4000M90;1100672, 1900007, 1902447, 1300010, 1302932, 1600010;13, 24, 363, 12, 519, 17;"{""total_rows"":6,""count_ok_importar"":6,""count_ok_eliminar"":0,""count_pending"":0,""count_review_action"":0,""count_other"":0}";import;qa_ok_importar_found
000931010247;HEX SCREW;M 10 X120;0.081 KGM;import;qa_ok_importar_found;true;6;12V4000M40A, 12V4000M70, 16V4000M61, 16V4000M90;1100673, 1901983, 1904370, 1301625, 1304537, 1601807;267, 269, 606, 251, 752, 242;"{""total_rows"":6,""count_ok_importar"":6,""count_ok_eliminar"":0,""count_pending"":0,""count_review_action"":0,""count_other"":0}";import;qa_ok_importar_found
000931010292;HEX SCREW;M 10 X110;0.07 KGM;import;qa_ok_importar_found;true;6;12V4000M40A, 12V4000M70, 16V4000M61, 16V4000M90;1100674, 1900152, 1902592, 1300146, 1303068, 1600158;29, 41, 380, 28, 535, 34;"{""total_rows"":6,""count_ok_importar"":6,""count_ok_eliminar"":0,""count_pending"":0,""count_review_action"":0,""count_other"":0}";import;qa_ok_importar_found
000931010315;HEX SCREW;M 10 X100;67.800 g M 10 X100 DIN931;import;qa_ok_importar_found;true;8;12V4000M53, 20V4000M93, 20V4000M93L;1200106, 1203249, 1700103, 1703849, 1707589, 1711329, 1800104, 1803676;31, 386, 32, 428, 824, 1220, 1133, 1506;"{""total_rows"":8,""count_ok_importar"":8,""count_ok_eliminar"":0,""count_pending"":0,""count_review_action"":0,""count_other"":0}";import;qa_ok_importar_found
000931010322;HEX SCREW;M 10 X190;0.12 KGM;import;qa_ok_importar_found;true;12;12V4000M40A, 12V4000M70, 16V4000M61, 16V4000M90;1100675, 1100676, 1900648, 1902094, 1903090, 1904481, 1300588, 1301737, 1303511, 1304649, 1600708, 1601923;106, 286, 115, 454, 623, 97, 274, 604, 773, 121, 262;"{""total_rows"":12,""count_ok_importar"":12,""count_ok_eliminar"":0,""count_pending"":0,""count_review_action"":0,""count_other"":0}";import;qa_ok_importar_found
000931010332;HEX SCREW;M 10 X150;100.000 g M 10 X150 DIN931;import;qa_ok_importar_found;true;22;12V4000M40A, 12V4000M53, 12V4000M70, 16V4000M61, 16V4000M73, 16V4000M73L, 16V4000M90, 20V4000M93, 20V4000M93L;1100677, 1200533, 1203674, 1900458, 1902898, 1300434, 1303357, 1400547, 1403715, 1406884, 1410062, 1500423, 1503629, 1506092, 1508580, 1600461, 1700541, 1704289, 1708029, 1711769, 1800513, 1804086;80, 91, 446, 94, 433, 79, 586, 97, 451, 805, 1160, 84, 569, 914, 1257, 90, 95, 491, 887, 1283, 1195, 1568;"{""total_rows"":22,""count_ok_importar"":22,""count_ok_eliminar"":0,""count_pending"":0,""count_review_action"":0,""count_other"":0}";import;qa_ok_importar_found
000931010336;HEX SCREW;M 10 X130;0.085 KGM;import;qa_ok_importar_found;true;12;12V4000M40A, 12V4000M70, 16V4000M61, 16V4000M90;1100678, 1100679, 1900915, 1901199, 1903357, 1903641, 1300767, 1300921, 1303678, 1303832, 1601044, 1601105;148, 154, 144, 180, 483, 519, 132, 156, 636, 660, 158, 164;"{""total_rows"":12,""count_ok_importar"":12,""count_ok_eliminar"":0,""count_pending"":0,""count_review_action"":0,""count_other"":0}";import;qa_ok_importar_found
000931010345;HEX SCREW;M 10 X140;0.092 KGM;import;qa_ok_importar_found;true;9;12V4000M40A, 12V4000M70, 16V4000M61, 16V4000M90;1100680, 1900992, 1901009, 1903434, 1903451, 1300864, 1303775, 1600996, 1601012;143, 161, 500, 149, 653, 153;"{""total_rows"":9,""count_ok_importar"":9,""count_ok_eliminar"":0,""count_pending"":0,""count_review_action"":0,""count_other"":0}";import;qa_ok_importar_found
000931012033;HEX SCREW;M 12 X 50;54,000 g M 12 X 50 DIN931;import;qa_ok_importar_found;true;3;12V4000M53, 16V4000M90;1202344, 1205485, 1601953;283, 640, 266;"{""total_rows"":3,""count_ok_importar"":3,""count_ok_eliminar"":0,""count_pending"":0,""count_review_action"":0,""count_other"":0}";import;qa_ok_importar_found
000931012052;HEX SCREW;M 12 X 70;0.072 KGM;import;qa_ok_importar_found;true;8;12V4000M40A, 12V4000M53, 12V4000M70, 16V4000M61, 16V4000M90;1100681, 1200480, 1203622, 1900411, 1902851, 1300383, 1303305, 1600411;69, 80, 435, 84, 423, 67, 574, 79;"{""total_rows"":8,""count_ok_importar"":8,""count_ok_eliminar"":0,""count_pending"":0,""count_review_action"":0,""count_other"":0}";import;qa_ok_importar_found
000931012091;HEX SCREW;M 12 X130;0.123 KGM;import;qa_ok_importar_found;true;14;16V4000M73, 16V4000M73L, 20V4000M93, 20V4000M93L;1401541, 1404710, 1407888, 1411066, 1501326, 1504533, 1506996, 1509482, 1701929, 1705669, 1709409, 1713154, 1802086, 1805745;209, 563, 918, 1273, 204, 690, 1035, 1373, 244, 640, 1036, 1432, 1355, 1735;"{""total_rows"":14,""count_ok_importar"":14,""count_ok_eliminar"":0,""count_pending"":0,""count_review_action"":0,""count_other"":0}";import;qa_ok_importar_found
000931012137;HEX SCREW;M 12 X 80;80,400 g M 12 X 80 DIN931;import;qa_ok_importar_found;true;3;12V4000M53, 16V4000M90;1202336, 1205477, 1601958;283, 640, 266;"{""total_rows"":3,""count_ok_importar"":3,""count_ok_eliminar"":0,""count_pending"":0,""count_review_action"":0,""count_other"":0}";import;qa_ok_importar_found
000931012143;HEX SCREW;M 12 X 70;0.073 KGM;import;qa_ok_importar_found;true;9;12V4000M40A, 12V4000M70, 16V4000M61, 16V4000M90;1100683, 1100684, 1901894, 1902043, 1904281, 1904430, 1301667, 1304579, 1601855;246, 279, 259, 596, 616, 260, 760, 250;"{""total_rows"":9,""count_ok_importar"":9,""count_ok_eliminar"":0,""count_pending"":0,""count_review_action"":0,""count_other"":0}";import;qa_ok_importar_found
000931012148;HEX SCREW;M 12 X100;0.099 KGM;import;qa_ok_importar_found;true;8;12V4000M40A, 12V4000M70, 16V4000M61, 16V4000M90;1100685, 1100686, 1902096, 1904483, 1301739, 1304651, 1601429, 1601925;213, 286, 623, 274, 773, 205, 262;"{""total_rows"":8,""count_ok_importar"":8,""count_ok_eliminar"":0,""count_pending"":0,""count_review_action"":0,""count_other"":0}";import;qa_ok_importar_found
000931012176;HEX SCREW;M 12 X150;138.500 g M 12 X150 DIN931;import;qa_ok_importar_found;true;28;12V4000M40A, 12V4000M53, 12V4000M70, 16V4000M61, 16V4000M73, 16V4000M73L, 16V4000M90, 20V4000M93, 20V4000M93L;1100687, 1100688, 1200108, 1203251, 1900052, 1901893, 1902492, 1904280, 1300060, 1301530, 1302982, 1304443, 1400098, 1403270, 1406439, 1409617, 1500062, 1503268, 1505731, 1508218, 1600054, 1601462, 1700105, 1703851, 1707591, 1711331, 1800106, 1803678;20, 246, 31, 386, 259, 370, 596, 19, 238, 526, 739, 33, 387, 741, 1096, 22, 507, 852, 1195, 23, 211, 32, 428, 824, 1220, 1133, 1506;"{""total_rows"":28,""count_ok_importar"":28,""count_ok_eliminar"":0,""count_pending"":0,""count_review_action"":0,""count_other"":0}";import;qa_ok_importar_found
000931012213;HEX SCREW;M 12 X180;0.165 KGM;import;qa_ok_importar_found;true;6;12V4000M40A, 12V4000M70, 16V4000M61, 16V4000M90;1100689, 1900190, 1902630, 1300181, 1303103, 1600200;36, 48, 387, 35, 542, 42;"{""total_rows"":6,""count_ok_importar"":6,""count_ok_eliminar"":0,""count_pending"":0,""count_review_action"":0,""count_other"":0}";import;qa_ok_importar_found
000931016091;HEX SCREW;M 16 X180;302,800 G M 16 X180;import;qa_ok_importar_found;true;4;12V4000M40A, 16V4000M61, 16V4000M90;1100697, 1300414, 1303336, 1600442;73, 74, 581, 86;"{""total_rows"":4,""count_ok_importar"":4,""count_ok_eliminar"":0,""count_pending"":0,""count_review_action"":0,""count_other"":0}";import;qa_ok_importar_found
000933006088;HEX SCREW;M 6 X 20;5,900 G M 6 X 20;import;qa_ok_importar_found;true;5;12V4000M70, 16V4000M61, 16V4000M90;1900947, 1903389, 1300802, 1303713, 1600951;154, 493, 142, 646, 146;"{""total_rows"":5,""count_ok_importar"":5,""count_ok_eliminar"":0,""count_pending"":0,""count_review_action"":0,""count_other"":0}";import;qa_ok_importar_found
000933006207;HEX SCREW;M 6 X 14;0.005 KGM;import;qa_ok_importar_found;true;48;12V4000M40A, 12V4000M53, 12V4000M70, 16V4000M61, 16V4000M90;1100700, 1100701, 1100702, 1100703, 1100704, 1100705, 1100706, 1200174, 1200178, 1202677, 1203316, 1203320, 1205837, 1901877, 1902264, 1902274, 1902285, 1902291, 1902300, 1902323, 1904264, 1904651, 1904661, 1904672, 1904678, 1904687, 1904710, 1301519, 1301986, 1302231, 1302240, 1302249, 1302254, 1302265, 1304432, 1304757, 1305002, 1305011, 1305020, 1305025, 1305036, 1601695, 1602417, 1602426, 1602437, 1602442, 1602451, 1602471;260, 336, 337, 338, 339, 340, 343, 40, 320, 395, 683, 255, 324, 325, 326, 327, 328, 331, 592, 661, 662, 663, 664, 665, 668, 234, 333, 353, 354, 355, 356, 357, 736, 802, 822, 823, 824, 825, 826, 224;"{""total_rows"":48,""count_ok_importar"":48,""count_ok_eliminar"":0,""count_pending"":0,""count_review_action"":0,""count_other"":0}";import;qa_ok_importar_found
000933008114;HEX SCREW;M 8 X 22;0.013 KGM;import;qa_ok_importar_found;true;14;12V4000M40A, 12V4000M70, 16V4000M61, 16V4000M90;1100707, 1100708, 1900075, 1901408, 1902238, 1902515, 1903795, 1904625, 1300077, 1302144, 1302999, 1304915, 1600082, 1602270;22, 331, 33, 207, 317, 372, 544, 654, 21, 348, 528, 817, 26;"{""total_rows"":14,""count_ok_importar"":14,""count_ok_eliminar"":0,""count_pending"":0,""count_review_action"":0,""count_other"":0}";import;qa_ok_importar_found
000933008116;HEX SCREW;M 8 X 28;0.014 KGM;import;qa_ok_importar_found;true;7;12V4000M40A, 12V4000M70, 16V4000M61, 16V4000M90;1100709, 1100710, 1900941, 1903383, 1300796, 1303707, 1600945;135, 258, 153, 492, 141, 645, 145;"{""total_rows"":7,""count_ok_importar"":7,""count_ok_eliminar"":0,""count_pending"":0,""count_review_action"":0,""count_other"":0}";import;qa_ok_importar_found
000933010026;HEX SCREW;M 10 X 22;0.022 KGM;import;qa_ok_importar_found;true;42;12V4000M40A, 12V4000M53, 12V4000M70, 16V4000M61, 16V4000M73, 16V4000M73L, 16V4000M90, 20V4000M93;1100713, 1200902, 1200956, 1204042, 1204096, 1901277, 1903719, 1300969, 1303880, 1400892, 1400962, 1404058, 1404128, 1407227, 1407297, 1410405, 1410475, 1500703, 1500771, 1503909, 1503977, 1506372, 1506440, 1508860, 1508927, 1601178, 1700886, 1700956, 1701017, 1701078, 1704629, 1704699, 1704758, 1704817, 1708369, 1708439, 1708498, 1708557, 1712116, 1712186, 1712246, 1712306;160, 129, 135, 484, 490, 190, 529, 163, 667, 140, 147, 494, 501, 848, 855, 1203, 1210, 126, 133, 611, 618, 956, 963, 1299, 1305, 170, 150, 153, 536, 543, 546, 549, 932, 939, 942, 945, 1328, 1335, 1338, 1341;"{""total_rows"":42,""count_ok_importar"":42,""count_ok_eliminar"":0,""count_pending"":0,""count_review_action"":0,""count_other"":0}";import;qa_ok_importar_found
000933010035;HEX SCREW;M 10 X 25;0.024 KGM;import;qa_ok_importar_found;true;65;12V4000M40A, 12V4000M53, 12V4000M70, 16V4000M61, 16V4000M90, 20V4000M93, 20V4000M93L;1100714, 1100715, 1100716, 1100717, 1100718, 1100719, 1100720, 1100721, 1100722, 1100723, 1200093, 1203236, 1900037, 1900044, 1900187, 1900694, 1901165, 1901223, 1902227, 1902477, 1902485, 1902627, 1903136, 1903607, 1903665, 1904614, 1300037, 1300041, 1300048, 1300056, 1300178, 1300515, 1300900, 1300944, 1301168, 1302133, 1302959, 1302963, 1302970, 1302978, 1303100, 1303438, 1303811, 1303855, 1304081, 1304904, 1600036, 1600040, 1600048, 1600197, 1600605, 1601076, 1601129, 1601291, 1601302, 1602261, 1602285, 1700111, 1703857, 1707597, 1711337, 1800093, 1800285, 1803665, 1803859;15, 16, 17, 18, 36, 104, 152, 157, 218, 331, 31, 386, 27, 28, 48, 121, 178, 183, 317, 366, 368, 387, 460, 517, 522, 654, 14, 35, 95, 154, 159, 192, 348, 521, 523, 524, 542, 602, 658, 663, 694, 817, 19, 20, 21, 42, 119, 162, 168, 187, 318, 32, 428, 824, 1220, 1133, 1150, 1506, 1523;"{""total_rows"":65,""count_ok_importar"":65,""count_ok_eliminar"":0,""count_pending"":0,""count_review_action"":0,""count_other"":0}";import;qa_ok_importar_found
000933010049;HEX SCREW;M 10 X 30;0.026 KGM;import;qa_ok_importar_found;true;6;12V4000M40A, 12V4000M70, 16V4000M61, 16V4000M90;1100724, 1901940, 1904327, 1301603, 1304515, 1601713;251, 264, 601, 247, 748, 228;"{""total_rows"":6,""count_ok_importar"":6,""count_ok_eliminar"":0,""count_pending"":0,""count_review_action"":0,""count_other"":0}";import;qa_ok_importar_found
000933010089;HEX SCREW;M 10 X 20;0.021 KGM;import;qa_ok_importar_found;true;9;12V4000M40A, 12V4000M70, 16V4000M61, 16V4000M90;1100725, 1900002, 1902442, 1300005, 1301599, 1302927, 1304511, 1600005, 1601709;13, 24, 363, 12, 247, 519, 748, 17, 228;"{""total_rows"":9,""count_ok_importar"":9,""count_ok_eliminar"":0,""count_pending"":0,""count_review_action"":0,""count_other"":0}";import;qa_ok_importar_found
000933010092;HEX SCREW;M 10 X 30;0.027 KGM;import;qa_ok_importar_found;true;15;12V4000M40A, 12V4000M70, 16V4000M61, 16V4000M90;1100726, 1100727, 1900939, 1901198, 1903381, 1903640, 1300794, 1300920, 1302175, 1303705, 1303831, 1304946, 1600943, 1601104, 1602323;154, 332, 153, 180, 492, 519, 141, 156, 349, 645, 660, 818, 145, 164, 318;"{""total_rows"":15,""count_ok_importar"":15,""count_ok_eliminar"":0,""count_pending"":0,""count_review_action"":0,""count_other"":0}";import;qa_ok_importar_found
000933010093;HEX SCREW;M 10 X 35;0.027 KGM;import;qa_ok_importar_found;true;58;12V4000M40A, 12V4000M70, 16V4000M61, 16V4000M73, 16V4000M73L, 16V4000M90, 20V4000M93, 20V4000M93L;1100728, 1100729, 1100730, 1100731, 1100732, 1100733, 1900006, 1900137, 1900205, 1901281, 1901453, 1901926, 1902026, 1902048, 1902446, 1902577, 1902645, 1903723, 1903840, 1904313, 1904413, 1904435, 1300132, 1300196, 1300979, 1301162, 1301205, 1301550, 1301672, 1303054, 1303118, 1303890, 1304075, 1304118, 1304463, 1304584, 1401921, 1405090, 1408268, 1411449, 1501930, 1505137, 1507600, 1510089, 1600144, 1600215, 1601182, 1601285, 1601332, 1601499, 1601838, 1601860, 1702251, 1705991, 1709731, 1713475, 1802253, 1805912;13, 29, 37, 200, 247, 279, 24, 41, 49, 192, 214, 260, 363, 380, 388, 531, 551, 597, 616, 28, 36, 168, 197, 239, 535, 543, 671, 694, 699, 740, 760, 249, 603, 958, 1312, 261, 747, 1092, 1428, 34, 43, 172, 187, 213, 250, 269, 665, 1061, 1457, 1372, 1752;"{""total_rows"":58,""count_ok_importar"":58,""count_ok_eliminar"":0,""count_pending"":0,""count_review_action"":0,""count_other"":0}";import;qa_ok_importar_found
000933010094;HEX SCREW;M 10 X 40;0.031 KGM;import;qa_ok_importar_found;true;46;12V4000M40A, 12V4000M70, 16V4000M61, 16V4000M73, 16V4000M73L, 16V4000M90, 20V4000M93, 20V4000M93L;1100734, 1100735, 1100736, 1100737, 1100738, 1901444, 1901680, 1901903, 1901936, 1901947, 1903831, 1904067, 1904290, 1904323, 1904334, 1301197, 1301409, 1301540, 1301560, 1301606, 1304110, 1304322, 1304453, 1304473, 1304518, 1400613, 1403781, 1406950, 1410128, 1500495, 1503701, 1506164, 1508652, 1601323, 1601472, 1601504, 1601716, 1601785, 1700545, 1704293, 1708033, 1711773, 1800517, 1800589, 1804090, 1804161;198, 231, 246, 249, 251, 212, 240, 259, 262, 264, 549, 577, 596, 599, 601, 195, 220, 238, 241, 247, 697, 722, 739, 742, 748, 113, 467, 821, 1176, 103, 588, 933, 1276, 190, 211, 214, 228, 234, 97, 493, 889, 1285, 1197, 1213, 1570, 1586;"{""total_rows"":46,""count_ok_importar"":46,""count_ok_eliminar"":0,""count_pending"":0,""count_review_action"":0,""count_other"":0}";import;qa_ok_importar_found
000933010095;HEX SCREW;M 10 X 50;0.036 KGM;import;qa_ok_importar_found;true;42;12V4000M40A, 12V4000M53, 12V4000M70, 16V4000M61, 16V4000M73, 16V4000M73L, 16V4000M90, 20V4000M93, 20V4000M93L;1100739, 1100740, 1100741, 1200104, 1203247, 1900134, 1900978, 1901982, 1902093, 1902574, 1903420, 1904369, 1904480, 1300128, 1300831, 1300974, 1301624, 1301736, 1303050, 1303742, 1303885, 1304536, 1304648, 1400554, 1403723, 1406892, 1410070, 1500427, 1503633, 1506096, 1508584, 1600140, 1600982, 1601191, 1601806, 1601922, 1700101, 1703847, 1707587, 1711327, 1800102, 1803674;29, 267, 286, 31, 386, 41, 155, 269, 380, 494, 606, 623, 28, 143, 167, 251, 274, 535, 647, 670, 752, 773, 100, 454, 808, 1163, 86, 571, 916, 1259, 34, 147, 174, 242, 262, 32, 428, 824, 1220, 1133, 1506;"{""total_rows"":42,""count_ok_importar"":42,""count_ok_eliminar"":0,""count_pending"":0,""count_review_action"":0,""count_other"":0}";import;qa_ok_importar_found
000933010116;HEX SCREW;M 10 X 45;0.034 KGM;import;qa_ok_importar_found;true;15;12V4000M40A, 12V4000M70, 16V4000M61, 16V4000M90;1100742, 1900631, 1900640, 1900646, 1900657, 1903073, 1903082, 1903088, 1903099, 1300576, 1303499, 1600691, 1600700, 1600706, 1600717;105, 115, 454, 96, 603, 121;"{""total_rows"":15,""count_ok_importar"":15,""count_ok_eliminar"":0,""count_pending"":0,""count_review_action"":0,""count_other"":0}";import;qa_ok_importar_found
000933010149;HEX SCREW;M 10 X 65;0.044 KGM;import;qa_ok_importar_found;true;6;12V4000M40A, 12V4000M70, 16V4000M61, 16V4000M90;1100745, 1901171, 1903613, 1300905, 1303816, 1601082;258, 178, 517, 154, 658, 162;"{""total_rows"":6,""count_ok_importar"":6,""count_ok_eliminar"":0,""count_pending"":0,""count_review_action"":0,""count_other"":0}";import;qa_ok_importar_found
000933010176;HEX SCREW;M 10 X 32;0.028 KGM;import;qa_ok_importar_found;true;1;12V4000M40A;1100747;162;"{""total_rows"":1,""count_ok_importar"":1,""count_ok_eliminar"":0,""count_pending"":0,""count_review_action"":0,""count_other"":0}";import;qa_ok_importar_found
000933010180;HEX SCREW;M 10 X 28;0.025 KGM;import;qa_ok_importar_found;true;18;12V4000M40A, 16V4000M61, 16V4000M73L, 16V4000M90, 20V4000M93, 20V4000M93L;1100748, 1100749, 1301320, 1301766, 1304233, 1304678, 1502030, 1505237, 1507694, 1601996, 1700095, 1703841, 1707581, 1711321, 1800112, 1803059, 1803684, 1806717;224, 294, 214, 279, 716, 778, 286, 772, 1114, 272, 31, 427, 823, 1219, 1134, 1436, 1507, 1816;"{""total_rows"":18,""count_ok_importar"":18,""count_ok_eliminar"":0,""count_pending"":0,""count_review_action"":0,""count_other"":0}";import;qa_ok_importar_found
000933010194;HEX SCREW;M 10 X 40;0.031 KGM;import;qa_ok_importar_found;true;28;12V4000M40A, 12V4000M53, 12V4000M70, 16V4000M61, 16V4000M73, 16V4000M73L, 16V4000M90, 20V4000M93, 20V4000M93L;1100750, 1100751, 1200492, 1203635, 1900419, 1900530, 1902859, 1902970, 1300393, 1300500, 1303315, 1303423, 1400508, 1403677, 1406846, 1410024, 1500384, 1503590, 1506053, 1508541, 1600420, 1600533, 1700500, 1704250, 1707990, 1711730, 1800473, 1804046;72, 92, 83, 438, 86, 106, 425, 445, 70, 90, 577, 597, 89, 443, 797, 1152, 76, 561, 906, 1249, 82, 102, 87, 483, 879, 1275, 1187, 1560;"{""total_rows"":28,""count_ok_importar"":28,""count_ok_eliminar"":0,""count_pending"":0,""count_review_action"":0,""count_other"":0}";import;qa_ok_importar_found
000933010198;HEX SCREW;M 10 X 16;20,080 G M 10 X 16;import;qa_ok_importar_found;true;6;12V4000M40A, 12V4000M70, 16V4000M61, 16V4000M90;1100752, 1901215, 1903657, 1300926, 1303837, 1601123;155, 181, 520, 156, 660, 165;"{""total_rows"":6,""count_ok_importar"":6,""count_ok_eliminar"":0,""count_pending"":0,""count_review_action"":0,""count_other"":0}";import;qa_ok_importar_found
000933012038;HEX SCREW;M 12 X 65;0.063 KGM;import;qa_ok_importar_found;true;8;16V4000M73, 16V4000M73L;1400556, 1403725, 1406894, 1410072, 1500429, 1503635, 1506098, 1508586;100, 454, 808, 1163, 86, 571, 916, 1259;"{""total_rows"":8,""count_ok_importar"":8,""count_ok_eliminar"":0,""count_pending"":0,""count_review_action"":0,""count_other"":0}";import;qa_ok_importar_found
000933012040;HEX SCREW;M 12 X 75;0.07 KGM;import;qa_ok_importar_found;true;37;12V4000M40A, 12V4000M70, 16V4000M61, 16V4000M73L, 16V4000M90;1100754, 1100755, 1100756, 1100757, 1900740, 1900865, 1900887, 1901208, 1901990, 1902129, 1903182, 1903307, 1903329, 1903650, 1904377, 1904516, 1300632, 1300933, 1301531, 1301633, 1301788, 1303543, 1303844, 1304444, 1304545, 1304700, 1502050, 1505257, 1507714, 1510203, 1600583, 1600881, 1600902, 1601113, 1601463, 1601814, 1602016;115, 131, 154, 267, 126, 138, 139, 180, 269, 296, 465, 477, 478, 519, 606, 633, 112, 156, 238, 251, 282, 616, 660, 739, 752, 781, 288, 774, 1116, 1451, 116, 164, 211, 242, 275;"{""total_rows"":37,""count_ok_importar"":37,""count_ok_eliminar"":0,""count_pending"":0,""count_review_action"":0,""count_other"":0}";import;qa_ok_importar_found
000933012050;HEX SCREW;M 12 X 55;0.057 KGM;import;qa_ok_importar_found;true;20;12V4000M40A, 12V4000M70, 16V4000M61, 16V4000M90;1100759, 1100760, 1100761, 1900864, 1900866, 1900886, 1900888, 1903306, 1903308, 1903328, 1903330, 1300519, 1301524, 1303442, 1304437, 1600609, 1600880, 1600882, 1600901, 1600903;104, 131, 258, 138, 139, 477, 478, 95, 238, 602, 739, 119;"{""total_rows"":20,""count_ok_importar"":20,""count_ok_eliminar"":0,""count_pending"":0,""count_review_action"":0,""count_other"":0}";import;qa_ok_importar_found
000933012051;HEX SCREW;M 12 X 50;0.052 KGM;import;qa_ok_importar_found;true;83;12V4000M40A, 12V4000M53, 12V4000M70, 16V4000M61, 16V4000M73, 16V4000M73L, 16V4000M90, 20V4000M93, 20V4000M93L;1100762, 1100763, 1100764, 1100765, 1100766, 1100767, 1100768, 1100769, 1100770, 1100771, 1201435, 1201826, 1204574, 1204965, 1900414, 1900461, 1901195, 1901233, 1901886, 1901895, 1901989, 1902016, 1902042, 1902854, 1902901, 1903637, 1903675, 1904273, 1904282, 1904376, 1904403, 1904429, 1300386, 1300437, 1300918, 1300948, 1301239, 1301532, 1301632, 1301666, 1301685, 1301709, 1303308, 1303360, 1303829, 1303859, 1304152, 1304445, 1304544, 1304578, 1304597, 1304621, 1400496, 1403665, 1406834, 1410012, 1500373, 1503579, 1506042, 1508530, 1600414, 1600464, 1601101, 1601149, 1601368, 1601464, 1601813, 1601847, 1601854, 1601877, 1601898, 1700392, 1700483, 1704137, 1704233, 1707877, 1707973, 1711617, 1711713, 1800382, 1800457, 1803955, 1804030;69, 82, 154, 157, 201, 246, 267, 275, 279, 280, 196, 235, 551, 590, 84, 96, 180, 183, 259, 269, 423, 435, 519, 522, 596, 606, 612, 616, 67, 81, 156, 159, 198, 238, 251, 260, 261, 265, 574, 588, 660, 663, 700, 739, 752, 760, 761, 765, 87, 441, 795, 1150, 74, 559, 904, 1247, 79, 92, 164, 168, 193, 211, 242, 250, 252, 255, 65, 461, 480, 857, 876, 1253, 1272, 1165, 1184, 1538, 1557;"{""total_rows"":83,""count_ok_importar"":83,""count_ok_eliminar"":0,""count_pending"":0,""count_review_action"":0,""count_other"":0}";import;qa_ok_importar_found
000933012054;HEX SCREW;M 12 X 25;0.035 KGM;import;qa_ok_importar_found;true;4;12V4000M40A, 16V4000M90;1100772, 1100773, 1601415, 1601439;213, 258, 205, 206;"{""total_rows"":4,""count_ok_importar"":4,""count_ok_eliminar"":0,""count_pending"":0,""count_review_action"":0,""count_other"":0}";import;qa_ok_importar_found
000933012056;HEX SCREW;M 12 X 30;0.038 KGM;import;qa_ok_importar_found;true;12;12V4000M40A, 16V4000M61, 16V4000M90, 20V4000M93L;1100774, 1100775, 1300165, 1300168, 1303087, 1303090, 1600185, 1600188, 1800279, 1800282, 1803853, 1803856;34, 35, 33, 540, 541, 40, 41, 1148, 1149, 1521, 1522;"{""total_rows"":12,""count_ok_importar"":12,""count_ok_eliminar"":0,""count_pending"":0,""count_review_action"":0,""count_other"":0}";import;qa_ok_importar_found
000933012071;HEX SCREW;M 12 X 40;0.045 KGM;import;qa_ok_importar_found;true;22;12V4000M40A, 12V4000M53, 12V4000M70, 16V4000M61, 16V4000M90;1100776, 1100777, 1100778, 1100779, 1201828, 1204967, 1901248, 1902146, 1903690, 1904533, 1300950, 1301655, 1301687, 1301797, 1303861, 1304567, 1304599, 1304709, 1601144, 1601842, 1601879, 1602024;158, 279, 280, 296, 235, 590, 184, 297, 523, 634, 160, 260, 261, 284, 664, 760, 761, 783, 168, 250, 252, 277;"{""total_rows"":22,""count_ok_importar"":22,""count_ok_eliminar"":0,""count_pending"":0,""count_review_action"":0,""count_other"":0}";import;qa_ok_importar_found
000933012077;HEX SCREW;M 12 X 35;0.042 KGM;import;qa_ok_importar_found;true;9;12V4000M40A, 12V4000M70, 16V4000M61, 16V4000M90;1100780, 1100781, 1902018, 1904405, 1301342, 1301711, 1304255, 1304623, 1601900;224, 275, 612, 214, 265, 716, 765, 255;"{""total_rows"":9,""count_ok_importar"":9,""count_ok_eliminar"":0,""count_pending"":0,""count_review_action"":0,""count_other"":0}";import;qa_ok_importar_found
000933012093;HEX SCREW;M 12 X 45;0.049 KGM;import;qa_ok_importar_found;true;13;12V4000M40A, 12V4000M70, 16V4000M61, 16V4000M90;1100782, 1100783, 1100784, 1900738, 1901247, 1903180, 1903689, 1300630, 1301331, 1303541, 1304244, 1600581, 1601143;115, 158, 224, 126, 184, 465, 523, 112, 214, 616, 716, 116, 168;"{""total_rows"":13,""count_ok_importar"":13,""count_ok_eliminar"":0,""count_pending"":0,""count_review_action"":0,""count_other"":0}";import;qa_ok_importar_found
000933012120;HEX SCREW;M 12 X 45;0.049 KGM;import;qa_ok_importar_found;true;2;12V4000M70;1902148, 1904535;299, 636;"{""total_rows"":2,""count_ok_importar"":2,""count_ok_eliminar"":0,""count_pending"":0,""count_review_action"":0,""count_other"":0}";import;qa_ok_importar_found
000933016003;HEX SCREW;M 16 X 25;68.700 g M 16 X 25 DIN933;import;qa_ok_importar_found;true;16;12V4000M53, 16V4000M73, 16V4000M73L, 20V4000M93, 20V4000M93L;1200126, 1203268, 1400134, 1403305, 1406474, 1409652, 1500092, 1503298, 1505761, 1508248, 1700134, 1703879, 1707619, 1711359, 1800122, 1803694;35, 390, 38, 392, 746, 1101, 27, 512, 857, 1200, 36, 432, 828, 1224, 1138, 1511;"{""total_rows"":16,""count_ok_importar"":16,""count_ok_eliminar"":0,""count_pending"":0,""count_review_action"":0,""count_other"":0}";import;qa_ok_importar_found
000934003002;HEX NUT;M 3;0.001 KGM;import;qa_ok_importar_found;true;3;12V4000M40A, 16V4000M90;1100789, 1100790, 1602491;358, 388, 335;"{""total_rows"":3,""count_ok_importar"":3,""count_ok_eliminar"":0,""count_pending"":0,""count_review_action"":0,""count_other"":0}";import;qa_ok_importar_found
000934004013;NUT HEX S2000/4000;M 4;0.001 KGM;import;qa_ok_importar_found;true;1;12V4000M40A;1100791;357;"{""total_rows"":1,""count_ok_importar"":1,""count_ok_eliminar"":0,""count_pending"":0,""count_review_action"":0,""count_other"":0}";import;qa_ok_importar_found
000934005004;NUT HEX;M 5;0.001 KGM;import;qa_ok_importar_found;true;140;12V4000M40A, 12V4000M53, 12V4000M70, 16V4000M61, 16V4000M73, 16V4000M73L, 16V4000M90, 20V4000M93, 20V4000M93L;1100792, 1100793, 1100794, 1100795, 1100796, 1100797, 1100798, 1100799, 1100800, 1100801, 1100802, 1202605, 1202611, 1202614, 1202620, 1202627, 1202738, 1205765, 1205771, 1205774, 1205780, 1205787, 1205898, 1901884, 1902226, 1902246, 1902249, 1902257, 1902262, 1902272, 1902282, 1902298, 1902309, 1902315, 1902321, 1904271, 1904613, 1904633, 1904636, 1904644, 1904649, 1904659, 1904669, 1904685, 1904696, 1904702, 1904708, 1301984, 1302132, 1302215, 1302223, 1302229, 1302238, 1302263, 1302274, 1302280, 1304755, 1304903, 1304986, 1304994, 1305000, 1305009, 1305034, 1305045, 1305051, 1402971, 1402974, 1402977, 1402981, 1402985, 1402990, 1406140, 1406143, 1406146, 1406150, 1406154, 1406159, 1409318, 1409321, 1409324, 1409328, 1409332, 1409337, 1412521, 1412524, 1412527, 1412531, 1412535, 1412540, 1502428, 1502434, 1502440, 1505465, 1505471, 1505477, 1507958, 1507964, 1507970, 1510448, 1510454, 1510460, 1601702, 1602260, 1602284, 1602400, 1602403, 1602410, 1602415, 1602424, 1602434, 1602449, 1602459, 1602464, 1602469, 1703513, 1703516, 1703521, 1703526, 1703678, 1707253, 1707256, 1707261, 1707266, 1707418, 1710993, 1710996, 1711001, 1711006, 1711158, 1714733, 1714736, 1714741, 1714746, 1714899, 1803312, 1803317, 1803322, 1806994, 1806999, 1807004;261, 331, 334, 335, 336, 337, 340, 341, 342, 343, 359, 308, 309, 310, 311, 312, 329, 671, 672, 673, 674, 675, 692, 256, 317, 321, 322, 323, 324, 325, 328, 330, 593, 654, 658, 659, 660, 661, 662, 665, 666, 667, 668, 333, 348, 351, 352, 353, 354, 357, 358, 802, 817, 820, 821, 822, 823, 826, 827, 828, 338, 339, 688, 689, 690, 691, 693, 1043, 1044, 1045, 1046, 1047, 1048, 1397, 1398, 1399, 1400, 1401, 1402, 345, 346, 347, 807, 808, 809, 1150, 1151, 1152, 1485, 1486, 1487, 225, 318, 371, 372, 373, 374, 395, 767, 768, 769, 770, 791, 1163, 1164, 1165, 1166, 1187, 1559, 1560, 1561, 1562, 1583, 1461, 1462, 1463, 1845, 1846, 1847;"{""total_rows"":140,""count_ok_importar"":140,""count_ok_eliminar"":0,""count_pending"":0,""count_review_action"":0,""count_other"":0}";import;qa_ok_importar_found
000934006006;NUT HEX;M 6;0.002 KGM;import;qa_ok_importar_found;true;63;12V4000M40A, 12V4000M53, 12V4000M70, 16V4000M61, 16V4000M90;1100805, 1100806, 1100807, 1100808, 1100809, 1100810, 1100811, 1100812, 1100813, 1100814, 1100815, 1202681, 1205841, 1900689, 1901179, 1901264, 1901879, 1902266, 1902276, 1902287, 1902293, 1902302, 1902325, 1903131, 1903621, 1903706, 1904266, 1904653, 1904663, 1904674, 1904680, 1904689, 1904712, 1300910, 1300956, 1301522, 1301988, 1302186, 1302233, 1302242, 1302251, 1302257, 1302267, 1303821, 1303867, 1304435, 1304759, 1304957, 1305004, 1305013, 1305022, 1305028, 1305038, 1601090, 1601165, 1601697, 1602341, 1602419, 1602428, 1602439, 1602444, 1602453, 1602473;152, 160, 239, 260, 332, 336, 337, 338, 339, 340, 343, 320, 683, 118, 178, 190, 255, 324, 325, 326, 327, 328, 331, 457, 517, 529, 592, 661, 662, 663, 664, 665, 668, 154, 163, 234, 333, 349, 353, 354, 355, 356, 357, 658, 667, 736, 802, 818, 822, 823, 824, 825, 826, 162, 170, 224, 319;"{""total_rows"":63,""count_ok_importar"":63,""count_ok_eliminar"":0,""count_pending"":0,""count_review_action"":0,""count_other"":0}";import;qa_ok_importar_found
000934008008;NUT HEX;M 8;0.005 KGM;import;qa_ok_importar_found;true;58;12V4000M40A, 12V4000M70, 16V4000M61, 16V4000M73L, 16V4000M90, 20V4000M93, 20V4000M93L;1100819, 1100820, 1100821, 1100822, 1100823, 1100824, 1900147, 1900598, 1900608, 1900970, 1902192, 1902194, 1902587, 1903039, 1903049, 1903412, 1904579, 1904581, 1300141, 1300558, 1300816, 1301185, 1302166, 1303063, 1303481, 1303727, 1304098, 1304937, 1502073, 1505280, 1507777, 1510266, 1600153, 1600656, 1600666, 1600966, 1601312, 1602070, 1602072, 1602311, 1602315, 1602360, 1602368, 1602396, 1703011, 1703013, 1706751, 1706753, 1710491, 1710493, 1714233, 1714235, 1802328, 1803119, 1803121, 1805987, 1806780, 1806782;29, 98, 105, 238, 258, 332, 41, 114, 155, 306, 380, 453, 494, 643, 28, 96, 142, 192, 349, 535, 603, 646, 694, 818, 296, 782, 1127, 1462, 34, 120, 146, 187, 285, 318, 319, 320, 728, 1124, 1520, 1382, 1448, 1762, 1828;"{""total_rows"":58,""count_ok_importar"":58,""count_ok_eliminar"":0,""count_pending"":0,""count_review_action"":0,""count_other"":0}";import;qa_ok_importar_found
000934008013;NUT HEX;M 8;4.500 g M 8 DIN934;import;qa_ok_importar_found;true;11;12V4000M40A, 12V4000M53, 16V4000M61, 16V4000M90, 20V4000M93;1100825, 1100826, 1200580, 1203721, 1300528, 1303451, 1600617, 1700582, 1704330, 1708070, 1711810;122, 128, 101, 456, 95, 602, 119, 105, 501, 897, 1293;"{""total_rows"":11,""count_ok_importar"":11,""count_ok_eliminar"":0,""count_pending"":0,""count_review_action"":0,""count_other"":0}";import;qa_ok_importar_found
000934010005;NUT HEX;M 10;0.01 KGM;import;qa_ok_importar_found;true;40;12V4000M40A, 12V4000M70, 16V4000M61, 16V4000M73, 16V4000M73L, 16V4000M90, 20V4000M93, 20V4000M93L;1100827, 1100828, 1900988, 1902177, 1903430, 1904564, 1300842, 1300975, 1302210, 1303753, 1303886, 1304981, 1401109, 1404278, 1407447, 1410625, 1500914, 1502061, 1504121, 1505268, 1506584, 1507765, 1509068, 1510254, 1600992, 1601192, 1602060, 1602386, 1701242, 1702996, 1704982, 1706736, 1708722, 1710476, 1712470, 1714218, 1801203, 1803104, 1804809, 1806765;97, 333, 158, 306, 497, 643, 146, 167, 350, 650, 670, 819, 166, 520, 874, 1229, 152, 296, 638, 782, 983, 1127, 1324, 1462, 150, 174, 285, 319, 332, 570, 728, 966, 1124, 1362, 1520, 1271, 1448, 1648, 1828;"{""total_rows"":40,""count_ok_importar"":40,""count_ok_eliminar"":0,""count_pending"":0,""count_review_action"":0,""count_other"":0}";import;qa_ok_importar_found
000934010007;NUT HEX;M 10;0.01 KGM;import;qa_ok_importar_found;true;55;12V4000M40A, 12V4000M53, 12V4000M70, 16V4000M61, 16V4000M73, 16V4000M73L, 16V4000M90, 20V4000M93, 20V4000M93L;1100829, 1100830, 1100831, 1100832, 1100833, 1200416, 1200859, 1203556, 1203999, 1900340, 1900586, 1900755, 1902780, 1903027, 1903197, 1300326, 1300550, 1300645, 1300696, 1303248, 1303473, 1303556, 1303607, 1400431, 1400858, 1403597, 1404027, 1406766, 1407196, 1409944, 1410374, 1500318, 1500670, 1503524, 1503876, 1505987, 1506339, 1508474, 1508827, 1600353, 1600644, 1600760, 1600815, 1700413, 1700848, 1704160, 1704594, 1707900, 1708334, 1711640, 1712077, 1800403, 1800806, 1803975, 1804412;55, 105, 120, 126, 239, 66, 127, 421, 482, 70, 114, 129, 409, 453, 468, 54, 96, 115, 121, 561, 603, 619, 625, 71, 138, 425, 492, 779, 846, 1134, 1201, 58, 123, 543, 608, 888, 953, 1231, 1296, 65, 133, 69, 137, 465, 533, 861, 929, 1257, 1325, 1169, 1235, 1542, 1612;"{""total_rows"":55,""count_ok_importar"":55,""count_ok_eliminar"":0,""count_pending"":0,""count_review_action"":0,""count_other"":0}";import;qa_ok_importar_found
000934012008;NUT HEX;M 12;0.016 KGM;import;qa_ok_importar_found;true;73;12V4000M40A, 12V4000M70, 16V4000M61, 16V4000M73, 16V4000M73L, 16V4000M90, 20V4000M93, 20V4000M93L;1100834, 1100835, 1100836, 1100837, 1100838, 1100839, 1100840, 1900192, 1901210, 1901235, 1901896, 1902044, 1902084, 1902632, 1903652, 1903677, 1904283, 1904431, 1904471, 1300183, 1300935, 1301533, 1301668, 1301729, 1303105, 1303846, 1304446, 1304580, 1304641, 1401540, 1401711, 1404709, 1404880, 1407887, 1408058, 1411065, 1411236, 1501325, 1501514, 1502038, 1504532, 1504721, 1505245, 1506995, 1507184, 1507702, 1509481, 1509672, 1510191, 1600202, 1601115, 1601151, 1601465, 1601856, 1601914, 1701818, 1701895, 1701927, 1705557, 1705635, 1705667, 1709297, 1709375, 1709407, 1713043, 1713120, 1713152, 1801971, 1802053, 1802085, 1805630, 1805712, 1805744;36, 154, 157, 246, 279, 286, 303, 48, 180, 183, 259, 387, 519, 522, 596, 616, 623, 35, 156, 238, 260, 274, 542, 660, 739, 760, 773, 209, 227, 563, 581, 918, 936, 1273, 1290, 204, 224, 288, 690, 710, 774, 1035, 1055, 1116, 1373, 1392, 1451, 42, 164, 168, 211, 250, 262, 237, 241, 244, 633, 637, 640, 1029, 1033, 1036, 1425, 1429, 1432, 1348, 1352, 1355, 1728, 1732, 1735;"{""total_rows"":73,""count_ok_importar"":73,""count_ok_eliminar"":0,""count_pending"":0,""count_review_action"":0,""count_other"":0}";import;qa_ok_importar_found
000934012010;NUT HEX;M 12;15,300 G M 12;import;qa_ok_importar_found;true;4;12V4000M40A, 16V4000M61, 16V4000M90;1100841, 1301778, 1304690, 1602008;304, 282, 781, 275;"{""total_rows"":4,""count_ok_importar"":4,""count_ok_eliminar"":0,""count_pending"":0,""count_review_action"":0,""count_other"":0}";import;qa_ok_importar_found
000934012021;VPI - HEX NUT;;;import;qa_ok_importar_found;true;2;12V4000M70;1902131, 1904518;296, 633;"{""total_rows"":2,""count_ok_importar"":2,""count_ok_eliminar"":0,""count_pending"":0,""count_review_action"":0,""count_other"":0}";import;qa_ok_importar_found
000934016019;NUT HEX 8;M 16;0.028 KGM;import;qa_ok_importar_found;true;37;12V4000M40A, 12V4000M53, 12V4000M70, 16V4000M61, 16V4000M73, 16V4000M73L, 16V4000M90, 20V4000M93, 20V4000M93L;1100842, 1100843, 1100844, 1202388, 1202396, 1205529, 1205537, 1902126, 1902198, 1904513, 1904585, 1301772, 1301836, 1304684, 1304732, 1402579, 1405748, 1408926, 1412128, 1501997, 1502054, 1505204, 1505261, 1507718, 1510207, 1510654, 1510676, 1602003, 1602093, 1702989, 1706729, 1710469, 1714211, 1802124, 1802969, 1805783, 1806628;219, 299, 311, 292, 298, 649, 655, 294, 310, 631, 647, 280, 302, 779, 793, 308, 662, 1017, 1371, 275, 289, 761, 775, 1117, 1452, 1515, 1525, 273, 327, 723, 1119, 1360, 1422, 1740, 1802;"{""total_rows"":37,""count_ok_importar"":37,""count_ok_eliminar"":0,""count_pending"":0,""count_review_action"":0,""count_other"":0}";import;qa_ok_importar_found
000934020000;NUT HEX;M 20;0.052 KGM;import;qa_ok_importar_found;true;29;12V4000M40A, 12V4000M70, 16V4000M61, 16V4000M73, 16V4000M73L, 16V4000M90, 20V4000M93L;1100845, 1100846, 1100847, 1902121, 1902145, 1904508, 1904532, 1301791, 1301796, 1304703, 1304708, 1402343, 1402616, 1405512, 1405785, 1408690, 1408963, 1411889, 1412165, 1502144, 1505286, 1507783, 1510272, 1602019, 1602023, 1802815, 1803127, 1806474, 1806809;295, 296, 301, 293, 297, 630, 634, 283, 284, 782, 783, 315, 637, 669, 992, 1024, 1346, 1378, 306, 785, 1130, 1465, 276, 277, 1407, 1451, 1787, 1835;"{""total_rows"":29,""count_ok_importar"":29,""count_ok_eliminar"":0,""count_pending"":0,""count_review_action"":0,""count_other"":0}";import;qa_ok_importar_found
000934022002;NUT HEX 10;M 22 X 1,5;0.065 KGM;import;qa_ok_importar_found;true;2;16V4000M73L;1507723, 1510212;1119, 1454;"{""total_rows"":2,""count_ok_importar"":2,""count_ok_eliminar"":0,""count_pending"":0,""count_review_action"":0,""count_other"":0}";import;qa_ok_importar_found
000939010009;STUD;M 10 X 30;0.02 KGM;import;qa_ok_importar_found;true;14;16V4000M73, 16V4000M73L, 20V4000M93, 20V4000M93L;1401198, 1404367, 1407536, 1410714, 1500989, 1504196, 1506659, 1509143, 1701339, 1705079, 1708819, 1712566, 1801305, 1804911;175, 529, 883, 1238, 161, 647, 992, 1333, 185, 581, 977, 1373, 1282, 1659;"{""total_rows"":14,""count_ok_importar"":14,""count_ok_eliminar"":0,""count_pending"":0,""count_review_action"":0,""count_other"":0}";import;qa_ok_importar_found
000939010115;STUD;M 10 X 45;29.700 g M 10 X 45 DIN939;import;qa_ok_importar_found;true;16;12V4000M53, 16V4000M73, 16V4000M73L, 20V4000M93, 20V4000M93L;1201259, 1204398, 1401310, 1404479, 1407648, 1410826, 1501079, 1504286, 1506749, 1509236, 1701490, 1705230, 1708970, 1712716, 1801526, 1805132;170, 525, 185, 539, 893, 1248, 173, 659, 1004, 1344, 195, 591, 987, 1383, 1297, 1674;"{""total_rows"":16,""count_ok_importar"":16,""count_ok_eliminar"":0,""count_pending"":0,""count_review_action"":0,""count_other"":0}";import;qa_ok_importar_found
000939012023;STUD;M 12 X 30;0.033 KGM;import;qa_ok_importar_found;true;16;12V4000M40A, 12V4000M70, 16V4000M61, 16V4000M73, 16V4000M73L, 16V4000M90, 20V4000M93L;1100848, 1900189, 1902629, 1300180, 1303102, 1400328, 1403496, 1406665, 1409843, 1500230, 1503436, 1505899, 1508386, 1600199, 1800306, 1803879;36, 48, 387, 35, 542, 55, 409, 763, 1118, 43, 528, 873, 1216, 42, 1152, 1525;"{""total_rows"":16,""count_ok_importar"":16,""count_ok_eliminar"":0,""count_pending"":0,""count_review_action"":0,""count_other"":0}";import;qa_ok_importar_found
000939012098;STUD;M 12 X 35;0.036 KGM;import;qa_ok_importar_found;true;6;20V4000M93, 20V4000M93L;1701817, 1705556, 1709296, 1713042, 1801970, 1805629;237, 633, 1029, 1425, 1348, 1728;"{""total_rows"":6,""count_ok_importar"":6,""count_ok_eliminar"":0,""count_pending"":0,""count_review_action"":0,""count_other"":0}";import;qa_ok_importar_found
000988020019;RING SHIM;20 X 28 X 2;0.001 KGM;import;qa_ok_importar_found;true;19;12V4000M70, 16V4000M61, 16V4000M73, 16V4000M73L, 16V4000M90, 20V4000M93, 20V4000M93L;1900968, 1903410, 1300823, 1303734, 1401086, 1404255, 1407424, 1410602, 1500893, 1504100, 1506563, 1509047, 1600972, 1701219, 1704959, 1708699, 1712448, 1801181, 1804787;154, 493, 142, 646, 162, 516, 870, 1225, 149, 635, 980, 1321, 146, 170, 566, 962, 1358, 1267, 1644;"{""total_rows"":19,""count_ok_importar"":19,""count_ok_eliminar"":0,""count_pending"":0,""count_review_action"":0,""count_other"":0}";import;qa_ok_importar_found
001481002017;PIN SPRING;2 X 8 - N;0.001 KGM;import;qa_ok_importar_found;true;1;12V4000M40A;1100855;76;"{""total_rows"":1,""count_ok_importar"":1,""count_ok_eliminar"":0,""count_pending"":0,""count_review_action"":0,""count_other"":0}";import;qa_ok_importar_found
001481004000;PIN SPRING;4 X 10 - N;0.001 KGM;import;qa_ok_importar_found;true;22;12V4000M40A, 12V4000M53, 12V4000M70, 16V4000M61, 16V4000M73, 16V4000M73L, 16V4000M90, 20V4000M93, 20V4000M93L;1100856, 1200913, 1204053, 1900804, 1903246, 1300691, 1303602, 1400926, 1404095, 1407264, 1410442, 1500739, 1503945, 1506408, 1508893, 1600807, 1700920, 1704666, 1708406, 1712151, 1800878, 1804484;123, 130, 485, 132, 471, 118, 622, 142, 496, 850, 1205, 128, 613, 958, 1300, 538, 934, 1330, 1240, 1617;"{""total_rows"":22,""count_ok_importar"":22,""count_ok_eliminar"":0,""count_pending"":0,""count_review_action"":0,""count_other"":0}";import;qa_ok_importar_found
001481004029;SPRING PIN;4 X 6 - N;0.001 KGM;import;qa_ok_importar_found;true;2;20V4000M93L;1801473, 1805079;1294, 1671;"{""total_rows"":2,""count_ok_importar"":2,""count_ok_eliminar"":0,""count_pending"":0,""count_review_action"":0,""count_other"":0}";import;qa_ok_importar_found
001481005004;SPRING PIN;5 X 28 - N;0.002 KGM;import;qa_ok_importar_found;true;16;12V4000M53, 16V4000M73, 16V4000M73L, 20V4000M93, 20V4000M93L;1201108, 1204247, 1401097, 1404266, 1407435, 1410613, 1500904, 1504111, 1506574, 1509058, 1701230, 1704970, 1708710, 1712460, 1801193, 1804799;152, 507, 162, 516, 870, 1225, 149, 635, 980, 1321, 170, 566, 962, 1358, 1267, 1644;"{""total_rows"":16,""count_ok_importar"":16,""count_ok_eliminar"":0,""count_pending"":0,""count_review_action"":0,""count_other"":0}";import;qa_ok_importar_found
3555420273;BUSHING FOR SPEED SENSOR;;0.006 KGM;import;qa_ok_importar_found;true;16;12V4000M53, 16V4000M73, 16V4000M73L, 20V4000M93, 20V4000M93L;1201041, 1204180, 1401049, 1404218, 1407387, 1410565, 1500856, 1504063, 1506526, 1509010, 1701167, 1704907, 1708647, 1712396, 1801133, 1804739;149, 504, 159, 513, 867, 1222, 146, 632, 977, 1318, 167, 563, 959, 1355, 1265, 1642;"{""total_rows"":16,""count_ok_importar"":16,""count_ok_eliminar"":0,""count_pending"":0,""count_review_action"":0,""count_other"":0}";import;qa_ok_importar_found
5005317674;EPROM;56X26X16,;;import;qa_ok_importar_found;true;3;12V4000M40A, 16V4000M61;1100874, 1302305, 1305076;404, 363, 832;"{""total_rows"":3,""count_ok_importar"":3,""count_ok_eliminar"":0,""count_pending"":0,""count_review_action"":0,""count_other"":0}";import;qa_ok_importar_found
5005317674/77;EPROM ADJUSTED MEM7-01;MN EINGESTELLT KOMPL. M. MOTORDAT;10 G;import;qa_ok_importar_found;true;1;12V4000M40A;1102397;407;"{""total_rows"":1,""count_ok_importar"":1,""count_ok_eliminar"":0,""count_pending"":0,""count_review_action"":0,""count_other"":0}";import;qa_ok_importar_found
5005331346;FRAME F/PLUG-IN CIRC BOAR;155X101X92;0.16 KGM;import;qa_ok_importar_found;true;4;16V4000M61, 16V4000M73L, 16V4000M90;1302437, 1502205, 1510779, 1602497;393, 323, 1557, 336;"{""total_rows"":4,""count_ok_importar"":4,""count_ok_eliminar"":0,""count_pending"":0,""count_review_action"":0,""count_other"":0}";import;qa_ok_importar_found
5045300897;PLUG-IN BOARD;BIB 2-01;27 G;import;qa_ok_importar_found;true;8;12V4000M70, 16V4000M61, 16V4000M73L, 16V4000M90;1904944, 1301871, 1301962, 1302443, 1502216, 1510790, 1602504, 1602568;718, 314, 328, 393, 324, 1558, 336, 357;"{""total_rows"":8,""count_ok_importar"":8,""count_ok_eliminar"":0,""count_pending"":0,""count_review_action"":0,""count_other"":0}";import;qa_ok_importar_found
5045300897/78;PLUG-IN CIRC.BOARD;;91.800 g MN;import;qa_ok_importar_found;true;1;16V4000M90;1602521;340;"{""total_rows"":1,""count_ok_importar"":1,""count_ok_eliminar"":0,""count_pending"":0,""count_review_action"":0,""count_other"":0}";import;qa_ok_importar_found
5045309892;PLUG-IN BOARD;IIB 1-01;15 G;import;qa_ok_importar_found;true;1;12V4000M40A;1100886;360;"{""total_rows"":1,""count_ok_importar"":1,""count_ok_eliminar"":0,""count_pending"":0,""count_review_action"":0,""count_other"":0}";import;qa_ok_importar_found
5045309892/78;PLUG-IN CIRC.BOARD;;0.026 KGM;import;qa_ok_importar_found;true;1;12V4000M40A;1102398;366;"{""total_rows"":1,""count_ok_importar"":1,""count_ok_eliminar"":0,""count_pending"":0,""count_review_action"":0,""count_other"":0}";import;qa_ok_importar_found
5105301973;INDICATOR FOR CONTROL STAND;WENDEGETRIEBE, BR 183/2000;0.21 KGM;import;qa_ok_importar_found;true;1;16V4000M90;1602696;389;"{""total_rows"":1,""count_ok_importar"":1,""count_ok_eliminar"":0,""count_pending"":0,""count_review_action"":0,""count_other"":0}";import;qa_ok_importar_found
5105306263/S0001;PANEL FOR CONTROL PANEL;;1,050 KG;import;qa_ok_importar_found;true;1;12V4000M40A;1102400;357;"{""total_rows"":1,""count_ok_importar"":1,""count_ok_eliminar"":0,""count_pending"":0,""count_review_action"":0,""count_other"":0}";import;qa_ok_importar_found
5105306662;PANEL MECHANICAL;;512 G;import;qa_ok_importar_found;true;1;12V4000M40A;1100893;373;"{""total_rows"":1,""count_ok_importar"":1,""count_ok_eliminar"":0,""count_pending"":0,""count_review_action"":0,""count_other"":0}";import;qa_ok_importar_found
5105306662/76;PANEL NOT ADJUSTED;;930 G;import;qa_ok_importar_found;true;1;12V4000M40A;1102401;374;"{""total_rows"":1,""count_ok_importar"":1,""count_ok_eliminar"":0,""count_pending"":0,""count_review_action"":0,""count_other"":0}";import;qa_ok_importar_found
5105385875/S0002;DISPLAY BRIDGE CONTROL STAN;;2,220 KG;import;qa_ok_importar_found;true;1;12V4000M40A;1102404;357;"{""total_rows"":1,""count_ok_importar"":1,""count_ok_eliminar"":0,""count_pending"":0,""count_review_action"":0,""count_other"":0}";import;qa_ok_importar_found
5110200612;THRUST BEARING;;0.142 KGM;import;qa_ok_importar_found;true;12;12V4000M40A, 12V4000M70, 16V4000M61, 16V4000M90;1100915, 1100916, 1900775, 1900818, 1903217, 1903260, 1300678, 1300730, 1303589, 1303641, 1600793, 1600848;121, 127, 130, 134, 469, 473, 116, 122, 620, 626, 128;"{""total_rows"":12,""count_ok_importar"":12,""count_ok_eliminar"":0,""count_pending"":0,""count_review_action"":0,""count_other"":0}";import;qa_ok_importar_found
5110215314;COMPRESSOR HOUSING;;20,993 KGEM;import;qa_ok_importar_found;true;2;12V4000M40A;1100917, 1100918;121, 127;"{""total_rows"":2,""count_ok_importar"":2,""count_ok_eliminar"":0,""count_pending"":0,""count_review_action"":0,""count_other"":0}";import;qa_ok_importar_found
5110215414;COMPRESSOR HOUSING;;21.346 kg EM;import;qa_ok_importar_found;true;2;16V4000M90;1600798, 1600853;129, 135;"{""total_rows"":2,""count_ok_importar"":2,""count_ok_eliminar"":0,""count_pending"":0,""count_review_action"":0,""count_other"":0}";import;qa_ok_importar_found
5110215514;COMPRESSOR HOUSING;;20.95 KGM;import;qa_ok_importar_found;true;4;12V4000M70;1900782, 1900825, 1903224, 1903267;130, 134, 469, 473;"{""total_rows"":4,""count_ok_importar"":4,""count_ok_eliminar"":0,""count_pending"":0,""count_review_action"":0,""count_other"":0}";import;qa_ok_importar_found
5110215614;COMPRESSOR HOUSING;;20,480 KG EM;import;qa_ok_importar_found;true;4;16V4000M61;1300659, 1300712, 1303570, 1303623;116, 122, 620, 626;"{""total_rows"":4,""count_ok_importar"":4,""count_ok_eliminar"":0,""count_pending"":0,""count_review_action"":0,""count_other"":0}";import;qa_ok_importar_found
5110250002;COMPRESSOR WHEEL;nan;1.28 KGM;import;qa_ok_importar_found;true;4;12V4000M70;1900803, 1900846, 1903245, 1903288;131, 135, 470, 474;"{""total_rows"":4,""count_ok_importar"":4,""count_ok_eliminar"":0,""count_pending"":0,""count_review_action"":0,""count_other"":0}";import;qa_ok_importar_found
5110250052;WASHER;;8 G;import;qa_ok_importar_found;true;12;12V4000M40A, 16V4000M90, 20V4000M93L;1100919, 1100920, 1600788, 1600843, 1800825, 1800895, 1800956, 1801018, 1804431, 1804501, 1804562, 1804624;121, 127, 128, 134, 1238, 1245, 1248, 1251, 1615, 1622, 1625, 1628;"{""total_rows"":12,""count_ok_importar"":12,""count_ok_eliminar"":0,""count_pending"":0,""count_review_action"":0,""count_other"":0}";import;qa_ok_importar_found
5110250202;COMPRESSOR WHEEL;;1.087 KGM;import;qa_ok_importar_found;true;2;12V4000M40A;1100921, 1100922;122, 128;"{""total_rows"":2,""count_ok_importar"":2,""count_ok_eliminar"":0,""count_pending"":0,""count_review_action"":0,""count_other"":0}";import;qa_ok_importar_found
5110250241;RETAINING RING;;0.824 KGM;import;qa_ok_importar_found;true;20;12V4000M40A, 12V4000M70, 16V4000M61, 16V4000M90, 20V4000M93L;1100923, 1100924, 1900777, 1900820, 1903219, 1903262, 1300679, 1300707, 1303590, 1303618, 1600771, 1600826, 1800832, 1800902, 1800963, 1801025, 1804438, 1804508, 1804569, 1804631;121, 127, 130, 134, 469, 473, 116, 122, 620, 626, 128, 1238, 1245, 1248, 1251, 1615, 1622, 1625, 1628;"{""total_rows"":20,""count_ok_importar"":20,""count_ok_eliminar"":0,""count_pending"":0,""count_review_action"":0,""count_other"":0}";import;qa_ok_importar_found
5110251976;WASHER;;0.068 KGM;import;qa_ok_importar_found;true;56;12V4000M40A, 12V4000M53, 12V4000M70, 16V4000M61, 16V4000M73, 16V4000M73L, 16V4000M90, 20V4000M93, 20V4000M93L;1100928, 1100929, 1200889, 1200943, 1204029, 1204083, 1900789, 1900832, 1903231, 1903274, 1300668, 1300719, 1303579, 1303630, 1400920, 1400990, 1404089, 1404159, 1407258, 1407328, 1410433, 1410503, 1500732, 1500800, 1503938, 1504006, 1506401, 1506469, 1508889, 1508956, 1600782, 1600837, 1700905, 1700975, 1701036, 1701097, 1704651, 1704718, 1704777, 1704836, 1708388, 1708458, 1708517, 1708576, 1712135, 1712205, 1712265, 1712325, 1800859, 1800929, 1800993, 1801052, 1804465, 1804535, 1804599, 1804658;121, 127, 128, 134, 483, 489, 130, 469, 473, 116, 122, 620, 626, 140, 147, 494, 501, 848, 855, 1203, 1210, 126, 133, 611, 618, 956, 963, 1299, 1305, 150, 153, 536, 543, 546, 549, 932, 939, 942, 945, 1328, 1335, 1338, 1341, 1238, 1245, 1248, 1251, 1615, 1622, 1625, 1628;"{""total_rows"":56,""count_ok_importar"":56,""count_ok_eliminar"":0,""count_pending"":0,""count_review_action"":0,""count_other"":0}";import;qa_ok_importar_found
5110803720;TURBINE WHEEL;;4,469 KG EM;import;qa_ok_importar_found;true;2;12V4000M40A;1100930, 1100931;121, 127;"{""total_rows"":2,""count_ok_importar"":2,""count_ok_eliminar"":0,""count_pending"":0,""count_review_action"":0,""count_other"":0}";import;qa_ok_importar_found
5110813403;SHIELD HEAT TURBO;;1.36 KGM;import;qa_ok_importar_found;true;16;12V4000M40A, 12V4000M53, 12V4000M70, 16V4000M61, 16V4000M90;1100934, 1100935, 1200887, 1200941, 1204027, 1204081, 1900768, 1900811, 1903210, 1903253, 1300672, 1300723, 1303583, 1303634, 1600786, 1600841;121, 127, 128, 134, 483, 489, 130, 469, 473, 116, 122, 620, 626;"{""total_rows"":16,""count_ok_importar"":16,""count_ok_eliminar"":0,""count_pending"":0,""count_review_action"":0,""count_other"":0}";import;qa_ok_importar_found
5110850560;RING SEAL;;5.700 g;import;qa_ok_importar_found;true;44;12V4000M53, 16V4000M73, 16V4000M73L, 20V4000M93, 20V4000M93L;1200878, 1200932, 1204018, 1204072, 1400878, 1400948, 1404044, 1404114, 1407213, 1407283, 1410391, 1410461, 1500688, 1500756, 1503894, 1503962, 1506357, 1506425, 1508845, 1508912, 1700873, 1700943, 1701004, 1701065, 1704616, 1704686, 1704745, 1704804, 1708356, 1708426, 1708485, 1708544, 1712103, 1712173, 1712233, 1712293, 1800828, 1800898, 1800959, 1801021, 1804434, 1804504, 1804565, 1804627;128, 134, 483, 489, 140, 147, 494, 501, 848, 855, 1203, 1210, 126, 133, 611, 618, 956, 963, 1299, 1305, 150, 153, 536, 543, 546, 549, 932, 939, 942, 945, 1328, 1335, 1338, 1341, 1238, 1245, 1248, 1251, 1615, 1622, 1625, 1628;"{""total_rows"":44,""count_ok_importar"":44,""count_ok_eliminar"":0,""count_pending"":0,""count_review_action"":0,""count_other"":0}";import;qa_ok_importar_found
5110850960;RING SEAL ASM;;5,910 G;import;qa_ok_importar_found;true;12;12V4000M40A, 12V4000M70, 16V4000M61, 16V4000M90;1100938, 1100939, 1900773, 1900816, 1903215, 1903258, 1300676, 1300728, 1303587, 1303639, 1600791, 1600846;121, 127, 130, 134, 469, 473, 116, 122, 620, 626, 128;"{""total_rows"":12,""count_ok_importar"":12,""count_ok_eliminar"":0,""count_pending"":0,""count_review_action"":0,""count_other"":0}";import;qa_ok_importar_found
5185301585/76;CONTROL CONSOLE NOT ADJUSTED;;25 KG;import;qa_ok_importar_found;true;1;12V4000M40A;1102405;359;"{""total_rows"":1,""count_ok_importar"":1,""count_ok_eliminar"":0,""count_pending"":0,""count_review_action"":0,""count_other"":0}";import;qa_ok_importar_found
5185301585/77;CONTROL CONSOLE COMPLETE;;;import;qa_ok_importar_found;true;1;12V4000M40A;1102406;359;"{""total_rows"":1,""count_ok_importar"":1,""count_ok_eliminar"":0,""count_pending"":0,""count_review_action"":0,""count_other"":0}";import;qa_ok_importar_found
5185302185/S0004;CONTROL CONSOLE IN ENGINE ROOM;;;import;qa_ok_importar_found;true;1;12V4000M40A;1102407;353;"{""total_rows"":1,""count_ok_importar"":1,""count_ok_eliminar"":0,""count_pending"":0,""count_review_action"":0,""count_other"":0}";import;qa_ok_importar_found
5200180035;OIL SEPARATOR FILTER INSERT;FILTEREINSATZ OELABSCHEIDER;112,700 g FILTEREINSAT;import;qa_ok_importar_found;true;2;12V4000M70;1900168, 1902608;44, 383;"{""total_rows"":2,""count_ok_importar"":2,""count_ok_eliminar"":0,""count_pending"":0,""count_review_action"":0,""count_other"":0}";import;qa_ok_importar_found
5205301471;NUT;MAGNETDURCHM.16MM/M16X1,5LINKS;0.053 KGM;import;qa_ok_importar_found;true;12;12V4000M40A, 12V4000M70, 16V4000M61, 16V4000M90;1100951, 1100952, 1900796, 1900839, 1903238, 1903281, 1300683, 1300736, 1303594, 1303647, 1600800, 1600855;122, 128, 131, 135, 470, 474, 117, 123, 621, 627, 129;"{""total_rows"":12,""count_ok_importar"":12,""count_ok_eliminar"":0,""count_pending"":0,""count_review_action"":0,""count_other"":0}";import;qa_ok_importar_found
5205304531;SENSOR FOR FUEL;;181,000 g;import;qa_ok_importar_found;true;6;12V4000M40A, 12V4000M70, 16V4000M61, 16V4000M90;1100954, 1902336, 1904723, 1302000, 1304771, 1602158;345, 333, 670, 337, 806, 303;"{""total_rows"":6,""count_ok_importar"":6,""count_ok_eliminar"":0,""count_pending"":0,""count_review_action"":0,""count_other"":0}";import;qa_ok_importar_found
5221530026;DAMPER;;0.153 KGM;import;qa_ok_importar_found;true;16;12V4000M53, 16V4000M73, 16V4000M73L, 20V4000M93, 20V4000M93L;1202420, 1205580, 1402783, 1405952, 1409130, 1412332, 1502331, 1505368, 1507861, 1510351, 1703330, 1707070, 1710810, 1714550, 1803146, 1806828;303, 666, 329, 683, 1038, 1392, 342, 804, 1147, 1482, 367, 763, 1159, 1555, 1457, 1841;"{""total_rows"":16,""count_ok_importar"":16,""count_ok_eliminar"":0,""count_pending"":0,""count_review_action"":0,""count_other"":0}";import;qa_ok_importar_found
5225460043;BRACKET L H:49;;0.061 KGM;import;qa_ok_importar_found;true;44;12V4000M40A, 12V4000M53, 16V4000M61, 16V4000M73, 16V4000M73L, 16V4000M90, 20V4000M93, 20V4000M93L;1100955, 1202552, 1202596, 1205712, 1205756, 1302181, 1304952, 1402868, 1402937, 1403122, 1406037, 1406106, 1406291, 1409215, 1409284, 1409469, 1412418, 1412487, 1412672, 1502384, 1502588, 1505421, 1505625, 1507914, 1508118, 1510404, 1510607, 1602335, 1602353, 1602394, 1703378, 1703399, 1703506, 1707118, 1707139, 1707246, 1710858, 1710879, 1710986, 1714598, 1714619, 1714726, 1803219, 1806901;332, 306, 307, 669, 670, 349, 818, 331, 355, 685, 686, 709, 1040, 1041, 1064, 1394, 1395, 1418, 343, 363, 805, 825, 1148, 1168, 1483, 1503, 319, 320, 368, 370, 764, 766, 1160, 1162, 1556, 1558, 1459, 1843;"{""total_rows"":44,""count_ok_importar"":44,""count_ok_eliminar"":0,""count_pending"":0,""count_review_action"":0,""count_other"":0}";import;qa_ok_importar_found
5240100264;OIL FILLER NECK BR4000;;4,280 KG;import;qa_ok_importar_found;true;1;12V4000M40A;1100956;17;"{""total_rows"":1,""count_ok_importar"":1,""count_ok_eliminar"":0,""count_pending"":0,""count_review_action"":0,""count_other"":0}";import;qa_ok_importar_found
5240100266;GUIDE TUBE;;3.39 KGM;import;qa_ok_importar_found;true;4;12V4000M40A, 16V4000M61, 16V4000M90;1100957, 1300050, 1302972, 1600043;18, 17, 524, 21;"{""total_rows"":4,""count_ok_importar"":4,""count_ok_eliminar"":0,""count_pending"":0,""count_review_action"":0,""count_other"":0}";import;qa_ok_importar_found
5240100267;PLATE GUARD RIGHT;;530.000 g;import;qa_ok_importar_found;true;22;12V4000M40A, 12V4000M53, 12V4000M70, 16V4000M61, 16V4000M73, 16V4000M73L, 16V4000M90, 20V4000M93, 20V4000M93L;1100958, 1200124, 1203266, 1900101, 1902541, 1300100, 1303022, 1400132, 1403303, 1406472, 1409650, 1500090, 1503296, 1505759, 1508246, 1600108, 1700132, 1703877, 1707617, 1711357, 1800120, 1803692;26, 35, 390, 37, 376, 25, 532, 38, 392, 746, 1101, 27, 512, 857, 1200, 30, 36, 432, 828, 1224, 1138, 1511;"{""total_rows"":22,""count_ok_importar"":22,""count_ok_eliminar"":0,""count_pending"":0,""count_review_action"":0,""count_other"":0}";import;qa_ok_importar_found
5240100276;FLANGE;;0.448 KGM;import;qa_ok_importar_found;true;6;12V4000M40A, 12V4000M70, 16V4000M61, 16V4000M90;1100959, 1900141, 1902581, 1300135, 1303057, 1600147;29, 41, 380, 28, 535, 34;"{""total_rows"":6,""count_ok_importar"":6,""count_ok_eliminar"":0,""count_pending"":0,""count_review_action"":0,""count_other"":0}";import;qa_ok_importar_found
5240100367;PLATE GUARD LEFT;;0.494 KGM;import;qa_ok_importar_found;true;22;12V4000M40A, 12V4000M53, 12V4000M70, 16V4000M61, 16V4000M73, 16V4000M73L, 16V4000M90, 20V4000M93, 20V4000M93L;1100960, 1200125, 1203267, 1900106, 1902546, 1300105, 1303027, 1400133, 1403304, 1406473, 1409651, 1500091, 1503297, 1505760, 1508247, 1600113, 1700133, 1703878, 1707618, 1711358, 1800121, 1803693;26, 35, 390, 37, 376, 25, 532, 38, 392, 746, 1101, 27, 512, 857, 1200, 30, 36, 432, 828, 1224, 1138, 1511;"{""total_rows"":22,""count_ok_importar"":22,""count_ok_eliminar"":0,""count_pending"":0,""count_review_action"":0,""count_other"":0}";import;qa_ok_importar_found
5240100467;GUARD PLATE BOTTOM;nan;107.100 g;import;qa_ok_importar_found;true;22;12V4000M40A, 12V4000M53, 12V4000M70, 16V4000M61, 16V4000M73, 16V4000M73L, 16V4000M90, 20V4000M93, 20V4000M93L;1100961, 1200140, 1203282, 1900126, 1902566, 1300122, 1303044, 1400149, 1403320, 1406489, 1409667, 1500105, 1503311, 1505774, 1508261, 1600134, 1700149, 1703894, 1707634, 1711374, 1800147, 1803718;27, 36, 391, 39, 378, 26, 533, 393, 747, 1102, 28, 513, 858, 1201, 32, 37, 433, 829, 1225, 1139, 1512;"{""total_rows"":22,""count_ok_importar"":22,""count_ok_eliminar"":0,""count_pending"":0,""count_review_action"":0,""count_other"":0}";import;qa_ok_importar_found
5240101672;OIL DIPSTICK;;0.207 KGM;import;qa_ok_importar_found;true;17;16V4000M61, 16V4000M73, 16V4000M73L, 16V4000M90, 20V4000M93, 20V4000M93L;1300053, 1302975, 1400074, 1403246, 1406415, 1409593, 1500044, 1503243, 1505706, 1508200, 1600045, 1700069, 1703814, 1707554, 1711294, 1800069, 1803641;17, 524, 29, 383, 737, 1092, 18, 503, 848, 1191, 21, 26, 422, 818, 1214, 1128, 1501;"{""total_rows"":17,""count_ok_importar"":17,""count_ok_eliminar"":0,""count_pending"":0,""count_review_action"":0,""count_other"":0}";import;qa_ok_importar_found
5240101933;EQUIPMENT RACK;;201 KG;import;qa_ok_importar_found;true;4;12V4000M40A, 16V4000M61, 16V4000M90;1100962, 1300169, 1303091, 1600189;36, 35, 542, 42;"{""total_rows"":4,""count_ok_importar"":4,""count_ok_eliminar"":0,""count_pending"":0,""count_review_action"":0,""count_other"":0}";import;qa_ok_importar_found
5240102272;OIL DIPSTICK;;0.208 KGM;import;qa_ok_importar_found;true;3;12V4000M40A, 12V4000M53;1100963, 1200070, 1203216;18, 27, 383;"{""total_rows"":3,""count_ok_importar"":3,""count_ok_eliminar"":0,""count_pending"":0,""count_review_action"":0,""count_other"":0}";import;qa_ok_importar_found
5240103837;FLYWHEEL HOUSING;;273 KGM;import;qa_ok_importar_found;true;6;12V4000M40A, 12V4000M70, 16V4000M61, 16V4000M90;1100964, 1900108, 1902548, 1300106, 1303028, 1600115;26, 37, 376, 25, 532, 30;"{""total_rows"":6,""count_ok_importar"":6,""count_ok_eliminar"":0,""count_pending"":0,""count_review_action"":0,""count_other"":0}";import;qa_ok_importar_found
5240106920;CYLINDER HEAD;;EM;import;qa_ok_importar_found;true;2;12V4000M40A, 16V4000M90;1100965, 1600386;64, 74;"{""total_rows"":2,""count_ok_importar"":2,""count_ok_eliminar"":0,""count_pending"":0,""count_review_action"":0,""count_other"":0}";import;qa_ok_importar_found
5240110111;CAP MAIN BEARING NAR ROW STD POSITION;;12,500 KG;import;qa_ok_importar_found;true;6;12V4000M40A, 12V4000M70, 16V4000M61, 16V4000M90;1100967, 1900019, 1902459, 1300022, 1302944, 1600022;14, 25, 364, 13, 520, 18;"{""total_rows"":6,""count_ok_importar"":6,""count_ok_eliminar"":0,""count_pending"":0,""count_review_action"":0,""count_other"":0}";import;qa_ok_importar_found
5240110440;FILLER PIECE STRIP;;2,900 KG;import;qa_ok_importar_found;true;4;12V4000M40A, 16V4000M61, 16V4000M90;1100970, 1300018, 1302940, 1600018;13, 12, 519, 17;"{""total_rows"":4,""count_ok_importar"":4,""count_ok_eliminar"":0,""count_pending"":0,""count_review_action"":0,""count_other"":0}";import;qa_ok_importar_found
5240110570;STUD;;1.09 KGM;import;qa_ok_importar_found;true;22;12V4000M40A, 12V4000M53, 12V4000M70, 16V4000M61, 16V4000M73, 16V4000M73L, 16V4000M90, 20V4000M93, 20V4000M93L;1100972, 1200041, 1203192, 1900022, 1902462, 1300024, 1302946, 1400060, 1403232, 1406401, 1409579, 1500032, 1503232, 1505695, 1508188, 1600024, 1700055, 1703800, 1707540, 1711280, 1800057, 1803629;14, 23, 378, 25, 364, 13, 520, 28, 382, 736, 1091, 17, 502, 847, 1190, 18, 421, 817, 1213, 1127, 1500;"{""total_rows"":22,""count_ok_importar"":22,""count_ok_eliminar"":0,""count_pending"":0,""count_review_action"":0,""count_other"":0}";import;qa_ok_importar_found
5240111380;GASKET;nan;0.03 KGM;import;qa_ok_importar_found;true;113;12V4000M40A, 12V4000M53, 12V4000M70, 16V4000M61, 16V4000M73, 16V4000M73L, 16V4000M90, 20V4000M93, 20V4000M93L;1100974, 1100975, 1100976, 1100977, 1200026, 1200049, 1200052, 1200058, 1200063, 1200066, 1203177, 1203200, 1203203, 1203209, 1203219, 1203222, 1900033, 1900036, 1900043, 1902110, 1902473, 1902476, 1902484, 1904497, 1300036, 1300040, 1300047, 1300055, 1302958, 1302962, 1302969, 1302977, 1400008, 1400014, 1400020, 1400050, 1400077, 1400081, 1403179, 1403185, 1403191, 1403222, 1403249, 1403253, 1406348, 1406354, 1406360, 1406391, 1406418, 1406422, 1409526, 1409532, 1409538, 1409569, 1409596, 1409600, 1500009, 1500015, 1500047, 1503209, 1503215, 1503246, 1505672, 1505678, 1505709, 1508165, 1508171, 1508203, 1600035, 1600039, 1600047, 1700007, 1700012, 1700018, 1700044, 1700072, 1700076, 1700081, 1703752, 1703757, 1703763, 1703789, 1703817, 1703821, 1703827, 1707492, 1707497, 1707503, 1707528, 1707557, 1707561, 1707567, 1711232, 1711237, 1711243, 1711268, 1711297, 1711301, 1711307, 1800008, 1800014, 1800021, 1800046, 1800072, 1800076, 1800081, 1803580, 1803586, 1803593, 1803619, 1803644, 1803648, 1803653;15, 16, 17, 18, 22, 24, 26, 27, 377, 379, 381, 383, 28, 292, 365, 366, 368, 629, 14, 521, 522, 523, 524, 23, 29, 378, 380, 731, 732, 734, 737, 1086, 1087, 1089, 1092, 12, 13, 497, 498, 503, 842, 843, 848, 1185, 1186, 1191, 19, 20, 21, 417, 419, 422, 425, 813, 815, 818, 821, 1209, 1211, 1214, 1217, 1123, 1125, 1128, 1131, 1496, 1498, 1501, 1504;"{""total_rows"":113,""count_ok_importar"":113,""count_ok_eliminar"":0,""count_pending"":0,""count_review_action"":0,""count_other"":0}";import;qa_ok_importar_found
5240114210;CYLINDER LINER SIZE 0;;16.8 KGM;import;qa_ok_importar_found;true;6;12V4000M40A, 12V4000M70, 16V4000M61, 16V4000M90;1100979, 1900030, 1902470, 1300032, 1302954, 1600031;14, 25, 364, 13, 520, 18;"{""total_rows"":6,""count_ok_importar"":6,""count_ok_eliminar"":0,""count_pending"":0,""count_review_action"":0,""count_other"":0}";import;qa_ok_importar_found
5240114410;CYLINDER LINER SIZE;;16,900 KG;import;qa_ok_importar_found;true;4;12V4000M40A, 16V4000M61, 16V4000M90;1100980, 1300033, 1302955, 1600032;14, 13, 520, 18;"{""total_rows"":4,""count_ok_importar"":4,""count_ok_eliminar"":0,""count_pending"":0,""count_review_action"":0,""count_other"":0}";import;qa_ok_importar_found
5240114510;CYLINDER LINER SIZE 2;;16,980 KG;import;qa_ok_importar_found;true;4;12V4000M40A, 16V4000M61, 16V4000M90;1100981, 1300034, 1302956, 1600033;14, 13, 520, 18;"{""total_rows"":4,""count_ok_importar"":4,""count_ok_eliminar"":0,""count_pending"":0,""count_review_action"":0,""count_other"":0}";import;qa_ok_importar_found
5240140815;PLATE GUARD;nan;0.273 KGM;import;qa_ok_importar_found;true;19;12V4000M40A, 12V4000M70, 16V4000M61, 16V4000M73, 16V4000M73L, 20V4000M93, 20V4000M93L;1100988, 1901286, 1903728, 1300982, 1303893, 1401361, 1404530, 1407708, 1410886, 1501123, 1504330, 1506793, 1509279, 1701627, 1705367, 1709107, 1712854, 1801602, 1805261;167, 195, 534, 170, 673, 549, 904, 1259, 184, 670, 1015, 1355, 213, 609, 1005, 1401, 1310, 1690;"{""total_rows"":19,""count_ok_importar"":19,""count_ok_eliminar"":0,""count_pending"":0,""count_review_action"":0,""count_other"":0}";import;qa_ok_importar_found
5240150271;PLUG DRAIN;M26X1,5;289,500 g;import;qa_ok_importar_found;true;6;12V4000M40A, 12V4000M70, 16V4000M61, 16V4000M90;1100989, 1900197, 1902637, 1300188, 1303110, 1600207;37, 49, 388, 36, 543, 43;"{""total_rows"":6,""count_ok_importar"":6,""count_ok_eliminar"":0,""count_pending"":0,""count_review_action"":0,""count_other"":0}";import;qa_ok_importar_found
5240150417;AXLE;;4.76 KGM;import;qa_ok_importar_found;true;6;12V4000M40A, 12V4000M70, 16V4000M61, 16V4000M90;1100991, 1900202, 1902642, 1300193, 1303115, 1600212;37, 49, 388, 36, 543, 43;"{""total_rows"":6,""count_ok_importar"":6,""count_ok_eliminar"":0,""count_pending"":0,""count_review_action"":0,""count_other"":0}";import;qa_ok_importar_found
5240151302;HOUSING FRONT;;;import;qa_ok_importar_found;true;1;12V4000M40A;1100993;37;"{""total_rows"":1,""count_ok_importar"":1,""count_ok_eliminar"":0,""count_pending"":0,""count_review_action"":0,""count_other"":0}";import;qa_ok_importar_found
5240160069;BOLT HEX CYL HD;M22X2X333;1.097 KGM;import;qa_ok_importar_found;true;22;12V4000M40A, 12V4000M53, 12V4000M70, 16V4000M61, 16V4000M73, 16V4000M73L, 16V4000M90, 20V4000M93, 20V4000M93L;1100994, 1200438, 1203578, 1900379, 1902819, 1300359, 1303281, 1400466, 1403633, 1406802, 1409980, 1500350, 1503556, 1506019, 1508507, 1600384, 1700445, 1704193, 1707933, 1711673, 1800434, 1804008;64, 73, 428, 78, 417, 62, 569, 80, 434, 788, 1143, 67, 552, 897, 1240, 74, 77, 473, 869, 1265, 1178, 1551;"{""total_rows"":22,""count_ok_importar"":22,""count_ok_eliminar"":0,""count_pending"":0,""count_review_action"":0,""count_other"":0}";import;qa_ok_importar_found
5240160319;SEALING RING SIZE 0;nan;165,800 g;import;qa_ok_importar_found;true;22;12V4000M40A, 12V4000M53, 12V4000M70, 16V4000M61, 16V4000M73, 16V4000M73L, 16V4000M90, 20V4000M93, 20V4000M93L;1100997, 1200441, 1203581, 1900375, 1902815, 1300355, 1303277, 1400462, 1403629, 1406798, 1409976, 1500346, 1503552, 1506015, 1508503, 1600380, 1700448, 1704196, 1707936, 1711676, 1800437, 1804010;64, 73, 428, 78, 417, 62, 569, 80, 434, 788, 1143, 67, 552, 897, 1240, 74, 77, 473, 869, 1265, 1178, 1551;"{""total_rows"":22,""count_ok_importar"":22,""count_ok_eliminar"":0,""count_pending"":0,""count_review_action"":0,""count_other"":0}";import;qa_ok_importar_found
5240160321;GASKET;nan;0.016 KGM;import;qa_ok_importar_found;true;8;12V4000M40A, 12V4000M70, 16V4000M61, 16V4000M90;1100998, 1900457, 1902897, 1300431, 1300433, 1303353, 1303356, 1600460;80, 94, 433, 78, 79, 585, 586, 90;"{""total_rows"":8,""count_ok_importar"":8,""count_ok_eliminar"":0,""count_pending"":0,""count_review_action"":0,""count_other"":0}";import;qa_ok_importar_found
5240160905;CYLINDER HEAD COVER CHROMIUM-PLATED;;;import;qa_ok_importar_found;true;1;16V4000M61;1303355;585;"{""total_rows"":1,""count_ok_importar"":1,""count_ok_eliminar"":0,""count_pending"":0,""count_review_action"":0,""count_other"":0}";import;qa_ok_importar_found
5240161005;COVER CYLINDER HEAD;;1.94 KGM;import;qa_ok_importar_found;true;4;12V4000M40A, 16V4000M61, 16V4000M90;1100999, 1300436, 1303359, 1600463;80, 79, 586, 90;"{""total_rows"":4,""count_ok_importar"":4,""count_ok_eliminar"":0,""count_pending"":0,""count_review_action"":0,""count_other"":0}";import;qa_ok_importar_found
5240161580;GASKET FOR CYLINDER HEAD;;230 G;import;qa_ok_importar_found;true;4;12V4000M40A, 16V4000M61, 16V4000M90;1101000, 1300356, 1303278, 1600381;64, 62, 569, 74;"{""total_rows"":4,""count_ok_importar"":4,""count_ok_eliminar"":0,""count_pending"":0,""count_review_action"":0,""count_other"":0}";import;qa_ok_importar_found
5240311148;WHEEL MDEC TRS METER ING CRANKSHAFT;nan;2.13 KGM;import;qa_ok_importar_found;true;12;12V4000M40A, 12V4000M53, 12V4000M70, 16V4000M61, 16V4000M73L, 16V4000M90;1101005, 1200371, 1203512, 1900276, 1902716, 1300264, 1303186, 1500293, 1503499, 1505962, 1508449, 1600295;48, 61, 416, 60, 399, 44, 551, 53, 538, 883, 1226;"{""total_rows"":12,""count_ok_importar"":12,""count_ok_eliminar"":0,""count_pending"":0,""count_review_action"":0,""count_other"":0}";import;qa_ok_importar_found
5240320705;RING GEAR;;12,000 kg;import;qa_ok_importar_found;true;2;12V4000M53;1200379, 1203520;61, 416;"{""total_rows"":2,""count_ok_importar"":2,""count_ok_eliminar"":0,""count_pending"":0,""count_review_action"":0,""count_other"":0}";import;qa_ok_importar_found
5240332508;BEARING THRUST/0-0/UP/RIL/;nan;0.868 KGM;import;qa_ok_importar_found;true;6;12V4000M40A, 12V4000M70, 16V4000M61, 16V4000M90;1101006, 1900235, 1902675, 1300222, 1303144, 1600251;45, 57, 396, 41, 548, 50;"{""total_rows"":6,""count_ok_importar"":6,""count_ok_eliminar"":0,""count_pending"":0,""count_review_action"":0,""count_other"":0}";import;qa_ok_importar_found
5240332608;BEARING THRUST/0-1/UP/RIL/;nan;0.875 KGM;import;qa_ok_importar_found;true;6;12V4000M40A, 12V4000M70, 16V4000M61, 16V4000M90;1101007, 1900237, 1902677, 1300224, 1303146, 1600253;45, 57, 396, 41, 548, 50;"{""total_rows"":6,""count_ok_importar"":6,""count_ok_eliminar"":0,""count_pending"":0,""count_review_action"":0,""count_other"":0}";import;qa_ok_importar_found
5240332630;CRANKSHAFT BEARING AUX PTO END;;2.78 KGM;import;qa_ok_importar_found;true;8;12V4000M40A, 12V4000M53, 12V4000M70, 16V4000M61, 16V4000M90;1101008, 1200309, 1203452, 1900200, 1902640, 1300191, 1303113, 1600210;37, 49, 404, 388, 36, 543, 43;"{""total_rows"":8,""count_ok_importar"":8,""count_ok_eliminar"":0,""count_pending"":0,""count_review_action"":0,""count_other"":0}";import;qa_ok_importar_found
5240332708;BEARING THRUST/0-2/UP/RIL/;nan;0.859 KGM;import;qa_ok_importar_found;true;6;12V4000M40A, 12V4000M70, 16V4000M61, 16V4000M90;1101009, 1900239, 1902679, 1300226, 1303148, 1600255;45, 57, 396, 41, 548, 50;"{""total_rows"":6,""count_ok_importar"":6,""count_ok_eliminar"":0,""count_pending"":0,""count_review_action"":0,""count_other"":0}";import;qa_ok_importar_found
5240332730;CRANKSHAFT BEARING DRIVING END (KS);nan;2.005 KGM;import;qa_ok_importar_found;true;22;12V4000M40A, 12V4000M53, 12V4000M70, 16V4000M61, 16V4000M73, 16V4000M73L, 16V4000M90, 20V4000M93, 20V4000M93L;1101010, 1200139, 1203281, 1900121, 1902561, 1300117, 1303039, 1400148, 1403319, 1406488, 1409666, 1500104, 1503310, 1505773, 1508260, 1600129, 1700148, 1703893, 1707633, 1711373, 1800146, 1803717;27, 36, 391, 39, 378, 26, 533, 393, 747, 1102, 28, 513, 858, 1201, 32, 37, 433, 829, 1225, 1139, 1512;"{""total_rows"":22,""count_ok_importar"":22,""count_ok_eliminar"":0,""count_pending"":0,""count_review_action"":0,""count_other"":0}";import;qa_ok_importar_found
5240332808;CRANKSHAFT ALIGN BRG SIZE 0-3;nan;0.912 KGM;import;qa_ok_importar_found;true;6;12V4000M40A, 12V4000M70, 16V4000M61, 16V4000M90;1101011, 1900241, 1902681, 1300228, 1303150, 1600257;45, 57, 396, 41, 548, 50;"{""total_rows"":6,""count_ok_importar"":6,""count_ok_eliminar"":0,""count_pending"":0,""count_review_action"":0,""count_other"":0}";import;qa_ok_importar_found
5240332908;BEARING THRUST/1-0/UP/RIL/;nan;0.75 KGM;import;qa_ok_importar_found;true;6;12V4000M40A, 12V4000M70, 16V4000M61, 16V4000M90;1101012, 1900243, 1902683, 1300230, 1303152, 1600259;45, 57, 396, 41, 548, 50;"{""total_rows"":6,""count_ok_importar"":6,""count_ok_eliminar"":0,""count_pending"":0,""count_review_action"":0,""count_other"":0}";import;qa_ok_importar_found
5240333008;BEARING THRUST/1-1/UP/RIL/;nan;0.96 KGM;import;qa_ok_importar_found;true;6;12V4000M40A, 12V4000M70, 16V4000M61, 16V4000M90;1101013, 1900245, 1902685, 1300232, 1303154, 1600261;45, 57, 396, 41, 548, 50;"{""total_rows"":6,""count_ok_importar"":6,""count_ok_eliminar"":0,""count_pending"":0,""count_review_action"":0,""count_other"":0}";import;qa_ok_importar_found
5240333108;BEARING THRUST/1-2/UP/RIL/;nan;0.96 KGM;import;qa_ok_importar_found;true;6;12V4000M40A, 12V4000M70, 16V4000M61, 16V4000M90;1101014, 1900247, 1902687, 1300234, 1303156, 1600263;45, 57, 396, 41, 548, 50;"{""total_rows"":6,""count_ok_importar"":6,""count_ok_eliminar"":0,""count_pending"":0,""count_review_action"":0,""count_other"":0}";import;qa_ok_importar_found
5240333208;BEARING THRUST/1-3/UP/RIL/;nan;0.965 KGM;import;qa_ok_importar_found;true;6;12V4000M40A, 12V4000M70, 16V4000M61, 16V4000M90;1101015, 1900249, 1902689, 1300236, 1303158, 1600265;45, 57, 396, 41, 548, 50;"{""total_rows"":6,""count_ok_importar"":6,""count_ok_eliminar"":0,""count_pending"":0,""count_review_action"":0,""count_other"":0}";import;qa_ok_importar_found
5240333307;BEARING THRUST/0-0/LO/SPT/;nan;1.02 KGM;import;qa_ok_importar_found;true;6;12V4000M40A, 12V4000M70, 16V4000M61, 16V4000M90;1101016, 1900236, 1902676, 1300223, 1303145, 1600252;45, 57, 396, 41, 548, 50;"{""total_rows"":6,""count_ok_importar"":6,""count_ok_eliminar"":0,""count_pending"":0,""count_review_action"":0,""count_other"":0}";import;qa_ok_importar_found
5240333407;BEARING THRUST/0-1/LO/SPT/;nan;1.17 KGM;import;qa_ok_importar_found;true;6;12V4000M40A, 12V4000M70, 16V4000M61, 16V4000M90;1101017, 1900238, 1902678, 1300225, 1303147, 1600254;45, 57, 396, 41, 548, 50;"{""total_rows"":6,""count_ok_importar"":6,""count_ok_eliminar"":0,""count_pending"":0,""count_review_action"":0,""count_other"":0}";import;qa_ok_importar_found
5240333507;BEARING THRUST/0-2/LO/SPT/;nan;1.26 KGM;import;qa_ok_importar_found;true;6;12V4000M40A, 12V4000M70, 16V4000M61, 16V4000M90;1101018, 1900240, 1902680, 1300227, 1303149, 1600256;45, 57, 396, 41, 548, 50;"{""total_rows"":6,""count_ok_importar"":6,""count_ok_eliminar"":0,""count_pending"":0,""count_review_action"":0,""count_other"":0}";import;qa_ok_importar_found
5240333607;CRANKSHAFT ALIGN BRG SIZE 0-3;nan;1.26 KGM;import;qa_ok_importar_found;true;6;12V4000M40A, 12V4000M70, 16V4000M61, 16V4000M90;1101019, 1900242, 1902682, 1300229, 1303151, 1600258;45, 57, 396, 41, 548, 50;"{""total_rows"":6,""count_ok_importar"":6,""count_ok_eliminar"":0,""count_pending"":0,""count_review_action"":0,""count_other"":0}";import;qa_ok_importar_found
5240333707;BEARING THRUST/1-0/LO/SPT/;nan;1.038 KGM;import;qa_ok_importar_found;true;6;12V4000M40A, 12V4000M70, 16V4000M61, 16V4000M90;1101020, 1900244, 1902684, 1300231, 1303153, 1600260;45, 57, 396, 41, 548, 50;"{""total_rows"":6,""count_ok_importar"":6,""count_ok_eliminar"":0,""count_pending"":0,""count_review_action"":0,""count_other"":0}";import;qa_ok_importar_found
5240333807;BEARING THRUST/1-1/LO/SPT/;nan;1.17 KGM;import;qa_ok_importar_found;true;6;12V4000M40A, 12V4000M70, 16V4000M61, 16V4000M90;1101021, 1900246, 1902686, 1300233, 1303155, 1600262;45, 57, 396, 41, 548, 50;"{""total_rows"":6,""count_ok_importar"":6,""count_ok_eliminar"":0,""count_pending"":0,""count_review_action"":0,""count_other"":0}";import;qa_ok_importar_found
5240333907;BEARING THRUST/1-2/LO/SPT/;nan;1.168 KGM;import;qa_ok_importar_found;true;6;12V4000M40A, 12V4000M70, 16V4000M61, 16V4000M90;1101022, 1900248, 1902688, 1300235, 1303157, 1600264;45, 57, 396, 41, 548, 50;"{""total_rows"":6,""count_ok_importar"":6,""count_ok_eliminar"":0,""count_pending"":0,""count_review_action"":0,""count_other"":0}";import;qa_ok_importar_found
5240334007;BEARING THRUST/1-3/LO/SPT/;nan;1.17 KGM;import;qa_ok_importar_found;true;6;12V4000M40A, 12V4000M70, 16V4000M61, 16V4000M90;1101023, 1900225, 1902665, 1300212, 1303134, 1600241;45, 57, 396, 41, 548, 50;"{""total_rows"":6,""count_ok_importar"":6,""count_ok_eliminar"":0,""count_pending"":0,""count_review_action"":0,""count_other"":0}";import;qa_ok_importar_found
5240336101;CRANKSHAFT BEARING UPPER HALF;;375 G;import;qa_ok_importar_found;true;13;12V4000M40A, 16V4000M61, 16V4000M73, 16V4000M73L, 20V4000M93L;1101032, 1300221, 1303143, 1400371, 1403538, 1406707, 1409885, 1500272, 1503478, 1505941, 1508428, 1800344, 1803918;45, 41, 548, 64, 418, 772, 1127, 51, 536, 881, 1224, 1161, 1534;"{""total_rows"":13,""count_ok_importar"":13,""count_ok_eliminar"":0,""count_pending"":0,""count_review_action"":0,""count_other"":0}";import;qa_ok_importar_found
5240336201;CRANKSHAFT BEARING SIZE 0-1;;44 G;import;qa_ok_importar_found;true;14;12V4000M40A, 16V4000M61, 16V4000M73, 16V4000M73L, 16V4000M90, 20V4000M93L;1101033, 1300239, 1303161, 1400384, 1403551, 1406720, 1409898, 1500285, 1503491, 1505954, 1508441, 1600268, 1800353, 1803927;46, 42, 549, 64, 418, 772, 1127, 51, 536, 881, 1224, 1161, 1534;"{""total_rows"":14,""count_ok_importar"":14,""count_ok_eliminar"":0,""count_pending"":0,""count_review_action"":0,""count_other"":0}";import;qa_ok_importar_found
5240336301;CRANKSHAFT BEARING SIZE 0-2;;0.422 KGM;import;qa_ok_importar_found;true;14;12V4000M40A, 16V4000M61, 16V4000M73, 16V4000M73L, 16V4000M90, 20V4000M93L;1101034, 1300241, 1303163, 1400386, 1403553, 1406722, 1409900, 1500287, 1503493, 1505956, 1508443, 1600270, 1800355, 1803929;46, 42, 549, 64, 418, 772, 1127, 51, 536, 881, 1224, 1161, 1534;"{""total_rows"":14,""count_ok_importar"":14,""count_ok_eliminar"":0,""count_pending"":0,""count_review_action"":0,""count_other"":0}";import;qa_ok_importar_found
5240336401;CRANKSHAFT BEARING SIZE 0-3;;482 G;import;qa_ok_importar_found;true;14;12V4000M40A, 16V4000M61, 16V4000M73, 16V4000M73L, 16V4000M90, 20V4000M93L;1101035, 1300243, 1303165, 1400388, 1403555, 1406724, 1409902, 1500289, 1503495, 1505958, 1508445, 1600272, 1800357, 1803931;46, 42, 549, 64, 418, 772, 1127, 51, 536, 881, 1224, 1161, 1534;"{""total_rows"":14,""count_ok_importar"":14,""count_ok_eliminar"":0,""count_pending"":0,""count_review_action"":0,""count_other"":0}";import;qa_ok_importar_found
5240336501;CRANKSHAFT BEARING SIZE 1-0;;450 G;import;qa_ok_importar_found;true;14;12V4000M40A, 16V4000M61, 16V4000M73, 16V4000M73L, 16V4000M90, 20V4000M93L;1101036, 1300245, 1303167, 1400366, 1403533, 1406702, 1409880, 1500267, 1503473, 1505936, 1508423, 1600274, 1800359, 1803933;46, 42, 549, 64, 418, 772, 1127, 51, 536, 881, 1224, 1161, 1534;"{""total_rows"":14,""count_ok_importar"":14,""count_ok_eliminar"":0,""count_pending"":0,""count_review_action"":0,""count_other"":0}";import;qa_ok_importar_found
5240336601;CRANKSHAFT BEARING SIZE 1-1;;457,500 G;import;qa_ok_importar_found;true;14;12V4000M40A, 16V4000M61, 16V4000M73, 16V4000M73L, 16V4000M90, 20V4000M93L;1101037, 1300247, 1303169, 1400368, 1403535, 1406704, 1409882, 1500269, 1503475, 1505938, 1508425, 1600276, 1800361, 1803935;46, 42, 549, 64, 418, 772, 1127, 51, 536, 881, 1224, 1161, 1534;"{""total_rows"":14,""count_ok_importar"":14,""count_ok_eliminar"":0,""count_pending"":0,""count_review_action"":0,""count_other"":0}";import;qa_ok_importar_found
5240336602;CRANKSHAFT BEARING LOWER HALF;nan;0.507 KGM;import;qa_ok_importar_found;true;22;12V4000M40A, 12V4000M53, 12V4000M70, 16V4000M61, 16V4000M73, 16V4000M73L, 16V4000M90, 20V4000M93, 20V4000M93L;1101038, 1200364, 1203505, 1900250, 1902690, 1300238, 1303160, 1400377, 1403544, 1406713, 1409891, 1500278, 1503484, 1505947, 1508434, 1600267, 1700361, 1704105, 1707845, 1711585, 1800352, 1803926;46, 58, 413, 397, 42, 549, 64, 418, 772, 1127, 51, 536, 881, 1224, 61, 457, 853, 1249, 1161, 1534;"{""total_rows"":22,""count_ok_importar"":22,""count_ok_eliminar"":0,""count_pending"":0,""count_review_action"":0,""count_other"":0}";import;qa_ok_importar_found
5240336701;CRANKSHAFT BEARING SIZE 1-2;;0.48 KGM;import;qa_ok_importar_found;true;14;12V4000M40A, 16V4000M61, 16V4000M73, 16V4000M73L, 16V4000M90, 20V4000M93L;1101039, 1300249, 1303171, 1400370, 1403537, 1406706, 1409884, 1500271, 1503477, 1505940, 1508427, 1600278, 1800363, 1803937;46, 42, 549, 64, 418, 772, 1127, 51, 536, 881, 1224, 1161, 1534;"{""total_rows"":14,""count_ok_importar"":14,""count_ok_eliminar"":0,""count_pending"":0,""count_review_action"":0,""count_other"":0}";import;qa_ok_importar_found
5240336702;CRANKSHAFT BEARING SIZE 0-1;nan;0.533 KGM;import;qa_ok_importar_found;true;22;12V4000M40A, 12V4000M53, 12V4000M70, 16V4000M61, 16V4000M73, 16V4000M73L, 16V4000M90, 20V4000M93, 20V4000M93L;1101040, 1200366, 1203507, 1900252, 1902692, 1300240, 1303162, 1400385, 1403552, 1406721, 1409899, 1500286, 1503492, 1505955, 1508442, 1600269, 1700363, 1704107, 1707847, 1711587, 1800354, 1803928;46, 58, 413, 397, 42, 549, 64, 418, 772, 1127, 51, 536, 881, 1224, 61, 457, 853, 1249, 1161, 1534;"{""total_rows"":22,""count_ok_importar"":22,""count_ok_eliminar"":0,""count_pending"":0,""count_review_action"":0,""count_other"":0}";import;qa_ok_importar_found
5240336801;CRANKSHAFT BEARING SIZE 1-3;;1 KG;import;qa_ok_importar_found;true;14;12V4000M40A, 16V4000M61, 16V4000M73, 16V4000M73L, 16V4000M90, 20V4000M93L;1101041, 1300251, 1303173, 1400373, 1403540, 1406709, 1409887, 1500274, 1503480, 1505943, 1508430, 1600280, 1800365, 1803939;46, 42, 549, 64, 418, 772, 1127, 51, 536, 881, 1224, 1161, 1534;"{""total_rows"":14,""count_ok_importar"":14,""count_ok_eliminar"":0,""count_pending"":0,""count_review_action"":0,""count_other"":0}";import;qa_ok_importar_found
5240336802;CRANKSHAFT BEARING;nan;0.71 KGM;import;qa_ok_importar_found;true;22;12V4000M40A, 12V4000M53, 12V4000M70, 16V4000M61, 16V4000M73, 16V4000M73L, 16V4000M90, 20V4000M93, 20V4000M93L;1101042, 1200344, 1203485, 1900254, 1902694, 1300242, 1303164, 1400387, 1403554, 1406723, 1409901, 1500288, 1503494, 1505957, 1508444, 1600271, 1700365, 1704109, 1707849, 1711589, 1800356, 1803930;46, 58, 413, 397, 42, 549, 64, 418, 772, 1127, 51, 536, 881, 1224, 61, 457, 853, 1249, 1161, 1534;"{""total_rows"":22,""count_ok_importar"":22,""count_ok_eliminar"":0,""count_pending"":0,""count_review_action"":0,""count_other"":0}";import;qa_ok_importar_found
5240336901;CRANKSHAFT BEARING SIZE 2-0;;0.42 KGM;import;qa_ok_importar_found;true;14;12V4000M40A, 16V4000M61, 16V4000M73, 16V4000M73L, 16V4000M90, 20V4000M93L;1101043, 1300253, 1303175, 1400375, 1403542, 1406711, 1409889, 1500276, 1503482, 1505945, 1508432, 1600282, 1800367, 1803941;46, 42, 549, 64, 418, 772, 1127, 51, 536, 881, 1224, 1161, 1534;"{""total_rows"":14,""count_ok_importar"":14,""count_ok_eliminar"":0,""count_pending"":0,""count_review_action"":0,""count_other"":0}";import;qa_ok_importar_found
5240336902;CRANKSHAFT BEARING;nan;0.575 KGM;import;qa_ok_importar_found;true;22;12V4000M40A, 12V4000M53, 12V4000M70, 16V4000M61, 16V4000M73, 16V4000M73L, 16V4000M90, 20V4000M93, 20V4000M93L;1101044, 1200346, 1203487, 1900256, 1902696, 1300244, 1303166, 1400389, 1403556, 1406725, 1409903, 1500290, 1503496, 1505959, 1508446, 1600273, 1700367, 1704111, 1707851, 1711591, 1800358, 1803932;46, 58, 413, 397, 42, 549, 64, 418, 772, 1127, 51, 536, 881, 1224, 61, 457, 853, 1249, 1161, 1534;"{""total_rows"":22,""count_ok_importar"":22,""count_ok_eliminar"":0,""count_pending"":0,""count_review_action"":0,""count_other"":0}";import;qa_ok_importar_found
5240337001;CRANKSHAFT BEARING SIZE 2-1;;470 G;import;qa_ok_importar_found;true;14;12V4000M40A, 16V4000M61, 16V4000M73, 16V4000M73L, 16V4000M90, 20V4000M93L;1101045, 1300255, 1303177, 1400378, 1403545, 1406714, 1409892, 1500279, 1503485, 1505948, 1508435, 1600284, 1800346, 1803920;46, 42, 549, 64, 418, 772, 1127, 51, 536, 881, 1224, 1161, 1534;"{""total_rows"":14,""count_ok_importar"":14,""count_ok_eliminar"":0,""count_pending"":0,""count_review_action"":0,""count_other"":0}";import;qa_ok_importar_found
5240337002;CRANKSHAFT BEARING SIZE 1-0;nan;0.531 KGM;import;qa_ok_importar_found;true;22;12V4000M40A, 12V4000M53, 12V4000M70, 16V4000M61, 16V4000M73, 16V4000M73L, 16V4000M90, 20V4000M93, 20V4000M93L;1101046, 1200348, 1203489, 1900258, 1902698, 1300246, 1303168, 1400367, 1403534, 1406703, 1409881, 1500268, 1503474, 1505937, 1508424, 1600275, 1700369, 1704113, 1707853, 1711593, 1800360, 1803934;46, 58, 413, 397, 42, 549, 64, 418, 772, 1127, 51, 536, 881, 1224, 61, 457, 853, 1249, 1161, 1534;"{""total_rows"":22,""count_ok_importar"":22,""count_ok_eliminar"":0,""count_pending"":0,""count_review_action"":0,""count_other"":0}";import;qa_ok_importar_found
5240337101;CRANKSHAFT BEARING SIZE 2-2;;580 G;import;qa_ok_importar_found;true;14;12V4000M40A, 16V4000M61, 16V4000M73, 16V4000M73L, 16V4000M90, 20V4000M93L;1101047, 1300257, 1303179, 1400380, 1403547, 1406716, 1409894, 1500281, 1503487, 1505950, 1508437, 1600286, 1800348, 1803922;46, 42, 549, 64, 418, 772, 1127, 51, 536, 881, 1224, 1161, 1534;"{""total_rows"":14,""count_ok_importar"":14,""count_ok_eliminar"":0,""count_pending"":0,""count_review_action"":0,""count_other"":0}";import;qa_ok_importar_found
5240337102;CRANKSHAFT BEARING;nan;0.554 KGM;import;qa_ok_importar_found;true;22;12V4000M40A, 12V4000M53, 12V4000M70, 16V4000M61, 16V4000M73, 16V4000M73L, 16V4000M90, 20V4000M93, 20V4000M93L;1101048, 1200350, 1203491, 1900260, 1902700, 1300248, 1303170, 1400369, 1403536, 1406705, 1409883, 1500270, 1503476, 1505939, 1508426, 1600277, 1700371, 1704115, 1707855, 1711595, 1800362, 1803936;46, 58, 413, 397, 42, 549, 64, 418, 772, 1127, 51, 536, 881, 1224, 61, 457, 853, 1249, 1161, 1534;"{""total_rows"":22,""count_ok_importar"":22,""count_ok_eliminar"":0,""count_pending"":0,""count_review_action"":0,""count_other"":0}";import;qa_ok_importar_found
5240337201;CRANKSHAFT BEARING SIZE 2-3;;840 G;import;qa_ok_importar_found;true;14;12V4000M40A, 16V4000M61, 16V4000M73, 16V4000M73L, 16V4000M90, 20V4000M93L;1101049, 1300259, 1303181, 1400382, 1403549, 1406718, 1409896, 1500283, 1503489, 1505952, 1508439, 1600288, 1800350, 1803924;46, 42, 549, 64, 418, 772, 1127, 51, 536, 881, 1224, 1161, 1534;"{""total_rows"":14,""count_ok_importar"":14,""count_ok_eliminar"":0,""count_pending"":0,""count_review_action"":0,""count_other"":0}";import;qa_ok_importar_found
5240337202;CRANKSHAFT BEARING;nan;0.577 KGM;import;qa_ok_importar_found;true;22;12V4000M40A, 12V4000M53, 12V4000M70, 16V4000M61, 16V4000M73, 16V4000M73L, 16V4000M90, 20V4000M93, 20V4000M93L;1101050, 1200352, 1203493, 1900262, 1902702, 1300250, 1303172, 1400372, 1403539, 1406708, 1409886, 1500273, 1503479, 1505942, 1508429, 1600279, 1700373, 1704117, 1707857, 1711597, 1800364, 1803938;46, 58, 413, 397, 42, 549, 64, 418, 772, 1127, 51, 536, 881, 1224, 61, 457, 853, 1249, 1161, 1534;"{""total_rows"":22,""count_ok_importar"":22,""count_ok_eliminar"":0,""count_pending"":0,""count_review_action"":0,""count_other"":0}";import;qa_ok_importar_found
5240337302;CRANKSHAFT BEARING;nan;0.608 KGM;import;qa_ok_importar_found;true;22;12V4000M40A, 12V4000M53, 12V4000M70, 16V4000M61, 16V4000M73, 16V4000M73L, 16V4000M90, 20V4000M93, 20V4000M93L;1101051, 1200354, 1203495, 1900264, 1902704, 1300252, 1303174, 1400374, 1403541, 1406710, 1409888, 1500275, 1503481, 1505944, 1508431, 1600281, 1700375, 1704119, 1707859, 1711599, 1800366, 1803940;46, 58, 413, 397, 42, 549, 64, 418, 772, 1127, 51, 536, 881, 1224, 61, 457, 853, 1249, 1161, 1534;"{""total_rows"":22,""count_ok_importar"":22,""count_ok_eliminar"":0,""count_pending"":0,""count_review_action"":0,""count_other"":0}";import;qa_ok_importar_found
5240382550;BUSHING CONROD SIZE 0;nan;0.302 KGM;import;qa_ok_importar_found;true;22;12V4000M40A, 12V4000M53, 12V4000M70, 16V4000M61, 16V4000M73, 16V4000M73L, 16V4000M90, 20V4000M93, 20V4000M93L;1101061, 1200433, 1203573, 1900369, 1902809, 1300351, 1303273, 1400459, 1403625, 1406794, 1409972, 1500343, 1503549, 1506012, 1508500, 1600378, 1700441, 1704188, 1707928, 1711668, 1800428, 1804000;61, 71, 426, 76, 415, 60, 567, 77, 431, 785, 1140, 64, 549, 894, 1237, 75, 471, 867, 1263, 1175, 1548;"{""total_rows"":22,""count_ok_importar"":22,""count_ok_eliminar"":0,""count_pending"":0,""count_review_action"":0,""count_other"":0}";import;qa_ok_importar_found
5240500145;THRUST MEMBER;;0.072 KGM;import;qa_ok_importar_found;true;28;12V4000M40A, 16V4000M61, 16V4000M73, 16V4000M73L, 16V4000M90, 20V4000M93L;1101066, 1101067, 1300422, 1300427, 1303344, 1303349, 1400536, 1400541, 1403704, 1403709, 1406873, 1406878, 1410051, 1410056, 1500414, 1500419, 1503620, 1503625, 1506083, 1506088, 1508571, 1508576, 1600451, 1600456, 1800502, 1800507, 1804075, 1804080;74, 75, 76, 77, 583, 584, 95, 96, 449, 450, 803, 804, 1158, 1159, 82, 83, 567, 568, 912, 913, 1255, 1256, 88, 89, 1193, 1194, 1566, 1567;"{""total_rows"":28,""count_ok_importar"":28,""count_ok_eliminar"":0,""count_pending"":0,""count_review_action"":0,""count_other"":0}";import;qa_ok_importar_found
5240500344;FLANGE ASM CAMSHAFT THRUST BEARING;;1.981 kg;import;qa_ok_importar_found;true;2;12V4000M40A, 16V4000M90;1101068, 1600413;69, 79;"{""total_rows"":2,""count_ok_importar"":2,""count_ok_eliminar"":0,""count_pending"":0,""count_review_action"":0,""count_other"":0}";import;qa_ok_importar_found
5240500433;ARM ROCKER INTAKE;;1.339 KGM;import;qa_ok_importar_found;true;1;12V4000M40A;1101069;73;"{""total_rows"":1,""count_ok_importar"":1,""count_ok_eliminar"":0,""count_pending"":0,""count_review_action"":0,""count_other"":0}";import;qa_ok_importar_found
5240500434;ARM ROCKER EXHAUST;;;import;qa_ok_importar_found;true;4;12V4000M40A, 16V4000M61, 16V4000M90;1101070, 1300409, 1303331, 1600438;73, 74, 581, 86;"{""total_rows"":4,""count_ok_importar"":4,""count_ok_eliminar"":0,""count_pending"":0,""count_review_action"":0,""count_other"":0}";import;qa_ok_importar_found
5240500436;ROCKER SHAFT SUPPORT 1;;;import;qa_ok_importar_found;true;1;12V4000M40A;1101071;73;"{""total_rows"":1,""count_ok_importar"":1,""count_ok_eliminar"":0,""count_pending"":0,""count_review_action"":0,""count_other"":0}";import;qa_ok_importar_found
5240500705;IDLER GEAR;;17,760 KG;import;qa_ok_importar_found;true;4;12V4000M40A, 16V4000M61, 16V4000M90;1101072, 1300192, 1303114, 1600211;37, 36, 543, 43;"{""total_rows"":4,""count_ok_importar"":4,""count_ok_eliminar"":0,""count_pending"":0,""count_review_action"":0,""count_other"":0}";import;qa_ok_importar_found
5240500930;PUSHROD BR 4000;;600 G;import;qa_ok_importar_found;true;6;12V4000M40A, 16V4000M61, 16V4000M90, 20V4000M93L;1101074, 1300377, 1303299, 1600407, 1800458, 1804031;69, 67, 574, 79, 1184, 1557;"{""total_rows"":6,""count_ok_importar"":6,""count_ok_eliminar"":0,""count_pending"":0,""count_review_action"":0,""count_other"":0}";import;qa_ok_importar_found
5240500933;RKR ARM ASM INTAKE GEN SET G23;;;import;qa_ok_importar_found;true;3;16V4000M61, 16V4000M90;1300408, 1303330, 1600437;74, 581, 86;"{""total_rows"":3,""count_ok_importar"":3,""count_ok_eliminar"":0,""count_pending"":0,""count_review_action"":0,""count_other"":0}";import;qa_ok_importar_found
5240502135;SWING FOLL. INLET;;;import;qa_ok_importar_found;true;14;12V4000M40A, 16V4000M61, 16V4000M73, 16V4000M73L, 16V4000M90, 20V4000M93L;1101075, 1300397, 1303319, 1400511, 1403680, 1406849, 1410027, 1500388, 1503594, 1506057, 1508545, 1600424, 1800476, 1804049;77, 71, 578, 90, 444, 798, 1153, 562, 907, 1250, 83, 1188, 1561;"{""total_rows"":14,""count_ok_importar"":14,""count_ok_eliminar"":0,""count_pending"":0,""count_review_action"":0,""count_other"":0}";import;qa_ok_importar_found
5240502235;SWING FOLL. EXHAUST;;;import;qa_ok_importar_found;true;14;12V4000M40A, 16V4000M61, 16V4000M73, 16V4000M73L, 16V4000M90, 20V4000M93L;1101076, 1300394, 1303316, 1400509, 1403678, 1406847, 1410025, 1500385, 1503591, 1506054, 1508542, 1600422, 1800474, 1804047;77, 71, 578, 90, 444, 798, 1153, 562, 907, 1250, 83, 1188, 1561;"{""total_rows"":14,""count_ok_importar"":14,""count_ok_eliminar"":0,""count_pending"":0,""count_review_action"":0,""count_other"":0}";import;qa_ok_importar_found
5240502335;SWING FOLL.;;8 KG;import;qa_ok_importar_found;true;14;12V4000M40A, 16V4000M61, 16V4000M73, 16V4000M73L, 16V4000M90, 20V4000M93L;1101077, 1300392, 1303314, 1400507, 1403676, 1406845, 1410023, 1500383, 1503589, 1506052, 1508540, 1600419, 1800472, 1804045;72, 70, 577, 89, 443, 797, 1152, 76, 561, 906, 1249, 82, 1187, 1560;"{""total_rows"":14,""count_ok_importar"":14,""count_ok_eliminar"":0,""count_pending"":0,""count_review_action"":0,""count_other"":0}";import;qa_ok_importar_found
5240520503;GEAR CRANKSHAFT;nan;12.07 KGM;import;qa_ok_importar_found;true;6;12V4000M40A, 12V4000M53, 12V4000M70, 16V4000M90;1101080, 1200343, 1203484, 1900223, 1902663, 1600239;44, 56, 411, 395, 49;"{""total_rows"":6,""count_ok_importar"":6,""count_ok_eliminar"":0,""count_pending"":0,""count_review_action"":0,""count_other"":0}";import;qa_ok_importar_found
5240521448;WHEEL SRS MDEC;nan;3.775 KGM;import;qa_ok_importar_found;true;6;12V4000M40A, 12V4000M70, 16V4000M61, 16V4000M90;1101082, 1900410, 1902850, 1300382, 1303304, 1600410;69, 84, 423, 67, 574, 79;"{""total_rows"":6,""count_ok_importar"":6,""count_ok_eliminar"":0,""count_pending"":0,""count_review_action"":0,""count_other"":0}";import;qa_ok_importar_found
5240521748;WHEEL SRS ADEC;;2.865 KGM;import;qa_ok_importar_found;true;2;12V4000M53;1200479, 1203621;80, 435;"{""total_rows"":2,""count_ok_importar"":2,""count_ok_eliminar"":0,""count_pending"":0,""count_review_action"":0,""count_other"":0}";import;qa_ok_importar_found
5240530120;VALVE SPRING OUTER;;0.147 KGM;import;qa_ok_importar_found;true;18;12V4000M40A, 12V4000M53, 12V4000M70, 16V4000M61, 16V4000M73L, 16V4000M90, 20V4000M93, 20V4000M93L;1101083, 1200460, 1203601, 1900384, 1902824, 1300364, 1303286, 1500359, 1503565, 1506028, 1508516, 1600394, 1700467, 1704216, 1707956, 1711695, 1800441, 1804014;65, 74, 429, 79, 418, 63, 570, 68, 553, 898, 1241, 75, 78, 474, 870, 1266, 1179, 1552;"{""total_rows"":18,""count_ok_importar"":18,""count_ok_eliminar"":0,""count_pending"":0,""count_review_action"":0,""count_other"":0}";import;qa_ok_importar_found
5240530122;VALVE SPRING INNER;;0.061 KGM;import;qa_ok_importar_found;true;18;12V4000M40A, 12V4000M53, 12V4000M70, 16V4000M61, 16V4000M73L, 16V4000M90, 20V4000M93, 20V4000M93L;1101084, 1200458, 1203600, 1900383, 1902823, 1300363, 1303285, 1500358, 1503564, 1506027, 1508515, 1600393, 1700465, 1704215, 1707954, 1711694, 1800440, 1804013;65, 74, 429, 79, 418, 63, 570, 68, 553, 898, 1241, 75, 78, 474, 870, 1266, 1179, 1552;"{""total_rows"":18,""count_ok_importar"":18,""count_ok_eliminar"":0,""count_pending"":0,""count_review_action"":0,""count_other"":0}";import;qa_ok_importar_found
5240530125;RETAINER VALVE SPRING;;33.800 g;import;qa_ok_importar_found;true;20;12V4000M40A, 12V4000M53, 12V4000M70, 16V4000M73, 16V4000M73L, 16V4000M90, 20V4000M93, 20V4000M93L;1101085, 1200461, 1203602, 1900385, 1902825, 1400482, 1403650, 1406819, 1409996, 1500360, 1503566, 1506029, 1508517, 1600395, 1700468, 1704217, 1707957, 1711696, 1800442, 1804015;65, 74, 429, 79, 418, 81, 435, 789, 1144, 68, 553, 898, 1241, 75, 78, 474, 870, 1266, 1179, 1552;"{""total_rows"":20,""count_ok_importar"":20,""count_ok_eliminar"":0,""count_pending"":0,""count_review_action"":0,""count_other"":0}";import;qa_ok_importar_found
5240530530;VALVE GUIDE INSERT;D 19R6 / D10.6+0.05;0.134 KGM;import;qa_ok_importar_found;true;5;12V4000M53, 12V4000M70, 16V4000M90;1200467, 1203608, 1900402, 1902842, 1600403;76, 431, 80, 419, 75;"{""total_rows"":5,""count_ok_importar"":5,""count_ok_eliminar"":0,""count_pending"":0,""count_review_action"":0,""count_other"":0}";import;qa_ok_importar_found
5240530830;VALVE GUIDE;FERTIG BEARBEITET, 19.00 R6 H7;0.129 KGM;import;qa_ok_importar_found;true;7;12V4000M70, 16V4000M73, 16V4000M90;1900395, 1902835, 1400476, 1403644, 1406813, 1409991, 1600389;80, 419, 81, 435, 789, 1144, 75;"{""total_rows"":7,""count_ok_importar"":7,""count_ok_eliminar"":0,""count_pending"":0,""count_review_action"":0,""count_other"":0}";import;qa_ok_importar_found
5240530905;EXHAUST VALVE;;0.35 KGM;import;qa_ok_importar_found;true;2;12V4000M40A, 16V4000M90;1101086, 1600390;65, 75;"{""total_rows"":2,""count_ok_importar"":2,""count_ok_eliminar"":0,""count_pending"":0,""count_review_action"":0,""count_other"":0}";import;qa_ok_importar_found
5240531101;INLET VALVE;;0.32 KGM;import;qa_ok_importar_found;true;2;12V4000M40A, 16V4000M90;1101087, 1600388;65, 75;"{""total_rows"":2,""count_ok_importar"":2,""count_ok_eliminar"":0,""count_pending"":0,""count_review_action"":0,""count_other"":0}";import;qa_ok_importar_found
5240540101;ROLLER TAPPET;;0.34 KGM;import;qa_ok_importar_found;true;8;16V4000M73;1400514, 1400518, 1403683, 1403687, 1406852, 1406856, 1410030, 1410034;91, 92, 445, 446, 799, 800, 1154, 1155;"{""total_rows"":8,""count_ok_importar"":8,""count_ok_eliminar"":0,""count_pending"":0,""count_review_action"":0,""count_other"":0}";import;qa_ok_importar_found
5240550018;ROLLER;;0.269 KGM;import;qa_ok_importar_found;true;20;12V4000M40A, 16V4000M61, 16V4000M73L, 16V4000M90, 20V4000M93L;1101088, 1101089, 1300399, 1300404, 1303321, 1303326, 1500390, 1500396, 1503596, 1503602, 1506059, 1506065, 1508547, 1508553, 1600427, 1600432, 1800479, 1800484, 1804052, 1804057;78, 79, 72, 73, 579, 580, 563, 564, 908, 909, 1251, 1252, 84, 85, 1189, 1190, 1562, 1563;"{""total_rows"":20,""count_ok_importar"":20,""count_ok_eliminar"":0,""count_pending"":0,""count_review_action"":0,""count_other"":0}";import;qa_ok_importar_found
5240550210;BEARING PEDESTAL;;;import;qa_ok_importar_found;true;1;12V4000M40A;1101091;76;"{""total_rows"":1,""count_ok_importar"":1,""count_ok_eliminar"":0,""count_pending"":0,""count_review_action"":0,""count_other"":0}";import;qa_ok_importar_found
5240550320;BOLT ADJUSTING;;66 G;import;qa_ok_importar_found;true;8;12V4000M40A, 16V4000M61, 16V4000M90;1101092, 1101093, 1300423, 1300428, 1303345, 1303350, 1600452, 1600457;74, 75, 76, 77, 583, 584, 88, 89;"{""total_rows"":8,""count_ok_importar"":8,""count_ok_eliminar"":0,""count_pending"":0,""count_review_action"":0,""count_other"":0}";import;qa_ok_importar_found
5240550501;ROCKER ARM FOLLOWER SWING INLET CAM 4000;;;import;qa_ok_importar_found;true;14;12V4000M40A, 16V4000M61, 16V4000M73, 16V4000M73L, 16V4000M90, 20V4000M93L;1101094, 1300402, 1303324, 1400516, 1403685, 1406854, 1410032, 1500394, 1503600, 1506063, 1508551, 1600430, 1800482, 1804055;78, 72, 579, 91, 445, 799, 1154, 563, 908, 1251, 84, 1189, 1562;"{""total_rows"":14,""count_ok_importar"":14,""count_ok_eliminar"":0,""count_pending"":0,""count_review_action"":0,""count_other"":0}";import;qa_ok_importar_found
5240550505;CAM SWING FOLLOWER AXLE;;;import;qa_ok_importar_found;true;14;12V4000M40A, 16V4000M61, 16V4000M73, 16V4000M73L, 16V4000M90, 20V4000M93L;1101095, 1300395, 1303317, 1400510, 1403679, 1406848, 1410026, 1500386, 1503592, 1506055, 1508543, 1600423, 1800475, 1804048;77, 71, 578, 90, 444, 798, 1153, 562, 907, 1250, 83, 1188, 1561;"{""total_rows"":14,""count_ok_importar"":14,""count_ok_eliminar"":0,""count_pending"":0,""count_review_action"":0,""count_other"":0}";import;qa_ok_importar_found
5240550524;BALL SOCKET;;60 G;import;qa_ok_importar_found;true;28;12V4000M40A, 16V4000M61, 16V4000M73, 16V4000M73L, 16V4000M90, 20V4000M93L;1101096, 1101097, 1300398, 1300403, 1303320, 1303325, 1400513, 1400517, 1403682, 1403686, 1406851, 1406855, 1410029, 1410033, 1500389, 1500395, 1503595, 1503601, 1506058, 1506064, 1508546, 1508552, 1600426, 1600431, 1800478, 1800483, 1804051, 1804056;78, 79, 72, 73, 579, 580, 91, 92, 445, 446, 799, 800, 1154, 1155, 563, 564, 908, 909, 1251, 1252, 84, 85, 1189, 1190, 1562, 1563;"{""total_rows"":28,""count_ok_importar"":28,""count_ok_eliminar"":0,""count_pending"":0,""count_review_action"":0,""count_other"":0}";import;qa_ok_importar_found
5240550550;BUSHING;;0.115 KGM;import;qa_ok_importar_found;true;28;12V4000M40A, 16V4000M61, 16V4000M73, 16V4000M73L, 16V4000M90, 20V4000M93L;1101098, 1101099, 1300420, 1300426, 1303342, 1303348, 1400534, 1400540, 1403702, 1403708, 1406871, 1406877, 1410049, 1410055, 1500412, 1500418, 1503618, 1503624, 1506081, 1506087, 1508569, 1508575, 1600449, 1600455, 1800500, 1800506, 1804073, 1804079;74, 75, 76, 77, 583, 584, 95, 96, 449, 450, 803, 804, 1158, 1159, 82, 83, 567, 568, 912, 913, 1255, 1256, 88, 89, 1193, 1194, 1566, 1567;"{""total_rows"":28,""count_ok_importar"":28,""count_ok_eliminar"":0,""count_pending"":0,""count_review_action"":0,""count_other"":0}";import;qa_ok_importar_found
5240550601;ROCKER ARM FOLLOWER SWING EXHAUST CAM 4000;;;import;qa_ok_importar_found;true;14;12V4000M40A, 16V4000M61, 16V4000M73, 16V4000M73L, 16V4000M90, 20V4000M93L;1101100, 1300407, 1303329, 1400521, 1403689, 1406858, 1410036, 1500400, 1503606, 1506069, 1508557, 1600435, 1800487, 1804060;79, 73, 580, 92, 446, 800, 1155, 564, 909, 1252, 85, 1190, 1563;"{""total_rows"":14,""count_ok_importar"":14,""count_ok_eliminar"":0,""count_pending"":0,""count_review_action"":0,""count_other"":0}";import;qa_ok_importar_found
5240550650;BUSHING;;30 G;import;qa_ok_importar_found;true;20;12V4000M40A, 16V4000M61, 16V4000M73L, 16V4000M90, 20V4000M93L;1101101, 1101102, 1300400, 1300405, 1303322, 1303327, 1500391, 1500397, 1503597, 1503603, 1506060, 1506066, 1508548, 1508554, 1600428, 1600433, 1800480, 1800485, 1804053, 1804058;78, 79, 72, 73, 579, 580, 563, 564, 908, 909, 1251, 1252, 84, 85, 1189, 1190, 1562, 1563;"{""total_rows"":20,""count_ok_importar"":20,""count_ok_eliminar"":0,""count_pending"":0,""count_review_action"":0,""count_other"":0}";import;qa_ok_importar_found
5240550705;ROCKER SHAFT 4000;;;import;qa_ok_importar_found;true;14;12V4000M40A, 16V4000M61, 16V4000M73, 16V4000M73L, 16V4000M90, 20V4000M93L;1101104, 1300416, 1303338, 1400530, 1403698, 1406867, 1410045, 1500408, 1503614, 1506077, 1508565, 1600445, 1800496, 1804069;76, 75, 582, 94, 448, 802, 1157, 81, 566, 911, 1254, 87, 1192, 1565;"{""total_rows"":14,""count_ok_importar"":14,""count_ok_eliminar"":0,""count_pending"":0,""count_review_action"":0,""count_other"":0}";import;qa_ok_importar_found
5240550801;ARM ROCKER INTAKE-03 GENSET C23;;;import;qa_ok_importar_found;true;13;16V4000M61, 16V4000M73, 16V4000M73L, 16V4000M90, 20V4000M93L;1300425, 1303347, 1400538, 1403706, 1406875, 1410053, 1500417, 1503623, 1506086, 1508574, 1600453, 1800504, 1804077;76, 583, 95, 449, 803, 1158, 82, 567, 912, 1255, 88, 1193, 1566;"{""total_rows"":13,""count_ok_importar"":13,""count_ok_eliminar"":0,""count_pending"":0,""count_review_action"":0,""count_other"":0}";import;qa_ok_importar_found
5240551106;BRIDGE VALVE FLOATING BR 4000;24 PC 300 G;300 G;import;qa_ok_importar_found;true;14;12V4000M40A, 16V4000M61, 16V4000M73, 16V4000M73L, 16V4000M90, 20V4000M93L;1101105, 1300391, 1303313, 1400506, 1403675, 1406844, 1410022, 1500382, 1503588, 1506051, 1508539, 1600418, 1800471, 1804044;72, 70, 577, 89, 443, 797, 1152, 76, 561, 906, 1249, 82, 1187, 1560;"{""total_rows"":14,""count_ok_importar"":14,""count_ok_eliminar"":0,""count_pending"":0,""count_review_action"":0,""count_other"":0}";import;qa_ok_importar_found
5240700833;TUBE HIGH PRESS FUEL DBL WALL JUMPER;;SB;import;qa_ok_importar_found;true;4;12V4000M40A, 16V4000M61, 16V4000M90;1101107, 1300465, 1303388, 1600498;92, 90, 597, 102;"{""total_rows"":4,""count_ok_importar"":4,""count_ok_eliminar"":0,""count_pending"":0,""count_review_action"":0,""count_other"":0}";import;qa_ok_importar_found
5240701233;FUEL LINE;;439.800 g SB;import;qa_ok_importar_found;true;1;16V4000M90;1601737;233;"{""total_rows"":1,""count_ok_importar"":1,""count_ok_eliminar"":0,""count_pending"":0,""count_review_action"":0,""count_other"":0}";import;qa_ok_importar_found
5240701333;TUBE ASM LOW PRESSURE FUEL SUPPLY;;0.727 KGM;import;qa_ok_importar_found;true;6;12V4000M40A, 12V4000M70, 16V4000M61, 16V4000M90;1101108, 1900555, 1902995, 1300523, 1303446, 1600613;104, 113, 452, 95, 602, 119;"{""total_rows"":6,""count_ok_importar"":6,""count_ok_eliminar"":0,""count_pending"":0,""count_review_action"":0,""count_other"":0}";import;qa_ok_importar_found
5240701433;TUBE ASM CYL HEAD FU EL RETURN;;0.054 KGM;import;qa_ok_importar_found;true;6;12V4000M40A, 12V4000M70, 16V4000M61, 16V4000M90;1101109, 1900618, 1903060, 1300565, 1303488, 1600676;105, 115, 454, 96, 603, 121;"{""total_rows"":6,""count_ok_importar"":6,""count_ok_eliminar"":0,""count_pending"":0,""count_review_action"":0,""count_other"":0}";import;qa_ok_importar_found
5240709632;FUEL RETURN LINE;;71 G;import;qa_ok_importar_found;true;4;12V4000M40A, 16V4000M61, 16V4000M90;1101115, 1300570, 1303493, 1600683;105, 96, 603, 121;"{""total_rows"":4,""count_ok_importar"":4,""count_ok_eliminar"":0,""count_pending"":0,""count_review_action"":0,""count_other"":0}";import;qa_ok_importar_found
5240709932;PLUG-IN PIPE;;0.453 KGM;import;qa_ok_importar_found;true;6;12V4000M40A, 12V4000M70, 16V4000M61, 16V4000M90;1101116, 1900497, 1902937, 1300467, 1303390, 1600500;92, 106, 445, 90, 597, 102;"{""total_rows"":6,""count_ok_importar"":6,""count_ok_eliminar"":0,""count_pending"":0,""count_review_action"":0,""count_other"":0}";import;qa_ok_importar_found
5240780045;BLOCK JUNCTION MULTI -PORT;;0.406 KGM;import;qa_ok_importar_found;true;4;12V4000M40A, 16V4000M61, 16V4000M90;1101117, 1301494, 1304407, 1601652;258, 232, 734, 222;"{""total_rows"":4,""count_ok_importar"":4,""count_ok_eliminar"":0,""count_pending"":0,""count_review_action"":0,""count_other"":0}";import;qa_ok_importar_found
5240780768;CONNECTING PIECE;;930 G;import;qa_ok_importar_found;true;1;12V4000M40A;1101123;92;"{""total_rows"":1,""count_ok_importar"":1,""count_ok_eliminar"":0,""count_pending"":0,""count_review_action"":0,""count_other"":0}";import;qa_ok_importar_found
5240780824;CONN FUEL RAIL REAR;;0.34 KGM;import;qa_ok_importar_found;true;6;12V4000M40A, 12V4000M70, 16V4000M61, 16V4000M90;1101124, 1900524, 1902964, 1300494, 1303417, 1600527;92, 106, 445, 90, 597, 102;"{""total_rows"":6,""count_ok_importar"":6,""count_ok_eliminar"":0,""count_pending"":0,""count_review_action"":0,""count_other"":0}";import;qa_ok_importar_found
5240781024;THRUST MEMBER;;0.384 KGM;import;qa_ok_importar_found;true;6;12V4000M40A, 12V4000M70, 16V4000M61, 16V4000M90;1101125, 1900523, 1902963, 1300493, 1303416, 1600526;92, 106, 445, 90, 597, 102;"{""total_rows"":6,""count_ok_importar"":6,""count_ok_eliminar"":0,""count_pending"":0,""count_review_action"":0,""count_other"":0}";import;qa_ok_importar_found
5240781653;PLUG-IN PIPE END PCE , FR.END, RT;;0.333 KGM;import;qa_ok_importar_found;true;6;12V4000M40A, 12V4000M70, 16V4000M61, 16V4000M90;1101128, 1900501, 1902941, 1300471, 1303394, 1600504;92, 106, 445, 90, 597, 102;"{""total_rows"":6,""count_ok_importar"":6,""count_ok_eliminar"":0,""count_pending"":0,""count_review_action"":0,""count_other"":0}";import;qa_ok_importar_found
5240781853;PLUG-IN PIPE END PCE, DR.END, RT;;0.285 KGM;import;qa_ok_importar_found;true;6;12V4000M40A, 12V4000M70, 16V4000M61, 16V4000M90;1101129, 1900500, 1902940, 1300470, 1303393, 1600503;92, 106, 445, 90, 597, 102;"{""total_rows"":6,""count_ok_importar"":6,""count_ok_eliminar"":0,""count_pending"":0,""count_review_action"":0,""count_other"":0}";import;qa_ok_importar_found
5240782053;PLUG-IN PIPE END PCE,DR.END,LEFT;;0.164 KGM;import;qa_ok_importar_found;true;6;12V4000M40A, 12V4000M70, 16V4000M61, 16V4000M90;1101130, 1900503, 1902943, 1300473, 1303396, 1600506;92, 106, 445, 90, 597, 102;"{""total_rows"":6,""count_ok_importar"":6,""count_ok_eliminar"":0,""count_pending"":0,""count_review_action"":0,""count_other"":0}";import;qa_ok_importar_found
5240782253;TUBE PLUG IN END MEMBER;;0.212 KGM;import;qa_ok_importar_found;true;6;12V4000M40A, 12V4000M70, 16V4000M61, 16V4000M90;1101132, 1900502, 1902942, 1300472, 1303395, 1600505;92, 106, 445, 90, 597, 102;"{""total_rows"":6,""count_ok_importar"":6,""count_ok_eliminar"":0,""count_pending"":0,""count_review_action"":0,""count_other"":0}";import;qa_ok_importar_found
5240900265;FLAP;;1,268 kg;import;qa_ok_importar_found;true;21;12V4000M53, 12V4000M70, 16V4000M61, 16V4000M73, 16V4000M73L, 16V4000M90, 20V4000M93, 20V4000M93L;1201085, 1204224, 1900956, 1903398, 1300811, 1303722, 1401061, 1404230, 1407399, 1410577, 1500868, 1504075, 1506538, 1509022, 1600960, 1701193, 1704933, 1708673, 1712422, 1801156, 1804762;151, 506, 154, 493, 142, 646, 162, 516, 870, 1225, 149, 635, 980, 1321, 146, 170, 566, 962, 1358, 1267, 1644;"{""total_rows"":21,""count_ok_importar"":21,""count_ok_eliminar"":0,""count_pending"":0,""count_review_action"":0,""count_other"":0}";import;qa_ok_importar_found
5240900850;PUMP FUEL LOW PRESSURE (7.5 BAR);;5 KG EM;import;qa_ok_importar_found;true;4;12V4000M40A, 16V4000M61, 16V4000M90;1101133, 1300509, 1303432, 1600599;104, 95, 602, 119;"{""total_rows"":4,""count_ok_importar"":4,""count_ok_eliminar"":0,""count_pending"":0,""count_review_action"":0,""count_other"":0}";import;qa_ok_importar_found
5240901517;INTAKE HOUSING RIGHT;nan;9,980 KG EM;import;qa_ok_importar_found;true;5;12V4000M70, 16V4000M61, 16V4000M90;1900945, 1903387, 1300800, 1303711, 1600949;154, 493, 142, 646, 146;"{""total_rows"":5,""count_ok_importar"":5,""count_ok_eliminar"":0,""count_pending"":0,""count_review_action"":0,""count_other"":0}";import;qa_ok_importar_found
5240901617;HOUSING ASM INTAKE A -BANK;nan;7.8 KGM;import;qa_ok_importar_found;true;5;12V4000M70, 16V4000M61, 16V4000M90;1900921, 1903363, 1300777, 1303688, 1600925;151, 490, 139, 643, 143;"{""total_rows"":5,""count_ok_importar"":5,""count_ok_eliminar"":0,""count_pending"":0,""count_review_action"":0,""count_other"":0}";import;qa_ok_importar_found
5240910024;DRIVE ADAPTER LP FUEL PMP;;;import;qa_ok_importar_found;true;4;12V4000M40A, 16V4000M61, 16V4000M90;1101140, 1300445, 1303368, 1600474;83, 82, 589, 93;"{""total_rows"":4,""count_ok_importar"":4,""count_ok_eliminar"":0,""count_pending"":0,""count_review_action"":0,""count_other"":0}";import;qa_ok_importar_found
5240920024;ELBOW FOR FUEL;;;import;qa_ok_importar_found;true;16;12V4000M53, 16V4000M73, 16V4000M73L, 20V4000M93, 20V4000M93L;1200798, 1203938, 1400683, 1403852, 1407021, 1410199, 1500539, 1503745, 1506208, 1508696, 1700681, 1704427, 1708167, 1711907, 1800656, 1804228;117, 472, 119, 473, 827, 1182, 108, 593, 938, 1281, 515, 911, 1307, 1219, 1592;"{""total_rows"":16,""count_ok_importar"":16,""count_ok_eliminar"":0,""count_pending"":0,""count_review_action"":0,""count_other"":0}";import;qa_ok_importar_found
5240980010;FLAP;nan;1.288 kg;import;qa_ok_importar_found;true;21;12V4000M53, 12V4000M70, 16V4000M61, 16V4000M73, 16V4000M73L, 16V4000M90, 20V4000M93, 20V4000M93L;1201119, 1204258, 1900980, 1903422, 1300833, 1303744, 1401102, 1404271, 1407440, 1410618, 1500908, 1504115, 1506578, 1509062, 1600984, 1701235, 1704975, 1708715, 1712464, 1801197, 1804803;154, 509, 156, 495, 144, 648, 164, 518, 872, 1227, 151, 637, 982, 1323, 148, 172, 568, 964, 1360, 1269, 1646;"{""total_rows"":21,""count_ok_importar"":21,""count_ok_eliminar"":0,""count_pending"":0,""count_review_action"":0,""count_other"":0}";import;qa_ok_importar_found
5240980111;SHAFT;;581.700 g;import;qa_ok_importar_found;true;13;16V4000M61, 16V4000M73, 16V4000M73L, 16V4000M90, 20V4000M93L;1300820, 1303731, 1401083, 1404252, 1407421, 1410599, 1500890, 1504097, 1506560, 1509044, 1600969, 1801178, 1804784;142, 646, 162, 516, 870, 1225, 149, 635, 980, 1321, 146, 1267, 1644;"{""total_rows"":13,""count_ok_importar"":13,""count_ok_eliminar"":0,""count_pending"":0,""count_review_action"":0,""count_other"":0}";import;qa_ok_importar_found
5240980680;GASKET;;0.016 KGM;import;qa_ok_importar_found;true;37;12V4000M40A, 12V4000M53, 12V4000M70, 16V4000M61, 16V4000M73, 16V4000M73L, 16V4000M90, 20V4000M93, 20V4000M93L;1101144, 1201132, 1201141, 1204271, 1204280, 1901008, 1901016, 1903450, 1903458, 1300863, 1303774, 1401160, 1401172, 1404329, 1404341, 1407498, 1407510, 1410676, 1410688, 1500965, 1504172, 1506635, 1509119, 1601011, 1601019, 1701298, 1701307, 1705038, 1705047, 1708778, 1708787, 1712525, 1712534, 1801262, 1801270, 1804868, 1804876;143, 158, 513, 161, 500, 149, 653, 173, 527, 881, 1236, 159, 645, 990, 1331, 153, 182, 578, 974, 1370, 1279, 1656;"{""total_rows"":37,""count_ok_importar"":37,""count_ok_eliminar"":0,""count_pending"":0,""count_review_action"":0,""count_other"":0}";import;qa_ok_importar_found
5240980907;MANIFOLD INTAKE CHRG AIR CENTER;;8 KGM;import;qa_ok_importar_found;true;37;12V4000M40A, 12V4000M53, 12V4000M70, 16V4000M61, 16V4000M73, 16V4000M73L, 16V4000M90, 20V4000M93, 20V4000M93L;1101146, 1201130, 1201139, 1204269, 1204278, 1901002, 1901014, 1903444, 1903456, 1300849, 1303760, 1401170, 1401179, 1404339, 1404348, 1407508, 1407517, 1410686, 1410695, 1500963, 1504170, 1506633, 1509117, 1601004, 1601017, 1701296, 1701305, 1705036, 1705045, 1708776, 1708785, 1712523, 1712532, 1801260, 1801268, 1804866, 1804874;143, 158, 513, 161, 500, 149, 653, 173, 527, 881, 1236, 159, 645, 990, 1331, 153, 182, 578, 974, 1370, 1279, 1656;"{""total_rows"":37,""count_ok_importar"":37,""count_ok_eliminar"":0,""count_pending"":0,""count_review_action"":0,""count_other"":0}";import;qa_ok_importar_found
5240981040;FLANGE;;0.525 KGM;import;qa_ok_importar_found;true;7;12V4000M40A, 12V4000M70, 16V4000M90;1101149, 1900869, 1900894, 1903311, 1903336, 1600885, 1600910;131, 138, 139, 477, 478;"{""total_rows"":7,""count_ok_importar"":7,""count_ok_eliminar"":0,""count_pending"":0,""count_review_action"":0,""count_other"":0}";import;qa_ok_importar_found
5240981107;MANIFOLD CHAR GE AIR FRONT B-BANK;;8,600 KG;import;qa_ok_importar_found;true;4;12V4000M40A, 16V4000M61, 16V4000M90;1101151, 1300868, 1303779, 1601016;143, 149, 653, 153;"{""total_rows"":4,""count_ok_importar"":4,""count_ok_eliminar"":0,""count_pending"":0,""count_review_action"":0,""count_other"":0}";import;qa_ok_importar_found
5240981140;FLANGE;;0.541 KGM;import;qa_ok_importar_found;true;6;12V4000M40A, 12V4000M70, 16V4000M61, 16V4000M90;1101152, 1901003, 1903445, 1300850, 1303761, 1601005;143, 161, 500, 149, 653, 153;"{""total_rows"":6,""count_ok_importar"":6,""count_ok_eliminar"":0,""count_pending"":0,""count_review_action"":0,""count_other"":0}";import;qa_ok_importar_found
5240981407;MANIFOLD CHARGE AIR FRONT A-BANK;;7,721 KG;import;qa_ok_importar_found;true;22;12V4000M40A, 12V4000M53, 12V4000M70, 16V4000M61, 16V4000M73, 16V4000M73L, 16V4000M90, 20V4000M93, 20V4000M93L;1101154, 1201121, 1204260, 1900991, 1903433, 1300844, 1303755, 1401168, 1404337, 1407506, 1410684, 1500962, 1504169, 1506632, 1509116, 1600995, 1701287, 1705027, 1708767, 1712514, 1801251, 1804857;143, 158, 513, 161, 500, 149, 653, 173, 527, 881, 1236, 159, 645, 990, 1331, 153, 182, 578, 974, 1370, 1279, 1656;"{""total_rows"":22,""count_ok_importar"":22,""count_ok_eliminar"":0,""count_pending"":0,""count_review_action"":0,""count_other"":0}";import;qa_ok_importar_found
5240981853;TUBE FLOATING 84 ID TURBO/CAC;;0.468 KGM;import;qa_ok_importar_found;true;2;16V4000M90;1600767, 1600822;127, 133;"{""total_rows"":2,""count_ok_importar"":2,""count_ok_eliminar"":0,""count_pending"":0,""count_review_action"":0,""count_other"":0}";import;qa_ok_importar_found
5240983015;ELBOW;KRÜMMER LINKE SEITE;5.800 kg EM KRÜMMER LINKE SEITE;import;qa_ok_importar_found;true;16;12V4000M53, 16V4000M73, 16V4000M73L, 20V4000M93, 20V4000M93L;1200973, 1204113, 1401008, 1404177, 1407346, 1410524, 1500817, 1504023, 1506486, 1508971, 1701124, 1704864, 1708604, 1712353, 1801083, 1804689;138, 493, 151, 505, 859, 1214, 136, 621, 966, 1308, 156, 552, 948, 1344, 1254, 1631;"{""total_rows"":16,""count_ok_importar"":16,""count_ok_eliminar"":0,""count_pending"":0,""count_review_action"":0,""count_other"":0}";import;qa_ok_importar_found
5240983115;ELBOW F/INTERCOOLER, RIGH;;4.400 kg EM KRÜMMER RECHTE SEITE;import;qa_ok_importar_found;true;16;12V4000M53, 16V4000M73, 16V4000M73L, 20V4000M93, 20V4000M93L;1200976, 1204116, 1401010, 1404179, 1407348, 1410526, 1500820, 1504026, 1506489, 1508974, 1701126, 1704866, 1708606, 1712355, 1801085, 1804691;138, 493, 151, 505, 859, 1214, 136, 621, 966, 1308, 156, 552, 948, 1344, 1254, 1631;"{""total_rows"":16,""count_ok_importar"":16,""count_ok_eliminar"":0,""count_pending"":0,""count_review_action"":0,""count_other"":0}";import;qa_ok_importar_found
5240983439;BRACKET TURBO SPEED SENSOR;nan;0.098 KGM;import;qa_ok_importar_found;true;11;12V4000M40A, 12V4000M70, 16V4000M61, 16V4000M90;1101158, 1900927, 1900943, 1903369, 1903385, 1300782, 1300798, 1303693, 1303709, 1600930, 1600947;135, 151, 153, 490, 492, 139, 141, 643, 645, 143, 145;"{""total_rows"":11,""count_ok_importar"":11,""count_ok_eliminar"":0,""count_pending"":0,""count_review_action"":0,""count_other"":0}";import;qa_ok_importar_found
5241500009;SHAFT;;0.932 KGM;import;qa_ok_importar_found;true;3;12V4000M53, 16V4000M90;1202347, 1205488, 1601979;284, 641, 268;"{""total_rows"":3,""count_ok_importar"":3,""count_ok_eliminar"":0,""count_pending"":0,""count_review_action"":0,""count_other"":0}";import;qa_ok_importar_found
5241510133;SHAFT;;;import;qa_ok_importar_found;true;3;12V4000M53, 16V4000M90;1202357, 1205498, 1601990;285, 642, 269;"{""total_rows"":3,""count_ok_importar"":3,""count_ok_eliminar"":0,""count_pending"":0,""count_review_action"":0,""count_other"":0}";import;qa_ok_importar_found
5241510211;CLAMP ALTERNATOR U 2 00MM ID;;1.18 KGM;import;qa_ok_importar_found;true;3;12V4000M53, 16V4000M90;1202335, 1205476, 1601957;283, 640, 266;"{""total_rows"":3,""count_ok_importar"":3,""count_ok_eliminar"":0,""count_pending"":0,""count_review_action"":0,""count_other"":0}";import;qa_ok_importar_found
5241534640;BRACKET L H:30 SENSO R E;1 PC 46 G;0.044 KGM;import;qa_ok_importar_found;true;63;12V4000M40A, 12V4000M53, 16V4000M61, 16V4000M73, 16V4000M73L, 16V4000M90, 20V4000M93, 20V4000M93L;1101196, 1202465, 1202474, 1202495, 1202509, 1202532, 1202549, 1205625, 1205634, 1205655, 1205669, 1205692, 1205709, 1302149, 1304920, 1402883, 1402951, 1403125, 1406052, 1406120, 1406294, 1409230, 1409298, 1409472, 1412433, 1412501, 1412675, 1502393, 1502590, 1505430, 1505627, 1507923, 1508120, 1510413, 1510609, 1602288, 1602344, 1703347, 1703447, 1703472, 1703493, 1703615, 1703652, 1707087, 1707187, 1707212, 1707233, 1707355, 1707392, 1710827, 1710927, 1710952, 1710973, 1711095, 1711132, 1714567, 1714667, 1714692, 1714713, 1714835, 1714872, 1803247, 1806929;332, 304, 305, 306, 667, 668, 669, 349, 818, 331, 355, 685, 686, 709, 1040, 1041, 1064, 1394, 1395, 1418, 343, 363, 805, 825, 1148, 1168, 1483, 1503, 318, 319, 367, 369, 370, 391, 392, 763, 765, 766, 787, 788, 1159, 1161, 1162, 1183, 1184, 1555, 1557, 1558, 1579, 1580, 1459, 1843;"{""total_rows"":63,""count_ok_importar"":63,""count_ok_eliminar"":0,""count_pending"":0,""count_review_action"":0,""count_other"":0}";import;qa_ok_importar_found
5241534940;BRACKET OFFSET H:38;;94.400 g;import;qa_ok_importar_found;true;5;16V4000M73L, 20V4000M93L;1502521, 1505558, 1508051, 1803296, 1806978;356, 818, 1161, 1460, 1844;"{""total_rows"":5,""count_ok_importar"":5,""count_ok_eliminar"":0,""count_pending"":0,""count_review_action"":0,""count_other"":0}";import;qa_ok_importar_found
5241535240;BRACKET ECU LOWER;;0.82 KGM;import;qa_ok_importar_found;true;6;12V4000M40A, 12V4000M70, 16V4000M61, 16V4000M90;1101198, 1902232, 1904619, 1302138, 1304909, 1602264;331, 317, 654, 348, 817;"{""total_rows"":6,""count_ok_importar"":6,""count_ok_eliminar"":0,""count_pending"":0,""count_review_action"":0,""count_other"":0}";import;qa_ok_importar_found
5241800067;VALVE SLIDE OIL FLTR SWITCH OVER;;3.506 KGM;import;qa_ok_importar_found;true;8;12V4000M40A, 12V4000M53, 12V4000M70, 16V4000M61, 16V4000M90;1101200, 1201387, 1204526, 1901449, 1903836, 1301201, 1304114, 1601328;200, 194, 549, 214, 551, 197, 699, 192;"{""total_rows"":8,""count_ok_importar"":8,""count_ok_eliminar"":0,""count_pending"":0,""count_review_action"":0,""count_other"":0}";import;qa_ok_importar_found
5241800155;BASKET OIL PICKUP AS M 160 X 92.25;;1.644 KGM;import;qa_ok_importar_found;true;6;12V4000M40A, 12V4000M70, 16V4000M61, 16V4000M90;1101201, 1900054, 1902494, 1300062, 1302984, 1600056;20, 31, 370, 19, 526, 23;"{""total_rows"":6,""count_ok_importar"":6,""count_ok_eliminar"":0,""count_pending"":0,""count_review_action"":0,""count_other"":0}";import;qa_ok_importar_found
5241800247;COVER PLATE;;20,600 KG;import;qa_ok_importar_found;true;6;12V4000M40A, 12V4000M70, 16V4000M61, 16V4000M90;1101203, 1901519, 1903906, 1301277, 1304190, 1601404;208, 222, 559, 205, 707, 200;"{""total_rows"":6,""count_ok_importar"":6,""count_ok_eliminar"":0,""count_pending"":0,""count_review_action"":0,""count_other"":0}";import;qa_ok_importar_found
5241800821;OIL LINE;;625.000 g SB;import;qa_ok_importar_found;true;22;12V4000M40A, 12V4000M53, 12V4000M70, 16V4000M61, 16V4000M73, 16V4000M73L, 16V4000M90, 20V4000M93, 20V4000M93L;1101205, 1201683, 1204822, 1900084, 1902524, 1300086, 1303008, 1401834, 1405003, 1408181, 1411360, 1501253, 1504460, 1506923, 1509409, 1600091, 1702142, 1705882, 1709622, 1713364, 1802132, 1805791;22, 221, 576, 33, 372, 21, 528, 238, 592, 947, 1301, 197, 683, 1028, 1366, 26, 255, 651, 1047, 1443, 1361, 1741;"{""total_rows"":22,""count_ok_importar"":22,""count_ok_eliminar"":0,""count_pending"":0,""count_review_action"":0,""count_other"":0}";import;qa_ok_importar_found
5241800911;OIL FILTER HOUSING;nan;39,800 KG;import;qa_ok_importar_found;true;6;12V4000M40A, 12V4000M70, 16V4000M61, 16V4000M90;1101206, 1901441, 1903828, 1301192, 1304105, 1601319;198, 212, 549, 195, 697, 190;"{""total_rows"":6,""count_ok_importar"":6,""count_ok_eliminar"":0,""count_pending"":0,""count_review_action"":0,""count_other"":0}";import;qa_ok_importar_found
5241802019;TUBE ASM SOL OIL SUP PLY;;0.067 KGM;import;qa_ok_importar_found;true;6;12V4000M40A, 12V4000M53, 16V4000M61, 16V4000M90;1101209, 1201430, 1204569, 1301235, 1304148, 1601363;201, 196, 551, 198, 700, 193;"{""total_rows"":6,""count_ok_importar"":6,""count_ok_eliminar"":0,""count_pending"":0,""count_review_action"":0,""count_other"":0}";import;qa_ok_importar_found
5241804820;TUBE OIL;;204,500 G SB;import;qa_ok_importar_found;true;3;12V4000M40A, 16V4000M61;1101211, 1301322, 1304235;224, 214, 716;"{""total_rows"":3,""count_ok_importar"":3,""count_ok_eliminar"":0,""count_pending"":0,""count_review_action"":0,""count_other"":0}";import;qa_ok_importar_found
5241810195;RETAINER;;0.927 KGM;import;qa_ok_importar_found;true;3;16V4000M61, 16V4000M90;1301180, 1304093, 1601307;192, 694, 187;"{""total_rows"":3,""count_ok_importar"":3,""count_ok_eliminar"":0,""count_pending"":0,""count_review_action"":0,""count_other"":0}";import;qa_ok_importar_found
5241840309;FLANGE;;856,000 g;import;qa_ok_importar_found;true;8;12V4000M40A, 12V4000M53, 12V4000M70, 16V4000M61, 16V4000M90;1101213, 1201388, 1204527, 1901450, 1903837, 1301202, 1304115, 1601329;200, 194, 549, 214, 551, 197, 699, 192;"{""total_rows"":8,""count_ok_importar"":8,""count_ok_eliminar"":0,""count_pending"":0,""count_review_action"":0,""count_other"":0}";import;qa_ok_importar_found
5241870018;TUBE ASM;nan;0.826 KGM;import;qa_ok_importar_found;true;8;12V4000M40A, 12V4000M53, 12V4000M70, 16V4000M61, 16V4000M90;1101216, 1201449, 1204588, 1901492, 1903879, 1301253, 1304166, 1601383;204, 199, 554, 218, 555, 201, 703, 196;"{""total_rows"":8,""count_ok_importar"":8,""count_ok_eliminar"":0,""count_pending"":0,""count_review_action"":0,""count_other"":0}";import;qa_ok_importar_found
5241870087;TUBE CONNECTOR OIL P ICK-UP;;0.929 KGM;import;qa_ok_importar_found;true;6;12V4000M40A, 12V4000M70, 16V4000M61, 16V4000M90;1101220, 1900059, 1902499, 1300067, 1302989, 1600061;20, 31, 370, 19, 526, 23;"{""total_rows"":6,""count_ok_importar"":6,""count_ok_eliminar"":0,""count_pending"":0,""count_review_action"":0,""count_other"":0}";import;qa_ok_importar_found
5241880102;COVER;;1.92 KGM;import;qa_ok_importar_found;true;58;12V4000M40A, 12V4000M53, 12V4000M70, 16V4000M61, 16V4000M73, 16V4000M73L, 16V4000M90, 20V4000M93, 20V4000M93L;1101238, 1101239, 1200278, 1200284, 1203422, 1203428, 1900173, 1900177, 1902613, 1902617, 1300164, 1300167, 1303086, 1303089, 1400295, 1400298, 1400323, 1403463, 1403466, 1403491, 1406632, 1406635, 1406660, 1409810, 1409813, 1409838, 1500202, 1500205, 1500226, 1503408, 1503411, 1503432, 1505871, 1505874, 1505895, 1508358, 1508361, 1508382, 1600184, 1600187, 1700283, 1700286, 1700309, 1704028, 1704031, 1704054, 1707768, 1707771, 1707794, 1711508, 1711511, 1711534, 1800278, 1800281, 1800301, 1803852, 1803855, 1803875;34, 35, 46, 48, 401, 403, 47, 385, 386, 33, 540, 541, 50, 51, 55, 404, 405, 409, 758, 759, 763, 1113, 1114, 1118, 38, 39, 43, 523, 524, 528, 868, 869, 873, 1211, 1212, 1216, 40, 41, 52, 443, 444, 448, 839, 840, 844, 1235, 1236, 1240, 1148, 1149, 1152, 1521, 1522, 1525;"{""total_rows"":58,""count_ok_importar"":58,""count_ok_eliminar"":0,""count_pending"":0,""count_review_action"":0,""count_other"":0}";import;qa_ok_importar_found
5241880180;GASKET;1X120X120;0.005 KGM;import;qa_ok_importar_found;true;33;12V4000M40A, 12V4000M53, 16V4000M61, 16V4000M73, 16V4000M73L, 16V4000M90, 20V4000M93, 20V4000M93L;1101240, 1201669, 1204808, 1301166, 1304079, 1401576, 1401585, 1404745, 1404754, 1407923, 1407932, 1411101, 1411110, 1501347, 1504554, 1507017, 1509503, 1601289, 1601298, 1701752, 1701761, 1705492, 1705501, 1709232, 1709241, 1712977, 1712986, 1801851, 1801910, 1801919, 1805510, 1805569, 1805578;218, 219, 574, 192, 694, 216, 570, 925, 1280, 207, 693, 1038, 1376, 187, 233, 629, 1025, 1421, 1334, 1343, 1714, 1723;"{""total_rows"":33,""count_ok_importar"":33,""count_ok_eliminar"":0,""count_pending"":0,""count_review_action"":0,""count_other"":0}";import;qa_ok_importar_found
5241880653;SLEEVE SPACER;L=95,0;0.205 KGM;import;qa_ok_importar_found;true;3;12V4000M40A, 12V4000M70;1101242, 1901520, 1903907;208, 222, 559;"{""total_rows"":3,""count_ok_importar"":3,""count_ok_eliminar"":0,""count_pending"":0,""count_review_action"":0,""count_other"":0}";import;qa_ok_importar_found
5242000418;TUBE DEAERATION 90 D EG;DN 6;0.042 KGM;import;qa_ok_importar_found;true;9;12V4000M40A, 12V4000M70, 16V4000M61, 16V4000M90;1101245, 1901716, 1901731, 1904103, 1904118, 1301441, 1304354, 1601536, 1601550;257, 251, 252, 588, 589, 231, 733, 220, 221;"{""total_rows"":9,""count_ok_importar"":9,""count_ok_eliminar"":0,""count_pending"":0,""count_review_action"":0,""count_other"":0}";import;qa_ok_importar_found
5242000474;BASE PLATE;nan;31,400 KG;import;qa_ok_importar_found;true;6;12V4000M40A, 12V4000M70, 16V4000M61, 16V4000M90;1101246, 1901647, 1904034, 1301378, 1304291, 1601753;230, 239, 576, 219, 721, 233;"{""total_rows"":6,""count_ok_importar"":6,""count_ok_eliminar"":0,""count_pending"":0,""count_review_action"":0,""count_other"":0}";import;qa_ok_importar_found
5242000585;EXPANSION TANK;;27,800 KG;import;qa_ok_importar_found;true;6;12V4000M40A, 12V4000M70, 16V4000M61, 16V4000M90;1101247, 1902090, 1904477, 1301734, 1304646, 1601920;286, 623, 274, 773, 262;"{""total_rows"":6,""count_ok_importar"":6,""count_ok_eliminar"":0,""count_pending"":0,""count_review_action"":0,""count_other"":0}";import;qa_ok_importar_found
5242000674;PLATE ASM COVER SEA WATER CLR;nan;32 KGM;import;qa_ok_importar_found;true;6;12V4000M40A, 12V4000M70, 16V4000M61, 16V4000M90;1101249, 1901663, 1904050, 1301394, 1304307, 1601768;231, 240, 577, 220, 722, 234;"{""total_rows"":6,""count_ok_importar"":6,""count_ok_eliminar"":0,""count_pending"":0,""count_review_action"":0,""count_other"":0}";import;qa_ok_importar_found
5242000753;COOLANT LINE;;0.918 KGM;import;qa_ok_importar_found;true;6;12V4000M40A, 12V4000M70, 16V4000M61, 16V4000M90;1101250, 1902097, 1904484, 1301740, 1304652, 1601926;286, 623, 274, 773, 262;"{""total_rows"":6,""count_ok_importar"":6,""count_ok_eliminar"":0,""count_pending"":0,""count_review_action"":0,""count_other"":0}";import;qa_ok_importar_found
5242000758;TUBE VENT OIL CLR TO EXPAND TANK;;0.084 KGM;import;qa_ok_importar_found;true;6;12V4000M40A, 12V4000M70, 16V4000M61, 16V4000M90;1101251, 1901761, 1904148, 1301466, 1304379, 1601580;258, 252, 589, 232, 734, 221;"{""total_rows"":6,""count_ok_importar"":6,""count_ok_eliminar"":0,""count_pending"":0,""count_review_action"":0,""count_other"":0}";import;qa_ok_importar_found
5242001118;ELBOW;;11.32 KGM;import;qa_ok_importar_found;true;6;12V4000M40A, 12V4000M70, 16V4000M61, 16V4000M90;1101254, 1901899, 1904286, 1301536, 1304449, 1601468;246, 259, 596, 238, 739, 211;"{""total_rows"":6,""count_ok_importar"":6,""count_ok_eliminar"":0,""count_pending"":0,""count_review_action"":0,""count_other"":0}";import;qa_ok_importar_found
5242001616;T/STAT HSG;;27.68 KGM;import;qa_ok_importar_found;true;6;12V4000M40A, 12V4000M70, 16V4000M61, 16V4000M90;1101255, 1901992, 1904379, 1301635, 1304547, 1601816;267, 269, 606, 251, 752, 242;"{""total_rows"":6,""count_ok_importar"":6,""count_ok_eliminar"":0,""count_pending"":0,""count_review_action"":0,""count_other"":0}";import;qa_ok_importar_found
5242003916;COOLANT DISTRIB HSG FOR TE COOL.CIRCUIT;nan;180 KGM;import;qa_ok_importar_found;true;6;12V4000M40A, 12V4000M70, 16V4000M61, 16V4000M90;1101258, 1901980, 1904367, 1301622, 1304534, 1601804;267, 269, 606, 251, 752, 242;"{""total_rows"":6,""count_ok_importar"":6,""count_ok_eliminar"":0,""count_pending"":0,""count_review_action"":0,""count_other"":0}";import;qa_ok_importar_found
5242006152;CONDENSATE LINE INTERCOOLER, LEFT;;147,400 G;import;qa_ok_importar_found;true;1;12V4000M40A;1101260;131;"{""total_rows"":1,""count_ok_importar"":1,""count_ok_eliminar"":0,""count_pending"":0,""count_review_action"":0,""count_other"":0}";import;qa_ok_importar_found
5242030140;BRACKET SEAWATER COO LER;nan;2.361 KGM;import;qa_ok_importar_found;true;6;12V4000M40A, 12V4000M70, 16V4000M61, 16V4000M90;1101282, 1901671, 1904058, 1301400, 1304313, 1601776;231, 240, 577, 220, 722, 234;"{""total_rows"":6,""count_ok_importar"":6,""count_ok_eliminar"":0,""count_pending"":0,""count_review_action"":0,""count_other"":0}";import;qa_ok_importar_found
5242030394;TANK EXPANSION;;;import;qa_ok_importar_found;true;4;12V4000M40A, 16V4000M61, 16V4000M90;1101285, 1301751, 1304663, 1601938;287, 275, 774, 263;"{""total_rows"":4,""count_ok_importar"":4,""count_ok_eliminar"":0,""count_pending"":0,""count_review_action"":0,""count_other"":0}";import;qa_ok_importar_found
5242032022;ELBOW;;11.379 KGM;import;qa_ok_importar_found;true;8;12V4000M40A, 12V4000M53, 12V4000M70, 16V4000M61, 16V4000M90;1101296, 1202271, 1205412, 1902010, 1904397, 1301703, 1304615, 1601892;275, 272, 629, 612, 265, 765, 255;"{""total_rows"":8,""count_ok_importar"":8,""count_ok_eliminar"":0,""count_pending"":0,""count_review_action"":0,""count_other"":0}";import;qa_ok_importar_found
5242032053;CONNECTOR WATER TUBE;nan;0.626 KGM;import;qa_ok_importar_found;true;12;12V4000M40A, 12V4000M70, 16V4000M61, 16V4000M90;1101297, 1101298, 1901677, 1901944, 1904064, 1904331, 1301406, 1301594, 1304319, 1304506, 1601704, 1601782;231, 251, 240, 264, 577, 601, 220, 247, 722, 748, 228, 234;"{""total_rows"":12,""count_ok_importar"":12,""count_ok_eliminar"":0,""count_pending"":0,""count_review_action"":0,""count_other"":0}";import;qa_ok_importar_found
5242032122;ELBOW BR4000;nan;nan;import;qa_ok_importar_found;true;6;12V4000M40A, 12V4000M70, 16V4000M61, 16V4000M90;1101299, 1901931, 1904318, 1301556, 1304469, 1601479;248, 261, 598, 240, 741, 212;"{""total_rows"":6,""count_ok_importar"":6,""count_ok_eliminar"":0,""count_pending"":0,""count_review_action"":0,""count_other"":0}";import;qa_ok_importar_found
5242032253;CONNECTOR WATER TUBE;nan;1.722 KGM;import;qa_ok_importar_found;true;6;12V4000M40A, 12V4000M70, 16V4000M61, 16V4000M90;1101300, 1901933, 1904320, 1301557, 1304470, 1601501;249, 262, 599, 241, 742, 214;"{""total_rows"":6,""count_ok_importar"":6,""count_ok_eliminar"":0,""count_pending"":0,""count_review_action"":0,""count_other"":0}";import;qa_ok_importar_found
5242032473;THERMOSTAT HOUSING;;;import;qa_ok_importar_found;true;6;12V4000M40A, 12V4000M70, 16V4000M61, 16V4000M90;1101302, 1902008, 1904395, 1301647, 1304559, 1601826;270, 272, 609, 254, 755, 244;"{""total_rows"":6,""count_ok_importar"":6,""count_ok_eliminar"":0,""count_pending"":0,""count_review_action"":0,""count_other"":0}";import;qa_ok_importar_found
5242032840;BRACKET L 4000;;;import;qa_ok_importar_found;true;2;20V4000M93L;1802348, 1806007;1382, 1762;"{""total_rows"":2,""count_ok_importar"":2,""count_ok_eliminar"":0,""count_pending"":0,""count_review_action"":0,""count_other"":0}";import;qa_ok_importar_found
5242033573;HOUSING WATER DISTRIBUTION;;;import;qa_ok_importar_found;true;1;16V4000M90;1601831;245;"{""total_rows"":1,""count_ok_importar"":1,""count_ok_eliminar"":0,""count_pending"":0,""count_review_action"":0,""count_other"":0}";import;qa_ok_importar_found
5242240509;SUPT ENG W/12MM HOLE FLYWHL HSG MT;;;import;qa_ok_importar_found;true;4;12V4000M40A, 16V4000M61, 16V4000M90;1101306, 1301789, 1304701, 1602017;295, 283, 782, 276;"{""total_rows"":4,""count_ok_importar"":4,""count_ok_eliminar"":0,""count_pending"":0,""count_review_action"":0,""count_other"":0}";import;qa_ok_importar_found
5242240609;SUPT ENG MARINE GEAR MT;nan;2.627 KGM;import;qa_ok_importar_found;true;6;12V4000M40A, 12V4000M70, 16V4000M61, 16V4000M90;1101307, 1902143, 1904530, 1301794, 1304706, 1602021;296, 297, 634, 284, 783, 277;"{""total_rows"":6,""count_ok_importar"":6,""count_ok_eliminar"":0,""count_pending"":0,""count_review_action"":0,""count_other"":0}";import;qa_ok_importar_found
5242370902;ENGINE CARRIER;;;import;qa_ok_importar_found;true;1;12V4000M40A;1101310;294;"{""total_rows"":1,""count_ok_importar"":1,""count_ok_eliminar"":0,""count_pending"":0,""count_review_action"":0,""count_other"":0}";import;qa_ok_importar_found
5242370940;RETAINER 8/12/16V40000;;2,690 KG;import;qa_ok_importar_found;true;20;12V4000M40A, 12V4000M53, 16V4000M61, 16V4000M73, 16V4000M73L, 16V4000M90, 20V4000M93, 20V4000M93L;1101311, 1200414, 1203554, 1300324, 1303246, 1400429, 1403595, 1406764, 1409942, 1500316, 1503522, 1505985, 1508472, 1600351, 1700411, 1704158, 1707898, 1711638, 1800401, 1803973;55, 66, 421, 54, 561, 71, 425, 779, 1134, 58, 543, 888, 1231, 65, 69, 465, 861, 1257, 1169, 1542;"{""total_rows"":20,""count_ok_importar"":20,""count_ok_eliminar"":0,""count_pending"":0,""count_review_action"":0,""count_other"":0}";import;qa_ok_importar_found
5244760324;FITTING;;0.171 KGM;import;qa_ok_importar_found;true;6;12V4000M40A, 12V4000M70, 16V4000M61, 16V4000M90;1101312, 1900476, 1902916, 1300455, 1303378, 1600482;84, 98, 437, 83, 590, 94;"{""total_rows"":6,""count_ok_importar"":6,""count_ok_eliminar"":0,""count_pending"":0,""count_review_action"":0,""count_other"":0}";import;qa_ok_importar_found
5244760424;FITTING M16X1.5 ISO 6149 TO 11/16-16;nan;0.055 KGM;import;qa_ok_importar_found;true;6;12V4000M40A, 12V4000M70, 16V4000M61, 16V4000M90;1101313, 1900468, 1902908, 1300446, 1303369, 1600475;83, 97, 436, 82, 589, 93;"{""total_rows"":6,""count_ok_importar"":6,""count_ok_eliminar"":0,""count_pending"":0,""count_review_action"":0,""count_other"":0}";import;qa_ok_importar_found
5249870051;FLAP SEAL;nan;1.273 g;import;qa_ok_importar_found;true;20;12V4000M53, 12V4000M70, 16V4000M61, 16V4000M73, 16V4000M73L, 20V4000M93, 20V4000M93L;1201118, 1204257, 1900979, 1903421, 1300832, 1303743, 1401101, 1404270, 1407439, 1410617, 1500907, 1504114, 1506577, 1509061, 1701234, 1704974, 1708714, 1712463, 1801196, 1804802;154, 509, 156, 495, 144, 648, 164, 518, 872, 1227, 151, 637, 982, 1323, 172, 568, 964, 1360, 1269, 1646;"{""total_rows"":20,""count_ok_importar"":20,""count_ok_eliminar"":0,""count_pending"":0,""count_review_action"":0,""count_other"":0}";import;qa_ok_importar_found
5249900140;WASHER;;0.013 KGM;import;qa_ok_importar_found;true;2;12V4000M53;1200988, 1204127;138, 493;"{""total_rows"":2,""count_ok_importar"":2,""count_ok_eliminar"":0,""count_pending"":0,""count_review_action"":0,""count_other"":0}";import;qa_ok_importar_found
5249900304;HEX SCREW;M12 X 65;0.081 KGM;import;qa_ok_importar_found;true;2;12V4000M53;1200990, 1204129;138, 493;"{""total_rows"":2,""count_ok_importar"":2,""count_ok_eliminar"":0,""count_pending"":0,""count_review_action"":0,""count_other"":0}";import;qa_ok_importar_found
5249901901;HEX SCREW;M 12 X 1,75 X 47;64,000 g M 12 X 1,75 X 47;import;qa_ok_importar_found;true;2;12V4000M53;1200989, 1204128;138, 493;"{""total_rows"":2,""count_ok_importar"":2,""count_ok_eliminar"":0,""count_pending"":0,""count_review_action"":0,""count_other"":0}";import;qa_ok_importar_found
5249902101;HEX SCREW;M12X100;87.000 g M12X100;import;qa_ok_importar_found;true;22;12V4000M40A, 12V4000M53, 12V4000M70, 16V4000M61, 16V4000M73, 16V4000M73L, 16V4000M90, 20V4000M93, 20V4000M93L;1101317, 1200548, 1203689, 1900485, 1902925, 1300462, 1303385, 1400561, 1403730, 1406899, 1410077, 1500434, 1503640, 1506103, 1508591, 1600489, 1700559, 1704307, 1708047, 1711787, 1800523, 1804096;88, 97, 452, 102, 441, 87, 594, 103, 457, 811, 1166, 89, 574, 919, 1262, 98, 498, 894, 1290, 1200, 1573;"{""total_rows"":22,""count_ok_importar"":22,""count_ok_eliminar"":0,""count_pending"":0,""count_review_action"":0,""count_other"":0}";import;qa_ok_importar_found
5249950059;STRAP;;0.071 KGM;import;qa_ok_importar_found;true;12;12V4000M53, 16V4000M73, 20V4000M93, 20V4000M93L;1200020, 1203171, 1400044, 1403216, 1406385, 1409563, 1700038, 1703782, 1707522, 1711262, 1800040, 1803613;22, 377, 26, 380, 734, 1089, 23, 419, 815, 1211, 1125, 1498;"{""total_rows"":12,""count_ok_importar"":12,""count_ok_eliminar"":0,""count_pending"":0,""count_review_action"":0,""count_other"":0}";import;qa_ok_importar_found
5260100613;OIL PAN;;;import;qa_ok_importar_found;true;1;12V4000M40A;1101332;20;"{""total_rows"":1,""count_ok_importar"":1,""count_ok_eliminar"":0,""count_pending"":0,""count_review_action"":0,""count_other"":0}";import;qa_ok_importar_found
5260180002;COVER;;704 G;import;qa_ok_importar_found;true;1;12V4000M40A;1101336;31;"{""total_rows"":1,""count_ok_importar"":1,""count_ok_eliminar"":0,""count_pending"":0,""count_review_action"":0,""count_other"":0}";import;qa_ok_importar_found
5260300105;FLYWHEEL;;120.000 kg;import;qa_ok_importar_found;true;1;16V4000M90;1600293;53;"{""total_rows"":1,""count_ok_importar"":1,""count_ok_eliminar"":0,""count_pending"":0,""count_review_action"":0,""count_other"":0}";import;qa_ok_importar_found
5260300105/31;FLYWHEEL;;120,000 kg;import;qa_ok_importar_found;true;4;12V4000M70, 16V4000M61;1900274, 1902714, 1300262, 1303184;60, 399, 44, 551;"{""total_rows"":4,""count_ok_importar"":4,""count_ok_eliminar"":0,""count_pending"":0,""count_review_action"":0,""count_other"":0}";import;qa_ok_importar_found
5260300701/30;CRANKSHAFT GL ACCEPTANCE;EM;;import;qa_ok_importar_found;true;1;12V4000M40A;1102409;42;"{""total_rows"":1,""count_ok_importar"":1,""count_ok_eliminar"":0,""count_pending"":0,""count_review_action"":0,""count_other"":0}";import;qa_ok_importar_found
5260500001;CAMSHAFT FOR 12V;;50,500 KG;import;qa_ok_importar_found;true;1;12V4000M40A;1101337;69;"{""total_rows"":1,""count_ok_importar"":1,""count_ok_eliminar"":0,""count_pending"":0,""count_review_action"":0,""count_other"":0}";import;qa_ok_importar_found
5260700132;TUBE LOW PRESSURE FUEL;;0.602 KGM;import;qa_ok_importar_found;true;6;12V4000M40A, 12V4000M70, 16V4000M61, 16V4000M90;1101338, 1900589, 1903030, 1300551, 1303474, 1600647;105, 114, 453, 96, 603, 120;"{""total_rows"":6,""count_ok_importar"":6,""count_ok_eliminar"":0,""count_pending"":0,""count_review_action"":0,""count_other"":0}";import;qa_ok_importar_found
5260700438;KST-SAMMELLEITUNG LEFT;;1.255 KGM;import;qa_ok_importar_found;true;3;12V4000M40A, 12V4000M70;1101340, 1900621, 1903063;105, 115, 454;"{""total_rows"":3,""count_ok_importar"":3,""count_ok_eliminar"":0,""count_pending"":0,""count_review_action"":0,""count_other"":0}";import;qa_ok_importar_found
5260701101;HP FUEL PUMP;EM;62,000 kg;import;qa_ok_importar_found;true;5;12V4000M40A, 12V4000M70, 16V4000M61;1101342, 1900465, 1902905, 1300443, 1303366;82, 96, 435, 81, 588;"{""total_rows"":5,""count_ok_importar"":5,""count_ok_eliminar"":0,""count_pending"":0,""count_review_action"":0,""count_other"":0}";import;qa_ok_importar_found
5260780690;RAIL FUEL HIGH PRESS URE COMMON;;19,625 kg;import;qa_ok_importar_found;true;3;12V4000M40A, 12V4000M70;1101345, 1900522, 1902962;92, 106, 445;"{""total_rows"":3,""count_ok_importar"":3,""count_ok_eliminar"":0,""count_pending"":0,""count_review_action"":0,""count_other"":0}";import;qa_ok_importar_found
5260900028;ELBOW;;1.47 KGM;import;qa_ok_importar_found;true;2;12V4000M40A, 16V4000M90;1101346, 1600906;132, 139;"{""total_rows"":2,""count_ok_importar"":2,""count_ok_eliminar"":0,""count_pending"":0,""count_review_action"":0,""count_other"":0}";import;qa_ok_importar_found
5260900876;TUBE FUEL DBL WALL H P PMP TO RB RAIL;;3.021 KGM;import;qa_ok_importar_found;true;6;12V4000M40A, 12V4000M70, 16V4000M61, 16V4000M90;1101349, 1900521, 1902961, 1300491, 1303414, 1600524;92, 106, 445, 90, 597, 102;"{""total_rows"":6,""count_ok_importar"":6,""count_ok_eliminar"":0,""count_pending"":0,""count_review_action"":0,""count_other"":0}";import;qa_ok_importar_found
5260980240;FLANGE;;0.614 KGM;import;qa_ok_importar_found;true;7;12V4000M40A, 12V4000M70, 16V4000M90;1101350, 1900857, 1900879, 1903299, 1903321, 1600870, 1600893;131, 138, 139, 477, 478;"{""total_rows"":7,""count_ok_importar"":7,""count_ok_eliminar"":0,""count_pending"":0,""count_review_action"":0,""count_other"":0}";import;qa_ok_importar_found
5260980420/31;COOLER CHARGE AIR B-BANK RB;nan;nan;import;qa_ok_importar_found;true;4;12V4000M70, 16V4000M61;1900885, 1903327, 1300758, 1303669;139, 478, 127, 631;"{""total_rows"":4,""count_ok_importar"":4,""count_ok_eliminar"":0,""count_pending"":0,""count_review_action"":0,""count_other"":0}";import;qa_ok_importar_found
5260980520/31;COOLER CHARGE;;117,000 kg;import;qa_ok_importar_found;true;2;12V4000M70;1900860, 1903302;138, 477;"{""total_rows"":2,""count_ok_importar"":2,""count_ok_eliminar"":0,""count_pending"":0,""count_review_action"":0,""count_other"":0}";import;qa_ok_importar_found
5260981120;COOLER CHARGE AIR LE FT SIDE;;52,500 KG;import;qa_ok_importar_found;true;2;12V4000M40A, 16V4000M90;1101351, 1600875;131, 138;"{""total_rows"":2,""count_ok_importar"":2,""count_ok_eliminar"":0,""count_pending"":0,""count_review_action"":0,""count_other"":0}";import;qa_ok_importar_found
5260981220;COOLER CHARGE RIGHT SIDE;;57.000 kg;import;qa_ok_importar_found;true;2;12V4000M40A, 16V4000M90;1101352, 1600900;131, 139;"{""total_rows"":2,""count_ok_importar"":2,""count_ok_eliminar"":0,""count_pending"":0,""count_review_action"":0,""count_other"":0}";import;qa_ok_importar_found
5261400318;EXHAUST MANIFOLD 2 C YL (ASSEMBLY);;48.62 KGM;import;qa_ok_importar_found;true;3;12V4000M40A, 12V4000M70;1101357, 1901203, 1903645;154, 180, 519;"{""total_rows"":3,""count_ok_importar"":3,""count_ok_eliminar"":0,""count_pending"":0,""count_review_action"":0,""count_other"":0}";import;qa_ok_importar_found
5261420331;VALVE SEQUENTIAL TUR BO EXHAUST;;0.805 KGM;import;qa_ok_importar_found;true;6;12V4000M40A, 12V4000M70, 16V4000M61, 16V4000M90;1101364, 1900847, 1903289, 1300744, 1303655, 1600862;122, 135, 474, 123, 627;"{""total_rows"":6,""count_ok_importar"":6,""count_ok_eliminar"":0,""count_pending"":0,""count_review_action"":0,""count_other"":0}";import;qa_ok_importar_found
5261420350;BUSHING BEARING;;0.335 KGM;import;qa_ok_importar_found;true;6;12V4000M40A, 12V4000M70, 16V4000M61, 16V4000M90;1101365, 1900848, 1903290, 1300745, 1303656, 1600863;122, 135, 474, 123, 627;"{""total_rows"":6,""count_ok_importar"":6,""count_ok_eliminar"":0,""count_pending"":0,""count_review_action"":0,""count_other"":0}";import;qa_ok_importar_found
5261420450;BUSHING BEARING;;0.339 KGM;import;qa_ok_importar_found;true;6;12V4000M40A, 12V4000M70, 16V4000M61, 16V4000M90;1101366, 1900849, 1903291, 1300746, 1303657, 1600864;122, 135, 474, 123, 627;"{""total_rows"":6,""count_ok_importar"":6,""count_ok_eliminar"":0,""count_pending"":0,""count_review_action"":0,""count_other"":0}";import;qa_ok_importar_found
5261420629;SHAFT;;0.203 KGM;import;qa_ok_importar_found;true;22;12V4000M40A, 12V4000M53, 12V4000M70, 16V4000M61, 16V4000M73, 16V4000M73L, 16V4000M90, 20V4000M93, 20V4000M93L;1101367, 1200866, 1204006, 1901268, 1903710, 1300960, 1303871, 1400863, 1404032, 1407201, 1410379, 1500674, 1503880, 1506343, 1508831, 1601169, 1700840, 1704586, 1708326, 1712069, 1800813, 1804419;160, 127, 482, 190, 529, 163, 667, 138, 492, 846, 1201, 123, 608, 953, 1296, 170, 137, 533, 929, 1325, 1235, 1612;"{""total_rows"":22,""count_ok_importar"":22,""count_ok_eliminar"":0,""count_pending"":0,""count_review_action"":0,""count_other"":0}";import;qa_ok_importar_found
5261530037;SCREEN WIRE MTG STRIPS;;1.12 KGM;import;qa_ok_importar_found;true;3;12V4000M40A, 12V4000M70;1101368, 1902219, 1904606;331, 317, 654;"{""total_rows"":3,""count_ok_importar"":3,""count_ok_eliminar"":0,""count_pending"":0,""count_review_action"":0,""count_other"":0}";import;qa_ok_importar_found
5261800465/31;OIL COOLER LR ACCEPTANCE 4000-03;;;import;qa_ok_importar_found;true;4;16V4000M73;1401542, 1404711, 1407889, 1411067;209, 563, 918, 1273;"{""total_rows"":4,""count_ok_importar"":4,""count_ok_eliminar"":0,""count_pending"":0,""count_review_action"":0,""count_other"":0}";import;qa_ok_importar_found
5261800465/87;OIL COOLER WITH TEST CERT. 3.1;;;import;qa_ok_importar_found;true;4;16V4000M73L;1501327, 1504534, 1506997, 1509483;204, 690, 1035, 1373;"{""total_rows"":4,""count_ok_importar"":4,""count_ok_eliminar"":0,""count_pending"":0,""count_review_action"":0,""count_other"":0}";import;qa_ok_importar_found
5261800720;OIL LINE LEFT;;0.589 KGM;import;qa_ok_importar_found;true;6;12V4000M40A, 12V4000M70, 16V4000M61, 16V4000M90;1101371, 1901565, 1903952, 1301298, 1304211, 1601447;213, 228, 565, 210, 712, 206;"{""total_rows"":6,""count_ok_importar"":6,""count_ok_eliminar"":0,""count_pending"":0,""count_review_action"":0,""count_other"":0}";import;qa_ok_importar_found
5261800820;OIL LINE RIGHT;B-BANK M90CE;0.557 KGM;import;qa_ok_importar_found;true;6;12V4000M40A, 12V4000M70, 16V4000M61, 16V4000M90;1101372, 1901568, 1903955, 1301300, 1304213, 1601450;213, 228, 565, 210, 712, 206;"{""total_rows"":6,""count_ok_importar"":6,""count_ok_eliminar"":0,""count_pending"":0,""count_review_action"":0,""count_other"":0}";import;qa_ok_importar_found
5261802720;TUBE ASM TURBO OIL SUPPLY A-BANK;;0.37 KGM;import;qa_ok_importar_found;true;2;12V4000M40A, 16V4000M90;1101374, 1601435;213, 205;"{""total_rows"":2,""count_ok_importar"":2,""count_ok_eliminar"":0,""count_pending"":0,""count_review_action"":0,""count_other"":0}";import;qa_ok_importar_found
5261802820;TUBE ASM TURBO OIL SUPPLY B-BANK;;0.389 KGM;import;qa_ok_importar_found;true;4;12V4000M40A, 16V4000M61, 16V4000M90;1101375, 1301295, 1304208, 1601423;213, 210, 712, 205;"{""total_rows"":4,""count_ok_importar"":4,""count_ok_eliminar"":0,""count_pending"":0,""count_review_action"":0,""count_other"":0}";import;qa_ok_importar_found
5262000058;TUBE VENT LINE A-BAN K;;0.123 KGM;import;qa_ok_importar_found;true;2;12V4000M40A, 16V4000M90;1101377, 1601632;258, 222;"{""total_rows"":2,""count_ok_importar"":2,""count_ok_eliminar"":0,""count_pending"":0,""count_review_action"":0,""count_other"":0}";import;qa_ok_importar_found
5262000140;BRACKET;;2.46 KGM;import;qa_ok_importar_found;true;6;12V4000M40A, 12V4000M70, 16V4000M61, 16V4000M90;1101378, 1901738, 1904125, 1301428, 1304341, 1601557;257, 252, 589, 231, 733, 221;"{""total_rows"":6,""count_ok_importar"":6,""count_ok_eliminar"":0,""count_pending"":0,""count_review_action"":0,""count_other"":0}";import;qa_ok_importar_found
5262000158;TUBE VENT LINE B-BANK;;171.000 g;import;qa_ok_importar_found;true;2;12V4000M40A, 16V4000M90;1101379, 1601639;258, 222;"{""total_rows"":2,""count_ok_importar"":2,""count_ok_eliminar"":0,""count_pending"":0,""count_review_action"":0,""count_other"":0}";import;qa_ok_importar_found
5262030539;FLANGE 4000LH;;0.650 kg;import;qa_ok_importar_found;true;2;20V4000M93L;1801474, 1805080;1294, 1671;"{""total_rows"":2,""count_ok_importar"":2,""count_ok_eliminar"":0,""count_pending"":0,""count_review_action"":0,""count_other"":0}";import;qa_ok_importar_found
5265300113;PLUG-IN BOARD;M;;import;qa_ok_importar_found;true;1;12V4000M40A;1101385;374;"{""total_rows"":1,""count_ok_importar"":1,""count_ok_eliminar"":0,""count_pending"":0,""count_review_action"":0,""count_other"":0}";import;qa_ok_importar_found
5265300113/76;PLUG-IN BOARD;;;import;qa_ok_importar_found;true;1;12V4000M40A;1102410;375;"{""total_rows"":1,""count_ok_importar"":1,""count_ok_eliminar"":0,""count_pending"":0,""count_review_action"":0,""count_other"":0}";import;qa_ok_importar_found
5265300213;PLUG-IN BOARD;KF;;import;qa_ok_importar_found;true;1;12V4000M40A;1101386;381;"{""total_rows"":1,""count_ok_importar"":1,""count_ok_eliminar"":0,""count_pending"":0,""count_review_action"":0,""count_other"":0}";import;qa_ok_importar_found
5265300213/76;PLUG-IN CIRC.BOARD;;0.229 KGM;import;qa_ok_importar_found;true;1;12V4000M40A;1102411;382;"{""total_rows"":1,""count_ok_importar"":1,""count_ok_eliminar"":0,""count_pending"":0,""count_review_action"":0,""count_other"":0}";import;qa_ok_importar_found
5269870535;SEAL RUBBER STRIP 36 29.0;;0.422 KGM;import;qa_ok_importar_found;true;5;12V4000M40A, 12V4000M53, 12V4000M70;1101390, 1200103, 1203246, 1900065, 1902505;20, 31, 386, 370;"{""total_rows"":5,""count_ok_importar"":5,""count_ok_eliminar"":0,""count_pending"":0,""count_review_action"":0,""count_other"":0}";import;qa_ok_importar_found
5270100437;HOUSING UPPER BREATHER 4000;nan;34,400 KG;import;qa_ok_importar_found;true;6;12V4000M40A, 12V4000M70, 16V4000M61, 16V4000M90;1101394, 1900167, 1902607, 1300159, 1303081, 1600178;31, 43, 382, 30, 537, 37;"{""total_rows"":6,""count_ok_importar"":6,""count_ok_eliminar"":0,""count_pending"":0,""count_review_action"":0,""count_other"":0}";import;qa_ok_importar_found
5270101805;BLK;;2.063 KG;import;qa_ok_importar_found;true;3;16V4000M61, 16V4000M90;1300017, 1302939, 1600017;12, 519, 17;"{""total_rows"":3,""count_ok_importar"":3,""count_ok_eliminar"":0,""count_pending"":0,""count_review_action"":0,""count_other"":0}";import;qa_ok_importar_found
5270180222;PLATE DEFLECTOR TOP;nan;0.623 KGM;import;qa_ok_importar_found;true;6;12V4000M40A, 12V4000M70, 16V4000M61, 16V4000M90;1101395, 1900156, 1902596, 1300151, 1303073, 1600169;30, 42, 381, 29, 536, 36;"{""total_rows"":6,""count_ok_importar"":6,""count_ok_eliminar"":0,""count_pending"":0,""count_review_action"":0,""count_other"":0}";import;qa_ok_importar_found
5270180322;PLATE DEFLECTOR BOTT OM;nan;0.58 KGM;import;qa_ok_importar_found;true;6;12V4000M40A, 12V4000M70, 16V4000M61, 16V4000M90;1101396, 1900157, 1902597, 1300152, 1303074, 1600170;30, 42, 381, 29, 536, 36;"{""total_rows"":6,""count_ok_importar"":6,""count_ok_eliminar"":0,""count_pending"":0,""count_review_action"":0,""count_other"":0}";import;qa_ok_importar_found
5270180331;VENT HOUSING 4000;nan;31,480 KG EM;import;qa_ok_importar_found;true;6;12V4000M40A, 12V4000M70, 16V4000M61, 16V4000M90;1101397, 1900160, 1902600, 1300155, 1303077, 1600173;30, 42, 381, 29, 536, 36;"{""total_rows"":6,""count_ok_importar"":6,""count_ok_eliminar"":0,""count_pending"":0,""count_review_action"":0,""count_other"":0}";import;qa_ok_importar_found
5270300701/31;CRANKSHAFT;;EM;import;qa_ok_importar_found;true;2;16V4000M61;1300211, 1303133;40, 547;"{""total_rows"":2,""count_ok_importar"":2,""count_ok_eliminar"":0,""count_pending"":0,""count_review_action"":0,""count_other"":0}";import;qa_ok_importar_found
5270500101;CAMSHAFT FOR 16V;;29.500 kg;import;qa_ok_importar_found;true;3;16V4000M61, 16V4000M90;1300378, 1303300, 1600408;67, 574, 79;"{""total_rows"":3,""count_ok_importar"":3,""count_ok_eliminar"":0,""count_pending"":0,""count_review_action"":0,""count_other"":0}";import;qa_ok_importar_found
5270510101;CAMSHAFT;;;import;qa_ok_importar_found;true;3;16V4000M61, 16V4000M90;1300389, 1303311, 1600416;68, 575, 80;"{""total_rows"":3,""count_ok_importar"":3,""count_ok_eliminar"":0,""count_pending"":0,""count_review_action"":0,""count_other"":0}";import;qa_ok_importar_found
5270700438;RAIL FUEL RETURN LOW PRESS B-BANK 1460MM;;1.76 KGM;import;qa_ok_importar_found;true;3;16V4000M61, 16V4000M90;1300569, 1303492, 1600680;96, 603, 121;"{""total_rows"":3,""count_ok_importar"":3,""count_ok_eliminar"":0,""count_pending"":0,""count_review_action"":0,""count_other"":0}";import;qa_ok_importar_found
5270780590;RAIL FUEL HIGH PRESS URE COMMON;;26.5 KGM;import;qa_ok_importar_found;true;3;16V4000M61, 16V4000M90;1300492, 1303415, 1600525;90, 597, 102;"{""total_rows"":3,""count_ok_importar"":3,""count_ok_eliminar"":0,""count_pending"":0,""count_review_action"":0,""count_other"":0}";import;qa_ok_importar_found
5270900075;DIVERTER VALVE;;9,750 KG EM;import;qa_ok_importar_found;true;4;12V4000M40A, 16V4000M61, 16V4000M90;1101398, 1300763, 1303674, 1601040;147, 131, 635, 157;"{""total_rows"":4,""count_ok_importar"":4,""count_ok_eliminar"":0,""count_pending"":0,""count_review_action"":0,""count_other"":0}";import;qa_ok_importar_found
5271400421;CARRIER HOUSN G COVER;;45.000 kg;import;qa_ok_importar_found;true;4;12V4000M40A, 16V4000M61, 16V4000M90;1101401, 1300949, 1303860, 1601153;157, 159, 663, 168;"{""total_rows"":4,""count_ok_importar"":4,""count_ok_eliminar"":0,""count_pending"":0,""count_review_action"":0,""count_other"":0}";import;qa_ok_importar_found
5271401118;CARRIER HOUSING;;62,700 KG;import;qa_ok_importar_found;true;2;12V4000M40A, 16V4000M90;1101402, 1601126;157, 168;"{""total_rows"":2,""count_ok_importar"":2,""count_ok_eliminar"":0,""count_pending"":0,""count_review_action"":0,""count_other"":0}";import;qa_ok_importar_found
5271401218;CARRIER HSG;;142.000 kg;import;qa_ok_importar_found;true;2;12V4000M40A, 16V4000M90;1101403, 1601134;157, 168;"{""total_rows"":2,""count_ok_importar"":2,""count_ok_eliminar"":0,""count_pending"":0,""count_review_action"":0,""count_other"":0}";import;qa_ok_importar_found
5271401418;EXHAUST MANIFOLD 4 C YL (ASSEMBLY);;91,600 KG;import;qa_ok_importar_found;true;6;12V4000M40A, 12V4000M70, 16V4000M61, 16V4000M90;1101404, 1901200, 1903642, 1300927, 1303838, 1601107;154, 180, 519, 156, 660, 164;"{""total_rows"":6,""count_ok_importar"":6,""count_ok_eliminar"":0,""count_pending"":0,""count_review_action"":0,""count_other"":0}";import;qa_ok_importar_found
5271530037;SCREEN WIRE MTG STRIPS;;1.700 kg;import;qa_ok_importar_found;true;2;16V4000M90;1602253, 1602277;317, 318;"{""total_rows"":2,""count_ok_importar"":2,""count_ok_eliminar"":0,""count_pending"":0,""count_review_action"":0,""count_other"":0}";import;qa_ok_importar_found
5271800419;OIL LINE;;0.17 KGM;import;qa_ok_importar_found;true;6;12V4000M40A, 12V4000M70, 16V4000M61, 16V4000M90;1101406, 1901397, 1903784, 1301157, 1304070, 1601280;195, 205, 542, 190, 692, 185;"{""total_rows"":6,""count_ok_importar"":6,""count_ok_eliminar"":0,""count_pending"":0,""count_review_action"":0,""count_other"":0}";import;qa_ok_importar_found
5272001618;ELBOW;nan;8.77 KGM;import;qa_ok_importar_found;true;6;12V4000M40A, 12V4000M70, 16V4000M61, 16V4000M90;1101408, 1902046, 1904433, 1301670, 1304582, 1601858;279, 616, 260, 760, 250;"{""total_rows"":6,""count_ok_importar"":6,""count_ok_eliminar"":0,""count_pending"":0,""count_review_action"":0,""count_other"":0}";import;qa_ok_importar_found
5272010505;SHAFT WAT PUMP HT CO OLING CIRCUT;;1.841 KGM;import;qa_ok_importar_found;true;20;12V4000M40A, 12V4000M53, 16V4000M61, 16V4000M73, 16V4000M73L, 16V4000M90, 20V4000M93, 20V4000M93L;1101415, 1201818, 1204957, 1301677, 1304589, 1402468, 1405637, 1408815, 1412016, 1501886, 1505093, 1507556, 1510045, 1601869, 1702885, 1706625, 1710365, 1714106, 1802947, 1806606;280, 235, 590, 261, 761, 294, 648, 1003, 1357, 256, 742, 1087, 1423, 252, 310, 706, 1102, 1498, 1419, 1799;"{""total_rows"":20,""count_ok_importar"":20,""count_ok_eliminar"":0,""count_pending"":0,""count_review_action"":0,""count_other"":0}";import;qa_ok_importar_found
5272030822;ELBOW;;;import;qa_ok_importar_found;true;1;16V4000M90;1601868;251;"{""total_rows"":1,""count_ok_importar"":1,""count_ok_eliminar"":0,""count_pending"":0,""count_review_action"":0,""count_other"":0}";import;qa_ok_importar_found
5275300813;PLUG-IN BOARD;;100 G;import;qa_ok_importar_found;true;3;16V4000M61, 16V4000M73L;1302548, 1503142, 1511371;405, 475, 1672;"{""total_rows"":3,""count_ok_importar"":3,""count_ok_eliminar"":0,""count_pending"":0,""count_review_action"":0,""count_other"":0}";import;qa_ok_importar_found
5275302613;PLUG-IN BOARD;CRB 1-03;100,000 g;import;qa_ok_importar_found;true;5;12V4000M70, 16V4000M61, 16V4000M73L, 16V4000M90;1905298, 1302551, 1503145, 1511374, 1602795;797, 405, 475, 1672, 403;"{""total_rows"":5,""count_ok_importar"":5,""count_ok_eliminar"":0,""count_pending"":0,""count_review_action"":0,""count_other"":0}";import;qa_ok_importar_found
5275302925;WIRING HARNESS FOR ON-ENGINE SENSO;;0.492 KGM;import;qa_ok_importar_found;true;6;12V4000M40A, 12V4000M70, 16V4000M61, 16V4000M90;1101424, 1902331, 1904718, 1301997, 1304768, 1602138;345, 333, 670, 337, 806, 302;"{""total_rows"":6,""count_ok_importar"":6,""count_ok_eliminar"":0,""count_pending"":0,""count_review_action"":0,""count_other"":0}";import;qa_ok_importar_found
5275303413;PLUG-IN BOARD;LMB4-01,;539 G LMB4-01,;import;qa_ok_importar_found;true;4;12V4000M70, 16V4000M61, 16V4000M73L;1904979, 1302374, 1502640, 1510870;735, 377, 380, 1577;"{""total_rows"":4,""count_ok_importar"":4,""count_ok_eliminar"":0,""count_pending"":0,""count_review_action"":0,""count_other"":0}";import;qa_ok_importar_found
5275303837;PROGRAMMING CONNECTR FOR MONITOR SYSTEM PIM4;;;import;qa_ok_importar_found;true;1;16V4000M90;1602605;362;"{""total_rows"":1,""count_ok_importar"":1,""count_ok_eliminar"":0,""count_pending"":0,""count_review_action"":0,""count_other"":0}";import;qa_ok_importar_found
5275304360;HOUSING;;KF;import;qa_ok_importar_found;true;2;16V4000M61;1302312, 1305083;367, 836;"{""total_rows"":2,""count_ok_importar"":2,""count_ok_eliminar"":0,""count_pending"":0,""count_review_action"":0,""count_other"":0}";import;qa_ok_importar_found
5275304360/S0003;HOUSING;;3,440 KG KF;import;qa_ok_importar_found;true;1;12V4000M40A;1102412;408;"{""total_rows"":1,""count_ok_importar"":1,""count_ok_eliminar"":0,""count_pending"":0,""count_review_action"":0,""count_other"":0}";import;qa_ok_importar_found
5275304822;WIRING HARNESS TO INJECTOR;INJEKTOR / RADOX - LEITUNGEN;2.32 KGM;import;qa_ok_importar_found;true;5;12V4000M40A, 12V4000M70;1101425, 1902329, 1902349, 1904716, 1904736;345, 333, 670;"{""total_rows"":5,""count_ok_importar"":5,""count_ok_eliminar"":0,""count_pending"":0,""count_review_action"":0,""count_other"":0}";import;qa_ok_importar_found
5275305222;WIRING HARNESS TO IN JECTOR;INJEKTOR / RADOX - LEITUNGEN;3.09 KGM;import;qa_ok_importar_found;true;3;16V4000M61, 16V4000M90;1301996, 1304767, 1602136;337, 806, 302;"{""total_rows"":3,""count_ok_importar"":3,""count_ok_eliminar"":0,""count_pending"":0,""count_review_action"":0,""count_other"":0}";import;qa_ok_importar_found
5275305512;PLUG-IN BOARD;KF;;import;qa_ok_importar_found;true;3;12V4000M40A, 16V4000M61;1101426, 1302327, 1305098;411, 370, 839;"{""total_rows"":3,""count_ok_importar"":3,""count_ok_eliminar"":0,""count_pending"":0,""count_review_action"":0,""count_other"":0}";import;qa_ok_importar_found
5275305512/76;PLUG-IN BOARD NOT ADJUSTED;;73 G;import;qa_ok_importar_found;true;1;12V4000M40A;1102413;412;"{""total_rows"":1,""count_ok_importar"":1,""count_ok_eliminar"":0,""count_pending"":0,""count_review_action"":0,""count_other"":0}";import;qa_ok_importar_found
5275306322;WIRING HARNESS FOR ON-ENGINE SENSO;MAXIMALUMFANG;2.645 KGM;import;qa_ok_importar_found;true;5;12V4000M40A, 12V4000M70;1101430, 1902328, 1902330, 1904715, 1904717;345, 333, 670;"{""total_rows"":5,""count_ok_importar"":5,""count_ok_eliminar"":0,""count_pending"":0,""count_review_action"":0,""count_other"":0}";import;qa_ok_importar_found
5275306722;WIRING HARNESS FOR ON-ENGINE SENSO;nan;625,000 g;import;qa_ok_importar_found;true;3;12V4000M40A, 12V4000M70;1101431, 1902202, 1904589;328, 314, 651;"{""total_rows"":3,""count_ok_importar"":3,""count_ok_eliminar"":0,""count_pending"":0,""count_review_action"":0,""count_other"":0}";import;qa_ok_importar_found
5275306822;WIRING HARNESS FOR ON-ENGINE SENSO;;760 G AB;import;qa_ok_importar_found;true;2;16V4000M61;1301992, 1304763;334, 803;"{""total_rows"":2,""count_ok_importar"":2,""count_ok_eliminar"":0,""count_pending"":0,""count_review_action"":0,""count_other"":0}";import;qa_ok_importar_found
5275307022;WIRING HARNESS FOR ON-ENGINE SENSO;nan;1.68 KGM;import;qa_ok_importar_found;true;3;12V4000M40A, 12V4000M70;1101432, 1902215, 1904602;329, 315, 652;"{""total_rows"":3,""count_ok_importar"":3,""count_ok_eliminar"":0,""count_pending"":0,""count_review_action"":0,""count_other"":0}";import;qa_ok_importar_found
5275307212;PLUG-IN BOARD;;AB EMB1-01/A,;import;qa_ok_importar_found;true;3;12V4000M40A, 16V4000M61;1101433, 1302316, 1305087;410, 368, 837;"{""total_rows"":3,""count_ok_importar"":3,""count_ok_eliminar"":0,""count_pending"":0,""count_review_action"":0,""count_other"":0}";import;qa_ok_importar_found
5275307654;GOVERNOR;EM 455X277X91 (LXBXH);6,600 KG;import;qa_ok_importar_found;true;1;12V4000M40A;1101434;403;"{""total_rows"":1,""count_ok_importar"":1,""count_ok_eliminar"":0,""count_pending"":0,""count_review_action"":0,""count_other"":0}";import;qa_ok_importar_found
5275308412;PLUG-IN BOARD;;57 G;import;qa_ok_importar_found;true;5;12V4000M40A, 12V4000M70, 16V4000M61;1101435, 1902427, 1904814, 1302307, 1305078;406, 344, 681, 364, 833;"{""total_rows"":5,""count_ok_importar"":5,""count_ok_eliminar"":0,""count_pending"":0,""count_review_action"":0,""count_other"":0}";import;qa_ok_importar_found
5275308912;PLUG-IN BOARD;;17 G;import;qa_ok_importar_found;true;5;12V4000M70, 16V4000M61, 16V4000M73L, 16V4000M90;1905296, 1302549, 1503143, 1511372, 1602793;797, 405, 475, 1672, 403;"{""total_rows"":5,""count_ok_importar"":5,""count_ok_eliminar"":0,""count_pending"":0,""count_review_action"":0,""count_other"":0}";import;qa_ok_importar_found
5275308912/76;PLUG-IN CIRC.BOARD NOT ADJUSTED;nan;122,000 g MN;import;qa_ok_importar_found;true;1;12V4000M70;1905352;803;"{""total_rows"":1,""count_ok_importar"":1,""count_ok_eliminar"":0,""count_pending"":0,""count_review_action"":0,""count_other"":0}";import;qa_ok_importar_found
5275309837;VPI - PROG CONN FOR MON SYS PIM4;;5.000 g M;import;qa_ok_importar_found;true;1;16V4000M90;1602607;364;"{""total_rows"":1,""count_ok_importar"":1,""count_ok_eliminar"":0,""count_pending"":0,""count_review_action"":0,""count_other"":0}";import;qa_ok_importar_found
5275330546;FRAME;205X101X45;0.588 KGM;import;qa_ok_importar_found;true;5;12V4000M70, 16V4000M61, 16V4000M73L, 16V4000M90;1905300, 1302554, 1503147, 1511376, 1602797;797, 405, 475, 1672, 403;"{""total_rows"":5,""count_ok_importar"":5,""count_ok_eliminar"":0,""count_pending"":0,""count_review_action"":0,""count_other"":0}";import;qa_ok_importar_found
5275334402;HOUSING F/MONTRG SYST + GOV;423X270X76 (LXBXH);3,650 KG;import;qa_ok_importar_found;true;5;12V4000M40A, 12V4000M70, 16V4000M61;1101436, 1902421, 1904808, 1302301, 1305072;404, 343, 680, 363, 832;"{""total_rows"":5,""count_ok_importar"":5,""count_ok_eliminar"":0,""count_pending"":0,""count_review_action"":0,""count_other"":0}";import;qa_ok_importar_found
5275351291;COVER F/MONTRG SYST + GOV;427X275X11 (LXBXH);1.75 KGM;import;qa_ok_importar_found;true;5;12V4000M40A, 12V4000M70, 16V4000M61;1101438, 1902422, 1904809, 1302302, 1305073;404, 343, 680, 363, 832;"{""total_rows"":5,""count_ok_importar"":5,""count_ok_eliminar"":0,""count_pending"":0,""count_review_action"":0,""count_other"":0}";import;qa_ok_importar_found
5279870435;SEAL OIL PAN 4569LG;;0.5 KGM;import;qa_ok_importar_found;true;11;16V4000M61, 16V4000M73, 16V4000M73L, 16V4000M90;1300071, 1302993, 1400109, 1403281, 1406450, 1409628, 1500073, 1503279, 1505742, 1508229, 1600066;19, 526, 33, 387, 741, 1096, 22, 507, 852, 1195, 23;"{""total_rows"":11,""count_ok_importar"":11,""count_ok_eliminar"":0,""count_pending"":0,""count_review_action"":0,""count_other"":0}";import;qa_ok_importar_found
5280140002;OIL PAN;;480.000 kg;import;qa_ok_importar_found;true;2;20V4000M93L;1800100, 1803672;1133, 1506;"{""total_rows"":2,""count_ok_importar"":2,""count_ok_eliminar"":0,""count_pending"":0,""count_review_action"":0,""count_other"":0}";import;qa_ok_importar_found
5280150031;INDICATOR DEAD CENTE R;;0.25 KGM;import;qa_ok_importar_found;true;2;20V4000M93L;1800133, 1803705;1138, 1511;"{""total_rows"":2,""count_ok_importar"":2,""count_ok_eliminar"":0,""count_pending"":0,""count_review_action"":0,""count_other"":0}";import;qa_ok_importar_found
5280330362;THRUST WASHER;;9.260 kg;import;qa_ok_importar_found;true;6;16V4000M73, 20V4000M93L;1400158, 1403329, 1406498, 1409676, 1800156, 1803727;39, 393, 747, 1102, 1139, 1512;"{""total_rows"":6,""count_ok_importar"":6,""count_ok_eliminar"":0,""count_pending"":0,""count_review_action"":0,""count_other"":0}";import;qa_ok_importar_found
5280500044;THRUST BEARING FLANG FOR CAMSHAFT;;1.647 kg;import;qa_ok_importar_found;true;2;20V4000M93L;1800465, 1804038;1184, 1557;"{""total_rows"":2,""count_ok_importar"":2,""count_ok_eliminar"":0,""count_pending"":0,""count_review_action"":0,""count_other"":0}";import;qa_ok_importar_found
5280500101;CAMSHAFT;;80.500 kg;import;qa_ok_importar_found;true;6;20V4000M93, 20V4000M93L;1700485, 1704235, 1707975, 1711715, 1800459, 1804032;84, 480, 876, 1272, 1184, 1557;"{""total_rows"":6,""count_ok_importar"":6,""count_ok_eliminar"":0,""count_pending"":0,""count_review_action"":0,""count_other"":0}";import;qa_ok_importar_found
5280510201;CAMSHAFT FREE END;;;import;qa_ok_importar_found;true;6;20V4000M93, 20V4000M93L;1700496, 1704246, 1707986, 1711726, 1800469, 1804042;85, 481, 877, 1273, 1185, 1558;"{""total_rows"":6,""count_ok_importar"":6,""count_ok_eliminar"":0,""count_pending"":0,""count_review_action"":0,""count_other"":0}";import;qa_ok_importar_found
5281700102;VALVE AIR STARTER;nan;nan;import;qa_ok_importar_found;true;16;12V4000M70, 16V4000M73, 16V4000M73L, 20V4000M93, 20V4000M93L;1901345, 1903732, 1401427, 1404596, 1407774, 1410952, 1501184, 1504391, 1506854, 1509340, 1701695, 1705435, 1709175, 1712922, 1801667, 1805326;200, 537, 554, 909, 1264, 190, 676, 1021, 1360, 218, 614, 1010, 1406, 1315, 1695;"{""total_rows"":16,""count_ok_importar"":16,""count_ok_eliminar"":0,""count_pending"":0,""count_review_action"":0,""count_other"":0}";import;qa_ok_importar_found
5281800319;TUBE HIGH PRESS FUEL PUMP LUBE OIL;;0.27 KGM;import;qa_ok_importar_found;true;14;16V4000M73, 16V4000M73L, 20V4000M93, 20V4000M93L;1401746, 1404915, 1408093, 1411271, 1501509, 1504716, 1507179, 1509667, 1701950, 1705690, 1709430, 1713175, 1802103, 1805762;231, 585, 940, 1294, 223, 709, 1054, 1391, 247, 643, 1039, 1435, 1357, 1737;"{""total_rows"":14,""count_ok_importar"":14,""count_ok_eliminar"":0,""count_pending"":0,""count_review_action"":0,""count_other"":0}";import;qa_ok_importar_found
5281800519;TUBE ASM OIL LINE;;0.187 KGM;import;qa_ok_importar_found;true;16;12V4000M53, 16V4000M73, 16V4000M73L, 20V4000M93, 20V4000M93L;1200297, 1203441, 1400316, 1403484, 1406653, 1409831, 1500219, 1503425, 1505888, 1508375, 1700302, 1704047, 1707787, 1711527, 1800292, 1803866;48, 403, 55, 409, 763, 1118, 43, 528, 873, 1216, 52, 448, 844, 1240, 1152, 1525;"{""total_rows"":16,""count_ok_importar"":16,""count_ok_eliminar"":0,""count_pending"":0,""count_review_action"":0,""count_other"":0}";import;qa_ok_importar_found
5281840509;COVER WATER DISTRIBUTION HOUSING BR 4000;;;import;qa_ok_importar_found;true;2;12V4000M53;1201476, 1204615;204, 559;"{""total_rows"":2,""count_ok_importar"":2,""count_ok_eliminar"":0,""count_pending"":0,""count_review_action"":0,""count_other"":0}";import;qa_ok_importar_found
5281840609;FLANGE;;0.22 KGM;import;qa_ok_importar_found;true;14;16V4000M73, 16V4000M73L, 20V4000M93, 20V4000M93L;1401713, 1404882, 1408060, 1411238, 1501516, 1504723, 1507186, 1509674, 1701897, 1705637, 1709377, 1713122, 1802055, 1805714;227, 581, 936, 1290, 224, 710, 1055, 1392, 241, 637, 1033, 1429, 1352, 1732;"{""total_rows"":14,""count_ok_importar"":14,""count_ok_eliminar"":0,""count_pending"":0,""count_review_action"":0,""count_other"":0}";import;qa_ok_importar_found
5282000458;VENT LINE FOR COOLANT;;0.099 KGM;import;qa_ok_importar_found;true;16;12V4000M53, 16V4000M73, 16V4000M73L, 20V4000M93, 20V4000M93L;1201869, 1205008, 1402144, 1405313, 1408491, 1411669, 1501788, 1504995, 1507458, 1509946, 1702457, 1706197, 1709937, 1713681, 1802509, 1806168;238, 593, 270, 624, 979, 1333, 252, 738, 1083, 1419, 285, 681, 1077, 1473, 1394, 1774;"{""total_rows"":16,""count_ok_importar"":16,""count_ok_eliminar"":0,""count_pending"":0,""count_review_action"":0,""count_other"":0}";import;qa_ok_importar_found
5282000658;VENT LINE FOR COOLAN T;;0.048 KGM;import;qa_ok_importar_found;true;28;12V4000M53, 16V4000M73, 16V4000M73L, 20V4000M93, 20V4000M93L;1201861, 1201868, 1205000, 1205007, 1402135, 1402143, 1405304, 1405312, 1408482, 1408490, 1411660, 1411668, 1501772, 1504979, 1507442, 1509930, 1702445, 1702456, 1706185, 1706196, 1709925, 1709936, 1713669, 1713680, 1802497, 1802508, 1806156, 1806167;238, 593, 270, 624, 979, 1333, 252, 738, 1083, 1419, 285, 681, 1077, 1473, 1394, 1774;"{""total_rows"":28,""count_ok_importar"":28,""count_ok_eliminar"":0,""count_pending"":0,""count_review_action"":0,""count_other"":0}";import;qa_ok_importar_found
5285301983;MODULAR SYSTEM;;408 G;import;qa_ok_importar_found;true;3;12V4000M40A;1101440, 1101441, 1101442;360, 367, 390;"{""total_rows"":3,""count_ok_importar"":3,""count_ok_eliminar"":0,""count_pending"":0,""count_review_action"":0,""count_other"":0}";import;qa_ok_importar_found
5285301983/76;MODULAR SYSTEM NOT ADJUSTED;;0.403 KGM;import;qa_ok_importar_found;true;1;12V4000M40A;1102414;361;"{""total_rows"":1,""count_ok_importar"":1,""count_ok_eliminar"":0,""count_pending"":0,""count_review_action"":0,""count_other"":0}";import;qa_ok_importar_found
5285332102;HOUSING;nan;0.025 KGM;import;qa_ok_importar_found;true;16;12V4000M40A, 12V4000M70, 16V4000M61, 16V4000M73L, 16V4000M90;1101449, 1101450, 1904940, 1905302, 1301968, 1302439, 1302556, 1502207, 1503149, 1510781, 1511378, 1602500, 1602589, 1602799, 1602884, 1602914;320, 361, 718, 797, 329, 393, 405, 323, 475, 1557, 1672, 336, 357, 403, 418, 421;"{""total_rows"":16,""count_ok_importar"":16,""count_ok_eliminar"":0,""count_pending"":0,""count_review_action"":0,""count_other"":0}";import;qa_ok_importar_found
5285332602;HOUSING;;0.072 KGM;import;qa_ok_importar_found;true;3;12V4000M40A, 16V4000M61;1101451, 1101452, 1301974;320, 361, 329;"{""total_rows"":3,""count_ok_importar"":3,""count_ok_eliminar"":0,""count_pending"":0,""count_review_action"":0,""count_other"":0}";import;qa_ok_importar_found
5285350291;COVER FOR HOUSING;62,8X41,7X2;0.002 KGM;import;qa_ok_importar_found;true;3;12V4000M40A, 16V4000M61;1101453, 1101454, 1301971;320, 361, 329;"{""total_rows"":3,""count_ok_importar"":3,""count_ok_eliminar"":0,""count_pending"":0,""count_review_action"":0,""count_other"":0}";import;qa_ok_importar_found
5285350891;COVER;;0.04 KGM;import;qa_ok_importar_found;true;3;12V4000M40A, 16V4000M61;1101455, 1101456, 1301970;320, 361, 329;"{""total_rows"":3,""count_ok_importar"":3,""count_ok_eliminar"":0,""count_pending"":0,""count_review_action"":0,""count_other"":0}";import;qa_ok_importar_found
5289870035;PROFILE RUBBER;;0.588 KGM;import;qa_ok_importar_found;true;6;20V4000M93, 20V4000M93L;1700119, 1703865, 1707605, 1711345, 1800101, 1803673;32, 428, 824, 1220, 1133, 1506;"{""total_rows"":6,""count_ok_importar"":6,""count_ok_eliminar"":0,""count_pending"":0,""count_review_action"":0,""count_other"":0}";import;qa_ok_importar_found
5295300413;PLUG-IN BOARD;nan;50 G;import;qa_ok_importar_found;true;4;12V4000M70, 16V4000M61, 16V4000M73L;1905035, 1301902, 1502690, 1510917;744, 320, 388, 1585;"{""total_rows"":4,""count_ok_importar"":4,""count_ok_eliminar"":0,""count_pending"":0,""count_review_action"":0,""count_other"":0}";import;qa_ok_importar_found
5295300413/78;PLUG-IN CIRC.BOARD;nan;0.04 KGM;import;qa_ok_importar_found;true;4;12V4000M70, 16V4000M61, 16V4000M73L;1905040, 1301906, 1502694, 1510921;745, 321, 389, 1586;"{""total_rows"":4,""count_ok_importar"":4,""count_ok_eliminar"":0,""count_pending"":0,""count_review_action"":0,""count_other"":0}";import;qa_ok_importar_found
5295306812/76;PLUG-IN BOARD NOT ADJUSTED;;100 G MN;import;qa_ok_importar_found;true;2;12V4000M40A, 16V4000M61;1102415, 1301975;316, 330;"{""total_rows"":2,""count_ok_importar"":2,""count_ok_eliminar"":0,""count_pending"":0,""count_review_action"":0,""count_other"":0}";import;qa_ok_importar_found
5295306812/S0003;PLUG-IN BOARD;MPU27-01 MIT URLADER;32,600 G KF;import;qa_ok_importar_found;true;2;12V4000M40A, 16V4000M61;1102416, 1301960;315, 328;"{""total_rows"":2,""count_ok_importar"":2,""count_ok_eliminar"":0,""count_pending"":0,""count_review_action"":0,""count_other"":0}";import;qa_ok_importar_found
5295307212;PLUG-IN BOARD;;nan;import;qa_ok_importar_found;true;3;12V4000M70, 16V4000M73L, 16V4000M90;1905324, 1511398, 1602824;799, 1674, 405;"{""total_rows"":3,""count_ok_importar"":3,""count_ok_eliminar"":0,""count_pending"":0,""count_review_action"":0,""count_other"":0}";import;qa_ok_importar_found
5295308212/76;PLUG-IN BOARD NOT ADJUSTED;;108,500 G;import;qa_ok_importar_found;true;1;12V4000M40A;1102417;391;"{""total_rows"":1,""count_ok_importar"":1,""count_ok_eliminar"":0,""count_pending"":0,""count_review_action"":0,""count_other"":0}";import;qa_ok_importar_found
5295308212/S0001;PLUG-IN BOARD;MPU 23-03 /URL;50 G;import;qa_ok_importar_found;true;3;12V4000M40A;1102418, 1102419, 1102420;360, 367, 390;"{""total_rows"":3,""count_ok_importar"":3,""count_ok_eliminar"":0,""count_pending"":0,""count_review_action"":0,""count_other"":0}";import;qa_ok_importar_found
5295308612;PLUG-IN BOARD;BOB1-02;11 G;import;qa_ok_importar_found;true;2;12V4000M40A, 16V4000M61;1101460, 1301961;390, 328;"{""total_rows"":2,""count_ok_importar"":2,""count_ok_eliminar"":0,""count_pending"":0,""count_review_action"":0,""count_other"":0}";import;qa_ok_importar_found
5295308612/78;PLUG-IN CIRC.BOARD;;0.046 KGM;import;qa_ok_importar_found;true;2;12V4000M40A, 16V4000M61;1102421, 1301976;392, 331;"{""total_rows"":2,""count_ok_importar"":2,""count_ok_eliminar"":0,""count_pending"":0,""count_review_action"":0,""count_other"":0}";import;qa_ok_importar_found
5295308712;PLUG-IN BOARD BOB 2-02;;200.000 g;import;qa_ok_importar_found;true;6;16V4000M61, 16V4000M73L, 16V4000M90;1302558, 1503151, 1511380, 1602567, 1602569, 1602801;405, 475, 1672, 357, 403;"{""total_rows"":6,""count_ok_importar"":6,""count_ok_eliminar"":0,""count_pending"":0,""count_review_action"":0,""count_other"":0}";import;qa_ok_importar_found
5295308812;PLUG-IN BOARD;BIB 1-02;0.025 KGM;import;qa_ok_importar_found;true;17;12V4000M40A, 12V4000M70, 16V4000M61, 16V4000M73L, 16V4000M90;1101461, 1101462, 1101463, 1904943, 1905307, 1905308, 1905309, 1302442, 1302561, 1502215, 1503154, 1510789, 1511383, 1602503, 1602804, 1602805, 1602806;360, 367, 390, 718, 797, 393, 405, 324, 475, 1558, 1672, 336, 403;"{""total_rows"":17,""count_ok_importar"":17,""count_ok_eliminar"":0,""count_pending"":0,""count_review_action"":0,""count_other"":0}";import;qa_ok_importar_found
5295309312;PLUG-IN BOARD;AIB 1-02;30 G;import;qa_ok_importar_found;true;10;12V4000M40A, 16V4000M61, 16V4000M73L, 16V4000M90;1101464, 1301874, 1302444, 1302563, 1502217, 1503155, 1510791, 1511384, 1602505, 1602807;367, 314, 393, 405, 324, 475, 1558, 1672, 336, 403;"{""total_rows"":10,""count_ok_importar"":10,""count_ok_eliminar"":0,""count_pending"":0,""count_review_action"":0,""count_other"":0}";import;qa_ok_importar_found
5295309312/78;PLUG-IN BOARD;;93,800 G MN;import;qa_ok_importar_found;true;5;12V4000M40A, 16V4000M61, 16V4000M73L, 16V4000M90;1102422, 1302458, 1502236, 1510810, 1602522;368, 395, 329, 1563, 341;"{""total_rows"":5,""count_ok_importar"":5,""count_ok_eliminar"":0,""count_pending"":0,""count_review_action"":0,""count_other"":0}";import;qa_ok_importar_found
5315460443;BRACKET H:41 S2000/S 4000;;0.064 KGM;import;qa_ok_importar_found;true;26;12V4000M53, 16V4000M73, 16V4000M73L, 20V4000M93, 20V4000M93L;1202569, 1205729, 1403117, 1406286, 1409464, 1412667, 1502584, 1505621, 1508114, 1510603, 1703421, 1703483, 1703641, 1707161, 1707223, 1707381, 1710901, 1710963, 1711121, 1714641, 1714703, 1714861, 1803244, 1803275, 1806926, 1806957;306, 669, 355, 709, 1064, 1418, 363, 825, 1168, 1503, 368, 370, 391, 764, 766, 787, 1160, 1162, 1183, 1556, 1558, 1579, 1459, 1460, 1843, 1844;"{""total_rows"":26,""count_ok_importar"":26,""count_ok_eliminar"":0,""count_pending"":0,""count_review_action"":0,""count_other"":0}";import;qa_ok_importar_found
5319971132;PLUG;;0.035 kg M18X1.5;import;qa_ok_importar_found;true;2;20V4000M93L;1801087, 1804693;1254, 1631;"{""total_rows"":2,""count_ok_importar"":2,""count_ok_eliminar"":0,""count_pending"":0,""count_review_action"":0,""count_other"":0}";import;qa_ok_importar_found
5350980050;BUSHING;;187.600 g;import;qa_ok_importar_found;true;21;12V4000M53, 12V4000M70, 16V4000M61, 16V4000M73, 16V4000M73L, 16V4000M90, 20V4000M93, 20V4000M93L;1201082, 1204221, 1900962, 1903404, 1300818, 1303729, 1401072, 1404241, 1407410, 1410588, 1500879, 1504086, 1506549, 1509033, 1600967, 1701204, 1704944, 1708684, 1712433, 1801167, 1804773;151, 506, 154, 493, 142, 646, 162, 516, 870, 1225, 149, 635, 980, 1321, 146, 170, 566, 962, 1358, 1267, 1644;"{""total_rows"":21,""count_ok_importar"":21,""count_ok_eliminar"":0,""count_pending"":0,""count_review_action"":0,""count_other"":0}";import;qa_ok_importar_found
5360520080;GASKET;nan;0.006 KGM;import;qa_ok_importar_found;true;22;12V4000M40A, 12V4000M53, 12V4000M70, 16V4000M61, 16V4000M73, 16V4000M73L, 16V4000M90, 20V4000M93, 20V4000M93L;1101472, 1200280, 1203424, 1900185, 1902625, 1300176, 1303098, 1400300, 1403468, 1406637, 1409815, 1500207, 1503413, 1505876, 1508363, 1600195, 1700288, 1704033, 1707773, 1711513, 1800283, 1803857;36, 47, 402, 48, 387, 35, 542, 52, 406, 760, 1115, 40, 525, 870, 1213, 42, 49, 445, 841, 1237, 1150, 1523;"{""total_rows"":22,""count_ok_importar"":22,""count_ok_eliminar"":0,""count_pending"":0,""count_review_action"":0,""count_other"":0}";import;qa_ok_importar_found
5360980118;ACTUATING CYLINDER BR2000 1;nan;nan;import;qa_ok_importar_found;true;5;12V4000M70, 16V4000M61, 16V4000M90;1900981, 1903423, 1300834, 1303745, 1600985;157, 496, 145, 649, 149;"{""total_rows"":5,""count_ok_importar"":5,""count_ok_eliminar"":0,""count_pending"":0,""count_review_action"":0,""count_other"":0}";import;qa_ok_importar_found
5360980218;CYLINDER ACTUATING;nan;0.347 KGM;import;qa_ok_importar_found;true;5;12V4000M70, 16V4000M61, 16V4000M90;1900954, 1903396, 1300809, 1303720, 1600958;154, 493, 142, 646, 146;"{""total_rows"":5,""count_ok_importar"":5,""count_ok_eliminar"":0,""count_pending"":0,""count_review_action"":0,""count_other"":0}";import;qa_ok_importar_found
5361400046;ROD ASM;;0.06 KGM;import;qa_ok_importar_found;true;6;12V4000M40A, 12V4000M70, 16V4000M61, 16V4000M90;1101473, 1901261, 1903703, 1300953, 1303864, 1601162;160, 190, 529, 163, 667, 170;"{""total_rows"":6,""count_ok_importar"":6,""count_ok_eliminar"":0,""count_pending"":0,""count_review_action"":0,""count_other"":0}";import;qa_ok_importar_found
5361531040;RETAINER;80 X 4,0 X 20;0.052 KGM;import;qa_ok_importar_found;true;26;12V4000M40A, 12V4000M70, 16V4000M61, 16V4000M73, 16V4000M73L, 16V4000M90, 20V4000M93, 20V4000M93L;1101474, 1101475, 1902316, 1902326, 1904703, 1904713, 1301989, 1302281, 1304760, 1305052, 1403025, 1406194, 1409372, 1412575, 1502482, 1505519, 1508012, 1510502, 1602465, 1602474, 1703568, 1707308, 1711048, 1714788, 1803263, 1806945;342, 343, 330, 331, 667, 668, 333, 359, 802, 828, 344, 698, 1053, 1407, 352, 814, 1157, 1492, 380, 776, 1172, 1568, 1459, 1843;"{""total_rows"":26,""count_ok_importar"":26,""count_ok_eliminar"":0,""count_pending"":0,""count_review_action"":0,""count_other"":0}";import;qa_ok_importar_found
5361840156;PLUG;;0.061 KGM;import;qa_ok_importar_found;true;8;12V4000M40A, 12V4000M53, 12V4000M70, 16V4000M61, 16V4000M90;1101476, 1201394, 1204533, 1901456, 1903843, 1301207, 1304120, 1601335;200, 194, 549, 214, 551, 197, 699, 192;"{""total_rows"":8,""count_ok_importar"":8,""count_ok_eliminar"":0,""count_pending"":0,""count_review_action"":0,""count_other"":0}";import;qa_ok_importar_found
5369910120;STUD BALL;;0.057 KGM;import;qa_ok_importar_found;true;8;12V4000M40A, 12V4000M53, 12V4000M70, 16V4000M61, 16V4000M90;1101477, 1201393, 1204532, 1901455, 1903842, 1301206, 1304119, 1601334;200, 194, 549, 214, 551, 197, 699, 192;"{""total_rows"":8,""count_ok_importar"":8,""count_ok_eliminar"":0,""count_pending"":0,""count_review_action"":0,""count_other"":0}";import;qa_ok_importar_found
005401303000;BALL;3G20;0.001 KGM;import;qa_ok_importar_found;true;6;12V4000M40A, 12V4000M70, 16V4000M61, 16V4000M90;1101481, 1900807, 1903249, 1300693, 1303604, 1600810;124, 133, 472, 119, 623, 131;"{""total_rows"":6,""count_ok_importar"":6,""count_ok_eliminar"":0,""count_pending"":0,""count_review_action"":0,""count_other"":0}";import;qa_ok_importar_found
005401304000;BALL;4G20;0.001 KGM;import;qa_ok_importar_found;true;16;12V4000M53, 16V4000M73, 16V4000M73L, 20V4000M93, 20V4000M93L;1200915, 1204055, 1400930, 1404099, 1407268, 1410446, 1500740, 1503946, 1506409, 1508896, 1700925, 1704671, 1708411, 1712156, 1800881, 1804487;131, 486, 143, 497, 851, 1206, 129, 614, 959, 1301, 539, 935, 1331, 1241, 1618;"{""total_rows"":16,""count_ok_importar"":16,""count_ok_eliminar"":0,""count_pending"":0,""count_review_action"":0,""count_other"":0}";import;qa_ok_importar_found
5410100080;INSERT;;120.000;import;qa_ok_importar_found;true;4;12V4000M40A, 16V4000M61, 16V4000M90;1101482, 1300160, 1303082, 1600180;32, 31, 538, 38;"{""total_rows"":4,""count_ok_importar"":4,""count_ok_eliminar"":0,""count_pending"":0,""count_review_action"":0,""count_other"":0}";import;qa_ok_importar_found
5410100163;OIL SEPARATOR;;0.227 KGM;import;qa_ok_importar_found;true;14;16V4000M73, 16V4000M73L, 20V4000M93, 20V4000M93L;1400287, 1403455, 1406624, 1409802, 1500191, 1503397, 1505860, 1508347, 1700278, 1704022, 1707762, 1711502, 1800273, 1803847;46, 400, 754, 1109, 34, 519, 864, 1207, 43, 439, 835, 1231, 1145, 1518;"{""total_rows"":14,""count_ok_importar"":14,""count_ok_eliminar"":0,""count_pending"":0,""count_review_action"":0,""count_other"":0}";import;qa_ok_importar_found
5410180233;DIAPHRAGM F OIL SEPARATOR;nan;0.019 KGM;import;qa_ok_importar_found;true;20;12V4000M40A, 12V4000M70, 16V4000M61, 16V4000M73, 16V4000M73L, 16V4000M90, 20V4000M93, 20V4000M93L;1101483, 1900170, 1902610, 1300162, 1303084, 1400285, 1403453, 1406622, 1409800, 1500189, 1503395, 1505858, 1508345, 1600182, 1700275, 1704019, 1707759, 1711499, 1800271, 1803845;32, 44, 383, 31, 538, 46, 400, 754, 1109, 34, 519, 864, 1207, 38, 43, 439, 835, 1231, 1145, 1518;"{""total_rows"":20,""count_ok_importar"":20,""count_ok_eliminar"":0,""count_pending"":0,""count_review_action"":0,""count_other"":0}";import;qa_ok_importar_found
5500780446;ANGLE;;0.031 KGM;import;qa_ok_importar_found;true;6;20V4000M93, 20V4000M93L;1700235, 1703979, 1707719, 1711459, 1800232, 1803804;41, 437, 833, 1229, 1143, 1516;"{""total_rows"":6,""count_ok_importar"":6,""count_ok_eliminar"":0,""count_pending"":0,""count_review_action"":0,""count_other"":0}";import;qa_ok_importar_found
5501871180;GASKET;;0.001 KGM;import;qa_ok_importar_found;true;13;12V4000M40A, 12V4000M53, 12V4000M70, 16V4000M61, 16V4000M90;1101487, 1201607, 1201642, 1204746, 1204781, 1901540, 1901550, 1903927, 1903937, 1301309, 1304222, 1601425, 1601437;213, 216, 571, 227, 564, 210, 712, 205;"{""total_rows"":13,""count_ok_importar"":13,""count_ok_eliminar"":0,""count_pending"":0,""count_review_action"":0,""count_other"":0}";import;qa_ok_importar_found
5501871280;GASKET;;0.001 KGM;import;qa_ok_importar_found;true;12;12V4000M53, 16V4000M73, 20V4000M93, 20V4000M93L;1200009, 1203160, 1400033, 1403205, 1406374, 1409552, 1700026, 1703771, 1707511, 1711251, 1800029, 1803602;22, 377, 26, 380, 734, 1089, 23, 419, 815, 1211, 1125, 1498;"{""total_rows"":12,""count_ok_importar"":12,""count_ok_eliminar"":0,""count_pending"":0,""count_review_action"":0,""count_other"":0}";import;qa_ok_importar_found
5502030043;ANGLE;H023;0.035 KGM;import;qa_ok_importar_found;true;39;12V4000M53, 16V4000M61, 16V4000M73, 16V4000M73L, 16V4000M90, 20V4000M93, 20V4000M93L;1200657, 1202488, 1203797, 1205648, 1301484, 1304397, 1401942, 1405111, 1408289, 1411470, 1501706, 1504913, 1507376, 1509864, 1601623, 1702469, 1702591, 1702658, 1703435, 1706209, 1706331, 1706398, 1707175, 1709949, 1710071, 1710138, 1710915, 1713693, 1713815, 1713882, 1714655, 1802409, 1802521, 1802643, 1802710, 1806068, 1806180, 1806302, 1806369;108, 305, 463, 668, 232, 734, 252, 606, 961, 1315, 248, 1079, 1415, 222, 285, 287, 288, 369, 681, 683, 684, 765, 1077, 1080, 1161, 1473, 1475, 1476, 1557, 1387, 1394, 1396, 1397, 1767, 1774, 1776, 1777;"{""total_rows"":39,""count_ok_importar"":39,""count_ok_eliminar"":0,""count_pending"":0,""count_review_action"":0,""count_other"":0}";import;qa_ok_importar_found
5502030343;BRACKET;;52 G;import;qa_ok_importar_found;true;10;12V4000M53, 16V4000M73, 16V4000M73L;1200224, 1203367, 1400228, 1403397, 1406566, 1409744, 1500145, 1503351, 1505814, 1508301;41, 396, 44, 398, 752, 1107, 32, 517, 862, 1205;"{""total_rows"":10,""count_ok_importar"":10,""count_ok_eliminar"":0,""count_pending"":0,""count_review_action"":0,""count_other"":0}";import;qa_ok_importar_found
5502034640;BRACKET L H:25;;0.033 KGM;import;qa_ok_importar_found;true;24;12V4000M40A, 12V4000M70, 16V4000M61, 16V4000M73, 16V4000M73L, 16V4000M90, 20V4000M93L;1101488, 1101489, 1901708, 1901728, 1904095, 1904115, 1301433, 1302164, 1304346, 1304935, 1402978, 1406147, 1409325, 1412528, 1502429, 1505466, 1507959, 1510449, 1601528, 1601548, 1602308, 1602312, 1803318, 1807000;257, 332, 251, 588, 231, 349, 733, 818, 336, 690, 1045, 1399, 345, 807, 1150, 1485, 220, 318, 1462, 1846;"{""total_rows"":24,""count_ok_importar"":24,""count_ok_eliminar"":0,""count_pending"":0,""count_review_action"":0,""count_other"":0}";import;qa_ok_importar_found
5509901540;WASHER;;0.005 KGM;import;qa_ok_importar_found;true;10;16V4000M73, 20V4000M93, 20V4000M93L;1400040, 1403212, 1406381, 1409559, 1700034, 1703778, 1707518, 1711258, 1800036, 1803609;26, 380, 734, 1089, 23, 419, 815, 1211, 1125, 1498;"{""total_rows"":10,""count_ok_importar"":10,""count_ok_eliminar"":0,""count_pending"":0,""count_review_action"":0,""count_other"":0}";import;qa_ok_importar_found
5509970067;FLANGE COVER;;0.911 KGM;import;qa_ok_importar_found;true;4;12V4000M40A, 16V4000M61, 16V4000M90;1101490, 1301754, 1304666, 1601941;287, 275, 774, 263;"{""total_rows"":4,""count_ok_importar"":4,""count_ok_eliminar"":0,""count_pending"":0,""count_review_action"":0,""count_other"":0}";import;qa_ok_importar_found
5511530050;SPACER BUSHING;10 X 18 X 10;0.01 KGM;import;qa_ok_importar_found;true;74;12V4000M40A, 12V4000M53, 12V4000M70, 16V4000M61, 16V4000M73, 16V4000M73L, 16V4000M90, 20V4000M93, 20V4000M93L;1101491, 1101492, 1101493, 1200133, 1200143, 1200148, 1201620, 1201650, 1202473, 1203275, 1203285, 1203290, 1204759, 1204789, 1205633, 1900104, 1900120, 1900130, 1902544, 1902560, 1902570, 1300103, 1300126, 1301448, 1302203, 1303025, 1303048, 1304361, 1304974, 1400141, 1400152, 1400157, 1403312, 1403323, 1403328, 1406481, 1406492, 1406497, 1409659, 1409670, 1409675, 1500098, 1500106, 1503304, 1503312, 1505767, 1505775, 1508254, 1508262, 1600111, 1600127, 1600138, 1601601, 1602374, 1700141, 1700152, 1700157, 1703886, 1703897, 1703902, 1707626, 1707637, 1707642, 1711366, 1711377, 1711382, 1800129, 1800150, 1800155, 1802334, 1803701, 1803721, 1803726, 1805993;26, 27, 333, 35, 36, 216, 217, 304, 390, 391, 571, 572, 667, 37, 38, 39, 376, 377, 378, 25, 231, 350, 532, 533, 733, 819, 392, 393, 746, 747, 1101, 1102, 28, 512, 513, 857, 858, 1200, 1201, 30, 31, 32, 221, 319, 432, 433, 828, 829, 1224, 1225, 1138, 1139, 1382, 1511, 1512, 1762;"{""total_rows"":74,""count_ok_importar"":74,""count_ok_eliminar"":0,""count_pending"":0,""count_review_action"":0,""count_other"":0}";import;qa_ok_importar_found
5512030053;SPACER TUBE;;0.054 KGM;import;qa_ok_importar_found;true;6;20V4000M93, 20V4000M93L;1700184, 1703928, 1707668, 1711408, 1800181, 1803752;40, 436, 832, 1228, 1142, 1515;"{""total_rows"":6,""count_ok_importar"":6,""count_ok_eliminar"":0,""count_pending"":0,""count_review_action"":0,""count_other"":0}";import;qa_ok_importar_found
5530720338;BRACKET FLAT W/45 DE G CHAMF H:64;;0.071 KGM;import;qa_ok_importar_found;true;2;12V4000M53;1202671, 1205831;319, 682;"{""total_rows"":2,""count_ok_importar"":2,""count_ok_eliminar"":0,""count_pending"":0,""count_review_action"":0,""count_other"":0}";import;qa_ok_importar_found
5550540174;PIN;;45 G 14X38;import;qa_ok_importar_found;true;18;12V4000M40A, 16V4000M61, 16V4000M73L, 16V4000M90, 20V4000M93L;1101497, 1101498, 1300406, 1303328, 1500392, 1500398, 1503598, 1503604, 1506061, 1506067, 1508549, 1508555, 1600429, 1600434, 1800481, 1800486, 1804054, 1804059;78, 79, 73, 580, 563, 564, 908, 909, 1251, 1252, 84, 85, 1189, 1190, 1562, 1563;"{""total_rows"":18,""count_ok_importar"":18,""count_ok_eliminar"":0,""count_pending"":0,""count_review_action"":0,""count_other"":0}";import;qa_ok_importar_found
5550781241;BRACKET;;0.103 KGM;import;qa_ok_importar_found;true;12;20V4000M93, 20V4000M93L;1702614, 1702622, 1706354, 1706362, 1710094, 1710102, 1713838, 1713846, 1802666, 1802674, 1806325, 1806333;288, 684, 1080, 1476, 1397, 1777;"{""total_rows"":12,""count_ok_importar"":12,""count_ok_eliminar"":0,""count_pending"":0,""count_review_action"":0,""count_other"":0}";import;qa_ok_importar_found
5552031780;GASKET;;0.01 KGM;import;qa_ok_importar_found;true;10;12V4000M40A, 12V4000M53, 16V4000M61, 16V4000M73, 16V4000M90;1101501, 1202311, 1205452, 1301753, 1304665, 1402529, 1405698, 1408876, 1412079, 1601940;287, 278, 635, 275, 774, 300, 654, 1009, 1363, 263;"{""total_rows"":10,""count_ok_importar"":10,""count_ok_eliminar"":0,""count_pending"":0,""count_review_action"":0,""count_other"":0}";import;qa_ok_importar_found
5552032380;GASKET;;0.005 KGM;import;qa_ok_importar_found;true;1;12V4000M40A;1101502;238;"{""total_rows"":1,""count_ok_importar"":1,""count_ok_eliminar"":0,""count_pending"":0,""count_review_action"":0,""count_other"":0}";import;qa_ok_importar_found
5552032880;GASKET;nan;0.016 KGM;import;qa_ok_importar_found;true;8;12V4000M40A, 12V4000M53, 12V4000M70, 16V4000M61, 16V4000M90;1101504, 1201795, 1204934, 1902033, 1904420, 1301657, 1304569, 1601844;279, 234, 589, 616, 260, 760, 250;"{""total_rows"":8,""count_ok_importar"":8,""count_ok_eliminar"":0,""count_pending"":0,""count_review_action"":0,""count_other"":0}";import;qa_ok_importar_found
5559920101;BUSHING;;0.017 KGM;import;qa_ok_importar_found;true;26;12V4000M53, 16V4000M73, 16V4000M73L;1201863, 1201871, 1201877, 1201910, 1202014, 1205002, 1205010, 1205016, 1205049, 1205153, 1402138, 1402146, 1402266, 1405307, 1405315, 1405435, 1408485, 1408493, 1408613, 1411663, 1411671, 1411791, 1501784, 1504991, 1507454, 1509942;238, 239, 241, 593, 594, 596, 270, 272, 624, 626, 979, 981, 1333, 1335, 252, 738, 1083, 1419;"{""total_rows"":26,""count_ok_importar"":26,""count_ok_eliminar"":0,""count_pending"":0,""count_review_action"":0,""count_other"":0}";import;qa_ok_importar_found
5564910150;BUSHING;8,5 X 20 X 22;0.044 KGM;import;qa_ok_importar_found;true;10;12V4000M53, 16V4000M73, 16V4000M73L;1201665, 1204804, 1401826, 1404995, 1408173, 1411352, 1501246, 1504453, 1506916, 1509402;217, 572, 235, 589, 944, 1298, 196, 682, 1027, 1365;"{""total_rows"":10,""count_ok_importar"":10,""count_ok_eliminar"":0,""count_pending"":0,""count_review_action"":0,""count_other"":0}";import;qa_ok_importar_found
5569970574;FITTING TEE;DN 6 / M14X1,5;48.000 g DN 6 / M14X1,5;import;qa_ok_importar_found;true;53;12V4000M40A, 12V4000M53, 12V4000M70, 16V4000M61, 16V4000M73, 16V4000M73L, 16V4000M90, 20V4000M93, 20V4000M93L;1101507, 1201858, 1201860, 1201867, 1204997, 1204999, 1205006, 1901715, 1901724, 1901783, 1904102, 1904111, 1904170, 1301440, 1304353, 1402142, 1402157, 1402159, 1405311, 1405326, 1405328, 1408489, 1408504, 1408506, 1411667, 1411682, 1411684, 1501817, 1505024, 1507487, 1509975, 1601535, 1601544, 1601603, 1601612, 1702455, 1702496, 1702498, 1706195, 1706236, 1706238, 1709935, 1709976, 1709978, 1713679, 1713720, 1713722, 1802507, 1802548, 1802550, 1806166, 1806207, 1806209;257, 238, 593, 251, 252, 588, 589, 231, 733, 270, 624, 979, 1333, 738, 1083, 1419, 220, 221, 222, 285, 681, 1077, 1473, 1394, 1774;"{""total_rows"":53,""count_ok_importar"":53,""count_ok_eliminar"":0,""count_pending"":0,""count_review_action"":0,""count_other"":0}";import;qa_ok_importar_found
5569970674;FITTING TEE;DN 8 / M16X1,5;0.062 KGM;import;qa_ok_importar_found;true;69;12V4000M53, 12V4000M70, 16V4000M61, 16V4000M73, 16V4000M73L, 16V4000M90, 20V4000M93, 20V4000M93L;1200235, 1201576, 1203378, 1204715, 1901154, 1903596, 1300891, 1303802, 1400236, 1401492, 1402294, 1403405, 1404661, 1405463, 1406574, 1407839, 1408641, 1409752, 1411017, 1411820, 1500147, 1501292, 1501844, 1503353, 1504499, 1505051, 1505816, 1506962, 1507514, 1508303, 1509448, 1510002, 1601065, 1700191, 1701367, 1701408, 1701436, 1702489, 1702529, 1703935, 1705107, 1705148, 1705176, 1706229, 1706269, 1707675, 1708847, 1708888, 1708916, 1709969, 1710009, 1711415, 1712594, 1712635, 1712663, 1713713, 1713753, 1800188, 1801333, 1801374, 1801402, 1802540, 1802581, 1803759, 1804939, 1804980, 1805008, 1806199, 1806240;41, 214, 396, 569, 178, 517, 154, 658, 44, 205, 273, 398, 559, 627, 752, 914, 982, 1107, 1269, 1336, 32, 199, 253, 685, 739, 862, 1030, 1084, 1205, 1368, 1420, 162, 40, 189, 190, 285, 286, 436, 585, 586, 681, 682, 832, 981, 1077, 1078, 1228, 1377, 1378, 1473, 1474, 1142, 1286, 1287, 1394, 1395, 1515, 1663, 1664, 1774, 1775;"{""total_rows"":69,""count_ok_importar"":69,""count_ok_eliminar"":0,""count_pending"":0,""count_review_action"":0,""count_other"":0}";import;qa_ok_importar_found
5569970774;FITTING TEE;DN 10 / M18X1,5;0.076 KGM;import;qa_ok_importar_found;true;9;12V4000M40A, 12V4000M70, 16V4000M61, 16V4000M90;1101508, 1901136, 1901143, 1903578, 1903585, 1300877, 1303788, 1601046, 1601053;152, 178, 517, 154, 658, 162;"{""total_rows"":9,""count_ok_importar"":9,""count_ok_eliminar"":0,""count_pending"":0,""count_review_action"":0,""count_other"":0}";import;qa_ok_importar_found
5569970974;FITTING TEE;DN 20 / M30X1,5;255.000 g DN 20 / M30X1,5;import;qa_ok_importar_found;true;22;12V4000M40A, 12V4000M53, 12V4000M70, 16V4000M61, 16V4000M73, 16V4000M73L, 16V4000M90, 20V4000M93, 20V4000M93L;1101509, 1202124, 1205263, 1901968, 1904355, 1301590, 1304502, 1402036, 1405205, 1408383, 1411564, 1501621, 1504828, 1507291, 1509777, 1601518, 1702287, 1706027, 1709767, 1713511, 1802345, 1806004;252, 251, 606, 265, 602, 244, 745, 255, 609, 964, 1318, 237, 723, 1068, 1404, 215, 272, 668, 1064, 1460, 1382, 1762;"{""total_rows"":22,""count_ok_importar"":22,""count_ok_eliminar"":0,""count_pending"":0,""count_review_action"":0,""count_other"":0}";import;qa_ok_importar_found
5569971074;TEE;DN 25 / M38X1,5;0.464 KGM;import;qa_ok_importar_found;true;1;12V4000M40A;1101510;243;"{""total_rows"":1,""count_ok_importar"":1,""count_ok_eliminar"":0,""count_pending"":0,""count_review_action"":0,""count_other"":0}";import;qa_ok_importar_found
5590780341;STRAP COOLANT DRAIN LINE;;0.06 KGM;import;qa_ok_importar_found;true;6;12V4000M40A, 12V4000M70, 16V4000M61, 16V4000M90;1101513, 1901957, 1904344, 1301581, 1304493, 1601507;252, 265, 602, 244, 745, 215;"{""total_rows"":6,""count_ok_importar"":6,""count_ok_eliminar"":0,""count_pending"":0,""count_review_action"":0,""count_other"":0}";import;qa_ok_importar_found
5590981750;FLANGE;;0.19 KGM;import;qa_ok_importar_found;true;21;12V4000M53, 12V4000M70, 16V4000M61, 16V4000M73, 16V4000M73L, 16V4000M90, 20V4000M93, 20V4000M93L;1201090, 1204229, 1900969, 1903411, 1300824, 1303735, 1401087, 1404256, 1407425, 1410603, 1500894, 1504101, 1506564, 1509048, 1600973, 1701220, 1704960, 1708700, 1712449, 1801182, 1804788;151, 506, 154, 493, 142, 646, 162, 516, 870, 1225, 149, 635, 980, 1321, 146, 170, 566, 962, 1358, 1267, 1644;"{""total_rows"":21,""count_ok_importar"":21,""count_ok_eliminar"":0,""count_pending"":0,""count_review_action"":0,""count_other"":0}";import;qa_ok_importar_found
5592032580;GASKET;;0.002 KGM;import;qa_ok_importar_found;true;1;12V4000M40A;1101517;135;"{""total_rows"":1,""count_ok_importar"":1,""count_ok_eliminar"":0,""count_pending"":0,""count_review_action"":0,""count_other"":0}";import;qa_ok_importar_found
5602030280;GASKET;;0.003 KGM;import;qa_ok_importar_found;true;52;12V4000M40A, 12V4000M53, 12V4000M70, 16V4000M61, 16V4000M73, 16V4000M73L, 16V4000M90, 20V4000M93, 20V4000M93L;1101518, 1200082, 1200085, 1203225, 1203228, 1900078, 1902518, 1300080, 1301172, 1303002, 1304085, 1400085, 1400088, 1401584, 1403257, 1403260, 1404753, 1406426, 1406429, 1407931, 1409604, 1409607, 1411109, 1500053, 1501352, 1503259, 1504559, 1505722, 1507022, 1508209, 1509508, 1600076, 1600085, 1601297, 1700094, 1700097, 1701760, 1703840, 1703843, 1705500, 1707580, 1707583, 1709240, 1711320, 1711323, 1712985, 1800111, 1800114, 1801918, 1803683, 1803686, 1805577;22, 30, 385, 33, 372, 21, 192, 528, 694, 32, 216, 386, 570, 740, 925, 1095, 1280, 207, 506, 693, 851, 1038, 1194, 1376, 24, 26, 187, 31, 233, 427, 629, 823, 1025, 1219, 1421, 1134, 1343, 1507, 1723;"{""total_rows"":52,""count_ok_importar"":52,""count_ok_eliminar"":0,""count_pending"":0,""count_review_action"":0,""count_other"":0}";import;qa_ok_importar_found
5612031880;GASKET;;0.017 KGM;import;qa_ok_importar_found;true;6;20V4000M93, 20V4000M93L;1702934, 1706674, 1710414, 1714157, 1802999, 1806657;318, 714, 1110, 1506, 1427, 1807;"{""total_rows"":6,""count_ok_importar"":6,""count_ok_eliminar"":0,""count_pending"":0,""count_review_action"":0,""count_other"":0}";import;qa_ok_importar_found
5612032780;GASKET;;0.007 KGM;import;qa_ok_importar_found;true;6;20V4000M93, 20V4000M93L;1702938, 1706678, 1710418, 1714161, 1803003, 1806661;318, 714, 1110, 1506, 1427, 1807;"{""total_rows"":6,""count_ok_importar"":6,""count_ok_eliminar"":0,""count_pending"":0,""count_review_action"":0,""count_other"":0}";import;qa_ok_importar_found
5621531140;BRACKET L H:24 S4000 S2000;;0.023 KGM;import;qa_ok_importar_found;true;12;12V4000M40A, 12V4000M53, 12V4000M70, 16V4000M61, 16V4000M90, 20V4000M93;1101519, 1202621, 1205781, 1902258, 1904645, 1302224, 1304995, 1602411, 1703522, 1707262, 1711002, 1714742;335, 311, 674, 323, 660, 352, 821, 373, 769, 1165, 1561;"{""total_rows"":12,""count_ok_importar"":12,""count_ok_eliminar"":0,""count_pending"":0,""count_review_action"":0,""count_other"":0}";import;qa_ok_importar_found
5621532340;BRACKET H:77;;0.038 KGM;import;qa_ok_importar_found;true;21;12V4000M40A, 12V4000M53, 12V4000M70, 16V4000M61, 16V4000M73, 16V4000M73L, 20V4000M93, 20V4000M93L;1101520, 1201707, 1204846, 1901606, 1903993, 1301335, 1304248, 1401869, 1405038, 1408216, 1411396, 1501553, 1504760, 1507223, 1509711, 1702181, 1705921, 1709661, 1713405, 1802190, 1805849;225, 223, 578, 236, 573, 214, 716, 242, 596, 951, 1305, 229, 715, 1060, 1397, 259, 655, 1051, 1447, 1364, 1744;"{""total_rows"":21,""count_ok_importar"":21,""count_ok_eliminar"":0,""count_pending"":0,""count_review_action"":0,""count_other"":0}";import;qa_ok_importar_found
5800780180;GASKET;nan;0.006 KGM;import;qa_ok_importar_found;true;2;12V4000M70;1900683, 1903125;118, 457;"{""total_rows"":2,""count_ok_importar"":2,""count_ok_eliminar"":0,""count_pending"":0,""count_review_action"":0,""count_other"":0}";import;qa_ok_importar_found
5801750180;GASKET;;0.012 KGM;import;qa_ok_importar_found;true;6;12V4000M40A, 12V4000M70, 16V4000M61, 16V4000M90;1101526, 1900098, 1902538, 1300097, 1303019, 1600105;26, 37, 376, 25, 532, 30;"{""total_rows"":6,""count_ok_importar"":6,""count_ok_eliminar"":0,""count_pending"":0,""count_review_action"":0,""count_other"":0}";import;qa_ok_importar_found
5802000039;SUPPORT;;5.400 kg SB;import;qa_ok_importar_found;true;6;20V4000M93, 20V4000M93L;1702921, 1706661, 1710401, 1714144, 1802986, 1806644;318, 714, 1110, 1506, 1427, 1807;"{""total_rows"":6,""count_ok_importar"":6,""count_ok_eliminar"":0,""count_pending"":0,""count_review_action"":0,""count_other"":0}";import;qa_ok_importar_found
5802035580;GASKET;;0.046 KGM;import;qa_ok_importar_found;true;2;12V4000M53;1202097, 1205236;250, 605;"{""total_rows"":2,""count_ok_importar"":2,""count_ok_eliminar"":0,""count_pending"":0,""count_review_action"":0,""count_other"":0}";import;qa_ok_importar_found
5840700280;TUBE VENT W/BANJO FT G 8MM X 10MM X 90;nan;0.066 KGM;import;qa_ok_importar_found;true;34;12V4000M40A, 12V4000M70, 16V4000M61, 16V4000M73, 16V4000M73L, 16V4000M90, 20V4000M93, 20V4000M93L;1101530, 1900567, 1903008, 1300535, 1303458, 1400760, 1401616, 1403929, 1404785, 1407098, 1407963, 1410276, 1411141, 1500601, 1501420, 1503807, 1504627, 1506270, 1507090, 1508758, 1509577, 1600625, 1700757, 1701791, 1704503, 1705531, 1708243, 1709271, 1711984, 1713016, 1800724, 1801949, 1804330, 1805608;105, 114, 453, 96, 603, 125, 219, 479, 573, 833, 928, 1188, 1283, 113, 217, 598, 703, 943, 1048, 1286, 1385, 120, 236, 521, 632, 917, 1028, 1313, 1424, 1224, 1346, 1601, 1726;"{""total_rows"":34,""count_ok_importar"":34,""count_ok_eliminar"":0,""count_pending"":0,""count_review_action"":0,""count_other"":0}";import;qa_ok_importar_found
5840983726;BRACKET;;52.800 g;import;qa_ok_importar_found;true;14;16V4000M73, 16V4000M73L, 20V4000M93, 20V4000M93L;1400813, 1403982, 1407151, 1410329, 1500633, 1503839, 1506302, 1508790, 1700798, 1704544, 1708284, 1712027, 1800773, 1804379;132, 486, 840, 1195, 117, 602, 947, 1290, 131, 527, 923, 1319, 1231, 1608;"{""total_rows"":14,""count_ok_importar"":14,""count_ok_eliminar"":0,""count_pending"":0,""count_review_action"":0,""count_other"":0}";import;qa_ok_importar_found
5901751641;BRACKET L H:22;;0.032 KGM;import;qa_ok_importar_found;true;2;12V4000M53;1202682, 1205842;320, 683;"{""total_rows"":2,""count_ok_importar"":2,""count_ok_eliminar"":0,""count_pending"":0,""count_review_action"":0,""count_other"":0}";import;qa_ok_importar_found
5901871580;GASKET;;0.016 KGM;import;qa_ok_importar_found;true;4;20V4000M93;1702210, 1705950, 1709690, 1713434;266, 662, 1058, 1454;"{""total_rows"":4,""count_ok_importar"":4,""count_ok_eliminar"":0,""count_pending"":0,""count_review_action"":0,""count_other"":0}";import;qa_ok_importar_found
5929975449;GASKET;;0.012 KGM;import;qa_ok_importar_found;true;14;16V4000M73, 16V4000M73L, 20V4000M93, 20V4000M93L;1402443, 1405612, 1408790, 1411991, 1501864, 1505071, 1507534, 1510022, 1702860, 1706600, 1710340, 1714081, 1802922, 1806581;293, 647, 1002, 1356, 255, 741, 1086, 1422, 309, 705, 1101, 1497, 1418, 1798;"{""total_rows"":14,""count_ok_importar"":14,""count_ok_eliminar"":0,""count_pending"":0,""count_review_action"":0,""count_other"":0}";import;qa_ok_importar_found
06021700609;SCREW;M 10 X 25;0.019 KGM;import;qa_ok_importar_found;true;2;12V4000M70;1901409, 1903796;207, 544;"{""total_rows"":2,""count_ok_importar"":2,""count_ok_eliminar"":0,""count_pending"":0,""count_review_action"":0,""count_other"":0}";import;qa_ok_importar_found
006796012100;CONICAL SPR. WASHER;12;0.011 KGM;import;qa_ok_importar_found;true;38;12V4000M40A, 12V4000M53, 12V4000M70, 16V4000M61, 16V4000M73, 16V4000M73L, 16V4000M90, 20V4000M93, 20V4000M93L;1101549, 1101550, 1101551, 1200122, 1203264, 1900117, 1900311, 1900412, 1902149, 1902557, 1902751, 1902852, 1904536, 1300115, 1300299, 1300384, 1303037, 1303221, 1303306, 1400130, 1403301, 1406470, 1409648, 1500087, 1503293, 1505756, 1507748, 1508243, 1510237, 1600124, 1600327, 1600412, 1700130, 1703875, 1707615, 1711355, 1800143, 1803715;26, 50, 69, 35, 390, 37, 65, 84, 299, 376, 404, 423, 636, 25, 49, 67, 532, 556, 574, 38, 392, 746, 1101, 27, 512, 857, 1121, 1200, 1456, 30, 60, 79, 36, 432, 828, 1224, 1138, 1511;"{""total_rows"":38,""count_ok_importar"":38,""count_ok_eliminar"":0,""count_pending"":0,""count_review_action"":0,""count_other"":0}";import;qa_ok_importar_found
006797004232;TOOTHED WASHER J4.3;J 4,3;0.001 KGM;import;qa_ok_importar_found;true;1;12V4000M40A;1101552;359;"{""total_rows"":1,""count_ok_importar"":1,""count_ok_eliminar"":0,""count_pending"":0,""count_review_action"":0,""count_other"":0}";import;qa_ok_importar_found
006885005005;KEY WOODRUFF A;A 5 X 5 X 28;5,130 G A 5 X 5 X 28;import;qa_ok_importar_found;true;12;12V4000M40A, 12V4000M70, 16V4000M61, 16V4000M73L, 16V4000M90, 20V4000M93L;1101553, 1901418, 1903805, 1301124, 1304037, 1501384, 1504591, 1507054, 1509541, 1601240, 1801889, 1805548;192, 208, 545, 187, 689, 212, 698, 1043, 1380, 182, 1339, 1719;"{""total_rows"":12,""count_ok_importar"":12,""count_ok_eliminar"":0,""count_pending"":0,""count_review_action"":0,""count_other"":0}";import;qa_ok_importar_found
007349008000;WASHER;8,4;0.008 KGM;import;qa_ok_importar_found;true;202;16V4000M73, 16V4000M73L, 20V4000M93, 20V4000M93L;1401933, 1401937, 1401944, 1401950, 1401953, 1401973, 1401976, 1401979, 1401982, 1401996, 1402793, 1405102, 1405106, 1405113, 1405119, 1405122, 1405142, 1405145, 1405148, 1405151, 1405165, 1405962, 1408280, 1408284, 1408291, 1408297, 1408300, 1408320, 1408323, 1408326, 1408329, 1408343, 1409140, 1411461, 1411465, 1411472, 1411478, 1411481, 1411501, 1411504, 1411507, 1411510, 1411524, 1412343, 1501719, 1502348, 1504926, 1505385, 1507389, 1507878, 1509877, 1510368, 1701158, 1701177, 1701181, 1701184, 1701349, 1701352, 1701456, 1702335, 1702342, 1702360, 1702377, 1702382, 1702390, 1702433, 1702506, 1702520, 1702535, 1702538, 1702544, 1702547, 1702557, 1702615, 1702617, 1702623, 1702663, 1704898, 1704917, 1704921, 1704924, 1705089, 1705092, 1705196, 1706075, 1706082, 1706100, 1706117, 1706122, 1706130, 1706173, 1706246, 1706260, 1706275, 1706278, 1706284, 1706287, 1706297, 1706355, 1706357, 1706363, 1706403, 1708638, 1708657, 1708661, 1708664, 1708829, 1708832, 1708936, 1709815, 1709822, 1709840, 1709857, 1709862, 1709870, 1709913, 1709986, 1710000, 1710015, 1710018, 1710024, 1710027, 1710037, 1710095, 1710097, 1710103, 1710143, 1712387, 1712406, 1712410, 1712413, 1712576, 1712579, 1712683, 1713559, 1713566, 1713584, 1713601, 1713606, 1713614, 1713657, 1713730, 1713744, 1713759, 1713762, 1713768, 1713771, 1713781, 1713839, 1713841, 1713847, 1713887, 1801125, 1801143, 1801147, 1801150, 1801315, 1801318, 1801422, 1802387, 1802411, 1802426, 1802431, 1802442, 1802483, 1802559, 1802573, 1802587, 1802590, 1802596, 1802599, 1802609, 1802667, 1802669, 1802675, 1802715, 1803156, 1804731, 1804749, 1804753, 1804756, 1804921, 1804924, 1805028, 1806046, 1806070, 1806085, 1806090, 1806101, 1806142, 1806218, 1806232, 1806246, 1806249, 1806255, 1806258, 1806268, 1806326, 1806328, 1806334, 1806374, 1806838;252, 253, 329, 606, 607, 683, 961, 962, 1038, 1315, 1316, 1392, 248, 342, 734, 804, 1079, 1147, 1415, 1482, 167, 189, 190, 279, 280, 286, 287, 288, 289, 563, 585, 586, 675, 676, 682, 684, 685, 959, 981, 982, 1071, 1072, 1078, 1080, 1081, 1355, 1377, 1378, 1467, 1468, 1474, 1475, 1476, 1477, 1265, 1286, 1287, 1387, 1388, 1395, 1396, 1397, 1398, 1457, 1642, 1663, 1664, 1767, 1768, 1775, 1776, 1777, 1778, 1841;"{""total_rows"":202,""count_ok_importar"":202,""count_ok_eliminar"":0,""count_pending"":0,""count_review_action"":0,""count_other"":0}";import;qa_ok_importar_found
007349010001;WASHER;10,5;0.011 KGM;import;qa_ok_importar_found;true;4;12V4000M53;1202248, 1202254, 1205387, 1205393;265, 620;"{""total_rows"":4,""count_ok_importar"":4,""count_ok_eliminar"":0,""count_pending"":0,""count_review_action"":0,""count_other"":0}";import;qa_ok_importar_found
007349010002;WASHER;10,5;0.011 KGM;import;qa_ok_importar_found;true;350;12V4000M40A, 12V4000M53, 12V4000M70, 16V4000M61, 16V4000M73, 16V4000M73L, 16V4000M90, 20V4000M93, 20V4000M93L;1101564, 1101565, 1101566, 1200022, 1200168, 1200263, 1200607, 1200699, 1201053, 1201105, 1201249, 1201522, 1201543, 1202002, 1202285, 1202303, 1202415, 1202433, 1202437, 1202467, 1202511, 1203108, 1203173, 1203310, 1203407, 1203745, 1203838, 1204192, 1204244, 1204388, 1204661, 1204682, 1205140, 1205426, 1205444, 1205575, 1205593, 1205597, 1205627, 1205671, 1206268, 1900580, 1900977, 1901709, 1901775, 1902228, 1903021, 1903419, 1904096, 1904162, 1904615, 1300545, 1300830, 1301163, 1301435, 1302134, 1303468, 1303741, 1304076, 1304348, 1304905, 1400046, 1400184, 1400264, 1400623, 1400640, 1400675, 1400694, 1400735, 1401081, 1401316, 1401320, 1401573, 1401992, 1402059, 1402061, 1402070, 1402173, 1402204, 1402797, 1402799, 1402814, 1402825, 1402895, 1403218, 1403354, 1403433, 1403792, 1403809, 1403844, 1403863, 1403904, 1404250, 1404485, 1404488, 1404742, 1405161, 1405228, 1405230, 1405239, 1405342, 1405373, 1405966, 1405968, 1405983, 1405994, 1406064, 1406387, 1406523, 1406602, 1406961, 1406978, 1407013, 1407032, 1407073, 1407419, 1407654, 1407657, 1407920, 1408339, 1408406, 1408408, 1408417, 1408520, 1408551, 1409144, 1409146, 1409161, 1409172, 1409242, 1409565, 1409701, 1409780, 1410139, 1410156, 1410191, 1410210, 1410251, 1410597, 1410832, 1410835, 1411098, 1411520, 1411587, 1411589, 1411597, 1411698, 1411729, 1412347, 1412349, 1412364, 1412375, 1412445, 1500130, 1500505, 1500576, 1500887, 1501085, 1501344, 1501589, 1501737, 1501805, 1502350, 1503336, 1503711, 1503782, 1504094, 1504292, 1504551, 1504796, 1504944, 1505012, 1505387, 1505799, 1506174, 1506245, 1506557, 1506755, 1507014, 1507259, 1507407, 1507475, 1507880, 1508286, 1508662, 1508733, 1509041, 1509239, 1509500, 1509746, 1509895, 1509963, 1510370, 1600638, 1600981, 1601286, 1601530, 1601594, 1602275, 1602286, 1602326, 1602346, 1700040, 1700227, 1700621, 1700638, 1700673, 1700694, 1700732, 1701156, 1701164, 1701213, 1701496, 1701500, 1701749, 1702338, 1702447, 1702451, 1702459, 1702464, 1702482, 1702689, 1703318, 1703321, 1703323, 1703407, 1703412, 1703461, 1703785, 1703971, 1704367, 1704384, 1704419, 1704440, 1704478, 1704896, 1704904, 1704953, 1705236, 1705240, 1705489, 1706078, 1706187, 1706191, 1706199, 1706204, 1706222, 1706429, 1707058, 1707061, 1707063, 1707147, 1707152, 1707201, 1707524, 1707711, 1708107, 1708124, 1708159, 1708180, 1708218, 1708636, 1708644, 1708693, 1708976, 1708980, 1709229, 1709818, 1709927, 1709931, 1709939, 1709944, 1709962, 1710169, 1710798, 1710801, 1710803, 1710887, 1710892, 1710941, 1711264, 1711451, 1711847, 1711864, 1711899, 1711920, 1711959, 1712385, 1712393, 1712442, 1712722, 1712726, 1712974, 1713562, 1713671, 1713675, 1713683, 1713688, 1713706, 1713913, 1714538, 1714541, 1714543, 1714627, 1714632, 1714681, 1800042, 1800224, 1800599, 1800616, 1800700, 1801176, 1801532, 1801536, 1801907, 1802272, 1802390, 1802499, 1802503, 1802511, 1802516, 1802741, 1803160, 1803162, 1803201, 1803212, 1803258, 1803288, 1803615, 1803796, 1804171, 1804188, 1804306, 1804782, 1805138, 1805142, 1805566, 1805931, 1806049, 1806158, 1806162, 1806170, 1806175, 1806400, 1806842, 1806844, 1806883, 1806894, 1806940, 1806970;105, 257, 331, 22, 40, 42, 107, 111, 149, 152, 170, 213, 240, 276, 303, 304, 305, 359, 377, 395, 397, 462, 466, 504, 507, 525, 568, 595, 633, 666, 667, 668, 722, 114, 155, 251, 252, 317, 453, 494, 588, 589, 654, 96, 143, 192, 231, 348, 603, 647, 694, 733, 817, 26, 43, 44, 115, 116, 122, 124, 162, 185, 186, 216, 253, 271, 329, 330, 380, 398, 469, 470, 476, 478, 516, 539, 540, 570, 607, 611, 625, 683, 684, 685, 734, 751, 752, 823, 824, 830, 832, 870, 893, 894, 925, 962, 966, 980, 1038, 1039, 1040, 1089, 1106, 1107, 1178, 1179, 1185, 1187, 1225, 1248, 1249, 1280, 1316, 1320, 1334, 1392, 1393, 1394, 32, 112, 173, 207, 234, 249, 342, 517, 590, 597, 635, 659, 693, 720, 735, 738, 804, 862, 935, 942, 1004, 1065, 1080, 1083, 1147, 1205, 1278, 1285, 1321, 1344, 1376, 1401, 1416, 1419, 1482, 120, 147, 187, 220, 221, 318, 319, 23, 41, 167, 195, 196, 233, 279, 285, 289, 363, 367, 368, 369, 419, 437, 511, 512, 518, 520, 563, 566, 591, 592, 629, 675, 681, 759, 763, 764, 765, 815, 833, 907, 908, 914, 916, 959, 987, 988, 1025, 1071, 1077, 1081, 1155, 1159, 1160, 1161, 1211, 1229, 1303, 1304, 1310, 1312, 1355, 1358, 1383, 1384, 1421, 1467, 1473, 1477, 1551, 1555, 1556, 1557, 1125, 1143, 1215, 1216, 1223, 1267, 1297, 1298, 1343, 1374, 1387, 1398, 1457, 1458, 1459, 1460, 1498, 1516, 1588, 1589, 1600, 1644, 1674, 1675, 1723, 1754, 1767, 1774, 1778, 1841, 1842, 1843, 1844;"{""total_rows"":350,""count_ok_importar"":350,""count_ok_eliminar"":0,""count_pending"":0,""count_review_action"":0,""count_other"":0}";import;qa_ok_importar_found
007349013002;WASHER;13;0.022 KGM;import;qa_ok_importar_found;true;94;12V4000M40A, 12V4000M53, 12V4000M70, 16V4000M61, 16V4000M73, 16V4000M73L, 16V4000M90, 20V4000M93, 20V4000M93L;1101567, 1200109, 1200163, 1201262, 1201634, 1203252, 1203305, 1204400, 1204773, 1900053, 1902493, 1300061, 1302983, 1400099, 1400178, 1401323, 1401545, 1401772, 1403271, 1403348, 1404491, 1404714, 1404941, 1406440, 1406517, 1407660, 1407892, 1408119, 1409618, 1409695, 1410838, 1411070, 1411297, 1500063, 1500126, 1501071, 1501213, 1501330, 1503269, 1503332, 1504278, 1504420, 1504537, 1505732, 1505795, 1506741, 1506883, 1507000, 1508219, 1508282, 1509224, 1509369, 1509486, 1600055, 1700106, 1701162, 1701503, 1701932, 1702037, 1702687, 1703852, 1704902, 1705243, 1705672, 1705777, 1706427, 1707592, 1708642, 1708983, 1709412, 1709517, 1710167, 1711332, 1712391, 1712729, 1713157, 1713261, 1713911, 1800107, 1801123, 1801129, 1801539, 1801726, 1801742, 1802094, 1802739, 1803679, 1804729, 1804735, 1805145, 1805385, 1805401, 1805753, 1806398;20, 31, 40, 171, 216, 386, 395, 526, 571, 370, 19, 33, 43, 186, 209, 234, 387, 397, 540, 563, 588, 741, 751, 894, 918, 943, 1096, 1106, 1249, 1273, 1297, 22, 32, 173, 195, 204, 507, 517, 659, 681, 690, 852, 862, 1004, 1026, 1035, 1195, 1205, 1344, 1364, 1373, 23, 167, 196, 244, 252, 289, 428, 592, 640, 648, 685, 824, 959, 988, 1036, 1044, 1081, 1220, 1355, 1384, 1432, 1440, 1477, 1133, 1265, 1298, 1331, 1398, 1506, 1642, 1675, 1711, 1735, 1778;"{""total_rows"":94,""count_ok_importar"":94,""count_ok_eliminar"":0,""count_pending"":0,""count_review_action"":0,""count_other"":0}";import;qa_ok_importar_found
007603010110;WASHER A COP;A 10 X 13,5;0.001 KGM;import;qa_ok_importar_found;true;86;12V4000M40A, 12V4000M53, 12V4000M70, 16V4000M61, 16V4000M73, 16V4000M73L, 16V4000M90, 20V4000M93, 20V4000M93L;1101568, 1101569, 1101570, 1200576, 1200808, 1200836, 1200846, 1200848, 1203717, 1203947, 1203976, 1203986, 1203988, 1900749, 1900936, 1900957, 1901275, 1903191, 1903378, 1903399, 1903717, 1300641, 1300791, 1300812, 1300967, 1303552, 1303702, 1303723, 1303878, 1400834, 1400841, 1400845, 1400848, 1404003, 1404010, 1404014, 1404017, 1407172, 1407179, 1407183, 1407186, 1410350, 1410357, 1410361, 1410364, 1500645, 1500663, 1501661, 1503851, 1503869, 1504868, 1506314, 1506332, 1507331, 1508802, 1508820, 1509819, 1600592, 1600734, 1600752, 1600961, 1601176, 1700819, 1700824, 1700828, 1700831, 1704565, 1704570, 1704574, 1704577, 1708305, 1708310, 1708314, 1708317, 1712048, 1712053, 1712057, 1712060, 1800792, 1800799, 1800803, 1802796, 1804398, 1804405, 1804409, 1806455;115, 135, 160, 101, 122, 125, 456, 477, 480, 126, 153, 154, 190, 465, 492, 493, 529, 112, 141, 142, 163, 616, 645, 646, 667, 136, 489, 490, 843, 844, 1198, 1199, 120, 121, 242, 605, 606, 728, 950, 951, 1073, 1293, 1294, 1409, 116, 124, 146, 170, 134, 530, 531, 926, 927, 1322, 1323, 1233, 1403, 1610, 1783;"{""total_rows"":86,""count_ok_importar"":86,""count_ok_eliminar"":0,""count_pending"":0,""count_review_action"":0,""count_other"":0}";import;qa_ok_importar_found
007603010112;SEALING RING;A 10 X 15;0.001 KGM;import;qa_ok_importar_found;true;30;12V4000M53, 16V4000M73, 16V4000M73L, 20V4000M93, 20V4000M93L;1201098, 1204237, 1401059, 1401073, 1404228, 1404242, 1407397, 1407411, 1410575, 1410589, 1500866, 1500880, 1504073, 1504087, 1506536, 1506550, 1509020, 1509034, 1701191, 1701205, 1704931, 1704945, 1708671, 1708685, 1712420, 1712434, 1801168, 1801206, 1804774, 1804812;151, 506, 160, 162, 514, 516, 868, 870, 1223, 1225, 147, 149, 633, 635, 978, 980, 1319, 1321, 168, 170, 564, 566, 960, 962, 1356, 1358, 1267, 1272, 1644, 1649;"{""total_rows"":30,""count_ok_importar"":30,""count_ok_eliminar"":0,""count_pending"":0,""count_review_action"":0,""count_other"":0}";import;qa_ok_importar_found
007603012102;WASHER A COP;A 12 X 16;0.001 KGM;import;qa_ok_importar_found;true;72;12V4000M53, 16V4000M73, 16V4000M73L, 20V4000M93, 20V4000M93L;1201982, 1201988, 1205120, 1205126, 1400716, 1400849, 1402301, 1402311, 1403885, 1404018, 1405470, 1405480, 1407054, 1407187, 1408648, 1408658, 1410232, 1410365, 1411827, 1411837, 1500562, 1500647, 1501850, 1503768, 1503853, 1505057, 1506231, 1506316, 1507520, 1508719, 1508804, 1510008, 1700713, 1700832, 1702633, 1702647, 1702679, 1702693, 1702705, 1704459, 1704578, 1706373, 1706387, 1706419, 1706433, 1706445, 1708199, 1708318, 1710113, 1710127, 1710159, 1710173, 1710185, 1711939, 1712061, 1713857, 1713871, 1713903, 1713917, 1713929, 1800680, 1802685, 1802699, 1802731, 1802745, 1802757, 1804286, 1806344, 1806358, 1806390, 1806404, 1806416;240, 595, 123, 136, 273, 477, 490, 627, 831, 844, 982, 1186, 1199, 1336, 111, 120, 253, 596, 605, 739, 941, 950, 1084, 1284, 1293, 1420, 135, 288, 289, 519, 531, 684, 685, 915, 927, 1080, 1081, 1311, 1323, 1476, 1477, 1222, 1397, 1398, 1599, 1777, 1778;"{""total_rows"":72,""count_ok_importar"":72,""count_ok_eliminar"":0,""count_pending"":0,""count_review_action"":0,""count_other"":0}";import;qa_ok_importar_found
007603012106;WASHER A COP;A 12 X 18;0.001 KGM;import;qa_ok_importar_found;true;16;12V4000M53, 16V4000M73, 16V4000M73L, 20V4000M93, 20V4000M93L;1201283, 1204422, 1401342, 1404511, 1407680, 1410858, 1501104, 1504311, 1506774, 1509260, 1701523, 1705263, 1709003, 1712748, 1801557, 1805163;172, 527, 187, 541, 895, 1250, 176, 662, 1007, 1347, 197, 593, 989, 1385, 1299, 1676;"{""total_rows"":16,""count_ok_importar"":16,""count_ok_eliminar"":0,""count_pending"":0,""count_review_action"":0,""count_other"":0}";import;qa_ok_importar_found
007603014102;SEAL RING;A 14 X 18;0.001 KGM;import;qa_ok_importar_found;true;597;12V4000M40A, 12V4000M53, 12V4000M70, 16V4000M61, 16V4000M73, 16V4000M73L, 16V4000M90, 20V4000M93, 20V4000M93L;1101574, 1101575, 1101576, 1101577, 1101578, 1101579, 1101580, 1101581, 1101582, 1101583, 1101584, 1101585, 1101586, 1101587, 1200029, 1200158, 1200207, 1200220, 1200295, 1200308, 1200445, 1200818, 1200831, 1200850, 1201019, 1201034, 1201079, 1201127, 1201171, 1201182, 1201254, 1201256, 1201427, 1201433, 1201800, 1201887, 1201889, 1201893, 1201925, 1201927, 1201971, 1202019, 1202072, 1202191, 1202218, 1202273, 1203180, 1203300, 1203350, 1203363, 1203439, 1203451, 1203586, 1203957, 1203970, 1203990, 1204158, 1204173, 1204218, 1204266, 1204310, 1204321, 1204393, 1204395, 1204566, 1204572, 1204939, 1205026, 1205028, 1205032, 1205064, 1205066, 1205109, 1205158, 1205211, 1205330, 1205357, 1205414, 1900306, 1900391, 1900566, 1900578, 1900852, 1900875, 1900900, 1900902, 1901000, 1901025, 1901027, 1901188, 1901192, 1901395, 1901434, 1901512, 1901706, 1901718, 1901726, 1901733, 1901737, 1901743, 1901747, 1901763, 1901770, 1902014, 1902038, 1902746, 1902831, 1903007, 1903019, 1903294, 1903317, 1903342, 1903344, 1903442, 1903467, 1903469, 1903630, 1903634, 1903782, 1903821, 1903899, 1904093, 1904105, 1904113, 1904120, 1904124, 1904130, 1904134, 1904150, 1904157, 1904401, 1904425, 1300294, 1300372, 1300534, 1300757, 1300848, 1300939, 1301136, 1301155, 1301232, 1301281, 1301427, 1301661, 1301707, 1301746, 1303216, 1303294, 1303457, 1303668, 1303759, 1303850, 1304049, 1304068, 1304145, 1304194, 1304340, 1304573, 1304619, 1304658, 1400055, 1400171, 1400315, 1400334, 1400472, 1400854, 1401067, 1401130, 1401156, 1401166, 1401232, 1401242, 1401305, 1401307, 1401351, 1401353, 1401494, 1401615, 1401926, 1402049, 1402065, 1402154, 1402224, 1402226, 1402249, 1402253, 1402367, 1402430, 1402454, 1403227, 1403342, 1403483, 1403502, 1403640, 1404023, 1404236, 1404299, 1404325, 1404335, 1404401, 1404411, 1404474, 1404476, 1404520, 1404522, 1404663, 1404784, 1405095, 1405218, 1405234, 1405323, 1405393, 1405395, 1405418, 1405422, 1405536, 1405599, 1405623, 1406396, 1406511, 1406652, 1406671, 1406809, 1407192, 1407405, 1407468, 1407494, 1407504, 1407570, 1407580, 1407643, 1407645, 1407689, 1407691, 1407841, 1407962, 1408273, 1408396, 1408412, 1408501, 1408571, 1408573, 1408596, 1408600, 1408714, 1408777, 1408801, 1409574, 1409689, 1409830, 1409849, 1409987, 1410370, 1410583, 1410646, 1410672, 1410682, 1410748, 1410758, 1410821, 1410823, 1410867, 1410869, 1411019, 1411140, 1411454, 1411577, 1411592, 1411679, 1411749, 1411751, 1411774, 1411778, 1411913, 1411978, 1412002, 1500120, 1500218, 1500236, 1500354, 1500652, 1500874, 1500935, 1500955, 1500961, 1501016, 1501076, 1501108, 1501294, 1501396, 1501419, 1501593, 1501802, 1501873, 1501979, 1501989, 1503326, 1503424, 1503442, 1503560, 1503858, 1504081, 1504142, 1504162, 1504168, 1504223, 1504283, 1504315, 1504501, 1504603, 1504626, 1504800, 1505009, 1505080, 1505186, 1505196, 1505789, 1505887, 1505905, 1506023, 1506321, 1506544, 1506605, 1506625, 1506631, 1506686, 1506746, 1506778, 1506964, 1507066, 1507089, 1507263, 1507472, 1507543, 1507649, 1507659, 1507725, 1508276, 1508374, 1508392, 1508511, 1508809, 1509028, 1509089, 1509109, 1509115, 1509170, 1509233, 1509264, 1509450, 1509553, 1509576, 1509749, 1509960, 1510031, 1510138, 1510148, 1510214, 1600322, 1600400, 1600624, 1600636, 1600754, 1600891, 1600916, 1601001, 1601026, 1601028, 1601098, 1601119, 1601252, 1601278, 1601360, 1601366, 1601408, 1601526, 1601538, 1601546, 1601552, 1601556, 1601562, 1601566, 1601582, 1601589, 1601616, 1601631, 1601663, 1601682, 1601849, 1601896, 1601933, 1700050, 1700204, 1700274, 1700301, 1700320, 1700453, 1700837, 1701199, 1701263, 1701283, 1701293, 1701364, 1701405, 1701433, 1701464, 1701485, 1701487, 1701539, 1701565, 1701576, 1701790, 1702256, 1702468, 1702513, 1702515, 1702522, 1702524, 1702574, 1702578, 1702597, 1702610, 1702781, 1702847, 1702871, 1703795, 1703948, 1704018, 1704046, 1704065, 1704202, 1704583, 1704939, 1705003, 1705023, 1705033, 1705104, 1705145, 1705173, 1705204, 1705225, 1705227, 1705279, 1705305, 1705316, 1705530, 1705996, 1706208, 1706253, 1706255, 1706262, 1706264, 1706314, 1706318, 1706337, 1706350, 1706521, 1706587, 1706611, 1707535, 1707688, 1707758, 1707786, 1707805, 1707942, 1708323, 1708679, 1708743, 1708763, 1708773, 1708844, 1708885, 1708913, 1708944, 1708965, 1708967, 1709019, 1709045, 1709056, 1709270, 1709736, 1709948, 1709993, 1709995, 1710002, 1710004, 1710054, 1710058, 1710077, 1710090, 1710261, 1710327, 1710351, 1711275, 1711428, 1711498, 1711526, 1711545, 1711682, 1712066, 1712428, 1712491, 1712511, 1712520, 1712591, 1712632, 1712660, 1712691, 1712711, 1712713, 1712764, 1712791, 1712802, 1713015, 1713480, 1713692, 1713737, 1713739, 1713746, 1713748, 1713798, 1713802, 1713821, 1713834, 1714004, 1714068, 1714092, 1800052, 1800201, 1800270, 1800291, 1800313, 1800447, 1801162, 1801227, 1801248, 1801257, 1801330, 1801371, 1801399, 1801430, 1801456, 1801467, 1801521, 1801523, 1801563, 1801853, 1801901, 1801948, 1802258, 1802520, 1802566, 1802568, 1802575, 1802577, 1802626, 1802630, 1802649, 1802662, 1802832, 1802909, 1802933, 1803624, 1803772, 1803844, 1803865, 1803887, 1804020, 1804768, 1804833, 1804854, 1804863, 1804936, 1804977, 1805005, 1805036, 1805062, 1805073, 1805127, 1805129, 1805169, 1805512, 1805560, 1805607, 1805917, 1806179, 1806225, 1806227, 1806234, 1806236, 1806285, 1806289, 1806308, 1806321, 1806491, 1806568, 1806592;65, 97, 105, 131, 143, 154, 193, 195, 201, 208, 257, 275, 279, 287, 22, 40, 41, 48, 49, 74, 122, 125, 145, 147, 151, 158, 163, 170, 196, 234, 238, 239, 240, 242, 248, 262, 264, 272, 377, 395, 396, 403, 404, 429, 477, 480, 500, 502, 506, 513, 518, 525, 551, 589, 593, 594, 595, 597, 603, 617, 619, 629, 79, 114, 138, 139, 161, 162, 180, 205, 209, 222, 251, 252, 418, 453, 478, 501, 519, 542, 546, 559, 588, 612, 616, 63, 96, 126, 149, 156, 188, 190, 198, 231, 260, 265, 556, 570, 630, 653, 660, 690, 692, 700, 707, 733, 760, 765, 774, 27, 43, 55, 56, 81, 136, 167, 173, 185, 191, 219, 250, 270, 286, 291, 293, 381, 397, 409, 410, 435, 490, 516, 521, 524, 527, 534, 539, 545, 573, 604, 611, 624, 626, 640, 645, 647, 735, 751, 763, 764, 789, 844, 870, 875, 878, 881, 888, 893, 899, 914, 928, 959, 966, 979, 981, 995, 1000, 1002, 1090, 1106, 1118, 1119, 1144, 1199, 1225, 1230, 1233, 1236, 1243, 1248, 1254, 1269, 1283, 1313, 1320, 1333, 1335, 1349, 1354, 1356, 32, 44, 68, 120, 153, 159, 169, 178, 199, 213, 217, 255, 268, 273, 517, 528, 529, 553, 605, 635, 639, 642, 655, 659, 664, 685, 699, 703, 720, 738, 741, 754, 759, 862, 873, 874, 898, 950, 980, 984, 987, 990, 1004, 1009, 1030, 1044, 1048, 1065, 1083, 1086, 1099, 1103, 1121, 1205, 1216, 1217, 1241, 1293, 1321, 1325, 1328, 1331, 1340, 1344, 1368, 1381, 1385, 1401, 1419, 1422, 1435, 1438, 1456, 60, 75, 124, 164, 183, 200, 220, 221, 223, 263, 24, 42, 52, 53, 78, 135, 175, 182, 189, 202, 206, 236, 285, 288, 301, 307, 309, 420, 436, 438, 448, 449, 474, 531, 566, 571, 574, 578, 585, 586, 587, 591, 598, 602, 632, 666, 681, 682, 683, 684, 697, 705, 816, 832, 834, 845, 927, 962, 967, 970, 974, 982, 983, 994, 998, 1028, 1062, 1077, 1078, 1079, 1080, 1093, 1101, 1212, 1228, 1240, 1266, 1323, 1358, 1363, 1366, 1370, 1377, 1378, 1379, 1383, 1390, 1394, 1424, 1458, 1473, 1474, 1475, 1476, 1489, 1495, 1497, 1126, 1142, 1152, 1153, 1179, 1267, 1273, 1276, 1279, 1286, 1287, 1288, 1294, 1297, 1302, 1334, 1346, 1373, 1395, 1396, 1397, 1410, 1416, 1418, 1499, 1515, 1517, 1525, 1526, 1552, 1644, 1650, 1653, 1656, 1663, 1664, 1665, 1671, 1674, 1679, 1714, 1720, 1726, 1753, 1774, 1775, 1776, 1777, 1790, 1796, 1798;"{""total_rows"":597,""count_ok_importar"":597,""count_ok_eliminar"":0,""count_pending"":0,""count_review_action"":0,""count_other"":0}";import;qa_ok_importar_found
007603014103;WASHER A;A 14 X 18;0.001 KGM;import;qa_ok_importar_found;true;6;12V4000M40A, 12V4000M70, 16V4000M90;1101588, 1902359, 1902361, 1904746, 1904748, 1602157;345, 334, 671, 303;"{""total_rows"":6,""count_ok_importar"":6,""count_ok_eliminar"":0,""count_pending"":0,""count_review_action"":0,""count_other"":0}";import;qa_ok_importar_found
007603014106;WASHER A COP;A 14 X 20;0.002 KGM;import;qa_ok_importar_found;true;7;12V4000M40A, 12V4000M70, 16V4000M61, 16V4000M90;1101589, 1101590, 1900744, 1903186, 1300636, 1303547, 1600587;115, 258, 126, 465, 112, 616, 116;"{""total_rows"":7,""count_ok_importar"":7,""count_ok_eliminar"":0,""count_pending"":0,""count_review_action"":0,""count_other"":0}";import;qa_ok_importar_found
007603016103;RING,GENERAL;A 16 X 22;1.800 g A 16 X 22 DIN7603;import;qa_ok_importar_found;true;13;12V4000M53, 16V4000M73, 16V4000M73L, 20V4000M93, 20V4000M93L;1201758, 1204897, 1411855, 1501634, 1504841, 1507304, 1509790, 1702725, 1706465, 1710205, 1713949, 1802773, 1806432;228, 583, 1340, 238, 724, 1069, 1405, 292, 688, 1084, 1480, 1400, 1780;"{""total_rows"":13,""count_ok_importar"":13,""count_ok_eliminar"":0,""count_pending"":0,""count_review_action"":0,""count_other"":0}";import;qa_ok_importar_found
007603016105;SEAL RING;A 16 X 20;0.001 KGM;import;qa_ok_importar_found;true;130;12V4000M40A, 12V4000M53, 12V4000M70, 16V4000M61, 16V4000M73, 16V4000M73L, 16V4000M90, 20V4000M93, 20V4000M93L;1101591, 1101592, 1101593, 1200205, 1200790, 1201429, 1201857, 1202022, 1202314, 1202319, 1203347, 1203928, 1204568, 1204996, 1205161, 1205455, 1205460, 1900125, 1900565, 1902565, 1903006, 1300121, 1300533, 1301234, 1303043, 1303456, 1304147, 1400165, 1400191, 1400226, 1400682, 1400713, 1400759, 1401614, 1402163, 1402191, 1402532, 1403336, 1403361, 1403395, 1403851, 1403882, 1403928, 1404783, 1405332, 1405360, 1405701, 1406505, 1406530, 1406564, 1407020, 1407051, 1407097, 1407961, 1408510, 1408538, 1408879, 1409683, 1409708, 1409742, 1410198, 1410229, 1410275, 1411139, 1411688, 1411716, 1412082, 1500114, 1500537, 1500560, 1500600, 1501418, 1501798, 1503320, 1503743, 1503766, 1503806, 1504625, 1505005, 1505783, 1506206, 1506229, 1506269, 1507088, 1507468, 1507732, 1508270, 1508694, 1508717, 1508757, 1509575, 1509956, 1510221, 1600133, 1600623, 1601362, 1700262, 1700680, 1700710, 1700756, 1701462, 1701789, 1704006, 1704426, 1704456, 1704502, 1705202, 1705529, 1707746, 1708166, 1708196, 1708242, 1708942, 1709269, 1711486, 1711906, 1711936, 1711983, 1712689, 1713014, 1800258, 1800677, 1800723, 1801428, 1801947, 1803830, 1804283, 1804329, 1805034, 1805606;27, 105, 201, 40, 112, 196, 238, 242, 278, 395, 467, 551, 593, 597, 635, 39, 114, 378, 453, 26, 96, 198, 533, 603, 700, 43, 44, 116, 123, 125, 219, 271, 300, 397, 398, 470, 477, 479, 573, 625, 654, 751, 752, 824, 831, 833, 928, 980, 1009, 1106, 1107, 1179, 1186, 1188, 1283, 1334, 1363, 32, 106, 111, 113, 217, 252, 517, 591, 596, 598, 703, 738, 862, 936, 941, 943, 1048, 1083, 1121, 1205, 1279, 1284, 1286, 1385, 1419, 1456, 120, 193, 41, 191, 236, 437, 512, 519, 521, 587, 632, 908, 915, 917, 983, 1028, 1229, 1304, 1311, 1313, 1379, 1424, 1143, 1222, 1224, 1288, 1346, 1516, 1599, 1601, 1665, 1726;"{""total_rows"":130,""count_ok_importar"":130,""count_ok_eliminar"":0,""count_pending"":0,""count_review_action"":0,""count_other"":0}";import;qa_ok_importar_found
007603017102;WASHER A COP;A 17 X 21;0.001 KGM;import;qa_ok_importar_found;true;25;12V4000M40A, 12V4000M53, 12V4000M70, 16V4000M61, 16V4000M73, 16V4000M73L, 16V4000M90;1101594, 1201557, 1204696, 1901139, 1901141, 1901151, 1901158, 1903581, 1903583, 1903593, 1903600, 1300880, 1303791, 1401487, 1404656, 1407834, 1411012, 1501287, 1504494, 1506957, 1509443, 1601049, 1601051, 1601062, 1601069;152, 213, 568, 178, 517, 154, 658, 205, 559, 914, 1269, 199, 685, 1030, 1368, 162;"{""total_rows"":25,""count_ok_importar"":25,""count_ok_eliminar"":0,""count_pending"":0,""count_review_action"":0,""count_other"":0}";import;qa_ok_importar_found
007603018101;COPPER SEALING RING;A 18 X 22;0.001 KGM;import;qa_ok_importar_found;true;235;12V4000M40A, 12V4000M53, 12V4000M70, 16V4000M61, 16V4000M73, 16V4000M73L, 16V4000M90, 20V4000M93, 20V4000M93L;1101596, 1101597, 1101598, 1101599, 1101600, 1101601, 1101602, 1101603, 1101604, 1101605, 1101606, 1101607, 1101608, 1200304, 1201405, 1201420, 1201698, 1201705, 1201854, 1202068, 1202077, 1202872, 1202874, 1203447, 1204544, 1204559, 1204837, 1204844, 1204993, 1205207, 1205216, 1206032, 1206034, 1900155, 1901218, 1901467, 1901597, 1901605, 1901752, 1901891, 1901909, 1901928, 1902333, 1902342, 1902357, 1902438, 1902595, 1903660, 1903854, 1903984, 1903992, 1904139, 1904278, 1904296, 1904315, 1904720, 1904729, 1904744, 1904825, 1300150, 1301218, 1301326, 1301457, 1301528, 1301543, 1301553, 1302605, 1303072, 1304131, 1304239, 1304370, 1304441, 1304456, 1304466, 1305107, 1400322, 1401742, 1401849, 1401868, 1401904, 1401922, 1402054, 1402181, 1402501, 1402642, 1402644, 1403490, 1404911, 1405018, 1405037, 1405073, 1405091, 1405223, 1405350, 1405670, 1405811, 1405813, 1406659, 1408089, 1408196, 1408215, 1408251, 1408269, 1408401, 1408528, 1408848, 1408989, 1408991, 1409837, 1411267, 1411375, 1411395, 1411432, 1411450, 1411582, 1411706, 1412049, 1412194, 1412196, 1500225, 1501505, 1501550, 1501580, 1501753, 1501810, 1502314, 1502626, 1503431, 1504712, 1504757, 1504787, 1504960, 1505017, 1505351, 1505663, 1505894, 1507175, 1507220, 1507250, 1507423, 1507480, 1507844, 1508156, 1508381, 1509663, 1509708, 1509737, 1509911, 1509968, 1510333, 1510647, 1600168, 1601158, 1601346, 1601460, 1601476, 1601482, 1601571, 1601661, 1602140, 1602153, 1700308, 1701946, 1702161, 1702180, 1702234, 1702252, 1702587, 1702941, 1702951, 1703058, 1703724, 1704053, 1705686, 1705901, 1705920, 1705974, 1705992, 1706327, 1706681, 1706691, 1706798, 1707464, 1707793, 1709426, 1709641, 1709660, 1709714, 1709732, 1710067, 1710421, 1710431, 1710538, 1711204, 1711533, 1713171, 1713384, 1713404, 1713458, 1713476, 1713811, 1714164, 1714174, 1714286, 1714946, 1800298, 1802099, 1802167, 1802169, 1802177, 1802179, 1802236, 1802254, 1802264, 1802639, 1803006, 1803016, 1803345, 1803568, 1803569, 1803872, 1805758, 1805826, 1805828, 1805836, 1805838, 1805895, 1805913, 1805923, 1806298, 1806664, 1806674, 1807027, 1807250, 1807251;30, 97, 157, 200, 224, 238, 246, 247, 248, 258, 345, 414, 416, 48, 194, 195, 223, 249, 338, 403, 549, 550, 578, 593, 603, 604, 701, 42, 183, 214, 236, 252, 259, 260, 261, 333, 334, 348, 381, 522, 551, 573, 589, 596, 597, 598, 670, 671, 685, 29, 197, 232, 239, 240, 425, 536, 699, 716, 734, 739, 740, 741, 842, 55, 231, 241, 242, 250, 257, 271, 298, 320, 409, 585, 595, 611, 625, 652, 674, 763, 940, 950, 951, 958, 959, 966, 980, 1007, 1029, 1118, 1294, 1304, 1305, 1312, 1313, 1320, 1334, 1361, 1383, 43, 229, 234, 337, 376, 528, 709, 715, 720, 736, 738, 799, 831, 873, 1054, 1060, 1065, 1081, 1083, 1142, 1174, 1216, 1391, 1397, 1401, 1417, 1419, 1477, 1509, 36, 168, 192, 211, 212, 213, 221, 302, 52, 269, 270, 287, 319, 342, 402, 448, 643, 654, 655, 665, 666, 683, 798, 844, 1039, 1050, 1051, 1061, 1062, 1079, 1111, 1134, 1194, 1240, 1435, 1446, 1447, 1457, 1458, 1475, 1507, 1530, 1590, 1152, 1357, 1364, 1372, 1373, 1374, 1396, 1428, 1466, 1484, 1486, 1525, 1737, 1744, 1752, 1753, 1754, 1776, 1808, 1850, 1868, 1870;"{""total_rows"":235,""count_ok_importar"":235,""count_ok_eliminar"":0,""count_pending"":0,""count_review_action"":0,""count_other"":0}";import;qa_ok_importar_found
007603018104;WASHER A COP;A 18 X 24;2.000 g A 18 X 24 DIN7603;import;qa_ok_importar_found;true;12;12V4000M53, 12V4000M70, 16V4000M73, 16V4000M73L;1202839, 1205999, 1900691, 1903133, 1401617, 1404786, 1407964, 1411142, 1501421, 1504628, 1507091, 1509578;338, 701, 121, 460, 219, 573, 928, 1283, 217, 703, 1048, 1385;"{""total_rows"":12,""count_ok_importar"":12,""count_ok_eliminar"":0,""count_pending"":0,""count_review_action"":0,""count_other"":0}";import;qa_ok_importar_found
007603020103;WASHER A COP;A 20 X 26;0.002 KGM;import;qa_ok_importar_found;true;16;12V4000M40A, 12V4000M53, 12V4000M70, 16V4000M61, 16V4000M73, 16V4000M73L, 16V4000M90;1101610, 1200383, 1203523, 1900325, 1902765, 1300313, 1303235, 1400399, 1403565, 1406734, 1409912, 1500298, 1503504, 1505967, 1508454, 1600341;50, 63, 418, 65, 404, 49, 556, 68, 422, 776, 1131, 55, 540, 885, 1228, 60;"{""total_rows"":16,""count_ok_importar"":16,""count_ok_eliminar"":0,""count_pending"":0,""count_review_action"":0,""count_other"":0}";import;qa_ok_importar_found
007603021100;WASHER A COP;A 21 X 26;0.002 KGM;import;qa_ok_importar_found;true;26;12V4000M40A, 12V4000M70, 16V4000M61, 16V4000M73, 16V4000M73L, 16V4000M90, 20V4000M93, 20V4000M93L;1101611, 1901435, 1903822, 1301137, 1304050, 1401673, 1404842, 1408020, 1411200, 1501397, 1501472, 1504604, 1504679, 1507067, 1507142, 1509554, 1509630, 1601253, 1701845, 1705585, 1709325, 1713070, 1801902, 1802006, 1805561, 1805665;193, 209, 546, 188, 690, 222, 576, 931, 1286, 213, 219, 699, 705, 1044, 1050, 1381, 1387, 183, 238, 634, 1030, 1426, 1340, 1349, 1720, 1729;"{""total_rows"":26,""count_ok_importar"":26,""count_ok_eliminar"":0,""count_pending"":0,""count_review_action"":0,""count_other"":0}";import;qa_ok_importar_found
007603022102;COPPER SEALING RING;A 22 X 27;0.002 KGM;import;qa_ok_importar_found;true;217;12V4000M40A, 12V4000M53, 12V4000M70, 16V4000M61, 16V4000M73, 16V4000M73L, 16V4000M90, 20V4000M93, 20V4000M93L;1101612, 1101613, 1101614, 1101615, 1200654, 1200820, 1200822, 1201125, 1201772, 1201993, 1202011, 1203794, 1203959, 1203961, 1204264, 1204911, 1205131, 1205150, 1900110, 1900998, 1901220, 1901772, 1902550, 1903440, 1903662, 1904159, 1300108, 1300846, 1300942, 1301472, 1303030, 1303757, 1303853, 1304385, 1400709, 1400727, 1400757, 1400767, 1400919, 1400995, 1401164, 1401676, 1402297, 1402307, 1402323, 1403878, 1403896, 1403926, 1403936, 1404088, 1404164, 1404333, 1404845, 1405466, 1405476, 1405492, 1407047, 1407065, 1407095, 1407105, 1407254, 1407333, 1407502, 1408023, 1408644, 1408654, 1408670, 1410225, 1410243, 1410273, 1410283, 1410432, 1410511, 1410680, 1411203, 1411823, 1411833, 1411869, 1500554, 1500598, 1500609, 1500735, 1500806, 1500959, 1501480, 1501636, 1501847, 1503760, 1503804, 1503815, 1503941, 1504012, 1504166, 1504687, 1504843, 1505054, 1506223, 1506267, 1506278, 1506404, 1506475, 1506629, 1507150, 1507306, 1507517, 1507744, 1508711, 1508755, 1508766, 1508887, 1508960, 1509113, 1509638, 1509792, 1510005, 1510233, 1600117, 1600999, 1601160, 1601591, 1601610, 1700706, 1700724, 1700754, 1700764, 1700915, 1700990, 1701051, 1701112, 1701291, 1701460, 1701848, 1702652, 1702669, 1702675, 1702699, 1702740, 1704452, 1704470, 1704500, 1704510, 1704661, 1704734, 1704793, 1704852, 1705031, 1705200, 1705588, 1706392, 1706409, 1706415, 1706439, 1706480, 1708192, 1708210, 1708240, 1708250, 1708398, 1708474, 1708533, 1708592, 1708771, 1708940, 1709328, 1710132, 1710149, 1710155, 1710179, 1710220, 1711932, 1711951, 1711981, 1711993, 1712145, 1712221, 1712281, 1712341, 1712518, 1712687, 1713073, 1713876, 1713893, 1713899, 1713923, 1713963, 1800673, 1800692, 1800721, 1800734, 1800875, 1800948, 1801009, 1801071, 1801255, 1801426, 1802009, 1802704, 1802721, 1802727, 1802751, 1802788, 1804279, 1804298, 1804327, 1804340, 1804481, 1804554, 1804615, 1804677, 1804861, 1805032, 1805668, 1806363, 1806380, 1806386, 1806410, 1806447;26, 143, 157, 258, 108, 122, 158, 229, 240, 241, 463, 477, 513, 584, 595, 596, 37, 161, 183, 252, 376, 500, 522, 589, 25, 149, 159, 232, 532, 653, 663, 734, 123, 124, 125, 127, 140, 148, 173, 222, 273, 278, 478, 479, 481, 494, 502, 527, 576, 627, 632, 831, 832, 833, 835, 848, 856, 881, 931, 982, 987, 1186, 1187, 1188, 1190, 1203, 1211, 1236, 1286, 1336, 1341, 111, 113, 115, 134, 220, 238, 253, 598, 600, 612, 619, 645, 706, 724, 739, 941, 943, 945, 957, 964, 990, 1051, 1069, 1084, 1121, 1284, 1288, 1299, 1306, 1331, 1388, 1405, 1420, 1456, 30, 153, 168, 221, 151, 154, 182, 191, 288, 289, 293, 519, 520, 521, 523, 536, 544, 547, 550, 578, 587, 634, 684, 685, 689, 915, 916, 917, 919, 932, 940, 946, 974, 983, 1030, 1080, 1081, 1085, 1311, 1312, 1313, 1315, 1328, 1339, 1342, 1370, 1379, 1426, 1476, 1477, 1481, 1222, 1223, 1224, 1226, 1239, 1246, 1249, 1252, 1279, 1349, 1397, 1398, 1401, 1599, 1600, 1601, 1603, 1616, 1623, 1626, 1629, 1656, 1665, 1729, 1777, 1778, 1781;"{""total_rows"":217,""count_ok_importar"":217,""count_ok_eliminar"":0,""count_pending"":0,""count_review_action"":0,""count_other"":0}";import;qa_ok_importar_found
007603022105;WASHER A COP;A 22 X 29;0.003 KGM;import;qa_ok_importar_found;true;6;12V4000M40A, 12V4000M70, 16V4000M61, 16V4000M90;1101616, 1901768, 1904155, 1301469, 1304382, 1601587;258, 252, 589, 232, 734, 221;"{""total_rows"":6,""count_ok_importar"":6,""count_ok_eliminar"":0,""count_pending"":0,""count_review_action"":0,""count_other"":0}";import;qa_ok_importar_found
007603022403;SEALING RING;D 22 X 27;2,340 G D 22 X 27;import;qa_ok_importar_found;true;4;12V4000M40A, 16V4000M61, 16V4000M90;1101617, 1301757, 1304669, 1601944;287, 275, 774, 263;"{""total_rows"":4,""count_ok_importar"":4,""count_ok_eliminar"":0,""count_pending"":0,""count_review_action"":0,""count_other"":0}";import;qa_ok_importar_found
007603024106;SEALING RING;A 24 X 29;2.700 g A 24 X 29 DIN7603;import;qa_ok_importar_found;true;6;12V4000M53, 16V4000M73;1202317, 1205458, 1402535, 1405704, 1408882, 1412085;278, 635, 300, 654, 1009, 1363;"{""total_rows"":6,""count_ok_importar"":6,""count_ok_eliminar"":0,""count_pending"":0,""count_review_action"":0,""count_other"":0}";import;qa_ok_importar_found
007603026101;WASHER A COP;A 26 X 32;0.004 KGM;import;qa_ok_importar_found;true;82;12V4000M40A, 12V4000M53, 12V4000M70, 16V4000M61, 16V4000M73, 16V4000M73L, 16V4000M90, 20V4000M93, 20V4000M93L;1101618, 1101619, 1200627, 1200664, 1200677, 1200679, 1200681, 1200683, 1200744, 1200816, 1203766, 1203804, 1203817, 1203819, 1203821, 1203823, 1203883, 1203955, 1900570, 1903011, 1300538, 1303461, 1400618, 1400711, 1400927, 1402509, 1403787, 1403880, 1404096, 1405678, 1406956, 1407049, 1407265, 1408856, 1410134, 1410227, 1410443, 1412057, 1500500, 1500558, 1500727, 1500798, 1501764, 1503706, 1503764, 1503933, 1504004, 1504971, 1506169, 1506227, 1506396, 1506467, 1507434, 1508657, 1508715, 1508894, 1509922, 1600628, 1700616, 1700708, 1700921, 1704362, 1704454, 1704667, 1708102, 1708194, 1708407, 1711842, 1711934, 1712152, 1800594, 1800675, 1800866, 1800940, 1801001, 1801063, 1804166, 1804281, 1804472, 1804546, 1804607, 1804669;105, 135, 107, 108, 112, 122, 462, 463, 467, 477, 114, 453, 96, 603, 115, 123, 142, 298, 469, 496, 652, 823, 831, 850, 1007, 1178, 1186, 1205, 1361, 111, 126, 133, 250, 590, 596, 611, 618, 736, 935, 941, 956, 963, 1081, 1278, 1284, 1300, 1417, 120, 511, 519, 538, 907, 915, 934, 1303, 1311, 1330, 1215, 1222, 1238, 1245, 1248, 1251, 1588, 1599, 1615, 1622, 1625, 1628;"{""total_rows"":82,""count_ok_importar"":82,""count_ok_eliminar"":0,""count_pending"":0,""count_review_action"":0,""count_other"":0}";import;qa_ok_importar_found
007603026104;COPPER SEALING RING;A 26 X 31;0.003 KGM;import;qa_ok_importar_found;true;135;12V4000M40A, 12V4000M53, 12V4000M70, 16V4000M61, 16V4000M73, 16V4000M73L, 16V4000M90, 20V4000M93, 20V4000M93L;1101620, 1101621, 1101622, 1101623, 1101624, 1101625, 1200076, 1200115, 1200268, 1200325, 1201403, 1201671, 1202025, 1202028, 1202031, 1203257, 1203412, 1203468, 1204542, 1204810, 1205164, 1205167, 1205170, 1900184, 1900217, 1900863, 1900920, 1901465, 1902624, 1902657, 1903305, 1903362, 1903852, 1300175, 1300207, 1300754, 1300776, 1301169, 1301216, 1303097, 1303129, 1303665, 1303687, 1304082, 1304129, 1400123, 1400275, 1400352, 1401579, 1402012, 1403294, 1403443, 1403520, 1404748, 1405181, 1406463, 1406612, 1406689, 1407926, 1408359, 1409641, 1409790, 1409867, 1411104, 1411540, 1500080, 1500179, 1500254, 1501350, 1501722, 1503256, 1503286, 1503385, 1503460, 1504557, 1504929, 1505719, 1505749, 1505848, 1505923, 1507020, 1507392, 1508236, 1508335, 1508410, 1509506, 1509880, 1600194, 1600226, 1600876, 1600924, 1601292, 1601344, 1700123, 1700231, 1700338, 1700389, 1701755, 1702406, 1702942, 1703868, 1703975, 1704083, 1704134, 1705495, 1706146, 1706682, 1707608, 1707715, 1707823, 1707874, 1709235, 1709886, 1710422, 1711348, 1711455, 1711563, 1711614, 1712980, 1713630, 1714165, 1800136, 1800228, 1800331, 1801860, 1801913, 1802459, 1803007, 1803708, 1803800, 1803905, 1805519, 1805572, 1806118, 1806665;36, 37, 98, 131, 200, 218, 28, 35, 42, 49, 194, 219, 243, 390, 397, 404, 549, 574, 598, 48, 138, 151, 214, 387, 388, 477, 490, 551, 126, 139, 192, 197, 542, 543, 630, 643, 694, 699, 38, 45, 56, 216, 254, 392, 399, 410, 570, 608, 746, 753, 764, 925, 963, 1101, 1108, 1119, 1280, 1317, 27, 33, 44, 207, 249, 504, 512, 518, 529, 693, 735, 849, 857, 863, 874, 1038, 1080, 1200, 1206, 1217, 1376, 1416, 43, 143, 187, 41, 53, 65, 233, 280, 319, 432, 437, 449, 461, 629, 676, 715, 828, 833, 845, 1025, 1072, 1111, 1224, 1229, 1241, 1253, 1421, 1468, 1507, 1138, 1143, 1153, 1334, 1343, 1388, 1428, 1511, 1516, 1526, 1714, 1723, 1768, 1808;"{""total_rows"":135,""count_ok_importar"":135,""count_ok_eliminar"":0,""count_pending"":0,""count_review_action"":0,""count_other"":0}";import;qa_ok_importar_found
007603026109;COPPER SEALING RING;A 26 X 34;0.005 KGM;import;qa_ok_importar_found;true;6;12V4000M40A, 12V4000M70, 16V4000M61, 16V4000M90;1101626, 1901749, 1904136, 1301454, 1304367, 1601568;258, 252, 589, 232, 734, 221;"{""total_rows"":6,""count_ok_importar"":6,""count_ok_eliminar"":0,""count_pending"":0,""count_review_action"":0,""count_other"":0}";import;qa_ok_importar_found
007603027100;WASHER A COP;A 27 X 32;0.002 KGM;import;qa_ok_importar_found;true;1;12V4000M40A;1101627;243;"{""total_rows"":1,""count_ok_importar"":1,""count_ok_eliminar"":0,""count_pending"":0,""count_review_action"":0,""count_other"":0}";import;qa_ok_importar_found
007603027101;WASHER A;A 27 X 32;1.000 g A 27 X 32 DIN7603;import;qa_ok_importar_found;true;6;12V4000M53, 16V4000M73;1202321, 1205462, 1402538, 1405707, 1408885, 1412088;278, 635, 300, 654, 1009, 1363;"{""total_rows"":6,""count_ok_importar"":6,""count_ok_eliminar"":0,""count_pending"":0,""count_review_action"":0,""count_other"":0}";import;qa_ok_importar_found
007603030101;COPPER SEALING RING;A 30 X 36;0.004 KGM;import;qa_ok_importar_found;true;361;12V4000M40A, 12V4000M53, 12V4000M70, 16V4000M61, 16V4000M73, 16V4000M73L, 16V4000M90, 20V4000M93, 20V4000M93L;1101628, 1101629, 1101630, 1101631, 1101632, 1101633, 1101634, 1101635, 1101636, 1101637, 1101638, 1101639, 1101640, 1200088, 1200090, 1200116, 1200899, 1200921, 1200953, 1201464, 1201682, 1201991, 1202009, 1202036, 1202138, 1202189, 1202262, 1202286, 1203231, 1203233, 1203258, 1204039, 1204061, 1204093, 1204603, 1204821, 1205129, 1205148, 1205175, 1205277, 1205328, 1205401, 1205427, 1900081, 1900083, 1901628, 1901901, 1901930, 1902006, 1902100, 1902521, 1902523, 1904015, 1904288, 1904317, 1904393, 1904487, 1300084, 1301176, 1301361, 1301538, 1301555, 1301645, 1301718, 1301743, 1301749, 1303006, 1304089, 1304274, 1304451, 1304468, 1304557, 1304630, 1304655, 1304661, 1400091, 1400093, 1400124, 1400900, 1400924, 1400934, 1400970, 1400997, 1401590, 1401833, 1401961, 1401966, 1402087, 1402295, 1402305, 1402365, 1402421, 1403263, 1403265, 1403295, 1404066, 1404093, 1404103, 1404136, 1404166, 1404759, 1405002, 1405130, 1405135, 1405256, 1405464, 1405474, 1405534, 1405590, 1406432, 1406434, 1406464, 1407235, 1407262, 1407272, 1407305, 1407335, 1407937, 1408180, 1408308, 1408313, 1408434, 1408642, 1408652, 1408712, 1408768, 1409610, 1409612, 1409642, 1410413, 1410440, 1410450, 1410483, 1410513, 1411115, 1411359, 1411489, 1411494, 1411615, 1411821, 1411831, 1411911, 1411968, 1500058, 1500081, 1500711, 1500745, 1500779, 1501252, 1501356, 1501680, 1501713, 1501845, 1501977, 1502005, 1502168, 1503264, 1503287, 1503917, 1503951, 1503985, 1504459, 1504563, 1504887, 1504920, 1505052, 1505184, 1505212, 1505309, 1505727, 1505750, 1506380, 1506414, 1506448, 1506922, 1507026, 1507350, 1507383, 1507515, 1507647, 1507669, 1507751, 1507802, 1508214, 1508237, 1508868, 1508901, 1508935, 1509408, 1509512, 1509838, 1509871, 1510003, 1510136, 1510158, 1510240, 1510291, 1600079, 1600088, 1600090, 1601303, 1601470, 1601478, 1601734, 1601824, 1601929, 1601936, 1700100, 1700124, 1700894, 1700919, 1700929, 1700964, 1700992, 1701025, 1701053, 1701086, 1701114, 1701766, 1702141, 1702195, 1702301, 1702350, 1702355, 1702422, 1702427, 1702650, 1702667, 1702673, 1702697, 1702779, 1702836, 1703846, 1703869, 1704637, 1704665, 1704675, 1704707, 1704736, 1704766, 1704795, 1704825, 1704854, 1705506, 1705881, 1705935, 1706041, 1706090, 1706095, 1706162, 1706167, 1706390, 1706407, 1706413, 1706437, 1706519, 1706576, 1707586, 1707609, 1708377, 1708405, 1708415, 1708447, 1708476, 1708506, 1708535, 1708565, 1708594, 1709246, 1709621, 1709675, 1709781, 1709830, 1709835, 1709902, 1709907, 1710130, 1710147, 1710153, 1710177, 1710259, 1710316, 1711326, 1711349, 1712124, 1712150, 1712160, 1712194, 1712223, 1712254, 1712283, 1712314, 1712343, 1712991, 1713363, 1713419, 1713525, 1713574, 1713579, 1713646, 1713651, 1713874, 1713891, 1713897, 1713921, 1714002, 1714058, 1800117, 1800137, 1800848, 1800877, 1800884, 1800918, 1800950, 1800979, 1801011, 1801041, 1801073, 1801848, 1801864, 1801924, 1802131, 1802298, 1802314, 1802401, 1802406, 1802472, 1802477, 1802702, 1802719, 1802725, 1802749, 1802830, 1802895, 1803689, 1803709, 1804454, 1804483, 1804490, 1804524, 1804556, 1804585, 1804617, 1804647, 1804679, 1805507, 1805523, 1805583, 1805790, 1805957, 1805973, 1806060, 1806065, 1806131, 1806136, 1806361, 1806378, 1806384, 1806408, 1806489, 1806554;22, 97, 221, 230, 239, 243, 246, 248, 254, 270, 277, 286, 287, 30, 35, 129, 133, 135, 203, 240, 241, 262, 268, 276, 385, 390, 484, 488, 490, 558, 576, 595, 596, 598, 609, 617, 623, 633, 33, 259, 261, 272, 372, 21, 192, 219, 238, 274, 275, 528, 694, 721, 739, 741, 755, 768, 773, 774, 32, 38, 140, 141, 144, 147, 148, 216, 253, 263, 273, 288, 386, 392, 494, 495, 498, 501, 502, 570, 592, 607, 627, 640, 642, 740, 746, 848, 849, 852, 855, 856, 925, 947, 962, 972, 982, 995, 997, 1095, 1101, 1203, 1204, 1207, 1210, 1211, 1280, 1301, 1316, 1326, 1336, 1349, 1351, 27, 126, 130, 197, 207, 278, 315, 506, 512, 611, 615, 618, 683, 693, 729, 734, 754, 764, 794, 851, 857, 956, 960, 963, 1028, 1038, 1074, 1079, 1084, 1099, 1106, 1122, 1137, 1194, 1200, 1299, 1302, 1305, 1366, 1376, 1410, 1415, 1420, 1435, 1441, 1457, 1472, 24, 26, 187, 211, 212, 233, 244, 31, 36, 150, 151, 153, 154, 255, 279, 280, 289, 301, 303, 427, 432, 536, 537, 540, 543, 544, 546, 547, 549, 550, 629, 651, 658, 671, 675, 676, 684, 685, 697, 699, 823, 828, 932, 933, 936, 939, 940, 942, 943, 945, 946, 1025, 1047, 1054, 1067, 1071, 1072, 1080, 1081, 1093, 1219, 1224, 1328, 1329, 1332, 1335, 1338, 1339, 1341, 1342, 1421, 1443, 1450, 1463, 1467, 1468, 1476, 1477, 1489, 1491, 1134, 1138, 1238, 1239, 1242, 1245, 1246, 1248, 1249, 1251, 1252, 1334, 1343, 1361, 1379, 1381, 1387, 1388, 1397, 1398, 1412, 1507, 1511, 1615, 1616, 1619, 1622, 1623, 1625, 1626, 1628, 1629, 1714, 1723, 1741, 1759, 1761, 1767, 1768, 1777, 1778, 1790, 1792;"{""total_rows"":361,""count_ok_importar"":361,""count_ok_eliminar"":0,""count_pending"":0,""count_review_action"":0,""count_other"":0}";import;qa_ok_importar_found
007603033100;WASHER A33X39 COP ME TALLIC;A 33 X 39;0.003 KGM;import;qa_ok_importar_found;true;32;12V4000M40A, 12V4000M53, 12V4000M70, 16V4000M61, 16V4000M73, 16V4000M73L, 16V4000M90, 20V4000M93, 20V4000M93L;1101641, 1101642, 1201353, 1204492, 1901406, 1903793, 1301111, 1304024, 1401571, 1404740, 1407918, 1411096, 1411198, 1501371, 1501470, 1504578, 1504677, 1507041, 1507140, 1509527, 1509628, 1601227, 1701747, 1701867, 1705487, 1705607, 1709227, 1709347, 1712972, 1713092, 1801875, 1805534;221, 243, 187, 542, 206, 543, 185, 687, 214, 568, 923, 1278, 1286, 210, 219, 696, 705, 1041, 1050, 1378, 1387, 180, 231, 238, 627, 634, 1023, 1030, 1419, 1426, 1337, 1717;"{""total_rows"":32,""count_ok_importar"":32,""count_ok_eliminar"":0,""count_pending"":0,""count_review_action"":0,""count_other"":0}";import;qa_ok_importar_found
007603036101;WASHER A COP;A 36 X 42;0.001 KGM;import;qa_ok_importar_found;true;8;16V4000M73, 16V4000M73L;1401984, 1405153, 1408331, 1411512, 1501731, 1504938, 1507401, 1509889;253, 607, 962, 1316, 249, 735, 1080, 1416;"{""total_rows"":8,""count_ok_importar"":8,""count_ok_eliminar"":0,""count_pending"":0,""count_review_action"":0,""count_other"":0}";import;qa_ok_importar_found
007603038101;COPPER SEALING RING;A 38 X 44;0.004 KGM;import;qa_ok_importar_found;true;240;12V4000M40A, 12V4000M53, 12V4000M70, 16V4000M61, 16V4000M73, 16V4000M73L, 16V4000M90, 20V4000M93, 20V4000M93L;1101643, 1101644, 1101645, 1101646, 1101647, 1101648, 1200293, 1200323, 1201408, 1201463, 1201755, 1201802, 1201839, 1202061, 1202070, 1202183, 1202264, 1202405, 1203437, 1203466, 1204547, 1204602, 1204894, 1204941, 1204978, 1205200, 1205209, 1205322, 1205403, 1205542, 1205551, 1205565, 1206323, 1206335, 1206345, 1900195, 1900215, 1901470, 1901997, 1902040, 1902076, 1902635, 1902655, 1903857, 1904384, 1904427, 1904463, 1904833, 1904850, 1300186, 1300205, 1301221, 1301639, 1301664, 1301698, 1301851, 1303108, 1303127, 1304134, 1304551, 1304576, 1304610, 1304747, 1400312, 1400350, 1401186, 1401549, 1401894, 1401924, 1402161, 1402189, 1402319, 1402359, 1402452, 1402462, 1402502, 1402941, 1403480, 1403518, 1404355, 1404718, 1405063, 1405093, 1405330, 1405358, 1405488, 1405528, 1405621, 1405631, 1405671, 1406110, 1406649, 1406687, 1407524, 1407896, 1408241, 1408271, 1408508, 1408536, 1408666, 1408706, 1408799, 1408809, 1408849, 1409288, 1409827, 1409865, 1410702, 1411074, 1411422, 1411452, 1411686, 1411714, 1411852, 1411905, 1412000, 1412010, 1412050, 1412491, 1500215, 1500252, 1500977, 1501334, 1501632, 1501757, 1501796, 1501871, 1501880, 1501918, 1501971, 1502154, 1502416, 1503421, 1503458, 1504184, 1504541, 1504839, 1504964, 1505003, 1505078, 1505087, 1505125, 1505178, 1505295, 1505453, 1505884, 1505921, 1506647, 1507004, 1507302, 1507427, 1507466, 1507541, 1507550, 1507588, 1507641, 1507793, 1507946, 1508371, 1508408, 1509131, 1509490, 1509788, 1509915, 1509954, 1510029, 1510039, 1510077, 1510130, 1510282, 1510436, 1510663, 1510684, 1510701, 1510712, 1600205, 1600224, 1601349, 1601828, 1601852, 1601889, 1602098, 1700298, 1700336, 1701936, 1702224, 1702254, 1702722, 1702773, 1702869, 1702879, 1703451, 1704043, 1704081, 1705676, 1705964, 1705994, 1706462, 1706513, 1706609, 1706619, 1707191, 1707783, 1707821, 1709416, 1709704, 1709734, 1710202, 1710253, 1710349, 1710359, 1710931, 1711523, 1711561, 1713161, 1713448, 1713478, 1713946, 1713996, 1714090, 1714100, 1714671, 1800288, 1800329, 1802226, 1802256, 1802770, 1802839, 1802931, 1802941, 1803181, 1803862, 1803903, 1805885, 1805915, 1806429, 1806498, 1806590, 1806600, 1806863;36, 37, 200, 268, 279, 281, 48, 49, 194, 203, 228, 234, 236, 247, 248, 262, 303, 403, 404, 549, 558, 583, 589, 591, 602, 603, 617, 623, 657, 660, 666, 735, 742, 745, 214, 270, 387, 388, 551, 607, 616, 618, 691, 701, 35, 197, 252, 260, 307, 542, 543, 699, 753, 760, 762, 798, 55, 56, 175, 210, 250, 271, 277, 286, 293, 294, 298, 332, 409, 410, 529, 564, 604, 625, 631, 640, 647, 648, 652, 686, 763, 764, 883, 919, 957, 959, 980, 986, 995, 1002, 1003, 1007, 1041, 1118, 1119, 1238, 1274, 1311, 1313, 1334, 1340, 1349, 1356, 1357, 1361, 1395, 43, 44, 161, 205, 238, 255, 256, 311, 344, 528, 724, 736, 738, 741, 746, 754, 790, 806, 873, 874, 992, 1036, 1069, 1081, 1083, 1086, 1087, 1091, 1099, 1134, 1149, 1216, 1217, 1333, 1374, 1405, 1417, 1419, 1422, 1423, 1427, 1435, 1469, 1484, 1518, 1528, 1537, 1545, 42, 192, 245, 253, 52, 53, 292, 301, 309, 310, 369, 448, 449, 641, 664, 688, 697, 705, 706, 765, 844, 845, 1037, 1060, 1062, 1084, 1093, 1101, 1102, 1161, 1240, 1241, 1433, 1456, 1458, 1480, 1489, 1497, 1498, 1557, 1152, 1153, 1371, 1373, 1400, 1410, 1418, 1525, 1526, 1751, 1753, 1780, 1790, 1798, 1799, 1842;"{""total_rows"":240,""count_ok_importar"":240,""count_ok_eliminar"":0,""count_pending"":0,""count_review_action"":0,""count_other"":0}";import;qa_ok_importar_found
007603042101;COPPER SEALING RING;A 42 X 49;0.007 KGM;import;qa_ok_importar_found;true;105;12V4000M40A, 12V4000M53, 16V4000M61, 16V4000M73, 16V4000M73L, 20V4000M93, 20V4000M93L;1101650, 1200897, 1200951, 1202044, 1204037, 1204091, 1205183, 1300990, 1303901, 1400898, 1400968, 1401202, 1401959, 1401964, 1404064, 1404134, 1404371, 1405128, 1405133, 1407233, 1407303, 1407540, 1408306, 1408311, 1410411, 1410481, 1410718, 1411487, 1411492, 1500709, 1500777, 1500993, 1501711, 1503915, 1503983, 1504200, 1504918, 1506378, 1506446, 1506663, 1507381, 1508866, 1508933, 1509147, 1509869, 1700892, 1700962, 1701023, 1701084, 1701311, 1701336, 1702348, 1702353, 1702420, 1702425, 1704635, 1704705, 1704764, 1704823, 1705051, 1705076, 1706088, 1706093, 1706160, 1706165, 1708375, 1708445, 1708504, 1708563, 1708791, 1708816, 1709828, 1709833, 1709900, 1709905, 1712122, 1712192, 1712252, 1712312, 1712538, 1712563, 1713572, 1713577, 1713644, 1713649, 1800846, 1800916, 1800977, 1801039, 1801275, 1801302, 1802399, 1802404, 1802470, 1802475, 1804452, 1804522, 1804583, 1804645, 1804881, 1804908, 1806058, 1806063, 1806129, 1806134;169, 129, 135, 243, 484, 490, 598, 172, 675, 140, 147, 175, 253, 494, 501, 529, 607, 848, 855, 883, 962, 1203, 1210, 1238, 1316, 126, 133, 161, 248, 611, 618, 647, 734, 956, 963, 992, 1079, 1299, 1305, 1333, 1415, 150, 153, 185, 279, 280, 536, 543, 546, 549, 581, 676, 932, 939, 942, 945, 977, 1071, 1072, 1328, 1335, 1338, 1341, 1373, 1467, 1468, 1245, 1248, 1251, 1282, 1387, 1388, 1615, 1622, 1625, 1628, 1659, 1767, 1768;"{""total_rows"":105,""count_ok_importar"":105,""count_ok_eliminar"":0,""count_pending"":0,""count_review_action"":0,""count_other"":0}";import;qa_ok_importar_found
007603048101;COPPER SEALING RING;A 48 X 55;0.008 KGM;import;qa_ok_importar_found;true;48;12V4000M53, 16V4000M73, 16V4000M73L, 20V4000M93, 20V4000M93L;1202181, 1202323, 1205320, 1205464, 1400277, 1402357, 1402540, 1403445, 1405526, 1405709, 1406614, 1408704, 1408887, 1409792, 1411903, 1412090, 1500181, 1501969, 1503387, 1505176, 1505850, 1507639, 1508337, 1510128, 1700251, 1701188, 1702771, 1702943, 1703995, 1704928, 1706511, 1706683, 1707735, 1708668, 1710251, 1710423, 1711475, 1712417, 1713994, 1714166, 1800248, 1801154, 1802837, 1803008, 1803820, 1804760, 1806496, 1806666;262, 278, 617, 635, 45, 286, 300, 399, 640, 654, 753, 995, 1009, 1108, 1349, 1363, 33, 268, 518, 754, 863, 1099, 1206, 1435, 41, 167, 301, 319, 437, 563, 697, 715, 833, 959, 1093, 1111, 1229, 1355, 1489, 1507, 1143, 1265, 1410, 1428, 1516, 1642, 1790, 1808;"{""total_rows"":48,""count_ok_importar"":48,""count_ok_eliminar"":0,""count_pending"":0,""count_review_action"":0,""count_other"":0}";import;qa_ok_importar_found
007603052101;COPPER SEALING RING;A 52 X 60;0.013 KGM;import;qa_ok_importar_found;true;83;12V4000M40A, 12V4000M53, 12V4000M70, 16V4000M61, 16V4000M73, 16V4000M73L, 16V4000M90, 20V4000M93, 20V4000M93L;1101653, 1101654, 1101655, 1200321, 1201129, 1201136, 1201410, 1202186, 1203464, 1204268, 1204275, 1204549, 1205325, 1900213, 1900996, 1901012, 1901472, 1902653, 1903438, 1903454, 1903859, 1300203, 1300867, 1301223, 1303125, 1303778, 1304136, 1400348, 1401169, 1401176, 1402362, 1403516, 1404338, 1404345, 1405531, 1406685, 1407507, 1407514, 1408709, 1409863, 1410685, 1410692, 1411908, 1500250, 1500969, 1501974, 1503456, 1504176, 1505181, 1505919, 1506639, 1507644, 1508406, 1509123, 1510133, 1600222, 1601003, 1601015, 1601351, 1700334, 1701295, 1701302, 1702776, 1704079, 1705035, 1705042, 1706516, 1707819, 1708775, 1708782, 1710256, 1711559, 1712522, 1712529, 1713999, 1800327, 1801259, 1801266, 1802842, 1803901, 1804865, 1804872, 1806501;37, 143, 200, 49, 158, 194, 262, 404, 513, 549, 617, 161, 214, 388, 500, 551, 36, 149, 197, 543, 653, 699, 56, 173, 286, 410, 527, 640, 764, 881, 995, 1119, 1236, 1349, 44, 159, 268, 529, 645, 754, 874, 990, 1099, 1217, 1331, 1435, 43, 153, 192, 53, 182, 301, 449, 578, 697, 845, 974, 1093, 1241, 1370, 1489, 1153, 1279, 1410, 1526, 1656, 1790;"{""total_rows"":83,""count_ok_importar"":83,""count_ok_eliminar"":0,""count_pending"":0,""count_review_action"":0,""count_other"":0}";import;qa_ok_importar_found
007603060101;SEALING RING;A 60 X 68;0.014 KGM;import;qa_ok_importar_found;true;15;12V4000M40A, 16V4000M73, 16V4000M73L, 20V4000M93, 20V4000M93L;1101656, 1401652, 1404821, 1407999, 1411171, 1501449, 1504656, 1507119, 1509607, 1701852, 1705592, 1709332, 1713077, 1802013, 1805672;220, 222, 576, 931, 1285, 219, 705, 1050, 1387, 238, 634, 1030, 1426, 1349, 1729;"{""total_rows"":15,""count_ok_importar"":15,""count_ok_eliminar"":0,""count_pending"":0,""count_review_action"":0,""count_other"":0}";import;qa_ok_importar_found
007604010102;PLUG;A M 10 X 1;0.008 kg A M 10 X 1 DIN7604;import;qa_ok_importar_found;true;1;16V4000M90;1600753;124;"{""total_rows"":1,""count_ok_importar"":1,""count_ok_eliminar"":0,""count_pending"":0,""count_review_action"":0,""count_other"":0}";import;qa_ok_importar_found
007604012102;PLUG;A M 12 X 1,5;0.019 KGM;import;qa_ok_importar_found;true;6;12V4000M40A, 12V4000M70, 16V4000M61, 16V4000M90;1101657, 1900499, 1902939, 1300469, 1303392, 1600502;92, 106, 445, 90, 597, 102;"{""total_rows"":6,""count_ok_importar"":6,""count_ok_eliminar"":0,""count_pending"":0,""count_review_action"":0,""count_other"":0}";import;qa_ok_importar_found
8381594740;BRACKET;;0.06 KGM;import;qa_ok_importar_found;true;6;12V4000M40A, 12V4000M70, 16V4000M61, 16V4000M90;1101663, 1900729, 1903171, 1300621, 1303532, 1600572;115, 126, 465, 112, 616, 116;"{""total_rows"":6,""count_ok_importar"":6,""count_ok_eliminar"":0,""count_pending"":0,""count_review_action"":0,""count_other"":0}";import;qa_ok_importar_found
8490910009;PISTON;18X21;0.025 KGM;import;qa_ok_importar_found;true;12;12V4000M40A, 12V4000M70, 16V4000M61, 16V4000M73L, 16V4000M90, 20V4000M93L;1101664, 1901428, 1903815, 1301129, 1304042, 1501389, 1504596, 1507059, 1509546, 1601246, 1801895, 1805554;193, 209, 546, 188, 690, 213, 699, 1044, 1381, 183, 1340, 1720;"{""total_rows"":12,""count_ok_importar"":12,""count_ok_eliminar"":0,""count_pending"":0,""count_review_action"":0,""count_other"":0}";import;qa_ok_importar_found
8490910011;NUT;;0.116 KGM;import;qa_ok_importar_found;true;12;12V4000M40A, 12V4000M70, 16V4000M61, 16V4000M73L, 16V4000M90, 20V4000M93L;1101665, 1901430, 1903817, 1301131, 1304044, 1501391, 1504598, 1507061, 1509548, 1601248, 1801897, 1805556;193, 209, 546, 188, 690, 213, 699, 1044, 1381, 183, 1340, 1720;"{""total_rows"":12,""count_ok_importar"":12,""count_ok_eliminar"":0,""count_pending"":0,""count_review_action"":0,""count_other"":0}";import;qa_ok_importar_found
8490910022;NUT;;33,000 g;import;qa_ok_importar_found;true;12;12V4000M40A, 12V4000M70, 16V4000M61, 16V4000M73L, 16V4000M90, 20V4000M93L;1101666, 1901432, 1903819, 1301134, 1304047, 1501394, 1504601, 1507064, 1509551, 1601250, 1801899, 1805558;193, 209, 546, 188, 690, 213, 699, 1044, 1381, 183, 1340, 1720;"{""total_rows"":12,""count_ok_importar"":12,""count_ok_eliminar"":0,""count_pending"":0,""count_review_action"":0,""count_other"":0}";import;qa_ok_importar_found
8490910100;GASKET;25 X 38 X 2.0;0.001 KGM;import;qa_ok_importar_found;true;2;12V4000M70;1900685, 1903127;118, 457;"{""total_rows"":2,""count_ok_importar"":2,""count_ok_eliminar"":0,""count_pending"":0,""count_review_action"":0,""count_other"":0}";import;qa_ok_importar_found
8499870002;SEAL RUBBER GUMMIPRO FIL 1 METER LENGTH;FUER TRENNSTEG 4;0.073 KGM;import;qa_ok_importar_found;true;8;16V4000M73, 16V4000M73L;1401036, 1404205, 1407374, 1410552, 1500840, 1504046, 1506509, 1508994;153, 507, 861, 1216, 138, 623, 968, 1310;"{""total_rows"":8,""count_ok_importar"":8,""count_ok_eliminar"":0,""count_pending"":0,""count_review_action"":0,""count_other"":0}";import;qa_ok_importar_found
8499970035;GASKET;nan;0.07 KGM;import;qa_ok_importar_found;true;14;12V4000M40A, 12V4000M70, 16V4000M61, 16V4000M90;1101668, 1101669, 1101670, 1901525, 1903912, 1301282, 1301284, 1301285, 1304195, 1304197, 1304198, 1601410, 1601412, 1601413;209, 210, 211, 224, 561, 206, 207, 208, 708, 709, 710, 201, 202, 203;"{""total_rows"":14,""count_ok_importar"":14,""count_ok_eliminar"":0,""count_pending"":0,""count_review_action"":0,""count_other"":0}";import;qa_ok_importar_found
8499970065;GASKET M90CE S4000;nan;0.19 KGM;import;qa_ok_importar_found;true;21;12V4000M40A, 12V4000M70, 16V4000M61, 16V4000M90;1101671, 1101672, 1101673, 1901686, 1901692, 1901696, 1901699, 1904073, 1904079, 1904083, 1904086, 1301412, 1301416, 1301419, 1304325, 1304329, 1304332, 1601790, 1601794, 1601797, 1601799;232, 234, 235, 241, 243, 244, 245, 578, 580, 581, 582, 221, 223, 224, 723, 725, 726, 237, 238, 239;"{""total_rows"":21,""count_ok_importar"":21,""count_ok_eliminar"":0,""count_pending"":0,""count_review_action"":0,""count_other"":0}";import;qa_ok_importar_found
8499970066;GASKET M90CE S4000;nan;0.191 KGM;import;qa_ok_importar_found;true;18;12V4000M40A, 12V4000M70, 16V4000M61, 16V4000M90;1101674, 1101675, 1101676, 1901689, 1901694, 1901703, 1904076, 1904081, 1904090, 1301414, 1301417, 1301423, 1304327, 1304330, 1304336, 1601792, 1601795, 1601803;233, 235, 237, 242, 244, 246, 579, 581, 583, 222, 224, 226, 724, 726, 728, 236, 238, 240;"{""total_rows"":18,""count_ok_importar"":18,""count_ok_eliminar"":0,""count_pending"":0,""count_review_action"":0,""count_other"":0}";import;qa_ok_importar_found
8591840001;PAPER PACK CENTRIFUGAL SPINNER FILTER;1 ST. GLEICH 1 PAPIERSTREIFEN;0.012 KGM;import;qa_ok_importar_found;true;8;12V4000M40A, 12V4000M53, 12V4000M70, 16V4000M61, 16V4000M90;1101678, 1201454, 1204593, 1901497, 1903884, 1301258, 1304171, 1601388;204, 199, 554, 218, 555, 201, 703, 196;"{""total_rows"":8,""count_ok_importar"":8,""count_ok_eliminar"":0,""count_pending"":0,""count_review_action"":0,""count_other"":0}";import;qa_ok_importar_found
8592030250;CONTACTOR;B9-30-10 220V 50HZ;0.335 KGM;import;qa_ok_importar_found;true;9;12V4000M40A, 16V4000M61, 16V4000M73L, 20V4000M93L;1101679, 1301577, 1304489, 1502172, 1505313, 1507806, 1510295, 1802320, 1805979;254, 243, 744, 315, 794, 1137, 1472, 1381, 1761;"{""total_rows"":9,""count_ok_importar"":9,""count_ok_eliminar"":0,""count_pending"":0,""count_review_action"":0,""count_other"":0}";import;qa_ok_importar_found
8599970023;SEALING RING;nan;140,000 g;import;qa_ok_importar_found;true;4;12V4000M40A, 12V4000M70, 16V4000M90;1101681, 1902152, 1904539, 1602031;308, 303, 640, 280;"{""total_rows"":4,""count_ok_importar"":4,""count_ok_eliminar"":0,""count_pending"":0,""count_review_action"":0,""count_other"":0}";import;qa_ok_importar_found
8599970120;O-RING;;50.000 g 17,12 X 2,62;import;qa_ok_importar_found;true;1;16V4000M90;1600739;122;"{""total_rows"":1,""count_ok_importar"":1,""count_ok_eliminar"":0,""count_pending"":0,""count_review_action"":0,""count_other"":0}";import;qa_ok_importar_found
8690740074;LOCKING RING;36X1,75;0.006 KGM;import;qa_ok_importar_found;true;6;12V4000M40A, 12V4000M70, 16V4000M61, 16V4000M90;1101682, 1900532, 1902972, 1300502, 1303425, 1600535;93, 107, 446, 91, 598, 103;"{""total_rows"":6,""count_ok_importar"":6,""count_ok_eliminar"":0,""count_pending"":0,""count_review_action"":0,""count_other"":0}";import;qa_ok_importar_found
8690740389;SOLENOID;;2,060 KG;import;qa_ok_importar_found;true;6;12V4000M40A, 12V4000M70, 16V4000M61, 16V4000M90;1101684, 1900474, 1902914, 1300452, 1303375, 1600480;84, 98, 437, 83, 590, 94;"{""total_rows"":6,""count_ok_importar"":6,""count_ok_eliminar"":0,""count_pending"":0,""count_review_action"":0,""count_other"":0}";import;qa_ok_importar_found
8690920024;GAUGE VACUUM S2000/S4000;nan;250,000 g;import;qa_ok_importar_found;true;2;12V4000M70;1900719, 1903161;122, 461;"{""total_rows"":2,""count_ok_importar"":2,""count_ok_eliminar"":0,""count_pending"":0,""count_review_action"":0,""count_other"":0}";import;qa_ok_importar_found
8690920032;GASKET;202 X 188 X 6;0.039 KGM;import;qa_ok_importar_found;true;2;12V4000M70;1900728, 1903170;123, 462;"{""total_rows"":2,""count_ok_importar"":2,""count_ok_eliminar"":0,""count_pending"":0,""count_review_action"":0,""count_other"":0}";import;qa_ok_importar_found
8690920033;GASKET;183 X 170 X 4;0.019 KGM;import;qa_ok_importar_found;true;2;12V4000M70;1900725, 1903167;123, 462;"{""total_rows"":2,""count_ok_importar"":2,""count_ok_eliminar"":0,""count_pending"":0,""count_review_action"":0,""count_other"":0}";import;qa_ok_importar_found
8690920038;COCK;;0.176 KGM;import;qa_ok_importar_found;true;2;12V4000M70;1900712, 1903154;121, 460;"{""total_rows"":2,""count_ok_importar"":2,""count_ok_eliminar"":0,""count_pending"":0,""count_review_action"":0,""count_other"":0}";import;qa_ok_importar_found
8690920039;GASKET;nan;0.001 KGM;import;qa_ok_importar_found;true;2;12V4000M70;1900726, 1903168;123, 462;"{""total_rows"":2,""count_ok_importar"":2,""count_ok_eliminar"":0,""count_pending"":0,""count_review_action"":0,""count_other"":0}";import;qa_ok_importar_found
8690920043;BOLT S2000/S4000;;0.006 KGM;import;qa_ok_importar_found;true;2;12V4000M70;1900690, 1903132;121, 460;"{""total_rows"":2,""count_ok_importar"":2,""count_ok_eliminar"":0,""count_pending"":0,""count_review_action"":0,""count_other"":0}";import;qa_ok_importar_found
8690920046;COVER;;1.497 KGM;import;qa_ok_importar_found;true;2;12V4000M70;1900698, 1903140;121, 460;"{""total_rows"":2,""count_ok_importar"":2,""count_ok_eliminar"":0,""count_pending"":0,""count_review_action"":0,""count_other"":0}";import;qa_ok_importar_found
8690920060;BELLCRANK;nan;0.409 KGM;import;qa_ok_importar_found;true;2;12V4000M70;1900716, 1903158;122, 461;"{""total_rows"":2,""count_ok_importar"":2,""count_ok_eliminar"":0,""count_pending"":0,""count_review_action"":0,""count_other"":0}";import;qa_ok_importar_found
8691510096;CARBON BRUSH;;50.000 g KOHLEBÜSTEN MIT HALTER;import;qa_ok_importar_found;true;1;16V4000M90;1601971;267;"{""total_rows"":1,""count_ok_importar"":1,""count_ok_eliminar"":0,""count_pending"":0,""count_review_action"":0,""count_other"":0}";import;qa_ok_importar_found
8691800002;GEAR-TYPE PUMP;;5,500 KG;import;qa_ok_importar_found;true;10;12V4000M40A, 16V4000M61, 16V4000M73L, 16V4000M90, 20V4000M93L;1101686, 1301112, 1304025, 1501372, 1504579, 1507042, 1509528, 1601228, 1801877, 1805536;191, 186, 688, 211, 697, 1042, 1379, 181, 1338, 1718;"{""total_rows"":10,""count_ok_importar"":10,""count_ok_eliminar"":0,""count_pending"":0,""count_review_action"":0,""count_other"":0}";import;qa_ok_importar_found
8691800023;RETAINER;;;import;qa_ok_importar_found;true;2;12V4000M70;1901413, 1903800;207, 544;"{""total_rows"":2,""count_ok_importar"":2,""count_ok_eliminar"":0,""count_pending"":0,""count_review_action"":0,""count_other"":0}";import;qa_ok_importar_found
8691810014;LEVER;nan;124.600 g;import;qa_ok_importar_found;true;13;12V4000M70, 16V4000M73L, 16V4000M90, 20V4000M93, 20V4000M93L;1902181, 1904568, 1502063, 1505270, 1507767, 1510256, 1602062, 1703000, 1706740, 1710480, 1714222, 1803108, 1806769;306, 643, 296, 782, 1127, 1462, 285, 332, 728, 1124, 1520, 1448, 1828;"{""total_rows"":13,""count_ok_importar"":13,""count_ok_eliminar"":0,""count_pending"":0,""count_review_action"":0,""count_other"":0}";import;qa_ok_importar_found
8691840019;VALVE;nan;0.228 KGM;import;qa_ok_importar_found;true;8;12V4000M40A, 12V4000M53, 12V4000M70, 16V4000M61, 16V4000M90;1101687, 1201444, 1204583, 1901488, 1903875, 1301249, 1304162, 1601378;203, 198, 553, 217, 554, 200, 702, 195;"{""total_rows"":8,""count_ok_importar"":8,""count_ok_eliminar"":0,""count_pending"":0,""count_review_action"":0,""count_other"":0}";import;qa_ok_importar_found
8691840027;ROTOR COMPLETE;nan;2.981 KGM;import;qa_ok_importar_found;true;8;12V4000M40A, 12V4000M53, 12V4000M70, 16V4000M61, 16V4000M90;1101688, 1201442, 1204581, 1901486, 1903873, 1301247, 1304160, 1601376;203, 198, 553, 217, 554, 200, 702, 195;"{""total_rows"":8,""count_ok_importar"":8,""count_ok_eliminar"":0,""count_pending"":0,""count_review_action"":0,""count_other"":0}";import;qa_ok_importar_found
8691840028;COVER;nan;2.32 KGM;import;qa_ok_importar_found;true;8;12V4000M40A, 12V4000M53, 12V4000M70, 16V4000M61, 16V4000M90;1101689, 1201443, 1204582, 1901487, 1903874, 1301248, 1304161, 1601377;203, 198, 553, 217, 554, 200, 702, 195;"{""total_rows"":8,""count_ok_importar"":8,""count_ok_eliminar"":0,""count_pending"":0,""count_review_action"":0,""count_other"":0}";import;qa_ok_importar_found
8691840031;COVER FIXING KIT;;0.236 KGM;import;qa_ok_importar_found;true;6;12V4000M40A, 12V4000M53, 16V4000M61, 16V4000M90;1101690, 1201457, 1204596, 1301261, 1304174, 1601391;205, 200, 555, 202, 704, 197;"{""total_rows"":6,""count_ok_importar"":6,""count_ok_eliminar"":0,""count_pending"":0,""count_review_action"":0,""count_other"":0}";import;qa_ok_importar_found
8691840034;FILTERING SCREEN;;187.200 g;import;qa_ok_importar_found;true;10;16V4000M73, 20V4000M93, 20V4000M93L;1401670, 1404839, 1408017, 1411196, 1701866, 1705606, 1709346, 1713091, 1802023, 1805682;222, 576, 931, 1286, 238, 634, 1030, 1426, 1349, 1729;"{""total_rows"":10,""count_ok_importar"":10,""count_ok_eliminar"":0,""count_pending"":0,""count_review_action"":0,""count_other"":0}";import;qa_ok_importar_found
8692030001;SCREW-IN HTG ELEM.;600/44/3B 440V;1.14 KGM;import;qa_ok_importar_found;true;2;20V4000M93L;1802309, 1805968;1381, 1761;"{""total_rows"":2,""count_ok_importar"":2,""count_ok_eliminar"":0,""count_pending"":0,""count_review_action"":0,""count_other"":0}";import;qa_ok_importar_found
8692030012;AUTOMATIC CUT-OUT;;;import;qa_ok_importar_found;true;2;20V4000M93L;1802315, 1805974;1381, 1761;"{""total_rows"":2,""count_ok_importar"":2,""count_ok_eliminar"":0,""count_pending"":0,""count_review_action"":0,""count_other"":0}";import;qa_ok_importar_found
8692030031;PUMP;;8,800 KG;import;qa_ok_importar_found;true;2;12V4000M40A, 16V4000M61;1101691, 1304478;254, 744;"{""total_rows"":2,""count_ok_importar"":2,""count_ok_eliminar"":0,""count_pending"":0,""count_review_action"":0,""count_other"":0}";import;qa_ok_importar_found
8692030045;SWITCH;20 A GRUPPENSCHALTER S1;131.000 g 20 A GRUPPENSCHALTER S1;import;qa_ok_importar_found;true;2;20V4000M93L;1802324, 1805983;1381, 1761;"{""total_rows"":2,""count_ok_importar"":2,""count_ok_eliminar"":0,""count_pending"":0,""count_review_action"":0,""count_other"":0}";import;qa_ok_importar_found
8692030056;CONTROL;;71,100 G;import;qa_ok_importar_found;true;9;12V4000M40A, 16V4000M61, 16V4000M73L, 20V4000M93L;1101693, 1301580, 1304492, 1502174, 1505315, 1507808, 1510297, 1802322, 1805981;254, 243, 744, 315, 794, 1137, 1472, 1381, 1761;"{""total_rows"":9,""count_ok_importar"":9,""count_ok_eliminar"":0,""count_pending"":0,""count_review_action"":0,""count_other"":0}";import;qa_ok_importar_found
8692030059;SWITCH;;92 G;import;qa_ok_importar_found;true;7;12V4000M40A, 16V4000M61, 16V4000M73L;1101695, 1301563, 1304476, 1502175, 1505316, 1507809, 1510298;254, 243, 744, 315, 794, 1137, 1472;"{""total_rows"":7,""count_ok_importar"":7,""count_ok_eliminar"":0,""count_pending"":0,""count_review_action"":0,""count_other"":0}";import;qa_ok_importar_found
8692030070;TRANSFORMER;;1.023 KGM;import;qa_ok_importar_found;true;9;12V4000M40A, 16V4000M61, 16V4000M73L, 20V4000M93L;1101696, 1301564, 1304477, 1502176, 1505317, 1507810, 1510299, 1802306, 1805965;254, 243, 744, 315, 794, 1137, 1472, 1381, 1761;"{""total_rows"":9,""count_ok_importar"":9,""count_ok_eliminar"":0,""count_pending"":0,""count_review_action"":0,""count_other"":0}";import;qa_ok_importar_found
8692030074;GASKET;55 X 48 X 2,5;0.001 KGM;import;qa_ok_importar_found;true;9;12V4000M40A, 16V4000M61, 16V4000M73L, 20V4000M93L;1101697, 1301569, 1304481, 1502164, 1505305, 1507798, 1510287, 1802310, 1805969;254, 243, 744, 315, 794, 1137, 1472, 1381, 1761;"{""total_rows"":9,""count_ok_importar"":9,""count_ok_eliminar"":0,""count_pending"":0,""count_review_action"":0,""count_other"":0}";import;qa_ok_importar_found
8692030147;GASKET;VITON;0.007 KGM;import;qa_ok_importar_found;true;10;12V4000M40A, 12V4000M53, 12V4000M70, 16V4000M61, 16V4000M90;1101698, 1202255, 1202257, 1205394, 1205396, 1902002, 1904389, 1301642, 1304554, 1601821;269, 266, 267, 621, 622, 271, 608, 253, 754, 243;"{""total_rows"":10,""count_ok_importar"":10,""count_ok_eliminar"":0,""count_pending"":0,""count_review_action"":0,""count_other"":0}";import;qa_ok_importar_found
8692030152;CONTACTOR;;100 G;import;qa_ok_importar_found;true;9;12V4000M40A, 16V4000M61, 16V4000M73L, 20V4000M93L;1101699, 1301579, 1304491, 1502173, 1505314, 1507807, 1510296, 1802321, 1805980;254, 243, 744, 315, 794, 1137, 1472, 1381, 1761;"{""total_rows"":9,""count_ok_importar"":9,""count_ok_eliminar"":0,""count_pending"":0,""count_review_action"":0,""count_other"":0}";import;qa_ok_importar_found
8692030390;AUTOMATIC CUT-OUT;40 A;0.12 KGM;import;qa_ok_importar_found;true;2;20V4000M93L;1802317, 1805976;1381, 1761;"{""total_rows"":2,""count_ok_importar"":2,""count_ok_eliminar"":0,""count_pending"":0,""count_review_action"":0,""count_other"":0}";import;qa_ok_importar_found
8692030420;BOLT IN HEATER;4,5KW 220 V3 GUELTIG;1.14 KGM;import;qa_ok_importar_found;true;3;12V4000M40A, 16V4000M61;1101700, 1301568, 1304480;254, 243, 744;"{""total_rows"":3,""count_ok_importar"":3,""count_ok_eliminar"":0,""count_pending"":0,""count_review_action"":0,""count_other"":0}";import;qa_ok_importar_found
8692030500;SCREW-IN HEATER;400 V3 50/60 HZ GUELT.;0.995 KGM;import;qa_ok_importar_found;true;4;16V4000M73L;1502163, 1505304, 1507797, 1510286;315, 794, 1137, 1472;"{""total_rows"":4,""count_ok_importar"":4,""count_ok_eliminar"":0,""count_pending"":0,""count_review_action"":0,""count_other"":0}";import;qa_ok_importar_found
8692030520;OVERCURRENT TRIP 1;;;import;qa_ok_importar_found;true;2;16V4000M61;1301578, 1304490;243, 744;"{""total_rows"":2,""count_ok_importar"":2,""count_ok_eliminar"":0,""count_pending"":0,""count_review_action"":0,""count_other"":0}";import;qa_ok_importar_found
8692030640;THERMOSTAT;QUATRATISCHE FORM;1,500 KG;import;qa_ok_importar_found;true;9;12V4000M40A, 16V4000M61, 16V4000M73L, 20V4000M93L;1101703, 1301570, 1304482, 1502165, 1505306, 1507799, 1510288, 1802311, 1805970;254, 243, 744, 315, 794, 1137, 1472, 1381, 1761;"{""total_rows"":9,""count_ok_importar"":9,""count_ok_eliminar"":0,""count_pending"":0,""count_review_action"":0,""count_other"":0}";import;qa_ok_importar_found
8692030880;SCREW-IN HEATER;403C 900/62/3X 254/440V;1.6 KGM;import;qa_ok_importar_found;true;2;20V4000M93L;1802308, 1805967;1381, 1761;"{""total_rows"":2,""count_ok_importar"":2,""count_ok_eliminar"":0,""count_pending"":0,""count_review_action"":0,""count_other"":0}";import;qa_ok_importar_found
8692300000;MOTOR THREE PHASE 220/380V-440V;220/380 V - 440 V;;import;qa_ok_importar_found;true;10;12V4000M40A, 16V4000M61, 16V4000M73L, 16V4000M90, 20V4000M93L;1101704, 1301113, 1304026, 1501373, 1504580, 1507043, 1509529, 1601229, 1801878, 1805537;191, 186, 688, 211, 697, 1042, 1379, 181, 1338, 1718;"{""total_rows"":10,""count_ok_importar"":10,""count_ok_eliminar"":0,""count_pending"":0,""count_review_action"":0,""count_other"":0}";import;qa_ok_importar_found
8692500088;COUPLING;;0.396 KGM;import;qa_ok_importar_found;true;10;12V4000M40A, 16V4000M61, 16V4000M73L, 16V4000M90, 20V4000M93L;1101705, 1301115, 1304028, 1501375, 1504582, 1507045, 1509532, 1601231, 1801880, 1805539;191, 186, 688, 211, 697, 1042, 1379, 181, 1338, 1718;"{""total_rows"":10,""count_ok_importar"":10,""count_ok_eliminar"":0,""count_pending"":0,""count_review_action"":0,""count_other"":0}";import;qa_ok_importar_found
8693000017;CONTROL BLOCK;MIT CANNON STECKER;5.3 KGM;import;qa_ok_importar_found;true;6;12V4000M40A, 12V4000M70, 16V4000M61, 16V4000M90;1101706, 1900466, 1902906, 1300444, 1303367, 1600473;83, 97, 436, 82, 589, 93;"{""total_rows"":6,""count_ok_importar"":6,""count_ok_eliminar"":0,""count_pending"":0,""count_review_action"":0,""count_other"":0}";import;qa_ok_importar_found
8699900121;NUT;M12;0.015 KGM;import;qa_ok_importar_found;true;5;12V4000M53, 16V4000M73L, 16V4000M90, 20V4000M93L;1206362, 1502112, 1510750, 1600557, 1804247;750, 302, 1552, 113, 1596;"{""total_rows"":5,""count_ok_importar"":5,""count_ok_eliminar"":0,""count_pending"":0,""count_review_action"":0,""count_other"":0}";import;qa_ok_importar_found
8699900132;HEX SCREW;M 16 X 90;180,000 g;import;qa_ok_importar_found;true;3;12V4000M70, 16V4000M90;1902163, 1904550, 1602046;303, 640, 280;"{""total_rows"":3,""count_ok_importar"":3,""count_ok_eliminar"":0,""count_pending"":0,""count_review_action"":0,""count_other"":0}";import;qa_ok_importar_found
8699930063;DISC SPRING;22 X 11 X 1,2;2.600 g 22 X 11 X 1,2;import;qa_ok_importar_found;true;10;12V4000M40A, 12V4000M70, 16V4000M90, 20V4000M93, 20V4000M93L;1101708, 1902151, 1904538, 1602029, 1700400, 1704145, 1707885, 1711625, 1800389, 1803963;308, 303, 640, 280, 66, 462, 858, 1254, 1166, 1539;"{""total_rows"":10,""count_ok_importar"":10,""count_ok_eliminar"":0,""count_pending"":0,""count_review_action"":0,""count_other"":0}";import;qa_ok_importar_found
8699930065;DISC SPRING;TKZ. 25 X 13 X 1,5;4.000 g TKZ. 25 X 13 X 1,5;import;qa_ok_importar_found;true;9;12V4000M40A, 12V4000M70, 20V4000M93, 20V4000M93L;1101709, 1902170, 1904557, 1700401, 1704146, 1707886, 1711626, 1800390, 1803964;308, 303, 640, 66, 462, 858, 1254, 1166, 1539;"{""total_rows"":9,""count_ok_importar"":9,""count_ok_eliminar"":0,""count_pending"":0,""count_review_action"":0,""count_other"":0}";import;qa_ok_importar_found
8699950012;CLAMP;;551,800 G;import;qa_ok_importar_found;true;4;12V4000M40A, 16V4000M61, 16V4000M90;1101710, 1301252, 1304165, 1601381;203, 200, 702, 195;"{""total_rows"":4,""count_ok_importar"":4,""count_ok_eliminar"":0,""count_pending"":0,""count_review_action"":0,""count_other"":0}";import;qa_ok_importar_found
8699970154;ADHESIVE;nan;773,000 g 250;import;qa_ok_importar_found;true;42;12V4000M40A, 12V4000M70, 16V4000M61, 16V4000M90;1101713, 1101714, 1101715, 1101716, 1101717, 1101718, 1101719, 1901524, 1901685, 1901688, 1901691, 1901695, 1901698, 1901702, 1903911, 1904072, 1904075, 1904078, 1904082, 1904085, 1904089, 1301283, 1301411, 1301413, 1301415, 1301418, 1301420, 1301422, 1304196, 1304324, 1304326, 1304328, 1304331, 1304333, 1304335, 1601411, 1601789, 1601791, 1601793, 1601796, 1601798, 1601802;210, 232, 233, 234, 235, 236, 237, 224, 241, 242, 243, 244, 245, 246, 561, 578, 579, 580, 581, 582, 583, 207, 221, 222, 223, 225, 226, 709, 723, 724, 725, 726, 727, 728, 202, 238, 239, 240;"{""total_rows"":42,""count_ok_importar"":42,""count_ok_eliminar"":0,""count_pending"":0,""count_review_action"":0,""count_other"":0}";import;qa_ok_importar_found
8699970254;SEAL RING;6,7 X 10 X 1;2,000 g UB;import;qa_ok_importar_found;true;2;12V4000M70;1900727, 1903169;123, 462;"{""total_rows"":2,""count_ok_importar"":2,""count_ok_eliminar"":0,""count_pending"":0,""count_review_action"":0,""count_other"":0}";import;qa_ok_importar_found
8699970295;SEAL RING;36 X 4;0.003 KGM;import;qa_ok_importar_found;true;6;12V4000M40A, 12V4000M70, 16V4000M61, 16V4000M90;1101725, 1900475, 1902915, 1300454, 1303377, 1600481;84, 98, 437, 83, 590, 94;"{""total_rows"":6,""count_ok_importar"":6,""count_ok_eliminar"":0,""count_pending"":0,""count_review_action"":0,""count_other"":0}";import;qa_ok_importar_found
8699970331;GASKET;;46 G Y-DICHTUNG;import;qa_ok_importar_found;true;4;12V4000M40A, 16V4000M61, 16V4000M90;1101726, 1300287, 1303209, 1600312;52, 47, 554, 58;"{""total_rows"":4,""count_ok_importar"":4,""count_ok_eliminar"":0,""count_pending"":0,""count_review_action"":0,""count_other"":0}";import;qa_ok_importar_found
8699970358;SEALING RING;;1.000 g;import;qa_ok_importar_found;true;1;16V4000M90;1602033;280;"{""total_rows"":1,""count_ok_importar"":1,""count_ok_eliminar"":0,""count_pending"":0,""count_review_action"":0,""count_other"":0}";import;qa_ok_importar_found
8801590040;RETAINER;;0.054 KGM;import;qa_ok_importar_found;true;2;12V4000M53;1200636, 1203776;108, 463;"{""total_rows"":2,""count_ok_importar"":2,""count_ok_eliminar"":0,""count_pending"":0,""count_review_action"":0,""count_other"":0}";import;qa_ok_importar_found
009021006103;WASHER;A 6,4;0.002 KGM;import;qa_ok_importar_found;true;8;12V4000M40A, 12V4000M53, 12V4000M70, 16V4000M61, 16V4000M90;1101733, 1202680, 1205840, 1902281, 1904668, 1302246, 1305017, 1602433;337, 320, 683, 325, 662, 354, 823;"{""total_rows"":8,""count_ok_importar"":8,""count_ok_eliminar"":0,""count_pending"":0,""count_review_action"":0,""count_other"":0}";import;qa_ok_importar_found
28200750053/0;SPACER BUSHING;;64,300 G;import;qa_ok_importar_found;true;9;12V4000M40A, 16V4000M73, 16V4000M73L;1102394, 1400553, 1403722, 1406891, 1410069, 1500426, 1503632, 1506095, 1508583;258, 100, 454, 808, 1163, 86, 571, 916, 1259;"{""total_rows"":9,""count_ok_importar"":9,""count_ok_eliminar"":0,""count_pending"":0,""count_review_action"":0,""count_other"":0}";import;qa_ok_importar_found
200084004105;FILLISTER SCREW;M 4 X 16;0.002 KGM;import;qa_ok_importar_found;true;1;12V4000M40A;1101738;359;"{""total_rows"":1,""count_ok_importar"":1,""count_ok_eliminar"":0,""count_pending"":0,""count_review_action"":0,""count_other"":0}";import;qa_ok_importar_found
200084005107;BOLT SLOTTED HD GELB CHROMAT;M 5 X 10;0.002 KGM;import;qa_ok_importar_found;true;42;12V4000M40A, 12V4000M53, 12V4000M70, 16V4000M61, 16V4000M73, 16V4000M90, 20V4000M93, 20V4000M93L;1101739, 1101740, 1202480, 1202603, 1202613, 1203072, 1205640, 1205763, 1205773, 1206232, 1902221, 1902244, 1902252, 1904608, 1904631, 1904639, 1302127, 1302218, 1304898, 1304989, 1402973, 1406142, 1409320, 1412523, 1602255, 1602279, 1602398, 1602406, 1703515, 1703676, 1707255, 1707416, 1710995, 1711156, 1714735, 1714897, 1803193, 1803204, 1803311, 1806875, 1806886, 1806993;331, 334, 305, 308, 310, 350, 668, 671, 673, 713, 317, 321, 322, 654, 658, 659, 348, 351, 817, 820, 335, 689, 1044, 1398, 318, 372, 395, 768, 791, 1164, 1187, 1560, 1583, 1458, 1461, 1842, 1845;"{""total_rows"":42,""count_ok_importar"":42,""count_ok_eliminar"":0,""count_pending"":0,""count_review_action"":0,""count_other"":0}";import;qa_ok_importar_found
200125008400;DISC;8;0.001 KGM;import;qa_ok_importar_found;true;10;12V4000M53, 16V4000M73L, 20V4000M93;1203131, 1206290, 1502182, 1505323, 1507816, 1510305, 1703696, 1707436, 1711176, 1714917;362, 725, 321, 798, 1141, 1476, 397, 793, 1189, 1585;"{""total_rows"":10,""count_ok_importar"":10,""count_ok_eliminar"":0,""count_pending"":0,""count_review_action"":0,""count_other"":0}";import;qa_ok_importar_found
200433006400;WASHER;6,4;0.001 KGM;import;qa_ok_importar_found;true;56;12V4000M40A, 12V4000M53, 12V4000M70, 16V4000M61, 16V4000M73, 16V4000M73L, 16V4000M90, 20V4000M93, 20V4000M93L;1101748, 1101749, 1200880, 1200934, 1204020, 1204074, 1900779, 1900822, 1903221, 1903264, 1300656, 1300709, 1303567, 1303620, 1400885, 1400955, 1404051, 1404121, 1407220, 1407290, 1410398, 1410468, 1500696, 1500764, 1503902, 1503970, 1506365, 1506433, 1508853, 1508920, 1600773, 1600828, 1700879, 1700949, 1701010, 1701071, 1704622, 1704692, 1704751, 1704810, 1708362, 1708432, 1708491, 1708550, 1712109, 1712179, 1712239, 1712299, 1800834, 1800904, 1800965, 1801027, 1804440, 1804510, 1804571, 1804633;121, 127, 128, 134, 483, 489, 130, 469, 473, 116, 122, 620, 626, 140, 147, 494, 501, 848, 855, 1203, 1210, 126, 133, 611, 618, 956, 963, 1299, 1305, 150, 153, 536, 543, 546, 549, 932, 939, 942, 945, 1328, 1335, 1338, 1341, 1238, 1245, 1248, 1251, 1615, 1622, 1625, 1628;"{""total_rows"":56,""count_ok_importar"":56,""count_ok_eliminar"":0,""count_pending"":0,""count_review_action"":0,""count_other"":0}";import;qa_ok_importar_found
200433008400;WASHER;8,4;0.001 KGM;import;qa_ok_importar_found;true;98;12V4000M40A, 12V4000M70, 16V4000M61, 16V4000M73, 16V4000M73L, 16V4000M90, 20V4000M93, 20V4000M93L;1101750, 1900505, 1902945, 1300475, 1303398, 1400869, 1400939, 1401782, 1401788, 1401808, 1401815, 1404038, 1404108, 1404951, 1404957, 1404977, 1404984, 1407207, 1407277, 1408129, 1408135, 1408155, 1408162, 1410385, 1410455, 1411307, 1411314, 1411334, 1411341, 1500682, 1500750, 1501224, 1503888, 1503956, 1504431, 1506351, 1506419, 1506894, 1508839, 1508906, 1509380, 1600508, 1700864, 1700934, 1700995, 1701056, 1701979, 1702008, 1702014, 1702022, 1702057, 1702066, 1702099, 1702112, 1704610, 1704680, 1704739, 1704798, 1705719, 1705748, 1705754, 1705762, 1705797, 1705806, 1705839, 1705852, 1708350, 1708420, 1708479, 1708538, 1709459, 1709488, 1709494, 1709502, 1709537, 1709546, 1709579, 1709592, 1712096, 1712166, 1712226, 1712286, 1713204, 1713233, 1713239, 1713247, 1713281, 1713290, 1713322, 1713335, 1800822, 1800892, 1800953, 1801015, 1804428, 1804498, 1804559, 1804621;92, 106, 445, 90, 597, 140, 147, 234, 235, 494, 501, 588, 589, 848, 855, 943, 944, 1203, 1210, 1297, 1298, 126, 133, 195, 611, 618, 681, 956, 963, 1026, 1299, 1305, 1364, 102, 150, 153, 251, 252, 253, 536, 543, 546, 549, 647, 648, 649, 932, 939, 942, 945, 1043, 1044, 1045, 1328, 1335, 1338, 1341, 1439, 1440, 1441, 1238, 1245, 1248, 1251, 1615, 1622, 1625, 1628;"{""total_rows"":98,""count_ok_importar"":98,""count_ok_eliminar"":0,""count_pending"":0,""count_review_action"":0,""count_other"":0}";import;qa_ok_importar_found
200433010500;WASHER;10,5;1.900 g 10,5 DIN433;import;qa_ok_importar_found;true;80;12V4000M40A, 12V4000M53, 12V4000M70, 16V4000M61, 16V4000M73, 16V4000M73L, 16V4000M90, 20V4000M93, 20V4000M93L;1101751, 1200151, 1200591, 1201294, 1201296, 1201298, 1201300, 1203293, 1203731, 1204433, 1204435, 1204437, 1204439, 1901283, 1901285, 1903725, 1903727, 1300981, 1303892, 1400160, 1400580, 1403331, 1403750, 1406500, 1406919, 1407701, 1407703, 1407705, 1407707, 1409678, 1410097, 1410879, 1410881, 1410883, 1410885, 1500448, 1501119, 1503654, 1504326, 1506117, 1506789, 1508605, 1509275, 1601184, 1601186, 1602030, 1700160, 1700577, 1701528, 1701530, 1701532, 1701534, 1703905, 1704325, 1705268, 1705270, 1705272, 1705274, 1707645, 1708065, 1709008, 1709010, 1709012, 1709014, 1711385, 1711805, 1712753, 1712755, 1712757, 1712759, 1800542, 1801595, 1801596, 1801598, 1801599, 1804112, 1805254, 1805255, 1805257, 1805258;164, 36, 102, 176, 391, 457, 531, 192, 168, 671, 39, 106, 393, 460, 747, 814, 902, 1102, 1169, 1257, 92, 180, 577, 666, 922, 1011, 1265, 1351, 172, 280, 37, 105, 200, 433, 501, 596, 829, 897, 992, 1225, 1293, 1388, 1203, 1308, 1576, 1688;"{""total_rows"":80,""count_ok_importar"":80,""count_ok_eliminar"":0,""count_pending"":0,""count_review_action"":0,""count_other"":0}";import;qa_ok_importar_found
200433013000;WASHER;13;0.003 KGM;import;qa_ok_importar_found;true;115;12V4000M40A, 12V4000M53, 12V4000M70, 16V4000M61, 16V4000M73, 16V4000M73L, 16V4000M90, 20V4000M93, 20V4000M93L;1101752, 1200289, 1200724, 1201762, 1201764, 1201766, 1202360, 1203433, 1203863, 1204901, 1204903, 1204905, 1205501, 1900462, 1902902, 1300438, 1303361, 1402436, 1402444, 1402446, 1402480, 1402548, 1405605, 1405613, 1405615, 1405649, 1405717, 1408783, 1408791, 1408793, 1408827, 1408895, 1411859, 1411861, 1411863, 1411984, 1411992, 1411994, 1412028, 1412098, 1501640, 1501857, 1501898, 1502017, 1504847, 1505064, 1505105, 1505224, 1507310, 1507527, 1507568, 1507681, 1509797, 1510016, 1510057, 1510170, 1600465, 1700316, 1701346, 1702729, 1702731, 1702733, 1702853, 1702861, 1702863, 1702897, 1702958, 1704061, 1705086, 1706469, 1706471, 1706473, 1706593, 1706601, 1706603, 1706637, 1706698, 1707801, 1708826, 1710209, 1710211, 1710213, 1710333, 1710341, 1710343, 1710377, 1710438, 1711541, 1712573, 1713953, 1713955, 1713957, 1714074, 1714082, 1714084, 1714118, 1714181, 1801312, 1802777, 1802779, 1802781, 1802915, 1802923, 1802925, 1802959, 1803049, 1804918, 1806436, 1806438, 1806440, 1806574, 1806582, 1806584, 1806618, 1806707;82, 48, 111, 228, 287, 403, 466, 583, 644, 96, 435, 81, 588, 293, 294, 303, 647, 648, 657, 1002, 1003, 1012, 1340, 1356, 1357, 1366, 238, 255, 256, 284, 724, 741, 742, 770, 1069, 1086, 1087, 1112, 1405, 1422, 1423, 1447, 92, 52, 185, 292, 309, 310, 322, 448, 581, 688, 705, 706, 718, 844, 977, 1084, 1101, 1102, 1114, 1240, 1373, 1480, 1497, 1498, 1510, 1282, 1400, 1418, 1419, 1434, 1659, 1780, 1798, 1799, 1814;"{""total_rows"":115,""count_ok_importar"":115,""count_ok_eliminar"":0,""count_pending"":0,""count_review_action"":0,""count_other"":0}";import;qa_ok_importar_found
200433017000;WASHER;17;6.800 g 17 DIN433;import;qa_ok_importar_found;true;43;12V4000M40A, 12V4000M53, 16V4000M61, 16V4000M73, 16V4000M73L, 16V4000M90, 20V4000M93, 20V4000M93L;1101753, 1201754, 1202334, 1204893, 1205475, 1300988, 1303899, 1401019, 1401367, 1404188, 1404536, 1407357, 1407714, 1410535, 1410892, 1411851, 1500829, 1501631, 1504035, 1504838, 1506498, 1507301, 1508983, 1509787, 1601956, 1701135, 1701633, 1702721, 1704875, 1705373, 1706461, 1708615, 1709113, 1710201, 1712364, 1712860, 1713945, 1801093, 1801608, 1802769, 1804699, 1805267, 1806428;169, 228, 283, 583, 640, 172, 675, 151, 197, 505, 551, 859, 906, 1214, 1261, 1340, 136, 238, 621, 724, 966, 1069, 1308, 1405, 266, 156, 215, 292, 552, 611, 688, 948, 1007, 1084, 1344, 1403, 1480, 1254, 1312, 1400, 1631, 1692, 1780;"{""total_rows"":43,""count_ok_importar"":43,""count_ok_eliminar"":0,""count_pending"":0,""count_review_action"":0,""count_other"":0}";import;qa_ok_importar_found
200433021000;WASHER;21;10.800 g 21 DIN433;import;qa_ok_importar_found;true;23;12V4000M53, 12V4000M70, 16V4000M61, 16V4000M73, 16V4000M73L, 16V4000M90, 20V4000M93, 20V4000M93L;1200378, 1202373, 1203519, 1205514, 1902114, 1904501, 1301765, 1304677, 1402560, 1405729, 1408907, 1412109, 1502029, 1505236, 1507693, 1510182, 1601995, 1702970, 1706710, 1710450, 1714192, 1803056, 1806714;61, 289, 416, 646, 292, 629, 279, 778, 305, 659, 1014, 1368, 286, 772, 1114, 1449, 272, 324, 720, 1116, 1512, 1436, 1816;"{""total_rows"":23,""count_ok_importar"":23,""count_ok_eliminar"":0,""count_pending"":0,""count_review_action"":0,""count_other"":0}";import;qa_ok_importar_found
200625906017;BEARING BALL GROOVED 6007 J;6007;144,600 g 6007 DIN625;import;qa_ok_importar_found;true;3;12V4000M53, 16V4000M90;1202354, 1205495, 1601986;284, 641, 268;"{""total_rows"":3,""count_ok_importar"":3,""count_ok_eliminar"":0,""count_pending"":0,""count_review_action"":0,""count_other"":0}";import;qa_ok_importar_found
200628103006;BEARING ANGULAR CONT ACT ROLLER;QJ308;0.75 KGM;import;qa_ok_importar_found;true;42;12V4000M40A, 12V4000M53, 12V4000M70, 16V4000M61, 16V4000M73, 16V4000M73L, 16V4000M90, 20V4000M93, 20V4000M93L;1101754, 1101755, 1201835, 1202085, 1204974, 1205224, 1901916, 1904303, 1301547, 1301694, 1304460, 1304606, 1401911, 1402467, 1405080, 1405636, 1408258, 1408814, 1411439, 1412015, 1501885, 1501927, 1505092, 1505134, 1507555, 1507597, 1510044, 1510086, 1601489, 1601886, 1702241, 1702884, 1705981, 1706624, 1709721, 1710364, 1713465, 1714105, 1802243, 1802946, 1805902, 1806605;247, 280, 235, 249, 590, 604, 260, 597, 239, 261, 740, 761, 294, 603, 648, 958, 1003, 1312, 1357, 256, 742, 747, 1087, 1092, 1423, 1428, 213, 252, 269, 310, 665, 706, 1061, 1102, 1457, 1498, 1372, 1419, 1752, 1799;"{""total_rows"":42,""count_ok_importar"":42,""count_ok_eliminar"":0,""count_pending"":0,""count_review_action"":0,""count_other"":0}";import;qa_ok_importar_found
200835008005;STUD;;31,700 G;import;qa_ok_importar_found;true;2;12V4000M40A;1101756, 1101757;122, 128;"{""total_rows"":2,""count_ok_importar"":2,""count_ok_eliminar"":0,""count_pending"":0,""count_review_action"":0,""count_other"":0}";import;qa_ok_importar_found
200835008006;STUD;M 8 X 75;0.032 KGM;import;qa_ok_importar_found;true;54;12V4000M53, 12V4000M70, 16V4000M61, 16V4000M73, 16V4000M73L, 16V4000M90, 20V4000M93, 20V4000M93L;1200905, 1200959, 1204045, 1204099, 1900802, 1900845, 1903244, 1903287, 1300689, 1300742, 1303600, 1303653, 1400906, 1400976, 1404075, 1404145, 1407241, 1407311, 1410419, 1410489, 1500717, 1500785, 1503923, 1503991, 1506386, 1506454, 1508874, 1508941, 1600806, 1600859, 1700903, 1700973, 1701034, 1701095, 1704649, 1704716, 1704775, 1704834, 1708386, 1708456, 1708515, 1708574, 1712133, 1712203, 1712263, 1712323, 1800857, 1800927, 1800988, 1801050, 1804463, 1804533, 1804594, 1804656;129, 135, 484, 490, 131, 470, 474, 117, 123, 621, 627, 140, 147, 494, 501, 848, 855, 1203, 1210, 126, 133, 611, 618, 956, 963, 1299, 1305, 150, 153, 536, 543, 546, 549, 932, 939, 942, 945, 1328, 1335, 1338, 1341, 1238, 1245, 1248, 1251, 1615, 1622, 1625, 1628;"{""total_rows"":54,""count_ok_importar"":54,""count_ok_eliminar"":0,""count_pending"":0,""count_review_action"":0,""count_other"":0}";import;qa_ok_importar_found
200931010002;HEX SCREW;M 10 X 50;0.039 KGM;import;qa_ok_importar_found;true;6;12V4000M40A, 12V4000M70, 16V4000M61, 16V4000M90;1101759, 1901282, 1903724, 1300980, 1303891, 1601183;164, 192, 531, 168, 671, 172;"{""total_rows"":6,""count_ok_importar"":6,""count_ok_eliminar"":0,""count_pending"":0,""count_review_action"":0,""count_other"":0}";import;qa_ok_importar_found
200933006012;HEX SCREW;M 6 X 12;0.004 KGM;import;qa_ok_importar_found;true;1;12V4000M40A;1101766;359;"{""total_rows"":1,""count_ok_importar"":1,""count_ok_eliminar"":0,""count_pending"":0,""count_review_action"":0,""count_other"":0}";import;qa_ok_importar_found
200934010000;NUT HEX;M 10;0.01 KGM;import;qa_ok_importar_found;true;6;12V4000M40A, 12V4000M70, 16V4000M61, 16V4000M90;1101773, 1901284, 1903726, 1300976, 1303887, 1601185;164, 192, 531, 168, 671, 172;"{""total_rows"":6,""count_ok_importar"":6,""count_ok_eliminar"":0,""count_pending"":0,""count_review_action"":0,""count_other"":0}";import;qa_ok_importar_found
200961022005;HEX SCREW;M 22 X 1,5 X 60;0.25 KGM;import;qa_ok_importar_found;true;2;16V4000M73L;1507721, 1510210;1119, 1454;"{""total_rows"":2,""count_ok_importar"":2,""count_ok_eliminar"":0,""count_pending"":0,""count_review_action"":0,""count_other"":0}";import;qa_ok_importar_found
200988045000;RING SHIM;;8.600 g 45 X 55 X 1,5 DIN988;import;qa_ok_importar_found;true;22;12V4000M40A, 12V4000M53, 12V4000M70, 16V4000M61, 16V4000M73, 16V4000M73L, 16V4000M90, 20V4000M93, 20V4000M93L;1101776, 1200509, 1203652, 1900436, 1902876, 1300410, 1303332, 1400524, 1403692, 1406861, 1410039, 1500403, 1503609, 1506072, 1508560, 1600439, 1700517, 1704267, 1708007, 1711747, 1800490, 1804063;73, 87, 442, 90, 429, 74, 581, 93, 447, 801, 1156, 80, 565, 910, 1253, 86, 91, 487, 883, 1279, 1191, 1564;"{""total_rows"":22,""count_ok_importar"":22,""count_ok_eliminar"":0,""count_pending"":0,""count_review_action"":0,""count_other"":0}";import;qa_ok_importar_found
202690040000;SEAL;40 ND 6;0.011 KGM;import;qa_ok_importar_found;true;9;12V4000M40A, 16V4000M61, 16V4000M73L, 20V4000M93L;1101778, 1301566, 1304479, 1502162, 1505303, 1507796, 1510285, 1802307, 1805966;254, 243, 744, 315, 794, 1137, 1472, 1381, 1761;"{""total_rows"":9,""count_ok_importar"":9,""count_ok_eliminar"":0,""count_pending"":0,""count_review_action"":0,""count_other"":0}";import;qa_ok_importar_found
204014020004;HEX SCREW;M 20 X200;0.54 KGM;import;qa_ok_importar_found;true;19;12V4000M53, 12V4000M70, 16V4000M61, 16V4000M73, 16V4000M73L, 16V4000M90, 20V4000M93;1202372, 1205513, 1902113, 1904500, 1301764, 1304676, 1402559, 1405728, 1408906, 1412108, 1502028, 1505235, 1507692, 1510181, 1601994, 1702969, 1706709, 1710449, 1714191;289, 646, 292, 629, 279, 778, 305, 659, 1014, 1368, 286, 772, 1114, 1449, 272, 324, 720, 1116, 1512;"{""total_rows"":19,""count_ok_importar"":19,""count_ok_eliminar"":0,""count_pending"":0,""count_review_action"":0,""count_other"":0}";import;qa_ok_importar_found
204017006007;HEX SCREW;M 6 X 40;0.009 KGM;import;qa_ok_importar_found;true;13;12V4000M40A, 12V4000M53, 16V4000M61, 16V4000M90, 20V4000M93;1101779, 1202427, 1205587, 1301500, 1302185, 1304413, 1304956, 1601658, 1602340, 1703661, 1707401, 1711141, 1714881;332, 304, 667, 232, 349, 734, 818, 223, 319, 392, 788, 1184, 1580;"{""total_rows"":13,""count_ok_importar"":13,""count_ok_eliminar"":0,""count_pending"":0,""count_review_action"":0,""count_other"":0}";import;qa_ok_importar_found
204017012032;HEX SCREW;M 12 X 60;0.058 KGM;import;qa_ok_importar_found;true;16;12V4000M53, 16V4000M73, 16V4000M73L, 20V4000M93, 20V4000M93L;1201209, 1204348, 1401269, 1404438, 1407607, 1410785, 1501037, 1504244, 1506707, 1509191, 1701603, 1705343, 1709083, 1712830, 1801494, 1805100;164, 519, 181, 535, 889, 1244, 169, 655, 1000, 1340, 207, 603, 999, 1395, 1295, 1672;"{""total_rows"":16,""count_ok_importar"":16,""count_ok_eliminar"":0,""count_pending"":0,""count_review_action"":0,""count_other"":0}";import;qa_ok_importar_found
205412410002;CYL ROLLER BEARING;NU1007;175,000 g NU1007 DIN5412;import;qa_ok_importar_found;true;3;12V4000M53, 16V4000M90;1202350, 1205491, 1601982;284, 641, 268;"{""total_rows"":3,""count_ok_importar"":3,""count_ok_eliminar"":0,""count_pending"":0,""count_review_action"":0,""count_other"":0}";import;qa_ok_importar_found
205412422005;CYL. ROLLER BEARING;NU2208;0.539 KGM;import;qa_ok_importar_found;true;14;16V4000M73, 16V4000M73L, 20V4000M93, 20V4000M93L;1402461, 1405630, 1408808, 1412009, 1501879, 1505086, 1507549, 1510038, 1702878, 1706618, 1710358, 1714099, 1802940, 1806599;294, 648, 1003, 1357, 256, 742, 1087, 1423, 310, 706, 1102, 1498, 1419, 1799;"{""total_rows"":14,""count_ok_importar"":14,""count_ok_eliminar"":0,""count_pending"":0,""count_review_action"":0,""count_other"":0}";import;qa_ok_importar_found
207603030300;WASHER C CUFA;C 30 X 36;0.002 KGM;import;qa_ok_importar_found;true;2;16V4000M61;1301573, 1304485;243, 744;"{""total_rows"":2,""count_ok_importar"":2,""count_ok_eliminar"":0,""count_pending"":0,""count_review_action"":0,""count_other"":0}";import;qa_ok_importar_found
304014004001;HEX SCREW;M 4 X 35;0.004 KGM;import;qa_ok_importar_found;true;20;12V4000M40A, 12V4000M53, 12V4000M70, 16V4000M61, 16V4000M90, 20V4000M93, 20V4000M93L;1101808, 1202876, 1202879, 1206036, 1206039, 1900118, 1902558, 1300116, 1303038, 1600125, 1703060, 1703076, 1706800, 1706816, 1710540, 1710556, 1714288, 1714299, 1803214, 1806896;26, 338, 701, 37, 376, 25, 532, 30, 342, 343, 738, 739, 1134, 1135, 1530, 1531, 1458, 1842;"{""total_rows"":20,""count_ok_importar"":20,""count_ok_eliminar"":0,""count_pending"":0,""count_review_action"":0,""count_other"":0}";import;qa_ok_importar_found
304014008002;HEX SCREW;M 8 X 65;0.025 KGM;import;qa_ok_importar_found;true;2;20V4000M93L;1802718, 1806377;1398, 1778;"{""total_rows"":2,""count_ok_importar"":2,""count_ok_eliminar"":0,""count_pending"":0,""count_review_action"":0,""count_other"":0}";import;qa_ok_importar_found
304014008029;HEX SCREW;M 8 X 70;0.03 KGM;import;qa_ok_importar_found;true;23;12V4000M53, 16V4000M61, 16V4000M73, 16V4000M73L, 16V4000M90, 20V4000M93, 20V4000M93L;1202042, 1205181, 1301597, 1304509, 1400212, 1403382, 1406551, 1409729, 1500160, 1503366, 1505829, 1508316, 1601707, 1700257, 1702666, 1704001, 1706406, 1707741, 1710146, 1711481, 1713890, 1800253, 1803825;243, 598, 247, 748, 43, 397, 751, 1106, 32, 517, 862, 1205, 228, 41, 289, 437, 685, 833, 1081, 1229, 1477, 1143, 1516;"{""total_rows"":23,""count_ok_importar"":23,""count_ok_eliminar"":0,""count_pending"":0,""count_review_action"":0,""count_other"":0}";import;qa_ok_importar_found
304014008032;HEX SCREW;M 8 X 80;0.033 KGM;import;qa_ok_importar_found;true;76;12V4000M40A, 12V4000M53, 12V4000M70, 16V4000M61, 16V4000M73, 16V4000M73L, 16V4000M90, 20V4000M93, 20V4000M93L;1101809, 1101810, 1200845, 1201506, 1201515, 1201710, 1203985, 1204645, 1204654, 1204849, 1901378, 1901390, 1901609, 1903765, 1903777, 1903996, 1301148, 1301337, 1304061, 1304250, 1401750, 1401759, 1401872, 1401986, 1404919, 1404928, 1405041, 1405155, 1408097, 1408106, 1408219, 1408333, 1411275, 1411284, 1411399, 1411514, 1501315, 1501557, 1501733, 1504522, 1504764, 1504940, 1506985, 1507227, 1507403, 1509471, 1509715, 1509891, 1601264, 1601273, 1701250, 1701954, 1701963, 1702184, 1702403, 1704990, 1705694, 1705703, 1705924, 1706143, 1708730, 1709434, 1709443, 1709664, 1709883, 1712478, 1713179, 1713188, 1713408, 1713627, 1801214, 1802193, 1802456, 1804820, 1805852, 1806115;195, 225, 125, 210, 223, 480, 565, 578, 205, 236, 542, 573, 190, 214, 692, 716, 232, 242, 253, 586, 596, 607, 941, 951, 962, 1295, 1305, 1316, 203, 229, 249, 689, 715, 735, 1034, 1060, 1080, 1372, 1397, 1416, 185, 175, 248, 259, 280, 571, 644, 655, 676, 967, 1040, 1051, 1072, 1363, 1436, 1447, 1468, 1273, 1364, 1388, 1650, 1744, 1768;"{""total_rows"":76,""count_ok_importar"":76,""count_ok_eliminar"":0,""count_pending"":0,""count_review_action"":0,""count_other"":0}";import;qa_ok_importar_found
304014010015;HEX SCREW;M 10 X140;90.900 g M 10 X140 ISO4014;import;qa_ok_importar_found;true;14;16V4000M73, 16V4000M73L, 20V4000M93, 20V4000M93L;1401561, 1404730, 1407908, 1411086, 1501401, 1504608, 1507071, 1509558, 1701737, 1705477, 1709217, 1712962, 1801675, 1805334;213, 567, 922, 1277, 214, 700, 1045, 1382, 230, 626, 1022, 1418, 1320, 1700;"{""total_rows"":14,""count_ok_importar"":14,""count_ok_eliminar"":0,""count_pending"":0,""count_review_action"":0,""count_other"":0}";import;qa_ok_importar_found
304014016007;HEX SCREW;M 16 X120;210.600 g M 16 X120 ISO4014;import;qa_ok_importar_found;true;14;16V4000M73, 16V4000M73L, 20V4000M93, 20V4000M93L;1401021, 1404190, 1407359, 1410537, 1500830, 1504036, 1506499, 1508984, 1701136, 1704876, 1708616, 1712365, 1801095, 1804701;151, 505, 859, 1214, 136, 621, 966, 1308, 156, 552, 948, 1344, 1254, 1631;"{""total_rows"":14,""count_ok_importar"":14,""count_ok_eliminar"":0,""count_pending"":0,""count_review_action"":0,""count_other"":0}";import;qa_ok_importar_found
304017005025;HEX SCREW;M 5 X 16;0.003 KGM;import;qa_ok_importar_found;true;8;12V4000M40A, 12V4000M53, 12V4000M70, 16V4000M61, 16V4000M90;1101814, 1202639, 1205799, 1901278, 1903720, 1300970, 1303881, 1601179;160, 314, 677, 190, 529, 163, 667, 170;"{""total_rows"":8,""count_ok_importar"":8,""count_ok_eliminar"":0,""count_pending"":0,""count_review_action"":0,""count_other"":0}";import;qa_ok_importar_found
304017006058;HEX SCREW;M 6 X 12;4.400 g M 6 X 12 ISO4017;import;qa_ok_importar_found;true;26;12V4000M40A, 12V4000M53, 12V4000M70, 16V4000M61, 16V4000M73, 16V4000M73L, 16V4000M90, 20V4000M93;1101815, 1202430, 1202684, 1205590, 1205844, 1902242, 1904629, 1302148, 1304919, 1403075, 1406244, 1409422, 1412625, 1502539, 1505576, 1508069, 1510559, 1602274, 1703573, 1703663, 1707313, 1707403, 1711053, 1711143, 1714793, 1714883;331, 304, 321, 667, 684, 317, 654, 348, 817, 350, 704, 1059, 1413, 358, 820, 1163, 1498, 381, 392, 777, 788, 1173, 1184, 1569, 1580;"{""total_rows"":26,""count_ok_importar"":26,""count_ok_eliminar"":0,""count_pending"":0,""count_review_action"":0,""count_other"":0}";import;qa_ok_importar_found
304017006063;HEX SCREW;M 6 X 25;0.006 KGM;import;qa_ok_importar_found;true;34;12V4000M40A, 12V4000M53, 12V4000M70, 16V4000M61, 16V4000M73, 16V4000M73L, 16V4000M90, 20V4000M93, 20V4000M93L;1101816, 1201267, 1204405, 1900161, 1902601, 1300156, 1303078, 1400206, 1401326, 1403376, 1404494, 1406545, 1407663, 1409723, 1410841, 1500154, 1501089, 1503360, 1504296, 1505823, 1506759, 1508310, 1509226, 1600175, 1700215, 1701507, 1703959, 1705246, 1707699, 1708986, 1711439, 1712732, 1800212, 1803784;31, 171, 526, 43, 382, 30, 537, 186, 397, 540, 751, 894, 1106, 1249, 32, 174, 517, 660, 862, 1005, 1205, 1344, 37, 40, 196, 436, 592, 832, 988, 1228, 1384, 1142, 1515;"{""total_rows"":34,""count_ok_importar"":34,""count_ok_eliminar"":0,""count_pending"":0,""count_review_action"":0,""count_other"":0}";import;qa_ok_importar_found
304017006064;HEX SCREW;M 6 X 30;0.008 KGM;import;qa_ok_importar_found;true;20;12V4000M40A, 12V4000M70, 16V4000M61, 16V4000M90, 20V4000M93L;1101817, 1101818, 1900778, 1900821, 1903220, 1903263, 1300680, 1300708, 1303591, 1303619, 1600772, 1600827, 1800833, 1800903, 1800964, 1801026, 1804439, 1804509, 1804570, 1804632;121, 127, 130, 134, 469, 473, 116, 122, 620, 626, 128, 1238, 1245, 1248, 1251, 1615, 1622, 1625, 1628;"{""total_rows"":20,""count_ok_importar"":20,""count_ok_eliminar"":0,""count_pending"":0,""count_review_action"":0,""count_other"":0}";import;qa_ok_importar_found
304017006065;HEX SCREW;M 6 X 30;0.008 KGM;import;qa_ok_importar_found;true;22;12V4000M40A, 12V4000M53, 12V4000M70, 16V4000M61, 16V4000M73, 16V4000M73L, 16V4000M90, 20V4000M93;1101819, 1201271, 1204409, 1900706, 1901262, 1903148, 1903704, 1300954, 1303865, 1401330, 1404498, 1407667, 1410845, 1501093, 1504300, 1506763, 1509248, 1601163, 1701518, 1705257, 1708997, 1712743;160, 171, 526, 121, 190, 460, 529, 163, 667, 186, 540, 894, 1249, 174, 660, 1005, 1345, 170, 196, 592, 988, 1384;"{""total_rows"":22,""count_ok_importar"":22,""count_ok_eliminar"":0,""count_pending"":0,""count_review_action"":0,""count_other"":0}";import;qa_ok_importar_found
304017006066;HEX SCREW;M 6 X 35;8.400 g M 6 X 35 ISO4017;import;qa_ok_importar_found;true;20;12V4000M40A, 12V4000M53, 16V4000M61, 16V4000M73, 16V4000M73L, 16V4000M90, 20V4000M93, 20V4000M93L;1101820, 1203104, 1206264, 1301499, 1304412, 1403149, 1406318, 1409496, 1412701, 1502179, 1505320, 1507813, 1510302, 1601657, 1703317, 1707057, 1710796, 1714537, 1803541, 1807223;258, 356, 719, 232, 734, 359, 713, 1068, 1422, 319, 796, 1139, 1474, 222, 361, 757, 1153, 1549, 1478, 1862;"{""total_rows"":20,""count_ok_importar"":20,""count_ok_eliminar"":0,""count_pending"":0,""count_review_action"":0,""count_other"":0}";import;qa_ok_importar_found
304017006068;HEX SCREW;M 6 X 45;0.01 KGM;import;qa_ok_importar_found;true;1;12V4000M40A;1101821;239;"{""total_rows"":1,""count_ok_importar"":1,""count_ok_eliminar"":0,""count_pending"":0,""count_review_action"":0,""count_other"":0}";import;qa_ok_importar_found
304017006069;HEX SCREW;M 6 X 55;0.012 KGM;import;qa_ok_importar_found;true;5;12V4000M70, 16V4000M61, 16V4000M90;1900331, 1902771, 1300319, 1303241, 1600346;68, 407, 52, 559, 63;"{""total_rows"":5,""count_ok_importar"":5,""count_ok_eliminar"":0,""count_pending"":0,""count_review_action"":0,""count_other"":0}";import;qa_ok_importar_found
304017008076;HEX SCREW;M 8 X 12;9.100 g M 8 X 12 ISO4017;import;qa_ok_importar_found;true;84;12V4000M40A, 12V4000M53, 12V4000M70, 16V4000M61, 16V4000M73, 16V4000M73L, 16V4000M90, 20V4000M93, 20V4000M93L;1101822, 1101823, 1101824, 1200131, 1200141, 1200146, 1202489, 1203273, 1203283, 1203288, 1205649, 1900102, 1900107, 1900127, 1902542, 1902547, 1902567, 1300101, 1300123, 1303023, 1303045, 1400137, 1400139, 1400150, 1400155, 1403118, 1403308, 1403310, 1403321, 1403326, 1406287, 1406477, 1406479, 1406490, 1406495, 1409465, 1409655, 1409657, 1409668, 1409673, 1412668, 1500095, 1502585, 1503301, 1505622, 1505764, 1508115, 1508251, 1510604, 1600109, 1600114, 1600135, 1700139, 1700150, 1700155, 1703439, 1703500, 1703611, 1703884, 1703895, 1703900, 1707179, 1707240, 1707351, 1707624, 1707635, 1707640, 1710919, 1710980, 1711091, 1711364, 1711375, 1711380, 1714659, 1714720, 1714831, 1800125, 1800127, 1800148, 1800153, 1803697, 1803699, 1803719, 1803724;26, 27, 301, 35, 36, 305, 390, 391, 668, 37, 39, 376, 378, 25, 532, 533, 38, 355, 392, 393, 709, 746, 747, 1064, 1101, 1102, 1418, 363, 512, 825, 857, 1168, 1200, 1503, 30, 32, 369, 370, 432, 433, 765, 766, 787, 828, 829, 1161, 1162, 1183, 1224, 1225, 1557, 1558, 1579, 1138, 1139, 1511, 1512;"{""total_rows"":84,""count_ok_importar"":84,""count_ok_eliminar"":0,""count_pending"":0,""count_review_action"":0,""count_other"":0}";import;qa_ok_importar_found
304017008079;HEX SCREW;M 8 X 20;0.012 KGM;import;qa_ok_importar_found;true;354;12V4000M40A, 12V4000M53, 12V4000M70, 16V4000M61, 16V4000M73, 16V4000M73L, 16V4000M90, 20V4000M93, 20V4000M93L;1101829, 1101830, 1101831, 1101832, 1101833, 1101834, 1101835, 1101836, 1101837, 1101838, 1200226, 1200239, 1200253, 1200375, 1200659, 1200830, 1201932, 1201944, 1202294, 1202525, 1202531, 1202538, 1202540, 1202545, 1202547, 1202555, 1202557, 1202562, 1203369, 1203382, 1203396, 1203516, 1203799, 1203969, 1205071, 1205083, 1205435, 1205685, 1205691, 1205698, 1205700, 1205705, 1205707, 1205715, 1205717, 1205722, 1900099, 1900278, 1900672, 1900784, 1900827, 1901959, 1902236, 1902539, 1902718, 1903114, 1903226, 1903269, 1904346, 1904623, 1300098, 1300266, 1300650, 1300661, 1300700, 1300714, 1301510, 1301583, 1302142, 1303020, 1303188, 1303561, 1303572, 1303611, 1303625, 1304423, 1304495, 1304913, 1400240, 1400254, 1400396, 1400833, 1401941, 1401956, 1401981, 1402002, 1402231, 1402853, 1402862, 1402864, 1402880, 1402901, 1402920, 1402935, 1402956, 1403409, 1403423, 1403562, 1404002, 1405110, 1405125, 1405150, 1405171, 1405400, 1406022, 1406031, 1406033, 1406049, 1406070, 1406089, 1406104, 1406125, 1406578, 1406592, 1406731, 1407171, 1408288, 1408303, 1408328, 1408349, 1408578, 1409200, 1409209, 1409211, 1409227, 1409248, 1409267, 1409282, 1409303, 1409756, 1409770, 1409909, 1410349, 1411469, 1411484, 1411509, 1411530, 1411756, 1412403, 1412412, 1412414, 1412430, 1412451, 1412470, 1412485, 1412506, 1500167, 1500295, 1500657, 1501705, 1501780, 1502378, 1503373, 1503501, 1503863, 1504912, 1504987, 1505415, 1505836, 1505964, 1506326, 1507375, 1507450, 1507908, 1508323, 1508451, 1508814, 1509863, 1509938, 1510398, 1600106, 1600297, 1600764, 1600777, 1600819, 1600832, 1601509, 1601674, 1602268, 1602358, 1602366, 1602388, 1700178, 1700216, 1700268, 1700382, 1700818, 1701178, 1701357, 1701983, 1701990, 1702005, 1702018, 1702061, 1702103, 1702345, 1702378, 1702391, 1702471, 1702502, 1702536, 1702545, 1702593, 1702624, 1703340, 1703358, 1703391, 1703419, 1703445, 1703470, 1703497, 1703671, 1703922, 1703960, 1704012, 1704127, 1704564, 1704918, 1705097, 1705723, 1705730, 1705745, 1705758, 1705801, 1705843, 1706085, 1706118, 1706131, 1706211, 1706242, 1706276, 1706285, 1706333, 1706364, 1707080, 1707098, 1707131, 1707159, 1707185, 1707210, 1707237, 1707411, 1707662, 1707700, 1707752, 1707867, 1708304, 1708658, 1708837, 1709463, 1709470, 1709485, 1709498, 1709541, 1709583, 1709825, 1709858, 1709871, 1709951, 1709982, 1710016, 1710025, 1710073, 1710104, 1710820, 1710838, 1710871, 1710899, 1710925, 1710950, 1710977, 1711151, 1711402, 1711440, 1711492, 1711607, 1712047, 1712407, 1712584, 1713208, 1713215, 1713230, 1713243, 1713285, 1713326, 1713569, 1713602, 1713615, 1713695, 1713726, 1713760, 1713769, 1713817, 1713848, 1714560, 1714578, 1714611, 1714639, 1714665, 1714690, 1714717, 1714892, 1800175, 1800213, 1800264, 1800373, 1800791, 1800841, 1800911, 1800972, 1801034, 1801144, 1801323, 1801715, 1802396, 1802412, 1802427, 1802443, 1802523, 1802554, 1802588, 1802597, 1802645, 1802676, 1803177, 1803221, 1803260, 1803277, 1803746, 1803785, 1803837, 1803946, 1804397, 1804447, 1804517, 1804578, 1804640, 1804750, 1804929, 1805374, 1806055, 1806071, 1806086, 1806102, 1806182, 1806213, 1806247, 1806256, 1806304, 1806335, 1806859, 1806903, 1806942, 1806959;26, 48, 98, 120, 121, 126, 127, 252, 258, 331, 41, 61, 108, 122, 239, 276, 305, 306, 396, 416, 463, 477, 594, 633, 668, 669, 37, 60, 118, 130, 134, 265, 317, 376, 399, 457, 469, 473, 602, 654, 25, 44, 115, 116, 233, 244, 348, 532, 551, 619, 620, 625, 626, 735, 745, 817, 66, 135, 253, 272, 330, 332, 398, 420, 489, 606, 607, 684, 685, 686, 752, 774, 843, 961, 962, 981, 1039, 1040, 1041, 1107, 1129, 1198, 1315, 1316, 1335, 1393, 1394, 1395, 33, 53, 248, 343, 518, 538, 734, 738, 805, 863, 883, 951, 1079, 1083, 1148, 1206, 1226, 1294, 1415, 1419, 1483, 30, 128, 133, 215, 223, 319, 40, 63, 167, 189, 251, 279, 280, 285, 286, 287, 288, 367, 368, 369, 370, 394, 436, 437, 459, 530, 563, 585, 647, 648, 649, 675, 676, 681, 682, 683, 763, 764, 765, 766, 790, 832, 833, 855, 926, 959, 1043, 1044, 1045, 1071, 1072, 1077, 1078, 1080, 1159, 1160, 1161, 1162, 1186, 1228, 1229, 1251, 1322, 1355, 1377, 1439, 1440, 1441, 1467, 1468, 1473, 1474, 1475, 1476, 1555, 1556, 1557, 1558, 1582, 1142, 1143, 1163, 1233, 1238, 1245, 1248, 1265, 1286, 1331, 1387, 1388, 1396, 1397, 1458, 1459, 1460, 1515, 1516, 1536, 1610, 1615, 1622, 1625, 1628, 1642, 1663, 1711, 1767, 1768, 1774, 1775, 1776, 1777, 1842, 1843, 1844;"{""total_rows"":354,""count_ok_importar"":354,""count_ok_eliminar"":0,""count_pending"":0,""count_review_action"":0,""count_other"":0}";import;qa_ok_importar_found
304017008080;HEX SCREW;M 8 X 25;0.013 KGM;import;qa_ok_importar_found;true;12;12V4000M40A, 12V4000M53, 16V4000M61, 16V4000M90, 20V4000M93, 20V4000M93L;1101839, 1202329, 1205470, 1300626, 1303537, 1600577, 1702566, 1706306, 1710046, 1713790, 1802618, 1806277;115, 281, 638, 112, 616, 116, 287, 683, 1079, 1475, 1396, 1776;"{""total_rows"":12,""count_ok_importar"":12,""count_ok_eliminar"":0,""count_pending"":0,""count_review_action"":0,""count_other"":0}";import;qa_ok_importar_found
304017008081;HEX SCREW;M 8 X 25;0.013 KGM;import;qa_ok_importar_found;true;428;12V4000M40A, 12V4000M53, 12V4000M70, 16V4000M61, 16V4000M73, 16V4000M73L, 16V4000M90, 20V4000M93, 20V4000M93L;1101840, 1101841, 1101842, 1101843, 1101844, 1101845, 1101846, 1101847, 1101848, 1200132, 1200142, 1200147, 1200183, 1200190, 1200193, 1200206, 1200274, 1200606, 1201024, 1201051, 1201060, 1201078, 1201216, 1201478, 1201645, 1202313, 1202419, 1202442, 1202529, 1202536, 1202543, 1202553, 1203063, 1203274, 1203284, 1203289, 1203325, 1203332, 1203335, 1203349, 1203418, 1203744, 1204163, 1204190, 1204199, 1204217, 1204355, 1204617, 1204784, 1205454, 1205579, 1205602, 1205689, 1205696, 1205703, 1205713, 1206223, 1900103, 1900119, 1900128, 1900504, 1900734, 1900763, 1900972, 1901032, 1901714, 1901781, 1902191, 1902231, 1902543, 1902559, 1902568, 1902944, 1903176, 1903205, 1903414, 1903474, 1904101, 1904168, 1904578, 1904618, 1300102, 1300124, 1300474, 1300561, 1300825, 1300872, 1301439, 1302137, 1303024, 1303046, 1303397, 1303484, 1303736, 1303783, 1304352, 1304908, 1400140, 1400151, 1400156, 1400622, 1400663, 1401045, 1401057, 1401076, 1401274, 1401482, 1401506, 1401795, 1401934, 1401943, 1401951, 1401980, 1401990, 1402239, 1402521, 1402531, 1402786, 1402805, 1402849, 1402866, 1402926, 1402943, 1403311, 1403322, 1403327, 1403791, 1403832, 1404214, 1404226, 1404245, 1404443, 1404651, 1404675, 1404964, 1405103, 1405112, 1405120, 1405149, 1405159, 1405408, 1405690, 1405700, 1405955, 1405974, 1406018, 1406035, 1406095, 1406112, 1406480, 1406491, 1406496, 1406960, 1407001, 1407383, 1407395, 1407414, 1407612, 1407829, 1407853, 1408142, 1408281, 1408290, 1408298, 1408327, 1408337, 1408586, 1408868, 1408878, 1409133, 1409152, 1409196, 1409213, 1409273, 1409290, 1409658, 1409669, 1409674, 1410138, 1410179, 1410561, 1410573, 1410592, 1410790, 1411007, 1411031, 1411321, 1411462, 1411471, 1411479, 1411508, 1411518, 1411764, 1412070, 1412081, 1412335, 1412355, 1412399, 1412416, 1412476, 1412493, 1500097, 1500504, 1500863, 1500883, 1501042, 1501233, 1501269, 1501720, 1501755, 1501826, 1502072, 1502342, 1503303, 1503710, 1504070, 1504090, 1504249, 1504440, 1504476, 1504927, 1504962, 1505033, 1505279, 1505379, 1505766, 1506173, 1506533, 1506553, 1506712, 1506903, 1506939, 1507390, 1507425, 1507496, 1507776, 1507872, 1508253, 1508661, 1509017, 1509037, 1509196, 1509389, 1509425, 1509878, 1509913, 1509984, 1510265, 1510362, 1600110, 1600126, 1600136, 1600507, 1600664, 1600976, 1601033, 1601534, 1601600, 1601679, 1601687, 1602069, 1602263, 1602336, 1602372, 1700140, 1700151, 1700156, 1700620, 1700661, 1701159, 1701185, 1701208, 1701246, 1701379, 1701420, 1701448, 1701610, 1702078, 1702081, 1702202, 1702336, 1702383, 1702539, 1702548, 1702935, 1703010, 1703329, 1703354, 1703364, 1703433, 1703453, 1703487, 1703644, 1703885, 1703896, 1703901, 1704366, 1704407, 1704899, 1704925, 1704948, 1704986, 1705119, 1705160, 1705188, 1705350, 1705818, 1705821, 1705942, 1706076, 1706123, 1706279, 1706288, 1706675, 1706750, 1707069, 1707094, 1707104, 1707173, 1707193, 1707227, 1707384, 1707625, 1707636, 1707641, 1708106, 1708147, 1708639, 1708665, 1708688, 1708726, 1708859, 1708900, 1708928, 1709090, 1709558, 1709561, 1709682, 1709816, 1709863, 1710019, 1710028, 1710415, 1710490, 1710809, 1710834, 1710844, 1710913, 1710933, 1710967, 1711124, 1711365, 1711376, 1711381, 1711846, 1711887, 1712388, 1712414, 1712437, 1712474, 1712606, 1712647, 1712675, 1712837, 1713302, 1713305, 1713426, 1713560, 1713607, 1713763, 1713772, 1714158, 1714232, 1714549, 1714574, 1714584, 1714653, 1714673, 1714707, 1714863, 1800128, 1800149, 1800154, 1800598, 1800638, 1801126, 1801151, 1801171, 1801210, 1801345, 1801386, 1801414, 1801499, 1801786, 1802388, 1802432, 1802591, 1802600, 1803000, 1803118, 1803149, 1803168, 1803183, 1803233, 1803700, 1803720, 1803725, 1804170, 1804210, 1804732, 1804757, 1804777, 1804816, 1804951, 1804992, 1805020, 1805105, 1805445, 1806047, 1806091, 1806250, 1806259, 1806658, 1806779, 1806831, 1806850, 1806865, 1806915;26, 27, 92, 98, 105, 144, 238, 257, 331, 35, 36, 40, 41, 42, 107, 146, 149, 151, 164, 204, 216, 278, 303, 304, 305, 306, 349, 390, 391, 395, 396, 397, 462, 501, 504, 506, 519, 559, 571, 635, 666, 667, 668, 669, 712, 37, 38, 39, 106, 126, 129, 155, 162, 251, 252, 317, 376, 377, 378, 445, 465, 468, 494, 588, 589, 643, 654, 25, 90, 96, 143, 150, 231, 348, 532, 533, 597, 603, 647, 733, 817, 115, 116, 159, 181, 205, 235, 253, 272, 299, 300, 329, 330, 332, 392, 393, 469, 470, 513, 516, 535, 606, 607, 626, 653, 683, 684, 685, 686, 746, 747, 823, 824, 867, 870, 889, 914, 944, 961, 962, 981, 1008, 1009, 1038, 1039, 1040, 1041, 1101, 1102, 1178, 1179, 1222, 1225, 1244, 1269, 1298, 1315, 1316, 1335, 1362, 1363, 1392, 1393, 1394, 1395, 169, 196, 198, 248, 250, 296, 342, 512, 590, 632, 655, 682, 734, 736, 739, 782, 804, 857, 935, 977, 980, 1000, 1027, 1029, 1079, 1081, 1084, 1127, 1147, 1200, 1278, 1318, 1321, 1340, 1365, 1367, 1415, 1417, 1420, 1462, 1482, 30, 31, 32, 102, 120, 147, 154, 220, 221, 223, 285, 319, 167, 170, 175, 189, 190, 207, 262, 279, 286, 318, 367, 369, 370, 432, 433, 511, 563, 566, 585, 586, 648, 658, 675, 714, 728, 763, 765, 766, 788, 828, 829, 907, 908, 959, 967, 982, 999, 1044, 1054, 1071, 1078, 1110, 1124, 1159, 1161, 1162, 1184, 1224, 1303, 1304, 1355, 1358, 1377, 1378, 1440, 1450, 1467, 1474, 1506, 1520, 1555, 1557, 1558, 1580, 1138, 1139, 1215, 1216, 1265, 1267, 1273, 1286, 1287, 1295, 1332, 1387, 1427, 1448, 1457, 1458, 1459, 1511, 1512, 1588, 1589, 1642, 1644, 1650, 1663, 1664, 1672, 1712, 1767, 1775, 1807, 1828, 1841, 1842, 1843;"{""total_rows"":428,""count_ok_importar"":428,""count_ok_eliminar"":0,""count_pending"":0,""count_review_action"":0,""count_other"":0}";import;qa_ok_importar_found
304017008082;HEX SCREW;M 8 X 30;15 G M 8 X 30;import;qa_ok_importar_found;true;5;12V4000M70, 16V4000M61, 16V4000M90;1900952, 1903394, 1300807, 1303718, 1600956;154, 493, 142, 646, 146;"{""total_rows"":5,""count_ok_importar"":5,""count_ok_eliminar"":0,""count_pending"":0,""count_review_action"":0,""count_other"":0}";import;qa_ok_importar_found
304017008083;HEX SCREW;M 8 X 30;0.015 KGM;import;qa_ok_importar_found;true;319;12V4000M40A, 12V4000M53, 12V4000M70, 16V4000M61, 16V4000M73, 16V4000M73L, 16V4000M90, 20V4000M93, 20V4000M93L;1101849, 1101850, 1101851, 1101852, 1101853, 1101854, 1101855, 1101856, 1101857, 1101858, 1101859, 1200243, 1200250, 1200254, 1200260, 1200300, 1200611, 1200644, 1200689, 1200715, 1200784, 1201004, 1201025, 1201046, 1201056, 1201062, 1201110, 1201530, 1201545, 1201564, 1201853, 1201885, 1201902, 1201924, 1201935, 1201949, 1201987, 1202008, 1202491, 1202493, 1202590, 1203386, 1203393, 1203397, 1203404, 1203444, 1203750, 1203784, 1203829, 1203854, 1203922, 1204143, 1204164, 1204185, 1204195, 1204201, 1204249, 1204669, 1204684, 1204703, 1204992, 1205024, 1205041, 1205063, 1205074, 1205088, 1205125, 1205147, 1205651, 1205653, 1205750, 1900144, 1900320, 1900517, 1900606, 1900687, 1900925, 1901272, 1901401, 1901536, 1901560, 1901758, 1902584, 1902760, 1902957, 1903047, 1903129, 1903367, 1903714, 1903788, 1903923, 1903947, 1904145, 1300138, 1300308, 1300487, 1300780, 1300964, 1301161, 1301463, 1302156, 1303060, 1303230, 1303410, 1303691, 1303875, 1304074, 1304376, 1304927, 1400245, 1400251, 1400255, 1400261, 1400319, 1400788, 1400795, 1401062, 1401929, 1402187, 1402220, 1402234, 1402792, 1402916, 1402932, 1403414, 1403420, 1403424, 1403430, 1403487, 1403957, 1403964, 1404231, 1405098, 1405356, 1405389, 1405403, 1405961, 1406085, 1406101, 1406583, 1406589, 1406593, 1406599, 1406656, 1407126, 1407133, 1407400, 1408276, 1408534, 1408567, 1408581, 1409139, 1409263, 1409279, 1409761, 1409767, 1409771, 1409777, 1409834, 1410304, 1410311, 1410578, 1411457, 1411712, 1411745, 1411759, 1412342, 1412466, 1412482, 1500169, 1500222, 1500616, 1500869, 1501697, 1501815, 1502347, 1503375, 1503428, 1503822, 1504076, 1504904, 1505022, 1505384, 1505838, 1505891, 1506285, 1506539, 1507367, 1507485, 1507877, 1508325, 1508378, 1508773, 1509023, 1509855, 1509973, 1510367, 1600150, 1600336, 1600519, 1600928, 1601173, 1601284, 1601422, 1601446, 1601577, 1601629, 1601693, 1602300, 1602331, 1602370, 1700217, 1700225, 1700236, 1700305, 1700773, 1700780, 1701179, 1701194, 1701353, 1702361, 1702386, 1702474, 1702616, 1702659, 1703422, 1703436, 1703442, 1703507, 1703649, 1703961, 1703969, 1703980, 1704050, 1704519, 1704526, 1704919, 1704934, 1705093, 1706101, 1706126, 1706214, 1706356, 1706399, 1707162, 1707176, 1707182, 1707247, 1707389, 1707701, 1707709, 1707720, 1707790, 1708259, 1708266, 1708659, 1708674, 1708833, 1709841, 1709866, 1709954, 1710096, 1710139, 1710902, 1710916, 1710922, 1710987, 1711129, 1711441, 1711449, 1711460, 1711530, 1712002, 1712009, 1712408, 1712423, 1712580, 1713585, 1713610, 1713698, 1713840, 1713883, 1714642, 1714656, 1714662, 1714727, 1714869, 1800214, 1800222, 1800233, 1800268, 1800295, 1800746, 1800753, 1801145, 1801157, 1801319, 1801857, 1802353, 1802435, 1802526, 1802668, 1802711, 1803786, 1803794, 1803805, 1803842, 1803869, 1804352, 1804359, 1804751, 1804763, 1804925, 1805516, 1806012, 1806094, 1806185, 1806327, 1806370;29, 50, 92, 97, 160, 195, 213, 221, 244, 257, 332, 41, 42, 48, 107, 108, 111, 112, 145, 146, 149, 152, 238, 239, 240, 241, 305, 307, 396, 397, 403, 462, 463, 466, 467, 500, 501, 504, 507, 568, 593, 594, 595, 596, 668, 670, 65, 106, 114, 118, 151, 190, 205, 227, 228, 252, 380, 404, 445, 453, 457, 490, 529, 542, 564, 565, 589, 28, 49, 90, 139, 163, 232, 349, 535, 556, 597, 643, 667, 692, 734, 818, 44, 55, 131, 162, 271, 272, 329, 398, 409, 485, 516, 606, 625, 626, 683, 686, 752, 763, 839, 870, 961, 980, 981, 1038, 1041, 1107, 1118, 1194, 1225, 1315, 1334, 1335, 1392, 1395, 33, 43, 117, 248, 342, 518, 528, 602, 635, 738, 804, 863, 873, 947, 1079, 1083, 1147, 1206, 1216, 1290, 1321, 1415, 1419, 1482, 34, 60, 102, 143, 170, 185, 206, 222, 223, 318, 319, 52, 130, 167, 189, 279, 285, 288, 368, 369, 370, 392, 437, 448, 526, 563, 566, 585, 675, 681, 684, 764, 765, 766, 788, 833, 844, 922, 959, 962, 1071, 1077, 1080, 1160, 1161, 1162, 1184, 1229, 1240, 1318, 1355, 1358, 1377, 1467, 1473, 1476, 1556, 1557, 1558, 1580, 1143, 1144, 1152, 1230, 1265, 1267, 1286, 1383, 1387, 1394, 1397, 1516, 1517, 1525, 1607, 1642, 1644, 1663, 1714, 1763, 1767, 1774, 1777;"{""total_rows"":319,""count_ok_importar"":319,""count_ok_eliminar"":0,""count_pending"":0,""count_review_action"":0,""count_other"":0}";import;qa_ok_importar_found
304017008084;HEX SCREW;M 8 X 35;0.016 KGM;import;qa_ok_importar_found;true;358;12V4000M40A, 12V4000M53, 12V4000M70, 16V4000M61, 16V4000M73, 16V4000M73L, 16V4000M90, 20V4000M93, 20V4000M93L;1101860, 1101861, 1101862, 1101863, 1101864, 1101865, 1101866, 1200219, 1200231, 1200234, 1200706, 1200749, 1200754, 1201005, 1201115, 1201278, 1201536, 1201556, 1201582, 1201846, 1201941, 1201947, 1202048, 1202410, 1202461, 1202571, 1203362, 1203374, 1203377, 1203845, 1203888, 1203892, 1204144, 1204254, 1204416, 1204675, 1204695, 1204721, 1204985, 1205080, 1205086, 1205187, 1205570, 1205621, 1205731, 1900854, 1900904, 1900960, 1901531, 1901533, 1901558, 1901563, 1901766, 1902193, 1903296, 1903346, 1903402, 1903918, 1903920, 1903945, 1903950, 1904153, 1904580, 1300651, 1300701, 1300815, 1301294, 1301467, 1302187, 1303562, 1303612, 1303726, 1304207, 1304380, 1304958, 1400220, 1400225, 1400235, 1400274, 1400595, 1400803, 1401098, 1401337, 1401515, 1401977, 1402071, 1402168, 1402268, 1402869, 1403389, 1403394, 1403404, 1403442, 1403765, 1403972, 1404267, 1404505, 1404684, 1405146, 1405240, 1405337, 1405437, 1406038, 1406558, 1406563, 1406573, 1406611, 1406934, 1407141, 1407436, 1407674, 1407862, 1408324, 1408418, 1408515, 1408615, 1409216, 1409736, 1409741, 1409751, 1409789, 1410112, 1410319, 1410614, 1410852, 1411040, 1411505, 1411598, 1411693, 1411794, 1412419, 1500141, 1500465, 1500628, 1500905, 1501100, 1501303, 1501598, 1501728, 1501801, 1502074, 1502385, 1503347, 1503671, 1503834, 1504112, 1504307, 1504510, 1504805, 1504935, 1505008, 1505281, 1505422, 1505810, 1506134, 1506297, 1506575, 1506770, 1506973, 1507268, 1507398, 1507471, 1507738, 1507778, 1507915, 1508297, 1508622, 1508785, 1509059, 1509255, 1509459, 1509753, 1509886, 1509959, 1510227, 1510267, 1510405, 1600765, 1600820, 1600867, 1600918, 1600964, 1601585, 1601651, 1602071, 1602343, 1700168, 1700183, 1700199, 1700272, 1700592, 1700788, 1701180, 1701231, 1701310, 1701375, 1701416, 1701512, 1702413, 1702542, 1702553, 1702571, 1702585, 1702596, 1702605, 1702609, 1702621, 1702627, 1702632, 1702662, 1702692, 1702704, 1703012, 1703370, 1703484, 1703913, 1703927, 1703943, 1704016, 1704340, 1704534, 1704920, 1704971, 1705050, 1705115, 1705156, 1705251, 1706153, 1706282, 1706293, 1706311, 1706325, 1706336, 1706345, 1706349, 1706361, 1706367, 1706372, 1706402, 1706432, 1706444, 1706752, 1707110, 1707224, 1707653, 1707667, 1707683, 1707756, 1708080, 1708274, 1708660, 1708711, 1708790, 1708855, 1708896, 1708991, 1709893, 1710022, 1710033, 1710051, 1710065, 1710076, 1710085, 1710089, 1710101, 1710107, 1710112, 1710142, 1710172, 1710184, 1710492, 1710850, 1710964, 1711393, 1711407, 1711423, 1711496, 1711820, 1712017, 1712409, 1712461, 1712537, 1712602, 1712643, 1712737, 1713637, 1713766, 1713777, 1713795, 1713809, 1713820, 1713829, 1713833, 1713845, 1713851, 1713856, 1713886, 1713916, 1713928, 1714234, 1714590, 1714704, 1800166, 1800180, 1800196, 1800557, 1800761, 1800770, 1801146, 1801194, 1801274, 1801341, 1801382, 1801547, 1802463, 1802594, 1802605, 1802623, 1802637, 1802648, 1802657, 1802661, 1802673, 1802679, 1802684, 1802714, 1802744, 1802756, 1803120, 1803155, 1803737, 1803751, 1803767, 1804128, 1804367, 1804376, 1804752, 1804800, 1804880, 1804947, 1804988, 1805153, 1806122, 1806253, 1806264, 1806282, 1806296, 1806307, 1806316, 1806320, 1806332, 1806338, 1806343, 1806373, 1806403, 1806415, 1806781, 1806837;120, 126, 131, 220, 239, 244, 332, 41, 111, 112, 145, 152, 171, 213, 214, 238, 243, 303, 304, 306, 396, 466, 467, 500, 507, 526, 568, 569, 593, 594, 598, 666, 667, 669, 138, 139, 154, 227, 228, 252, 477, 478, 493, 564, 565, 589, 643, 115, 121, 142, 210, 232, 349, 619, 625, 646, 712, 734, 818, 44, 45, 106, 162, 186, 205, 253, 257, 271, 273, 331, 398, 399, 460, 485, 516, 540, 559, 607, 611, 627, 685, 752, 753, 814, 839, 870, 894, 914, 962, 966, 980, 982, 1040, 1107, 1108, 1169, 1194, 1225, 1249, 1269, 1316, 1320, 1334, 1336, 1394, 32, 92, 117, 149, 174, 199, 234, 249, 296, 343, 517, 577, 602, 635, 660, 720, 735, 738, 782, 805, 862, 922, 947, 1005, 1030, 1065, 1080, 1083, 1121, 1127, 1148, 1205, 1265, 1290, 1321, 1345, 1368, 1401, 1416, 1419, 1456, 1462, 1483, 127, 133, 146, 221, 222, 285, 319, 40, 42, 105, 130, 167, 170, 185, 189, 190, 196, 280, 286, 287, 288, 289, 367, 370, 436, 438, 501, 563, 566, 581, 585, 586, 592, 676, 682, 683, 684, 728, 763, 766, 832, 834, 897, 959, 977, 981, 988, 1072, 1078, 1079, 1081, 1124, 1159, 1162, 1228, 1230, 1293, 1318, 1355, 1358, 1373, 1377, 1378, 1384, 1468, 1474, 1475, 1476, 1477, 1520, 1555, 1558, 1142, 1203, 1231, 1267, 1282, 1286, 1287, 1298, 1388, 1395, 1396, 1397, 1398, 1448, 1457, 1515, 1576, 1607, 1608, 1642, 1644, 1659, 1663, 1664, 1675, 1768, 1775, 1776, 1777, 1778, 1828, 1841;"{""total_rows"":358,""count_ok_importar"":358,""count_ok_eliminar"":0,""count_pending"":0,""count_review_action"":0,""count_other"":0}";import;qa_ok_importar_found
304017008085;HEX SCREW;M 8 X 40;0.018 KGM;import;qa_ok_importar_found;true;292;12V4000M40A, 12V4000M53, 12V4000M70, 16V4000M61, 16V4000M73, 16V4000M73L, 16V4000M90, 20V4000M93, 20V4000M93L;1101867, 1101868, 1101869, 1101870, 1101871, 1101872, 1101873, 1101874, 1101875, 1200390, 1200482, 1200633, 1200662, 1200722, 1200729, 1200735, 1200789, 1201423, 1201519, 1201968, 1202114, 1202132, 1203530, 1203624, 1203773, 1203802, 1203861, 1203868, 1203874, 1203927, 1204562, 1204658, 1205106, 1205253, 1205271, 1900513, 1900764, 1900855, 1900905, 1900929, 1900933, 1901168, 1901723, 1901782, 1901958, 1902234, 1902953, 1903206, 1903297, 1903347, 1903371, 1903375, 1903610, 1904110, 1904169, 1904345, 1904621, 1300483, 1300784, 1300788, 1300902, 1301291, 1301444, 1301582, 1302140, 1303406, 1303695, 1303699, 1303813, 1304204, 1304357, 1304494, 1304911, 1400190, 1400214, 1400404, 1400502, 1400647, 1400656, 1400679, 1400840, 1401468, 1401745, 1401806, 1402026, 1402044, 1402153, 1402246, 1403360, 1403384, 1403570, 1403671, 1403816, 1403825, 1403848, 1404009, 1404637, 1404914, 1404975, 1405195, 1405213, 1405322, 1405415, 1406529, 1406553, 1406739, 1406840, 1406985, 1406994, 1407017, 1407178, 1407815, 1408092, 1408153, 1408373, 1408391, 1408500, 1408593, 1409707, 1409731, 1409917, 1410018, 1410163, 1410172, 1410195, 1410356, 1410993, 1411270, 1411332, 1411554, 1411572, 1411678, 1411771, 1500162, 1500304, 1500378, 1500470, 1500480, 1500521, 1500662, 1501240, 1501281, 1501508, 1501612, 1501794, 1503368, 1503510, 1503584, 1503676, 1503686, 1503727, 1503868, 1504447, 1504488, 1504715, 1504819, 1505001, 1505831, 1505973, 1506047, 1506139, 1506149, 1506190, 1506331, 1506910, 1506951, 1507178, 1507282, 1507464, 1508318, 1508460, 1508535, 1508627, 1508637, 1508678, 1508819, 1509396, 1509437, 1509666, 1509768, 1509952, 1600515, 1600868, 1600919, 1600932, 1600937, 1601079, 1601421, 1601445, 1601508, 1601543, 1601602, 1601621, 1602266, 1700491, 1700645, 1700654, 1700677, 1700823, 1701395, 1701949, 1702074, 1702120, 1702277, 1702295, 1702372, 1702519, 1702556, 1702639, 1704241, 1704391, 1704400, 1704423, 1704569, 1705135, 1705689, 1705814, 1705860, 1706017, 1706035, 1706112, 1706259, 1706296, 1706379, 1707981, 1708131, 1708140, 1708163, 1708309, 1708875, 1709429, 1709554, 1709600, 1709757, 1709775, 1709852, 1709999, 1710036, 1710119, 1711721, 1711871, 1711880, 1711903, 1712052, 1712622, 1713174, 1713298, 1713343, 1713501, 1713519, 1713596, 1713743, 1713780, 1713863, 1800463, 1800564, 1800575, 1800623, 1800632, 1800654, 1800798, 1801361, 1801762, 1801782, 1801815, 1801824, 1802102, 1802188, 1802333, 1802421, 1802572, 1802608, 1802691, 1804036, 1804135, 1804146, 1804195, 1804204, 1804226, 1804404, 1804967, 1805421, 1805441, 1805474, 1805483, 1805761, 1805847, 1805992, 1806080, 1806231, 1806267, 1806350;92, 131, 135, 152, 180, 213, 252, 257, 331, 63, 80, 108, 111, 112, 195, 240, 251, 418, 435, 463, 466, 467, 550, 568, 595, 606, 607, 106, 129, 138, 139, 151, 153, 178, 265, 317, 445, 468, 477, 478, 490, 492, 517, 588, 589, 602, 654, 90, 141, 154, 210, 231, 244, 348, 597, 643, 645, 658, 712, 733, 745, 817, 43, 68, 87, 116, 204, 235, 255, 256, 270, 272, 397, 422, 441, 470, 489, 558, 585, 609, 610, 624, 626, 751, 776, 795, 824, 843, 913, 940, 944, 964, 965, 979, 981, 1106, 1131, 1150, 1179, 1198, 1268, 1294, 1298, 1318, 1319, 1333, 1335, 32, 55, 74, 94, 95, 105, 121, 196, 198, 223, 237, 540, 559, 579, 580, 590, 682, 684, 709, 723, 738, 862, 885, 904, 924, 925, 935, 951, 1027, 1029, 1054, 1068, 1083, 1205, 1228, 1247, 1267, 1278, 1365, 1367, 1391, 1404, 1419, 102, 143, 145, 162, 205, 206, 215, 220, 221, 222, 84, 134, 189, 247, 253, 273, 279, 286, 287, 288, 480, 512, 530, 648, 649, 668, 669, 675, 683, 876, 908, 926, 1039, 1044, 1045, 1064, 1065, 1071, 1078, 1079, 1080, 1272, 1304, 1322, 1377, 1435, 1440, 1441, 1460, 1461, 1467, 1474, 1475, 1476, 1184, 1206, 1216, 1233, 1286, 1331, 1332, 1357, 1364, 1382, 1387, 1395, 1396, 1397, 1557, 1578, 1579, 1589, 1610, 1663, 1711, 1712, 1713, 1737, 1744, 1762, 1767, 1775, 1776, 1777;"{""total_rows"":292,""count_ok_importar"":292,""count_ok_eliminar"":0,""count_pending"":0,""count_review_action"":0,""count_other"":0}";import;qa_ok_importar_found
304017008086;HEX SCREW;M 8 X 45;0.019 KGM;import;qa_ok_importar_found;true;290;12V4000M40A, 12V4000M53, 12V4000M70, 16V4000M61, 16V4000M73, 16V4000M73L, 16V4000M90, 20V4000M93, 20V4000M93L;1101876, 1101877, 1101878, 1101879, 1101880, 1101881, 1101882, 1101883, 1101884, 1101885, 1101886, 1101887, 1101888, 1200187, 1200800, 1200827, 1201571, 1201589, 1201597, 1201621, 1201635, 1201649, 1201680, 1201958, 1201999, 1202299, 1202306, 1202309, 1202451, 1202458, 1203329, 1203940, 1203966, 1204710, 1204728, 1204736, 1204760, 1204774, 1204788, 1204819, 1205096, 1205137, 1205440, 1205447, 1205450, 1205611, 1205618, 1900077, 1900592, 1900653, 1900871, 1900876, 1900882, 1900892, 1900896, 1901162, 1901638, 1901642, 1901952, 1901973, 1902088, 1902517, 1903033, 1903095, 1903313, 1903318, 1903324, 1903334, 1903338, 1903604, 1904025, 1904029, 1904339, 1904360, 1904475, 1300079, 1300525, 1300897, 1301371, 1301593, 1301611, 1301732, 1303001, 1303448, 1303808, 1304284, 1304505, 1304523, 1304644, 1400685, 1400691, 1400817, 1401476, 1401501, 1401510, 1401814, 1401831, 1402171, 1402177, 1402196, 1402202, 1402208, 1402240, 1402276, 1402286, 1402495, 1402513, 1402519, 1402524, 1402878, 1403854, 1403860, 1403986, 1404645, 1404670, 1404679, 1404983, 1405000, 1405340, 1405346, 1405365, 1405371, 1405377, 1405409, 1405445, 1405455, 1405664, 1405682, 1405688, 1405693, 1406047, 1407023, 1407029, 1407155, 1407823, 1407848, 1407857, 1408161, 1408178, 1408518, 1408524, 1408543, 1408549, 1408555, 1408587, 1408623, 1408633, 1408842, 1408860, 1408866, 1408871, 1409225, 1410201, 1410207, 1410333, 1411001, 1411026, 1411035, 1411340, 1411357, 1411696, 1411702, 1411721, 1411727, 1411733, 1411765, 1411802, 1411812, 1412043, 1412062, 1412068, 1412073, 1412428, 1500541, 1500637, 1501243, 1501250, 1501266, 1501750, 1501803, 1502390, 1503747, 1503843, 1504450, 1504457, 1504473, 1504957, 1505010, 1505427, 1506210, 1506306, 1506913, 1506920, 1506936, 1507420, 1507473, 1507920, 1508698, 1508794, 1509399, 1509406, 1509422, 1509908, 1509961, 1510410, 1600084, 1600615, 1600650, 1600713, 1600877, 1600887, 1600897, 1600908, 1600912, 1601073, 1601523, 1601721, 1601744, 1601748, 1601918, 1700683, 1700689, 1700802, 1701384, 1701425, 1701453, 1701986, 1702035, 1702068, 1702114, 1702139, 1702205, 1702643, 1704429, 1704435, 1704548, 1705124, 1705165, 1705193, 1705726, 1705775, 1705808, 1705854, 1705879, 1705945, 1706383, 1708169, 1708175, 1708288, 1708864, 1708905, 1708933, 1709466, 1709515, 1709548, 1709594, 1709619, 1709685, 1710123, 1711909, 1711915, 1712031, 1712611, 1712652, 1712680, 1713211, 1713259, 1713292, 1713337, 1713361, 1713429, 1713867, 1800635, 1800658, 1800776, 1801350, 1801391, 1801419, 1801712, 1802129, 1802695, 1804207, 1804230, 1804382, 1804956, 1804997, 1805025, 1805371, 1805788, 1806354;22, 98, 104, 131, 152, 221, 230, 238, 244, 251, 252, 257, 286, 40, 117, 122, 214, 216, 217, 240, 276, 277, 304, 395, 472, 477, 569, 571, 572, 576, 595, 633, 634, 667, 33, 114, 115, 138, 139, 178, 239, 264, 265, 372, 453, 454, 478, 517, 601, 602, 623, 21, 95, 154, 219, 247, 274, 528, 658, 721, 745, 748, 773, 119, 132, 205, 235, 271, 272, 273, 298, 299, 331, 473, 476, 486, 559, 589, 592, 625, 626, 627, 652, 653, 685, 827, 830, 840, 914, 944, 947, 980, 981, 982, 1007, 1008, 1040, 1182, 1185, 1195, 1269, 1298, 1301, 1334, 1335, 1336, 1361, 1362, 1394, 108, 118, 196, 197, 198, 250, 343, 593, 603, 682, 683, 684, 736, 738, 805, 938, 948, 1027, 1028, 1029, 1081, 1083, 1148, 1281, 1291, 1365, 1366, 1367, 1417, 1419, 1483, 26, 120, 121, 162, 215, 228, 233, 262, 189, 190, 253, 255, 288, 515, 518, 527, 585, 586, 647, 648, 649, 651, 911, 923, 1043, 1044, 1045, 1047, 1054, 1080, 1307, 1310, 1319, 1377, 1378, 1439, 1440, 1441, 1443, 1450, 1476, 1216, 1219, 1231, 1286, 1287, 1331, 1397, 1589, 1592, 1608, 1663, 1664, 1711, 1741, 1777;"{""total_rows"":290,""count_ok_importar"":290,""count_ok_eliminar"":0,""count_pending"":0,""count_review_action"":0,""count_other"":0}";import;qa_ok_importar_found
304017008087;HEX SCREW;M 8 X 50;0.021 KGM;import;qa_ok_importar_found;true;229;12V4000M40A, 12V4000M53, 12V4000M70, 16V4000M61, 16V4000M73, 16V4000M73L, 16V4000M90, 20V4000M93, 20V4000M93L;1101889, 1101890, 1101891, 1101892, 1101893, 1101894, 1101895, 1200100, 1200201, 1200216, 1200567, 1200650, 1200774, 1200779, 1200815, 1201614, 1201724, 1201728, 1202106, 1203243, 1203343, 1203359, 1203708, 1203790, 1203912, 1203917, 1203954, 1204753, 1204863, 1204867, 1205245, 1900055, 1900061, 1900587, 1900611, 1901169, 1901620, 1901624, 1902089, 1902495, 1902501, 1903028, 1903052, 1903611, 1904007, 1904011, 1904476, 1300063, 1300524, 1300903, 1301315, 1301733, 1302193, 1302985, 1303447, 1303814, 1304228, 1304645, 1304964, 1400106, 1400200, 1400628, 1401715, 1401812, 1401862, 1401866, 1402018, 1402923, 1403278, 1403370, 1403797, 1404884, 1404981, 1405031, 1405035, 1405187, 1406092, 1406447, 1406539, 1406966, 1408062, 1408159, 1408209, 1408213, 1408365, 1409270, 1409625, 1409717, 1410144, 1411240, 1411338, 1411389, 1411393, 1411546, 1412473, 1500070, 1500144, 1500510, 1501241, 1501518, 1501567, 1501605, 1502409, 1503276, 1503350, 1503716, 1504448, 1504725, 1504774, 1504812, 1505446, 1505739, 1505813, 1506179, 1506911, 1507188, 1507237, 1507275, 1507939, 1508226, 1508300, 1508667, 1509397, 1509676, 1509725, 1509761, 1510429, 1600057, 1600063, 1600614, 1600645, 1600669, 1601080, 1601919, 1602351, 1700114, 1700210, 1700626, 1701404, 1701899, 1702032, 1702110, 1702153, 1702170, 1702174, 1702269, 1702367, 1702434, 1702684, 1703860, 1703954, 1704372, 1705144, 1705639, 1705772, 1705850, 1705893, 1705910, 1705914, 1706009, 1706107, 1706174, 1706424, 1707600, 1707694, 1708112, 1708884, 1709379, 1709512, 1709590, 1709633, 1709650, 1709654, 1709749, 1709847, 1709914, 1710164, 1711340, 1711434, 1711852, 1712631, 1713124, 1713257, 1713333, 1713375, 1713393, 1713397, 1713493, 1713591, 1713658, 1713908, 1800012, 1800018, 1800025, 1800096, 1800207, 1800604, 1801370, 1801736, 1801740, 1801777, 1801819, 1802057, 1802144, 1802160, 1802164, 1802326, 1802416, 1802484, 1802736, 1803584, 1803590, 1803597, 1803668, 1803779, 1804176, 1804976, 1805395, 1805399, 1805436, 1805478, 1805716, 1805802, 1805819, 1805823, 1805985, 1806075, 1806143, 1806395;20, 104, 224, 238, 259, 286, 332, 31, 40, 41, 101, 108, 112, 122, 216, 223, 251, 386, 395, 396, 456, 463, 467, 477, 571, 578, 606, 114, 178, 236, 370, 453, 517, 573, 623, 19, 95, 154, 214, 274, 349, 526, 602, 658, 716, 773, 818, 33, 43, 115, 227, 235, 241, 255, 387, 397, 469, 581, 589, 595, 609, 686, 741, 751, 823, 936, 944, 950, 964, 1041, 1096, 1106, 1178, 1290, 1298, 1304, 1318, 1395, 22, 32, 105, 196, 229, 237, 344, 507, 590, 682, 710, 715, 723, 806, 852, 862, 935, 1027, 1055, 1060, 1068, 1149, 1195, 1205, 1278, 1365, 1392, 1397, 1404, 1484, 23, 119, 120, 162, 262, 319, 190, 253, 258, 272, 279, 280, 289, 428, 436, 511, 586, 637, 647, 649, 654, 668, 675, 676, 685, 824, 832, 907, 982, 1033, 1043, 1045, 1050, 1064, 1071, 1072, 1081, 1220, 1228, 1303, 1378, 1429, 1439, 1441, 1446, 1460, 1467, 1468, 1477, 1123, 1133, 1142, 1215, 1287, 1331, 1332, 1333, 1352, 1363, 1382, 1387, 1388, 1398, 1496, 1506, 1515, 1588, 1664, 1711, 1712, 1713, 1732, 1743, 1762, 1767, 1768, 1778;"{""total_rows"":229,""count_ok_importar"":229,""count_ok_eliminar"":0,""count_pending"":0,""count_review_action"":0,""count_other"":0}";import;qa_ok_importar_found
304017008088;HEX SCREW;M 8 X 55;0.022 KGM;import;qa_ok_importar_found;true;161;12V4000M40A, 12V4000M53, 12V4000M70, 16V4000M61, 16V4000M73, 16V4000M73L, 16V4000M90, 20V4000M93, 20V4000M93L;1101896, 1200056, 1200062, 1200618, 1200674, 1201009, 1201572, 1201588, 1201603, 1201639, 1201904, 1203207, 1203213, 1203757, 1203814, 1204148, 1204711, 1204727, 1204742, 1204778, 1205043, 1900040, 1900316, 1900604, 1900664, 1902480, 1902756, 1903045, 1903106, 1300044, 1300304, 1300526, 1302966, 1303226, 1303449, 1400012, 1400018, 1400594, 1400636, 1401786, 1401792, 1402005, 1402011, 1402213, 1403183, 1403189, 1403764, 1403805, 1404955, 1404961, 1405174, 1405180, 1405382, 1406352, 1406358, 1406933, 1406974, 1408133, 1408139, 1408352, 1408358, 1408560, 1409530, 1409536, 1410111, 1410152, 1411312, 1411318, 1411533, 1411539, 1411738, 1500013, 1500464, 1500517, 1501228, 1501742, 1501822, 1503213, 1503670, 1503723, 1504435, 1504949, 1505029, 1505676, 1506133, 1506186, 1506898, 1507412, 1507492, 1507757, 1508169, 1508621, 1508674, 1509384, 1509900, 1509980, 1510246, 1600332, 1600662, 1600672, 1600724, 1700011, 1700016, 1700022, 1700591, 1700634, 1702001, 1702013, 1702050, 1702064, 1702095, 1702135, 1703398, 1703756, 1703761, 1703767, 1704339, 1704380, 1705741, 1705753, 1705790, 1705804, 1705835, 1705875, 1707138, 1707496, 1707501, 1707507, 1708079, 1708120, 1709481, 1709493, 1709530, 1709544, 1709575, 1709615, 1710878, 1711236, 1711241, 1711247, 1711819, 1711860, 1713226, 1713238, 1713274, 1713288, 1713318, 1713358, 1714618, 1800556, 1800612, 1801727, 1801768, 1801803, 1801840, 1804127, 1804184, 1805386, 1805427, 1805462, 1805499;104, 26, 107, 108, 145, 214, 216, 239, 381, 462, 463, 500, 569, 571, 594, 27, 65, 114, 115, 366, 404, 453, 454, 15, 49, 95, 522, 556, 602, 23, 106, 234, 235, 253, 254, 271, 377, 460, 469, 588, 589, 607, 608, 625, 731, 814, 823, 943, 944, 962, 963, 980, 1086, 1169, 1178, 1297, 1298, 1316, 1317, 1334, 12, 92, 105, 195, 249, 252, 497, 577, 590, 681, 735, 738, 842, 922, 935, 1026, 1080, 1083, 1122, 1185, 1265, 1278, 1364, 1416, 1419, 1457, 60, 120, 121, 21, 251, 368, 417, 501, 511, 647, 648, 649, 764, 813, 897, 907, 1043, 1044, 1045, 1160, 1209, 1293, 1303, 1439, 1440, 1441, 1556, 1203, 1215, 1331, 1332, 1333, 1576, 1588, 1711, 1712, 1713;"{""total_rows"":161,""count_ok_importar"":161,""count_ok_eliminar"":0,""count_pending"":0,""count_review_action"":0,""count_other"":0}";import;qa_ok_importar_found
304017008089;HEX SCREW;M 8 X 60;0.024 KGM;import;qa_ok_importar_found;true;109;12V4000M40A, 12V4000M53, 12V4000M70, 16V4000M61, 16V4000M73, 16V4000M73L, 16V4000M90, 20V4000M93, 20V4000M93L;1101897, 1101898, 1200697, 1200771, 1201718, 1201847, 1202338, 1203836, 1203909, 1204857, 1204986, 1205479, 1900907, 1901149, 1903349, 1903591, 1300887, 1301355, 1303798, 1304268, 1400828, 1401880, 1401947, 1401974, 1402293, 1402508, 1402886, 1403997, 1405049, 1405116, 1405143, 1405462, 1405677, 1406055, 1407166, 1408227, 1408294, 1408321, 1408640, 1408855, 1409233, 1410344, 1411407, 1411475, 1411502, 1411819, 1412056, 1412436, 1500642, 1501570, 1501708, 1501763, 1501843, 1502395, 1503848, 1504777, 1504915, 1504970, 1505050, 1505432, 1506311, 1507240, 1507378, 1507433, 1507513, 1507925, 1508799, 1509720, 1509866, 1509921, 1510001, 1510415, 1601038, 1601059, 1601960, 1700813, 1701444, 1702193, 1702505, 1702512, 1703394, 1704559, 1705184, 1705933, 1706245, 1706252, 1707134, 1708299, 1708924, 1709673, 1709985, 1709992, 1710874, 1712042, 1712671, 1713417, 1713729, 1713736, 1714614, 1800786, 1801410, 1802210, 1802558, 1802565, 1804392, 1805016, 1805869, 1806217, 1806224;147, 227, 111, 112, 223, 238, 283, 466, 467, 578, 593, 640, 142, 178, 481, 517, 154, 216, 658, 718, 132, 242, 252, 253, 273, 298, 331, 486, 596, 606, 607, 627, 652, 685, 840, 951, 961, 962, 982, 1007, 1040, 1195, 1305, 1315, 1316, 1336, 1361, 1394, 118, 230, 248, 250, 343, 603, 716, 734, 736, 739, 805, 948, 1061, 1079, 1081, 1084, 1148, 1291, 1397, 1415, 1417, 1420, 1483, 157, 162, 266, 131, 190, 259, 286, 368, 527, 586, 655, 682, 764, 923, 1051, 1078, 1160, 1319, 1378, 1447, 1474, 1556, 1231, 1287, 1366, 1395, 1608, 1664, 1746, 1775;"{""total_rows"":109,""count_ok_importar"":109,""count_ok_eliminar"":0,""count_pending"":0,""count_review_action"":0,""count_other"":0}";import;qa_ok_importar_found
304017008090;HEX SCREW;M 8 X 70;0.027 KGM;import;qa_ok_importar_found;true;22;12V4000M40A, 12V4000M53, 12V4000M70, 16V4000M61, 16V4000M73, 16V4000M73L, 16V4000M90, 20V4000M93, 20V4000M93L;1101899, 1200640, 1203780, 1900616, 1903058, 1300563, 1303486, 1401995, 1405164, 1408342, 1411523, 1501739, 1504946, 1507409, 1509897, 1600674, 1701388, 1705128, 1708868, 1712615, 1801354, 1804960;105, 108, 463, 115, 454, 96, 603, 253, 607, 962, 1316, 249, 735, 1080, 1416, 121, 189, 585, 981, 1377, 1286, 1663;"{""total_rows"":22,""count_ok_importar"":22,""count_ok_eliminar"":0,""count_pending"":0,""count_review_action"":0,""count_other"":0}";import;qa_ok_importar_found
304017008091;HEX SCREW;M 8 X 55;22.500 g M 8 X 55 ISO4017;import;qa_ok_importar_found;true;10;16V4000M73, 16V4000M73L, 20V4000M93L;1400586, 1403756, 1406925, 1410103, 1500456, 1503662, 1506125, 1508613, 1800548, 1804118;106, 460, 814, 1169, 92, 577, 922, 1265, 1203, 1576;"{""total_rows"":10,""count_ok_importar"":10,""count_ok_eliminar"":0,""count_pending"":0,""count_review_action"":0,""count_other"":0}";import;qa_ok_importar_found
304017010032;HEX SCREW;M 10 X 65;42.300 g M 10 X 65 ISO4017;import;qa_ok_importar_found;true;48;12V4000M53, 16V4000M73, 16V4000M73L, 20V4000M93, 20V4000M93L;1200577, 1200856, 1200993, 1203718, 1203996, 1204132, 1400584, 1400866, 1401005, 1403754, 1404035, 1404174, 1406923, 1407204, 1407343, 1410101, 1410382, 1410521, 1500454, 1500677, 1500814, 1503660, 1503883, 1504020, 1506123, 1506346, 1506483, 1508611, 1508834, 1508968, 1700579, 1700843, 1701120, 1704327, 1704589, 1704860, 1708067, 1708329, 1708600, 1711807, 1712072, 1712349, 1800546, 1800816, 1801080, 1804116, 1804422, 1804686;101, 127, 138, 456, 482, 493, 106, 151, 460, 492, 505, 814, 846, 859, 1169, 1201, 1214, 92, 123, 136, 577, 608, 621, 922, 953, 966, 1265, 1296, 1308, 105, 137, 156, 501, 533, 552, 897, 929, 948, 1293, 1325, 1344, 1203, 1235, 1254, 1576, 1612, 1631;"{""total_rows"":48,""count_ok_importar"":48,""count_ok_eliminar"":0,""count_pending"":0,""count_review_action"":0,""count_other"":0}";import;qa_ok_importar_found
304017010051;HEX SCREW;M 10 X 60;0.039 KGM;import;qa_ok_importar_found;true;23;12V4000M40A, 12V4000M53, 12V4000M70, 16V4000M61, 16V4000M73, 16V4000M73L, 16V4000M90, 20V4000M93, 20V4000M93L;1101900, 1101901, 1201345, 1204484, 1901393, 1903780, 1301153, 1304066, 1401563, 1404732, 1407910, 1411088, 1501403, 1504610, 1507073, 1509560, 1601276, 1701739, 1705479, 1709219, 1712964, 1801677, 1805336;97, 195, 186, 541, 205, 542, 190, 692, 213, 567, 922, 1277, 214, 700, 1045, 1382, 185, 230, 626, 1022, 1418, 1320, 1700;"{""total_rows"":23,""count_ok_importar"":23,""count_ok_eliminar"":0,""count_pending"":0,""count_review_action"":0,""count_other"":0}";import;qa_ok_importar_found
304017016023;HEX SCREW;M 16 X 40;0.08 KGM;import;qa_ok_importar_found;true;26;12V4000M40A, 12V4000M53, 12V4000M70, 16V4000M61, 16V4000M73, 16V4000M73L, 16V4000M90, 20V4000M93;1101903, 1101904, 1202385, 1205526, 1901672, 1902123, 1904059, 1904510, 1301401, 1301769, 1304314, 1304681, 1402576, 1405745, 1408923, 1412125, 1502051, 1505258, 1507715, 1510204, 1601777, 1602000, 1702986, 1706726, 1710466, 1714208;231, 290, 292, 649, 240, 294, 577, 631, 220, 280, 722, 779, 308, 662, 1017, 1371, 289, 775, 1117, 1452, 234, 273, 327, 723, 1119, 1515;"{""total_rows"":26,""count_ok_importar"":26,""count_ok_eliminar"":0,""count_pending"":0,""count_review_action"":0,""count_other"":0}";import;qa_ok_importar_found
304017016024;HEX SCREW;M 16 X 45;95.000 g M 16 X 45 ISO4017;import;qa_ok_importar_found;true;2;20V4000M93L;1803045, 1806703;1434, 1814;"{""total_rows"":2,""count_ok_importar"":2,""count_ok_eliminar"":0,""count_pending"":0,""count_review_action"":0,""count_other"":0}";import;qa_ok_importar_found
304017016025;HEX SCREW;M 16 X 45;0.095 KGM;import;qa_ok_importar_found;true;4;20V4000M93;1702211, 1705951, 1709691, 1713435;266, 662, 1058, 1454;"{""total_rows"":4,""count_ok_importar"":4,""count_ok_eliminar"":0,""count_pending"":0,""count_review_action"":0,""count_other"":0}";import;qa_ok_importar_found
304017016026;HEX SCREW;M 16 X 50;102.200 g M 16 X 50 ISO4017;import;qa_ok_importar_found;true;18;12V4000M53, 16V4000M73, 16V4000M73L, 20V4000M93, 20V4000M93L;1202365, 1205506, 1402553, 1405722, 1408900, 1412103, 1502023, 1505230, 1507687, 1510176, 1702963, 1706703, 1710443, 1714186, 1803031, 1803040, 1806689, 1806698;287, 644, 303, 657, 1012, 1366, 284, 770, 1112, 1447, 322, 718, 1114, 1510, 1432, 1433, 1812, 1813;"{""total_rows"":18,""count_ok_importar"":18,""count_ok_eliminar"":0,""count_pending"":0,""count_review_action"":0,""count_other"":0}";import;qa_ok_importar_found
304017016027;HEX SCREW;M 16 X 50;0.102 KGM;import;qa_ok_importar_found;true;2;20V4000M93L;1802809, 1806468;1406, 1786;"{""total_rows"":2,""count_ok_importar"":2,""count_ok_eliminar"":0,""count_pending"":0,""count_review_action"":0,""count_other"":0}";import;qa_ok_importar_found
304017016028;HEX SCREW;M 16 X 55;109 G M 16 X 55;import;qa_ok_importar_found;true;8;12V4000M53, 16V4000M73L, 20V4000M93L;1202099, 1205238, 1501996, 1505203, 1510653, 1510675, 1802968, 1806627;250, 605, 275, 761, 1515, 1525, 1422, 1802;"{""total_rows"":8,""count_ok_importar"":8,""count_ok_eliminar"":0,""count_pending"":0,""count_review_action"":0,""count_other"":0}";import;qa_ok_importar_found
304017016029;HEX SCREW;M 16 X 60;0.116 KGM;import;qa_ok_importar_found;true;31;12V4000M40A, 12V4000M53, 12V4000M70, 16V4000M61, 16V4000M73, 16V4000M73L, 16V4000M90, 20V4000M93, 20V4000M93L;1101905, 1101906, 1202387, 1202395, 1205528, 1205536, 1902125, 1902197, 1904512, 1904584, 1301771, 1301835, 1304683, 1304731, 1402578, 1405747, 1408925, 1412127, 1502053, 1505260, 1507717, 1510206, 1600299, 1602002, 1602092, 1702988, 1706728, 1710468, 1714210, 1802123, 1805782;299, 311, 292, 298, 649, 655, 294, 310, 631, 647, 280, 302, 779, 793, 308, 662, 1017, 1371, 289, 775, 1117, 1452, 54, 273, 327, 723, 1119, 1515, 1360, 1740;"{""total_rows"":31,""count_ok_importar"":31,""count_ok_eliminar"":0,""count_pending"":0,""count_review_action"":0,""count_other"":0}";import;qa_ok_importar_found
304017016030;HEX SCREW;M 16 X 70;0.126 KGM;import;qa_ok_importar_found;true;1;12V4000M40A;1101907;219;"{""total_rows"":1,""count_ok_importar"":1,""count_ok_eliminar"":0,""count_pending"":0,""count_review_action"":0,""count_other"":0}";import;qa_ok_importar_found
304017016031;HEX SCREW;M 16 X 90;0.153 KGM;import;qa_ok_importar_found;true;6;12V4000M40A, 12V4000M70, 16V4000M61, 16V4000M90;1101908, 1900574, 1903015, 1300540, 1303463, 1600632;105, 114, 453, 96, 603, 120;"{""total_rows"":6,""count_ok_importar"":6,""count_ok_eliminar"":0,""count_pending"":0,""count_review_action"":0,""count_other"":0}";import;qa_ok_importar_found
304017020006;HEX SCREW;M 20 X 80;237.000 g M 20 X 80 ISO4017;import;qa_ok_importar_found;true;2;20V4000M93L;1802906, 1806565;1416, 1796;"{""total_rows"":2,""count_ok_importar"":2,""count_ok_eliminar"":0,""count_pending"":0,""count_review_action"":0,""count_other"":0}";import;qa_ok_importar_found
304017020007;HEX SCREW;M 20 X140 AK;0.348 KGM;import;qa_ok_importar_found;true;31;12V4000M40A, 12V4000M53, 12V4000M70, 16V4000M61, 16V4000M73, 16V4000M73L, 16V4000M90, 20V4000M93, 20V4000M93L;1101909, 1101910, 1101911, 1202362, 1205503, 1902120, 1902144, 1904507, 1904531, 1301790, 1301795, 1304702, 1304707, 1402550, 1405719, 1408897, 1412100, 1502020, 1505227, 1507684, 1510173, 1602018, 1602022, 1702960, 1706700, 1710440, 1714183, 1803047, 1803052, 1806705, 1806710;295, 296, 301, 287, 644, 293, 297, 630, 634, 283, 284, 782, 783, 303, 657, 1012, 1366, 770, 1112, 1447, 276, 277, 322, 718, 1114, 1510, 1434, 1814;"{""total_rows"":31,""count_ok_importar"":31,""count_ok_eliminar"":0,""count_pending"":0,""count_review_action"":0,""count_other"":0}";import;qa_ok_importar_found
304032016003;HEX NUT;M 16;0.034 KGM;import;qa_ok_importar_found;true;8;12V4000M53, 20V4000M93, 20V4000M93L;1202101, 1205240, 1702208, 1705948, 1709688, 1713432, 1802811, 1806470;250, 605, 266, 662, 1058, 1454, 1406, 1786;"{""total_rows"":8,""count_ok_importar"":8,""count_ok_eliminar"":0,""count_pending"":0,""count_review_action"":0,""count_other"":0}";import;qa_ok_importar_found
304032020001;HEX NUT;M 20;0.063 KGM;import;qa_ok_importar_found;true;38;12V4000M53, 16V4000M73, 16V4000M73L, 20V4000M93, 20V4000M93L;1202363, 1202369, 1205504, 1205510, 1402551, 1402557, 1405720, 1405726, 1408898, 1408904, 1412101, 1412107, 1502021, 1502027, 1505228, 1505234, 1507685, 1507691, 1510174, 1510180, 1702961, 1702967, 1703018, 1706701, 1706707, 1706758, 1710441, 1710447, 1710498, 1714184, 1714190, 1714240, 1802907, 1803046, 1803051, 1806566, 1806704, 1806709;287, 288, 644, 645, 303, 304, 657, 658, 1012, 1013, 1366, 1367, 284, 285, 770, 771, 1112, 1113, 1447, 1448, 322, 323, 335, 718, 719, 731, 1114, 1115, 1127, 1510, 1511, 1523, 1416, 1434, 1796, 1814;"{""total_rows"":38,""count_ok_importar"":38,""count_ok_eliminar"":0,""count_pending"":0,""count_review_action"":0,""count_other"":0}";import;qa_ok_importar_found
700132045001;WELD-ON UNION;;;import;qa_ok_importar_found;true;1;12V4000M40A;1101914;239;"{""total_rows"":1,""count_ok_importar"":1,""count_ok_eliminar"":0,""count_pending"":0,""count_review_action"":0,""count_other"":0}";import;qa_ok_importar_found
700160000006;ELBOW 90 DEG KR 6;KR 6;0.044 KGM;import;qa_ok_importar_found;true;17;12V4000M40A, 12V4000M53, 12V4000M70, 16V4000M61, 16V4000M73, 16V4000M73L, 16V4000M90;1101915, 1101916, 1201961, 1205099, 1901759, 1904146, 1301464, 1304377, 1402255, 1405424, 1408602, 1411780, 1501832, 1505039, 1507502, 1509990, 1601578;98, 258, 240, 595, 252, 589, 232, 734, 272, 626, 981, 1335, 253, 739, 1084, 1420, 221;"{""total_rows"":17,""count_ok_importar"":17,""count_ok_eliminar"":0,""count_pending"":0,""count_review_action"":0,""count_other"":0}";import;qa_ok_importar_found
700160000008;ELBOW;KR 8;62.000 g KR 8 MMN160;import;qa_ok_importar_found;true;24;12V4000M53, 16V4000M73, 16V4000M73L, 20V4000M93L;1200209, 1200222, 1203352, 1203365, 1402050, 1402052, 1405219, 1405221, 1408397, 1408399, 1411578, 1411580, 1501577, 1504784, 1507247, 1509734, 1802263, 1802266, 1802278, 1802280, 1805922, 1805925, 1805937, 1805939;41, 396, 257, 611, 966, 1320, 234, 720, 1065, 1401, 1374, 1754;"{""total_rows"":24,""count_ok_importar"":24,""count_ok_eliminar"":0,""count_pending"":0,""count_review_action"":0,""count_other"":0}";import;qa_ok_importar_found
700160000013;PIPE ELBOW;KR 12;0.116 KGM;import;qa_ok_importar_found;true;1;12V4000M40A;1101917;221;"{""total_rows"":1,""count_ok_importar"":1,""count_ok_eliminar"":0,""count_pending"":0,""count_review_action"":0,""count_other"":0}";import;qa_ok_importar_found
700160001040;ELBOW;KR 40-B-MW;756,800 g KR 40-B-MW MMN160;import;qa_ok_importar_found;true;2;12V4000M53;1202166, 1205305;259, 614;"{""total_rows"":2,""count_ok_importar"":2,""count_ok_eliminar"":0,""count_pending"":0,""count_review_action"":0,""count_other"":0}";import;qa_ok_importar_found
700292008400;WASHER TAB LOCKING 8 .4 ST52-3 03;8,4;0.001 KGM;import;qa_ok_importar_found;true;2;12V4000M40A;1101931, 1101932;122, 128;"{""total_rows"":2,""count_ok_importar"":2,""count_ok_eliminar"":0,""count_pending"":0,""count_review_action"":0,""count_other"":0}";import;qa_ok_importar_found
700325010100;CLAMP HALF TUBE;1/1 D 9 - 10;0.023 KGM;import;qa_ok_importar_found;true;34;12V4000M40A, 12V4000M53, 12V4000M70, 16V4000M61, 16V4000M73, 16V4000M73L, 16V4000M90, 20V4000M93, 20V4000M93L;1101933, 1200687, 1200712, 1203827, 1203851, 1900732, 1903174, 1300624, 1303535, 1400786, 1400793, 1403955, 1403962, 1407124, 1407131, 1410302, 1410309, 1500614, 1503820, 1506283, 1508771, 1600575, 1700771, 1700778, 1704517, 1704524, 1708257, 1708264, 1712000, 1712007, 1800744, 1800751, 1804350, 1804357;115, 111, 466, 126, 465, 112, 616, 131, 485, 839, 1194, 117, 602, 947, 1290, 116, 130, 526, 922, 1318, 1230, 1607;"{""total_rows"":34,""count_ok_importar"":34,""count_ok_eliminar"":0,""count_pending"":0,""count_review_action"":0,""count_other"":0}";import;qa_ok_importar_found
700325010103;CLAMP HALF TUBE 2/1 D9-10;2/1 D 9 - 10;0.033 KGM;import;qa_ok_importar_found;true;6;12V4000M40A, 12V4000M70, 16V4000M61, 16V4000M90;1101934, 1900735, 1903177, 1300627, 1303538, 1600578;115, 126, 465, 112, 616, 116;"{""total_rows"":6,""count_ok_importar"":6,""count_ok_eliminar"":0,""count_pending"":0,""count_review_action"":0,""count_other"":0}";import;qa_ok_importar_found
700325010200;CLAMP HALF TUBE 1/1 G8-10;1/1 G 8 - 10;0.026 KGM;import;qa_ok_importar_found;true;6;12V4000M40A, 12V4000M70, 16V4000M61, 16V4000M90;1101935, 1900733, 1903175, 1300625, 1303536, 1600576;115, 126, 465, 112, 616, 116;"{""total_rows"":6,""count_ok_importar"":6,""count_ok_eliminar"":0,""count_pending"":0,""count_review_action"":0,""count_other"":0}";import;qa_ok_importar_found
700325012104;PIPE CLAMP HALF;2/1 D 9 - 12;0.034 KGM;import;qa_ok_importar_found;true;42;12V4000M40A, 12V4000M53, 12V4000M70, 16V4000M61, 16V4000M73, 16V4000M73L, 16V4000M90, 20V4000M93, 20V4000M93L;1101941, 1101942, 1201920, 1201955, 1205059, 1205093, 1901159, 1901172, 1903601, 1903614, 1300894, 1301508, 1303805, 1304421, 1402218, 1402221, 1402274, 1405387, 1405390, 1405443, 1408565, 1408568, 1408621, 1411743, 1411746, 1411800, 1501775, 1504982, 1507445, 1509933, 1601070, 1601083, 1601671, 1601677, 1601685, 1601691, 1702510, 1706250, 1709990, 1713734, 1802563, 1806222;152, 258, 239, 240, 594, 595, 178, 517, 154, 233, 658, 735, 272, 273, 626, 627, 981, 982, 1335, 1336, 252, 738, 1083, 1419, 162, 223, 286, 682, 1078, 1474, 1395, 1775;"{""total_rows"":42,""count_ok_importar"":42,""count_ok_eliminar"":0,""count_pending"":0,""count_review_action"":0,""count_other"":0}";import;qa_ok_importar_found
700325012111;CLAMP HALF TUBE 1/1 D11-12;1/1 D11 - 12;22.600 g 1/1 D11 - 12 MMN325;import;qa_ok_importar_found;true;43;12V4000M53, 16V4000M61, 16V4000M73, 16V4000M73L, 16V4000M90, 20V4000M93, 20V4000M93L;1201864, 1201911, 1205003, 1205050, 1301505, 1304418, 1402139, 1402267, 1405308, 1405436, 1408486, 1408614, 1411664, 1411792, 1501785, 1504992, 1507455, 1509943, 1601667, 1702448, 1702452, 1702476, 1702480, 1706188, 1706192, 1706216, 1706220, 1709928, 1709932, 1709956, 1709960, 1713672, 1713676, 1713700, 1713704, 1802500, 1802504, 1802528, 1802532, 1806159, 1806163, 1806187, 1806191;238, 239, 593, 594, 233, 735, 270, 272, 624, 626, 979, 981, 1333, 1335, 252, 738, 1083, 1419, 223, 285, 681, 1077, 1473, 1394, 1774;"{""total_rows"":43,""count_ok_importar"":43,""count_ok_eliminar"":0,""count_pending"":0,""count_review_action"":0,""count_other"":0}";import;qa_ok_importar_found
700325012200;CLAMP HALF TUBE 1/1 G8-12;1/1 G 8 - 12;0.026 KGM;import;qa_ok_importar_found;true;24;12V4000M40A, 12V4000M70, 16V4000M61, 16V4000M90, 20V4000M93, 20V4000M93L;1101943, 1101944, 1901712, 1901779, 1904099, 1904166, 1301437, 1304350, 1601532, 1601598, 1601635, 1601642, 1702562, 1702564, 1706302, 1706304, 1710042, 1710044, 1713786, 1713788, 1802614, 1802616, 1806273, 1806275;98, 257, 251, 252, 588, 589, 231, 733, 220, 221, 222, 287, 683, 1079, 1475, 1396, 1776;"{""total_rows"":24,""count_ok_importar"":24,""count_ok_eliminar"":0,""count_pending"":0,""count_review_action"":0,""count_other"":0}";import;qa_ok_importar_found
700325012202;CLAMP HALF TUBE 2/1 G8-12;2/1 G 8 - 12;0.035 KGM;import;qa_ok_importar_found;true;23;12V4000M40A, 12V4000M53, 12V4000M70, 16V4000M61, 16V4000M73, 16V4000M73L, 16V4000M90;1101945, 1101946, 1201956, 1205094, 1901160, 1901173, 1903602, 1903615, 1300895, 1301509, 1303806, 1304422, 1402222, 1405391, 1408569, 1411747, 1501777, 1504984, 1507447, 1509935, 1601071, 1601084, 1601672;152, 258, 240, 595, 178, 517, 154, 233, 658, 735, 272, 626, 981, 1335, 252, 738, 1083, 1419, 162, 223;"{""total_rows"":23,""count_ok_importar"":23,""count_ok_eliminar"":0,""count_pending"":0,""count_review_action"":0,""count_other"":0}";import;qa_ok_importar_found
700325015100;CLAMP HALF TUBE 1/1 D9-15;1/1 D 9 - 15;0.034 KGM;import;qa_ok_importar_found;true;292;12V4000M40A, 12V4000M53, 12V4000M70, 16V4000M61, 16V4000M73, 16V4000M73L, 16V4000M90, 20V4000M93, 20V4000M93L;1101947, 1101948, 1101949, 1101950, 1200212, 1200217, 1200227, 1200232, 1200241, 1200245, 1200256, 1200261, 1200642, 1200647, 1201534, 1201538, 1201578, 1201586, 1201844, 1201851, 1201883, 1201900, 1201921, 1201997, 1203355, 1203360, 1203370, 1203375, 1203384, 1203388, 1203399, 1203405, 1203782, 1203787, 1204673, 1204677, 1204717, 1204725, 1204983, 1204990, 1205022, 1205039, 1205060, 1205135, 1900595, 1900600, 1900661, 1901636, 1903036, 1903041, 1903103, 1904023, 1300555, 1301369, 1303478, 1304282, 1400188, 1400196, 1400223, 1400231, 1400243, 1400247, 1400257, 1400262, 1400269, 1400272, 1401451, 1401453, 1401459, 1402046, 1402151, 1402166, 1402169, 1402175, 1402185, 1402194, 1402198, 1402200, 1402206, 1402260, 1402269, 1403358, 1403366, 1403392, 1403400, 1403412, 1403416, 1403426, 1403431, 1403438, 1403441, 1404620, 1404622, 1404628, 1405215, 1405320, 1405335, 1405338, 1405344, 1405354, 1405363, 1405367, 1405369, 1405375, 1405429, 1405438, 1406527, 1406535, 1406561, 1406569, 1406581, 1406585, 1406595, 1406600, 1406607, 1406610, 1407798, 1407800, 1407806, 1408393, 1408498, 1408513, 1408516, 1408522, 1408532, 1408541, 1408545, 1408547, 1408553, 1408607, 1408616, 1409705, 1409713, 1409739, 1409747, 1409759, 1409763, 1409773, 1409778, 1409785, 1409788, 1410976, 1410978, 1410984, 1411574, 1411676, 1411691, 1411694, 1411700, 1411710, 1411719, 1411723, 1411725, 1411731, 1411785, 1411795, 1500134, 1501262, 1501575, 1501793, 1503340, 1504469, 1504782, 1505000, 1505803, 1506932, 1507245, 1507463, 1507736, 1508290, 1509418, 1509732, 1509951, 1510225, 1600653, 1600658, 1600721, 1601742, 1700180, 1700195, 1700219, 1700223, 1701382, 1701387, 1701394, 1701423, 1701429, 1701451, 1702472, 1702583, 1702594, 1702603, 1702607, 1702619, 1702625, 1702629, 1702664, 1703924, 1703939, 1703963, 1703967, 1705122, 1705127, 1705134, 1705163, 1705169, 1705191, 1706212, 1706323, 1706334, 1706343, 1706347, 1706359, 1706365, 1706369, 1706404, 1707664, 1707679, 1707703, 1707707, 1708862, 1708867, 1708874, 1708903, 1708909, 1708931, 1709952, 1710063, 1710074, 1710083, 1710087, 1710099, 1710105, 1710109, 1710144, 1711404, 1711419, 1711443, 1711447, 1712609, 1712614, 1712621, 1712650, 1712656, 1712678, 1713696, 1713807, 1713818, 1713827, 1713831, 1713843, 1713849, 1713853, 1713888, 1800177, 1800192, 1800216, 1800220, 1801348, 1801353, 1801360, 1801389, 1801395, 1801417, 1802524, 1802635, 1802646, 1802655, 1802659, 1802671, 1802677, 1802681, 1802716, 1803748, 1803763, 1803788, 1803792, 1804954, 1804959, 1804966, 1804995, 1805001, 1805023, 1806183, 1806294, 1806305, 1806314, 1806318, 1806330, 1806336, 1806340, 1806375;98, 105, 221, 230, 41, 42, 108, 213, 214, 238, 239, 240, 396, 397, 463, 568, 569, 593, 594, 595, 114, 115, 453, 454, 576, 96, 219, 603, 721, 43, 44, 204, 257, 270, 271, 272, 273, 398, 558, 611, 624, 625, 626, 627, 751, 752, 913, 966, 979, 980, 981, 982, 1106, 1107, 1268, 1320, 1333, 1334, 1335, 1336, 32, 198, 234, 252, 517, 684, 720, 738, 862, 1029, 1065, 1083, 1121, 1205, 1367, 1401, 1419, 1456, 120, 121, 233, 40, 189, 190, 285, 287, 288, 289, 436, 437, 585, 586, 681, 683, 685, 832, 833, 1077, 1079, 1080, 1081, 1228, 1229, 1377, 1378, 1473, 1475, 1476, 1477, 1142, 1143, 1286, 1287, 1394, 1396, 1397, 1398, 1515, 1516, 1663, 1664, 1774, 1776, 1777, 1778;"{""total_rows"":292,""count_ok_importar"":292,""count_ok_eliminar"":0,""count_pending"":0,""count_review_action"":0,""count_other"":0}";import;qa_ok_importar_found
700325015104;CLAMP HALF TUBE 2/1 D9-15;2/1 D 9 - 15;0.047 KGM;import;qa_ok_importar_found;true;166;12V4000M40A, 12V4000M53, 12V4000M70, 16V4000M61, 16V4000M73, 16V4000M73L, 16V4000M90, 20V4000M93, 20V4000M93L;1101951, 1201555, 1201985, 1202004, 1204694, 1205123, 1205143, 1901029, 1903471, 1300869, 1303780, 1401508, 1401514, 1402284, 1402289, 1402291, 1404677, 1404683, 1405453, 1405458, 1405460, 1407855, 1407861, 1408631, 1408636, 1408638, 1411033, 1411039, 1411810, 1411815, 1411817, 1501302, 1501842, 1504509, 1505049, 1506972, 1507512, 1509458, 1510000, 1601030, 1701374, 1701377, 1701381, 1701386, 1701401, 1701415, 1701418, 1701422, 1701428, 1701443, 1701446, 1701450, 1702540, 1702551, 1702637, 1702641, 1702655, 1702660, 1702682, 1702690, 1702702, 1705114, 1705117, 1705121, 1705126, 1705141, 1705155, 1705158, 1705162, 1705168, 1705183, 1705186, 1705190, 1706280, 1706291, 1706377, 1706381, 1706395, 1706400, 1706422, 1706430, 1706442, 1708854, 1708857, 1708861, 1708866, 1708881, 1708895, 1708898, 1708902, 1708908, 1708923, 1708926, 1708930, 1710020, 1710031, 1710117, 1710121, 1710135, 1710140, 1710162, 1710170, 1710182, 1712601, 1712604, 1712608, 1712613, 1712628, 1712642, 1712645, 1712649, 1712655, 1712670, 1712673, 1712677, 1713764, 1713775, 1713861, 1713865, 1713879, 1713884, 1713906, 1713914, 1713926, 1801340, 1801343, 1801347, 1801352, 1801367, 1801381, 1801384, 1801388, 1801394, 1801409, 1801412, 1801416, 1802592, 1802603, 1802689, 1802693, 1802707, 1802712, 1802734, 1802742, 1802754, 1804946, 1804949, 1804953, 1804958, 1804973, 1804987, 1804990, 1804994, 1805000, 1805015, 1805018, 1805022, 1806251, 1806262, 1806348, 1806352, 1806366, 1806371, 1806393, 1806401, 1806413;144, 213, 240, 241, 568, 595, 596, 162, 501, 150, 654, 205, 273, 559, 627, 914, 982, 1269, 1336, 199, 253, 685, 739, 1030, 1084, 1368, 1420, 154, 189, 190, 286, 288, 289, 585, 586, 682, 684, 981, 1078, 1080, 1081, 1377, 1378, 1474, 1476, 1477, 1286, 1287, 1395, 1397, 1398, 1663, 1664, 1775, 1777, 1778;"{""total_rows"":166,""count_ok_importar"":166,""count_ok_eliminar"":0,""count_pending"":0,""count_review_action"":0,""count_other"":0}";import;qa_ok_importar_found
700325015110;CLAMP HALF TUBE 1/1 D11-15;1/1 D11 - 15;30.200 g 1/1 D11 - 15 MMN325;import;qa_ok_importar_found;true;58;12V4000M53, 16V4000M73, 16V4000M73L, 20V4000M93, 20V4000M93L;1201873, 1201878, 1201913, 1202015, 1205012, 1205017, 1205052, 1205154, 1402147, 1405316, 1408494, 1411672, 1501790, 1504997, 1507460, 1509948, 1700185, 1702460, 1702465, 1702485, 1702491, 1702495, 1702531, 1703929, 1706200, 1706205, 1706225, 1706231, 1706235, 1706271, 1707669, 1709940, 1709945, 1709965, 1709971, 1709975, 1710011, 1711409, 1713684, 1713689, 1713709, 1713715, 1713719, 1713755, 1800182, 1802512, 1802517, 1802536, 1802542, 1802546, 1802583, 1803753, 1806171, 1806176, 1806195, 1806201, 1806205, 1806242;238, 239, 241, 593, 594, 596, 270, 624, 979, 1333, 252, 738, 1083, 1419, 40, 285, 286, 436, 681, 682, 832, 1077, 1078, 1228, 1473, 1474, 1142, 1394, 1395, 1515, 1774, 1775;"{""total_rows"":58,""count_ok_importar"":58,""count_ok_eliminar"":0,""count_pending"":0,""count_review_action"":0,""count_other"":0}";import;qa_ok_importar_found
700325015200;CLAMP HALF TUBE 1/1 G8-15;1/1 G 8 - 15;0.035 KGM;import;qa_ok_importar_found;true;62;12V4000M40A, 12V4000M53, 16V4000M73, 16V4000M73L, 20V4000M93, 20V4000M93L;1101952, 1101953, 1200213, 1200228, 1200246, 1200648, 1201539, 1201579, 1203356, 1203371, 1203389, 1203788, 1204678, 1204718, 1400198, 1400232, 1400248, 1402270, 1403368, 1403401, 1403417, 1405439, 1406537, 1406570, 1406586, 1408617, 1409715, 1409748, 1409764, 1411796, 1500140, 1501837, 1503346, 1505044, 1505809, 1507507, 1508296, 1509995, 1700196, 1701383, 1701424, 1701452, 1703940, 1705123, 1705164, 1705192, 1707680, 1708863, 1708904, 1708932, 1711420, 1712610, 1712651, 1712679, 1800193, 1801349, 1801390, 1801418, 1803764, 1804955, 1804996, 1805024;98, 221, 41, 108, 213, 214, 396, 463, 568, 569, 43, 44, 273, 397, 398, 627, 751, 752, 982, 1106, 1107, 1336, 32, 253, 517, 739, 862, 1084, 1205, 1420, 40, 189, 190, 436, 585, 586, 832, 981, 1228, 1377, 1378, 1142, 1286, 1287, 1515, 1663, 1664;"{""total_rows"":62,""count_ok_importar"":62,""count_ok_eliminar"":0,""count_pending"":0,""count_review_action"":0,""count_other"":0}";import;qa_ok_importar_found
700325015202;CLAMP HALF TUBE 2/1 G8-15;2/1 G 8 - 15;0.048 KGM;import;qa_ok_importar_found;true;38;12V4000M40A, 12V4000M53, 12V4000M70, 16V4000M61, 16V4000M90, 20V4000M93, 20V4000M93L;1101954, 1202005, 1205144, 1901030, 1903472, 1300870, 1303781, 1601031, 1701378, 1701403, 1701419, 1701447, 1702656, 1705118, 1705143, 1705159, 1705187, 1706396, 1708858, 1708883, 1708899, 1708927, 1710136, 1712605, 1712630, 1712646, 1712674, 1713880, 1801344, 1801369, 1801385, 1801413, 1802708, 1804950, 1804975, 1804991, 1805019, 1806367;144, 241, 596, 162, 501, 150, 654, 154, 189, 190, 288, 585, 586, 684, 981, 982, 1080, 1377, 1378, 1476, 1286, 1287, 1397, 1663, 1664, 1777;"{""total_rows"":38,""count_ok_importar"":38,""count_ok_eliminar"":0,""count_pending"":0,""count_review_action"":0,""count_other"":0}";import;qa_ok_importar_found
700325018100;CLAMP HALF TUBE 1/1 D9-18;1/1 D 9 - 18;0.04 KGM;import;qa_ok_importar_found;true;170;12V4000M40A, 12V4000M53, 12V4000M70, 16V4000M61, 16V4000M73, 16V4000M73L, 16V4000M90, 20V4000M93, 20V4000M93L;1101955, 1200637, 1200645, 1200692, 1200701, 1200720, 1200727, 1200733, 1200737, 1200747, 1200759, 1200767, 1200777, 1201422, 1201612, 1201619, 1201648, 1201939, 1201945, 1203777, 1203785, 1203831, 1203840, 1203859, 1203866, 1203872, 1203876, 1203886, 1203897, 1203905, 1203915, 1204561, 1204751, 1204758, 1204787, 1205078, 1205084, 1901529, 1901534, 1901556, 1901561, 1903916, 1903921, 1903943, 1903948, 1301289, 1301485, 1304202, 1304398, 1400799, 1400805, 1400815, 1400820, 1400825, 1401744, 1401785, 1401811, 1403968, 1403974, 1403984, 1403989, 1403994, 1404913, 1404954, 1404980, 1407137, 1407143, 1407153, 1407158, 1407163, 1408091, 1408132, 1408158, 1410315, 1410321, 1410331, 1410336, 1410341, 1411269, 1411311, 1411337, 1500624, 1501227, 1501507, 1503830, 1504434, 1504714, 1506293, 1506897, 1507177, 1508781, 1509383, 1509665, 1601419, 1601443, 1601626, 1700784, 1700790, 1700800, 1700805, 1700810, 1701948, 1701985, 1702011, 1702020, 1702030, 1702063, 1702109, 1704530, 1704536, 1704546, 1704551, 1704556, 1705688, 1705725, 1705751, 1705760, 1705770, 1705803, 1705849, 1708270, 1708276, 1708286, 1708291, 1708296, 1709428, 1709465, 1709491, 1709500, 1709510, 1709543, 1709589, 1712013, 1712019, 1712029, 1712034, 1712039, 1713173, 1713210, 1713236, 1713245, 1713255, 1713287, 1713332, 1800757, 1800767, 1800774, 1800779, 1800783, 1801710, 1801733, 1801738, 1801760, 1801775, 1801813, 1801817, 1802101, 1804363, 1804373, 1804380, 1804385, 1804389, 1805369, 1805392, 1805397, 1805419, 1805434, 1805472, 1805476, 1805760;213, 108, 111, 112, 195, 216, 217, 239, 463, 466, 467, 550, 571, 572, 594, 227, 228, 564, 565, 210, 232, 712, 734, 131, 132, 231, 234, 235, 485, 486, 585, 588, 589, 839, 840, 940, 943, 944, 1194, 1195, 1294, 1297, 1298, 117, 223, 602, 681, 709, 947, 1026, 1054, 1290, 1364, 1391, 205, 206, 222, 130, 247, 251, 252, 253, 526, 527, 643, 647, 648, 649, 922, 923, 1039, 1043, 1044, 1045, 1318, 1319, 1435, 1439, 1440, 1441, 1230, 1231, 1331, 1332, 1333, 1357, 1607, 1608, 1711, 1712, 1713, 1737;"{""total_rows"":170,""count_ok_importar"":170,""count_ok_eliminar"":0,""count_pending"":0,""count_review_action"":0,""count_other"":0}";import;qa_ok_importar_found
700325018104;CLAMP HALF TUBE 2/1 D9-18;2/1 D 9 - 18;0.056 KGM;import;qa_ok_importar_found;true;31;12V4000M70, 16V4000M61, 16V4000M73, 16V4000M73L, 16V4000M90, 20V4000M93, 20V4000M93L;1901147, 1903589, 1300885, 1303796, 1401803, 1404972, 1408150, 1411329, 1501238, 1504445, 1506908, 1509394, 1601057, 1702072, 1702077, 1702117, 1705812, 1705817, 1705857, 1709552, 1709557, 1709597, 1713296, 1713301, 1713340, 1801780, 1801785, 1801821, 1805439, 1805444, 1805480;178, 517, 154, 658, 235, 589, 944, 1298, 196, 682, 1027, 1365, 162, 252, 253, 648, 649, 1044, 1045, 1440, 1441, 1332, 1333, 1712, 1713;"{""total_rows"":31,""count_ok_importar"":31,""count_ok_eliminar"":0,""count_pending"":0,""count_review_action"":0,""count_other"":0}";import;qa_ok_importar_found
700325022100;CLAMP HALF TUBE 1/1 D9-22;1/1 D 9 - 22;0.048 KGM;import;qa_ok_importar_found;true;152;12V4000M40A, 12V4000M53, 12V4000M70, 16V4000M61, 16V4000M73, 16V4000M73L, 16V4000M90, 20V4000M93, 20V4000M93L;1101957, 1101958, 1101959, 1101960, 1101961, 1101962, 1101963, 1200660, 1200694, 1200761, 1200769, 1200772, 1200787, 1201528, 1201570, 1201601, 1201708, 1201716, 1202104, 1202129, 1203800, 1203833, 1203899, 1203907, 1203910, 1203925, 1204667, 1204709, 1204740, 1204847, 1204855, 1205243, 1205268, 1900512, 1900609, 1900650, 1900659, 1901607, 1901640, 1901755, 1901971, 1902952, 1903050, 1903092, 1903101, 1903994, 1904027, 1904142, 1904358, 1300481, 1300562, 1301336, 1301373, 1301460, 1301591, 1303404, 1303485, 1304249, 1304286, 1304373, 1304503, 1400626, 1400677, 1401470, 1401870, 1401878, 1402016, 1402041, 1403795, 1403846, 1404639, 1405039, 1405047, 1405185, 1405210, 1406964, 1407015, 1407817, 1408217, 1408225, 1408363, 1408388, 1410142, 1410193, 1410995, 1411397, 1411405, 1411544, 1411569, 1500508, 1501282, 1501554, 1501603, 1503714, 1504489, 1504761, 1504810, 1506177, 1506952, 1507224, 1507273, 1508665, 1509438, 1509712, 1509759, 1600514, 1600667, 1600710, 1600719, 1601521, 1601574, 1601746, 1700624, 1700675, 1701362, 1702182, 1702191, 1702267, 1702292, 1704370, 1704421, 1705102, 1705922, 1705931, 1706007, 1706032, 1708110, 1708161, 1708842, 1709662, 1709671, 1709747, 1709772, 1711850, 1711901, 1712589, 1713406, 1713415, 1713491, 1713516, 1800602, 1800652, 1801328, 1802191, 1802335, 1802350, 1804174, 1804224, 1804934, 1805850, 1805994, 1806009;92, 97, 105, 225, 230, 252, 259, 108, 111, 112, 213, 216, 223, 251, 463, 466, 467, 568, 571, 578, 606, 607, 106, 114, 115, 236, 239, 265, 445, 453, 454, 573, 576, 589, 602, 90, 96, 214, 219, 232, 244, 597, 603, 716, 721, 734, 745, 116, 204, 242, 255, 256, 469, 470, 558, 596, 609, 610, 823, 824, 913, 951, 964, 965, 1178, 1179, 1268, 1305, 1318, 1319, 198, 229, 237, 590, 684, 715, 723, 935, 1029, 1060, 1068, 1278, 1367, 1397, 1404, 102, 120, 121, 215, 221, 233, 189, 272, 273, 511, 512, 585, 655, 668, 669, 907, 908, 981, 1051, 1064, 1065, 1303, 1304, 1377, 1447, 1460, 1461, 1215, 1216, 1286, 1364, 1382, 1588, 1589, 1663, 1744, 1762;"{""total_rows"":152,""count_ok_importar"":152,""count_ok_eliminar"":0,""count_pending"":0,""count_review_action"":0,""count_other"":0}";import;qa_ok_importar_found
700325022104;CLAMP HALF TUBE 2/1 D9-22;2/1 D 9 - 22;0.069 KGM;import;qa_ok_importar_found;true;54;12V4000M40A, 12V4000M70, 16V4000M61, 16V4000M73, 16V4000M73L, 16V4000M90, 20V4000M93, 20V4000M93L;1101965, 1101966, 1101967, 1101968, 1900515, 1900594, 1900601, 1902955, 1903035, 1903042, 1300485, 1300521, 1301332, 1303408, 1303444, 1304245, 1400652, 1400664, 1401466, 1403821, 1403833, 1404635, 1406990, 1407002, 1407813, 1410168, 1410180, 1410991, 1500525, 1501279, 1503731, 1504486, 1506194, 1506949, 1508682, 1509435, 1600517, 1600611, 1600652, 1600659, 1700650, 1700662, 1704396, 1704408, 1708136, 1708148, 1711876, 1711888, 1800628, 1800639, 1802185, 1804200, 1804211, 1805844;92, 104, 221, 224, 106, 114, 445, 453, 90, 95, 214, 597, 602, 716, 116, 204, 470, 558, 824, 913, 1179, 1268, 198, 591, 684, 936, 1029, 1279, 1367, 102, 119, 120, 512, 908, 1304, 1216, 1364, 1589, 1744;"{""total_rows"":54,""count_ok_importar"":54,""count_ok_eliminar"":0,""count_pending"":0,""count_review_action"":0,""count_other"":0}";import;qa_ok_importar_found
700325022114;CLAMP HALF TUBE 1/1 D11-22;1/1 D11 - 22;0.044 KGM;import;qa_ok_importar_found;true;22;12V4000M40A, 12V4000M70, 16V4000M61, 16V4000M90;1101969, 1101970, 1101971, 1900630, 1900638, 1900644, 1900655, 1901643, 1903072, 1903080, 1903086, 1903097, 1904030, 1300575, 1301375, 1303498, 1304288, 1600690, 1600698, 1600704, 1600715, 1601749;97, 105, 230, 115, 239, 454, 576, 96, 219, 603, 721, 121, 233;"{""total_rows"":22,""count_ok_importar"":22,""count_ok_eliminar"":0,""count_pending"":0,""count_review_action"":0,""count_other"":0}";import;qa_ok_importar_found
700325022203;CLAMP HALF TUBE 2/1 G8-22;2/1 G 8 - 22;0.07 KGM;import;qa_ok_importar_found;true;31;12V4000M40A, 12V4000M70, 16V4000M61, 16V4000M73, 16V4000M73L, 16V4000M90, 20V4000M93, 20V4000M93L;1101975, 1101976, 1900516, 1902956, 1300486, 1303409, 1400653, 1401465, 1403822, 1404634, 1406991, 1407812, 1410169, 1410990, 1500526, 1501278, 1503732, 1504485, 1506195, 1506948, 1508683, 1509434, 1600518, 1700651, 1704397, 1708137, 1711877, 1800629, 1802186, 1804201, 1805845;92, 221, 106, 445, 90, 597, 116, 204, 470, 558, 824, 913, 1179, 1268, 198, 591, 684, 936, 1029, 1279, 1367, 102, 512, 908, 1304, 1216, 1364, 1589, 1744;"{""total_rows"":31,""count_ok_importar"":31,""count_ok_eliminar"":0,""count_pending"":0,""count_review_action"":0,""count_other"":0}";import;qa_ok_importar_found
700325028100;CLAMP HALF TUBE 1/1 D9-28;1/1 D 9 - 28;0.056 KGM;import;qa_ok_importar_found;true;105;12V4000M40A, 12V4000M53, 12V4000M70, 16V4000M61, 16V4000M73, 16V4000M73L, 16V4000M90, 20V4000M93, 20V4000M93L;1101977, 1101978, 1200616, 1200631, 1200634, 1200672, 1201595, 1202296, 1202304, 1202307, 1203755, 1203771, 1203774, 1203812, 1204734, 1205437, 1205445, 1205448, 1900613, 1902087, 1903054, 1904474, 1300582, 1301181, 1301731, 1303505, 1304094, 1304643, 1400634, 1400643, 1400670, 1401596, 1402491, 1402499, 1402517, 1402522, 1403803, 1403812, 1403839, 1404765, 1405660, 1405668, 1405686, 1405691, 1406972, 1406981, 1407008, 1407943, 1408838, 1408846, 1408864, 1408869, 1410150, 1410159, 1410186, 1411121, 1412039, 1412047, 1412066, 1412071, 1500515, 1501362, 1501747, 1503721, 1504569, 1504954, 1506184, 1507032, 1507417, 1507754, 1508672, 1509518, 1509905, 1510243, 1600670, 1601308, 1601917, 1700632, 1700641, 1700668, 1701772, 1702204, 1704378, 1704387, 1704414, 1705512, 1705944, 1708118, 1708127, 1708154, 1709252, 1709684, 1711858, 1711867, 1711894, 1712997, 1713428, 1800610, 1800619, 1800645, 1801930, 1804182, 1804191, 1804217, 1805589;105, 286, 107, 108, 216, 276, 277, 462, 463, 571, 633, 634, 114, 453, 623, 96, 192, 274, 603, 694, 773, 115, 116, 298, 299, 469, 470, 570, 652, 653, 823, 824, 925, 1007, 1008, 1178, 1179, 1280, 1361, 1362, 207, 250, 590, 693, 736, 935, 1038, 1081, 1122, 1278, 1376, 1417, 1457, 120, 187, 262, 233, 511, 512, 629, 658, 907, 908, 1025, 1054, 1303, 1304, 1421, 1450, 1215, 1216, 1343, 1588, 1589, 1723;"{""total_rows"":105,""count_ok_importar"":105,""count_ok_eliminar"":0,""count_pending"":0,""count_review_action"":0,""count_other"":0}";import;qa_ok_importar_found
700325028102;PIPE CLAMP HALF;2/1 D 9 - 28;82.000 g 2/1 D 9 - 28 MMN325;import;qa_ok_importar_found;true;18;12V4000M53, 16V4000M73, 16V4000M73L, 20V4000M93, 20V4000M93L;1202040, 1202045, 1205179, 1205184, 1400573, 1403743, 1406912, 1410090, 1500443, 1503649, 1506112, 1508600, 1700571, 1704319, 1708059, 1711799, 1800535, 1804106;243, 598, 106, 460, 814, 1169, 92, 577, 922, 1265, 105, 501, 897, 1293, 1203, 1576;"{""total_rows"":18,""count_ok_importar"":18,""count_ok_eliminar"":0,""count_pending"":0,""count_review_action"":0,""count_other"":0}";import;qa_ok_importar_found
700325028105;PIPE CLAMP HALF;1/1 D11 - 28;50.500 g 1/1 D11 - 28 MMN325;import;qa_ok_importar_found;true;10;12V4000M53, 16V4000M73, 16V4000M73L;1202289, 1205430, 1402512, 1405681, 1408859, 1412060, 1501767, 1504974, 1507437, 1509925;276, 633, 298, 652, 1007, 1361, 250, 736, 1081, 1417;"{""total_rows"":10,""count_ok_importar"":10,""count_ok_eliminar"":0,""count_pending"":0,""count_review_action"":0,""count_other"":0}";import;qa_ok_importar_found
700325038103;PIPE HALF-CLAMP;1/1 D 9 - 38;0.121 KGM;import;qa_ok_importar_found;true;18;16V4000M73, 16V4000M73L, 20V4000M93, 20V4000M93L;1401946, 1401994, 1405115, 1405163, 1408293, 1408341, 1411474, 1411522, 1501707, 1504914, 1507377, 1509865, 1702395, 1706135, 1709875, 1713619, 1802447, 1806106;252, 253, 606, 607, 961, 962, 1315, 1316, 248, 734, 1079, 1415, 280, 676, 1072, 1468, 1388, 1768;"{""total_rows"":18,""count_ok_importar"":18,""count_ok_eliminar"":0,""count_pending"":0,""count_review_action"":0,""count_other"":0}";import;qa_ok_importar_found
700325042100;CLAMP HALF TUBE 1/2 D9-42;1/2 D 9 - 42;0.164 KGM;import;qa_ok_importar_found;true;1;12V4000M40A;1101989;244;"{""total_rows"":1,""count_ok_importar"":1,""count_ok_eliminar"":0,""count_pending"":0,""count_review_action"":0,""count_other"":0}";import;qa_ok_importar_found
700325042200;CLAMP HALF TUBE 1/2 G8-42;1/2 G 8 - 42;0.169 KGM;import;qa_ok_importar_found;true;1;12V4000M40A;1101990;244;"{""total_rows"":1,""count_ok_importar"":1,""count_ok_eliminar"":0,""count_pending"":0,""count_review_action"":0,""count_other"":0}";import;qa_ok_importar_found
700325055100;CLAMP HALF TUBE 1/2 D9-55;1/2 D 9 - 55;0.235 KGM;import;qa_ok_importar_found;true;1;12V4000M40A;1101991;238;"{""total_rows"":1,""count_ok_importar"":1,""count_ok_eliminar"":0,""count_pending"":0,""count_review_action"":0,""count_other"":0}";import;qa_ok_importar_found
700327006000;GROMMET;6;0.001 KGM;import;qa_ok_importar_found;true;48;12V4000M40A, 12V4000M53, 12V4000M70, 16V4000M61, 16V4000M73, 16V4000M73L, 16V4000M90, 20V4000M93, 20V4000M93L;1101993, 1200688, 1200713, 1203828, 1203852, 1900731, 1903173, 1300623, 1303534, 1400787, 1400794, 1400832, 1403956, 1403963, 1404001, 1407125, 1407132, 1407170, 1410303, 1410310, 1410348, 1500615, 1500656, 1503821, 1503862, 1506284, 1506325, 1508772, 1508813, 1600574, 1700772, 1700779, 1700817, 1704518, 1704525, 1704563, 1708258, 1708265, 1708303, 1712001, 1712008, 1712046, 1800745, 1800752, 1800790, 1804351, 1804358, 1804396;115, 111, 466, 126, 465, 112, 616, 131, 135, 485, 489, 839, 843, 1194, 1198, 117, 121, 602, 606, 947, 951, 1290, 1294, 116, 130, 134, 526, 530, 922, 926, 1318, 1322, 1230, 1233, 1607, 1610;"{""total_rows"":48,""count_ok_importar"":48,""count_ok_eliminar"":0,""count_pending"":0,""count_review_action"":0,""count_other"":0}";import;qa_ok_importar_found
700327012000;GROMMET;12;0.005 KGM;import;qa_ok_importar_found;true;207;12V4000M40A, 12V4000M53, 12V4000M70, 16V4000M61, 16V4000M73, 16V4000M73L, 16V4000M90, 20V4000M93, 20V4000M93L;1102004, 1102005, 1200639, 1200646, 1200693, 1200704, 1200721, 1200728, 1200734, 1200748, 1200753, 1200760, 1200768, 1200778, 1201421, 1201611, 1201618, 1201647, 1201940, 1201946, 1203779, 1203786, 1203832, 1203843, 1203860, 1203867, 1203873, 1203887, 1203891, 1203898, 1203906, 1203916, 1204560, 1204750, 1204757, 1204786, 1205079, 1205085, 1901148, 1901530, 1901535, 1901557, 1901562, 1901581, 1903590, 1903917, 1903922, 1903944, 1903949, 1903968, 1300601, 1300886, 1301290, 1301487, 1303524, 1303797, 1304203, 1304400, 1400801, 1400810, 1400816, 1400821, 1400827, 1401743, 1401784, 1401802, 1401810, 1403970, 1403979, 1403985, 1403990, 1403996, 1404912, 1404953, 1404971, 1404979, 1407139, 1407148, 1407154, 1407159, 1407165, 1408090, 1408131, 1408149, 1408157, 1410317, 1410326, 1410332, 1410337, 1410343, 1411268, 1411310, 1411328, 1411336, 1500626, 1501226, 1501506, 1503832, 1504433, 1504713, 1506295, 1506896, 1507176, 1508783, 1509382, 1509664, 1600547, 1601058, 1601420, 1601444, 1601628, 1700271, 1700786, 1700795, 1700801, 1700806, 1700812, 1701947, 1701984, 1702010, 1702019, 1702029, 1702062, 1702070, 1702075, 1702108, 1702116, 1704015, 1704532, 1704541, 1704547, 1704552, 1704558, 1705687, 1705724, 1705750, 1705759, 1705769, 1705802, 1705810, 1705815, 1705848, 1705856, 1707755, 1708272, 1708281, 1708287, 1708292, 1708298, 1709427, 1709464, 1709490, 1709499, 1709509, 1709542, 1709550, 1709555, 1709588, 1709596, 1711495, 1712015, 1712024, 1712030, 1712035, 1712041, 1713172, 1713209, 1713235, 1713244, 1713254, 1713286, 1713294, 1713299, 1713331, 1713339, 1800759, 1800769, 1800775, 1800780, 1800785, 1801709, 1801732, 1801737, 1801759, 1801774, 1801778, 1801783, 1801812, 1801816, 1801820, 1802100, 1804365, 1804375, 1804381, 1804386, 1804391, 1805368, 1805391, 1805396, 1805418, 1805433, 1805437, 1805442, 1805471, 1805475, 1805479, 1805759;213, 216, 108, 111, 112, 195, 217, 239, 463, 466, 467, 550, 571, 572, 594, 178, 227, 228, 231, 517, 564, 565, 568, 105, 154, 210, 232, 612, 658, 712, 734, 131, 132, 234, 235, 485, 486, 585, 588, 589, 839, 840, 940, 943, 944, 1194, 1195, 1294, 1297, 1298, 117, 223, 602, 681, 709, 947, 1026, 1054, 1290, 1364, 1391, 110, 162, 205, 206, 222, 42, 130, 247, 251, 252, 253, 438, 526, 527, 643, 647, 648, 649, 834, 922, 923, 1039, 1043, 1044, 1045, 1230, 1318, 1319, 1435, 1439, 1440, 1441, 1231, 1331, 1332, 1333, 1357, 1607, 1608, 1711, 1712, 1713, 1737;"{""total_rows"":207,""count_ok_importar"":207,""count_ok_eliminar"":0,""count_pending"":0,""count_review_action"":0,""count_other"":0}";import;qa_ok_importar_found
700346065100;PIPE CLAMP HALF;AD 9 - 65;271.000 g AD 9 - 65 MMN346;import;qa_ok_importar_found;true;6;20V4000M93, 20V4000M93L;1701248, 1704988, 1708728, 1712476, 1801212, 1804818;175, 571, 967, 1363, 1273, 1650;"{""total_rows"":6,""count_ok_importar"":6,""count_ok_eliminar"":0,""count_pending"":0,""count_review_action"":0,""count_other"":0}";import;qa_ok_importar_found
700354014003;THREADED BUSHING;M 14 X 1,5;0.045 KGM;import;qa_ok_importar_found;true;22;12V4000M40A, 12V4000M53, 12V4000M70, 16V4000M61, 16V4000M73, 16V4000M73L, 16V4000M90, 20V4000M93, 20V4000M93L;1102020, 1201124, 1204263, 1900997, 1903439, 1300845, 1303756, 1401163, 1404332, 1407501, 1410679, 1500958, 1504165, 1506628, 1509112, 1600998, 1701290, 1705030, 1708770, 1712517, 1801254, 1804860;143, 158, 513, 161, 500, 149, 653, 173, 527, 881, 1236, 159, 645, 990, 1331, 153, 182, 578, 974, 1370, 1279, 1656;"{""total_rows"":22,""count_ok_importar"":22,""count_ok_eliminar"":0,""count_pending"":0,""count_review_action"":0,""count_other"":0}";import;qa_ok_importar_found
700354022003;THREADED BUSHING;M 22 X 1,5;76,010 G M 22 X 1,5;import;qa_ok_importar_found;true;4;12V4000M40A, 16V4000M61, 16V4000M90;1102021, 1301750, 1304662, 1601937;287, 275, 774, 263;"{""total_rows"":4,""count_ok_importar"":4,""count_ok_eliminar"":0,""count_pending"":0,""count_review_action"":0,""count_other"":0}";import;qa_ok_importar_found
700368042004;SLEEVE RUBBER;42 X 400;0.448 KGM;import;qa_ok_importar_found;true;22;12V4000M40A, 12V4000M53, 12V4000M70, 16V4000M61, 16V4000M73, 16V4000M73L, 16V4000M90, 20V4000M93, 20V4000M93L;1102022, 1202278, 1205419, 1902078, 1904465, 1301724, 1304636, 1402486, 1405655, 1408833, 1412033, 1502011, 1505218, 1507675, 1510164, 1601908, 1702907, 1706647, 1710387, 1714129, 1802971, 1806630;284, 274, 631, 621, 272, 771, 297, 651, 1006, 1360, 281, 767, 1109, 1444, 260, 315, 711, 1107, 1503, 1424, 1804;"{""total_rows"":22,""count_ok_importar"":22,""count_ok_eliminar"":0,""count_pending"":0,""count_review_action"":0,""count_other"":0}";import;qa_ok_importar_found
700368045003;RUBBER SLEEVE;45 X 100;0.115 KGM;import;qa_ok_importar_found;true;6;20V4000M93, 20V4000M93L;1700248, 1703992, 1707732, 1711472, 1800245, 1803817;41, 437, 833, 1229, 1143, 1516;"{""total_rows"":6,""count_ok_importar"":6,""count_ok_eliminar"":0,""count_pending"":0,""count_review_action"":0,""count_other"":0}";import;qa_ok_importar_found
700368045011;RUBBER SLEEVE;45 X 80;101.100 g;import;qa_ok_importar_found;true;6;20V4000M93, 20V4000M93L;1700253, 1703997, 1707737, 1711477, 1800250, 1803822;41, 437, 833, 1229, 1143, 1516;"{""total_rows"":6,""count_ok_importar"":6,""count_ok_eliminar"":0,""count_pending"":0,""count_review_action"":0,""count_other"":0}";import;qa_ok_importar_found
700383018101;BOSS;B M 18 X 1,5;0.031 KGM;import;qa_ok_importar_found;true;1;12V4000M40A;1102024;238;"{""total_rows"":1,""count_ok_importar"":1,""count_ok_eliminar"":0,""count_pending"":0,""count_review_action"":0,""count_other"":0}";import;qa_ok_importar_found
700386050002;SEAL OIL;A 50 X 72 X 8;30.800 g A 50 X 72 X 8 MMN386;import;qa_ok_importar_found;true;14;12V4000M40A, 12V4000M70, 16V4000M73, 16V4000M90, 20V4000M93, 20V4000M93L;1102027, 1901920, 1904307, 1401915, 1405084, 1408262, 1411443, 1601493, 1702245, 1705985, 1709725, 1713469, 1802247, 1805906;247, 260, 597, 249, 603, 958, 1312, 213, 269, 665, 1061, 1457, 1372, 1752;"{""total_rows"":14,""count_ok_importar"":14,""count_ok_eliminar"":0,""count_pending"":0,""count_review_action"":0,""count_other"":0}";import;qa_ok_importar_found
700419999001;UNION 20G 3/4 A;22 G 3/4 A;0.08 KGM;import;qa_ok_importar_found;true;2;12V4000M40A;1102028, 1102029;97, 243;"{""total_rows"":2,""count_ok_importar"":2,""count_ok_eliminar"":0,""count_pending"":0,""count_review_action"":0,""count_other"":0}";import;qa_ok_importar_found
700419999002;UNION 20G 1 A;22 G 1 A;128.300 g 22 G 1 A MMN419;import;qa_ok_importar_found;true;23;12V4000M40A, 12V4000M53, 12V4000M70, 16V4000M61, 16V4000M73, 16V4000M73L, 16V4000M90, 20V4000M93, 20V4000M93L;1102030, 1102031, 1201352, 1204491, 1901405, 1903792, 1301110, 1304023, 1401570, 1404739, 1407917, 1411095, 1501370, 1504577, 1507040, 1509526, 1601226, 1701746, 1705486, 1709226, 1712971, 1801874, 1805533;190, 221, 187, 542, 206, 543, 185, 687, 214, 568, 923, 1278, 210, 696, 1041, 1378, 180, 231, 627, 1023, 1419, 1337, 1717;"{""total_rows"":23,""count_ok_importar"":23,""count_ok_eliminar"":0,""count_pending"":0,""count_review_action"":0,""count_other"":0}";import;qa_ok_importar_found
700419999004;UNION 8G 3/8 A;10 G 3/8 A;0.033 KGM;import;qa_ok_importar_found;true;10;12V4000M53, 16V4000M73, 16V4000M73L;1201558, 1204697, 1401488, 1404657, 1407835, 1411013, 1501288, 1504495, 1506958, 1509444;213, 568, 205, 559, 914, 1269, 199, 685, 1030, 1368;"{""total_rows"":10,""count_ok_importar"":10,""count_ok_eliminar"":0,""count_pending"":0,""count_review_action"":0,""count_other"":0}";import;qa_ok_importar_found
700419999010;UNION 10G 3/8 A;12 G 3/8 A;0.031 KGM;import;qa_ok_importar_found;true;15;12V4000M40A, 12V4000M70, 16V4000M61, 16V4000M90;1102032, 1901138, 1901140, 1901150, 1901157, 1903580, 1903582, 1903592, 1903599, 1300879, 1303790, 1601048, 1601050, 1601061, 1601068;152, 178, 517, 154, 658, 162;"{""total_rows"":15,""count_ok_importar"":15,""count_ok_eliminar"":0,""count_pending"":0,""count_review_action"":0,""count_other"":0}";import;qa_ok_importar_found
700419999018;SCREW-FITTING UNION;28 G 1 A;0.157 KGM;import;qa_ok_importar_found;true;1;12V4000M40A;1102033;220;"{""total_rows"":1,""count_ok_importar"":1,""count_ok_eliminar"":0,""count_pending"":0,""count_review_action"":0,""count_other"":0}";import;qa_ok_importar_found
700419999021;SCREW-FITTING UNION;10 G 1/4 A;0.025 KGM;import;qa_ok_importar_found;true;46;12V4000M53, 16V4000M73, 16V4000M73L, 20V4000M93, 20V4000M93L;1201080, 1201266, 1204219, 1204404, 1401066, 1401495, 1404235, 1404664, 1407404, 1407842, 1410582, 1411020, 1500873, 1501295, 1504080, 1504502, 1506543, 1506965, 1509027, 1509451, 1701198, 1701365, 1701406, 1701434, 1704938, 1705105, 1705146, 1705174, 1708678, 1708845, 1708886, 1708914, 1712427, 1712592, 1712633, 1712661, 1801161, 1801228, 1801331, 1801372, 1801400, 1804767, 1804834, 1804937, 1804978, 1805006;151, 171, 506, 526, 162, 205, 516, 559, 870, 914, 1225, 1269, 149, 199, 635, 685, 980, 1030, 1321, 1368, 170, 189, 190, 566, 585, 586, 962, 981, 982, 1358, 1377, 1378, 1267, 1273, 1286, 1287, 1644, 1650, 1663, 1664;"{""total_rows"":46,""count_ok_importar"":46,""count_ok_eliminar"":0,""count_pending"":0,""count_review_action"":0,""count_other"":0}";import;qa_ok_importar_found
700425000049;PLATE;39;3,900 G;import;qa_ok_importar_found;true;36;12V4000M40A, 12V4000M70, 16V4000M61, 16V4000M73, 16V4000M73L, 16V4000M90, 20V4000M93L;1102038, 1102039, 1900781, 1900824, 1903223, 1903266, 1300658, 1300711, 1303569, 1303622, 1400889, 1400959, 1404055, 1404125, 1407224, 1407294, 1410402, 1410472, 1500700, 1500768, 1503906, 1503974, 1506369, 1506437, 1508857, 1508924, 1600775, 1600830, 1800838, 1800908, 1800969, 1801031, 1804444, 1804514, 1804575, 1804637;121, 127, 130, 134, 469, 473, 116, 122, 620, 626, 140, 147, 494, 501, 848, 855, 1203, 1210, 126, 133, 611, 618, 956, 963, 1299, 1305, 128, 1238, 1245, 1248, 1251, 1615, 1622, 1625, 1628;"{""total_rows"":36,""count_ok_importar"":36,""count_ok_eliminar"":0,""count_pending"":0,""count_review_action"":0,""count_other"":0}";import;qa_ok_importar_found
700425000112;LABEL;47.2;0.002 KGM;import;qa_ok_importar_found;true;6;12V4000M53, 16V4000M73;1200005, 1203156, 1400006, 1403177, 1406346, 1409524;19, 374, 373, 727, 1082;"{""total_rows"":6,""count_ok_importar"":6,""count_ok_eliminar"":0,""count_pending"":0,""count_review_action"":0,""count_other"":0}";import;qa_ok_importar_found
700425000182;EMI-LABEL EMI INFO;;;import;qa_ok_importar_found;true;19;12V4000M53, 16V4000M61, 16V4000M73, 16V4000M73L, 16V4000M90, 20V4000M93, 20V4000M93L;1200002, 1203153, 1300003, 1302925, 1400004, 1403175, 1406344, 1409522, 1500005, 1503205, 1505668, 1508161, 1600003, 1700002, 1703747, 1707487, 1711227, 1800004, 1803576;16, 371, 8, 515, 17, 725, 1080, 493, 838, 1181, 14, 412, 808, 1204, 1120, 1493;"{""total_rows"":19,""count_ok_importar"":19,""count_ok_eliminar"":0,""count_pending"":0,""count_review_action"":0,""count_other"":0}";import;qa_ok_importar_found
700425000235;PLATE F/TURBOCHARGER;;3.000 g;import;qa_ok_importar_found;true;13;12V4000M53, 20V4000M93;1200895, 1200949, 1204035, 1204089, 1704696, 1704755, 1704814, 1708436, 1708495, 1708554, 1712183, 1712243, 1712303;129, 135, 484, 490, 543, 546, 549, 939, 942, 945, 1335, 1338, 1341;"{""total_rows"":13,""count_ok_importar"":13,""count_ok_eliminar"":0,""count_pending"":0,""count_review_action"":0,""count_other"":0}";import;qa_ok_importar_found
700429007001;O-RING;A 7 X 1,5;0.001 KGM;import;qa_ok_importar_found;true;12;12V4000M53, 16V4000M73L, 20V4000M93L;1203095, 1206255, 1502190, 1502620, 1505331, 1505657, 1507824, 1508150, 1510313, 1510641, 1803561, 1807243;354, 717, 321, 367, 798, 829, 1141, 1172, 1476, 1507, 1481, 1865;"{""total_rows"":12,""count_ok_importar"":12,""count_ok_eliminar"":0,""count_pending"":0,""count_review_action"":0,""count_other"":0}";import;qa_ok_importar_found
700429008001;O-RING;A 8 X 2;0.001 KGM;import;qa_ok_importar_found;true;1;12V4000M40A;1102040;135;"{""total_rows"":1,""count_ok_importar"":1,""count_ok_eliminar"":0,""count_pending"":0,""count_review_action"":0,""count_other"":0}";import;qa_ok_importar_found
700429009003;O-RING;A 9 X 3;0.600 g 9 X 3 MMN429;import;qa_ok_importar_found;true;14;16V4000M73, 16V4000M73L, 20V4000M93, 20V4000M93L;1400700, 1403869, 1407038, 1410216, 1500546, 1503752, 1506215, 1508703, 1700697, 1704443, 1708183, 1711923, 1800664, 1804270;123, 477, 831, 1186, 111, 596, 941, 1284, 519, 915, 1311, 1222, 1599;"{""total_rows"":14,""count_ok_importar"":14,""count_ok_eliminar"":0,""count_pending"":0,""count_review_action"":0,""count_other"":0}";import;qa_ok_importar_found
700429010000;O-RING;A 10 X 2;0.001 KGM;import;qa_ok_importar_found;true;6;20V4000M93, 20V4000M93L;1700406, 1704152, 1707892, 1711632, 1800395, 1803968;67, 463, 859, 1255, 1167, 1540;"{""total_rows"":6,""count_ok_importar"":6,""count_ok_eliminar"":0,""count_pending"":0,""count_review_action"":0,""count_other"":0}";import;qa_ok_importar_found
700429012002;O-RING;A 12 X 5;2.200 g 12 X 5 MMN429;import;qa_ok_importar_found;true;21;12V4000M40A, 12V4000M53, 16V4000M61, 16V4000M73, 16V4000M73L, 16V4000M90, 20V4000M93, 20V4000M93L;1102041, 1102042, 1200071, 1203217, 1300054, 1302976, 1400075, 1403247, 1406416, 1409594, 1500045, 1503244, 1505707, 1508201, 1600046, 1700070, 1703815, 1707555, 1711295, 1800070, 1803642;18, 290, 27, 383, 17, 524, 29, 737, 1092, 503, 848, 1191, 21, 26, 422, 818, 1214, 1128, 1501;"{""total_rows"":21,""count_ok_importar"":21,""count_ok_eliminar"":0,""count_pending"":0,""count_review_action"":0,""count_other"":0}";import;qa_ok_importar_found
700429014002;O-RING;A 14 X 4;0.001 KGM;import;qa_ok_importar_found;true;40;16V4000M73, 16V4000M73L, 20V4000M93, 20V4000M93L;1400915, 1400988, 1404084, 1404157, 1407250, 1407323, 1410428, 1410501, 1500726, 1500797, 1503932, 1504003, 1506395, 1506466, 1508883, 1508953, 1700910, 1700983, 1701044, 1701105, 1704656, 1704726, 1704785, 1704844, 1708393, 1708466, 1708525, 1708584, 1712140, 1712213, 1712273, 1712333, 1800865, 1800939, 1801000, 1801062, 1804471, 1804545, 1804606, 1804668;140, 147, 494, 501, 848, 855, 1203, 1210, 126, 133, 611, 618, 956, 963, 1299, 1305, 150, 153, 536, 543, 546, 549, 932, 939, 942, 945, 1328, 1335, 1338, 1341, 1238, 1245, 1248, 1251, 1615, 1622, 1625, 1628;"{""total_rows"":40,""count_ok_importar"":40,""count_ok_eliminar"":0,""count_pending"":0,""count_review_action"":0,""count_other"":0}";import;qa_ok_importar_found
700429015000;O-RING;A 15 X 3;0.001 KGM;import;qa_ok_importar_found;true;12;12V4000M40A, 12V4000M70, 16V4000M61, 16V4000M90, 20V4000M93, 20V4000M93L;1102043, 1900198, 1902638, 1300189, 1303111, 1600208, 1700172, 1703917, 1707657, 1711397, 1800170, 1803741;37, 49, 388, 36, 543, 43, 40, 436, 832, 1228, 1142, 1515;"{""total_rows"":12,""count_ok_importar"":12,""count_ok_eliminar"":0,""count_pending"":0,""count_review_action"":0,""count_other"":0}";import;qa_ok_importar_found
700429015001;O-RING;A 15,5 X 4,5;0.001 KGM;import;qa_ok_importar_found;true;2;12V4000M53;1201042, 1204181;149, 504;"{""total_rows"":2,""count_ok_importar"":2,""count_ok_eliminar"":0,""count_pending"":0,""count_review_action"":0,""count_other"":0}";import;qa_ok_importar_found
700429015005;O-RING;A 15,6 X 1,78;0.001 KGM;import;qa_ok_importar_found;true;15;16V4000M73, 16V4000M73L, 20V4000M93;1401651, 1401696, 1404820, 1404865, 1407998, 1408043, 1411220, 1501491, 1504698, 1507161, 1509649, 1701827, 1705566, 1709306, 1713052;222, 226, 576, 580, 931, 935, 1289, 708, 1053, 1390, 237, 633, 1029, 1425;"{""total_rows"":15,""count_ok_importar"":15,""count_ok_eliminar"":0,""count_pending"":0,""count_review_action"":0,""count_other"":0}";import;qa_ok_importar_found
700429016003;O-RING;A 16 X 3;0.001 KGM;import;qa_ok_importar_found;true;8;12V4000M40A, 12V4000M53, 12V4000M70, 16V4000M61, 16V4000M90;1102045, 1200813, 1203952, 1900508, 1902948, 1300478, 1303401, 1600511;92, 122, 477, 106, 445, 90, 597, 102;"{""total_rows"":8,""count_ok_importar"":8,""count_ok_eliminar"":0,""count_pending"":0,""count_review_action"":0,""count_other"":0}";import;qa_ok_importar_found
700429017002;O-RING;A 17 X 3;0.001 KGM;import;qa_ok_importar_found;true;36;16V4000M73, 16V4000M73L, 20V4000M93, 20V4000M93L;1401779, 1401798, 1404948, 1404967, 1408126, 1408145, 1411304, 1411324, 1501221, 1504428, 1506891, 1509377, 1702004, 1702027, 1702054, 1702106, 1705744, 1705767, 1705794, 1705846, 1709484, 1709507, 1709534, 1709586, 1713229, 1713252, 1713278, 1713329, 1801730, 1801757, 1801772, 1801810, 1805389, 1805416, 1805431, 1805469;234, 235, 588, 589, 943, 944, 1297, 1298, 195, 681, 1026, 1364, 251, 252, 253, 647, 648, 649, 1043, 1044, 1045, 1439, 1440, 1441, 1331, 1332, 1711, 1712;"{""total_rows"":36,""count_ok_importar"":36,""count_ok_eliminar"":0,""count_pending"":0,""count_review_action"":0,""count_other"":0}";import;qa_ok_importar_found
700429018005;O-RING;A 18 X 4;0.002 KGM;import;qa_ok_importar_found;true;39;12V4000M40A, 12V4000M53, 12V4000M70, 16V4000M61, 16V4000M73, 16V4000M73L, 16V4000M90, 20V4000M93, 20V4000M93L;1102046, 1200015, 1201084, 1203166, 1204223, 1900009, 1900963, 1902449, 1903405, 1300012, 1300819, 1302934, 1303730, 1400039, 1401080, 1403211, 1404249, 1406380, 1407418, 1409558, 1410596, 1500886, 1504093, 1506556, 1509040, 1600012, 1600968, 1700033, 1701212, 1703777, 1704952, 1707517, 1708692, 1711257, 1712441, 1800035, 1801175, 1803608, 1804781;13, 22, 151, 377, 506, 24, 154, 363, 493, 12, 142, 519, 646, 26, 162, 380, 516, 734, 870, 1089, 1225, 149, 635, 980, 1321, 17, 146, 23, 170, 419, 566, 815, 962, 1211, 1358, 1125, 1267, 1498, 1644;"{""total_rows"":39,""count_ok_importar"":39,""count_ok_eliminar"":0,""count_pending"":0,""count_review_action"":0,""count_other"":0}";import;qa_ok_importar_found
700429018006;O-RING;A 18,68X 3,53;1.600 g 18,68X 3,53 MMN429;import;qa_ok_importar_found;true;14;16V4000M73, 16V4000M73L, 20V4000M93, 20V4000M93L;1400752, 1403921, 1407090, 1410268, 1500593, 1503799, 1506262, 1508750, 1700749, 1704495, 1708235, 1711976, 1800716, 1804322;125, 479, 833, 1188, 113, 598, 943, 1286, 521, 917, 1313, 1224, 1601;"{""total_rows"":14,""count_ok_importar"":14,""count_ok_eliminar"":0,""count_pending"":0,""count_review_action"":0,""count_other"":0}";import;qa_ok_importar_found
700429020000;O-RING;A 20 X 2,5;0,820 G 20 X 2,5;import;qa_ok_importar_found;true;2;16V4000M73L;1507729, 1510218;1121, 1456;"{""total_rows"":2,""count_ok_importar"":2,""count_ok_eliminar"":0,""count_pending"":0,""count_review_action"":0,""count_other"":0}";import;qa_ok_importar_found
700429020003;O-RING;A 20 X 4;2.100 g 20 X 4 MMN429;import;qa_ok_importar_found;true;58;12V4000M40A, 12V4000M53, 12V4000M70, 16V4000M61, 16V4000M73, 16V4000M73L, 16V4000M90, 20V4000M93, 20V4000M93L;1102047, 1200134, 1200625, 1203276, 1203764, 1900094, 1902534, 1300094, 1303016, 1400142, 1400616, 1400856, 1403313, 1403785, 1404025, 1406482, 1406954, 1407194, 1409660, 1410132, 1410372, 1500099, 1500498, 1500668, 1503305, 1503704, 1503874, 1505768, 1506167, 1506337, 1508255, 1508655, 1508825, 1600101, 1700142, 1700614, 1700845, 1703887, 1704360, 1704591, 1707627, 1708100, 1708331, 1711367, 1711840, 1712074, 1800130, 1800592, 1800864, 1800938, 1800999, 1801061, 1803702, 1804164, 1804470, 1804544, 1804605, 1804667;26, 35, 107, 390, 462, 37, 376, 25, 532, 38, 115, 138, 392, 469, 492, 746, 823, 846, 1101, 1178, 1201, 27, 105, 123, 512, 590, 608, 857, 935, 953, 1200, 1278, 1296, 30, 36, 137, 432, 511, 533, 828, 907, 929, 1224, 1303, 1325, 1138, 1215, 1238, 1245, 1248, 1251, 1511, 1588, 1615, 1622, 1625, 1628;"{""total_rows"":58,""count_ok_importar"":58,""count_ok_eliminar"":0,""count_pending"":0,""count_review_action"":0,""count_other"":0}";import;qa_ok_importar_found
700429021001;O-RING;A 21 X 2;0.001 KGM;import;qa_ok_importar_found;true;20;12V4000M40A, 12V4000M53, 12V4000M70, 16V4000M73, 16V4000M73L, 16V4000M90, 20V4000M93, 20V4000M93L;1102048, 1200551, 1203692, 1900489, 1902929, 1400567, 1403736, 1406905, 1410083, 1500437, 1503643, 1506106, 1508594, 1600493, 1700564, 1704312, 1708052, 1711792, 1800528, 1804100;89, 98, 453, 103, 442, 104, 458, 812, 1167, 90, 575, 920, 1263, 99, 499, 895, 1291, 1201, 1574;"{""total_rows"":20,""count_ok_importar"":20,""count_ok_eliminar"":0,""count_pending"":0,""count_review_action"":0,""count_other"":0}";import;qa_ok_importar_found
700429021002;O-RING;A 21 X 3;0.001 KGM;import;qa_ok_importar_found;true;6;12V4000M40A, 12V4000M70, 16V4000M61, 16V4000M90;1102049, 1900317, 1902757, 1300305, 1303227, 1600333;50, 65, 404, 49, 556, 60;"{""total_rows"":6,""count_ok_importar"":6,""count_ok_eliminar"":0,""count_pending"":0,""count_review_action"":0,""count_other"":0}";import;qa_ok_importar_found
700429022002;O-RING;A 22,2 X 3;1.300 g 22,2 X 3 MMN429;import;qa_ok_importar_found;true;24;16V4000M73, 16V4000M73L, 20V4000M93, 20V4000M93L;1400703, 1400706, 1403872, 1403875, 1407041, 1407044, 1410219, 1410222, 1500549, 1503755, 1506218, 1508706, 1700700, 1700703, 1704446, 1704449, 1708186, 1708189, 1711926, 1711929, 1800667, 1800670, 1804273, 1804276;123, 477, 831, 1186, 111, 596, 941, 1284, 519, 915, 1311, 1222, 1599;"{""total_rows"":24,""count_ok_importar"":24,""count_ok_eliminar"":0,""count_pending"":0,""count_review_action"":0,""count_other"":0}";import;qa_ok_importar_found
700429024000;O-RING;A 24 X 5;0.004 KGM;import;qa_ok_importar_found;true;69;12V4000M40A, 12V4000M53, 12V4000M70, 16V4000M61, 16V4000M73, 16V4000M73L, 16V4000M90, 20V4000M93, 20V4000M93L;1102051, 1102052, 1102053, 1200312, 1200597, 1201208, 1203455, 1203737, 1204347, 1900203, 1900507, 1900520, 1901197, 1902643, 1902947, 1902960, 1903639, 1300194, 1300477, 1300919, 1303116, 1303400, 1303830, 1400338, 1400599, 1401268, 1403506, 1403769, 1404437, 1406675, 1406938, 1407606, 1409853, 1410116, 1410784, 1500241, 1500467, 1501050, 1503447, 1503673, 1504257, 1505910, 1506136, 1506720, 1508397, 1508624, 1509204, 1600213, 1600510, 1600522, 1601103, 1700324, 1700599, 1701601, 1704069, 1704346, 1705341, 1707809, 1708086, 1709081, 1711549, 1711826, 1712828, 1800317, 1800561, 1801492, 1803891, 1804132, 1805098;37, 92, 154, 49, 102, 163, 404, 457, 518, 106, 180, 388, 445, 519, 36, 90, 156, 543, 597, 660, 56, 107, 410, 461, 534, 764, 815, 888, 1119, 1170, 1243, 44, 93, 169, 529, 578, 655, 874, 923, 1000, 1217, 1266, 1340, 43, 164, 53, 206, 449, 502, 602, 845, 898, 998, 1241, 1294, 1394, 1153, 1204, 1526, 1577, 1671;"{""total_rows"":69,""count_ok_importar"":69,""count_ok_eliminar"":0,""count_pending"":0,""count_review_action"":0,""count_other"":0}";import;qa_ok_importar_found
700429024002;O-RING;A 24 X 4;2.300 g 24 X 4 MMN429;import;qa_ok_importar_found;true;45;12V4000M40A, 12V4000M53, 12V4000M70, 16V4000M61, 16V4000M73, 16V4000M73L, 16V4000M90, 20V4000M93, 20V4000M93L;1102054, 1201500, 1201509, 1204639, 1204648, 1901370, 1901372, 1901374, 1901381, 1901383, 1901385, 1903757, 1903759, 1903761, 1903768, 1903770, 1903772, 1301141, 1304054, 1401753, 1401762, 1404922, 1404931, 1408100, 1408109, 1411278, 1411287, 1501320, 1504527, 1506990, 1509476, 1601257, 1601267, 1701957, 1701966, 1705697, 1705706, 1709437, 1709446, 1713182, 1713191, 1802110, 1802119, 1805769, 1805778;195, 210, 565, 205, 542, 190, 692, 232, 586, 941, 1295, 203, 689, 1034, 1372, 185, 248, 644, 1040, 1436, 1358, 1738;"{""total_rows"":45,""count_ok_importar"":45,""count_ok_eliminar"":0,""count_pending"":0,""count_review_action"":0,""count_other"":0}";import;qa_ok_importar_found
700429024004;O-RING;A 24 X 3;1.300 g 24 X 3 MMN429;import;qa_ok_importar_found;true;29;16V4000M73, 16V4000M73L, 16V4000M90, 20V4000M93, 20V4000M93L;1400290, 1400708, 1403458, 1403877, 1406627, 1407046, 1409805, 1410224, 1500196, 1500552, 1503402, 1503758, 1505865, 1506221, 1508352, 1508709, 1600162, 1700279, 1700705, 1704024, 1704451, 1707764, 1708191, 1711504, 1711931, 1800274, 1800672, 1803848, 1804278;47, 123, 401, 477, 755, 831, 1110, 1186, 35, 111, 520, 596, 865, 941, 1208, 1284, 44, 440, 519, 836, 915, 1232, 1311, 1146, 1222, 1519, 1599;"{""total_rows"":29,""count_ok_importar"":29,""count_ok_eliminar"":0,""count_pending"":0,""count_review_action"":0,""count_other"":0}";import;qa_ok_importar_found
700429025001;O-RING;A 25 X 2,5;0.001 KGM;import;qa_ok_importar_found;true;21;12V4000M53, 12V4000M70, 16V4000M61, 16V4000M73, 16V4000M73L, 16V4000M90, 20V4000M93, 20V4000M93L;1201089, 1204228, 1900946, 1903388, 1300801, 1303712, 1401089, 1404258, 1407427, 1410605, 1500896, 1504103, 1506566, 1509050, 1600950, 1701222, 1704962, 1708702, 1712451, 1801184, 1804790;151, 506, 154, 493, 142, 646, 162, 516, 870, 1225, 149, 635, 980, 1321, 146, 170, 566, 962, 1358, 1267, 1644;"{""total_rows"":21,""count_ok_importar"":21,""count_ok_eliminar"":0,""count_pending"":0,""count_review_action"":0,""count_other"":0}";import;qa_ok_importar_found
700429026001;O-RING;A 26 X 3;0.001 KGM;import;qa_ok_importar_found;true;44;12V4000M53, 16V4000M73, 16V4000M73L, 20V4000M93, 20V4000M93L;1201782, 1204921, 1400730, 1400753, 1402336, 1403899, 1403922, 1405505, 1407068, 1407091, 1408683, 1410246, 1410269, 1411882, 1500572, 1500594, 1501659, 1503778, 1503800, 1504866, 1506241, 1506263, 1507329, 1508729, 1508751, 1509817, 1700727, 1700750, 1702747, 1704473, 1704496, 1706487, 1708213, 1708236, 1710227, 1711954, 1711977, 1713971, 1800695, 1800717, 1802793, 1804301, 1804323, 1806452;232, 587, 124, 125, 280, 478, 479, 634, 832, 833, 989, 1187, 1188, 1343, 112, 113, 241, 597, 598, 727, 942, 943, 1072, 1285, 1286, 1408, 295, 520, 521, 691, 916, 917, 1087, 1312, 1313, 1483, 1223, 1224, 1402, 1600, 1601, 1782;"{""total_rows"":44,""count_ok_importar"":44,""count_ok_eliminar"":0,""count_pending"":0,""count_review_action"":0,""count_other"":0}";import;qa_ok_importar_found
700429027001;O-RING;A 27 X 5;0.005 KGM;import;qa_ok_importar_found;true;6;12V4000M40A, 12V4000M70, 16V4000M61, 16V4000M90;1102055, 1901442, 1903829, 1301195, 1304108, 1601321;198, 212, 549, 195, 697, 190;"{""total_rows"":6,""count_ok_importar"":6,""count_ok_eliminar"":0,""count_pending"":0,""count_review_action"":0,""count_other"":0}";import;qa_ok_importar_found
700429028000;O-RING;A 28 X 2,5;0.001 KGM;import;qa_ok_importar_found;true;14;16V4000M73, 16V4000M73L, 20V4000M93, 20V4000M93L;1400742, 1403911, 1407080, 1410258, 1500583, 1503789, 1506252, 1508740, 1700739, 1704485, 1708225, 1711966, 1800706, 1804312;125, 479, 833, 1188, 113, 598, 943, 1286, 521, 917, 1313, 1224, 1601;"{""total_rows"":14,""count_ok_importar"":14,""count_ok_eliminar"":0,""count_pending"":0,""count_review_action"":0,""count_other"":0}";import;qa_ok_importar_found
700429028002;O-RING;A 28 X 4;0.003 KGM;import;qa_ok_importar_found;true;82;12V4000M40A, 12V4000M70, 16V4000M61, 16V4000M73, 16V4000M73L, 16V4000M90, 20V4000M93, 20V4000M93L;1102056, 1902102, 1904489, 1301745, 1304657, 1401203, 1401723, 1401958, 1402000, 1402008, 1402504, 1404372, 1404892, 1405127, 1405169, 1405177, 1405673, 1407541, 1408070, 1408305, 1408347, 1408355, 1408851, 1410719, 1411248, 1411486, 1411528, 1411536, 1412052, 1500994, 1501526, 1501710, 1501759, 1504201, 1504733, 1504917, 1504966, 1506664, 1507196, 1507380, 1507429, 1509148, 1509684, 1509868, 1509917, 1601931, 1701313, 1701334, 1701907, 1702347, 1702415, 1702417, 1705053, 1705074, 1705647, 1706087, 1706155, 1706157, 1708793, 1708814, 1709387, 1709827, 1709895, 1709897, 1712540, 1712561, 1713132, 1713571, 1713639, 1713641, 1801277, 1801300, 1802065, 1802398, 1802465, 1802467, 1804883, 1804906, 1805724, 1806057, 1806124, 1806126;286, 623, 274, 773, 175, 227, 253, 298, 529, 581, 607, 652, 883, 936, 962, 1007, 1238, 1290, 1316, 1361, 161, 224, 248, 250, 647, 710, 734, 736, 992, 1055, 1079, 1081, 1333, 1392, 1415, 1417, 262, 185, 241, 279, 280, 637, 675, 676, 977, 1033, 1071, 1072, 1373, 1429, 1467, 1468, 1282, 1352, 1387, 1388, 1659, 1732, 1767, 1768;"{""total_rows"":82,""count_ok_importar"":82,""count_ok_eliminar"":0,""count_pending"":0,""count_review_action"":0,""count_other"":0}";import;qa_ok_importar_found
700429028005;O-RING;A 28,15X 3,5;0.002 KGM;import;qa_ok_importar_found;true;49;12V4000M40A, 12V4000M53, 12V4000M70, 16V4000M61, 16V4000M73, 16V4000M73L, 16V4000M90, 20V4000M93, 20V4000M93L;1102057, 1201631, 1201658, 1204770, 1204797, 1901567, 1901570, 1903954, 1903957, 1301299, 1304212, 1401769, 1401821, 1404938, 1404990, 1408116, 1408168, 1411294, 1411347, 1501210, 1504417, 1506880, 1509366, 1601449, 1601452, 1701996, 1702044, 1702089, 1702129, 1705736, 1705784, 1705829, 1705869, 1709476, 1709524, 1709569, 1709609, 1713221, 1713268, 1713312, 1713352, 1801721, 1801750, 1801796, 1801833, 1805380, 1805409, 1805455, 1805492;213, 216, 217, 571, 572, 228, 565, 210, 712, 234, 235, 588, 589, 943, 944, 1297, 1298, 195, 681, 1026, 1364, 206, 251, 252, 253, 647, 648, 649, 1043, 1044, 1045, 1439, 1440, 1441, 1331, 1332, 1333, 1711, 1712, 1713;"{""total_rows"":49,""count_ok_importar"":49,""count_ok_eliminar"":0,""count_pending"":0,""count_review_action"":0,""count_other"":0}";import;qa_ok_importar_found
700429030002;O-RING;A 30 X 4;0.003 KGM;import;qa_ok_importar_found;true;32;12V4000M40A, 12V4000M53, 16V4000M61, 16V4000M73, 16V4000M73L, 16V4000M90, 20V4000M93, 20V4000M93L;1102058, 1200652, 1200667, 1203792, 1203807, 1300514, 1303437, 1400632, 1400651, 1403801, 1403820, 1406970, 1406989, 1410148, 1410167, 1500513, 1503719, 1506182, 1508670, 1600604, 1700630, 1700649, 1704376, 1704395, 1708116, 1708135, 1711856, 1711875, 1800608, 1800627, 1804180, 1804199;104, 108, 463, 95, 602, 115, 116, 469, 470, 823, 824, 1178, 1179, 105, 590, 935, 1278, 119, 511, 512, 907, 908, 1303, 1304, 1215, 1216, 1588, 1589;"{""total_rows"":32,""count_ok_importar"":32,""count_ok_eliminar"":0,""count_pending"":0,""count_review_action"":0,""count_other"":0}";import;qa_ok_importar_found
700429030004;O-RING;A 30 X 2,5;0.001 KGM;import;qa_ok_importar_found;true;2;20V4000M93L;1803025, 1806683;1431, 1811;"{""total_rows"":2,""count_ok_importar"":2,""count_ok_eliminar"":0,""count_pending"":0,""count_review_action"":0,""count_other"":0}";import;qa_ok_importar_found
700429032003;O-RING;A 32 X 4;0.003 KGM;import;qa_ok_importar_found;true;14;12V4000M40A, 12V4000M53, 12V4000M70, 16V4000M61, 16V4000M90, 20V4000M93, 20V4000M93L;1102059, 1201418, 1204557, 1901479, 1903866, 1301230, 1304143, 1601358, 1702409, 1706149, 1709889, 1713633, 1802437, 1806096;200, 194, 549, 214, 551, 197, 699, 192, 280, 676, 1072, 1468, 1387, 1767;"{""total_rows"":14,""count_ok_importar"":14,""count_ok_eliminar"":0,""count_pending"":0,""count_review_action"":0,""count_other"":0}";import;qa_ok_importar_found
700429033000;O-RING;A 33 X 3,5;2.500 g 33 X 3,5 MMN429;import;qa_ok_importar_found;true;35;12V4000M40A, 12V4000M53, 12V4000M70, 16V4000M61, 16V4000M73, 16V4000M73L, 20V4000M93, 20V4000M93L;1102060, 1201693, 1201700, 1204832, 1204839, 1901592, 1901600, 1903979, 1903987, 1301319, 1304232, 1401844, 1401851, 1405013, 1405020, 1408191, 1408198, 1411370, 1411378, 1501545, 1504752, 1507215, 1509703, 1702156, 1702164, 1705896, 1705904, 1709636, 1709644, 1713378, 1713387, 1802147, 1802172, 1805805, 1805831;224, 223, 578, 236, 573, 214, 716, 241, 595, 950, 1304, 229, 715, 1060, 1397, 258, 654, 1050, 1446, 1363, 1364, 1743, 1744;"{""total_rows"":35,""count_ok_importar"":35,""count_ok_eliminar"":0,""count_pending"":0,""count_review_action"":0,""count_other"":0}";import;qa_ok_importar_found
700429033001;O-RING;A 33 X 5;5.100 g 33 X 5 MMN429;import;qa_ok_importar_found;true;28;12V4000M40A, 12V4000M53, 12V4000M70, 16V4000M61, 16V4000M73, 16V4000M73L, 16V4000M90, 20V4000M93, 20V4000M93L;1102061, 1102062, 1200123, 1203265, 1900114, 1900135, 1902554, 1902575, 1300112, 1300130, 1303034, 1303052, 1400131, 1403302, 1406471, 1409649, 1500089, 1503295, 1505758, 1508245, 1600121, 1600142, 1700131, 1703876, 1707616, 1711356, 1800144, 1803716;26, 29, 35, 390, 37, 41, 376, 380, 25, 28, 532, 535, 38, 392, 746, 1101, 27, 512, 857, 1200, 30, 34, 36, 432, 828, 1224, 1138, 1511;"{""total_rows"":28,""count_ok_importar"":28,""count_ok_eliminar"":0,""count_pending"":0,""count_review_action"":0,""count_other"":0}";import;qa_ok_importar_found
700429035000;O-RING;A 35,5 X 4;0.003 KGM;import;qa_ok_importar_found;true;4;12V4000M40A, 12V4000M70, 16V4000M90;1102063, 1901238, 1903680, 1601154;157, 183, 522, 168;"{""total_rows"":4,""count_ok_importar"":4,""count_ok_eliminar"":0,""count_pending"":0,""count_review_action"":0,""count_other"":0}";import;qa_ok_importar_found
700429036001;O-RING;A 36 X 5;0.005 KGM;import;qa_ok_importar_found;true;6;12V4000M40A, 12V4000M70, 16V4000M61, 16V4000M90;1102064, 1900496, 1902936, 1300466, 1303389, 1600499;92, 106, 445, 90, 597, 102;"{""total_rows"":6,""count_ok_importar"":6,""count_ok_eliminar"":0,""count_pending"":0,""count_review_action"":0,""count_other"":0}";import;qa_ok_importar_found
700429036003;O-RING;A 36,2 X 3;1.800 g 36,2 X 3 MMN429;import;qa_ok_importar_found;true;16;12V4000M53, 16V4000M73, 16V4000M73L, 20V4000M93, 20V4000M93L;1200556, 1203697, 1400587, 1403757, 1406926, 1410104, 1500457, 1503663, 1506126, 1508614, 1700584, 1704332, 1708072, 1711812, 1800549, 1804119;101, 456, 106, 460, 814, 1169, 92, 577, 922, 1265, 105, 501, 897, 1293, 1203, 1576;"{""total_rows"":16,""count_ok_importar"":16,""count_ok_eliminar"":0,""count_pending"":0,""count_review_action"":0,""count_other"":0}";import;qa_ok_importar_found
700429037000;O-RING;A 37,7 X 3,53;0.003 KGM;import;qa_ok_importar_found;true;22;12V4000M40A, 12V4000M53, 16V4000M61, 16V4000M73, 16V4000M73L, 16V4000M90, 20V4000M93, 20V4000M93L;1102065, 1200329, 1203471, 1300210, 1303132, 1400356, 1403523, 1406692, 1409870, 1500257, 1503463, 1505926, 1508413, 1600231, 1700342, 1704086, 1707826, 1711566, 1800334, 1801863, 1803908, 1805522;40, 51, 406, 38, 545, 58, 412, 766, 1121, 46, 531, 876, 1219, 55, 451, 847, 1243, 1155, 1334, 1528, 1714;"{""total_rows"":22,""count_ok_importar"":22,""count_ok_eliminar"":0,""count_pending"":0,""count_review_action"":0,""count_other"":0}";import;qa_ok_importar_found
700429037001;O-RING;A 37,46X 5,33;6.500 g 37,46X 5,33 MMN429;import;qa_ok_importar_found;true;6;20V4000M93, 20V4000M93L;1701887, 1705627, 1709367, 1713112, 1802045, 1805704;240, 636, 1032, 1428, 1351, 1731;"{""total_rows"":6,""count_ok_importar"":6,""count_ok_eliminar"":0,""count_pending"":0,""count_review_action"":0,""count_other"":0}";import;qa_ok_importar_found
700429038000;O-RING;A 38 X 5;0.006 KGM;import;qa_ok_importar_found;true;20;16V4000M73, 16V4000M73L, 20V4000M93, 20V4000M93L;1401988, 1405157, 1408335, 1411516, 1501735, 1504942, 1507405, 1509893, 1702405, 1702419, 1706145, 1706159, 1709885, 1709899, 1713629, 1713643, 1802458, 1802469, 1806117, 1806128;253, 607, 962, 1316, 249, 735, 1080, 1416, 280, 676, 1072, 1468, 1388, 1768;"{""total_rows"":20,""count_ok_importar"":20,""count_ok_eliminar"":0,""count_pending"":0,""count_review_action"":0,""count_other"":0}";import;qa_ok_importar_found
700429038002;O-RING;A 38 X 2;0.001 KGM;import;qa_ok_importar_found;true;56;12V4000M40A, 12V4000M53, 12V4000M70, 16V4000M61, 16V4000M73, 16V4000M73L, 16V4000M90, 20V4000M93, 20V4000M93L;1102066, 1102067, 1200870, 1200924, 1204010, 1204064, 1900787, 1900830, 1903229, 1903272, 1300666, 1300717, 1303577, 1303628, 1400890, 1400960, 1404056, 1404126, 1407225, 1407295, 1410403, 1410473, 1500701, 1500769, 1503907, 1503975, 1506370, 1506438, 1508858, 1508925, 1600780, 1600835, 1700895, 1700965, 1701026, 1701087, 1704638, 1704708, 1704767, 1704826, 1708378, 1708448, 1708507, 1708566, 1712125, 1712195, 1712255, 1712315, 1800849, 1800919, 1800982, 1801042, 1804455, 1804525, 1804588, 1804648;121, 127, 128, 134, 483, 489, 130, 469, 473, 116, 122, 620, 626, 140, 147, 494, 501, 848, 855, 1203, 1210, 126, 133, 611, 618, 956, 963, 1299, 1305, 150, 153, 536, 543, 546, 549, 932, 939, 942, 945, 1328, 1335, 1338, 1341, 1238, 1245, 1248, 1251, 1615, 1622, 1625, 1628;"{""total_rows"":56,""count_ok_importar"":56,""count_ok_eliminar"":0,""count_pending"":0,""count_review_action"":0,""count_other"":0}";import;qa_ok_importar_found
700429039000;O-RING;A 39,2 X 3;0.002 KGM;import;qa_ok_importar_found;true;14;12V4000M40A, 16V4000M61, 16V4000M73, 16V4000M73L, 16V4000M90, 20V4000M93L;1102069, 1300373, 1303295, 1400491, 1403659, 1406828, 1410006, 1500368, 1503574, 1506037, 1508525, 1600401, 1800450, 1804023;65, 63, 570, 82, 436, 790, 1145, 69, 554, 899, 1242, 75, 1180, 1553;"{""total_rows"":14,""count_ok_importar"":14,""count_ok_eliminar"":0,""count_pending"":0,""count_review_action"":0,""count_other"":0}";import;qa_ok_importar_found
700429040000;O-RING;A 40 X 3;0.002 KGM;import;qa_ok_importar_found;true;58;12V4000M40A, 12V4000M53, 12V4000M70, 16V4000M61, 16V4000M73, 16V4000M73L, 16V4000M90, 20V4000M93, 20V4000M93L;1102070, 1102071, 1200154, 1200318, 1203296, 1203461, 1900148, 1900210, 1902588, 1902650, 1300142, 1300200, 1303064, 1303122, 1400167, 1400345, 1400729, 1403338, 1403513, 1403898, 1406507, 1406682, 1407067, 1409685, 1409860, 1410245, 1500116, 1500247, 1500557, 1503322, 1503453, 1503763, 1505785, 1505916, 1506226, 1508272, 1508403, 1508714, 1600154, 1600219, 1700264, 1700331, 1700726, 1704008, 1704076, 1704472, 1707748, 1707816, 1708212, 1711488, 1711556, 1711953, 1800260, 1800324, 1800694, 1803832, 1803898, 1804300;29, 37, 40, 49, 395, 404, 41, 380, 388, 28, 36, 535, 543, 43, 56, 124, 397, 410, 478, 751, 764, 832, 1106, 1119, 1187, 32, 44, 111, 517, 529, 596, 862, 874, 941, 1205, 1217, 1284, 34, 53, 437, 449, 520, 833, 845, 916, 1229, 1241, 1312, 1143, 1153, 1223, 1516, 1526, 1600;"{""total_rows"":58,""count_ok_importar"":58,""count_ok_eliminar"":0,""count_pending"":0,""count_review_action"":0,""count_other"":0}";import;qa_ok_importar_found
700429040003;O-RING;A 40 X 5;5,900 g 40 X 5 MMN429;import;qa_ok_importar_found;true;2;12V4000M53;1201371, 1204510;191, 546;"{""total_rows"":2,""count_ok_importar"":2,""count_ok_eliminar"":0,""count_pending"":0,""count_review_action"":0,""count_other"":0}";import;qa_ok_importar_found
700429041000;O-RING;A 41 X 4;3.800 g 41 X 4 MMN429;import;qa_ok_importar_found;true;37;12V4000M40A, 12V4000M53, 12V4000M70, 16V4000M61, 16V4000M73, 16V4000M73L, 16V4000M90, 20V4000M93, 20V4000M93L;1102072, 1201499, 1201508, 1204638, 1204647, 1901369, 1901380, 1903756, 1903767, 1301140, 1304053, 1401752, 1401761, 1404921, 1404930, 1408099, 1408108, 1411277, 1411286, 1501319, 1504526, 1506989, 1509475, 1601256, 1601266, 1701956, 1701965, 1705696, 1705705, 1709436, 1709445, 1713181, 1713190, 1802109, 1802118, 1805768, 1805777;195, 210, 565, 205, 542, 190, 692, 232, 586, 941, 1295, 203, 689, 1034, 1372, 185, 248, 644, 1040, 1436, 1358, 1738;"{""total_rows"":37,""count_ok_importar"":37,""count_ok_eliminar"":0,""count_pending"":0,""count_review_action"":0,""count_other"":0}";import;qa_ok_importar_found
700429042000;O-RING;A 42 X 5;0.005 KGM;import;qa_ok_importar_found;true;71;12V4000M40A, 12V4000M53, 12V4000M70, 16V4000M61, 16V4000M73, 16V4000M73L, 16V4000M90, 20V4000M93, 20V4000M93L;1102073, 1102074, 1102075, 1102076, 1200019, 1200799, 1202170, 1203170, 1203939, 1205309, 1900003, 1900142, 1901447, 1901986, 1902443, 1902582, 1903834, 1904373, 1300006, 1300136, 1301194, 1301629, 1302928, 1303058, 1304107, 1304541, 1400043, 1400684, 1402347, 1403215, 1403853, 1405516, 1406384, 1407022, 1408694, 1409562, 1410200, 1411893, 1500540, 1501957, 1503746, 1505164, 1506209, 1507627, 1507728, 1508697, 1510116, 1510217, 1600006, 1600148, 1601320, 1601326, 1601810, 1700037, 1700682, 1702760, 1703781, 1704428, 1706500, 1707521, 1708168, 1710240, 1711261, 1711908, 1713983, 1800039, 1800657, 1802819, 1803612, 1804229, 1806478;13, 29, 198, 267, 22, 117, 261, 377, 472, 616, 24, 41, 212, 269, 363, 380, 549, 606, 12, 28, 195, 251, 519, 535, 697, 752, 26, 119, 285, 473, 639, 734, 827, 994, 1089, 1182, 1348, 108, 593, 753, 938, 1098, 1121, 1281, 1434, 1456, 17, 34, 190, 242, 23, 300, 419, 515, 696, 815, 911, 1092, 1211, 1307, 1488, 1125, 1219, 1409, 1498, 1592, 1789;"{""total_rows"":71,""count_ok_importar"":71,""count_ok_eliminar"":0,""count_pending"":0,""count_review_action"":0,""count_other"":0}";import;qa_ok_importar_found
700429042002;O-RING;A 42 X 4;0.005 KGM;import;qa_ok_importar_found;true;16;12V4000M53, 16V4000M73, 16V4000M73L, 20V4000M93, 20V4000M93L;1201477, 1204616, 1401714, 1404883, 1408061, 1411239, 1501517, 1504724, 1507187, 1509675, 1701898, 1705638, 1709378, 1713123, 1802056, 1805715;204, 559, 227, 581, 936, 1290, 224, 710, 1055, 1392, 241, 637, 1033, 1429, 1352, 1732;"{""total_rows"":16,""count_ok_importar"":16,""count_ok_eliminar"":0,""count_pending"":0,""count_review_action"":0,""count_other"":0}";import;qa_ok_importar_found
700429043000;O-RING;A 43 X 3;0.002 KGM;import;qa_ok_importar_found;true;12;12V4000M53;1200182, 1200186, 1200189, 1200192, 1200195, 1200271, 1203324, 1203328, 1203331, 1203334, 1203337, 1203415;40, 42, 395, 397;"{""total_rows"":12,""count_ok_importar"":12,""count_ok_eliminar"":0,""count_pending"":0,""count_review_action"":0,""count_other"":0}";import;qa_ok_importar_found
700429045000;O-RING;A 45 X 5;0.006 KGM;import;qa_ok_importar_found;true;14;12V4000M53, 20V4000M93, 20V4000M93L;1201372, 1204511, 1701308, 1702410, 1705048, 1706150, 1708788, 1709890, 1712535, 1713634, 1801272, 1802438, 1804878, 1806097;191, 546, 185, 280, 581, 676, 977, 1072, 1373, 1468, 1282, 1387, 1659, 1767;"{""total_rows"":14,""count_ok_importar"":14,""count_ok_eliminar"":0,""count_pending"":0,""count_review_action"":0,""count_other"":0}";import;qa_ok_importar_found
700429045001;O-RING;A 45 X 4;0.004 KGM;import;qa_ok_importar_found;true;26;16V4000M73, 16V4000M73L, 20V4000M93, 20V4000M93L;1401940, 1401955, 1401989, 1402001, 1405109, 1405124, 1405158, 1405170, 1408287, 1408302, 1408336, 1408348, 1411468, 1411483, 1411517, 1411529, 1501704, 1504911, 1507374, 1509862, 1702344, 1706084, 1709824, 1713568, 1802395, 1806054;252, 253, 606, 607, 961, 962, 1315, 1316, 248, 734, 1079, 1415, 279, 675, 1071, 1467, 1387, 1767;"{""total_rows"":26,""count_ok_importar"":26,""count_ok_eliminar"":0,""count_pending"":0,""count_review_action"":0,""count_other"":0}";import;qa_ok_importar_found
700429048000;O-RING;A 48 X 4;4.400 g 48 X 4 MMN429;import;qa_ok_importar_found;true;24;12V4000M40A, 12V4000M53, 12V4000M70, 16V4000M61, 16V4000M73, 16V4000M73L, 16V4000M90, 20V4000M93, 20V4000M93L;1102078, 1200317, 1203460, 1900209, 1902649, 1300199, 1303121, 1400343, 1403511, 1406680, 1409858, 1500246, 1503452, 1505915, 1508402, 1600218, 1700329, 1704074, 1707814, 1711554, 1800322, 1801846, 1803896, 1805505;37, 49, 404, 388, 36, 543, 56, 410, 764, 1119, 44, 529, 874, 1217, 43, 53, 449, 845, 1241, 1153, 1334, 1526, 1714;"{""total_rows"":24,""count_ok_importar"":24,""count_ok_eliminar"":0,""count_pending"":0,""count_review_action"":0,""count_other"":0}";import;qa_ok_importar_found
700429050000;O-RING;A 50 X 5;0.008 KGM;import;qa_ok_importar_found;true;6;20V4000M93, 20V4000M93L;1702385, 1706125, 1709865, 1713609, 1802434, 1806093;279, 675, 1071, 1467, 1387, 1767;"{""total_rows"":6,""count_ok_importar"":6,""count_ok_eliminar"":0,""count_pending"":0,""count_review_action"":0,""count_other"":0}";import;qa_ok_importar_found
700429050003;O-RING;A 50 X 4;4,600 g 50 X 4 MMN429;import;qa_ok_importar_found;true;2;12V4000M53;1201330, 1204469;184, 539;"{""total_rows"":2,""count_ok_importar"":2,""count_ok_eliminar"":0,""count_pending"":0,""count_review_action"":0,""count_other"":0}";import;qa_ok_importar_found
700429054001;O-RING;A 54 X 5;0.008 KGM;import;qa_ok_importar_found;true;6;20V4000M93, 20V4000M93L;1702402, 1706142, 1709882, 1713626, 1802455, 1806114;280, 676, 1072, 1468, 1388, 1768;"{""total_rows"":6,""count_ok_importar"":6,""count_ok_eliminar"":0,""count_pending"":0,""count_review_action"":0,""count_other"":0}";import;qa_ok_importar_found
700429055001;O-RING;A 55 X 5;8.000 g 55 X 5 MMN429;import;qa_ok_importar_found;true;66;12V4000M40A, 12V4000M53, 12V4000M70, 16V4000M61, 16V4000M73, 16V4000M73L, 16V4000M90, 20V4000M93, 20V4000M93L;1102079, 1102080, 1102081, 1102082, 1200024, 1201389, 1202169, 1203175, 1204528, 1205308, 1900010, 1901443, 1901451, 1901987, 1902450, 1903830, 1903838, 1904374, 1300013, 1301196, 1301203, 1301630, 1302935, 1304109, 1304116, 1304542, 1400048, 1401552, 1402346, 1403220, 1404721, 1405515, 1406389, 1407899, 1408693, 1409567, 1411077, 1411892, 1501337, 1501956, 1504544, 1505163, 1507007, 1507626, 1509493, 1510115, 1600013, 1601322, 1601330, 1601811, 1700042, 1701939, 1702759, 1703787, 1705679, 1706499, 1707526, 1709419, 1710239, 1711266, 1713164, 1713982, 1800044, 1802818, 1803617, 1806477;13, 198, 200, 267, 22, 194, 261, 377, 549, 616, 24, 212, 214, 269, 363, 551, 606, 12, 195, 197, 251, 519, 697, 699, 752, 26, 210, 285, 380, 564, 639, 734, 919, 994, 1089, 1274, 1348, 205, 691, 753, 1036, 1098, 1374, 1434, 17, 190, 192, 242, 23, 245, 300, 419, 641, 696, 815, 1037, 1092, 1211, 1433, 1488, 1125, 1409, 1498, 1789;"{""total_rows"":66,""count_ok_importar"":66,""count_ok_eliminar"":0,""count_pending"":0,""count_review_action"":0,""count_other"":0}";import;qa_ok_importar_found
700429058001;O-RING;A 58 X 4;6.000 g 58 X 4 MMN429;import;qa_ok_importar_found;true;16;12V4000M53, 16V4000M73, 16V4000M73L, 20V4000M93, 20V4000M93L;1201365, 1204504, 1401607, 1404776, 1407954, 1411133, 1501411, 1504618, 1507081, 1509569, 1701782, 1705522, 1709262, 1713007, 1801940, 1805599;191, 546, 219, 573, 928, 1283, 217, 703, 1048, 1385, 236, 632, 1028, 1424, 1346, 1726;"{""total_rows"":16,""count_ok_importar"":16,""count_ok_eliminar"":0,""count_pending"":0,""count_review_action"":0,""count_other"":0}";import;qa_ok_importar_found
700429060002;O-RING;A 60 X 4;0.006 KGM;import;qa_ok_importar_found;true;8;12V4000M40A, 12V4000M53, 12V4000M70, 16V4000M61, 16V4000M90;1102083, 1201340, 1204479, 1900506, 1902946, 1300476, 1303399, 1600509;92, 184, 539, 106, 445, 90, 597, 102;"{""total_rows"":8,""count_ok_importar"":8,""count_ok_eliminar"":0,""count_pending"":0,""count_review_action"":0,""count_other"":0}";import;qa_ok_importar_found
700429065000;O-RING;A 65 X 4;5.800 g 65 X 4 MMN429;import;qa_ok_importar_found;true;16;12V4000M53, 16V4000M73, 16V4000M73L, 20V4000M93, 20V4000M93L;1202207, 1205346, 1401605, 1404774, 1407952, 1411131, 1501409, 1504616, 1507079, 1509566, 1701781, 1705521, 1709261, 1713006, 1801939, 1805598;264, 619, 219, 573, 928, 1283, 217, 703, 1048, 1385, 236, 632, 1028, 1424, 1346, 1726;"{""total_rows"":16,""count_ok_importar"":16,""count_ok_eliminar"":0,""count_pending"":0,""count_review_action"":0,""count_other"":0}";import;qa_ok_importar_found
700429065001;O-RING;A 65 X 5;0.008 KGM;import;qa_ok_importar_found;true;6;20V4000M93, 20V4000M93L;1702412, 1706152, 1709892, 1713636, 1802462, 1806121;280, 676, 1072, 1468, 1388, 1768;"{""total_rows"":6,""count_ok_importar"":6,""count_ok_eliminar"":0,""count_pending"":0,""count_review_action"":0,""count_other"":0}";import;qa_ok_importar_found
700429069000;O-RING;A 69,45X 3,53;5.000 g 69,45X 3,53 MMN429;import;qa_ok_importar_found;true;29;16V4000M73, 16V4000M73L, 20V4000M93, 20V4000M93L;1401698, 1401700, 1404867, 1404869, 1408045, 1408047, 1411211, 1411222, 1411224, 1501485, 1501493, 1504692, 1504700, 1507155, 1507163, 1509643, 1509651, 1701877, 1701880, 1705617, 1705620, 1709357, 1709360, 1713102, 1713105, 1802036, 1802038, 1805695, 1805697;226, 580, 935, 1286, 1289, 220, 222, 706, 708, 1051, 1053, 1388, 1390, 240, 636, 1032, 1428, 1351, 1731;"{""total_rows"":29,""count_ok_importar"":29,""count_ok_eliminar"":0,""count_pending"":0,""count_review_action"":0,""count_other"":0}";import;qa_ok_importar_found
700429070000;O-RING;A 70 X 5;0.01 KGM;import;qa_ok_importar_found;true;75;12V4000M40A, 12V4000M53, 12V4000M70, 16V4000M61, 16V4000M73, 16V4000M73L, 16V4000M90, 20V4000M93, 20V4000M93L;1102084, 1102085, 1102086, 1102087, 1102088, 1102089, 1102090, 1200098, 1202148, 1202155, 1202171, 1203241, 1205287, 1205294, 1205310, 1900058, 1900868, 1900889, 1900913, 1901019, 1901246, 1901942, 1901943, 1901956, 1901988, 1902498, 1903310, 1903331, 1903355, 1903461, 1903688, 1904329, 1904330, 1904343, 1904375, 1300066, 1300765, 1300855, 1301615, 1301631, 1302988, 1303676, 1303766, 1304527, 1304543, 1400104, 1402348, 1403276, 1405517, 1406445, 1408695, 1409623, 1411894, 1500068, 1501959, 1503274, 1505166, 1505737, 1507629, 1508224, 1510118, 1600060, 1600884, 1600905, 1601020, 1601042, 1601142, 1601725, 1601812, 1702761, 1706501, 1710241, 1713984, 1802820, 1806479;20, 131, 143, 148, 157, 251, 267, 31, 257, 261, 386, 612, 616, 138, 139, 144, 162, 184, 264, 269, 370, 477, 478, 483, 501, 523, 601, 606, 19, 132, 149, 247, 526, 636, 653, 748, 752, 33, 285, 387, 639, 741, 994, 1096, 1348, 22, 507, 753, 852, 1098, 1195, 1434, 23, 154, 158, 168, 228, 242, 300, 696, 1092, 1488, 1409, 1789;"{""total_rows"":75,""count_ok_importar"":75,""count_ok_eliminar"":0,""count_pending"":0,""count_review_action"":0,""count_other"":0}";import;qa_ok_importar_found
700429070002;O-RING;A 70 X 4;6,200 g 70 X 4 MMN429;import;qa_ok_importar_found;true;2;12V4000M53;1201364, 1204503;191, 546;"{""total_rows"":2,""count_ok_importar"":2,""count_ok_eliminar"":0,""count_pending"":0,""count_review_action"":0,""count_other"":0}";import;qa_ok_importar_found
700429075001;O-RING;A 75 X 5;10.600 g 75 X 5 MMN429;import;qa_ok_importar_found;true;84;12V4000M40A, 12V4000M53, 12V4000M70, 16V4000M61, 16V4000M73, 16V4000M73L, 16V4000M90, 20V4000M93, 20V4000M93L;1102091, 1102092, 1201030, 1201334, 1202202, 1202224, 1202234, 1204169, 1204473, 1205341, 1205363, 1205373, 1901212, 1901514, 1903654, 1903901, 1300923, 1301272, 1303834, 1304185, 1401152, 1401547, 1402374, 1402383, 1402401, 1404321, 1404716, 1405543, 1405552, 1405570, 1407490, 1407894, 1408721, 1408730, 1408748, 1410668, 1411072, 1411920, 1411929, 1411948, 1500950, 1501332, 1501668, 1504157, 1504539, 1504875, 1506620, 1507002, 1507338, 1509104, 1509488, 1509826, 1601120, 1601399, 1701279, 1701934, 1702788, 1702797, 1702816, 1705019, 1705674, 1706528, 1706537, 1706556, 1708759, 1709414, 1710268, 1710277, 1710296, 1712507, 1713159, 1714011, 1714020, 1714038, 1801244, 1802097, 1802847, 1802856, 1802875, 1804850, 1805756, 1806506, 1806515, 1806534;154, 208, 147, 184, 264, 265, 502, 539, 619, 620, 181, 222, 520, 559, 156, 205, 660, 707, 170, 209, 287, 288, 524, 563, 641, 642, 878, 918, 996, 997, 1233, 1273, 1350, 1351, 204, 243, 690, 729, 987, 1035, 1074, 1328, 1373, 1410, 165, 200, 178, 244, 302, 303, 574, 640, 698, 699, 970, 1036, 1094, 1095, 1366, 1432, 1490, 1491, 1276, 1355, 1411, 1412, 1653, 1735, 1791, 1792;"{""total_rows"":84,""count_ok_importar"":84,""count_ok_eliminar"":0,""count_pending"":0,""count_review_action"":0,""count_other"":0}";import;qa_ok_importar_found
700429075002;O-RING;A 75 X 3,5;0.004 KGM;import;qa_ok_importar_found;true;6;12V4000M40A, 12V4000M70, 16V4000M61, 16V4000M90;1102093, 1900060, 1902500, 1300068, 1302990, 1600062;20, 31, 370, 19, 526, 23;"{""total_rows"":6,""count_ok_importar"":6,""count_ok_eliminar"":0,""count_pending"":0,""count_review_action"":0,""count_other"":0}";import;qa_ok_importar_found
700429076000;O-RING;A 76 X 4;0.007 KGM;import;qa_ok_importar_found;true;16;12V4000M53, 16V4000M73, 16V4000M73L;1201366, 1202150, 1202157, 1202162, 1204505, 1205289, 1205296, 1205301, 1401606, 1404775, 1407953, 1411132, 1501410, 1504617, 1507080, 1509567;191, 257, 546, 612, 219, 573, 928, 1283, 217, 703, 1048, 1385;"{""total_rows"":16,""count_ok_importar"":16,""count_ok_eliminar"":0,""count_pending"":0,""count_review_action"":0,""count_other"":0}";import;qa_ok_importar_found
700429080001;O-RING;A 80 X 5;0.01 KGM;import;qa_ok_importar_found;true;20;12V4000M53, 16V4000M73, 16V4000M73L, 20V4000M93, 20V4000M93L;1201193, 1202216, 1204332, 1205355, 1401252, 1404421, 1407590, 1410768, 1501025, 1504232, 1506695, 1509179, 1701586, 1705326, 1709066, 1712812, 1801477, 1802807, 1805083, 1806466;163, 264, 518, 619, 180, 534, 888, 1243, 169, 655, 1000, 1340, 206, 602, 998, 1394, 1294, 1406, 1671, 1786;"{""total_rows"":20,""count_ok_importar"":20,""count_ok_eliminar"":0,""count_pending"":0,""count_review_action"":0,""count_other"":0}";import;qa_ok_importar_found
700429080002;O-RING;A 80 X 4;0.007 KGM;import;qa_ok_importar_found;true;20;12V4000M40A, 12V4000M70, 16V4000M61, 16V4000M73, 16V4000M73L, 16V4000M90, 20V4000M93, 20V4000M93L;1102094, 1901953, 1904340, 1301612, 1304524, 1402120, 1405289, 1408467, 1411646, 1501936, 1505143, 1507606, 1510095, 1601722, 1702322, 1706062, 1709802, 1713546, 1802371, 1806030;251, 264, 601, 247, 748, 267, 621, 976, 1330, 263, 749, 1094, 1430, 228, 276, 672, 1068, 1464, 1384, 1764;"{""total_rows"":20,""count_ok_importar"":20,""count_ok_eliminar"":0,""count_pending"":0,""count_review_action"":0,""count_other"":0}";import;qa_ok_importar_found
700429083000;O-RING;A 83 X 5;0.011 KGM;import;qa_ok_importar_found;true;193;12V4000M40A, 12V4000M53, 12V4000M70, 16V4000M61, 16V4000M73, 16V4000M73L, 16V4000M90, 20V4000M93, 20V4000M93L;1102095, 1102096, 1102097, 1102098, 1200286, 1200313, 1200794, 1201194, 1202174, 1202197, 1202204, 1202222, 1202227, 1202233, 1203430, 1203456, 1203933, 1204333, 1205313, 1205336, 1205343, 1205361, 1205366, 1205372, 1900188, 1900204, 1901984, 1901995, 1902628, 1902644, 1904371, 1904382, 1300179, 1300195, 1300511, 1301626, 1303101, 1303117, 1303434, 1304538, 1400327, 1400339, 1400611, 1401253, 1401543, 1402351, 1402371, 1402376, 1402380, 1402395, 1402398, 1402403, 1403495, 1403507, 1403779, 1404422, 1404712, 1405520, 1405540, 1405545, 1405549, 1405564, 1405567, 1405572, 1406664, 1406676, 1406948, 1407591, 1407890, 1408698, 1408718, 1408723, 1408727, 1408742, 1408745, 1408750, 1409842, 1409854, 1410126, 1410769, 1411068, 1411897, 1411917, 1411922, 1411926, 1411942, 1411945, 1411950, 1500229, 1500242, 1500493, 1501026, 1501328, 1501665, 1501962, 1503435, 1503448, 1503699, 1504233, 1504535, 1504872, 1505169, 1505898, 1505911, 1506162, 1506696, 1506998, 1507335, 1507632, 1508385, 1508398, 1508650, 1509180, 1509484, 1509823, 1510121, 1600198, 1600214, 1600601, 1601808, 1601819, 1700313, 1700325, 1700609, 1701587, 1701930, 1702764, 1702785, 1702790, 1702794, 1702810, 1702813, 1702818, 1704058, 1704070, 1704354, 1705327, 1705670, 1706504, 1706525, 1706530, 1706534, 1706550, 1706553, 1706558, 1707798, 1707810, 1708094, 1709067, 1709410, 1710244, 1710265, 1710270, 1710274, 1710290, 1710293, 1710298, 1711538, 1711550, 1711834, 1712813, 1713155, 1713987, 1714008, 1714013, 1714017, 1714032, 1714035, 1714040, 1800305, 1800318, 1800587, 1801478, 1802092, 1802823, 1802844, 1802849, 1802853, 1802869, 1802872, 1802877, 1803878, 1803892, 1804159, 1805084, 1805751, 1806482, 1806503, 1806508, 1806512, 1806528, 1806531, 1806536;36, 37, 104, 267, 48, 49, 115, 163, 261, 264, 265, 403, 404, 470, 518, 616, 619, 620, 269, 387, 388, 606, 35, 95, 251, 542, 543, 602, 752, 55, 56, 113, 180, 209, 285, 287, 288, 409, 410, 467, 534, 563, 639, 641, 642, 763, 764, 821, 888, 918, 994, 996, 997, 1118, 1119, 1176, 1243, 1273, 1348, 1350, 1351, 43, 44, 103, 169, 204, 243, 528, 529, 588, 655, 690, 729, 753, 873, 874, 933, 1000, 1035, 1074, 1098, 1216, 1217, 1276, 1340, 1373, 1410, 1434, 42, 119, 242, 52, 53, 206, 244, 300, 302, 303, 448, 449, 509, 640, 696, 698, 699, 844, 845, 905, 998, 1036, 1092, 1094, 1095, 1240, 1241, 1301, 1394, 1432, 1488, 1490, 1491, 1152, 1153, 1213, 1294, 1355, 1409, 1411, 1412, 1525, 1526, 1586, 1671, 1735, 1789, 1791, 1792;"{""total_rows"":193,""count_ok_importar"":193,""count_ok_eliminar"":0,""count_pending"":0,""count_review_action"":0,""count_other"":0}";import;qa_ok_importar_found
700429085000;O-RING;A 85 X 4;0.008 KGM;import;qa_ok_importar_found;true;20;12V4000M40A, 12V4000M70, 16V4000M61, 16V4000M73, 16V4000M73L, 16V4000M90, 20V4000M93, 20V4000M93L;1102099, 1901955, 1904342, 1301614, 1304526, 1402126, 1405295, 1408473, 1411652, 1501943, 1505150, 1507613, 1510102, 1601724, 1702327, 1706067, 1709807, 1713551, 1802376, 1806035;251, 264, 601, 247, 748, 267, 621, 976, 1330, 263, 749, 1094, 1430, 228, 276, 672, 1068, 1464, 1384, 1764;"{""total_rows"":20,""count_ok_importar"":20,""count_ok_eliminar"":0,""count_pending"":0,""count_review_action"":0,""count_other"":0}";import;qa_ok_importar_found
700429085002;O-RING;A 85 X 6;0.017 KGM;import;qa_ok_importar_found;true;114;12V4000M40A, 12V4000M53, 12V4000M70, 16V4000M61, 16V4000M73, 16V4000M73L, 16V4000M90, 20V4000M93, 20V4000M93L;1102100, 1102101, 1102102, 1102103, 1200203, 1202240, 1202250, 1203345, 1205379, 1205389, 1901020, 1901678, 1901934, 1901945, 1903462, 1904065, 1904321, 1904332, 1300856, 1301407, 1301558, 1301601, 1303767, 1304320, 1304471, 1304513, 1400216, 1402113, 1402131, 1402391, 1402409, 1402417, 1403386, 1405282, 1405300, 1405560, 1405578, 1405586, 1406555, 1408460, 1408478, 1408738, 1408756, 1408764, 1409733, 1411639, 1411657, 1411938, 1411956, 1411964, 1500164, 1501686, 1501947, 1503370, 1504893, 1505154, 1505833, 1507356, 1507617, 1508320, 1509844, 1510107, 1601021, 1601502, 1601711, 1601783, 1700117, 1700175, 1702306, 1702311, 1702317, 1702806, 1702824, 1702832, 1703863, 1703919, 1706046, 1706051, 1706057, 1706546, 1706564, 1706572, 1707603, 1707659, 1709786, 1709791, 1709797, 1710286, 1710304, 1710312, 1711343, 1711399, 1713530, 1713535, 1713541, 1714028, 1714046, 1714054, 1800099, 1800172, 1802355, 1802360, 1802366, 1802865, 1802883, 1802891, 1803671, 1803743, 1806014, 1806019, 1806025, 1806524, 1806542, 1806550;143, 231, 249, 251, 40, 265, 395, 620, 162, 240, 262, 264, 501, 577, 599, 601, 149, 220, 241, 247, 653, 722, 742, 748, 43, 267, 287, 288, 397, 621, 641, 642, 751, 976, 996, 997, 1106, 1330, 1350, 1351, 32, 243, 263, 517, 729, 749, 862, 1074, 1094, 1205, 1410, 1430, 154, 214, 228, 234, 276, 302, 303, 428, 436, 672, 698, 699, 824, 832, 1068, 1095, 1220, 1228, 1464, 1490, 1491, 1133, 1142, 1384, 1411, 1412, 1506, 1515, 1764, 1791, 1792;"{""total_rows"":114,""count_ok_importar"":114,""count_ok_eliminar"":0,""count_pending"":0,""count_review_action"":0,""count_other"":0}";import;qa_ok_importar_found
700429090002;O-RING;A 90 X 4;0.008 KGM;import;qa_ok_importar_found;true;9;12V4000M40A, 12V4000M70, 16V4000M73, 20V4000M93L;1102104, 1900165, 1902605, 1402603, 1405772, 1408950, 1412152, 1803086, 1806744;31, 43, 382, 312, 666, 1021, 1375, 1440, 1820;"{""total_rows"":9,""count_ok_importar"":9,""count_ok_eliminar"":0,""count_pending"":0,""count_review_action"":0,""count_other"":0}";import;qa_ok_importar_found
700429090003;O-RING;A 90 X 6;0.018 KGM;import;qa_ok_importar_found;true;2;20V4000M93L;1801279, 1804885;1282, 1659;"{""total_rows"":2,""count_ok_importar"":2,""count_ok_eliminar"":0,""count_pending"":0,""count_review_action"":0,""count_other"":0}";import;qa_ok_importar_found
700429095000;O-RING;A 95 X 4;8.400 g 95 X 4 MMN429;import;qa_ok_importar_found;true;30;16V4000M73, 16V4000M73L, 20V4000M93, 20V4000M93L;1402114, 1402132, 1405283, 1405301, 1408461, 1408479, 1411640, 1411658, 1501948, 1505155, 1507618, 1510108, 1702307, 1702312, 1702318, 1706047, 1706052, 1706058, 1709787, 1709792, 1709798, 1713531, 1713536, 1713542, 1802356, 1802361, 1802367, 1806015, 1806020, 1806026;267, 621, 976, 1330, 263, 749, 1094, 1430, 276, 672, 1068, 1464, 1384, 1764;"{""total_rows"":30,""count_ok_importar"":30,""count_ok_eliminar"":0,""count_pending"":0,""count_review_action"":0,""count_other"":0}";import;qa_ok_importar_found
700429098001;O-RING;A 98 X 6;0.02 KGM;import;qa_ok_importar_found;true;2;20V4000M93L;1801293, 1804899;1282, 1659;"{""total_rows"":2,""count_ok_importar"":2,""count_ok_eliminar"":0,""count_pending"":0,""count_review_action"":0,""count_other"":0}";import;qa_ok_importar_found
700429100000;O-RING;A 100 X 5;0.014 KGM;import;qa_ok_importar_found;true;26;12V4000M40A, 12V4000M53, 12V4000M70, 16V4000M61, 16V4000M90;1102107, 1102108, 1102109, 1202236, 1202242, 1202246, 1202252, 1205375, 1205381, 1205385, 1205391, 1901679, 1901937, 1901948, 1904066, 1904324, 1904335, 1301408, 1301561, 1301607, 1304321, 1304474, 1304519, 1601505, 1601717, 1601784;231, 249, 251, 265, 620, 240, 262, 264, 577, 599, 601, 220, 241, 247, 722, 742, 748, 214, 228, 234;"{""total_rows"":26,""count_ok_importar"":26,""count_ok_eliminar"":0,""count_pending"":0,""count_review_action"":0,""count_other"":0}";import;qa_ok_importar_found
700429100001;O-RING;A 100 X 4;0.008 KGM;import;qa_ok_importar_found;true;6;12V4000M40A, 12V4000M70, 16V4000M61, 16V4000M90;1102110, 1901981, 1904368, 1301623, 1304535, 1601805;267, 269, 606, 251, 752, 242;"{""total_rows"":6,""count_ok_importar"":6,""count_ok_eliminar"":0,""count_pending"":0,""count_review_action"":0,""count_other"":0}";import;qa_ok_importar_found
700429105000;O-RING;A 105 X 5;0.015 KGM;import;qa_ok_importar_found;true;60;16V4000M73, 16V4000M73L, 20V4000M93, 20V4000M93L;1402393, 1402406, 1402411, 1402414, 1402419, 1405562, 1405575, 1405580, 1405583, 1405588, 1408740, 1408753, 1408758, 1408761, 1408766, 1411940, 1411953, 1411958, 1411961, 1411966, 1501688, 1504895, 1507358, 1509846, 1702808, 1702821, 1702826, 1702829, 1702834, 1706548, 1706561, 1706566, 1706569, 1706574, 1710288, 1710301, 1710306, 1710309, 1710314, 1714030, 1714043, 1714048, 1714051, 1714056, 1801282, 1801287, 1801298, 1802867, 1802880, 1802885, 1802888, 1802893, 1804888, 1804893, 1804904, 1806526, 1806539, 1806544, 1806547, 1806552;287, 288, 641, 642, 996, 997, 1350, 1351, 243, 729, 1074, 1410, 302, 303, 698, 699, 1094, 1095, 1490, 1491, 1282, 1411, 1412, 1659, 1791, 1792;"{""total_rows"":60,""count_ok_importar"":60,""count_ok_eliminar"":0,""count_pending"":0,""count_review_action"":0,""count_other"":0}";import;qa_ok_importar_found
700429105001;O-RING;A 105 X 3,5;0.007 KGM;import;qa_ok_importar_found;true;56;12V4000M40A, 12V4000M53, 12V4000M70, 16V4000M61, 16V4000M73, 16V4000M73L, 16V4000M90, 20V4000M93, 20V4000M93L;1102111, 1102112, 1200879, 1200933, 1204019, 1204073, 1900780, 1900823, 1903222, 1903265, 1300657, 1300710, 1303568, 1303621, 1400886, 1400956, 1404052, 1404122, 1407221, 1407291, 1410399, 1410469, 1500697, 1500765, 1503903, 1503971, 1506366, 1506434, 1508854, 1508921, 1600774, 1600829, 1700880, 1700950, 1701011, 1701072, 1704623, 1704693, 1704752, 1704811, 1708363, 1708433, 1708492, 1708551, 1712110, 1712180, 1712240, 1712300, 1800835, 1800905, 1800966, 1801028, 1804441, 1804511, 1804572, 1804634;121, 127, 128, 134, 483, 489, 130, 469, 473, 116, 122, 620, 626, 140, 147, 494, 501, 848, 855, 1203, 1210, 126, 133, 611, 618, 956, 963, 1299, 1305, 150, 153, 536, 543, 546, 549, 932, 939, 942, 945, 1328, 1335, 1338, 1341, 1238, 1245, 1248, 1251, 1615, 1622, 1625, 1628;"{""total_rows"":56,""count_ok_importar"":56,""count_ok_eliminar"":0,""count_pending"":0,""count_review_action"":0,""count_other"":0}";import;qa_ok_importar_found
700429110000;O-RING;A 110 X 6;0.022 KGM;import;qa_ok_importar_found;true;14;12V4000M40A, 12V4000M70, 16V4000M61, 16V4000M90, 20V4000M93L;1102113, 1102114, 1901649, 1901668, 1902051, 1904036, 1904055, 1904438, 1301380, 1304293, 1601755, 1601773, 1801294, 1804900;230, 279, 239, 240, 576, 577, 616, 219, 721, 233, 234, 1282, 1659;"{""total_rows"":14,""count_ok_importar"":14,""count_ok_eliminar"":0,""count_pending"":0,""count_review_action"":0,""count_other"":0}";import;qa_ok_importar_found
700429115000;O-RING;A 115 X 6;0.023 KGM;import;qa_ok_importar_found;true;8;12V4000M40A, 12V4000M53, 12V4000M70, 16V4000M61, 16V4000M90;1102115, 1201390, 1204529, 1901452, 1903839, 1301204, 1304117, 1601331;200, 194, 549, 214, 551, 197, 699, 192;"{""total_rows"":8,""count_ok_importar"":8,""count_ok_eliminar"":0,""count_pending"":0,""count_review_action"":0,""count_other"":0}";import;qa_ok_importar_found
700429118000;O-RING;A 118 X 4;0.011 KGM;import;qa_ok_importar_found;true;12;16V4000M73, 16V4000M73L;1401183, 1401208, 1404352, 1404377, 1407521, 1407546, 1410699, 1410724, 1500974, 1504181, 1506644, 1509128;175, 176, 529, 530, 883, 884, 1238, 1239, 161, 647, 992, 1333;"{""total_rows"":12,""count_ok_importar"":12,""count_ok_eliminar"":0,""count_pending"":0,""count_review_action"":0,""count_other"":0}";import;qa_ok_importar_found
700429120000;O-RING;A 120 X 4;0.011 KGM;import;qa_ok_importar_found;true;14;16V4000M73, 16V4000M73L, 20V4000M93, 20V4000M93L;1401712, 1404881, 1408059, 1411237, 1501515, 1504722, 1507185, 1509673, 1701896, 1705636, 1709376, 1713121, 1802054, 1805713;227, 581, 936, 1290, 224, 710, 1055, 1392, 241, 637, 1033, 1429, 1352, 1732;"{""total_rows"":14,""count_ok_importar"":14,""count_ok_eliminar"":0,""count_pending"":0,""count_review_action"":0,""count_other"":0}";import;qa_ok_importar_found
700429120001;O-RING;A 120 X 3;0.006 KGM;import;qa_ok_importar_found;true;14;16V4000M73, 16V4000M73L, 20V4000M93, 20V4000M93L;1400754, 1403923, 1407092, 1410270, 1500595, 1503801, 1506264, 1508752, 1700751, 1704497, 1708237, 1711978, 1800718, 1804324;125, 479, 833, 1188, 113, 598, 943, 1286, 521, 917, 1313, 1224, 1601;"{""total_rows"":14,""count_ok_importar"":14,""count_ok_eliminar"":0,""count_pending"":0,""count_review_action"":0,""count_other"":0}";import;qa_ok_importar_found
700429120002;O-RING;A 120 X 6;0.026 KGM;import;qa_ok_importar_found;true;16;12V4000M40A, 12V4000M70, 16V4000M61, 16V4000M90;1102116, 1102117, 1900870, 1900891, 1900895, 1901902, 1903312, 1903333, 1903337, 1904289, 1301539, 1304452, 1600886, 1600907, 1600911, 1601471;131, 246, 138, 139, 259, 477, 478, 596, 238, 739, 211;"{""total_rows"":16,""count_ok_importar"":16,""count_ok_eliminar"":0,""count_pending"":0,""count_review_action"":0,""count_other"":0}";import;qa_ok_importar_found
700429122001;O-RING;A 122 X 3,75;0.009 KGM;import;qa_ok_importar_found;true;22;12V4000M40A, 12V4000M53, 12V4000M70, 16V4000M61, 16V4000M90;1102118, 1102119, 1102120, 1201436, 1201439, 1201461, 1204575, 1204578, 1204600, 1901483, 1901509, 1903870, 1903896, 1301240, 1301243, 1301268, 1304153, 1304156, 1304181, 1601369, 1601372, 1601395;201, 202, 207, 196, 197, 551, 552, 557, 216, 221, 553, 558, 198, 199, 204, 700, 701, 706, 193, 194;"{""total_rows"":22,""count_ok_importar"":22,""count_ok_eliminar"":0,""count_pending"":0,""count_review_action"":0,""count_other"":0}";import;qa_ok_importar_found
700429130000;O-RING;A 130 X 6;0.026 KGM;import;qa_ok_importar_found;true;32;12V4000M53, 16V4000M73, 16V4000M73L, 20V4000M93, 20V4000M93L;1201816, 1202065, 1204955, 1205204, 1401898, 1402483, 1405067, 1405652, 1408245, 1408830, 1411426, 1412031, 1501694, 1501922, 1504901, 1505129, 1507364, 1507592, 1509852, 1510081, 1702228, 1702900, 1705968, 1706640, 1709708, 1710380, 1713452, 1714121, 1802230, 1802962, 1805889, 1806621;234, 247, 589, 602, 248, 295, 649, 957, 1004, 1311, 1358, 246, 260, 732, 746, 1077, 1091, 1413, 1427, 268, 311, 664, 707, 1060, 1103, 1456, 1499, 1371, 1420, 1751, 1800;"{""total_rows"":32,""count_ok_importar"":32,""count_ok_eliminar"":0,""count_pending"":0,""count_review_action"":0,""count_other"":0}";import;qa_ok_importar_found
700429135000;O-RING;A 135 X 5;0.019 KGM;import;qa_ok_importar_found;true;70;12V4000M40A, 12V4000M53, 12V4000M70, 16V4000M61, 16V4000M73, 16V4000M73L, 16V4000M90, 20V4000M93, 20V4000M93L;1102124, 1102125, 1102126, 1102127, 1201721, 1201794, 1201823, 1202091, 1202346, 1204860, 1204933, 1204962, 1205230, 1205487, 1901617, 1901922, 1902032, 1904004, 1904309, 1904419, 1301312, 1301656, 1301682, 1304225, 1304568, 1304594, 1401859, 1401917, 1402470, 1405028, 1405086, 1405639, 1408206, 1408264, 1408817, 1411386, 1411445, 1412018, 1501564, 1501888, 1504771, 1505095, 1507234, 1507558, 1509722, 1510047, 1600302, 1601495, 1601843, 1601874, 1601951, 1601978, 1702167, 1702247, 1702887, 1705907, 1705987, 1706627, 1709647, 1709727, 1710367, 1713390, 1713471, 1714108, 1802157, 1802249, 1802949, 1805816, 1805908, 1806608;224, 247, 279, 280, 223, 234, 235, 249, 284, 578, 589, 590, 604, 641, 236, 260, 573, 597, 616, 214, 261, 716, 760, 761, 241, 294, 595, 603, 648, 950, 958, 1003, 1304, 1312, 1357, 229, 256, 715, 742, 1060, 1087, 1397, 1423, 54, 213, 250, 252, 266, 268, 258, 269, 310, 654, 665, 706, 1050, 1061, 1102, 1446, 1457, 1498, 1363, 1372, 1419, 1743, 1752, 1799;"{""total_rows"":70,""count_ok_importar"":70,""count_ok_eliminar"":0,""count_pending"":0,""count_review_action"":0,""count_other"":0}";import;qa_ok_importar_found
700429142000;O-RING;A 142 X 4;0.013 KGM;import;qa_ok_importar_found;true;2;20V4000M93L;1801434, 1805040;1290, 1667;"{""total_rows"":2,""count_ok_importar"":2,""count_ok_eliminar"":0,""count_pending"":0,""count_review_action"":0,""count_other"":0}";import;qa_ok_importar_found
700429150000;O-RING;A 150 X 4;0.013 KGM;import;qa_ok_importar_found;true;22;12V4000M40A, 12V4000M53, 12V4000M70, 16V4000M61, 16V4000M73, 16V4000M73L, 16V4000M90, 20V4000M93, 20V4000M93L;1102131, 1200338, 1203479, 1900284, 1902724, 1300273, 1303195, 1400358, 1403525, 1406694, 1409872, 1500260, 1503466, 1505929, 1508416, 1600307, 1700351, 1704095, 1707835, 1711575, 1800336, 1803910;51, 54, 409, 62, 401, 46, 553, 60, 414, 768, 1123, 48, 533, 878, 1221, 56, 456, 852, 1248, 1157, 1530;"{""total_rows"":22,""count_ok_importar"":22,""count_ok_eliminar"":0,""count_pending"":0,""count_review_action"":0,""count_other"":0}";import;qa_ok_importar_found
700429160000;O-RING;A 160 X 5;0.02 KGM;import;qa_ok_importar_found;true;21;12V4000M40A, 12V4000M70, 16V4000M73, 16V4000M73L, 16V4000M90, 20V4000M93, 20V4000M93L;1102132, 1900878, 1900884, 1903320, 1903326, 1402437, 1405606, 1408784, 1411985, 1501858, 1505065, 1507528, 1510017, 1600892, 1600899, 1702854, 1706594, 1710334, 1714075, 1802916, 1806575;131, 139, 478, 293, 647, 1002, 1356, 255, 741, 1086, 1422, 309, 705, 1101, 1497, 1418, 1798;"{""total_rows"":21,""count_ok_importar"":21,""count_ok_eliminar"":0,""count_pending"":0,""count_review_action"":0,""count_other"":0}";import;qa_ok_importar_found
700429160001;O-RING;A 160 X 4;0.014 KGM;import;qa_ok_importar_found;true;22;12V4000M53, 16V4000M73, 16V4000M73L, 20V4000M93, 20V4000M93L;1201038, 1201059, 1201068, 1201072, 1204177, 1204198, 1204207, 1204211, 1401047, 1404216, 1407385, 1410563, 1500854, 1504061, 1506524, 1509008, 1701161, 1704901, 1708641, 1712390, 1801128, 1804734;149, 504, 159, 513, 867, 1222, 146, 632, 977, 1318, 167, 563, 959, 1355, 1265, 1642;"{""total_rows"":22,""count_ok_importar"":22,""count_ok_eliminar"":0,""count_pending"":0,""count_review_action"":0,""count_other"":0}";import;qa_ok_importar_found
700429165000;O-RING;A 165 X 5;0.023 KGM;import;qa_ok_importar_found;true;20;16V4000M73, 16V4000M73L, 20V4000M93, 20V4000M93L;1401192, 1404361, 1407530, 1410708, 1500982, 1504189, 1506652, 1509136, 1701324, 1701345, 1705064, 1705085, 1708804, 1708825, 1712551, 1712572, 1801288, 1801311, 1804894, 1804917;175, 529, 883, 1238, 161, 647, 992, 1333, 185, 581, 977, 1373, 1282, 1659;"{""total_rows"":20,""count_ok_importar"":20,""count_ok_eliminar"":0,""count_pending"":0,""count_review_action"":0,""count_other"":0}";import;qa_ok_importar_found
700429170000;O-RING;A 170 X 4;0.016 KGM;import;qa_ok_importar_found;true;26;16V4000M73, 16V4000M73L, 20V4000M93, 20V4000M93L;1401182, 1401207, 1402457, 1404351, 1404376, 1405626, 1407520, 1407545, 1408804, 1410698, 1410723, 1412005, 1500973, 1501876, 1504180, 1505083, 1506643, 1507546, 1509127, 1510034, 1702874, 1706614, 1710354, 1714095, 1802936, 1806595;175, 176, 293, 529, 530, 647, 883, 884, 1002, 1238, 1239, 1356, 161, 255, 741, 992, 1086, 1333, 1422, 309, 705, 1101, 1497, 1418, 1798;"{""total_rows"":26,""count_ok_importar"":26,""count_ok_eliminar"":0,""count_pending"":0,""count_review_action"":0,""count_other"":0}";import;qa_ok_importar_found
700429180000;O-RING;A 180 X 4;0.016 KGM;import;qa_ok_importar_found;true;6;12V4000M40A, 12V4000M70, 16V4000M61, 16V4000M90;1102135, 1900283, 1902723, 1300272, 1303194, 1600306;51, 62, 401, 46, 553, 56;"{""total_rows"":6,""count_ok_importar"":6,""count_ok_eliminar"":0,""count_pending"":0,""count_review_action"":0,""count_other"":0}";import;qa_ok_importar_found
700429190001;O-RING;A 190 X 5;0.026 KGM;import;qa_ok_importar_found;true;20;12V4000M40A, 12V4000M53, 16V4000M61, 16V4000M73, 16V4000M73L, 16V4000M90, 20V4000M93, 20V4000M93L;1102138, 1201822, 1204961, 1301681, 1304593, 1402473, 1405642, 1408820, 1412021, 1501891, 1505098, 1507561, 1510050, 1601873, 1702890, 1706630, 1710370, 1714111, 1802952, 1806611;280, 235, 590, 261, 761, 294, 648, 1003, 1357, 256, 742, 1087, 1423, 252, 310, 706, 1102, 1498, 1419, 1799;"{""total_rows"":20,""count_ok_importar"":20,""count_ok_eliminar"":0,""count_pending"":0,""count_review_action"":0,""count_other"":0}";import;qa_ok_importar_found
700429192000;O-RING;A 387*192 X 4;0.017 KGM;import;qa_ok_importar_found;true;24;12V4000M40A, 12V4000M53, 12V4000M70, 16V4000M61, 16V4000M73, 16V4000M73L, 16V4000M90, 20V4000M93, 20V4000M93L;1102139, 1202371, 1205512, 1902112, 1904499, 1301763, 1304675, 1402566, 1405735, 1408913, 1412115, 1502035, 1505242, 1507699, 1510187, 1601993, 1702976, 1706716, 1710456, 1714198, 1801435, 1803061, 1805041, 1806719;294, 289, 646, 292, 629, 279, 778, 305, 659, 1014, 1368, 286, 772, 1114, 1449, 272, 324, 720, 1116, 1512, 1290, 1436, 1667, 1816;"{""total_rows"":24,""count_ok_importar"":24,""count_ok_eliminar"":0,""count_pending"":0,""count_review_action"":0,""count_other"":0}";import;qa_ok_importar_found
700429194000;O-RING;;15.000 g;import;qa_ok_importar_found;true;10;20V4000M93L;1801444, 1801450, 1801460, 1801468, 1801480, 1805050, 1805056, 1805066, 1805074, 1805086;1294, 1671;"{""total_rows"":10,""count_ok_importar"":10,""count_ok_eliminar"":0,""count_pending"":0,""count_review_action"":0,""count_other"":0}";import;qa_ok_importar_found
700429200002;O-RING;A 200 X 4;17.300 g 200 X 4 MMN429;import;qa_ok_importar_found;true;26;12V4000M40A, 12V4000M53, 12V4000M70, 16V4000M61, 16V4000M73, 16V4000M73L, 16V4000M90, 20V4000M93, 20V4000M93L;1102140, 1102141, 1201235, 1204374, 1900757, 1903199, 1300647, 1300698, 1303558, 1303609, 1401311, 1404480, 1407649, 1410827, 1501080, 1504287, 1506750, 1509237, 1600762, 1600817, 1701491, 1705231, 1708971, 1712717, 1801527, 1805133;120, 126, 170, 525, 129, 468, 115, 121, 619, 625, 185, 539, 893, 1248, 173, 659, 1004, 1344, 127, 133, 195, 591, 987, 1383, 1297, 1674;"{""total_rows"":26,""count_ok_importar"":26,""count_ok_eliminar"":0,""count_pending"":0,""count_review_action"":0,""count_other"":0}";import;qa_ok_importar_found
700429244000;O-RING;;20,000 g;import;qa_ok_importar_found;true;13;12V4000M40A, 12V4000M70, 16V4000M61, 16V4000M90;1102142, 1102143, 1901194, 1901207, 1901232, 1903636, 1903649, 1903674, 1300932, 1303843, 1601100, 1601112, 1601148;154, 157, 180, 183, 519, 522, 156, 660, 164, 168;"{""total_rows"":13,""count_ok_importar"":13,""count_ok_eliminar"":0,""count_pending"":0,""count_review_action"":0,""count_other"":0}";import;qa_ok_importar_found
700429250000;O-RING;;21.500 g 250 X 4 MMN429;import;qa_ok_importar_found;true;2;20V4000M93L;1800512, 1804085;1195, 1568;"{""total_rows"":2,""count_ok_importar"":2,""count_ok_eliminar"":0,""count_pending"":0,""count_review_action"":0,""count_other"":0}";import;qa_ok_importar_found
700429253000;O-RING;A 253 X 4;22.000 g 253 X 4 MMN429;import;qa_ok_importar_found;true;16;16V4000M73, 16V4000M73L, 20V4000M93;1400546, 1400550, 1403714, 1403718, 1406883, 1406887, 1410061, 1410065, 1500422, 1503628, 1506091, 1508579, 1700540, 1704288, 1708028, 1711768;97, 98, 451, 452, 805, 806, 1160, 1161, 84, 569, 914, 1257, 95, 491, 887, 1283;"{""total_rows"":16,""count_ok_importar"":16,""count_ok_eliminar"":0,""count_pending"":0,""count_review_action"":0,""count_other"":0}";import;qa_ok_importar_found
700429258000;O-RING;;20.000 g;import;qa_ok_importar_found;true;10;20V4000M93L;1801445, 1801451, 1801461, 1801469, 1801481, 1805051, 1805057, 1805067, 1805075, 1805087;1294, 1671;"{""total_rows"":10,""count_ok_importar"":10,""count_ok_eliminar"":0,""count_pending"":0,""count_review_action"":0,""count_other"":0}";import;qa_ok_importar_found
700429260001;O-RING;A 260 X 3;12.900 g 260 X 3 MMN429;import;qa_ok_importar_found;true;16;12V4000M53, 16V4000M73, 16V4000M73L, 20V4000M93, 20V4000M93L;1200392, 1203532, 1400406, 1403572, 1406741, 1409919, 1500306, 1503512, 1505975, 1508462, 1700394, 1704139, 1707879, 1711619, 1800384, 1803957;63, 418, 68, 422, 776, 1131, 55, 540, 885, 1228, 65, 461, 857, 1253, 1165, 1538;"{""total_rows"":16,""count_ok_importar"":16,""count_ok_eliminar"":0,""count_pending"":0,""count_review_action"":0,""count_other"":0}";import;qa_ok_importar_found
700429420000;O-RING;A 420 X 4;37 G 420 X 4;import;qa_ok_importar_found;true;19;12V4000M40A, 12V4000M53, 12V4000M70, 16V4000M61, 16V4000M73, 16V4000M73L, 16V4000M90;1102148, 1102149, 1200404, 1203544, 1900136, 1902576, 1300131, 1300286, 1303053, 1303208, 1400419, 1403585, 1406754, 1409932, 1500312, 1503518, 1505981, 1508468, 1600143;29, 52, 64, 419, 41, 380, 28, 47, 535, 554, 69, 423, 777, 1132, 56, 541, 886, 1229, 34;"{""total_rows"":19,""count_ok_importar"":19,""count_ok_eliminar"":0,""count_pending"":0,""count_review_action"":0,""count_other"":0}";import;qa_ok_importar_found
700429460001;O-RING;A 460 X 4;0.04 KGM;import;qa_ok_importar_found;true;6;20V4000M93, 20V4000M93L;1700405, 1704151, 1707891, 1711631, 1800394, 1803967;67, 463, 859, 1255, 1167, 1540;"{""total_rows"":6,""count_ok_importar"":6,""count_ok_eliminar"":0,""count_pending"":0,""count_review_action"":0,""count_other"":0}";import;qa_ok_importar_found
700429530000;O-RING;A 530 X 5;0.072 KGM;import;qa_ok_importar_found;true;10;12V4000M40A, 12V4000M70, 16V4000M73, 16V4000M90, 20V4000M93L;1102150, 1902153, 1904540, 1402599, 1405768, 1408946, 1412148, 1602032, 1803082, 1806740;308, 303, 640, 312, 666, 1021, 1375, 280, 1440, 1820;"{""total_rows"":10,""count_ok_importar"":10,""count_ok_eliminar"":0,""count_pending"":0,""count_review_action"":0,""count_other"":0}";import;qa_ok_importar_found
700500000861;END SLEEVE END SPLIC E 1.5;E 1,5 - 8 (SCHWARZ);0.001 KGM;import;qa_ok_importar_found;true;1;12V4000M40A;1102159;354;"{""total_rows"":1,""count_ok_importar"":1,""count_ok_eliminar"":0,""count_pending"":0,""count_review_action"":0,""count_other"":0}";import;qa_ok_importar_found
700521018201;WASHER;18,2;0.015 KGM;import;qa_ok_importar_found;true;6;12V4000M40A, 12V4000M70, 16V4000M61, 16V4000M90;1102161, 1900025, 1902465, 1300028, 1302950, 1600027;14, 25, 364, 13, 520, 18;"{""total_rows"":6,""count_ok_importar"":6,""count_ok_eliminar"":0,""count_pending"":0,""count_review_action"":0,""count_other"":0}";import;qa_ok_importar_found
705057013000;RING SEALING A13 X18 CU;A 13 X 18;0.002 KGM;import;qa_ok_importar_found;true;40;12V4000M40A, 12V4000M53, 12V4000M70, 16V4000M61, 16V4000M73, 16V4000M73L, 20V4000M93, 20V4000M93L;1102163, 1102164, 1102165, 1201265, 1204403, 1902437, 1904824, 1302604, 1305106, 1401679, 1404848, 1408026, 1411172, 1411206, 1501450, 1502625, 1504657, 1505662, 1507120, 1508155, 1509608, 1510646, 1701828, 1701869, 1703723, 1705567, 1705609, 1707463, 1709307, 1709349, 1711203, 1713053, 1713094, 1714945, 1801981, 1802027, 1803567, 1805640, 1805686, 1807249;221, 414, 416, 171, 526, 348, 685, 425, 842, 222, 576, 931, 1285, 1286, 219, 376, 705, 831, 1050, 1174, 1387, 1509, 237, 238, 402, 633, 634, 798, 1029, 1030, 1194, 1425, 1426, 1590, 1348, 1349, 1484, 1728, 1729, 1868;"{""total_rows"":40,""count_ok_importar"":40,""count_ok_eliminar"":0,""count_pending"":0,""count_review_action"":0,""count_other"":0}";import;qa_ok_importar_found
705100502035;BEARING CYLINDRICAL ROLLER;NU208;0.416 KGM;import;qa_ok_importar_found;true;28;12V4000M40A, 12V4000M53, 12V4000M70, 16V4000M61, 16V4000M73, 16V4000M73L, 16V4000M90, 20V4000M93, 20V4000M93L;1102166, 1102167, 1201836, 1202086, 1204975, 1205225, 1901917, 1904304, 1301548, 1301695, 1304461, 1304607, 1401912, 1405081, 1408259, 1411440, 1501928, 1505135, 1507598, 1510087, 1601490, 1601887, 1702242, 1705982, 1709722, 1713466, 1802244, 1805903;247, 280, 235, 249, 590, 604, 260, 597, 239, 261, 740, 761, 603, 958, 1312, 747, 1092, 1428, 213, 252, 269, 665, 1061, 1457, 1372, 1752;"{""total_rows"":28,""count_ok_importar"":28,""count_ok_eliminar"":0,""count_pending"":0,""count_review_action"":0,""count_other"":0}";import;qa_ok_importar_found
735028016001;NUT;M 16 X 1,5;0.017 KGM;import;qa_ok_importar_found;true;9;12V4000M40A, 12V4000M70, 16V4000M61, 16V4000M90;1102194, 1900629, 1900633, 1903071, 1903075, 1300574, 1303497, 1600689, 1600693;105, 115, 454, 96, 603, 121;"{""total_rows"":9,""count_ok_importar"":9,""count_ok_eliminar"":0,""count_pending"":0,""count_review_action"":0,""count_other"":0}";import;qa_ok_importar_found
735038006102;HOSE;1SC 6 CC 300;0.153 KGM;import;qa_ok_importar_found;true;21;12V4000M40A, 12V4000M53, 12V4000M70, 16V4000M61, 16V4000M73L, 16V4000M90, 20V4000M93;1102195, 1202266, 1205405, 1901760, 1902020, 1904147, 1904407, 1301465, 1301712, 1304378, 1304624, 1501999, 1505206, 1507663, 1510152, 1601579, 1601901, 1702903, 1706643, 1710383, 1714124;258, 270, 626, 252, 276, 589, 613, 232, 266, 734, 766, 762, 1104, 1439, 221, 256, 312, 708, 1500;"{""total_rows"":21,""count_ok_importar"":21,""count_ok_eliminar"":0,""count_pending"":0,""count_review_action"":0,""count_other"":0}";import;qa_ok_importar_found
735038006103;HOSE;1SC 6 CC 500;0.191 KGM;import;qa_ok_importar_found;true;22;12V4000M53, 16V4000M73, 16V4000M73L, 20V4000M93, 20V4000M93L;1201962, 1205100, 1401558, 1402256, 1404727, 1405425, 1407905, 1408603, 1411083, 1411781, 1501833, 1505040, 1507503, 1509991, 1702586, 1706326, 1710066, 1713810, 1801867, 1802638, 1805526, 1806297;240, 595, 211, 272, 565, 626, 920, 981, 1275, 1335, 253, 739, 1084, 1420, 287, 683, 1079, 1475, 1396, 1715, 1776;"{""total_rows"":22,""count_ok_importar"":22,""count_ok_eliminar"":0,""count_pending"":0,""count_review_action"":0,""count_other"":0}";import;qa_ok_importar_found
735038008103;HOSE;1SC 8 CC 300-MW;0.19 KGM;import;qa_ok_importar_found;true;17;12V4000M53, 12V4000M70, 16V4000M61, 16V4000M73L, 16V4000M90, 20V4000M93, 20V4000M93L;1202280, 1205421, 1902081, 1904468, 1301726, 1304638, 1502013, 1505220, 1507677, 1510166, 1601911, 1702909, 1706649, 1710389, 1714132, 1802974, 1806633;275, 632, 285, 622, 273, 772, 282, 768, 1110, 1445, 261, 316, 712, 1108, 1504, 1425, 1805;"{""total_rows"":17,""count_ok_importar"":17,""count_ok_eliminar"":0,""count_pending"":0,""count_review_action"":0,""count_other"":0}";import;qa_ok_importar_found
735038008107;HOSE LINE;1SC 8 CC 300;0.192 KGM;import;qa_ok_importar_found;true;6;20V4000M93, 20V4000M93L;1702435, 1706175, 1709915, 1713659, 1802485, 1806144;281, 677, 1073, 1469, 1389, 1769;"{""total_rows"":6,""count_ok_importar"":6,""count_ok_eliminar"":0,""count_pending"":0,""count_review_action"":0,""count_other"":0}";import;qa_ok_importar_found
735038008109;HOSE;1SC 8 CC 400;0.225 KGM;import;qa_ok_importar_found;true;1;12V4000M40A;1102196;255;"{""total_rows"":1,""count_ok_importar"":1,""count_ok_eliminar"":0,""count_pending"":0,""count_review_action"":0,""count_other"":0}";import;qa_ok_importar_found
735038008118;HOSE LINE;1SC 8 CC 600;0.271 KGM;import;qa_ok_importar_found;true;1;12V4000M40A;1102198;96;"{""total_rows"":1,""count_ok_importar"":1,""count_ok_eliminar"":0,""count_pending"":0,""count_review_action"":0,""count_other"":0}";import;qa_ok_importar_found
735038012103;HOSE LINE;1SC 12 CC 400;0.395 KGM;import;qa_ok_importar_found;true;5;12V4000M40A, 16V4000M61, 20V4000M93L;1102199, 1300619, 1303530, 1800738, 1804344;113, 110, 614, 1227, 1604;"{""total_rows"":5,""count_ok_importar"":5,""count_ok_eliminar"":0,""count_pending"":0,""count_review_action"":0,""count_other"":0}";import;qa_ok_importar_found
735038012105;HOSE;1SC 12 CC 500;0.444 KGM;import;qa_ok_importar_found;true;2;20V4000M93L;1802487, 1806146;1390, 1770;"{""total_rows"":2,""count_ok_importar"":2,""count_ok_eliminar"":0,""count_pending"":0,""count_review_action"":0,""count_other"":0}";import;qa_ok_importar_found
735038020103;HOSE;1SC 19 CC 600;0.79 KGM;import;qa_ok_importar_found;true;5;12V4000M40A, 20V4000M93L;1102200, 1102201, 1102202, 1800584, 1804156;95, 97, 220, 1212, 1585;"{""total_rows"":5,""count_ok_importar"":5,""count_ok_eliminar"":0,""count_pending"":0,""count_review_action"":0,""count_other"":0}";import;qa_ok_importar_found
735038020104;HOSE;1SC 19 CC 400;0.635 KGM;import;qa_ok_importar_found;true;21;12V4000M40A, 12V4000M53, 12V4000M70, 16V4000M61, 16V4000M73L, 16V4000M90, 20V4000M93;1102203, 1205407, 1206312, 1206330, 1904827, 1904844, 1301701, 1304613, 1501982, 1505189, 1507652, 1510141, 1510648, 1510670, 1510691, 1510702, 1601904, 1702905, 1706645, 1710385, 1714127;274, 627, 731, 740, 689, 699, 264, 764, 272, 758, 1102, 1437, 1513, 1523, 1533, 1541, 257, 313, 709, 1105, 1501;"{""total_rows"":21,""count_ok_importar"":21,""count_ok_eliminar"":0,""count_pending"":0,""count_review_action"":0,""count_other"":0}";import;qa_ok_importar_found
735038020106;HOSE;1SC 19 CC 500;712.000 g 1SN 20 CC 500 MTN5038;import;qa_ok_importar_found;true;3;12V4000M40A, 20V4000M93L;1102204, 1801904, 1805563;184, 1341, 1721;"{""total_rows"":3,""count_ok_importar"":3,""count_ok_eliminar"":0,""count_pending"":0,""count_review_action"":0,""count_other"":0}";import;qa_ok_importar_found
735038020110;HOSE;1SC 19 CC 450;0.704 KGM;import;qa_ok_importar_found;true;1;12V4000M40A;1102205;187;"{""total_rows"":1,""count_ok_importar"":1,""count_ok_eliminar"":0,""count_pending"":0,""count_review_action"":0,""count_other"":0}";import;qa_ok_importar_found
735038020112;HOSE;1SC 19 CC 800;0.89 KGM;import;qa_ok_importar_found;true;1;12V4000M40A;1102206;99;"{""total_rows"":1,""count_ok_importar"":1,""count_ok_eliminar"":0,""count_pending"":0,""count_review_action"":0,""count_other"":0}";import;qa_ok_importar_found
735038020116;HOSE;1SC 19 CC 700;0.852 KGM;import;qa_ok_importar_found;true;7;12V4000M40A, 16V4000M73, 20V4000M93L;1102207, 1400605, 1403773, 1406942, 1410120, 1800580, 1804151;117, 111, 465, 819, 1174, 1209, 1582;"{""total_rows"":7,""count_ok_importar"":7,""count_ok_eliminar"":0,""count_pending"":0,""count_review_action"":0,""count_other"":0}";import;qa_ok_importar_found
735038025101;HOSE;1SC 25 CC 600;1.175 KGM;import;qa_ok_importar_found;true;1;12V4000M40A;1102208;109;"{""total_rows"":1,""count_ok_importar"":1,""count_ok_eliminar"":0,""count_pending"":0,""count_review_action"":0,""count_other"":0}";import;qa_ok_importar_found
735038025102;HOSE;1SC 25 CC 400;1.025 KGM;import;qa_ok_importar_found;true;1;12V4000M40A;1102209;185;"{""total_rows"":1,""count_ok_importar"":1,""count_ok_eliminar"":0,""count_pending"":0,""count_review_action"":0,""count_other"":0}";import;qa_ok_importar_found
735038025103;HOSE;1SC 25 CC 500;1.205 KGM;import;qa_ok_importar_found;true;1;12V4000M40A;1102210;108;"{""total_rows"":1,""count_ok_importar"":1,""count_ok_eliminar"":0,""count_pending"":0,""count_review_action"":0,""count_other"":0}";import;qa_ok_importar_found
735038032102;HOSE;1SN 31 CC 500;1.54 KGM;import;qa_ok_importar_found;true;4;20V4000M93;1703020, 1706760, 1710500, 1714243;337, 733, 1129, 1525;"{""total_rows"":4,""count_ok_importar"":4,""count_ok_eliminar"":0,""count_pending"":0,""count_review_action"":0,""count_other"":0}";import;qa_ok_importar_found
735038032110;HOSE;1SN 31 CC 800;1.916 KGM;import;qa_ok_importar_found;true;2;20V4000M93L;1800740, 1804346;1228, 1605;"{""total_rows"":2,""count_ok_importar"":2,""count_ok_eliminar"":0,""count_pending"":0,""count_review_action"":0,""count_other"":0}";import;qa_ok_importar_found
735038040102;HOSE;1SN 38 CC 600-MW;2.45 KGM;import;qa_ok_importar_found;true;12;12V4000M40A, 12V4000M53, 12V4000M70, 16V4000M61, 16V4000M73L;1102211, 1205543, 1206314, 1206336, 1904834, 1904851, 1301852, 1304748, 1507785, 1510274, 1510693, 1510704;313, 658, 733, 743, 692, 702, 308, 799, 1132, 1467, 1535, 1543;"{""total_rows"":12,""count_ok_importar"":12,""count_ok_eliminar"":0,""count_pending"":0,""count_review_action"":0,""count_other"":0}";import;qa_ok_importar_found
735038040105;HOSE;1SN 38 CC 1000;3,020 KG;import;qa_ok_importar_found;true;1;12V4000M40A;1102212;285;"{""total_rows"":1,""count_ok_importar"":1,""count_ok_eliminar"":0,""count_pending"":0,""count_review_action"":0,""count_other"":0}";import;qa_ok_importar_found
735072042000;PLUG;M 42 X 2;67 G M 42 X 2;import;qa_ok_importar_found;true;4;12V4000M40A, 16V4000M61, 16V4000M90;1102215, 1301756, 1304668, 1601943;287, 275, 774, 263;"{""total_rows"":4,""count_ok_importar"":4,""count_ok_eliminar"":0,""count_pending"":0,""count_review_action"":0,""count_other"":0}";import;qa_ok_importar_found
735072052000;PLUG;M 52 X 2;0.105 kg M 52 X 2 MTN5072;import;qa_ok_importar_found;true;6;12V4000M53, 16V4000M73;1202310, 1205451, 1402542, 1405711, 1408889, 1412092;278, 635, 300, 654, 1009, 1363;"{""total_rows"":6,""count_ok_importar"":6,""count_ok_eliminar"":0,""count_pending"":0,""count_review_action"":0,""count_other"":0}";import;qa_ok_importar_found
735073010001;PLUG;A10;14,000 g A10 MTN5073;import;qa_ok_importar_found;true;2;12V4000M53;1200454, 1203595;74, 429;"{""total_rows"":2,""count_ok_importar"":2,""count_ok_eliminar"":0,""count_pending"":0,""count_review_action"":0,""count_other"":0}";import;qa_ok_importar_found
735078025012;TUBE PLUG-IN;25 X 110;0.098 KGM;import;qa_ok_importar_found;true;6;12V4000M40A, 12V4000M70, 16V4000M61, 16V4000M90;1102216, 1902101, 1904488, 1301744, 1304656, 1601930;286, 623, 274, 773, 262;"{""total_rows"":6,""count_ok_importar"":6,""count_ok_eliminar"":0,""count_pending"":0,""count_review_action"":0,""count_other"":0}";import;qa_ok_importar_found
735080010200;REGULATOR FUEL RETUR N 0.5 BAR;RHDK 10-L 0,5;0.098 KGM;import;qa_ok_importar_found;true;6;12V4000M40A, 12V4000M70, 16V4000M61, 16V4000M90;1102218, 1901633, 1904020, 1301366, 1304279, 1601739;230, 239, 576, 219, 721, 233;"{""total_rows"":6,""count_ok_importar"":6,""count_ok_eliminar"":0,""count_pending"":0,""count_review_action"":0,""count_other"":0}";import;qa_ok_importar_found
735080012200;NON-RETURN VALVE;RHDK 12-L 0,5;0.154 KGM;import;qa_ok_importar_found;true;1;12V4000M40A;1102219;244;"{""total_rows"":1,""count_ok_importar"":1,""count_ok_eliminar"":0,""count_pending"":0,""count_review_action"":0,""count_other"":0}";import;qa_ok_importar_found
735080018200;VALVE CHECK 0.2 BAR RHDK 18-L 0.2;RHDK 18-L 0,2;291,400 g RHDK 18-L 0,2 MTN5080;import;qa_ok_importar_found;true;6;12V4000M40A, 12V4000M53, 16V4000M61, 16V4000M90;1102220, 1200817, 1203956, 1300517, 1303440, 1600607;104, 122, 477, 95, 602, 119;"{""total_rows"":6,""count_ok_importar"":6,""count_ok_eliminar"":0,""count_pending"":0,""count_review_action"":0,""count_other"":0}";import;qa_ok_importar_found
735080022200;NON-RETURN VALVE;RHDK 22-L 0,2;0.434 KGM;import;qa_ok_importar_found;true;1;12V4000M40A;1102222;221;"{""total_rows"":1,""count_ok_importar"":1,""count_ok_eliminar"":0,""count_pending"":0,""count_review_action"":0,""count_other"":0}";import;qa_ok_importar_found
735080022201;NON-RETURN VALVE;RHDK 22-L 0,5;0.432 KGM;import;qa_ok_importar_found;true;22;12V4000M40A, 12V4000M53, 12V4000M70, 16V4000M61, 16V4000M73, 16V4000M73L, 16V4000M90, 20V4000M93, 20V4000M93L;1102223, 1201354, 1204493, 1901436, 1903823, 1301186, 1304099, 1401601, 1404770, 1407948, 1411126, 1501405, 1504612, 1507075, 1509562, 1601313, 1701777, 1705517, 1709257, 1713002, 1801935, 1805594;196, 188, 543, 210, 547, 193, 695, 217, 571, 926, 1281, 215, 701, 1046, 1383, 234, 630, 1026, 1422, 1344, 1724;"{""total_rows"":22,""count_ok_importar"":22,""count_ok_eliminar"":0,""count_pending"":0,""count_review_action"":0,""count_other"":0}";import;qa_ok_importar_found
735084050000;PLUG;50;103.900 g 50 MTN5084;import;qa_ok_importar_found;true;18;12V4000M40A, 12V4000M53, 12V4000M70, 16V4000M61, 16V4000M73, 16V4000M90, 20V4000M93, 20V4000M93L;1102224, 1200018, 1203169, 1900001, 1902441, 1300004, 1302926, 1400042, 1403214, 1406383, 1409561, 1600004, 1700036, 1703780, 1707520, 1711260, 1800038, 1803611;13, 22, 377, 24, 363, 12, 519, 26, 380, 734, 1089, 17, 23, 419, 815, 1211, 1125, 1498;"{""total_rows"":18,""count_ok_importar"":18,""count_ok_eliminar"":0,""count_pending"":0,""count_review_action"":0,""count_other"":0}";import;qa_ok_importar_found
735151008100;SPACER;A 8,4;0.007 KGM;import;qa_ok_importar_found;true;79;12V4000M40A, 12V4000M53, 12V4000M70, 16V4000M61, 16V4000M73, 16V4000M73L, 16V4000M90, 20V4000M93, 20V4000M93L;1102225, 1102226, 1102227, 1102228, 1102229, 1201679, 1202406, 1204818, 1205566, 1900588, 1901537, 1901564, 1901637, 1901722, 1903029, 1903924, 1903951, 1904024, 1904109, 1300527, 1300653, 1300702, 1301370, 1301443, 1303450, 1303564, 1303613, 1304283, 1304356, 1400242, 1401830, 1402942, 1403411, 1404999, 1406111, 1406580, 1408177, 1409289, 1409758, 1411356, 1412492, 1500168, 1501249, 1502417, 1503374, 1504456, 1505454, 1505837, 1506919, 1507756, 1507947, 1508324, 1509405, 1510245, 1510437, 1600616, 1600646, 1600766, 1600821, 1601418, 1601441, 1601542, 1601743, 1702138, 1703452, 1703498, 1705878, 1707192, 1707238, 1709618, 1710932, 1710978, 1713360, 1714672, 1714718, 1802128, 1803182, 1805787, 1806864;105, 120, 126, 213, 230, 221, 303, 576, 666, 114, 227, 228, 239, 251, 453, 564, 565, 588, 95, 115, 121, 219, 231, 602, 619, 625, 721, 733, 44, 238, 332, 398, 592, 686, 752, 947, 1041, 1107, 1301, 1395, 33, 197, 344, 518, 683, 806, 863, 1028, 1122, 1149, 1206, 1366, 1457, 1484, 119, 127, 133, 205, 206, 220, 233, 255, 369, 370, 651, 765, 766, 1047, 1161, 1162, 1443, 1557, 1558, 1361, 1458, 1741, 1842;"{""total_rows"":79,""count_ok_importar"":79,""count_ok_eliminar"":0,""count_pending"":0,""count_review_action"":0,""count_other"":0}";import;qa_ok_importar_found
735151008200;SPACER;B 8,4;0.014 KGM;import;qa_ok_importar_found;true;30;12V4000M40A, 12V4000M53, 12V4000M70, 16V4000M61, 16V4000M73, 16V4000M73L, 16V4000M90, 20V4000M93;1102230, 1200211, 1201006, 1203354, 1204145, 1900158, 1902598, 1300153, 1303075, 1401787, 1402851, 1404956, 1406020, 1408134, 1409198, 1411313, 1412401, 1501229, 1502376, 1504436, 1505413, 1506899, 1507906, 1509385, 1510396, 1600171, 1703356, 1707096, 1710836, 1714576;30, 41, 145, 396, 500, 42, 381, 29, 536, 234, 330, 588, 684, 943, 1039, 1297, 1393, 195, 343, 681, 805, 1026, 1148, 1364, 1483, 36, 367, 763, 1159, 1555;"{""total_rows"":30,""count_ok_importar"":30,""count_ok_eliminar"":0,""count_pending"":0,""count_review_action"":0,""count_other"":0}";import;qa_ok_importar_found
735151010100;SPACER;A 10,5;0.01 KGM;import;qa_ok_importar_found;true;115;12V4000M40A, 12V4000M53, 12V4000M70, 16V4000M61, 16V4000M73, 16V4000M73L, 16V4000M90, 20V4000M93, 20V4000M93L;1102231, 1102232, 1102233, 1200105, 1200161, 1200166, 1201144, 1201344, 1201872, 1202297, 1202408, 1203248, 1203303, 1203308, 1204283, 1204483, 1205011, 1205438, 1205568, 1900069, 1900073, 1900573, 1900585, 1900649, 1901392, 1902509, 1902513, 1903014, 1903026, 1903091, 1903779, 1300075, 1300512, 1301152, 1302997, 1303435, 1304065, 1400114, 1400118, 1400176, 1400182, 1401136, 1401199, 1402116, 1402525, 1403286, 1403290, 1403346, 1403352, 1404305, 1404368, 1405285, 1405694, 1406455, 1406459, 1406515, 1406521, 1407474, 1407537, 1408463, 1408872, 1409633, 1409637, 1409693, 1409699, 1410652, 1410715, 1411642, 1412074, 1500077, 1500124, 1500940, 1500990, 1501756, 1501933, 1503283, 1503330, 1504147, 1504197, 1504963, 1505140, 1505746, 1505793, 1506610, 1506660, 1507426, 1507603, 1508233, 1508280, 1509094, 1509144, 1509914, 1510092, 1600070, 1600074, 1600602, 1600631, 1600643, 1600709, 1600751, 1601275, 1700102, 1702332, 1703848, 1706072, 1707588, 1709812, 1711328, 1713556, 1800103, 1802381, 1803187, 1803675, 1806040, 1806869;20, 104, 195, 31, 40, 160, 186, 238, 276, 303, 386, 395, 515, 541, 593, 633, 666, 114, 115, 205, 370, 453, 454, 542, 19, 95, 190, 526, 602, 692, 33, 43, 167, 175, 267, 299, 387, 397, 521, 529, 621, 653, 741, 751, 875, 883, 976, 1008, 1096, 1106, 1230, 1238, 1330, 1362, 22, 32, 153, 161, 250, 263, 507, 517, 639, 647, 736, 749, 852, 862, 984, 992, 1081, 1094, 1195, 1205, 1325, 1333, 1417, 1430, 23, 119, 120, 121, 124, 185, 277, 428, 673, 824, 1069, 1220, 1465, 1133, 1385, 1458, 1506, 1765, 1842;"{""total_rows"":115,""count_ok_importar"":115,""count_ok_eliminar"":0,""count_pending"":0,""count_review_action"":0,""count_other"":0}";import;qa_ok_importar_found
735151012100;SPACER S2000/4000;A 12,5;0.02 KGM;import;qa_ok_importar_found;true;101;12V4000M40A, 12V4000M53, 12V4000M70, 16V4000M61, 16V4000M73, 16V4000M73L, 16V4000M90, 20V4000M93, 20V4000M93L;1102234, 1102235, 1102236, 1200983, 1201096, 1201791, 1202345, 1202411, 1204123, 1204235, 1204930, 1205486, 1205571, 1900463, 1900741, 1902030, 1902903, 1903183, 1904417, 1300440, 1300520, 1300633, 1303363, 1303443, 1303544, 1401016, 1401094, 1401114, 1401194, 1402428, 1404185, 1404263, 1404283, 1404363, 1405597, 1407354, 1407432, 1407452, 1407532, 1408775, 1410532, 1410610, 1410630, 1410710, 1411976, 1500826, 1500901, 1500918, 1500985, 1501986, 1504032, 1504108, 1504125, 1504192, 1505193, 1506495, 1506571, 1506588, 1506655, 1507656, 1508980, 1509055, 1509072, 1509139, 1510145, 1600466, 1600584, 1600610, 1601954, 1701132, 1701227, 1701252, 1701254, 1702845, 1704872, 1704967, 1704992, 1704994, 1706585, 1708612, 1708707, 1708732, 1708734, 1710325, 1712361, 1712457, 1712480, 1712482, 1714066, 1801100, 1801190, 1801216, 1801218, 1802903, 1803189, 1804706, 1804796, 1804822, 1804824, 1806562, 1806871;82, 104, 115, 138, 151, 234, 283, 303, 493, 506, 589, 640, 666, 96, 126, 279, 435, 465, 616, 81, 95, 112, 588, 602, 162, 167, 175, 291, 505, 516, 521, 529, 645, 859, 870, 875, 883, 1000, 1214, 1225, 1230, 1238, 1354, 136, 149, 153, 161, 273, 621, 635, 639, 647, 759, 966, 980, 984, 992, 1103, 1308, 1321, 1325, 1333, 1438, 92, 116, 119, 266, 156, 170, 307, 552, 566, 571, 703, 948, 962, 967, 1099, 1344, 1358, 1363, 1495, 1255, 1267, 1273, 1416, 1458, 1632, 1644, 1650, 1796, 1842;"{""total_rows"":101,""count_ok_importar"":101,""count_ok_eliminar"":0,""count_pending"":0,""count_review_action"":0,""count_other"":0}";import;qa_ok_importar_found
735151016100;SPACER;A 16,5;0.06 KGM;import;qa_ok_importar_found;true;6;12V4000M40A, 12V4000M70, 16V4000M61, 16V4000M90;1102237, 1900575, 1903016, 1300541, 1303464, 1600633;105, 114, 453, 96, 603, 120;"{""total_rows"":6,""count_ok_importar"":6,""count_ok_eliminar"":0,""count_pending"":0,""count_review_action"":0,""count_other"":0}";import;qa_ok_importar_found
735184035000;UNION BALL-TYPE B2-3 5 S4000/S2000;B2-35;0.033 KGM;import;qa_ok_importar_found;true;8;12V4000M40A, 16V4000M61, 20V4000M93;1102238, 1102239, 1300992, 1303903, 1702911, 1706651, 1710391, 1714134;169, 186, 172, 675, 317, 713, 1109, 1505;"{""total_rows"":8,""count_ok_importar"":8,""count_ok_eliminar"":0,""count_pending"":0,""count_review_action"":0,""count_other"":0}";import;qa_ok_importar_found
735184042000;BALL-TYPE UNION;B2-42;0.04 KGM;import;qa_ok_importar_found;true;1;12V4000M40A;1102240;220;"{""total_rows"":1,""count_ok_importar"":1,""count_ok_eliminar"":0,""count_pending"":0,""count_review_action"":0,""count_other"":0}";import;qa_ok_importar_found
735189035000;SEALING CONE;35;0.039 KGM;import;qa_ok_importar_found;true;20;12V4000M40A, 12V4000M53, 16V4000M61, 16V4000M73, 16V4000M73L, 20V4000M93, 20V4000M93L;1102241, 1102242, 1102243, 1202063, 1205202, 1300991, 1303902, 1401896, 1405065, 1408243, 1411424, 1501920, 1505127, 1507590, 1510079, 1702226, 1705966, 1709706, 1713450, 1806635;169, 180, 186, 247, 602, 172, 675, 248, 957, 1311, 260, 746, 1091, 1427, 268, 664, 1060, 1456, 1806;"{""total_rows"":20,""count_ok_importar"":20,""count_ok_eliminar"":0,""count_pending"":0,""count_review_action"":0,""count_other"":0}";import;qa_ok_importar_found
735189035001;SEALING CONE;35;37.700 g 35 MTN5189;import;qa_ok_importar_found;true;6;20V4000M93, 20V4000M93L;1702932, 1706672, 1710412, 1714155, 1802997, 1806655;318, 714, 1110, 1506, 1427, 1807;"{""total_rows"":6,""count_ok_importar"":6,""count_ok_eliminar"":0,""count_pending"":0,""count_review_action"":0,""count_other"":0}";import;qa_ok_importar_found
735189042000;SEALING CONE;42;50.800 g 42 MTN5189;import;qa_ok_importar_found;true;6;20V4000M93, 20V4000M93L;1701635, 1705375, 1709115, 1712863, 1802228, 1805887;215, 611, 1007, 1403, 1371, 1751;"{""total_rows"":6,""count_ok_importar"":6,""count_ok_eliminar"":0,""count_pending"":0,""count_review_action"":0,""count_other"":0}";import;qa_ok_importar_found
735189042001;SEALING CONE;42;0.051 KGM;import;qa_ok_importar_found;true;12;12V4000M40A, 12V4000M53, 12V4000M70, 16V4000M61, 16V4000M73L, 16V4000M90;1102244, 1202167, 1205306, 1901978, 1904365, 1301620, 1304532, 1501954, 1505161, 1507624, 1510113, 1601729;265, 259, 614, 267, 604, 249, 750, 751, 1096, 1432, 230;"{""total_rows"":12,""count_ok_importar"":12,""count_ok_eliminar"":0,""count_pending"":0,""count_review_action"":0,""count_other"":0}";import;qa_ok_importar_found
735210014000;THREAD PLUG;M 14 X 1,5;0.019 kg M 14 X 1,5 MTN5210;import;qa_ok_importar_found;true;151;12V4000M40A, 12V4000M53, 12V4000M70, 16V4000M61, 16V4000M73, 16V4000M73L, 16V4000M90, 20V4000M93, 20V4000M93L;1102245, 1102246, 1102247, 1200270, 1200305, 1200974, 1200977, 1201138, 1201412, 1201474, 1202177, 1202192, 1203414, 1203448, 1204114, 1204117, 1204277, 1204551, 1204613, 1205316, 1205331, 1900196, 1901001, 1901189, 1902636, 1903443, 1903631, 1300187, 1300915, 1303109, 1303826, 1400080, 1400331, 1401009, 1401011, 1401178, 1401204, 1402354, 1402368, 1403252, 1403499, 1404178, 1404180, 1404347, 1404373, 1405523, 1405537, 1406421, 1406668, 1407347, 1407349, 1407516, 1407542, 1408701, 1408715, 1409599, 1409846, 1410525, 1410527, 1410694, 1410720, 1411900, 1411914, 1500050, 1500233, 1500819, 1500821, 1500971, 1500995, 1501965, 1501980, 1503255, 1503439, 1504025, 1504027, 1504178, 1504202, 1505172, 1505187, 1505718, 1505902, 1506488, 1506490, 1506641, 1506665, 1507635, 1507650, 1508206, 1508389, 1508973, 1508975, 1509125, 1509149, 1510124, 1510139, 1600206, 1601095, 1700075, 1700317, 1701125, 1701127, 1701304, 1701322, 1701340, 1702767, 1702782, 1703820, 1704062, 1704865, 1704867, 1705044, 1705062, 1705080, 1706507, 1706522, 1707560, 1707802, 1708605, 1708607, 1708784, 1708802, 1708820, 1710247, 1710262, 1711300, 1711542, 1712354, 1712356, 1712531, 1712549, 1712567, 1713990, 1714005, 1800075, 1800310, 1801084, 1801086, 1801286, 1801306, 1802826, 1802833, 1803062, 1803647, 1803884, 1804690, 1804692, 1804892, 1804912, 1806485, 1806492, 1806720;37, 135, 154, 42, 49, 138, 158, 194, 203, 261, 262, 397, 404, 493, 513, 549, 558, 616, 617, 161, 180, 388, 500, 519, 36, 156, 543, 660, 29, 56, 151, 173, 175, 285, 286, 383, 410, 505, 527, 529, 639, 640, 737, 764, 859, 881, 883, 994, 995, 1092, 1119, 1214, 1236, 1238, 1348, 1349, 18, 44, 136, 159, 267, 268, 504, 621, 645, 647, 753, 754, 849, 874, 966, 990, 992, 1098, 1099, 1191, 1217, 1308, 1331, 1333, 1434, 1435, 43, 164, 26, 53, 182, 185, 300, 301, 422, 449, 552, 578, 581, 696, 697, 818, 845, 948, 974, 977, 1093, 1241, 1344, 1370, 1373, 1488, 1489, 1128, 1153, 1254, 1282, 1409, 1410, 1436, 1501, 1526, 1631, 1659, 1789, 1790, 1816;"{""total_rows"":151,""count_ok_importar"":151,""count_ok_eliminar"":0,""count_pending"":0,""count_review_action"":0,""count_other"":0}";import;qa_ok_importar_found
735210018000;PLUG;M 18 X 1,5;0.035 KGM;import;qa_ok_importar_found;true;34;12V4000M53, 16V4000M73, 16V4000M73L, 20V4000M93, 20V4000M93L;1200975, 1200978, 1201173, 1201667, 1204115, 1204118, 1204312, 1204806, 1401012, 1401234, 1404181, 1404403, 1407350, 1407572, 1410528, 1410750, 1500822, 1501018, 1504028, 1504225, 1506491, 1506688, 1508976, 1509172, 1701128, 1701568, 1704868, 1705308, 1708608, 1709048, 1712357, 1712794, 1801459, 1805065;138, 163, 217, 493, 518, 572, 151, 180, 505, 534, 859, 888, 1214, 1243, 136, 169, 621, 655, 966, 1000, 1308, 1340, 156, 206, 552, 602, 948, 998, 1344, 1394, 1294, 1671;"{""total_rows"":34,""count_ok_importar"":34,""count_ok_eliminar"":0,""count_pending"":0,""count_review_action"":0,""count_other"":0}";import;qa_ok_importar_found
735214010000;UNION;10;0.031 KGM;import;qa_ok_importar_found;true;2;12V4000M53;1201890, 1205029;238, 593;"{""total_rows"":2,""count_ok_importar"":2,""count_ok_eliminar"":0,""count_pending"":0,""count_review_action"":0,""count_other"":0}";import;qa_ok_importar_found
735221011000;O-RING;11,3 X 2,2 - M14X1,5;0.001 KGM;import;qa_ok_importar_found;true;67;12V4000M40A, 12V4000M53, 12V4000M70, 16V4000M61, 16V4000M73, 16V4000M73L, 16V4000M90, 20V4000M93, 20V4000M93L;1102251, 1102252, 1102253, 1102254, 1200275, 1201841, 1203419, 1204980, 1901190, 1902339, 1903632, 1904726, 1300315, 1300916, 1300940, 1301700, 1303237, 1303827, 1303851, 1304612, 1400083, 1402076, 1402626, 1403255, 1405245, 1405795, 1406424, 1408423, 1408973, 1409602, 1411604, 1412177, 1500051, 1501599, 1502302, 1504052, 1504806, 1505339, 1506515, 1507269, 1507832, 1508207, 1509755, 1510322, 1600230, 1600343, 1601096, 1601891, 1602161, 1700078, 1703031, 1703034, 1703823, 1706771, 1706774, 1707563, 1710511, 1710514, 1711303, 1714256, 1714259, 1800078, 1802293, 1803334, 1803651, 1805952, 1807016;39, 154, 282, 345, 43, 237, 398, 592, 180, 333, 519, 670, 50, 156, 157, 263, 557, 660, 661, 763, 30, 259, 319, 384, 613, 673, 738, 968, 1028, 1093, 1322, 1382, 19, 235, 337, 624, 721, 799, 969, 1066, 1142, 1192, 1402, 1477, 45, 61, 164, 254, 303, 27, 342, 423, 819, 1134, 1215, 1530, 1129, 1377, 1466, 1502, 1757, 1850;"{""total_rows"":67,""count_ok_importar"":67,""count_ok_eliminar"":0,""count_pending"":0,""count_review_action"":0,""count_other"":0}";import;qa_ok_importar_found
735233000100;COVER;A 4 - X00004360;0.003 KGM;import;qa_ok_importar_found;true;31;12V4000M40A, 12V4000M70, 16V4000M61, 16V4000M73, 16V4000M73L, 16V4000M90, 20V4000M93, 20V4000M93L;1102255, 1901577, 1901585, 1903964, 1903972, 1300605, 1303528, 1401532, 1404701, 1407879, 1411057, 1501310, 1504517, 1506980, 1509466, 1600544, 1600551, 1701718, 1701734, 1705458, 1705474, 1709198, 1709214, 1712944, 1712960, 1801681, 1801692, 1801704, 1805340, 1805351, 1805363;216, 231, 568, 105, 612, 208, 562, 917, 1272, 202, 688, 1033, 1371, 110, 228, 624, 1020, 1416, 1328, 1708;"{""total_rows"":31,""count_ok_importar"":31,""count_ok_eliminar"":0,""count_pending"":0,""count_review_action"":0,""count_other"":0}";import;qa_ok_importar_found
735233000101;COVER;A 5 - X00004694;3.000 g A 5 - X00004694 MTN5233;import;qa_ok_importar_found;true;75;12V4000M40A, 12V4000M53, 12V4000M70, 16V4000M61, 16V4000M73, 16V4000M73L, 16V4000M90, 20V4000M93, 20V4000M93L;1102256, 1201484, 1201488, 1201489, 1201490, 1201492, 1201496, 1204623, 1204627, 1204628, 1204629, 1204631, 1204635, 1901586, 1901588, 1903973, 1903975, 1300606, 1303529, 1401523, 1401534, 1401536, 1404692, 1404703, 1404705, 1407870, 1407881, 1407883, 1411048, 1411059, 1411061, 1501306, 1504513, 1506976, 1509462, 1600552, 1600554, 1701717, 1701722, 1701723, 1701730, 1701732, 1701733, 1705457, 1705462, 1705463, 1705470, 1705472, 1705473, 1709197, 1709202, 1709203, 1709210, 1709212, 1709213, 1712943, 1712948, 1712949, 1712956, 1712958, 1712959, 1801680, 1801685, 1801686, 1801693, 1801700, 1801702, 1801703, 1805339, 1805344, 1805345, 1805352, 1805359, 1805361, 1805362;216, 208, 563, 231, 568, 105, 612, 562, 917, 1272, 202, 688, 1033, 1371, 110, 228, 624, 1020, 1416, 1328, 1708;"{""total_rows"":75,""count_ok_importar"":75,""count_ok_eliminar"":0,""count_pending"":0,""count_review_action"":0,""count_other"":0}";import;qa_ok_importar_found
735233000102;COVER;A 6 - X00004796;0.003 KGM;import;qa_ok_importar_found;true;47;12V4000M40A, 12V4000M53, 12V4000M70, 16V4000M61, 16V4000M73, 16V4000M73L, 16V4000M90, 20V4000M93, 20V4000M93L;1102257, 1201479, 1201493, 1204618, 1204632, 1901583, 1901587, 1903970, 1903974, 1300603, 1303526, 1401525, 1401529, 1401530, 1401537, 1404694, 1404698, 1404699, 1404706, 1407872, 1407876, 1407877, 1407884, 1411050, 1411054, 1411055, 1411062, 1501308, 1504515, 1506978, 1509464, 1600549, 1600553, 1701724, 1701728, 1705464, 1705468, 1709204, 1709208, 1712950, 1712954, 1801687, 1801691, 1801694, 1805346, 1805350, 1805353;216, 208, 563, 231, 568, 105, 612, 562, 917, 1272, 202, 688, 1033, 1371, 110, 228, 624, 1020, 1416, 1328, 1708;"{""total_rows"":47,""count_ok_importar"":47,""count_ok_eliminar"":0,""count_pending"":0,""count_review_action"":0,""count_other"":0}";import;qa_ok_importar_found
735233000103;COVER;A 7 - X00004797;0.005 KGM;import;qa_ok_importar_found;true;46;12V4000M40A, 12V4000M53, 12V4000M70, 16V4000M61, 16V4000M73, 16V4000M73L, 16V4000M90, 20V4000M93, 20V4000M93L;1102258, 1201480, 1201491, 1204619, 1204630, 1901575, 1903962, 1300598, 1303521, 1401517, 1401522, 1401527, 1401528, 1401531, 1401535, 1404686, 1404691, 1404696, 1404697, 1404700, 1404704, 1407864, 1407869, 1407874, 1407875, 1407878, 1407882, 1411042, 1411047, 1411052, 1411053, 1411056, 1411060, 1501309, 1504516, 1506979, 1509465, 1600542, 1701726, 1705466, 1709206, 1712952, 1801689, 1801695, 1805348, 1805354;216, 208, 563, 231, 568, 105, 612, 562, 917, 1272, 202, 688, 1033, 1371, 110, 228, 624, 1020, 1416, 1328, 1708;"{""total_rows"":46,""count_ok_importar"":46,""count_ok_eliminar"":0,""count_pending"":0,""count_review_action"":0,""count_other"":0}";import;qa_ok_importar_found
735233000104;COVER;A 8 - X00004798;0.006 KGM;import;qa_ok_importar_found;true;53;12V4000M40A, 12V4000M53, 12V4000M70, 16V4000M61, 16V4000M73, 16V4000M73L, 16V4000M90, 20V4000M93, 20V4000M93L;1102259, 1201482, 1201483, 1201486, 1204621, 1204622, 1204625, 1901572, 1901574, 1903959, 1903961, 1300596, 1303519, 1401519, 1401521, 1404688, 1404690, 1407866, 1407868, 1411044, 1411046, 1501304, 1504511, 1506974, 1509460, 1600539, 1600541, 1701720, 1701721, 1701727, 1701729, 1705460, 1705461, 1705467, 1705469, 1709200, 1709201, 1709207, 1709209, 1712946, 1712947, 1712953, 1712955, 1801683, 1801684, 1801690, 1801696, 1801699, 1805342, 1805343, 1805349, 1805355, 1805358;216, 208, 563, 231, 568, 105, 612, 562, 917, 1272, 202, 688, 1033, 1371, 110, 228, 624, 1020, 1416, 1328, 1708;"{""total_rows"":53,""count_ok_importar"":53,""count_ok_eliminar"":0,""count_pending"":0,""count_review_action"":0,""count_other"":0}";import;qa_ok_importar_found
735233000200;COVER;B 2 - X00005424;0.006 KGM;import;qa_ok_importar_found;true;35;12V4000M40A, 12V4000M53, 12V4000M70, 16V4000M61, 16V4000M73, 16V4000M73L, 16V4000M90, 20V4000M93, 20V4000M93L;1102260, 1201481, 1204620, 1901576, 1901584, 1903963, 1903971, 1300604, 1303527, 1401518, 1401524, 1401533, 1404687, 1404693, 1404702, 1407865, 1407871, 1407880, 1411043, 1411049, 1411058, 1501311, 1504518, 1506981, 1509467, 1600543, 1600550, 1701731, 1705471, 1709211, 1712957, 1801697, 1801701, 1805356, 1805360;216, 208, 563, 231, 568, 105, 612, 562, 917, 1272, 202, 688, 1033, 1371, 110, 228, 624, 1020, 1416, 1328, 1708;"{""total_rows"":35,""count_ok_importar"":35,""count_ok_eliminar"":0,""count_pending"":0,""count_review_action"":0,""count_other"":0}";import;qa_ok_importar_found
735233000201;COVER;B 3 - X00006699;7.000 g B 3 - X00006699 MTN5233;import;qa_ok_importar_found;true;6;20V4000M93, 20V4000M93L;1701719, 1705459, 1709199, 1712945, 1801682, 1805341;228, 624, 1020, 1416, 1328, 1708;"{""total_rows"":6,""count_ok_importar"":6,""count_ok_eliminar"":0,""count_pending"":0,""count_review_action"":0,""count_other"":0}";import;qa_ok_importar_found
735233000202;COVER;B 4 - X00007482;0.01 KGM;import;qa_ok_importar_found;true;18;12V4000M53, 16V4000M73, 16V4000M73L, 20V4000M93, 20V4000M93L;1201494, 1204633, 1401526, 1404695, 1407873, 1411051, 1501307, 1504514, 1506977, 1509463, 1701725, 1705465, 1709205, 1712951, 1801688, 1801698, 1805347, 1805357;208, 563, 562, 917, 1272, 202, 688, 1033, 1371, 228, 624, 1020, 1416, 1328, 1708;"{""total_rows"":18,""count_ok_importar"":18,""count_ok_eliminar"":0,""count_pending"":0,""count_review_action"":0,""count_other"":0}";import;qa_ok_importar_found
735233000300;COVER;C 7 - X00006700;0.011 KGM;import;qa_ok_importar_found;true;2;20V4000M93L;1801705, 1805364;1329, 1709;"{""total_rows"":2,""count_ok_importar"":2,""count_ok_eliminar"":0,""count_pending"":0,""count_review_action"":0,""count_other"":0}";import;qa_ok_importar_found
735233000400;COVER;D 3 - X00007488;0.005 KGM;import;qa_ok_importar_found;true;2;20V4000M93L;1801706, 1805365;1329, 1709;"{""total_rows"":2,""count_ok_importar"":2,""count_ok_eliminar"":0,""count_pending"":0,""count_review_action"":0,""count_other"":0}";import;qa_ok_importar_found
735233000401;COVER;D 5 - X00006701;0.004 KGM;import;qa_ok_importar_found;true;2;20V4000M93L;1801707, 1805366;1329, 1709;"{""total_rows"":2,""count_ok_importar"":2,""count_ok_eliminar"":0,""count_pending"":0,""count_review_action"":0,""count_other"":0}";import;qa_ok_importar_found
735233000500;COVER;E 5 - X00014661;0.01 KGM;import;qa_ok_importar_found;true;22;12V4000M40A, 12V4000M53, 12V4000M70, 16V4000M61, 16V4000M73, 16V4000M73L, 16V4000M90, 20V4000M93L;1102261, 1201485, 1201495, 1201497, 1204624, 1204634, 1204636, 1901573, 1903960, 1300597, 1303520, 1401520, 1404689, 1407867, 1411045, 1501305, 1504512, 1506975, 1509461, 1600540, 1801708, 1805367;216, 208, 563, 231, 568, 105, 612, 562, 917, 1272, 202, 688, 1033, 1371, 110, 1329, 1709;"{""total_rows"":22,""count_ok_importar"":22,""count_ok_eliminar"":0,""count_pending"":0,""count_review_action"":0,""count_other"":0}";import;qa_ok_importar_found
735252039000;O-RING;D 39,2 X 3;0.001 KGM;import;qa_ok_importar_found;true;8;12V4000M53, 12V4000M70, 20V4000M93;1200473, 1203614, 1900400, 1902840, 1700480, 1704229, 1707969, 1711709;76, 431, 80, 419, 476, 872, 1268;"{""total_rows"":8,""count_ok_importar"":8,""count_ok_eliminar"":0,""count_pending"":0,""count_review_action"":0,""count_other"":0}";import;qa_ok_importar_found
900288056004;CLAMP;S 56/20X1 SKZ;0.068 KGM;import;qa_ok_importar_found;true;1;16V4000M90;1601454;209;"{""total_rows"":1,""count_ok_importar"":1,""count_ok_eliminar"":0,""count_pending"":0,""count_review_action"":0,""count_other"":0}";import;qa_ok_importar_found
900288260000;CLAMP;S 260/25X1,25 SK 2T;0.355 KGM;import;qa_ok_importar_found;true;20;12V4000M40A, 12V4000M53, 16V4000M61, 16V4000M73, 16V4000M73L, 16V4000M90, 20V4000M93, 20V4000M93L;1102267, 1200996, 1204135, 1300770, 1303681, 1401039, 1404208, 1407377, 1410555, 1500848, 1504055, 1506518, 1509002, 1600922, 1701153, 1704893, 1708633, 1712382, 1801120, 1804726;138, 141, 496, 135, 639, 155, 509, 863, 1218, 142, 628, 973, 1314, 162, 558, 954, 1350, 1260, 1637;"{""total_rows"":20,""count_ok_importar"":20,""count_ok_eliminar"":0,""count_pending"":0,""count_review_action"":0,""count_other"":0}";import;qa_ok_importar_found
910001003100;RIVET;AK 3,2X 7,49;0.001 KGM;import;qa_ok_importar_found;true;3;12V4000M70, 16V4000M90;1902410, 1904797, 1602754;343, 680, 402;"{""total_rows"":3,""count_ok_importar"":3,""count_ok_eliminar"":0,""count_pending"":0,""count_review_action"":0,""count_other"":0}";import;qa_ok_importar_found
912004016100;SPLIT WASHER;A 16;0.007 KGM;import;qa_ok_importar_found;true;8;16V4000M73, 16V4000M73L;1401655, 1404824, 1408002, 1411174, 1501451, 1504658, 1507121, 1509609;222, 576, 931, 1285, 219, 705, 1050, 1387;"{""total_rows"":8,""count_ok_importar"":8,""count_ok_eliminar"":0,""count_pending"":0,""count_review_action"":0,""count_other"":0}";import;qa_ok_importar_found
915001006003;NUT;6 M 14 X 1,5;0.013 KGM;import;qa_ok_importar_found;true;13;12V4000M40A, 12V4000M53, 12V4000M70, 16V4000M61, 16V4000M73, 16V4000M90;1102271, 1102272, 1200835, 1203975, 1900751, 1903193, 1300643, 1303554, 1400838, 1404007, 1407176, 1410354, 1600594;98, 115, 125, 480, 126, 465, 112, 616, 135, 489, 843, 1198, 116;"{""total_rows"":13,""count_ok_importar"":13,""count_ok_eliminar"":0,""count_pending"":0,""count_review_action"":0,""count_other"":0}";import;qa_ok_importar_found
915001008003;NUT;8 M 16 X 1,5;0.014 KGM;import;qa_ok_importar_found;true;37;12V4000M40A, 16V4000M73, 16V4000M73L, 20V4000M93, 20V4000M93L;1102274, 1401356, 1402259, 1404525, 1405428, 1407694, 1408606, 1410872, 1411784, 1501112, 1501836, 1504319, 1505043, 1506782, 1507506, 1509268, 1509994, 1701543, 1702707, 1702949, 1705283, 1706447, 1706689, 1709023, 1710187, 1710429, 1712768, 1713931, 1714172, 1800796, 1801567, 1802759, 1803014, 1804402, 1805173, 1806418, 1806672;98, 191, 272, 545, 626, 899, 981, 1254, 1335, 178, 253, 664, 739, 1009, 1084, 1349, 1420, 202, 289, 319, 598, 685, 715, 994, 1081, 1111, 1390, 1477, 1507, 1233, 1302, 1398, 1428, 1610, 1679, 1778, 1808;"{""total_rows"":37,""count_ok_importar"":37,""count_ok_eliminar"":0,""count_pending"":0,""count_review_action"":0,""count_other"":0}";import;qa_ok_importar_found
915001013003;UNION NUT M1;13 M 22 X 1,5;0.03 KGM;import;qa_ok_importar_found;true;10;12V4000M40A, 12V4000M53, 16V4000M61, 20V4000M93L;1102276, 1102277, 1200671, 1203811, 1301324, 1304237, 1802151, 1802181, 1805810, 1805840;224, 244, 108, 463, 214, 716, 1363, 1364, 1743, 1744;"{""total_rows"":10,""count_ok_importar"":10,""count_ok_eliminar"":0,""count_pending"":0,""count_review_action"":0,""count_other"":0}";import;qa_ok_importar_found
915001016004;NUT 16 M26X1.5 BL.GE OELT;16 M 26 X 1,5;40.900 g 16 M 26 X 1,5 N15001;import;qa_ok_importar_found;true;22;12V4000M40A, 12V4000M53, 12V4000M70, 16V4000M61, 16V4000M73, 16V4000M73L, 16V4000M90, 20V4000M93, 20V4000M93L;1102278, 1200119, 1203261, 1900669, 1903111, 1300508, 1303431, 1400127, 1403298, 1406467, 1409645, 1500084, 1503290, 1505753, 1508240, 1600598, 1700127, 1703872, 1707612, 1711352, 1800140, 1803712;104, 35, 390, 117, 456, 95, 602, 38, 392, 746, 1101, 27, 512, 857, 1200, 119, 36, 432, 828, 1224, 1138, 1511;"{""total_rows"":22,""count_ok_importar"":22,""count_ok_eliminar"":0,""count_pending"":0,""count_review_action"":0,""count_other"":0}";import;qa_ok_importar_found
915001020003;UNION NUT;20 M 30 X 1,5;0.048 KGM;import;qa_ok_importar_found;true;243;12V4000M40A, 12V4000M53, 12V4000M70, 16V4000M61, 16V4000M73, 16V4000M73L, 16V4000M90, 20V4000M93, 20V4000M93L;1102279, 1102280, 1102281, 1102282, 1102283, 1102284, 1102285, 1102286, 1102287, 1102288, 1102289, 1200080, 1200803, 1201351, 1201356, 1201676, 1201686, 1202118, 1202122, 1202126, 1202136, 1202141, 1203943, 1204490, 1204495, 1204815, 1204825, 1205257, 1205261, 1205265, 1205275, 1205280, 1205541, 1205550, 1206322, 1206334, 1206344, 1900087, 1901404, 1901438, 1901962, 1901966, 1901970, 1902527, 1903791, 1903825, 1904349, 1904353, 1904357, 1904832, 1904849, 1300089, 1300504, 1301109, 1301165, 1301189, 1301586, 1301716, 1301721, 1301850, 1303011, 1303427, 1304022, 1304078, 1304102, 1304498, 1304628, 1304633, 1304746, 1400688, 1401569, 1401575, 1401583, 1401603, 1401837, 1402030, 1402034, 1402038, 1402085, 1402090, 1403857, 1404738, 1404744, 1404752, 1404772, 1405006, 1405199, 1405203, 1405207, 1405254, 1405259, 1407026, 1407916, 1407922, 1407930, 1407950, 1408184, 1408377, 1408381, 1408385, 1408432, 1408437, 1410204, 1411094, 1411100, 1411108, 1411128, 1411363, 1411558, 1411562, 1411566, 1411613, 1411618, 1500544, 1501256, 1501346, 1501369, 1501408, 1501617, 1502003, 1502008, 1502153, 1503251, 1503750, 1504463, 1504553, 1504576, 1504615, 1504824, 1505210, 1505215, 1505294, 1505714, 1506213, 1506926, 1507016, 1507039, 1507078, 1507287, 1507667, 1507672, 1507758, 1507792, 1508701, 1509412, 1509502, 1509525, 1509565, 1509773, 1510156, 1510161, 1510247, 1510281, 1510662, 1510683, 1510700, 1510711, 1600094, 1600595, 1601225, 1601288, 1601296, 1601315, 1601512, 1601516, 1601520, 1602097, 1700686, 1701745, 1701751, 1701759, 1701779, 1702145, 1702199, 1702281, 1702285, 1702289, 1702299, 1702304, 1702950, 1704432, 1705485, 1705491, 1705499, 1705519, 1705885, 1705939, 1706021, 1706025, 1706029, 1706039, 1706044, 1706690, 1708172, 1709225, 1709231, 1709239, 1709259, 1709625, 1709679, 1709761, 1709765, 1709769, 1709779, 1709784, 1710430, 1711912, 1712970, 1712976, 1712984, 1713004, 1713367, 1713423, 1713505, 1713509, 1713513, 1713523, 1713528, 1714173, 1800662, 1801873, 1801909, 1801917, 1801937, 1802135, 1802296, 1802301, 1802338, 1802342, 1802347, 1803015, 1804234, 1805532, 1805568, 1805576, 1805596, 1805794, 1805955, 1805960, 1805997, 1806001, 1806006, 1806673;22, 97, 104, 190, 196, 218, 221, 243, 252, 276, 277, 28, 118, 187, 188, 219, 251, 253, 254, 473, 542, 543, 574, 576, 606, 608, 609, 657, 660, 735, 742, 745, 33, 206, 210, 265, 372, 547, 602, 691, 701, 21, 95, 185, 192, 193, 244, 267, 268, 307, 528, 687, 694, 695, 767, 768, 798, 120, 214, 216, 217, 238, 255, 262, 263, 474, 568, 570, 571, 592, 616, 617, 828, 923, 925, 926, 947, 964, 971, 972, 1183, 1278, 1280, 1281, 1301, 1318, 1325, 1326, 109, 197, 207, 215, 237, 278, 311, 504, 594, 683, 693, 696, 723, 763, 764, 790, 849, 939, 1028, 1038, 1041, 1046, 1068, 1105, 1106, 1123, 1134, 1282, 1366, 1376, 1378, 1383, 1404, 1440, 1441, 1458, 1469, 1518, 1528, 1537, 1545, 26, 119, 180, 294, 231, 233, 234, 272, 274, 275, 319, 516, 627, 629, 630, 651, 658, 668, 670, 671, 715, 912, 1023, 1025, 1026, 1047, 1054, 1064, 1066, 1067, 1111, 1308, 1419, 1421, 1422, 1443, 1450, 1460, 1462, 1463, 1507, 1220, 1337, 1343, 1344, 1361, 1379, 1382, 1428, 1593, 1717, 1723, 1724, 1741, 1758, 1759, 1762, 1808;"{""total_rows"":243,""count_ok_importar"":243,""count_ok_eliminar"":0,""count_pending"":0,""count_review_action"":0,""count_other"":0}";import;qa_ok_importar_found
915001025004;NUT;25 M 38 X 1,5;0.088 KGM;import;qa_ok_importar_found;true;2;12V4000M40A;1102290, 1102291;220, 243;"{""total_rows"":2,""count_ok_importar"":2,""count_ok_eliminar"":0,""count_pending"":0,""count_review_action"":0,""count_other"":0}";import;qa_ok_importar_found
915001032003;NUT;32 M 45 X 1,5;0.125 KGM;import;qa_ok_importar_found;true;28;12V4000M40A, 12V4000M53, 16V4000M61, 16V4000M73, 16V4000M73L, 20V4000M93, 20V4000M93L;1102292, 1102293, 1102294, 1102295, 1202064, 1205203, 1300993, 1303904, 1401897, 1405066, 1408244, 1411425, 1501921, 1505128, 1507591, 1510080, 1702227, 1702933, 1705967, 1706673, 1709707, 1710413, 1713451, 1714156, 1802229, 1802998, 1805888, 1806656;169, 180, 186, 220, 247, 602, 172, 675, 248, 957, 1311, 260, 746, 1091, 1427, 268, 318, 664, 714, 1060, 1110, 1456, 1506, 1371, 1751, 1807;"{""total_rows"":28,""count_ok_importar"":28,""count_ok_eliminar"":0,""count_pending"":0,""count_review_action"":0,""count_other"":0}";import;qa_ok_importar_found
915001040002;NUT 40 M52X1.5 BL.GE OELT;40 M 52 X 1,5;0.121 KGM;import;qa_ok_importar_found;true;17;12V4000M40A, 12V4000M53, 12V4000M70, 16V4000M61, 16V4000M73L, 16V4000M90, 20V4000M93;1102297, 1102298, 1202168, 1205307, 1901979, 1904366, 1301621, 1304533, 1501955, 1505162, 1507625, 1510114, 1601730, 1701636, 1705376, 1709116, 1712864;220, 265, 259, 614, 267, 604, 249, 750, 751, 1096, 1432, 230, 215, 611, 1007, 1403;"{""total_rows"":17,""count_ok_importar"":17,""count_ok_eliminar"":0,""count_pending"":0,""count_review_action"":0,""count_other"":0}";import;qa_ok_importar_found
915003006202;BALL-TYPE UNION;B2 - 8;0.003 KGM;import;qa_ok_importar_found;true;1;12V4000M40A;1102299;98;"{""total_rows"":1,""count_ok_importar"":1,""count_ok_eliminar"":0,""count_pending"":0,""count_review_action"":0,""count_other"":0}";import;qa_ok_importar_found
915003008201;UNION BALL B2-10;B2 -10;0.004 KGM;import;qa_ok_importar_found;true;7;12V4000M40A, 20V4000M93, 20V4000M93L;1102300, 1702914, 1706654, 1710394, 1714137, 1802979, 1806638;98, 317, 713, 1109, 1505, 1426, 1806;"{""total_rows"":7,""count_ok_importar"":7,""count_ok_eliminar"":0,""count_pending"":0,""count_review_action"":0,""count_other"":0}";import;qa_ok_importar_found
915003010201;BALL-TYPE UNION;B2 -12;0.005 KGM;import;qa_ok_importar_found;true;1;12V4000M40A;1102301;244;"{""total_rows"":1,""count_ok_importar"":1,""count_ok_eliminar"":0,""count_pending"":0,""count_review_action"":0,""count_other"":0}";import;qa_ok_importar_found
915003025202;UNION BALL B2-28;B2 -28;0.028 KGM;import;qa_ok_importar_found;true;2;12V4000M40A;1102307, 1102308;220, 243;"{""total_rows"":2,""count_ok_importar"":2,""count_ok_eliminar"":0,""count_pending"":0,""count_review_action"":0,""count_other"":0}";import;qa_ok_importar_found
915004025203;CONE SEALING B2-28/2 2;B2 -28/22;0.039 KGM;import;qa_ok_importar_found;true;1;12V4000M40A;1102311;220;"{""total_rows"":1,""count_ok_importar"":1,""count_ok_eliminar"":0,""count_pending"":0,""count_review_action"":0,""count_other"":0}";import;qa_ok_importar_found
915005008001;CONE SEALING 10;10;0.004 KGM;import;qa_ok_importar_found;true;45;12V4000M40A, 12V4000M70, 16V4000M61, 16V4000M73, 16V4000M73L, 16V4000M90, 20V4000M93, 20V4000M93L;1102314, 1900628, 1900632, 1903070, 1903074, 1300573, 1303496, 1401355, 1402258, 1404524, 1405427, 1407693, 1408605, 1410871, 1411783, 1501111, 1501835, 1504318, 1505042, 1506781, 1507505, 1509267, 1509993, 1600688, 1600692, 1701542, 1702708, 1702947, 1705282, 1706448, 1706687, 1709022, 1710188, 1710427, 1712767, 1713932, 1714170, 1800795, 1801566, 1802760, 1803012, 1804401, 1805172, 1806419, 1806670;105, 115, 454, 96, 603, 191, 272, 545, 626, 899, 981, 1254, 1335, 178, 253, 664, 739, 1009, 1084, 1349, 1420, 121, 202, 289, 319, 598, 685, 715, 994, 1081, 1111, 1390, 1477, 1507, 1233, 1302, 1398, 1428, 1610, 1679, 1778, 1808;"{""total_rows"":45,""count_ok_importar"":45,""count_ok_eliminar"":0,""count_pending"":0,""count_review_action"":0,""count_other"":0}";import;qa_ok_importar_found
915005010000;CONE SEALING 12;12;0.005 KGM;import;qa_ok_importar_found;true;2;12V4000M53;1200750, 1203889;112, 467;"{""total_rows"":2,""count_ok_importar"":2,""count_ok_eliminar"":0,""count_pending"":0,""count_review_action"":0,""count_other"":0}";import;qa_ok_importar_found
915005013004;CONE SEALING 15;15;0.009 KGM;import;qa_ok_importar_found;true;9;12V4000M40A, 12V4000M53, 16V4000M61, 20V4000M93L;1102316, 1200670, 1203810, 1301323, 1304236, 1802152, 1802182, 1805811, 1805841;224, 108, 463, 214, 716, 1363, 1364, 1743, 1744;"{""total_rows"":9,""count_ok_importar"":9,""count_ok_eliminar"":0,""count_pending"":0,""count_review_action"":0,""count_other"":0}";import;qa_ok_importar_found
915005020001;SEALING CONE;22;0.015 KGM;import;qa_ok_importar_found;true;179;12V4000M40A, 12V4000M53, 12V4000M70, 16V4000M61, 16V4000M73, 16V4000M73L, 16V4000M90, 20V4000M93, 20V4000M93L;1102318, 1102319, 1102320, 1102321, 1102322, 1102323, 1102324, 1200078, 1201675, 1201685, 1202117, 1202121, 1202125, 1202135, 1202140, 1204814, 1204824, 1205256, 1205260, 1205264, 1205274, 1205279, 1205540, 1205548, 1206320, 1206333, 1206342, 1900086, 1901961, 1901965, 1901969, 1902526, 1904348, 1904352, 1904356, 1904831, 1904848, 1300088, 1300505, 1301164, 1301585, 1301715, 1301720, 1301848, 1303010, 1303428, 1304077, 1304497, 1304627, 1304632, 1304744, 1401574, 1401582, 1401836, 1402029, 1402033, 1402037, 1402084, 1402089, 1404743, 1404751, 1405005, 1405198, 1405202, 1405206, 1405253, 1405258, 1407921, 1407929, 1408183, 1408376, 1408380, 1408384, 1408431, 1408436, 1411099, 1411107, 1411362, 1411557, 1411561, 1411565, 1411612, 1411617, 1501255, 1501345, 1501616, 1502002, 1502007, 1502152, 1503250, 1504462, 1504552, 1504823, 1505209, 1505214, 1505293, 1505713, 1506925, 1507015, 1507286, 1507666, 1507671, 1507791, 1509411, 1509501, 1509772, 1510155, 1510160, 1510280, 1510661, 1510682, 1510699, 1510710, 1600093, 1600596, 1601287, 1601295, 1601511, 1601515, 1601519, 1602096, 1701750, 1701758, 1702144, 1702198, 1702280, 1702284, 1702288, 1702298, 1702303, 1702948, 1705490, 1705498, 1705884, 1705938, 1706020, 1706024, 1706028, 1706038, 1706043, 1706688, 1709230, 1709238, 1709624, 1709678, 1709760, 1709764, 1709768, 1709778, 1709783, 1710428, 1712975, 1712983, 1713366, 1713422, 1713504, 1713508, 1713512, 1713522, 1713527, 1714171, 1801908, 1801916, 1802134, 1802295, 1802300, 1802337, 1802341, 1802346, 1803013, 1805567, 1805575, 1805793, 1805954, 1805959, 1805996, 1806000, 1806005, 1806671;22, 104, 218, 244, 252, 276, 277, 28, 219, 221, 251, 253, 254, 574, 576, 606, 608, 609, 657, 660, 735, 742, 745, 33, 265, 372, 602, 691, 701, 21, 95, 192, 267, 268, 307, 528, 694, 767, 768, 798, 216, 238, 255, 262, 263, 570, 592, 616, 617, 925, 947, 964, 971, 972, 1280, 1301, 1318, 1325, 1326, 197, 207, 237, 278, 311, 504, 683, 693, 723, 763, 764, 790, 849, 1028, 1038, 1068, 1105, 1106, 1134, 1366, 1376, 1404, 1440, 1441, 1469, 1518, 1528, 1537, 1545, 26, 119, 187, 215, 294, 233, 272, 274, 275, 319, 629, 651, 658, 668, 670, 671, 715, 1025, 1047, 1054, 1064, 1066, 1067, 1111, 1421, 1443, 1450, 1460, 1462, 1463, 1507, 1343, 1361, 1378, 1379, 1382, 1428, 1723, 1741, 1758, 1759, 1762, 1808;"{""total_rows"":179,""count_ok_importar"":179,""count_ok_eliminar"":0,""count_pending"":0,""count_review_action"":0,""count_other"":0}";import;qa_ok_importar_found
915005025002;CONE SEALING 28;28;0.027 KGM;import;qa_ok_importar_found;true;2;12V4000M40A;1102325, 1102326;220, 243;"{""total_rows"":2,""count_ok_importar"":2,""count_ok_eliminar"":0,""count_pending"":0,""count_review_action"":0,""count_other"":0}";import;qa_ok_importar_found
915006004002;UNION;4;0.018 KGM;import;qa_ok_importar_found;true;27;12V4000M40A, 12V4000M53, 12V4000M70, 16V4000M61, 16V4000M73, 16V4000M73L, 16V4000M90, 20V4000M93, 20V4000M93L;1102327, 1200708, 1200726, 1203847, 1203865, 1900619, 1900623, 1903061, 1903065, 1300566, 1303489, 1400806, 1403975, 1407144, 1410322, 1500630, 1503836, 1506299, 1508787, 1600677, 1600681, 1700791, 1704537, 1708277, 1712020, 1800764, 1804370;105, 111, 466, 115, 454, 96, 603, 131, 485, 839, 1194, 117, 602, 947, 1290, 121, 130, 526, 922, 1318, 1230, 1607;"{""total_rows"":27,""count_ok_importar"":27,""count_ok_eliminar"":0,""count_pending"":0,""count_review_action"":0,""count_other"":0}";import;qa_ok_importar_found
915006008002;UNION;8;0.029 KGM;import;qa_ok_importar_found;true;42;12V4000M53, 16V4000M73, 16V4000M73L, 20V4000M93, 20V4000M93L;1200153, 1201896, 1202023, 1203295, 1205035, 1205162, 1400166, 1400681, 1402164, 1402192, 1403337, 1403850, 1405333, 1405361, 1406506, 1407019, 1408511, 1408539, 1409684, 1410197, 1411689, 1411717, 1500115, 1500536, 1501799, 1503321, 1503742, 1505006, 1505784, 1506205, 1507469, 1508271, 1508693, 1509957, 1700679, 1704425, 1708165, 1711905, 1800259, 1800678, 1803831, 1804284;40, 239, 242, 395, 594, 597, 43, 116, 271, 397, 470, 625, 751, 824, 980, 1106, 1179, 1334, 32, 106, 252, 517, 591, 738, 862, 936, 1083, 1205, 1279, 1419, 512, 908, 1304, 1143, 1222, 1516, 1599;"{""total_rows"":42,""count_ok_importar"":42,""count_ok_eliminar"":0,""count_pending"":0,""count_review_action"":0,""count_other"":0}";import;qa_ok_importar_found
915006010002;UNION;10;0.032 KGM;import;qa_ok_importar_found;true;14;16V4000M73, 16V4000M73L, 20V4000M93, 20V4000M93L;1402182, 1405351, 1408529, 1411707, 1501811, 1505018, 1507481, 1509969, 1702588, 1706328, 1710068, 1713812, 1802640, 1806299;271, 625, 980, 1334, 252, 738, 1083, 1419, 287, 683, 1079, 1475, 1396, 1776;"{""total_rows"":14,""count_ok_importar"":14,""count_ok_eliminar"":0,""count_pending"":0,""count_review_action"":0,""count_other"":0}";import;qa_ok_importar_found
915007008003;CONNECTOR 8/4;8 / 4;0.03 KGM;import;qa_ok_importar_found;true;40;12V4000M53, 16V4000M73, 16V4000M73L, 20V4000M93, 20V4000M93L;1201983, 1201989, 1205121, 1205127, 1402302, 1402312, 1405471, 1405481, 1408649, 1408659, 1411828, 1411838, 1501851, 1505058, 1507521, 1510009, 1702634, 1702648, 1702680, 1702694, 1706374, 1706388, 1706420, 1706434, 1710114, 1710128, 1710160, 1710174, 1713858, 1713872, 1713904, 1713918, 1802686, 1802700, 1802732, 1802746, 1806345, 1806359, 1806391, 1806405;240, 595, 273, 627, 982, 1336, 253, 739, 1084, 1420, 288, 289, 684, 685, 1080, 1081, 1476, 1477, 1397, 1398, 1777, 1778;"{""total_rows"":40,""count_ok_importar"":40,""count_ok_eliminar"":0,""count_pending"":0,""count_review_action"":0,""count_other"":0}";import;qa_ok_importar_found
915007008008;CONNECTOR 8/6 F73;8 / 6;0.027 KGM;import;qa_ok_importar_found;true;22;12V4000M40A, 12V4000M53, 12V4000M70, 16V4000M61, 16V4000M73, 16V4000M73L, 16V4000M90, 20V4000M93, 20V4000M93L;1102336, 1202275, 1205416, 1902011, 1904398, 1301704, 1304616, 1402431, 1405600, 1408778, 1411979, 1501990, 1505197, 1507660, 1510149, 1601893, 1702848, 1706588, 1710328, 1714069, 1802910, 1806569;275, 272, 629, 612, 265, 765, 291, 645, 1000, 1354, 273, 759, 1103, 1438, 255, 307, 703, 1099, 1495, 1416, 1796;"{""total_rows"":22,""count_ok_importar"":22,""count_ok_eliminar"":0,""count_pending"":0,""count_review_action"":0,""count_other"":0}";import;qa_ok_importar_found
915007010002;CONNECTOR 10/6;10 / 6;0.031 KGM;import;qa_ok_importar_found;true;4;12V4000M40A, 16V4000M61, 16V4000M90;1102338, 1301502, 1304415, 1601660;258, 232, 734, 223;"{""total_rows"":4,""count_ok_importar"":4,""count_ok_eliminar"":0,""count_pending"":0,""count_review_action"":0,""count_other"":0}";import;qa_ok_importar_found
915007013000;CONNECTOR 13/8;13 / 8;0.049 KGM;import;qa_ok_importar_found;true;47;12V4000M40A, 12V4000M53, 12V4000M70, 16V4000M61, 16V4000M73, 16V4000M73L, 16V4000M90, 20V4000M93, 20V4000M93L;1102339, 1201994, 1202012, 1205132, 1205151, 1901771, 1904158, 1301471, 1304384, 1402298, 1402308, 1405467, 1405477, 1408645, 1408655, 1411824, 1411834, 1501848, 1505055, 1507518, 1510006, 1601590, 1601609, 1702653, 1702670, 1702676, 1702700, 1706393, 1706410, 1706416, 1706440, 1710133, 1710150, 1710156, 1710180, 1713877, 1713894, 1713900, 1713924, 1802705, 1802722, 1802728, 1802752, 1806364, 1806381, 1806387, 1806411;258, 240, 241, 595, 596, 252, 589, 232, 734, 273, 627, 982, 1336, 253, 739, 1084, 1420, 221, 222, 288, 289, 684, 685, 1080, 1081, 1476, 1477, 1397, 1398, 1777, 1778;"{""total_rows"":47,""count_ok_importar"":47,""count_ok_eliminar"":0,""count_pending"":0,""count_review_action"":0,""count_other"":0}";import;qa_ok_importar_found
915007025004;ADAPTOR;25 / 16;152.500 g 25 / 16 N15007;import;qa_ok_importar_found;true;2;20V4000M93L;1801859, 1805518;1334, 1714;"{""total_rows"":2,""count_ok_importar"":2,""count_ok_eliminar"":0,""count_pending"":0,""count_review_action"":0,""count_other"":0}";import;qa_ok_importar_found
915011004102;BANJO SCREW;A 4;0.014 KGM;import;qa_ok_importar_found;true;16;12V4000M53, 16V4000M73, 16V4000M73L, 20V4000M93, 20V4000M93L;1200574, 1203715, 1400829, 1403998, 1407167, 1410345, 1500653, 1503859, 1506322, 1508810, 1700814, 1704560, 1708300, 1712043, 1800787, 1804393;101, 456, 135, 489, 843, 1198, 121, 606, 951, 1294, 134, 530, 926, 1322, 1233, 1610;"{""total_rows"":16,""count_ok_importar"":16,""count_ok_eliminar"":0,""count_pending"":0,""count_review_action"":0,""count_other"":0}";import;qa_ok_importar_found
915013004002;UNION;4;14.000 g 4 N15013;import;qa_ok_importar_found;true;16;12V4000M53, 16V4000M73, 16V4000M73L, 20V4000M93;1200837, 1200849, 1203977, 1203989, 1400852, 1404021, 1407190, 1410368, 1500650, 1503856, 1506319, 1508807, 1700835, 1704581, 1708321, 1712064;125, 480, 136, 490, 844, 1199, 120, 605, 950, 1293, 135, 531, 927, 1323;"{""total_rows"":16,""count_ok_importar"":16,""count_ok_eliminar"":0,""count_pending"":0,""count_review_action"":0,""count_other"":0}";import;qa_ok_importar_found
915013006002;UNION;6;0.018 KGM;import;qa_ok_importar_found;true;6;12V4000M40A, 12V4000M53, 16V4000M61, 16V4000M90;1102344, 1201960, 1205098, 1300572, 1303495, 1600686;105, 240, 595, 96, 603, 121;"{""total_rows"":6,""count_ok_importar"":6,""count_ok_eliminar"":0,""count_pending"":0,""count_review_action"":0,""count_other"":0}";import;qa_ok_importar_found
915013008002;SCREW NECK;8 (M16X1,5/M14X1,5);0.024 KGM;import;qa_ok_importar_found;true;70;12V4000M40A, 12V4000M53, 12V4000M70, 16V4000M61, 16V4000M73, 16V4000M73L, 16V4000M90, 20V4000M93, 20V4000M93L;1102345, 1102346, 1200819, 1201020, 1201972, 1203958, 1204159, 1205110, 1901024, 1901026, 1903466, 1903468, 1300860, 1303771, 1401131, 1401354, 1402250, 1404300, 1404523, 1405419, 1407469, 1407692, 1408597, 1410647, 1410870, 1411775, 1500936, 1501110, 1501830, 1504143, 1504317, 1505037, 1506606, 1506780, 1507500, 1507726, 1509090, 1509266, 1509988, 1510215, 1601025, 1601027, 1701264, 1701541, 1702575, 1702598, 1702611, 1705004, 1705281, 1706315, 1706338, 1706351, 1708744, 1709021, 1710055, 1710078, 1710091, 1712492, 1712766, 1713799, 1713822, 1713835, 1801565, 1802627, 1802650, 1802663, 1805171, 1806286, 1806309, 1806322;97, 143, 122, 145, 240, 477, 500, 595, 162, 501, 149, 653, 167, 191, 272, 521, 545, 626, 875, 899, 981, 1230, 1254, 1335, 153, 178, 253, 639, 664, 739, 984, 1009, 1084, 1121, 1325, 1349, 1420, 1456, 154, 175, 202, 287, 288, 571, 598, 683, 684, 967, 994, 1079, 1080, 1363, 1390, 1475, 1476, 1302, 1396, 1397, 1679, 1776, 1777;"{""total_rows"":70,""count_ok_importar"":70,""count_ok_eliminar"":0,""count_pending"":0,""count_review_action"":0,""count_other"":0}";import;qa_ok_importar_found
915013010001;UNION;10;29.200 g 10 N15013;import;qa_ok_importar_found;true;15;12V4000M40A, 12V4000M53, 16V4000M73, 20V4000M93;1102347, 1201938, 1205077, 1400714, 1403883, 1407052, 1410230, 1700263, 1700711, 1704007, 1704457, 1707747, 1708197, 1711487, 1711937;244, 239, 594, 123, 477, 831, 1186, 41, 437, 519, 833, 915, 1229, 1311;"{""total_rows"":15,""count_ok_importar"":15,""count_ok_eliminar"":0,""count_pending"":0,""count_review_action"":0,""count_other"":0}";import;qa_ok_importar_found
915013013002;UNION 13;13;0.033 KGM;import;qa_ok_importar_found;true;39;12V4000M40A, 12V4000M53, 12V4000M70, 16V4000M61, 16V4000M73, 16V4000M73L, 20V4000M93, 20V4000M93L;1102348, 1201697, 1201704, 1204836, 1204843, 1901596, 1901604, 1903983, 1903991, 1301325, 1304238, 1401848, 1401855, 1405017, 1405024, 1408195, 1408202, 1411374, 1411382, 1501549, 1504756, 1507219, 1509707, 1702160, 1702179, 1705900, 1705919, 1709640, 1709659, 1713383, 1713403, 1802153, 1802168, 1802176, 1802178, 1805812, 1805827, 1805835, 1805837;224, 223, 578, 236, 573, 214, 716, 241, 595, 950, 1304, 229, 715, 1060, 1397, 258, 259, 654, 655, 1050, 1051, 1446, 1447, 1363, 1364, 1743, 1744;"{""total_rows"":39,""count_ok_importar"":39,""count_ok_eliminar"":0,""count_pending"":0,""count_review_action"":0,""count_other"":0}";import;qa_ok_importar_found
915013016002;UNION;16;0.052 KGM;import;qa_ok_importar_found;true;40;12V4000M40A, 12V4000M53, 12V4000M70, 16V4000M61, 16V4000M73, 16V4000M73L, 16V4000M90, 20V4000M93, 20V4000M93L;1102349, 1200655, 1200823, 1203795, 1203962, 1900109, 1902549, 1300107, 1303029, 1400710, 1400728, 1403879, 1403897, 1407048, 1407066, 1410226, 1410244, 1500556, 1503762, 1506225, 1508713, 1600116, 1700707, 1700725, 1701461, 1704453, 1704471, 1705201, 1708193, 1708211, 1708941, 1711933, 1711952, 1712688, 1800674, 1800693, 1801427, 1804280, 1804299, 1805033;26, 108, 122, 463, 477, 37, 376, 25, 532, 123, 124, 478, 831, 832, 1186, 1187, 111, 596, 941, 1284, 30, 191, 519, 520, 587, 915, 916, 983, 1311, 1312, 1379, 1222, 1223, 1288, 1599, 1600, 1665;"{""total_rows"":40,""count_ok_importar"":40,""count_ok_eliminar"":0,""count_pending"":0,""count_review_action"":0,""count_other"":0}";import;qa_ok_importar_found
915013020002;SCREW NECK;20 (M30X1,5/M26X1,5);0.067 KGM;import;qa_ok_importar_found;true;73;12V4000M40A, 12V4000M53, 16V4000M61, 16V4000M73, 16V4000M73L, 16V4000M90, 20V4000M93, 20V4000M93L;1102350, 1200077, 1200628, 1200665, 1201673, 1202029, 1202032, 1203767, 1203805, 1204812, 1205168, 1205171, 1301170, 1304083, 1400619, 1400712, 1401580, 1402510, 1403788, 1403881, 1404749, 1405679, 1406957, 1407050, 1407927, 1408857, 1410135, 1410228, 1411105, 1412058, 1500501, 1500559, 1501351, 1501765, 1503257, 1503707, 1503765, 1504558, 1504972, 1505720, 1506170, 1506228, 1507021, 1507435, 1508658, 1508716, 1509507, 1509923, 1601293, 1700617, 1700709, 1701756, 1702945, 1704363, 1704455, 1705496, 1706685, 1708103, 1708195, 1709236, 1710425, 1711843, 1711935, 1712981, 1714168, 1800595, 1800676, 1801914, 1803010, 1804167, 1804282, 1805573, 1806668;218, 28, 107, 108, 219, 243, 462, 463, 574, 598, 192, 694, 115, 123, 216, 298, 469, 477, 570, 652, 823, 831, 925, 1007, 1178, 1186, 1280, 1361, 105, 111, 207, 250, 504, 590, 596, 693, 736, 849, 935, 941, 1038, 1081, 1278, 1284, 1376, 1417, 187, 233, 319, 511, 519, 629, 715, 907, 915, 1025, 1111, 1303, 1311, 1421, 1507, 1215, 1222, 1343, 1428, 1588, 1599, 1723, 1808;"{""total_rows"":73,""count_ok_importar"":73,""count_ok_eliminar"":0,""count_pending"":0,""count_review_action"":0,""count_other"":0}";import;qa_ok_importar_found
915013040002;UNION;40 (M52X1,5) (M45X1,5);0.183 KGM;import;qa_ok_importar_found;true;6;12V4000M40A, 12V4000M70, 16V4000M61, 16V4000M90;1102353, 1901976, 1904363, 1301617, 1304529, 1601727;265, 267, 604, 249, 750, 230;"{""total_rows"":6,""count_ok_importar"":6,""count_ok_eliminar"":0,""count_pending"":0,""count_review_action"":0,""count_other"":0}";import;qa_ok_importar_found
915047006202;BOLT BANJO B 6 ADEC;B 6;18,200 g B 6 N15047;import;qa_ok_importar_found;true;2;12V4000M53;1200572, 1203713;101, 456;"{""total_rows"":2,""count_ok_importar"":2,""count_ok_eliminar"":0,""count_pending"":0,""count_review_action"":0,""count_other"":0}";import;qa_ok_importar_found
916016006202;CLAMP;BRSGU 6/20;0.016 KGM;import;qa_ok_importar_found;true;4;20V4000M93;1703499, 1707239, 1710979, 1714719;370, 766, 1162, 1558;"{""total_rows"":4,""count_ok_importar"":4,""count_ok_eliminar"":0,""count_pending"":0,""count_review_action"":0,""count_other"":0}";import;qa_ok_importar_found
916016008200;CLAMP;BRSGU 8/15;0.008 KGM;import;qa_ok_importar_found;true;6;12V4000M53, 20V4000M93;1203137, 1206296, 1703703, 1707442, 1711182, 1714923;362, 725, 397, 793, 1189, 1585;"{""total_rows"":6,""count_ok_importar"":6,""count_ok_eliminar"":0,""count_pending"":0,""count_review_action"":0,""count_other"":0}";import;qa_ok_importar_found
916016010201;CLAMP;BRSGU 10/15;0.009 KGM;import;qa_ok_importar_found;true;6;12V4000M53, 20V4000M93;1203138, 1206297, 1703704, 1707443, 1711183, 1714924;362, 725, 397, 793, 1189, 1585;"{""total_rows"":6,""count_ok_importar"":6,""count_ok_eliminar"":0,""count_pending"":0,""count_review_action"":0,""count_other"":0}";import;qa_ok_importar_found
916016012200;CLAMP;BRSGU 12/15;0.01 KGM;import;qa_ok_importar_found;true;6;12V4000M53, 20V4000M93;1203139, 1206298, 1703705, 1707444, 1711184, 1714925;362, 725, 397, 793, 1189, 1586;"{""total_rows"":6,""count_ok_importar"":6,""count_ok_eliminar"":0,""count_pending"":0,""count_review_action"":0,""count_other"":0}";import;qa_ok_importar_found
916016014201;CLAMP;BRSGU 14/20;0.022 KGM;import;qa_ok_importar_found;true;2;20V4000M93L;1803174, 1806856;1458, 1842;"{""total_rows"":2,""count_ok_importar"":2,""count_ok_eliminar"":0,""count_pending"":0,""count_review_action"":0,""count_other"":0}";import;qa_ok_importar_found
916016015202;CLAMP;BRSGU 15/15;0.013 KGM;import;qa_ok_importar_found;true;6;12V4000M53, 20V4000M93;1203141, 1206301, 1703707, 1707447, 1711187, 1714926;363, 726, 398, 794, 1190, 1586;"{""total_rows"":6,""count_ok_importar"":6,""count_ok_eliminar"":0,""count_pending"":0,""count_review_action"":0,""count_other"":0}";import;qa_ok_importar_found
916016018202;CLAMP;BRSGU 18/20;25.700 g BRSGU 18/20 N16016;import;qa_ok_importar_found;true;12;16V4000M73, 16V4000M73L, 20V4000M93L;1402073, 1405242, 1408420, 1411601, 1501584, 1504791, 1507254, 1509741, 1802269, 1802282, 1805928, 1805941;258, 612, 967, 1321, 234, 720, 1065, 1401, 1374, 1754;"{""total_rows"":12,""count_ok_importar"":12,""count_ok_eliminar"":0,""count_pending"":0,""count_review_action"":0,""count_other"":0}";import;qa_ok_importar_found
916016020202;CLAMP;BRSGU 20/20;0.026 KGM;import;qa_ok_importar_found;true;8;12V4000M53, 20V4000M93, 20V4000M93L;1203129, 1206289, 1703695, 1707435, 1711175, 1714916, 1803172, 1806854;362, 725, 397, 793, 1189, 1585, 1458, 1842;"{""total_rows"":8,""count_ok_importar"":8,""count_ok_eliminar"":0,""count_pending"":0,""count_review_action"":0,""count_other"":0}";import;qa_ok_importar_found
916016022202;CLAMP;BRSGU 22/20;27.800 g BRSGU 22/20 N16016;import;qa_ok_importar_found;true;6;12V4000M53, 20V4000M93;1202441, 1205601, 1703643, 1707383, 1711123, 1714862;304, 667, 392, 788, 1184, 1580;"{""total_rows"":6,""count_ok_importar"":6,""count_ok_eliminar"":0,""count_pending"":0,""count_review_action"":0,""count_other"":0}";import;qa_ok_importar_found
916016024201;CLAMP;BRSGU 24/20;0.03 KGM;import;qa_ok_importar_found;true;16;16V4000M73, 16V4000M73L, 20V4000M93, 20V4000M93L;1402834, 1406003, 1409181, 1412384, 1502361, 1505398, 1507891, 1510381, 1703339, 1707079, 1710819, 1714559, 1803175, 1803231, 1806857, 1806913;330, 684, 1039, 1393, 343, 805, 1148, 1483, 367, 763, 1159, 1555, 1458, 1459, 1842, 1843;"{""total_rows"":16,""count_ok_importar"":16,""count_ok_eliminar"":0,""count_pending"":0,""count_review_action"":0,""count_other"":0}";import;qa_ok_importar_found
916016035201;CLAMP;BRSGU 35/20;0.043 KGM;import;qa_ok_importar_found;true;18;12V4000M53, 16V4000M73, 20V4000M93, 20V4000M93L;1203062, 1203128, 1206222, 1206288, 1403107, 1406276, 1409454, 1412657, 1703631, 1703694, 1707371, 1707434, 1711111, 1711174, 1714851, 1714915, 1803176, 1806858;349, 362, 712, 725, 355, 709, 1064, 1418, 391, 397, 787, 793, 1183, 1189, 1579, 1585, 1458, 1842;"{""total_rows"":18,""count_ok_importar"":18,""count_ok_eliminar"":0,""count_pending"":0,""count_review_action"":0,""count_other"":0}";import;qa_ok_importar_found
999900012000;NUT;M 12;0.018 KGM;import;qa_ok_importar_found;true;16;12V4000M53, 16V4000M73, 16V4000M73L, 20V4000M93, 20V4000M93L;1201097, 1204236, 1401095, 1404264, 1407433, 1410611, 1500902, 1504109, 1506572, 1509056, 1701228, 1704968, 1708708, 1712458, 1801191, 1804797;151, 506, 162, 516, 870, 1225, 149, 635, 980, 1321, 170, 566, 962, 1358, 1267, 1644;"{""total_rows"":16,""count_ok_importar"":16,""count_ok_eliminar"":0,""count_pending"":0,""count_review_action"":0,""count_other"":0}";import;qa_ok_importar_found
0023912760297023;PIPE;;;import;qa_ok_importar_found;true;1;12V4000M40A;1102358;98;"{""total_rows"":1,""count_ok_importar"":1,""count_ok_eliminar"":0,""count_pending"":0,""count_review_action"":0,""count_other"":0}";import;qa_ok_importar_found
0023912760297039;PIPE;;;import;qa_ok_importar_found;true;2;12V4000M40A;1102359, 1102360;98;"{""total_rows"":2,""count_ok_importar"":2,""count_ok_eliminar"":0,""count_pending"":0,""count_review_action"":0,""count_other"":0}";import;qa_ok_importar_found
0023912783127084;PIPE;;;import;qa_ok_importar_found;true;6;12V4000M40A;1102379, 1102380, 1102381, 1102382, 1102383, 1102384;221, 244;"{""total_rows"":6,""count_ok_importar"":6,""count_ok_eliminar"":0,""count_pending"":0,""count_review_action"":0,""count_other"":0}";import;qa_ok_importar_found
B00E50201528/77;MONITOR WITH SOFTWARE;;4.000 kg;import;qa_ok_importar_found;true;6;12V4000M53, 20V4000M93;1203146, 1206306, 1703712, 1707452, 1711192, 1714931;363, 726, 398, 794, 1190, 1586;"{""total_rows"":6,""count_ok_importar"":6,""count_ok_eliminar"":0,""count_pending"":0,""count_review_action"":0,""count_other"":0}";import;qa_ok_importar_found
B00E50202738;HOUSING WITHOUT BASE PLATE SAM1-06;;700,000 g;import;qa_ok_importar_found;true;1;12V4000M70;1905021;741;"{""total_rows"":1,""count_ok_importar"":1,""count_ok_eliminar"":0,""count_pending"":0,""count_review_action"":0,""count_other"":0}";import;qa_ok_importar_found
B00E50202739;HOUSING WITHOUT INTERLOCK;;1,347 g;import;qa_ok_importar_found;true;1;12V4000M70;1904969;735;"{""total_rows"":1,""count_ok_importar"":1,""count_ok_eliminar"":0,""count_pending"":0,""count_review_action"":0,""count_other"":0}";import;qa_ok_importar_found
B00E50202855/S0001;BUS COUPLER FOR SYSTEM BUS;;;import;qa_ok_importar_found;true;1;12V4000M53;1206434;771;"{""total_rows"":1,""count_ok_importar"":1,""count_ok_eliminar"":0,""count_pending"":0,""count_review_action"":0,""count_other"":0}";import;qa_ok_importar_found
B00E50205356/S0001;CONTROL CONSOLE WITH DISPLAY;;;import;qa_ok_importar_found;true;1;12V4000M53;1206637;824;"{""total_rows"":1,""count_ok_importar"":1,""count_ok_eliminar"":0,""count_pending"":0,""count_review_action"":0,""count_other"":0}";import;qa_ok_importar_found
B00E51000051/S0001;NETWORK SWITCH FOR COPPER CABLES;HW: 05 / FW: 3.9 8GT;;import;qa_ok_importar_found;true;1;12V4000M53;1206627;819;"{""total_rows"":1,""count_ok_importar"":1,""count_ok_eliminar"":0,""count_pending"":0,""count_review_action"":0,""count_other"":0}";import;qa_ok_importar_found
E0000352500;VIBRATION DAMPER;;89,000 kg;import;qa_ok_importar_found;true;6;12V4000M40A, 12V4000M70, 16V4000M61, 16V4000M90;1102424, 1900285, 1902725, 1300274, 1303196, 1600308;51, 62, 401, 46, 553, 56;"{""total_rows"":6,""count_ok_importar"":6,""count_ok_eliminar"":0,""count_pending"":0,""count_review_action"":0,""count_other"":0}";import;qa_ok_importar_found
E0010107351;INJECTOR;;800 G;import;qa_ok_importar_found;true;1;12V4000M40A;1102425;88;"{""total_rows"":1,""count_ok_importar"":1,""count_ok_eliminar"":0,""count_pending"":0,""count_review_action"":0,""count_other"":0}";import;qa_ok_importar_found
E23525323;FUEL PUMP ASM;;;import;qa_ok_importar_found;true;1;20V4000M93L;1807275;1876;"{""total_rows"":1,""count_ok_importar"":1,""count_ok_eliminar"":0,""count_pending"":0,""count_review_action"":0,""count_other"":0}";import;qa_ok_importar_found
E5260101605;CRANKCASE;;1.721,591;import;qa_ok_importar_found;true;3;12V4000M40A, 12V4000M70;1102426, 1900012, 1902452;13, 24, 363;"{""total_rows"":3,""count_ok_importar"":3,""count_ok_eliminar"":0,""count_pending"":0,""count_review_action"":0,""count_other"":0}";import;qa_ok_importar_found
E5260500001;CAMSHAFT;;50,000 kg;import;qa_ok_importar_found;true;3;12V4000M40A, 12V4000M70;1102427, 1900407, 1902847;69, 84, 423;"{""total_rows"":3,""count_ok_importar"":3,""count_ok_eliminar"":0,""count_pending"":0,""count_review_action"":0,""count_other"":0}";import;qa_ok_importar_found
E5260701101;HP PUMP;MN EM;62,000 kg;import;qa_ok_importar_found;true;5;12V4000M40A, 12V4000M70, 16V4000M61;1102428, 1900464, 1902904, 1300441, 1303364;82, 96, 435, 81, 588;"{""total_rows"":5,""count_ok_importar"":5,""count_ok_eliminar"":0,""count_pending"":0,""count_review_action"":0,""count_other"":0}";import;qa_ok_importar_found
E5260701201;HP PUMP;;60.000 kg EM;import;qa_ok_importar_found;true;1;16V4000M90;1600468;92;"{""total_rows"":1,""count_ok_importar"":1,""count_ok_eliminar"":0,""count_pending"":0,""count_review_action"":0,""count_other"":0}";import;qa_ok_importar_found
E5270101805;CRANKCASE;;2.076 KG;import;qa_ok_importar_found;true;3;16V4000M61, 16V4000M90;1300015, 1302937, 1600015;12, 519, 17;"{""total_rows"":3,""count_ok_importar"":3,""count_ok_eliminar"":0,""count_pending"":0,""count_review_action"":0,""count_other"":0}";import;qa_ok_importar_found
E5270300701;CRANKSHAFT;;620.000 kg MN EM;import;qa_ok_importar_found;true;1;16V4000M90;1600233;48;"{""total_rows"":1,""count_ok_importar"":1,""count_ok_eliminar"":0,""count_pending"":0,""count_review_action"":0,""count_other"":0}";import;qa_ok_importar_found
E5270500101;CAMSHAFT;;;import;qa_ok_importar_found;true;2;16V4000M61;1300379, 1303301;67, 574;"{""total_rows"":2,""count_ok_importar"":2,""count_ok_eliminar"":0,""count_pending"":0,""count_review_action"":0,""count_other"":0}";import;qa_ok_importar_found
E5280500101;CAMSHAFT;;20.000 g;import;qa_ok_importar_found;true;6;20V4000M93, 20V4000M93L;1700486, 1704236, 1707976, 1711716, 1800460, 1804033;84, 480, 876, 1272, 1184, 1557;"{""total_rows"":6,""count_ok_importar"":6,""count_ok_eliminar"":0,""count_pending"":0,""count_review_action"":0,""count_other"":0}";import;qa_ok_importar_found
EX00008369;PISTON;nan;11.85 KGM;import;qa_ok_importar_found;true;2;12V4000M70;1900343, 1902783;72, 411;"{""total_rows"":2,""count_ok_importar"":2,""count_ok_eliminar"":0,""count_pending"":0,""count_review_action"":0,""count_other"":0}";import;qa_ok_importar_found
EX52404100028;CYLINDER HEAD;nan;48,500 kg;import;qa_ok_importar_found;true;2;12V4000M70;1900373, 1902813;78, 417;"{""total_rows"":2,""count_ok_importar"":2,""count_ok_eliminar"":0,""count_pending"":0,""count_review_action"":0,""count_other"":0}";import;qa_ok_importar_found
EX52407500039;INJECTOR;nan;1,900 kg;import;qa_ok_importar_found;true;2;12V4000M70;1900486, 1902926;102, 441;"{""total_rows"":2,""count_ok_importar"":2,""count_ok_eliminar"":0,""count_pending"":0,""count_review_action"":0,""count_other"":0}";import;qa_ok_importar_found
EX59401100066;CRANKCASE;;1.618,000;import;qa_ok_importar_found;true;2;12V4000M53;1200031, 1203182;22, 377;"{""total_rows"":2,""count_ok_importar"":2,""count_ok_eliminar"":0,""count_pending"":0,""count_review_action"":0,""count_other"":0}";import;qa_ok_importar_found
EX59403500006;VIBRATION DAMPER;;148 KGM;import;qa_ok_importar_found;true;2;12V4000M53;1200386, 1203526;63, 418;"{""total_rows"":2,""count_ok_importar"":2,""count_ok_eliminar"":0,""count_pending"":0,""count_review_action"":0,""count_other"":0}";import;qa_ok_importar_found
EX59407500009;INJECTOR;;3.540 kg;import;qa_ok_importar_found;true;4;16V4000M73;1400563, 1403732, 1406901, 1410079;103, 457, 811, 1166;"{""total_rows"":4,""count_ok_importar"":4,""count_ok_eliminar"":0,""count_pending"":0,""count_review_action"":0,""count_other"":0}";import;qa_ok_importar_found
EX59407500022;INJECTOR;;3.500 kg;import;qa_ok_importar_found;true;4;20V4000M93;1700562, 1704310, 1708050, 1711790;102, 498, 894, 1290;"{""total_rows"":4,""count_ok_importar"":4,""count_ok_eliminar"":0,""count_pending"":0,""count_review_action"":0,""count_other"":0}";import;qa_ok_importar_found
EX59407500024;INJECTOR;;3,500 kg;import;qa_ok_importar_found;true;2;12V4000M53;1200546, 1203687;97, 452;"{""total_rows"":2,""count_ok_importar"":2,""count_ok_eliminar"":0,""count_pending"":0,""count_review_action"":0,""count_other"":0}";import;qa_ok_importar_found
EX59410100104;EXHAUST TURBOCHARGER;;93,252 kg;import;qa_ok_importar_found;true;2;12V4000M53;1200863, 1204003;127, 482;"{""total_rows"":2,""count_ok_importar"":2,""count_ok_eliminar"":0,""count_pending"":0,""count_review_action"":0,""count_other"":0}";import;qa_ok_importar_found
EX59410100105;EXHAUST TURBOCHARGER RIGHT;;93,430 kg;import;qa_ok_importar_found;true;2;12V4000M53;1200864, 1204004;127, 482;"{""total_rows"":2,""count_ok_importar"":2,""count_ok_eliminar"":0,""count_pending"":0,""count_review_action"":0,""count_other"":0}";import;qa_ok_importar_found
EX59511400012/31;INTERCOOLER LR ACCEPTANCE;;485 KGM;import;qa_ok_importar_found;true;1;12V4000M53;1200984;138;"{""total_rows"":1,""count_ok_importar"":1,""count_ok_eliminar"":0,""count_pending"":0,""count_review_action"":0,""count_other"":0}";import;qa_ok_importar_found
EX59610100194;EXHAUST TURBOCHARGER;;90.000 kg;import;qa_ok_importar_found;true;4;20V4000M93;1700853, 1704599, 1708339, 1712082;137, 533, 929, 1325;"{""total_rows"":4,""count_ok_importar"":4,""count_ok_eliminar"":0,""count_pending"":0,""count_review_action"":0,""count_other"":0}";import;qa_ok_importar_found
EX59610100195;EXHAUST TURBOCHARGER;;96.000 kg;import;qa_ok_importar_found;true;4;20V4000M93;1700854, 1704600, 1708340, 1712083;137, 533, 929, 1325;"{""total_rows"":4,""count_ok_importar"":4,""count_ok_eliminar"":0,""count_pending"":0,""count_review_action"":0,""count_other"":0}";import;qa_ok_importar_found
EX59610100196;EXHAUST TURBOCHARGER;;97.000 kg;import;qa_ok_importar_found;true;4;20V4000M93;1700855, 1704601, 1708341, 1712084;137, 533, 929, 1325;"{""total_rows"":4,""count_ok_importar"":4,""count_ok_eliminar"":0,""count_pending"":0,""count_review_action"":0,""count_other"":0}";import;qa_ok_importar_found
EX59610100197;EXHAUST TURBOCHARGER;;81.000 kg;import;qa_ok_importar_found;true;4;20V4000M93;1700856, 1704602, 1708342, 1712085;137, 533, 929, 1325;"{""total_rows"":4,""count_ok_importar"":4,""count_ok_eliminar"":0,""count_pending"":0,""count_review_action"":0,""count_other"":0}";import;qa_ok_importar_found
R0000352500;VIBRATION DAMPER;;89,100 KG;import;qa_ok_importar_found;true;4;12V4000M40A, 12V4000M70, 16V4000M90;1102429, 1900286, 1902726, 1600309;51, 62, 401, 56;"{""total_rows"":4,""count_ok_importar"":4,""count_ok_eliminar"":0,""count_pending"":0,""count_review_action"":0,""count_other"":0}";import;qa_ok_importar_found
R0010107351;INJECTOR;;1,920 KG;import;qa_ok_importar_found;true;1;12V4000M40A;1102430;88;"{""total_rows"":1,""count_ok_importar"":1,""count_ok_eliminar"":0,""count_pending"":0,""count_review_action"":0,""count_other"":0}";import;qa_ok_importar_found
R23505886;OIL PUMP;;;import;qa_ok_importar_found;true;1;20V4000M93L;1807265;1876;"{""total_rows"":1,""count_ok_importar"":1,""count_ok_eliminar"":0,""count_pending"":0,""count_review_action"":0,""count_other"":0}";import;qa_ok_importar_found
R5260101605;CRANKCASE;;1514.99 KGM;import;qa_ok_importar_found;true;3;12V4000M40A, 12V4000M70;1102431, 1900011, 1902451;13, 24, 363;"{""total_rows"":3,""count_ok_importar"":3,""count_ok_eliminar"":0,""count_pending"":0,""count_review_action"":0,""count_other"":0}";import;qa_ok_importar_found
R5260701101;HP PUMP;;64 G;import;qa_ok_importar_found;true;1;12V4000M40A;1102433;82;"{""total_rows"":1,""count_ok_importar"":1,""count_ok_eliminar"":0,""count_pending"":0,""count_review_action"":0,""count_other"":0}";import;qa_ok_importar_found
R5260701201;HP PUMP;;62.050 kg MN EM;import;qa_ok_importar_found;true;1;16V4000M90;1600469;92;"{""total_rows"":1,""count_ok_importar"":1,""count_ok_eliminar"":0,""count_pending"":0,""count_review_action"":0,""count_other"":0}";import;qa_ok_importar_found
R5270101805;CRANKCASE;;2.063 KG;import;qa_ok_importar_found;true;3;16V4000M61, 16V4000M90;1300014, 1302936, 1600014;12, 519, 17;"{""total_rows"":3,""count_ok_importar"":3,""count_ok_eliminar"":0,""count_pending"":0,""count_review_action"":0,""count_other"":0}";import;qa_ok_importar_found
R5270300701;CRANKSHAFT;;620.000 kg MN EM;import;qa_ok_importar_found;true;1;16V4000M90;1600234;48;"{""total_rows"":1,""count_ok_importar"":1,""count_ok_eliminar"":0,""count_pending"":0,""count_review_action"":0,""count_other"":0}";import;qa_ok_importar_found
RX00008369;PISTON;nan;12,000 kg;import;qa_ok_importar_found;true;2;12V4000M70;1900344, 1902784;72, 411;"{""total_rows"":2,""count_ok_importar"":2,""count_ok_eliminar"":0,""count_pending"":0,""count_review_action"":0,""count_other"":0}";import;qa_ok_importar_found
RX00040054/42;CONROD ASM;nan;9615.000 g;import;qa_ok_importar_found;true;10;12V4000M70, 16V4000M73, 20V4000M93;1900365, 1902805, 1400454, 1403620, 1406789, 1409967, 1700436, 1704183, 1707923, 1711663;75, 414, 76, 430, 784, 1139, 74, 470, 866, 1262;"{""total_rows"":10,""count_ok_importar"":10,""count_ok_eliminar"":0,""count_pending"":0,""count_review_action"":0,""count_other"":0}";import;qa_ok_importar_found
RX00040057/42;CONROD ASM;;9,580 kg;import;qa_ok_importar_found;true;2;12V4000M53;1200428, 1203568;70, 425;"{""total_rows"":2,""count_ok_importar"":2,""count_ok_eliminar"":0,""count_pending"":0,""count_review_action"":0,""count_other"":0}";import;qa_ok_importar_found
RX52404100028;CYLINDER HEAD W.VALVE + SEAT RING;nan;52,400 kg;import;qa_ok_importar_found;true;2;12V4000M70;1900372, 1902812;78, 417;"{""total_rows"":2,""count_ok_importar"":2,""count_ok_eliminar"":0,""count_pending"":0,""count_review_action"":0,""count_other"":0}";import;qa_ok_importar_found
RX52407500039;INJECTOR;nan;1,900 kg;import;qa_ok_importar_found;true;2;12V4000M70;1900487, 1902927;102, 441;"{""total_rows"":2,""count_ok_importar"":2,""count_ok_eliminar"":0,""count_pending"":0,""count_review_action"":0,""count_other"":0}";import;qa_ok_importar_found
RX52603800003/42;CONROD ASM;nan;12.700 kg;import;qa_ok_importar_found;true;10;12V4000M70, 16V4000M73, 20V4000M93;1900366, 1902806, 1400455, 1403621, 1406790, 1409968, 1700437, 1704184, 1707924, 1711664;75, 414, 76, 430, 784, 1139, 74, 470, 866, 1262;"{""total_rows"":10,""count_ok_importar"":10,""count_ok_eliminar"":0,""count_pending"":0,""count_review_action"":0,""count_other"":0}";import;qa_ok_importar_found
RX52603800010/42;CONROD ASM;;9.96 KGM;import;qa_ok_importar_found;true;2;12V4000M53;1200429, 1203569;70, 425;"{""total_rows"":2,""count_ok_importar"":2,""count_ok_eliminar"":0,""count_pending"":0,""count_review_action"":0,""count_other"":0}";import;qa_ok_importar_found
RX59407500009;INJECTOR;;3.590 kg;import;qa_ok_importar_found;true;4;16V4000M73;1400564, 1403734, 1406902, 1410080;103, 457, 811, 1166;"{""total_rows"":4,""count_ok_importar"":4,""count_ok_eliminar"":0,""count_pending"":0,""count_review_action"":0,""count_other"":0}";import;qa_ok_importar_found
RX59407500022;INJECTOR;;3.500 kg;import;qa_ok_importar_found;true;4;20V4000M93;1700560, 1704308, 1708048, 1711788;102, 498, 894, 1290;"{""total_rows"":4,""count_ok_importar"":4,""count_ok_eliminar"":0,""count_pending"":0,""count_review_action"":0,""count_other"":0}";import;qa_ok_importar_found
RX59407500024;INJECTOR;;3,500 kg;import;qa_ok_importar_found;true;2;12V4000M53;1200547, 1203688;97, 452;"{""total_rows"":2,""count_ok_importar"":2,""count_ok_eliminar"":0,""count_pending"":0,""count_review_action"":0,""count_other"":0}";import;qa_ok_importar_found
X00E50200133/S0002;ENGINE MONITORING EMU7-02 / URL;;;import;qa_ok_importar_found;true;2;20V4000M93L;1803538, 1807220;1478, 1862;"{""total_rows"":2,""count_ok_importar"":2,""count_ok_eliminar"":0,""count_pending"":0,""count_review_action"":0,""count_other"":0}";import;qa_ok_importar_found
X00E50200176;CONNECTION INTERFACE;SAM 1-02 OHNE SOFTWARE;1.343 KGM;import;qa_ok_importar_found;true;1;16V4000M61;1302499;401;"{""total_rows"":1,""count_ok_importar"":1,""count_ok_eliminar"":0,""count_pending"":0,""count_review_action"":0,""count_other"":0}";import;qa_ok_importar_found
X00E50200212;DISPLAY;;260 G;import;qa_ok_importar_found;true;1;12V4000M40A;1102585;370;"{""total_rows"":1,""count_ok_importar"":1,""count_ok_eliminar"":0,""count_pending"":0,""count_review_action"":0,""count_other"":0}";import;qa_ok_importar_found
X00E50200228;PLUG-IN BOARD;PSB 4-02;290 G;import;qa_ok_importar_found;true;5;12V4000M70, 16V4000M61, 16V4000M73L, 16V4000M90;1905297, 1302550, 1503144, 1511373, 1602794;797, 405, 475, 1672, 403;"{""total_rows"":5,""count_ok_importar"":5,""count_ok_eliminar"":0,""count_pending"":0,""count_review_action"":0,""count_other"":0}";import;qa_ok_importar_found
X00E50200515;PROGRAMMING CONNECTR;;0.011 KGM;import;qa_ok_importar_found;true;1;16V4000M90;1602594;358;"{""total_rows"":1,""count_ok_importar"":1,""count_ok_eliminar"":0,""count_pending"":0,""count_review_action"":0,""count_other"":0}";import;qa_ok_importar_found
X00E50200518;PROGRAMMING CONNECTR;;0.01 KGM;import;qa_ok_importar_found;true;2;16V4000M90;1602577, 1602899;357, 421;"{""total_rows"":2,""count_ok_importar"":2,""count_ok_eliminar"":0,""count_pending"":0,""count_review_action"":0,""count_other"":0}";import;qa_ok_importar_found
X00E50200664;PLUG-IN BOARD;KF MPU23-04,;49 G;import;qa_ok_importar_found;true;1;12V4000M40A;1102586;363;"{""total_rows"":1,""count_ok_importar"":1,""count_ok_eliminar"":0,""count_pending"":0,""count_review_action"":0,""count_other"":0}";import;qa_ok_importar_found
X00E50200664/76;PLUG-IN CIRC.BOARD NOT ADJUSTED;MPU23-04 M.URLADER F.ET-LIEFER.;0.048 KGM;import;qa_ok_importar_found;true;1;12V4000M40A;1102587;364;"{""total_rows"":1,""count_ok_importar"":1,""count_ok_eliminar"":0,""count_pending"":0,""count_review_action"":0,""count_other"":0}";import;qa_ok_importar_found
X00E50200724;LEVEL MONITOR;WASSERSONDE,;28.500 g;import;qa_ok_importar_found;true;4;16V4000M73;1400782, 1403951, 1407120, 1410298;129, 483, 837, 1192;"{""total_rows"":4,""count_ok_importar"":4,""count_ok_eliminar"":0,""count_pending"":0,""count_review_action"":0,""count_other"":0}";import;qa_ok_importar_found
X00E50200899;AUDIBLE ALARM FOR MONITORING;152X152X128 (BXLXH);740 G;import;qa_ok_importar_found;true;1;12V4000M40A;1102588;397;"{""total_rows"":1,""count_ok_importar"":1,""count_ok_eliminar"":0,""count_pending"":0,""count_review_action"":0,""count_other"":0}";import;qa_ok_importar_found
X00E50201370;TEMPERATURE;;196 G;import;qa_ok_importar_found;true;4;16V4000M73L;1502307, 1505344, 1507837, 1510326;337, 799, 1142, 1477;"{""total_rows"":4,""count_ok_importar"":4,""count_ok_eliminar"":0,""count_pending"":0,""count_review_action"":0,""count_other"":0}";import;qa_ok_importar_found
X00E50201372;TEMPERATURE;;175,000 g;import;qa_ok_importar_found;true;11;12V4000M40A, 12V4000M70, 16V4000M73L;1102592, 1902358, 1902360, 1902362, 1904745, 1904747, 1904749, 1502305, 1505342, 1507835, 1510324;346, 334, 671, 337, 799, 1142, 1477;"{""total_rows"":11,""count_ok_importar"":11,""count_ok_eliminar"":0,""count_pending"":0,""count_review_action"":0,""count_other"":0}";import;qa_ok_importar_found
X00E50201396;DIFF-PRESS MONITOR;M18X1,5,SCHALTDR.2,2BAR, OEFFNER;0.155 KGM;import;qa_ok_importar_found;true;3;12V4000M40A, 12V4000M70;1102593, 1902341, 1904728;345, 333, 670;"{""total_rows"":3,""count_ok_importar"":3,""count_ok_eliminar"":0,""count_pending"":0,""count_review_action"":0,""count_other"":0}";import;qa_ok_importar_found
X00E50201981;PLUG-IN BOARD;;405 G;import;qa_ok_importar_found;true;1;12V4000M40A;1102594;370;"{""total_rows"":1,""count_ok_importar"":1,""count_ok_eliminar"":0,""count_pending"":0,""count_review_action"":0,""count_other"":0}";import;qa_ok_importar_found
X00E50202224;PLUG-IN BOARD;COB3-03,;;import;qa_ok_importar_found;true;1;12V4000M40A;1102595;361;"{""total_rows"":1,""count_ok_importar"":1,""count_ok_eliminar"":0,""count_pending"":0,""count_review_action"":0,""count_other"":0}";import;qa_ok_importar_found
X00E50202404;PLUG-IN BOARD;AB SAB2-03 (MB VON SAM);623 G;import;qa_ok_importar_found;true;1;12V4000M40A;1102596;402;"{""total_rows"":1,""count_ok_importar"":1,""count_ok_eliminar"":0,""count_pending"":0,""count_review_action"":0,""count_other"":0}";import;qa_ok_importar_found
X00E50202404/S0004;PLUG-IN BOARD;SAB2-03 (MB VO;;import;qa_ok_importar_found;true;2;12V4000M40A, 16V4000M61;1102597, 1302393;401, 382;"{""total_rows"":2,""count_ok_importar"":2,""count_ok_eliminar"":0,""count_pending"":0,""count_review_action"":0,""count_other"":0}";import;qa_ok_importar_found
X00E50202703;PLUG-IN BOARD;;1,348 KG AB;import;qa_ok_importar_found;true;1;12V4000M40A;1102599;357;"{""total_rows"":1,""count_ok_importar"":1,""count_ok_eliminar"":0,""count_pending"":0,""count_review_action"":0,""count_other"":0}";import;qa_ok_importar_found
X00E50202753/S0003;HOUSING WITHOUT INTERLOCK;296X152X80 (LXBXH);1,320 KG;import;qa_ok_importar_found;true;2;16V4000M61, 16V4000M73L;1302364, 1510860;377, 1577;"{""total_rows"":2,""count_ok_importar"":2,""count_ok_eliminar"":0,""count_pending"":0,""count_review_action"":0,""count_other"":0}";import;qa_ok_importar_found
X00E50202754/S0003;HOUSING WITH INTERLOCK;360X314X95 (LXBXH);1.368 KG;import;qa_ok_importar_found;true;1;12V4000M40A;1102601;399;"{""total_rows"":1,""count_ok_importar"":1,""count_ok_eliminar"":0,""count_pending"":0,""count_review_action"":0,""count_other"":0}";import;qa_ok_importar_found
X00E50203036;LED YELLOW;D=5MM,L=9MM,LEUCHTFARBE=GELB,;0.001 KGM;import;qa_ok_importar_found;true;4;12V4000M40A, 12V4000M70;1102602, 1102603, 1102604, 1905349;371, 375, 382, 801;"{""total_rows"":4,""count_ok_importar"":4,""count_ok_eliminar"":0,""count_pending"":0,""count_review_action"":0,""count_other"":0}";import;qa_ok_importar_found
X00E50203435;PLUG-IN CIRC.BOARD;LRB 2-03;0.056 KGM;import;qa_ok_importar_found;true;5;12V4000M70, 16V4000M61, 16V4000M73L, 16V4000M90;1905299, 1302552, 1503146, 1511375, 1602796;797, 405, 475, 1672, 403;"{""total_rows"":5,""count_ok_importar"":5,""count_ok_eliminar"":0,""count_pending"":0,""count_review_action"":0,""count_other"":0}";import;qa_ok_importar_found
X00E50203517;CONNECTION INTERFACE;;;import;qa_ok_importar_found;true;1;12V4000M40A;1102605;398;"{""total_rows"":1,""count_ok_importar"":1,""count_ok_eliminar"":0,""count_pending"":0,""count_review_action"":0,""count_other"":0}";import;qa_ok_importar_found
X00E50203604/S0002;DISPLAY UNLABELLED;360X270X65, DIS13-03,;1,880 kg;import;qa_ok_importar_found;true;4;12V4000M70, 16V4000M73L, 16V4000M90;1905284, 1503133, 1511362, 1602778;797, 475, 1672, 403;"{""total_rows"":4,""count_ok_importar"":4,""count_ok_eliminar"":0,""count_pending"":0,""count_review_action"":0,""count_other"":0}";import;qa_ok_importar_found
X00E50203659;LEVEL MONITOR;WASSERSONDE DYN.UB-VERHALTEN+LT,;0.088 KGM;import;qa_ok_importar_found;true;6;12V4000M70, 16V4000M73L;1902332, 1904719, 1502313, 1505350, 1507843, 1510332;333, 670, 337, 799, 1142, 1477;"{""total_rows"":6,""count_ok_importar"":6,""count_ok_eliminar"":0,""count_pending"":0,""count_review_action"":0,""count_other"":0}";import;qa_ok_importar_found
X00E50203667;LEVEL MONITOR;OELSONDE, DYN.UB-VERHALTEN;0.095 KGM;import;qa_ok_importar_found;true;6;12V4000M70, 16V4000M73L;1902356, 1904743, 1502315, 1505352, 1507845, 1510334;334, 671, 337, 799, 1142, 1477;"{""total_rows"":6,""count_ok_importar"":6,""count_ok_eliminar"":0,""count_pending"":0,""count_review_action"":0,""count_other"":0}";import;qa_ok_importar_found
X00E50203785;TEMPERATURE SENSOR;STAHL 1.4301-X5CRNI1810;157,300 G;import;qa_ok_importar_found;true;4;16V4000M73L;1502320, 1505357, 1507850, 1510339;337, 799, 1142, 1477;"{""total_rows"":4,""count_ok_importar"":4,""count_ok_eliminar"":0,""count_pending"":0,""count_review_action"":0,""count_other"":0}";import;qa_ok_importar_found
X00E50203786;TEMPERATURE SENSOR;PT1000 LAGERTEMP.SENSOR;0.152 KGM;import;qa_ok_importar_found;true;4;16V4000M73L;1502319, 1505356, 1507849, 1510338;337, 799, 1142, 1477;"{""total_rows"":4,""count_ok_importar"":4,""count_ok_eliminar"":0,""count_pending"":0,""count_review_action"":0,""count_other"":0}";import;qa_ok_importar_found
X00E50204427;RETAINING BRACKET FOR RELAY;F. INDUSTRIERELAIS H=29MM;0.001 KGM;import;qa_ok_importar_found;true;1;16V4000M61;1301944;328;"{""total_rows"":1,""count_ok_importar"":1,""count_ok_eliminar"":0,""count_pending"":0,""count_review_action"":0,""count_other"":0}";import;qa_ok_importar_found
X00E50205167/S0001;DISPLAY UNLABELLED;"360X270X65; RAL 9003";;import;qa_ok_importar_found;true;1;16V4000M61;1302539;405;"{""total_rows"":1,""count_ok_importar"":1,""count_ok_eliminar"":0,""count_pending"":0,""count_review_action"":0,""count_other"":0}";import;qa_ok_importar_found
X00E50206571/S0001;PLUG-IN BOARD;MPU29-05 MIT URLADE;159 G;import;qa_ok_importar_found;true;9;12V4000M70, 16V4000M61, 16V4000M73L, 16V4000M90;1904942, 1905312, 1302441, 1302565, 1503157, 1511386, 1602588, 1602809, 1602913;718, 797, 393, 405, 475, 1672, 357, 403, 421;"{""total_rows"":9,""count_ok_importar"":9,""count_ok_eliminar"":0,""count_pending"":0,""count_review_action"":0,""count_other"":0}";import;qa_ok_importar_found
X00E50206616/76;GOVERNOR NOT ADJUSTED;ECU4-07;7,058 kg;import;qa_ok_importar_found;true;4;12V4000M70, 16V4000M61;1902419, 1904806, 1302299, 1305070;343, 680, 363, 832;"{""total_rows"":4,""count_ok_importar"":4,""count_ok_eliminar"":0,""count_pending"":0,""count_review_action"":0,""count_other"":0}";import;qa_ok_importar_found
X00E50206616/77;GOVERNOR ADJUSTED;ECU4-07;5,000 kg;import;qa_ok_importar_found;true;4;12V4000M70, 16V4000M61;1902420, 1904807, 1302300, 1305071;343, 680, 363, 832;"{""total_rows"":4,""count_ok_importar"":4,""count_ok_eliminar"":0,""count_pending"":0,""count_review_action"":0,""count_other"":0}";import;qa_ok_importar_found
X00E50206653/S0002;ENGINE MONITORING EMU7-03 / URL;;;import;qa_ok_importar_found;true;4;16V4000M73;1403147, 1406316, 1409494, 1412698;359, 713, 1068, 1422;"{""total_rows"":4,""count_ok_importar"":4,""count_ok_eliminar"":0,""count_pending"":0,""count_review_action"":0,""count_other"":0}";import;qa_ok_importar_found
X00E50206654;ENGINE MONITORING;EMU8-02 MIT URLADER 25MHZ;3.46 KGM;import;qa_ok_importar_found;true;5;12V4000M53, 20V4000M93;1203102, 1206261, 1703315, 1707054, 1710794;356, 719, 361, 757, 1153;"{""total_rows"":5,""count_ok_importar"":5,""count_ok_eliminar"":0,""count_pending"":0,""count_review_action"":0,""count_other"":0}";import;qa_ok_importar_found
X00E50207196;PRESSURE SENSOR;"PLAN G1/4""A SW27 L=64 TYP:EPN";0.104 KGM;import;qa_ok_importar_found;true;6;12V4000M70, 16V4000M73L;1902337, 1904724, 1502300, 1505337, 1507830, 1510320;333, 670, 337, 799, 1142, 1477;"{""total_rows"":6,""count_ok_importar"":6,""count_ok_eliminar"":0,""count_pending"":0,""count_review_action"":0,""count_other"":0}";import;qa_ok_importar_found
X00E50207199;PRESSURE SENSOR;ISO M14X1,5SW=27 TYP:EPN;0.106 KGM;import;qa_ok_importar_found;true;14;12V4000M53, 12V4000M70, 16V4000M73, 20V4000M93;1201714, 1204853, 1901613, 1902334, 1904000, 1904721, 1401876, 1405045, 1408223, 1411403, 1702188, 1705928, 1709668, 1713412;223, 578, 236, 333, 573, 670, 242, 596, 951, 1305, 259, 655, 1051, 1447;"{""total_rows"":14,""count_ok_importar"":14,""count_ok_eliminar"":0,""count_pending"":0,""count_review_action"":0,""count_other"":0}";import;qa_ok_importar_found
X00E50207213;PRESSURE SENSOR;KEGEL M14X1,5 SW=27 TYP:EPN;0.117 KGM;import;qa_ok_importar_found;true;2;12V4000M70;1902343, 1904730;333, 670;"{""total_rows"":2,""count_ok_importar"":2,""count_ok_eliminar"":0,""count_pending"":0,""count_review_action"":0,""count_other"":0}";import;qa_ok_importar_found
X00E50207455;PLUG-IN BOARD;MFB2-03;0.025 KGM;import;qa_ok_importar_found;true;2;16V4000M90;1602891, 1602892;421;"{""total_rows"":2,""count_ok_importar"":2,""count_ok_eliminar"":0,""count_pending"":0,""count_review_action"":0,""count_other"":0}";import;qa_ok_importar_found
X00E50208087;COVER;295X151X51.7;200,000 g;import;qa_ok_importar_found;true;2;12V4000M70, 16V4000M61;1905024, 1302392;742, 382;"{""total_rows"":2,""count_ok_importar"":2,""count_ok_eliminar"":0,""count_pending"":0,""count_review_action"":0,""count_other"":0}";import;qa_ok_importar_found
X00E50208386;PRESSURE SENSOR;M14X1,5 SW=27 KERAMIK;0.105 KGM;import;qa_ok_importar_found;true;2;12V4000M70;1902201, 1904588;314, 651;"{""total_rows"":2,""count_ok_importar"":2,""count_ok_eliminar"":0,""count_pending"":0,""count_review_action"":0,""count_other"":0}";import;qa_ok_importar_found
X00E50208847;PLUG-IN BOARD;MEM11-01;0.01 KGM;import;qa_ok_importar_found;true;2;12V4000M70;1902425, 1904812;343, 680;"{""total_rows"":2,""count_ok_importar"":2,""count_ok_eliminar"":0,""count_pending"":0,""count_review_action"":0,""count_other"":0}";import;qa_ok_importar_found
X00E50209110;PLATE F.CONDUCTOR MARKING;40X12MM;0.015 KGM;import;qa_ok_importar_found;true;1;12V4000M53;1206592;809;"{""total_rows"":1,""count_ok_importar"":1,""count_ok_eliminar"":0,""count_pending"":0,""count_review_action"":0,""count_other"":0}";import;qa_ok_importar_found
X00E50209549;PLUG-IN BOARD;BOB2-03;0.029 KGM;import;qa_ok_importar_found;true;1;12V4000M70;1905304;797;"{""total_rows"":1,""count_ok_importar"":1,""count_ok_eliminar"":0,""count_pending"":0,""count_review_action"":0,""count_other"":0}";import;qa_ok_importar_found
X00E50209553;PLUG-IN BOARD;;nan;import;qa_ok_importar_found;true;1;12V4000M70;1905339;799;"{""total_rows"":1,""count_ok_importar"":1,""count_ok_eliminar"":0,""count_pending"":0,""count_review_action"":0,""count_other"":0}";import;qa_ok_importar_found
X00E50209588;PLUG-IN BOARD;;100,000 g;import;qa_ok_importar_found;true;1;12V4000M70;1905294;797;"{""total_rows"":1,""count_ok_importar"":1,""count_ok_eliminar"":0,""count_pending"":0,""count_review_action"":0,""count_other"":0}";import;qa_ok_importar_found
X00E50209721;PLUG-IN BOARD;nan;30,000 g;import;qa_ok_importar_found;true;2;12V4000M70;1904945, 1905310;718, 797;"{""total_rows"":2,""count_ok_importar"":2,""count_ok_eliminar"":0,""count_pending"":0,""count_review_action"":0,""count_other"":0}";import;qa_ok_importar_found
X00E50209894;TERMINAL FOR CYLINDER HEAD;L=90MM, 250V/1500V/24A 2-POL.;0.022 KGM;import;qa_ok_importar_found;true;6;12V4000M53, 20V4000M93;1202936, 1206096, 1703194, 1706934, 1710674, 1714416;343, 706, 349, 745, 1141, 1537;"{""total_rows"":6,""count_ok_importar"":6,""count_ok_eliminar"":0,""count_pending"":0,""count_review_action"":0,""count_other"":0}";import;qa_ok_importar_found
X00E50700033;WIRING HARNESS FOR ON-ENGINE SENSO;GRUNDUMFANG;2.68 KGM;import;qa_ok_importar_found;true;2;16V4000M90;1602137, 1602155;302;"{""total_rows"":2,""count_ok_importar"":2,""count_ok_eliminar"":0,""count_pending"":0,""count_review_action"":0,""count_other"":0}";import;qa_ok_importar_found
X00001906;STARTER;;29.880 kg;import;qa_ok_importar_found;true;1;16V4000M90;1601196;176;"{""total_rows"":1,""count_ok_importar"":1,""count_ok_eliminar"":0,""count_pending"":0,""count_review_action"":0,""count_other"":0}";import;qa_ok_importar_found
X00001910;STARTER;;29.880 kg;import;qa_ok_importar_found;true;1;16V4000M90;1601194;176;"{""total_rows"":1,""count_ok_importar"":1,""count_ok_eliminar"":0,""count_pending"":0,""count_review_action"":0,""count_other"":0}";import;qa_ok_importar_found
X00003011;GASKET;;8.200 g;import;qa_ok_importar_found;true;5;16V4000M73L, 20V4000M93L;1501082, 1504289, 1506752, 1801529, 1805135;173, 659, 1004, 1297, 1674;"{""total_rows"":5,""count_ok_importar"":5,""count_ok_eliminar"":0,""count_pending"":0,""count_review_action"":0,""count_other"":0}";import;qa_ok_importar_found
X00003012;GASKET;;11.000 g;import;qa_ok_importar_found;true;5;16V4000M73L, 20V4000M93L;1501083, 1504290, 1506753, 1801530, 1805136;173, 659, 1004, 1297, 1674;"{""total_rows"":5,""count_ok_importar"":5,""count_ok_eliminar"":0,""count_pending"":0,""count_review_action"":0,""count_other"":0}";import;qa_ok_importar_found
X00003040;GASKET;;6.000 g;import;qa_ok_importar_found;true;5;16V4000M73L, 20V4000M93L;1501081, 1504288, 1506751, 1801528, 1805134;173, 659, 1004, 1297, 1674;"{""total_rows"":5,""count_ok_importar"":5,""count_ok_eliminar"":0,""count_pending"":0,""count_review_action"":0,""count_other"":0}";import;qa_ok_importar_found
X00003043;GASKET;;9.000 g;import;qa_ok_importar_found;true;5;16V4000M73L, 20V4000M93L;1501062, 1504269, 1506732, 1801509, 1805115;173, 659, 1004, 1297, 1674;"{""total_rows"":5,""count_ok_importar"":5,""count_ok_eliminar"":0,""count_pending"":0,""count_review_action"":0,""count_other"":0}";import;qa_ok_importar_found
X00003620;OIL FILTER ELEMENT;;;import;qa_ok_importar_found;true;6;16V4000M73L, 20V4000M93L;1501489, 1504696, 1507159, 1509647, 1802029, 1805688;221, 707, 1052, 1389, 1350, 1730;"{""total_rows"":6,""count_ok_importar"":6,""count_ok_eliminar"":0,""count_pending"":0,""count_review_action"":0,""count_other"":0}";import;qa_ok_importar_found
X00004619;OVERFLOW VALVE;;0.073 KGM;import;qa_ok_importar_found;true;5;16V4000M73, 16V4000M73L;1411154, 1501432, 1504639, 1507102, 1509590;1285, 219, 705, 1050, 1387;"{""total_rows"":5,""count_ok_importar"":5,""count_ok_eliminar"":0,""count_pending"":0,""count_review_action"":0,""count_other"":0}";import;qa_ok_importar_found
X00005421/87;OIL COOLER WITH TEST CERT. 3.1;;230.000 kg;import;qa_ok_importar_found;true;2;20V4000M93L;1802089, 1805748;1355, 1735;"{""total_rows"":2,""count_ok_importar"":2,""count_ok_eliminar"":0,""count_pending"":0,""count_review_action"":0,""count_other"":0}";import;qa_ok_importar_found
X00007157;FLANGE ASM;;24.86 KGM;import;qa_ok_importar_found;true;6;12V4000M40A, 12V4000M70, 16V4000M61, 16V4000M90;1102440, 1900282, 1902722, 1300271, 1303193, 1600305;51, 62, 401, 46, 553, 56;"{""total_rows"":6,""count_ok_importar"":6,""count_ok_eliminar"":0,""count_pending"":0,""count_review_action"":0,""count_other"":0}";import;qa_ok_importar_found
X00008369;PISTON;;12,700 KG;import;qa_ok_importar_found;true;4;12V4000M40A, 16V4000M61, 16V4000M90;1102441, 1300327, 1303249, 1600355;57, 56, 563, 67;"{""total_rows"":4,""count_ok_importar"":4,""count_ok_eliminar"":0,""count_pending"":0,""count_review_action"":0,""count_other"":0}";import;qa_ok_importar_found
X00008372;PISTON SKIRT;;5.15 KGM;import;qa_ok_importar_found;true;6;12V4000M40A, 12V4000M70, 16V4000M61, 16V4000M90;1102442, 1900353, 1902793, 1300338, 1303260, 1600364;58, 73, 412, 57, 564, 68;"{""total_rows"":6,""count_ok_importar"":6,""count_ok_eliminar"":0,""count_pending"":0,""count_review_action"":0,""count_other"":0}";import;qa_ok_importar_found
X00008637;FLANGE;;7.680 kg;import;qa_ok_importar_found;true;1;16V4000M90;1600342;60;"{""total_rows"":1,""count_ok_importar"":1,""count_ok_eliminar"":0,""count_pending"":0,""count_review_action"":0,""count_other"":0}";import;qa_ok_importar_found
X00009196;DAMPER RING FOR INJECTOR;;0.033 KGM;import;qa_ok_importar_found;true;6;12V4000M53, 20V4000M93;1200555, 1203696, 1700568, 1704316, 1708056, 1711796;98, 453, 103, 499, 895, 1291;"{""total_rows"":6,""count_ok_importar"":6,""count_ok_eliminar"":0,""count_pending"":0,""count_review_action"":0,""count_other"":0}";import;qa_ok_importar_found
X00009406;CYLINDER HEAD COVER;;2.500 kg;import;qa_ok_importar_found;true;6;16V4000M73L, 20V4000M93L;1500421, 1503627, 1506090, 1508578, 1800511, 1804084;84, 569, 914, 1257, 1195, 1568;"{""total_rows"":6,""count_ok_importar"":6,""count_ok_eliminar"":0,""count_pending"":0,""count_review_action"":0,""count_other"":0}";import;qa_ok_importar_found
X00009917;GASKET;;0.001 KGM;import;qa_ok_importar_found;true;64;12V4000M53, 16V4000M73, 16V4000M73L, 20V4000M93, 20V4000M93L;1201624, 1201654, 1204763, 1204793, 1401766, 1401818, 1404935, 1404987, 1408113, 1408165, 1411291, 1411344, 1501207, 1504414, 1506877, 1509363, 1701991, 1701994, 1702039, 1702042, 1702083, 1702086, 1702124, 1702127, 1705731, 1705734, 1705779, 1705782, 1705823, 1705826, 1705864, 1705867, 1709471, 1709474, 1709519, 1709522, 1709563, 1709566, 1709604, 1709607, 1713216, 1713219, 1713263, 1713266, 1713307, 1713310, 1713347, 1713350, 1801716, 1801719, 1801745, 1801748, 1801791, 1801794, 1801828, 1801831, 1805375, 1805378, 1805404, 1805407, 1805450, 1805453, 1805487, 1805490;216, 217, 571, 572, 234, 235, 588, 589, 943, 944, 1297, 1298, 195, 681, 1026, 1364, 251, 252, 253, 647, 648, 649, 1043, 1044, 1045, 1439, 1440, 1441, 1331, 1332, 1333, 1711, 1712, 1713;"{""total_rows"":64,""count_ok_importar"":64,""count_ok_eliminar"":0,""count_pending"":0,""count_review_action"":0,""count_other"":0}";import;qa_ok_importar_found
X00010021;CONTROL LEVER ROS 07-05 (EMV MODIFIZIERT);;;import;qa_ok_importar_found;true;1;16V4000M90;1602887;419;"{""total_rows"":1,""count_ok_importar"":1,""count_ok_eliminar"":0,""count_pending"":0,""count_review_action"":0,""count_other"":0}";import;qa_ok_importar_found
X00010351;CONTROL CONSOLE IN ENGINE ROOM;360 X 270 X 180;12 KG;import;qa_ok_importar_found;true;4;12V4000M70, 16V4000M73L, 16V4000M90;1905253, 1503107, 1511336, 1602744;795, 473, 1670, 401;"{""total_rows"":4,""count_ok_importar"":4,""count_ok_eliminar"":0,""count_pending"":0,""count_review_action"":0,""count_other"":0}";import;qa_ok_importar_found
X00010426;RING CARRIER;;0.018 KGM;import;qa_ok_importar_found;true;56;12V4000M40A, 12V4000M53, 12V4000M70, 16V4000M61, 16V4000M73, 16V4000M73L, 16V4000M90, 20V4000M93, 20V4000M93L;1102448, 1102449, 1200882, 1200936, 1204022, 1204076, 1900797, 1900840, 1903239, 1903282, 1300684, 1300737, 1303595, 1303648, 1400903, 1400973, 1404072, 1404142, 1407238, 1407308, 1410416, 1410486, 1500714, 1500782, 1503920, 1503988, 1506383, 1506451, 1508871, 1508938, 1600801, 1600856, 1700898, 1700968, 1701029, 1701090, 1704644, 1704711, 1704770, 1704829, 1708381, 1708451, 1708510, 1708569, 1712128, 1712198, 1712258, 1712318, 1800852, 1800922, 1800983, 1801045, 1804458, 1804528, 1804589, 1804651;122, 128, 134, 483, 489, 131, 135, 470, 474, 117, 123, 621, 627, 140, 147, 494, 501, 848, 855, 1203, 1210, 126, 133, 611, 618, 956, 963, 1299, 1305, 129, 150, 153, 536, 543, 546, 549, 932, 939, 942, 945, 1328, 1335, 1338, 1341, 1238, 1245, 1248, 1251, 1615, 1622, 1625, 1628;"{""total_rows"":56,""count_ok_importar"":56,""count_ok_eliminar"":0,""count_pending"":0,""count_review_action"":0,""count_other"":0}";import;qa_ok_importar_found
X00010427;WASHER;;0.046 KGM;import;qa_ok_importar_found;true;56;12V4000M40A, 12V4000M53, 12V4000M70, 16V4000M61, 16V4000M73, 16V4000M73L, 16V4000M90, 20V4000M93, 20V4000M93L;1102450, 1102451, 1200873, 1200927, 1204013, 1204067, 1900774, 1900817, 1903216, 1903259, 1300677, 1300729, 1303588, 1303640, 1400879, 1400949, 1404045, 1404115, 1407214, 1407284, 1410392, 1410462, 1500689, 1500757, 1503895, 1503963, 1506358, 1506426, 1508846, 1508913, 1600792, 1600847, 1700874, 1700944, 1701005, 1701066, 1704617, 1704687, 1704746, 1704805, 1708357, 1708427, 1708486, 1708545, 1712104, 1712174, 1712234, 1712294, 1800829, 1800899, 1800960, 1801022, 1804435, 1804505, 1804566, 1804628;121, 127, 128, 134, 483, 489, 130, 469, 473, 116, 122, 620, 626, 140, 147, 494, 501, 848, 855, 1203, 1210, 126, 133, 611, 618, 956, 963, 1299, 1305, 150, 153, 536, 543, 546, 549, 932, 939, 942, 945, 1328, 1335, 1338, 1341, 1238, 1245, 1248, 1251, 1615, 1622, 1625, 1628;"{""total_rows"":56,""count_ok_importar"":56,""count_ok_eliminar"":0,""count_pending"":0,""count_review_action"":0,""count_other"":0}";import;qa_ok_importar_found
X00010428;WASHER;;0.057 KGM;import;qa_ok_importar_found;true;54;12V4000M40A, 12V4000M53, 12V4000M70, 16V4000M61, 16V4000M73, 16V4000M73L, 16V4000M90, 20V4000M93, 20V4000M93L;1102452, 1102453, 1200876, 1200930, 1204016, 1204070, 1900776, 1900819, 1903218, 1903261, 1300731, 1303642, 1400882, 1400952, 1404048, 1404118, 1407217, 1407287, 1410395, 1410465, 1500692, 1500760, 1503898, 1503966, 1506361, 1506429, 1508849, 1508916, 1600794, 1600849, 1700876, 1700946, 1701007, 1701068, 1704619, 1704689, 1704748, 1704807, 1708359, 1708429, 1708488, 1708547, 1712106, 1712176, 1712236, 1712296, 1800831, 1800901, 1800962, 1801024, 1804437, 1804507, 1804568, 1804630;121, 127, 128, 134, 483, 489, 130, 469, 473, 122, 626, 140, 147, 494, 501, 848, 855, 1203, 1210, 126, 133, 611, 618, 956, 963, 1299, 1305, 150, 153, 536, 543, 546, 549, 932, 939, 942, 945, 1328, 1335, 1338, 1341, 1238, 1245, 1248, 1251, 1615, 1622, 1625, 1628;"{""total_rows"":54,""count_ok_importar"":54,""count_ok_eliminar"":0,""count_pending"":0,""count_review_action"":0,""count_other"":0}";import;qa_ok_importar_found
X00011606;SOCKET-TERMINL STRIP;54X13,5X18,6, 12;13,000 g AB;import;qa_ok_importar_found;true;4;12V4000M70, 16V4000M61, 16V4000M73L;1905049, 1302405, 1502703, 1510930;748, 386, 392, 1589;"{""total_rows"":4,""count_ok_importar"":4,""count_ok_eliminar"":0,""count_pending"":0,""count_review_action"":0,""count_other"":0}";import;qa_ok_importar_found
X00012168;IMPELLER FOR SEAWATER PUMP;;2.9 KGM;import;qa_ok_importar_found;true;8;12V4000M40A, 12V4000M53, 12V4000M70, 16V4000M61, 16V4000M90;1102456, 1201829, 1204968, 1902066, 1904453, 1301688, 1304600, 1601880;280, 235, 590, 617, 261, 761, 252;"{""total_rows"":8,""count_ok_importar"":8,""count_ok_eliminar"":0,""count_pending"":0,""count_review_action"":0,""count_other"":0}";import;qa_ok_importar_found
X00012174;PMP ASM SEA WATER;nan;38,360 KG;import;qa_ok_importar_found;true;8;12V4000M40A, 12V4000M53, 12V4000M70, 16V4000M61, 16V4000M90;1102457, 1201792, 1204931, 1902025, 1904412, 1301663, 1304575, 1601851;279, 234, 589, 616, 260, 760, 250;"{""total_rows"":8,""count_ok_importar"":8,""count_ok_eliminar"":0,""count_pending"":0,""count_review_action"":0,""count_other"":0}";import;qa_ok_importar_found
X00012309/30;FLANGE;;29,800 KG;import;qa_ok_importar_found;true;1;12V4000M40A;1102458;305;"{""total_rows"":1,""count_ok_importar"":1,""count_ok_eliminar"":0,""count_pending"":0,""count_review_action"":0,""count_other"":0}";import;qa_ok_importar_found
X00012358;SEALING RING BR 4000;36 X 45 X 2;36 X 45 X 2;import;qa_ok_importar_found;true;14;16V4000M73, 16V4000M73L, 20V4000M93, 20V4000M93L;1401705, 1404874, 1408052, 1411230, 1501501, 1504708, 1507171, 1509659, 1701889, 1705629, 1709369, 1713114, 1802047, 1805706;226, 580, 935, 1289, 222, 708, 1053, 1390, 240, 636, 1032, 1428, 1351, 1731;"{""total_rows"":14,""count_ok_importar"":14,""count_ok_eliminar"":0,""count_pending"":0,""count_review_action"":0,""count_other"":0}";import;qa_ok_importar_found
X00012879;FUEL FILTER SPIN-ON;nan;1.36 KGM;import;qa_ok_importar_found;true;6;12V4000M40A, 12V4000M70, 16V4000M61, 16V4000M90;1102459, 1900665, 1903107, 1300592, 1303515, 1600749;107, 116, 455, 98, 605, 123;"{""total_rows"":6,""count_ok_importar"":6,""count_ok_eliminar"":0,""count_pending"":0,""count_review_action"":0,""count_other"":0}";import;qa_ok_importar_found
X00014417;COVER;;28.97 KGM;import;qa_ok_importar_found;true;5;12V4000M70, 16V4000M61, 16V4000M90;1900314, 1902754, 1300302, 1303224, 1600330;65, 404, 49, 556, 60;"{""total_rows"":5,""count_ok_importar"":5,""count_ok_eliminar"":0,""count_pending"":0,""count_review_action"":0,""count_other"":0}";import;qa_ok_importar_found
X00016024;CRANKSHAFT BEARING;nan;0.392 KGM;import;qa_ok_importar_found;true;8;12V4000M53, 12V4000M70, 20V4000M93;1200358, 1203499, 1900234, 1902674, 1700353, 1704097, 1707837, 1711577;58, 413, 57, 396, 61, 457, 853, 1249;"{""total_rows"":8,""count_ok_importar"":8,""count_ok_eliminar"":0,""count_pending"":0,""count_review_action"":0,""count_other"":0}";import;qa_ok_importar_found
X00018258;PLUG-IN BOARD;SAB 1-03;0.046 KGM;import;qa_ok_importar_found;true;1;12V4000M40A;1102470;360;"{""total_rows"":1,""count_ok_importar"":1,""count_ok_eliminar"":0,""count_pending"":0,""count_review_action"":0,""count_other"":0}";import;qa_ok_importar_found
X00018307;MAGNETIC NUT;M16X1.5 LH;0.091 KGM;import;qa_ok_importar_found;true;44;12V4000M53, 16V4000M73, 16V4000M73L, 20V4000M93, 20V4000M93L;1200885, 1200939, 1204025, 1204079, 1400902, 1400972, 1404071, 1404141, 1407237, 1407307, 1410415, 1410485, 1500713, 1500781, 1503919, 1503987, 1506382, 1506450, 1508870, 1508937, 1700897, 1700967, 1701028, 1701089, 1704640, 1704710, 1704769, 1704828, 1708380, 1708450, 1708509, 1708568, 1712127, 1712197, 1712257, 1712317, 1800851, 1800921, 1800981, 1801044, 1804457, 1804527, 1804587, 1804650;128, 134, 483, 489, 140, 147, 494, 501, 848, 855, 1203, 1210, 126, 133, 611, 618, 956, 963, 1299, 1305, 150, 153, 536, 543, 546, 549, 932, 939, 942, 945, 1328, 1335, 1338, 1341, 1238, 1245, 1248, 1251, 1615, 1622, 1625, 1628;"{""total_rows"":44,""count_ok_importar"":44,""count_ok_eliminar"":0,""count_pending"":0,""count_review_action"":0,""count_other"":0}";import;qa_ok_importar_found
X00018621;R/SHFT SUPT;;3.600 kg;import;qa_ok_importar_found;true;13;16V4000M61, 16V4000M73, 16V4000M73L, 16V4000M90, 20V4000M93L;1300415, 1303337, 1400528, 1403696, 1406865, 1410043, 1500407, 1503613, 1506076, 1508564, 1600443, 1800494, 1804067;74, 581, 93, 447, 801, 1156, 80, 565, 910, 1253, 86, 1191, 1564;"{""total_rows"":13,""count_ok_importar"":13,""count_ok_eliminar"":0,""count_pending"":0,""count_review_action"":0,""count_other"":0}";import;qa_ok_importar_found
X00018622;ROCKER SHAFT SUPPORT;;;import;qa_ok_importar_found;true;13;16V4000M61, 16V4000M73, 16V4000M73L, 16V4000M90, 20V4000M93L;1300419, 1303341, 1400533, 1403701, 1406870, 1410048, 1500411, 1503617, 1506080, 1508568, 1600448, 1800499, 1804072;75, 582, 94, 448, 802, 1157, 81, 566, 911, 1254, 87, 1192, 1565;"{""total_rows"":13,""count_ok_importar"":13,""count_ok_eliminar"":0,""count_pending"":0,""count_review_action"":0,""count_other"":0}";import;qa_ok_importar_found
X00018636;RKR ARM ASM;;6,470 KG;import;qa_ok_importar_found;true;3;16V4000M61, 16V4000M90;1300390, 1303312, 1600417;70, 577, 82;"{""total_rows"":3,""count_ok_importar"":3,""count_ok_eliminar"":0,""count_pending"":0,""count_review_action"":0,""count_other"":0}";import;qa_ok_importar_found
X00019778;STARTER FOR COMPRESSED AIR;;;import;qa_ok_importar_found;true;3;12V4000M40A, 16V4000M61;1102475, 1300985, 1303896;169, 172, 675;"{""total_rows"":3,""count_ok_importar"":3,""count_ok_eliminar"":0,""count_pending"":0,""count_review_action"":0,""count_other"":0}";import;qa_ok_importar_found
X00021061;PLUG-IN BOARD;"MEM8-01;";;import;qa_ok_importar_found;true;1;16V4000M61;1302726;455;"{""total_rows"":1,""count_ok_importar"":1,""count_ok_eliminar"":0,""count_pending"":0,""count_review_action"":0,""count_other"":0}";import;qa_ok_importar_found
X00021061/76;PLUG-IN CIRC.BOARD NOT ADJUSTED;MEM8-01;0.06 KGM;import;qa_ok_importar_found;true;1;16V4000M61;1302728;456;"{""total_rows"":1,""count_ok_importar"":1,""count_ok_eliminar"":0,""count_pending"":0,""count_review_action"":0,""count_other"":0}";import;qa_ok_importar_found
X00021634;GEAR CAMSHAFT;;15,500 KG;import;qa_ok_importar_found;true;4;12V4000M40A, 16V4000M61, 16V4000M90;1102477, 1300381, 1303303, 1600409;69, 67, 574, 79;"{""total_rows"":4,""count_ok_importar"":4,""count_ok_eliminar"":0,""count_pending"":0,""count_review_action"":0,""count_other"":0}";import;qa_ok_importar_found
X00021750;GEAR;;1,770 KG;import;qa_ok_importar_found;true;12;12V4000M40A, 12V4000M53, 12V4000M70, 16V4000M61, 16V4000M90;1102478, 1102479, 1201834, 1204973, 1901915, 1902071, 1904302, 1904458, 1301693, 1304605, 1601488, 1601885;247, 280, 235, 590, 260, 597, 617, 261, 761, 213, 252;"{""total_rows"":12,""count_ok_importar"":12,""count_ok_eliminar"":0,""count_pending"":0,""count_review_action"":0,""count_other"":0}";import;qa_ok_importar_found
X00021757;GEAR;;0.438 KGM;import;qa_ok_importar_found;true;3;12V4000M53, 16V4000M90;1202348, 1205489, 1601980;284, 641, 268;"{""total_rows"":3,""count_ok_importar"":3,""count_ok_eliminar"":0,""count_pending"":0,""count_review_action"":0,""count_other"":0}";import;qa_ok_importar_found
X00021778;F/W HSG ASM;;246.500 kg;import;qa_ok_importar_found;true;14;16V4000M73, 16V4000M73L, 20V4000M93, 20V4000M93L;1400143, 1403314, 1406483, 1409661, 1500100, 1503306, 1505769, 1508256, 1700143, 1703888, 1707628, 1711368, 1800132, 1803704;38, 392, 746, 1101, 27, 512, 857, 1200, 36, 432, 828, 1224, 1138, 1511;"{""total_rows"":14,""count_ok_importar"":14,""count_ok_eliminar"":0,""count_pending"":0,""count_review_action"":0,""count_other"":0}";import;qa_ok_importar_found
X00021778/75;FLYWHEEL HOUSING PRIMED;;165,000 kg;import;qa_ok_importar_found;true;2;12V4000M53;1200135, 1203277;35, 390;"{""total_rows"":2,""count_ok_importar"":2,""count_ok_eliminar"":0,""count_pending"":0,""count_review_action"":0,""count_other"":0}";import;qa_ok_importar_found
X00022214;RETAINER;;1.9 KGM;import;qa_ok_importar_found;true;6;20V4000M93, 20V4000M93L;1700544, 1704292, 1708032, 1711772, 1800516, 1804089;97, 493, 889, 1285, 1197, 1570;"{""total_rows"":6,""count_ok_importar"":6,""count_ok_eliminar"":0,""count_pending"":0,""count_review_action"":0,""count_other"":0}";import;qa_ok_importar_found
X00026227;VALVE FUEL PRESSURE RELIEF 1550 BAR;;1.37 KGM;import;qa_ok_importar_found;true;6;12V4000M40A, 12V4000M70, 16V4000M61, 16V4000M90;1102499, 1900526, 1902966, 1300496, 1303419, 1600529;92, 106, 445, 90, 597, 102;"{""total_rows"":6,""count_ok_importar"":6,""count_ok_eliminar"":0,""count_pending"":0,""count_review_action"":0,""count_other"":0}";import;qa_ok_importar_found
X00026303;PLUG-IN BOARD;ROB1-01/A,;0.035 KGM;import;qa_ok_importar_found;true;6;12V4000M70, 16V4000M61, 16V4000M73L, 16V4000M90;1904947, 1301877, 1302446, 1502219, 1510793, 1602507;718, 314, 393, 324, 1558, 336;"{""total_rows"":6,""count_ok_importar"":6,""count_ok_eliminar"":0,""count_pending"":0,""count_review_action"":0,""count_other"":0}";import;qa_ok_importar_found
X00026945;CABLE CLAMP;M.STECKFUSS F. M8 AUSSENVERZAHN;0.001 KGM;import;qa_ok_importar_found;true;8;16V4000M73, 16V4000M73L;1402882, 1406051, 1409229, 1412432, 1502392, 1505429, 1507922, 1510412;331, 685, 1040, 1394, 343, 805, 1148, 1483;"{""total_rows"":8,""count_ok_importar"":8,""count_ok_eliminar"":0,""count_pending"":0,""count_review_action"":0,""count_other"":0}";import;qa_ok_importar_found
X00026990;RAIL FUEL HIGH PRESS DOUBLE WALL A-BANK;;55.000 kg EM;import;qa_ok_importar_found;true;8;16V4000M73, 16V4000M73L;1400582, 1403752, 1406921, 1410099, 1500450, 1503656, 1506119, 1508607;106, 460, 814, 1169, 92, 577, 922, 1265;"{""total_rows"":8,""count_ok_importar"":8,""count_ok_eliminar"":0,""count_pending"":0,""count_review_action"":0,""count_other"":0}";import;qa_ok_importar_found
X00026991;RAIL FUEL HIGH PRESS DOUBLE WALL B-BANK;;54.500 kg EM;import;qa_ok_importar_found;true;8;16V4000M73, 16V4000M73L;1400583, 1403753, 1406922, 1410100, 1500451, 1503657, 1506120, 1508608;106, 460, 814, 1169, 92, 577, 922, 1265;"{""total_rows"":8,""count_ok_importar"":8,""count_ok_eliminar"":0,""count_pending"":0,""count_review_action"":0,""count_other"":0}";import;qa_ok_importar_found
X00027068;TUBE FUEL DOUBLE WALL;;299.000 g EM;import;qa_ok_importar_found;true;2;20V4000M93L;1800559, 1804130;1204, 1577;"{""total_rows"":2,""count_ok_importar"":2,""count_ok_eliminar"":0,""count_pending"":0,""count_review_action"":0,""count_other"":0}";import;qa_ok_importar_found
X00028593;PLATE FLANGE VIB DAMPER HSG;;;import;qa_ok_importar_found;true;8;16V4000M73, 16V4000M73L;1400408, 1403574, 1406743, 1409921, 1500308, 1503514, 1505977, 1508464;68, 422, 776, 1131, 55, 540, 885, 1228;"{""total_rows"":8,""count_ok_importar"":8,""count_ok_eliminar"":0,""count_pending"":0,""count_review_action"":0,""count_other"":0}";import;qa_ok_importar_found
X00029037;CRANKSHAFT 16V-12CWT-STROKE190;;;import;qa_ok_importar_found;true;8;16V4000M73, 16V4000M73L;1400359, 1403526, 1406695, 1409873, 1500258, 1503464, 1505927, 1508414;61, 415, 769, 1124, 48, 533, 878, 1221;"{""total_rows"":8,""count_ok_importar"":8,""count_ok_eliminar"":0,""count_pending"":0,""count_review_action"":0,""count_other"":0}";import;qa_ok_importar_found
X00029037/31;CRANKSHAFT LR ACCEPTANCE 16V-12CWT-STROKE190;;617.000;import;qa_ok_importar_found;true;4;16V4000M73;1400357, 1403524, 1406693, 1409871;60, 414, 768, 1123;"{""total_rows"":4,""count_ok_importar"":4,""count_ok_eliminar"":0,""count_pending"":0,""count_review_action"":0,""count_other"":0}";import;qa_ok_importar_found
X00030047;HOUSING WAT PUMP SPIRAL;;11,220 KG;import;qa_ok_importar_found;true;6;12V4000M40A, 12V4000M70, 16V4000M61, 16V4000M90;1102501, 1901913, 1904300, 1301545, 1304458, 1601486;247, 260, 597, 239, 740, 213;"{""total_rows"":6,""count_ok_importar"":6,""count_ok_eliminar"":0,""count_pending"":0,""count_review_action"":0,""count_other"":0}";import;qa_ok_importar_found
X00030151/30;INTERMEDIATE FLANGE;;44,500 KG;import;qa_ok_importar_found;true;1;12V4000M40A;1102502;305;"{""total_rows"":1,""count_ok_importar"":1,""count_ok_eliminar"":0,""count_pending"":0,""count_review_action"":0,""count_other"":0}";import;qa_ok_importar_found
X00030152/30;RING;;10,360 KG;import;qa_ok_importar_found;true;1;12V4000M40A;1102503;305;"{""total_rows"":1,""count_ok_importar"":1,""count_ok_eliminar"":0,""count_pending"":0,""count_review_action"":0,""count_other"":0}";import;qa_ok_importar_found
X00030153/30;FLANGE;;14,600 KG;import;qa_ok_importar_found;true;1;12V4000M40A;1102504;305;"{""total_rows"":1,""count_ok_importar"":1,""count_ok_eliminar"":0,""count_pending"":0,""count_review_action"":0,""count_other"":0}";import;qa_ok_importar_found
X00031025;CLAMP;;0.25 KGM;import;qa_ok_importar_found;true;8;20V4000M93L;1800842, 1800912, 1800973, 1801035, 1804448, 1804518, 1804579, 1804641;1238, 1245, 1248, 1251, 1615, 1622, 1625, 1628;"{""total_rows"":8,""count_ok_importar"":8,""count_ok_eliminar"":0,""count_pending"":0,""count_review_action"":0,""count_other"":0}";import;qa_ok_importar_found
X00031095;LEVEL MONITOR;TAU;180.000 gAB PLCA-50 UB-VERHALTEN;import;qa_ok_importar_found;true;2;12V4000M40A, 16V4000M90;1102505, 1602152;345, 302;"{""total_rows"":2,""count_ok_importar"":2,""count_ok_eliminar"":0,""count_pending"":0,""count_review_action"":0,""count_other"":0}";import;qa_ok_importar_found
X00031104;LEVEL MONITOR;WASSERSONDE DYN.UB-VERHALTEN;175.000 gAB PLCA-50 DYN.UB-VERHALTEN;import;qa_ok_importar_found;true;2;12V4000M40A, 16V4000M90;1102506, 1602139;345, 302;"{""total_rows"":2,""count_ok_importar"":2,""count_ok_eliminar"":0,""count_pending"":0,""count_review_action"":0,""count_other"":0}";import;qa_ok_importar_found
X00031805;SEALING RING BR 8000;;A13X18,0X1,5 DIN7603;import;qa_ok_importar_found;true;3;16V4000M73;1401653, 1404822, 1408000;222, 576, 931;"{""total_rows"":3,""count_ok_importar"":3,""count_ok_eliminar"":0,""count_pending"":0,""count_review_action"":0,""count_other"":0}";import;qa_ok_importar_found
X00032042;CONNECTING PIECE;;559.400 g SB;import;qa_ok_importar_found;true;10;16V4000M73, 20V4000M93, 20V4000M93L;1400615, 1403784, 1406953, 1410131, 1700613, 1704359, 1708099, 1711839, 1800591, 1804163;115, 469, 823, 1178, 511, 907, 1303, 1215, 1588;"{""total_rows"":10,""count_ok_importar"":10,""count_ok_eliminar"":0,""count_pending"":0,""count_review_action"":0,""count_other"":0}";import;qa_ok_importar_found
X00033211;CLAMP;;0.255 KGM;import;qa_ok_importar_found;true;8;12V4000M40A, 16V4000M61, 16V4000M90;1102507, 1102508, 1300664, 1300733, 1303575, 1303644, 1600795, 1600850;122, 128, 116, 123, 620, 627, 129, 135;"{""total_rows"":8,""count_ok_importar"":8,""count_ok_eliminar"":0,""count_pending"":0,""count_review_action"":0,""count_other"":0}";import;qa_ok_importar_found
X00033292;ELBOW;;1.348 KGM;import;qa_ok_importar_found;true;4;12V4000M70, 16V4000M61;1900890, 1903332, 1300759, 1303670;139, 478, 127, 631;"{""total_rows"":4,""count_ok_importar"":4,""count_ok_eliminar"":0,""count_pending"":0,""count_review_action"":0,""count_other"":0}";import;qa_ok_importar_found
X00033644;NOZZLE LUBE OIL SPRAY;;249 G;import;qa_ok_importar_found;true;5;12V4000M40A, 16V4000M61, 16V4000M90;1102510, 1301146, 1304059, 1601262, 1601272;195, 190, 692, 185;"{""total_rows"":5,""count_ok_importar"":5,""count_ok_eliminar"":0,""count_pending"":0,""count_review_action"":0,""count_other"":0}";import;qa_ok_importar_found
X00033645;BLOCK PSTN LUBE NOZZLE SUPT W/THRU HOLE;;166,600 G;import;qa_ok_importar_found;true;5;12V4000M40A, 16V4000M61, 16V4000M90;1102511, 1301143, 1304056, 1601259, 1601269;195, 190, 692, 185;"{""total_rows"":5,""count_ok_importar"":5,""count_ok_eliminar"":0,""count_pending"":0,""count_review_action"":0,""count_other"":0}";import;qa_ok_importar_found
X00033646;BLK PSTN LUBE NOZZLE SUPT W/O THRU HOLE;;185.000 g;import;qa_ok_importar_found;true;5;12V4000M40A, 16V4000M61, 16V4000M90;1102512, 1301142, 1304055, 1601258, 1601268;195, 190, 692, 185;"{""total_rows"":5,""count_ok_importar"":5,""count_ok_eliminar"":0,""count_pending"":0,""count_review_action"":0,""count_other"":0}";import;qa_ok_importar_found
X00034039;BOLT;;0.57 KGM;import;qa_ok_importar_found;true;5;12V4000M70, 16V4000M61, 16V4000M90;1902138, 1904525, 1301785, 1304697, 1602013;296, 633, 282, 781, 275;"{""total_rows"":5,""count_ok_importar"":5,""count_ok_eliminar"":0,""count_pending"":0,""count_review_action"":0,""count_other"":0}";import;qa_ok_importar_found
X00034054;SHIM;;;import;qa_ok_importar_found;true;5;12V4000M70, 16V4000M61, 16V4000M90;1902130, 1904517, 1301777, 1304689, 1602007;296, 633, 282, 781, 275;"{""total_rows"":5,""count_ok_importar"":5,""count_ok_eliminar"":0,""count_pending"":0,""count_review_action"":0,""count_other"":0}";import;qa_ok_importar_found
X00034057;LOCKING DEVICE 4000;;;import;qa_ok_importar_found;true;18;12V4000M53, 12V4000M70, 16V4000M61, 16V4000M73, 16V4000M73L, 20V4000M93;1202381, 1205522, 1902133, 1904520, 1301780, 1304692, 1402569, 1405738, 1408916, 1412118, 1502040, 1505247, 1507704, 1510193, 1702979, 1706719, 1710459, 1714201;291, 648, 296, 633, 282, 781, 307, 661, 1016, 1370, 288, 774, 1116, 1451, 326, 722, 1118, 1514;"{""total_rows"":18,""count_ok_importar"":18,""count_ok_eliminar"":0,""count_pending"":0,""count_review_action"":0,""count_other"":0}";import;qa_ok_importar_found
X00034058;LOCKING DEVICE;;;import;qa_ok_importar_found;true;12;12V4000M53, 12V4000M70, 16V4000M61, 16V4000M73, 16V4000M73L, 20V4000M93;1202382, 1205523, 1902134, 1904521, 1301781, 1304693, 1412119, 1502041, 1505248, 1507705, 1510194, 1714202;291, 648, 296, 633, 282, 781, 1370, 288, 774, 1116, 1451, 1514;"{""total_rows"":12,""count_ok_importar"":12,""count_ok_eliminar"":0,""count_pending"":0,""count_review_action"":0,""count_other"":0}";import;qa_ok_importar_found
X00034289;VIBRATION DAMPER HSG;;71.4 KGM;import;qa_ok_importar_found;true;6;20V4000M93, 20V4000M93L;1700396, 1704141, 1707881, 1711621, 1800386, 1803959;65, 461, 857, 1253, 1165, 1538;"{""total_rows"":6,""count_ok_importar"":6,""count_ok_eliminar"":0,""count_pending"":0,""count_review_action"":0,""count_other"":0}";import;qa_ok_importar_found
X00034966;PRESS RELIEF VALVE FOR 12V;;;import;qa_ok_importar_found;true;2;12V4000M53;1200578, 1203719;101, 456;"{""total_rows"":2,""count_ok_importar"":2,""count_ok_eliminar"":0,""count_pending"":0,""count_review_action"":0,""count_other"":0}";import;qa_ok_importar_found
X00034967;VLV PRSR RELIEF 2000 BAR 16V/20V4000-03;;1.500 kg EM;import;qa_ok_importar_found;true;14;16V4000M73, 16V4000M73L, 20V4000M93, 20V4000M93L;1400585, 1403755, 1406924, 1410102, 1500455, 1503661, 1506124, 1508612, 1700580, 1704328, 1708068, 1711808, 1800547, 1804117;106, 460, 814, 1169, 92, 577, 922, 1265, 105, 501, 897, 1293, 1203, 1576;"{""total_rows"":14,""count_ok_importar"":14,""count_ok_eliminar"":0,""count_pending"":0,""count_review_action"":0,""count_other"":0}";import;qa_ok_importar_found
X00034974;TUBE FUEL LOW PRESSU RE RETURN;;0.063 KGM;import;qa_ok_importar_found;true;16;12V4000M53, 16V4000M73, 16V4000M73L, 20V4000M93, 20V4000M93L;1200738, 1203877, 1400807, 1403976, 1407145, 1410323, 1500635, 1503841, 1506304, 1508792, 1700792, 1704538, 1708278, 1712021, 1800765, 1804371;111, 466, 131, 485, 839, 1194, 117, 602, 947, 1290, 130, 526, 922, 1318, 1230, 1607;"{""total_rows"":16,""count_ok_importar"":16,""count_ok_eliminar"":0,""count_pending"":0,""count_review_action"":0,""count_other"":0}";import;qa_ok_importar_found
X00035257;O-RING;7 X 208;5.000 g 7 X 208;import;qa_ok_importar_found;true;10;12V4000M53, 16V4000M73, 16V4000M73L;1200403, 1203543, 1400418, 1403584, 1406753, 1409931, 1500311, 1503517, 1505980, 1508467;64, 419, 69, 423, 777, 1132, 56, 541, 886, 1229;"{""total_rows"":10,""count_ok_importar"":10,""count_ok_eliminar"":0,""count_pending"":0,""count_review_action"":0,""count_other"":0}";import;qa_ok_importar_found
X00035420;HP FUEL LINE JACKETED;;4.649 kg EM;import;qa_ok_importar_found;true;2;20V4000M93L;1800533, 1804104;1203, 1576;"{""total_rows"":2,""count_ok_importar"":2,""count_ok_eliminar"":0,""count_pending"":0,""count_review_action"":0,""count_other"":0}";import;qa_ok_importar_found
X00035421;HP FUEL LINE DOUBLE-WALLED, LEFT;;3.173 kg EM;import;qa_ok_importar_found;true;2;20V4000M93L;1800550, 1804120;1203, 1576;"{""total_rows"":2,""count_ok_importar"":2,""count_ok_eliminar"":0,""count_pending"":0,""count_review_action"":0,""count_other"":0}";import;qa_ok_importar_found
X00035422;HP FUEL LINE DOUBLE-WALLED, RIGH;;5.594 kg EM;import;qa_ok_importar_found;true;2;20V4000M93L;1800551, 1804122;1203, 1576;"{""total_rows"":2,""count_ok_importar"":2,""count_ok_eliminar"":0,""count_pending"":0,""count_review_action"":0,""count_other"":0}";import;qa_ok_importar_found
X00035690;PISTON EPSILON 15.2;;;import;qa_ok_importar_found;true;14;16V4000M73, 16V4000M73L, 20V4000M93, 20V4000M93L;1400433, 1403599, 1406768, 1409946, 1500319, 1503525, 1505988, 1508475, 1700415, 1704162, 1707902, 1711642, 1800405, 1803977;73, 427, 781, 1136, 60, 545, 890, 1233, 71, 467, 863, 1259, 1171, 1544;"{""total_rows"":14,""count_ok_importar"":14,""count_ok_eliminar"":0,""count_pending"":0,""count_review_action"":0,""count_other"":0}";import;qa_ok_importar_found
X00035844;FUEL PUMP;;80.000 kg 50 HZ;import;qa_ok_importar_found;true;1;20V4000M93L;1806783;1830;"{""total_rows"":1,""count_ok_importar"":1,""count_ok_eliminar"":0,""count_pending"":0,""count_review_action"":0,""count_other"":0}";import;qa_ok_importar_found
X00036161;FUEL FILTER;;;import;qa_ok_importar_found;true;1;20V4000M93L;1804235;1594;"{""total_rows"":1,""count_ok_importar"":1,""count_ok_eliminar"":0,""count_pending"":0,""count_review_action"":0,""count_other"":0}";import;qa_ok_importar_found
X00036684;COOLANT PUMP;;30.750 kg;import;qa_ok_importar_found;true;14;16V4000M73, 16V4000M73L, 20V4000M93, 20V4000M93L;1401891, 1405060, 1408238, 1411419, 1501915, 1505122, 1507585, 1510074, 1702221, 1705961, 1709701, 1713445, 1802223, 1805882;248, 602, 957, 1311, 260, 746, 1091, 1427, 268, 664, 1060, 1456, 1371, 1751;"{""total_rows"":14,""count_ok_importar"":14,""count_ok_eliminar"":0,""count_pending"":0,""count_review_action"":0,""count_other"":0}";import;qa_ok_importar_found
X00036967;FUEL PUMP;;;import;qa_ok_importar_found;true;2;16V4000M73L;1502075, 1510713;298, 1548;"{""total_rows"":2,""count_ok_importar"":2,""count_ok_eliminar"":0,""count_pending"":0,""count_review_action"":0,""count_other"":0}";import;qa_ok_importar_found
X00037017;IMPELLER FOR SEAWATER PUMP;;;import;qa_ok_importar_found;true;14;16V4000M73, 16V4000M73L, 20V4000M93, 20V4000M93L;1402475, 1405644, 1408822, 1412023, 1501893, 1505100, 1507563, 1510052, 1702892, 1706632, 1710372, 1714113, 1802954, 1806613;294, 648, 1003, 1357, 256, 742, 1087, 1423, 310, 706, 1102, 1498, 1419, 1799;"{""total_rows"":14,""count_ok_importar"":14,""count_ok_eliminar"":0,""count_pending"":0,""count_review_action"":0,""count_other"":0}";import;qa_ok_importar_found
X00038367;FUEL FILTER;;;import;qa_ok_importar_found;true;2;16V4000M73L;1502096, 1510734;301, 1551;"{""total_rows"":2,""count_ok_importar"":2,""count_ok_eliminar"":0,""count_pending"":0,""count_review_action"":0,""count_other"":0}";import;qa_ok_importar_found
X00038494;FILTER ELEMENT;FC 001-040, 4120;2.360 kg;import;qa_ok_importar_found;true;4;16V4000M73L, 16V4000M90, 20V4000M93L;1502097, 1510735, 1600556, 1804236;302, 1552, 113, 1596;"{""total_rows"":4,""count_ok_importar"":4,""count_ok_eliminar"":0,""count_pending"":0,""count_review_action"":0,""count_other"":0}";import;qa_ok_importar_found
X00038564;ELBOW;;12.870 kg;import;qa_ok_importar_found;true;16;12V4000M53, 16V4000M73, 16V4000M73L, 20V4000M93, 20V4000M93L;1202059, 1205198, 1401892, 1405061, 1408239, 1411420, 1501916, 1505123, 1507586, 1510075, 1702222, 1705962, 1709702, 1713446, 1802224, 1805883;247, 602, 248, 957, 1311, 260, 746, 1091, 1427, 268, 664, 1060, 1456, 1371, 1751;"{""total_rows"":16,""count_ok_importar"":16,""count_ok_eliminar"":0,""count_pending"":0,""count_review_action"":0,""count_other"":0}";import;qa_ok_importar_found
X00038945;PRESSURE SEN SOR;M14X1,5,DICHTKEGEL,SW=27,;117.400 gAB EMM14X1,5,DICHTKEGEL, SW=27,;import;qa_ok_importar_found;true;4;12V4000M40A, 16V4000M61, 16V4000M90;1102518, 1302003, 1304774, 1602143;345, 337, 806, 302;"{""total_rows"":4,""count_ok_importar"":4,""count_ok_eliminar"":0,""count_pending"":0,""count_review_action"":0,""count_other"":0}";import;qa_ok_importar_found
X00038983;BUSHING THREADED M42;;0.188 KGM;import;qa_ok_importar_found;true;2;12V4000M53;1202027, 1205166;243, 598;"{""total_rows"":2,""count_ok_importar"":2,""count_ok_eliminar"":0,""count_pending"":0,""count_review_action"":0,""count_other"":0}";import;qa_ok_importar_found
X00039514;EXHAUST TURBOCHARGER RIGHT SIDE;;76,200 KG EM;import;qa_ok_importar_found;true;1;12V4000M40A;1102519;120;"{""total_rows"":1,""count_ok_importar"":1,""count_ok_eliminar"":0,""count_pending"":0,""count_review_action"":0,""count_other"":0}";import;qa_ok_importar_found
X00039517;EXHAUST TURBOCHARGER LEFT SIDE;;;import;qa_ok_importar_found;true;1;12V4000M40A;1102520;126;"{""total_rows"":1,""count_ok_importar"":1,""count_ok_eliminar"":0,""count_pending"":0,""count_review_action"":0,""count_other"":0}";import;qa_ok_importar_found
X00039766;TUBE OIL MARINE;;0.47 KGM;import;qa_ok_importar_found;true;21;12V4000M40A, 12V4000M53, 12V4000M70, 16V4000M61, 16V4000M73, 16V4000M73L, 20V4000M93, 20V4000M93L;1102521, 1201703, 1204842, 1901603, 1903990, 1301328, 1304241, 1401854, 1405023, 1408201, 1411381, 1501552, 1504759, 1507222, 1509710, 1702178, 1705918, 1709658, 1713402, 1802175, 1805834;224, 223, 578, 236, 573, 214, 716, 241, 595, 950, 1304, 229, 715, 1060, 1397, 259, 655, 1051, 1447, 1364, 1744;"{""total_rows"":21,""count_ok_importar"":21,""count_ok_eliminar"":0,""count_pending"":0,""count_review_action"":0,""count_other"":0}";import;qa_ok_importar_found
X00039767;TUBE OIL MARINE;;0.44 KGM;import;qa_ok_importar_found;true;5;12V4000M40A, 16V4000M61, 20V4000M93L;1102522, 1301327, 1304240, 1802170, 1805829;224, 214, 716, 1364, 1744;"{""total_rows"":5,""count_ok_importar"":5,""count_ok_eliminar"":0,""count_pending"":0,""count_review_action"":0,""count_other"":0}";import;qa_ok_importar_found
X00039852;FILTER HEAD FOR FUEL FILTER 1;nan;nan;import;qa_ok_importar_found;true;6;12V4000M40A, 12V4000M70, 16V4000M61, 16V4000M90;1102523, 1900666, 1903108, 1300593, 1303516, 1600750;107, 116, 455, 98, 605, 123;"{""total_rows"":6,""count_ok_importar"":6,""count_ok_eliminar"":0,""count_pending"":0,""count_review_action"":0,""count_other"":0}";import;qa_ok_importar_found
X00040054/42;CONROD ASM;;9.510 kg EM;import;qa_ok_importar_found;true;2;12V4000M40A, 16V4000M90;1102524, 1600367;60, 70;"{""total_rows"":2,""count_ok_importar"":2,""count_ok_eliminar"":0,""count_pending"":0,""count_review_action"":0,""count_other"":0}";import;qa_ok_importar_found
X00040625;COVER FOR SOLAS;nan;7,000 g;import;qa_ok_importar_found;true;8;12V4000M40A, 12V4000M53, 12V4000M70, 16V4000M61, 16V4000M90;1102527, 1201362, 1204501, 1901440, 1903827, 1301191, 1304104, 1601318;198, 191, 546, 212, 549, 195, 697, 190;"{""total_rows"":8,""count_ok_importar"":8,""count_ok_eliminar"":0,""count_pending"":0,""count_review_action"":0,""count_other"":0}";import;qa_ok_importar_found
X00040708;BUSHING;;325.200 g;import;qa_ok_importar_found;true;17;16V4000M73, 16V4000M73L, 20V4000M93, 20V4000M93L;1400984, 1404153, 1407319, 1410497, 1500793, 1503999, 1506462, 1508949, 1700979, 1701040, 1701101, 1800933, 1800994, 1801056, 1804539, 1804600, 1804662;147, 501, 855, 1210, 133, 618, 963, 1305, 150, 153, 1245, 1248, 1251, 1622, 1625, 1628;"{""total_rows"":17,""count_ok_importar"":17,""count_ok_eliminar"":0,""count_pending"":0,""count_review_action"":0,""count_other"":0}";import;qa_ok_importar_found
X00040711;BUSHING;;203.500 g;import;qa_ok_importar_found;true;17;16V4000M73, 16V4000M73L, 20V4000M93, 20V4000M93L;1400983, 1404152, 1407318, 1410496, 1500792, 1503998, 1506461, 1508948, 1700978, 1701039, 1701100, 1800932, 1800992, 1801055, 1804538, 1804598, 1804661;147, 501, 855, 1210, 133, 618, 963, 1305, 150, 153, 1245, 1248, 1251, 1622, 1625, 1628;"{""total_rows"":17,""count_ok_importar"":17,""count_ok_eliminar"":0,""count_pending"":0,""count_review_action"":0,""count_other"":0}";import;qa_ok_importar_found
X00040714;CONROD BEARING SIZE 0-0 UNTERE HAELFTE;nan;260,000 g;import;qa_ok_importar_found;true;18;12V4000M40A, 12V4000M70, 16V4000M61, 16V4000M73, 16V4000M73L, 16V4000M90, 20V4000M93, 20V4000M93L;1102528, 1900357, 1902797, 1300342, 1303264, 1400446, 1403612, 1406781, 1409959, 1500334, 1503540, 1506003, 1508491, 1600369, 1700428, 1704175, 1800419, 1803991;60, 75, 414, 59, 566, 76, 430, 784, 1139, 63, 548, 893, 1236, 70, 74, 470, 1174, 1547;"{""total_rows"":18,""count_ok_importar"":18,""count_ok_eliminar"":0,""count_pending"":0,""count_review_action"":0,""count_other"":0}";import;qa_ok_importar_found
X00040715;CONROD BEARING SIZE 0-1 UNTERE HAELFTE;nan;260,000 g;import;qa_ok_importar_found;true;18;12V4000M40A, 12V4000M70, 16V4000M61, 16V4000M73, 16V4000M73L, 16V4000M90, 20V4000M93, 20V4000M93L;1102529, 1900361, 1902801, 1300346, 1303268, 1400450, 1403616, 1406785, 1409963, 1500338, 1503544, 1506007, 1508495, 1600373, 1700432, 1704179, 1800423, 1803995;60, 75, 414, 59, 566, 76, 430, 784, 1139, 63, 548, 893, 1236, 70, 74, 470, 1174, 1547;"{""total_rows"":18,""count_ok_importar"":18,""count_ok_eliminar"":0,""count_pending"":0,""count_review_action"":0,""count_other"":0}";import;qa_ok_importar_found
X00040717;CONROD BEARING SIZE 0-2;nan;0.275 KGM;import;qa_ok_importar_found;true;18;12V4000M40A, 12V4000M70, 16V4000M61, 16V4000M73, 16V4000M73L, 16V4000M90, 20V4000M93, 20V4000M93L;1102530, 1900362, 1902802, 1300347, 1303269, 1400451, 1403617, 1406786, 1409964, 1500339, 1503545, 1506008, 1508496, 1600374, 1700433, 1704180, 1800424, 1803996;60, 75, 414, 59, 566, 76, 430, 784, 1139, 63, 548, 893, 1236, 70, 74, 470, 1174, 1547;"{""total_rows"":18,""count_ok_importar"":18,""count_ok_eliminar"":0,""count_pending"":0,""count_review_action"":0,""count_other"":0}";import;qa_ok_importar_found
X00040718;CONROD BEARING SIZE 0-3 UNTERE HAELFTE;nan;0,275 kg;import;qa_ok_importar_found;true;18;12V4000M40A, 12V4000M70, 16V4000M61, 16V4000M73, 16V4000M73L, 16V4000M90, 20V4000M93, 20V4000M93L;1102531, 1900363, 1902803, 1300348, 1303270, 1400452, 1403618, 1406787, 1409965, 1500340, 1503546, 1506009, 1508497, 1600375, 1700434, 1704181, 1800425, 1803997;60, 75, 414, 59, 566, 76, 430, 784, 1139, 63, 548, 893, 1236, 70, 74, 470, 1174, 1547;"{""total_rows"":18,""count_ok_importar"":18,""count_ok_eliminar"":0,""count_pending"":0,""count_review_action"":0,""count_other"":0}";import;qa_ok_importar_found
X00040912;OIL LINE FOR HP PUMP;;0.239 KGM;import;qa_ok_importar_found;true;2;12V4000M53;1201424, 1204563;195, 550;"{""total_rows"":2,""count_ok_importar"":2,""count_ok_eliminar"":0,""count_pending"":0,""count_review_action"":0,""count_other"":0}";import;qa_ok_importar_found
X00040965;TUBE FUEL RETURN LOW PRESSURE A-BANK;;0.07 KGM;import;qa_ok_importar_found;true;16;12V4000M53, 16V4000M73, 16V4000M73L, 20V4000M93, 20V4000M93L;1200707, 1203846, 1400789, 1403958, 1407127, 1410305, 1500617, 1503823, 1506286, 1508774, 1700774, 1704520, 1708260, 1712003, 1800747, 1804353;111, 466, 131, 485, 839, 1194, 117, 602, 947, 1290, 130, 526, 922, 1318, 1230, 1607;"{""total_rows"":16,""count_ok_importar"":16,""count_ok_eliminar"":0,""count_pending"":0,""count_review_action"":0,""count_other"":0}";import;qa_ok_importar_found
X00040978;FUEL DELIVERY PUMP;;5.700 kg EM;import;qa_ok_importar_found;true;16;12V4000M53, 16V4000M73, 16V4000M73L, 20V4000M93, 20V4000M93L;1200797, 1203936, 1400614, 1403782, 1406951, 1410129, 1500496, 1503702, 1506165, 1508653, 1700612, 1704357, 1708097, 1711837, 1800590, 1804162;115, 470, 113, 467, 821, 1176, 103, 588, 933, 1276, 509, 905, 1301, 1213, 1586;"{""total_rows"":16,""count_ok_importar"":16,""count_ok_eliminar"":0,""count_pending"":0,""count_review_action"":0,""count_other"":0}";import;qa_ok_importar_found
X00041391;ACTUATOR VLV;;1.900 kg;import;qa_ok_importar_found;true;31;12V4000M40A, 12V4000M70, 16V4000M61, 16V4000M73, 16V4000M73L, 16V4000M90, 20V4000M93, 20V4000M93L;1102532, 1102533, 1901021, 1903463, 1300857, 1303768, 1401128, 1401485, 1404297, 1404654, 1407466, 1407832, 1410644, 1411010, 1501273, 1504480, 1506943, 1509429, 1601022, 1701261, 1701458, 1705001, 1705198, 1708741, 1708938, 1712489, 1712685, 1801225, 1801424, 1804831, 1805030;143, 152, 162, 501, 149, 653, 167, 205, 521, 559, 875, 914, 1230, 1269, 198, 684, 1029, 1367, 154, 175, 191, 571, 587, 967, 983, 1363, 1379, 1273, 1288, 1650, 1665;"{""total_rows"":31,""count_ok_importar"":31,""count_ok_eliminar"":0,""count_pending"":0,""count_review_action"":0,""count_other"":0}";import;qa_ok_importar_found
X00042197;INLET VALVE;;335.800 gEM;import;qa_ok_importar_found;true;20;12V4000M53, 12V4000M70, 16V4000M61, 16V4000M73, 16V4000M73L, 20V4000M93, 20V4000M93L;1200456, 1203598, 1900382, 1902822, 1300362, 1303284, 1400479, 1403648, 1406816, 1409994, 1500356, 1503562, 1506025, 1508513, 1700463, 1704213, 1707952, 1711692, 1800438, 1804011;74, 429, 79, 418, 63, 570, 81, 435, 789, 1144, 68, 553, 898, 1241, 78, 474, 870, 1266, 1179, 1552;"{""total_rows"":20,""count_ok_importar"":20,""count_ok_eliminar"":0,""count_pending"":0,""count_review_action"":0,""count_other"":0}";import;qa_ok_importar_found
X00042421;FUEL FILTER SPIN-ON;;;import;qa_ok_importar_found;true;14;16V4000M73, 16V4000M73L, 20V4000M93, 20V4000M93L;1400689, 1403858, 1407027, 1410205, 1500545, 1503751, 1506214, 1508702, 1700687, 1704433, 1708173, 1711913, 1800663, 1804269;121, 475, 829, 1184, 110, 595, 940, 1283, 517, 913, 1309, 1221, 1598;"{""total_rows"":14,""count_ok_importar"":14,""count_ok_eliminar"":0,""count_pending"":0,""count_review_action"":0,""count_other"":0}";import;qa_ok_importar_found
X00042470;NEEDLE BEARING;;0.051 KGM;import;qa_ok_importar_found;true;3;12V4000M40A, 16V4000M61;1102537, 1301053, 1303964;172, 175, 678;"{""total_rows"":3,""count_ok_importar"":3,""count_ok_eliminar"":0,""count_pending"":0,""count_review_action"":0,""count_other"":0}";import;qa_ok_importar_found
X00042495;SEAWATER ELBOW F/GRBOX OIL COOLING;;;import;qa_ok_importar_found;true;2;20V4000M93L;1802812, 1806471;1406, 1786;"{""total_rows"":2,""count_ok_importar"":2,""count_ok_eliminar"":0,""count_pending"":0,""count_review_action"":0,""count_other"":0}";import;qa_ok_importar_found
X00042702;VALVE;;0,200 KG;import;qa_ok_importar_found;true;3;12V4000M40A, 16V4000M61;1102562, 1301012, 1303923;171, 174, 677;"{""total_rows"":3,""count_ok_importar"":3,""count_ok_eliminar"":0,""count_pending"":0,""count_review_action"":0,""count_other"":0}";import;qa_ok_importar_found
X00042722;GASKET;;;import;qa_ok_importar_found;true;3;12V4000M40A, 16V4000M61;1102569, 1301072, 1303983;176, 179, 682;"{""total_rows"":3,""count_ok_importar"":3,""count_ok_eliminar"":0,""count_pending"":0,""count_review_action"":0,""count_other"":0}";import;qa_ok_importar_found
X00042774;PIPE;;0.1 KGM;import;qa_ok_importar_found;true;3;12V4000M40A, 16V4000M61;1102578, 1301040, 1303951;172, 175, 678;"{""total_rows"":3,""count_ok_importar"":3,""count_ok_eliminar"":0,""count_pending"":0,""count_review_action"":0,""count_other"":0}";import;qa_ok_importar_found
X00042776;PIN;;;import;qa_ok_importar_found;true;3;12V4000M40A, 16V4000M61;1102579, 1301041, 1303952;172, 175, 678;"{""total_rows"":3,""count_ok_importar"":3,""count_ok_eliminar"":0,""count_pending"":0,""count_review_action"":0,""count_other"":0}";import;qa_ok_importar_found
X00042803;SERVO-LOCKER;;0.365 KGM;import;qa_ok_importar_found;true;3;12V4000M40A, 16V4000M61;1102580, 1301025, 1303936;172, 175, 678;"{""total_rows"":3,""count_ok_importar"":3,""count_ok_eliminar"":0,""count_pending"":0,""count_review_action"":0,""count_other"":0}";import;qa_ok_importar_found
X00043025;CHARGE-AIR LINE END MEMBER, RIGHT BR4000;;7.700 kg EM;import;qa_ok_importar_found;true;6;16V4000M73, 20V4000M93L;1401177, 1404346, 1407515, 1410693, 1801267, 1804873;173, 527, 881, 1236, 1279, 1656;"{""total_rows"":6,""count_ok_importar"":6,""count_ok_eliminar"":0,""count_pending"":0,""count_review_action"":0,""count_other"":0}";import;qa_ok_importar_found
X00043218;CONROD BEARING;;0.277 KGM;import;qa_ok_importar_found;true;2;12V4000M53;1200421, 1203561;70, 425;"{""total_rows"":2,""count_ok_importar"":2,""count_ok_eliminar"":0,""count_pending"":0,""count_review_action"":0,""count_other"":0}";import;qa_ok_importar_found
X00043219;CONROD BEARING SIZE 0-1;;0.284 KGM;import;qa_ok_importar_found;true;2;12V4000M53;1200425, 1203565;70, 425;"{""total_rows"":2,""count_ok_importar"":2,""count_ok_eliminar"":0,""count_pending"":0,""count_review_action"":0,""count_other"":0}";import;qa_ok_importar_found
X00043220;CONROD BEARING SIZE 0-2;;0.288 KGM;import;qa_ok_importar_found;true;2;12V4000M53;1200426, 1203566;70, 425;"{""total_rows"":2,""count_ok_importar"":2,""count_ok_eliminar"":0,""count_pending"":0,""count_review_action"":0,""count_other"":0}";import;qa_ok_importar_found
X00043221;CONROD BEARING SIZE 0-3;;0.294 KGM;import;qa_ok_importar_found;true;2;12V4000M53;1200427, 1203567;70, 425;"{""total_rows"":2,""count_ok_importar"":2,""count_ok_eliminar"":0,""count_pending"":0,""count_review_action"":0,""count_other"":0}";import;qa_ok_importar_found
X00043295;TUBE OIL SUPPLY 1147.695;;245,000 g;import;qa_ok_importar_found;true;5;12V4000M70, 16V4000M61, 16V4000M90;1900304, 1902744, 1300292, 1303214, 1600320;65, 404, 49, 556, 60;"{""total_rows"":5,""count_ok_importar"":5,""count_ok_eliminar"":0,""count_pending"":0,""count_review_action"":0,""count_other"":0}";import;qa_ok_importar_found
X00043945;DISHED WASHER;;80.000 g;import;qa_ok_importar_found;true;6;20V4000M93L;1803077, 1803078, 1803079, 1806735, 1806736, 1806737;1440, 1820;"{""total_rows"":6,""count_ok_importar"":6,""count_ok_eliminar"":0,""count_pending"":0,""count_review_action"":0,""count_other"":0}";import;qa_ok_importar_found
X00044396;SHIELD ALTERNATOR HE AT ASM;;700,000 g SB;import;qa_ok_importar_found;true;3;12V4000M53, 16V4000M90;1202337, 1205478, 1601959;283, 640, 266;"{""total_rows"":3,""count_ok_importar"":3,""count_ok_eliminar"":0,""count_pending"":0,""count_review_action"":0,""count_other"":0}";import;qa_ok_importar_found
X00058041;3M ALUMINIUM ADHESIV;nan;0.895 KGM;import;qa_ok_importar_found;true;2;12V4000M70;1901590, 1903977;234, 571;"{""total_rows"":2,""count_ok_importar"":2,""count_ok_eliminar"":0,""count_pending"":0,""count_review_action"":0,""count_other"":0}";import;qa_ok_importar_found
X52401100007/87;SAFETY VALVE WITH TEST CERT. 3.1;;;import;qa_ok_importar_found;true;6;20V4000M93L;1800010, 1800016, 1800023, 1803582, 1803588, 1803595;1123, 1496;"{""total_rows"":6,""count_ok_importar"":6,""count_ok_eliminar"":0,""count_pending"":0,""count_review_action"":0,""count_other"":0}";import;qa_ok_importar_found
X52401100023;STRIP;;2.784 KGM;import;qa_ok_importar_found;true;14;12V4000M53, 12V4000M70, 16V4000M73, 20V4000M93, 20V4000M93L;1200034, 1203185, 1900015, 1902455, 1400054, 1403226, 1406395, 1409573, 1700048, 1703793, 1707533, 1711272, 1800050, 1803623;22, 377, 24, 363, 26, 380, 734, 1089, 23, 419, 815, 1211, 1125, 1498;"{""total_rows"":14,""count_ok_importar"":14,""count_ok_eliminar"":0,""count_pending"":0,""count_review_action"":0,""count_other"":0}";import;qa_ok_importar_found
X52401300016;CYLINDER LINER STAGE 1;;18,444 kg;import;qa_ok_importar_found;true;2;12V4000M70;1900031, 1902471;25, 364;"{""total_rows"":2,""count_ok_importar"":2,""count_ok_eliminar"":0,""count_pending"":0,""count_review_action"":0,""count_other"":0}";import;qa_ok_importar_found
X52401300017;CYLINDER LINER STAGE 2;;18,522 kg;import;qa_ok_importar_found;true;2;12V4000M70;1900032, 1902472;25, 364;"{""total_rows"":2,""count_ok_importar"":2,""count_ok_eliminar"":0,""count_pending"":0,""count_review_action"":0,""count_other"":0}";import;qa_ok_importar_found
X52402400012;EQUIPMENT RACK;nan;258 KGM;import;qa_ok_importar_found;true;2;12V4000M70;1900179, 1902619;48, 387;"{""total_rows"":2,""count_ok_importar"":2,""count_ok_eliminar"":0,""count_pending"":0,""count_review_action"":0,""count_other"":0}";import;qa_ok_importar_found
X52403100003;CRANKSHAFT BEARING SIZE 0-1;nan;0.405 KGM;import;qa_ok_importar_found;true;8;12V4000M53, 12V4000M70, 20V4000M93;1200365, 1203506, 1900251, 1902691, 1700362, 1704106, 1707846, 1711586;58, 413, 397, 61, 457, 853, 1249;"{""total_rows"":8,""count_ok_importar"":8,""count_ok_eliminar"":0,""count_pending"":0,""count_review_action"":0,""count_other"":0}";import;qa_ok_importar_found
X52403100004;CRANKSHAFT BEARING SIZE 0-2;nan;0.435 KGM;import;qa_ok_importar_found;true;8;12V4000M53, 12V4000M70, 20V4000M93;1200367, 1203508, 1900253, 1902693, 1700364, 1704108, 1707848, 1711588;58, 413, 397, 61, 457, 853, 1249;"{""total_rows"":8,""count_ok_importar"":8,""count_ok_eliminar"":0,""count_pending"":0,""count_review_action"":0,""count_other"":0}";import;qa_ok_importar_found
X52403100005;CRANKSHAFT BEARING SIZE 0-3;nan;0.45 KGM;import;qa_ok_importar_found;true;8;12V4000M53, 12V4000M70, 20V4000M93;1200345, 1203486, 1900255, 1902695, 1700366, 1704110, 1707850, 1711590;58, 413, 397, 61, 457, 853, 1249;"{""total_rows"":8,""count_ok_importar"":8,""count_ok_eliminar"":0,""count_pending"":0,""count_review_action"":0,""count_other"":0}";import;qa_ok_importar_found
X52403100006;CRANKSHAFT BEARING SIZE 1-0;nan;0.417 KGM;import;qa_ok_importar_found;true;8;12V4000M53, 12V4000M70, 20V4000M93;1200347, 1203488, 1900257, 1902697, 1700368, 1704112, 1707852, 1711592;58, 413, 397, 61, 457, 853, 1249;"{""total_rows"":8,""count_ok_importar"":8,""count_ok_eliminar"":0,""count_pending"":0,""count_review_action"":0,""count_other"":0}";import;qa_ok_importar_found
X52403100007;CRANKSHAFT BEARING SIZE 1-1;nan;0.42 KGM;import;qa_ok_importar_found;true;8;12V4000M53, 12V4000M70, 20V4000M93;1200349, 1203490, 1900259, 1902699, 1700370, 1704114, 1707854, 1711594;58, 413, 397, 61, 457, 853, 1249;"{""total_rows"":8,""count_ok_importar"":8,""count_ok_eliminar"":0,""count_pending"":0,""count_review_action"":0,""count_other"":0}";import;qa_ok_importar_found
X52403100008;CRANKSHAFT BEARING SIZE 1-2;nan;0.465 KGM;import;qa_ok_importar_found;true;8;12V4000M53, 12V4000M70, 20V4000M93;1200351, 1203492, 1900261, 1902701, 1700372, 1704116, 1707856, 1711596;58, 413, 397, 61, 457, 853, 1249;"{""total_rows"":8,""count_ok_importar"":8,""count_ok_eliminar"":0,""count_pending"":0,""count_review_action"":0,""count_other"":0}";import;qa_ok_importar_found
X52403100009;CRANKSHAFT BEARING SIZE 1-3;nan;0.388 KGM;import;qa_ok_importar_found;true;8;12V4000M53, 12V4000M70, 20V4000M93;1200353, 1203494, 1900263, 1902703, 1700374, 1704118, 1707858, 1711598;58, 413, 397, 61, 457, 853, 1249;"{""total_rows"":8,""count_ok_importar"":8,""count_ok_eliminar"":0,""count_pending"":0,""count_review_action"":0,""count_other"":0}";import;qa_ok_importar_found
X52403100010;CRANKSHAFT BEARING SIZE 2-0;nan;0.43 KGM;import;qa_ok_importar_found;true;8;12V4000M53, 12V4000M70, 20V4000M93;1200355, 1203496, 1900265, 1902705, 1700376, 1704120, 1707860, 1711600;58, 413, 397, 61, 457, 853, 1249;"{""total_rows"":8,""count_ok_importar"":8,""count_ok_eliminar"":0,""count_pending"":0,""count_review_action"":0,""count_other"":0}";import;qa_ok_importar_found
X52403100011;CRANKSHAFT BEARING SIZE 2-1;nan;0.47 KGM;import;qa_ok_importar_found;true;8;12V4000M53, 12V4000M70, 20V4000M93;1200357, 1203498, 1900267, 1902707, 1700355, 1704099, 1707839, 1711579;58, 413, 397, 61, 457, 853, 1249;"{""total_rows"":8,""count_ok_importar"":8,""count_ok_eliminar"":0,""count_pending"":0,""count_review_action"":0,""count_other"":0}";import;qa_ok_importar_found
X52403100012;CRANKSHAFT BEARING SIZE 2-2;nan;0.484 KGM;import;qa_ok_importar_found;true;8;12V4000M53, 12V4000M70, 20V4000M93;1200360, 1203501, 1900269, 1902709, 1700357, 1704101, 1707841, 1711581;58, 413, 397, 61, 457, 853, 1249;"{""total_rows"":8,""count_ok_importar"":8,""count_ok_eliminar"":0,""count_pending"":0,""count_review_action"":0,""count_other"":0}";import;qa_ok_importar_found
X52403100013;CRANKSHAFT BEARING SIZE 2-3;nan;0.501 KGM;import;qa_ok_importar_found;true;8;12V4000M53, 12V4000M70, 20V4000M93;1200362, 1203503, 1900271, 1902711, 1700359, 1704103, 1707843, 1711583;58, 413, 397, 61, 457, 853, 1249;"{""total_rows"":8,""count_ok_importar"":8,""count_ok_eliminar"":0,""count_pending"":0,""count_review_action"":0,""count_other"":0}";import;qa_ok_importar_found
X52403500004;CAMSHAFT GEAR;;;import;qa_ok_importar_found;true;8;16V4000M73, 16V4000M73L;1400499, 1403668, 1406837, 1410015, 1500376, 1503582, 1506045, 1508533;87, 441, 795, 1150, 74, 559, 904, 1247;"{""total_rows"":8,""count_ok_importar"":8,""count_ok_eliminar"":0,""count_pending"":0,""count_review_action"":0,""count_other"":0}";import;qa_ok_importar_found
X52403500015;FLANGE;;7.66 KGM;import;qa_ok_importar_found;true;4;12V4000M70, 16V4000M61;1900326, 1902766, 1300314, 1303236;65, 404, 49, 556;"{""total_rows"":4,""count_ok_importar"":4,""count_ok_eliminar"":0,""count_pending"":0,""count_review_action"":0,""count_other"":0}";import;qa_ok_importar_found
X52403700066;SNAP RING;Ø=68 x 2,5 Ø=72,04-73,60;0.017 kg DIN472;import;qa_ok_importar_found;true;16;12V4000M70, 16V4000M61, 16V4000M73, 16V4000M73L, 20V4000M93;1900349, 1902789, 1300334, 1303256, 1400438, 1403604, 1406773, 1409951, 1500326, 1503532, 1505995, 1508482, 1700420, 1704167, 1707907, 1711647;73, 412, 57, 564, 74, 428, 782, 1137, 61, 546, 891, 1234, 72, 468, 864, 1260;"{""total_rows"":16,""count_ok_importar"":16,""count_ok_eliminar"":0,""count_pending"":0,""count_review_action"":0,""count_other"":0}";import;qa_ok_importar_found
X52403800001;CONROD BEARING;;0.28 KGM;import;qa_ok_importar_found;true;2;20V4000M93;1707915, 1711655;866, 1262;"{""total_rows"":2,""count_ok_importar"":2,""count_ok_eliminar"":0,""count_pending"":0,""count_review_action"":0,""count_other"":0}";import;qa_ok_importar_found
X52403800006;CONROD BEARING;;0.286 KGM;import;qa_ok_importar_found;true;2;20V4000M93;1707919, 1711659;866, 1262;"{""total_rows"":2,""count_ok_importar"":2,""count_ok_eliminar"":0,""count_pending"":0,""count_review_action"":0,""count_other"":0}";import;qa_ok_importar_found
X52403800007;CONROD BEARING;;0.275 KGM;import;qa_ok_importar_found;true;2;20V4000M93;1707920, 1711660;866, 1262;"{""total_rows"":2,""count_ok_importar"":2,""count_ok_eliminar"":0,""count_pending"":0,""count_review_action"":0,""count_other"":0}";import;qa_ok_importar_found
X52403800008;CONROD BEARING;;0.296 KGM;import;qa_ok_importar_found;true;2;20V4000M93;1707921, 1711661;866, 1262;"{""total_rows"":2,""count_ok_importar"":2,""count_ok_eliminar"":0,""count_pending"":0,""count_review_action"":0,""count_other"":0}";import;qa_ok_importar_found
X52404100027;VALVE SEAT INSERT IN LET;D 58U6;0.04 KGM;import;qa_ok_importar_found;true;20;12V4000M53, 12V4000M70, 16V4000M61, 16V4000M73, 16V4000M73L, 20V4000M93, 20V4000M93L;1200471, 1203612, 1900399, 1902839, 1300370, 1303292, 1400489, 1403657, 1406826, 1410004, 1500366, 1503572, 1506035, 1508523, 1700478, 1704227, 1707967, 1711707, 1800448, 1804021;76, 431, 80, 419, 63, 570, 82, 436, 790, 1145, 69, 554, 899, 1242, 476, 872, 1268, 1180, 1553;"{""total_rows"":20,""count_ok_importar"":20,""count_ok_eliminar"":0,""count_pending"":0,""count_review_action"":0,""count_other"":0}";import;qa_ok_importar_found
X52404100028;CYLINDER HEAD W.VALVE + SEAT RING;;;import;qa_ok_importar_found;true;2;16V4000M61;1300354, 1303276;62, 569;"{""total_rows"":2,""count_ok_importar"":2,""count_ok_eliminar"":0,""count_pending"":0,""count_review_action"":0,""count_other"":0}";import;qa_ok_importar_found
X52404100033;CYLINDER HEAD W.VALVE + SEAT RING 20;;;import;qa_ok_importar_found;true;2;20V4000M93L;1800436, 1804007;1178, 1551;"{""total_rows"":2,""count_ok_importar"":2,""count_ok_eliminar"":0,""count_pending"":0,""count_review_action"":0,""count_other"":0}";import;qa_ok_importar_found
X52404100139;CYLINDER HEAD W.VALVE + SEAT RING;;;import;qa_ok_importar_found;true;4;16V4000M73L;1500345, 1503551, 1506014, 1508502;67, 552, 897, 1240;"{""total_rows"":4,""count_ok_importar"":4,""count_ok_eliminar"":0,""count_pending"":0,""count_review_action"":0,""count_other"":0}";import;qa_ok_importar_found
X52404100143;VALVE GUIDE INSERT;D 19.3R6 / D10.6+0.05;137,300 g EM D 19.3R6 / D10.6+0.05;import;qa_ok_importar_found;true;2;12V4000M53;1200475, 1203616;76, 431;"{""total_rows"":2,""count_ok_importar"":2,""count_ok_eliminar"":0,""count_pending"":0,""count_review_action"":0,""count_other"":0}";import;qa_ok_importar_found
X52404100144;CYLINDER HEAD;;49,000 kg;import;qa_ok_importar_found;true;2;12V4000M70;1900388, 1902828;79, 418;"{""total_rows"":2,""count_ok_importar"":2,""count_ok_eliminar"":0,""count_pending"":0,""count_review_action"":0,""count_other"":0}";import;qa_ok_importar_found
X52404100178;CYLINDER HEAD W/VALVES;;;import;qa_ok_importar_found;true;4;16V4000M73;1400461, 1403628, 1406797, 1409975;80, 434, 788, 1143;"{""total_rows"":4,""count_ok_importar"":4,""count_ok_eliminar"":0,""count_pending"":0,""count_review_action"":0,""count_other"":0}";import;qa_ok_importar_found
X52404100205;CYL.HEAD WITH VALVES;;;import;qa_ok_importar_found;true;4;20V4000M93;1700447, 1704195, 1707935, 1711675;77, 473, 869, 1265;"{""total_rows"":4,""count_ok_importar"":4,""count_ok_eliminar"":0,""count_pending"":0,""count_review_action"":0,""count_other"":0}";import;qa_ok_importar_found
X52404100209;CYL.HEAD WITH VALVES BR4000 MX03/PX03;;;import;qa_ok_importar_found;true;2;12V4000M53;1200440, 1203580;73, 428;"{""total_rows"":2,""count_ok_importar"":2,""count_ok_eliminar"":0,""count_pending"":0,""count_review_action"":0,""count_other"":0}";import;qa_ok_importar_found
X52404200035;GASKET FOR CYLINDER HEAD;;;import;qa_ok_importar_found;true;4;16V4000M73L;1500347, 1503553, 1506016, 1508504;67, 552, 897, 1240;"{""total_rows"":4,""count_ok_importar"":4,""count_ok_eliminar"":0,""count_pending"":0,""count_review_action"":0,""count_other"":0}";import;qa_ok_importar_found
X52404200042;GASKET FOR CYLINDER HEAD;;0.111 KGM;import;qa_ok_importar_found;true;2;20V4000M93L;1800431, 1804002;1177, 1550;"{""total_rows"":2,""count_ok_importar"":2,""count_ok_eliminar"":0,""count_pending"":0,""count_review_action"":0,""count_other"":0}";import;qa_ok_importar_found
X52404200043;GASKET FOR CYLINDER HEAD;nan;0.12 KGM;import;qa_ok_importar_found;true;8;12V4000M53, 12V4000M70, 20V4000M93;1200435, 1203575, 1900376, 1902816, 1700449, 1704197, 1707937, 1711677;73, 428, 78, 417, 77, 473, 869, 1265;"{""total_rows"":8,""count_ok_importar"":8,""count_ok_eliminar"":0,""count_pending"":0,""count_review_action"":0,""count_other"":0}";import;qa_ok_importar_found
X52405200015;THRUST MEMBER FOR ROCKER ARM;;;import;qa_ok_importar_found;true;12;12V4000M53, 20V4000M93;1200521, 1200527, 1203664, 1203669, 1700529, 1700535, 1704279, 1704284, 1708019, 1708024, 1711759, 1711764;89, 90, 444, 445, 93, 94, 489, 490, 885, 886, 1281, 1282;"{""total_rows"":12,""count_ok_importar"":12,""count_ok_eliminar"":0,""count_pending"":0,""count_review_action"":0,""count_other"":0}";import;qa_ok_importar_found
X52405200018;CAMSHAFT GEAR;;;import;qa_ok_importar_found;true;2;12V4000M53;1200478, 1203620;80, 435;"{""total_rows"":2,""count_ok_importar"":2,""count_ok_eliminar"":0,""count_pending"":0,""count_review_action"":0,""count_other"":0}";import;qa_ok_importar_found
X52405200022;CAMSHAFT GEAR;nan;15.9 KGM;import;qa_ok_importar_found;true;2;12V4000M70;1900409, 1902849;84, 423;"{""total_rows"":2,""count_ok_importar"":2,""count_ok_eliminar"":0,""count_pending"":0,""count_review_action"":0,""count_other"":0}";import;qa_ok_importar_found
X52405200030;CAMSHAFT GEAR;;;import;qa_ok_importar_found;true;4;20V4000M93;1700488, 1704238, 1707978, 1711718;84, 480, 876, 1272;"{""total_rows"":4,""count_ok_importar"":4,""count_ok_eliminar"":0,""count_pending"":0,""count_review_action"":0,""count_other"":0}";import;qa_ok_importar_found
X52405300005;THRUST BEARING FLANG FOR CAMSHAFT;nan;1.94 KGM;import;qa_ok_importar_found;true;6;12V4000M53, 12V4000M70, 16V4000M61;1200484, 1203626, 1900413, 1902853, 1300385, 1303307;80, 435, 84, 423, 67, 574;"{""total_rows"":6,""count_ok_importar"":6,""count_ok_eliminar"":0,""count_pending"":0,""count_review_action"":0,""count_other"":0}";import;qa_ok_importar_found
X52405400013;PUSHROD;;600.200 g;import;qa_ok_importar_found;true;16;12V4000M53, 12V4000M70, 16V4000M73, 16V4000M73L, 20V4000M93;1200476, 1203618, 1900405, 1902845, 1400497, 1403666, 1406835, 1410013, 1500374, 1503580, 1506043, 1508531, 1700484, 1704234, 1707974, 1711714;80, 435, 84, 423, 87, 441, 795, 1150, 74, 559, 904, 1247, 480, 876, 1272;"{""total_rows"":16,""count_ok_importar"":16,""count_ok_eliminar"":0,""count_pending"":0,""count_review_action"":0,""count_other"":0}";import;qa_ok_importar_found
X52405400022;ROLLER TAPPET REPAIR KIT;nan;0.342 KGM;import;qa_ok_importar_found;true;16;12V4000M53, 12V4000M70, 20V4000M93;1200500, 1200504, 1203643, 1203647, 1900426, 1900430, 1902866, 1902870, 1700508, 1700512, 1704258, 1704262, 1707998, 1708002, 1711738, 1711742;85, 86, 440, 441, 88, 89, 427, 428, 90, 485, 486, 881, 882, 1277, 1278;"{""total_rows"":16,""count_ok_importar"":16,""count_ok_eliminar"":0,""count_pending"":0,""count_review_action"":0,""count_other"":0}";import;qa_ok_importar_found
X52405500011;ADJUSTING SCREW 1;;;import;qa_ok_importar_found;true;20;16V4000M73, 16V4000M73L, 20V4000M93L;1400537, 1400542, 1403705, 1403710, 1406874, 1406879, 1410052, 1410057, 1500415, 1500420, 1503621, 1503626, 1506084, 1506089, 1508572, 1508577, 1800503, 1800508, 1804076, 1804081;95, 96, 449, 450, 803, 804, 1158, 1159, 82, 83, 567, 568, 912, 913, 1255, 1256, 1193, 1194, 1566, 1567;"{""total_rows"":20,""count_ok_importar"":20,""count_ok_eliminar"":0,""count_pending"":0,""count_review_action"":0,""count_other"":0}";import;qa_ok_importar_found
X52405500012;ROCKER ARM;;6.590 kg;import;qa_ok_importar_found;true;10;16V4000M73, 16V4000M73L, 20V4000M93L;1400505, 1403674, 1406843, 1410021, 1500381, 1503587, 1506050, 1508538, 1800470, 1804043;89, 443, 797, 1152, 76, 561, 906, 1249, 1187, 1560;"{""total_rows"":10,""count_ok_importar"":10,""count_ok_eliminar"":0,""count_pending"":0,""count_review_action"":0,""count_other"":0}";import;qa_ok_importar_found
X52405500013;ROCKER ARM INLET;;3.060 kg;import;qa_ok_importar_found;true;10;16V4000M73, 16V4000M73L, 20V4000M93L;1400522, 1403690, 1406859, 1410037, 1500401, 1503607, 1506070, 1508558, 1800488, 1804061;93, 447, 801, 1156, 80, 565, 910, 1253, 1191, 1564;"{""total_rows"":10,""count_ok_importar"":10,""count_ok_eliminar"":0,""count_pending"":0,""count_review_action"":0,""count_other"":0}";import;qa_ok_importar_found
X52405500014;ROCKER ARM EXHAUST;;1.340 kg;import;qa_ok_importar_found;true;10;16V4000M73, 16V4000M73L, 20V4000M93L;1400523, 1403691, 1406860, 1410038, 1500402, 1503608, 1506071, 1508559, 1800489, 1804062;93, 447, 801, 1156, 80, 565, 910, 1253, 1191, 1564;"{""total_rows"":10,""count_ok_importar"":10,""count_ok_eliminar"":0,""count_pending"":0,""count_review_action"":0,""count_other"":0}";import;qa_ok_importar_found
X52405500097;ROCKER SHAFT;nan;1,383 kg;import;qa_ok_importar_found;true;8;12V4000M53, 12V4000M70, 20V4000M93;1200515, 1203658, 1900442, 1902882, 1700523, 1704273, 1708013, 1711753;88, 443, 91, 430, 92, 488, 884, 1280;"{""total_rows"":8,""count_ok_importar"":8,""count_ok_eliminar"":0,""count_pending"":0,""count_review_action"":0,""count_other"":0}";import;qa_ok_importar_found
X52405500120;CYLINDER HEAD COVER DIE CASTING;nan;1,922 kg;import;qa_ok_importar_found;true;2;12V4000M70;1900460, 1902900;94, 433;"{""total_rows"":2,""count_ok_importar"":2,""count_ok_eliminar"":0,""count_pending"":0,""count_review_action"":0,""count_other"":0}";import;qa_ok_importar_found
X52405500123;ROCKER ARM EXHAUST;;1,356 kg;import;qa_ok_importar_found;true;8;12V4000M53, 12V4000M70, 20V4000M93;1200508, 1203651, 1900435, 1902875, 1700516, 1704266, 1708006, 1711746;87, 442, 90, 429, 91, 487, 883, 1279;"{""total_rows"":8,""count_ok_importar"":8,""count_ok_eliminar"":0,""count_pending"":0,""count_review_action"":0,""count_other"":0}";import;qa_ok_importar_found
X52405500124;ROCKER ARM INLET;;1.393 kg;import;qa_ok_importar_found;true;8;12V4000M53, 12V4000M70, 20V4000M93;1200507, 1203650, 1900434, 1902874, 1700515, 1704265, 1708005, 1711745;87, 442, 90, 429, 91, 487, 883, 1279;"{""total_rows"":8,""count_ok_importar"":8,""count_ok_eliminar"":0,""count_pending"":0,""count_review_action"":0,""count_other"":0}";import;qa_ok_importar_found
X52405500130;CYLINDER HEAD COVER;;2.400 kg;import;qa_ok_importar_found;true;10;12V4000M53, 16V4000M73, 20V4000M93;1200531, 1203672, 1400545, 1403713, 1406882, 1410060, 1700539, 1704287, 1708027, 1711767;91, 446, 97, 451, 805, 1160, 95, 491, 887, 1283;"{""total_rows"":10,""count_ok_importar"":10,""count_ok_eliminar"":0,""count_pending"":0,""count_review_action"":0,""count_other"":0}";import;qa_ok_importar_found
X52405500135;VALVE BRIDGE;nan;275,800 g;import;qa_ok_importar_found;true;8;12V4000M53, 12V4000M70, 20V4000M93;1200490, 1203633, 1900417, 1902857, 1700498, 1704248, 1707988, 1711728;83, 438, 86, 425, 87, 483, 879, 1275;"{""total_rows"":8,""count_ok_importar"":8,""count_ok_eliminar"":0,""count_pending"":0,""count_review_action"":0,""count_other"":0}";import;qa_ok_importar_found
X52405500137;SWING FOLL. INLET;nan;1.7 KGM;import;qa_ok_importar_found;true;10;12V4000M53, 12V4000M70, 20V4000M93;1200494, 1203637, 1900420, 1900423, 1902860, 1902863, 1700502, 1704252, 1707992, 1711732;84, 439, 87, 426, 88, 484, 880, 1276;"{""total_rows"":10,""count_ok_importar"":10,""count_ok_eliminar"":0,""count_pending"":0,""count_review_action"":0,""count_other"":0}";import;qa_ok_importar_found
X52405500138;SWING FOLL. EXHAUST;nan;1.61 KGM;import;qa_ok_importar_found;true;8;12V4000M53, 12V4000M70, 20V4000M93;1200495, 1203638, 1900421, 1902861, 1700503, 1704253, 1707993, 1711733;84, 439, 87, 426, 88, 484, 880, 1276;"{""total_rows"":8,""count_ok_importar"":8,""count_ok_eliminar"":0,""count_pending"":0,""count_review_action"":0,""count_other"":0}";import;qa_ok_importar_found
X52405500145;ROCKER ARM;nan;6,560 kg;import;qa_ok_importar_found;true;8;12V4000M53, 12V4000M70, 20V4000M93;1200489, 1203632, 1900415, 1902855, 1700497, 1704247, 1707987, 1711727;83, 438, 86, 425, 87, 483, 879, 1275;"{""total_rows"":8,""count_ok_importar"":8,""count_ok_eliminar"":0,""count_pending"":0,""count_review_action"":0,""count_other"":0}";import;qa_ok_importar_found
X52405500146;ROCKER SHAFT SUPPORT;;3.523 kg;import;qa_ok_importar_found;true;8;12V4000M53, 12V4000M70, 20V4000M93;1200506, 1203649, 1900432, 1902872, 1700514, 1704264, 1708004, 1711744;87, 442, 90, 429, 91, 487, 883, 1279;"{""total_rows"":8,""count_ok_importar"":8,""count_ok_eliminar"":0,""count_pending"":0,""count_review_action"":0,""count_other"":0}";import;qa_ok_importar_found
X52407500023;INJECTOR;;2 KG EM;import;qa_ok_importar_found;true;2;16V4000M61;1300463, 1303386;87, 594;"{""total_rows"":2,""count_ok_importar"":2,""count_ok_eliminar"":0,""count_pending"":0,""count_review_action"":0,""count_other"":0}";import;qa_ok_importar_found
X52407500024;INJECTOR;;;import;qa_ok_importar_found;true;1;16V4000M90;1600492;98;"{""total_rows"":1,""count_ok_importar"":1,""count_ok_eliminar"":0,""count_pending"":0,""count_review_action"":0,""count_other"":0}";import;qa_ok_importar_found
X52407500039;INJECTOR;nan;1,900 kg;import;qa_ok_importar_found;true;2;12V4000M70;1900488, 1902928;102, 441;"{""total_rows"":2,""count_ok_importar"":2,""count_ok_eliminar"":0,""count_pending"":0,""count_review_action"":0,""count_other"":0}";import;qa_ok_importar_found
X52407800004;FLOW RESTRICT VALVE;;0.388 KGM;import;qa_ok_importar_found;true;5;12V4000M70, 16V4000M61, 16V4000M90;1900494, 1902934, 1300464, 1303387, 1600497;106, 445, 90, 597, 102;"{""total_rows"":5,""count_ok_importar"":5,""count_ok_eliminar"":0,""count_pending"":0,""count_review_action"":0,""count_other"":0}";import;qa_ok_importar_found
X52408100002;LINK;;51.700 g;import;qa_ok_importar_found;true;14;12V4000M40A, 16V4000M61, 16V4000M73, 16V4000M73L, 16V4000M90, 20V4000M93L;1102610, 1300510, 1303433, 1400610, 1403778, 1406947, 1410125, 1500491, 1503697, 1506160, 1508648, 1600600, 1800586, 1804158;104, 95, 602, 113, 467, 821, 1176, 103, 588, 933, 1276, 119, 1213, 1586;"{""total_rows"":14,""count_ok_importar"":14,""count_ok_eliminar"":0,""count_pending"":0,""count_review_action"":0,""count_other"":0}";import;qa_ok_importar_found
X52408100007;LINK;;0.05 KGM;import;qa_ok_importar_found;true;6;12V4000M53, 20V4000M93;1200793, 1203932, 1700608, 1704353, 1708093, 1711833;115, 470, 113, 509, 905, 1301;"{""total_rows"":6,""count_ok_importar"":6,""count_ok_eliminar"":0,""count_pending"":0,""count_review_action"":0,""count_other"":0}";import;qa_ok_importar_found
X52408100009;FUEL PRIMING PUMP;;1.610,200;import;qa_ok_importar_found;true;2;12V4000M53;1200812, 1203951;122, 477;"{""total_rows"":2,""count_ok_importar"":2,""count_ok_eliminar"":0,""count_pending"":0,""count_review_action"":0,""count_other"":0}";import;qa_ok_importar_found
X52408200010;FUEL LINE TO PLATE-CORE COOLE;;212.300 g;import;qa_ok_importar_found;true;14;16V4000M73, 16V4000M73L, 20V4000M93, 20V4000M93L;1400811, 1403980, 1407149, 1410327, 1500631, 1503837, 1506300, 1508788, 1700796, 1704542, 1708282, 1712025, 1800771, 1804377;132, 486, 840, 1195, 117, 602, 947, 1290, 131, 527, 923, 1319, 1231, 1608;"{""total_rows"":14,""count_ok_importar"":14,""count_ok_eliminar"":0,""count_pending"":0,""count_review_action"":0,""count_other"":0}";import;qa_ok_importar_found
X52408300004;COLLECTING TROUGH;;;import;qa_ok_importar_found;true;1;12V4000M40A;1102611;105;"{""total_rows"":1,""count_ok_importar"":1,""count_ok_eliminar"":0,""count_pending"":0,""count_review_action"":0,""count_other"":0}";import;qa_ok_importar_found
X52408300016;COLLECTING TROUGH;nan;3.53 KGM;import;qa_ok_importar_found;true;5;12V4000M70, 16V4000M61, 16V4000M90;1900576, 1903017, 1300542, 1303465, 1600634;114, 453, 96, 603, 120;"{""total_rows"":5,""count_ok_importar"":5,""count_ok_eliminar"":0,""count_pending"":0,""count_review_action"":0,""count_other"":0}";import;qa_ok_importar_found
X52408600003;FUEL LINE ON FUEL RETURN;;0.04 KGM;import;qa_ok_importar_found;true;2;12V4000M70;1900625, 1903067;115, 454;"{""total_rows"":2,""count_ok_importar"":2,""count_ok_eliminar"":0,""count_pending"":0,""count_review_action"":0,""count_other"":0}";import;qa_ok_importar_found
X52417200010;STARTER;;28,375 kg;import;qa_ok_importar_found;true;2;12V4000M53;1201303, 1204442;180, 535;"{""total_rows"":2,""count_ok_importar"":2,""count_ok_eliminar"":0,""count_pending"":0,""count_review_action"":0,""count_other"":0}";import;qa_ok_importar_found
X52417200011;STARTER;;21,000 kg;import;qa_ok_importar_found;true;2;12V4000M53;1201305, 1204444;180, 535;"{""total_rows"":2,""count_ok_importar"":2,""count_ok_eliminar"":0,""count_pending"":0,""count_review_action"":0,""count_other"":0}";import;qa_ok_importar_found
X52418300001;FLTR CENTRIF;;12,418 KG;import;qa_ok_importar_found;true;4;12V4000M40A, 16V4000M61, 16V4000M90;1102612, 1301231, 1304144, 1601359;201, 198, 700, 193;"{""total_rows"":4,""count_ok_importar"":4,""count_ok_eliminar"":0,""count_pending"":0,""count_review_action"":0,""count_other"":0}";import;qa_ok_importar_found
X52418300026;CENTRIFUGAL OIL FLTR;;11.06 KGM;import;qa_ok_importar_found;true;4;12V4000M53, 12V4000M70;1201426, 1204565, 1901481, 1903868;196, 551, 215, 552;"{""total_rows"":4,""count_ok_importar"":4,""count_ok_eliminar"":0,""count_pending"":0,""count_review_action"":0,""count_other"":0}";import;qa_ok_importar_found
X52418300028;CENTRIFUGAL OIL FLTR;nan;nan;import;qa_ok_importar_found;true;4;12V4000M53, 12V4000M70;1201441, 1204580, 1901485, 1903872;197, 552, 216, 553;"{""total_rows"":4,""count_ok_importar"":4,""count_ok_eliminar"":0,""count_pending"":0,""count_review_action"":0,""count_other"":0}";import;qa_ok_importar_found
X52418400001;RETAINER;;105,000 g;import;qa_ok_importar_found;true;8;12V4000M53, 12V4000M70;1201502, 1201511, 1204641, 1204650, 1901373, 1901384, 1903760, 1903771;210, 565, 205, 542;"{""total_rows"":8,""count_ok_importar"":8,""count_ok_eliminar"":0,""count_pending"":0,""count_review_action"":0,""count_other"":0}";import;qa_ok_importar_found
X52418400002;RETAINER;;170,000 g;import;qa_ok_importar_found;true;8;12V4000M53, 12V4000M70;1201501, 1201510, 1204640, 1204649, 1901371, 1901382, 1903758, 1903769;210, 565, 205, 542;"{""total_rows"":8,""count_ok_importar"":8,""count_ok_eliminar"":0,""count_pending"":0,""count_review_action"":0,""count_other"":0}";import;qa_ok_importar_found
X52418900006;GEAR PUMP FOR OIL REPLENISHMN;;9,200 KG;import;qa_ok_importar_found;true;2;16V4000M61;1301340, 1304253;214, 716;"{""total_rows"":2,""count_ok_importar"":2,""count_ok_eliminar"":0,""count_pending"":0,""count_review_action"":0,""count_other"":0}";import;qa_ok_importar_found
X52418900009;GEAR PUMP FOR OIL MONITORING;;9.700 kg;import;qa_ok_importar_found;true;8;16V4000M73, 16V4000M73L;1401856, 1405025, 1408203, 1411383, 1501551, 1504758, 1507221, 1509709;241, 595, 950, 1304, 229, 715, 1060, 1397;"{""total_rows"":8,""count_ok_importar"":8,""count_ok_eliminar"":0,""count_pending"":0,""count_review_action"":0,""count_other"":0}";import;qa_ok_importar_found
X52418900012;GEAR PUMP FOR OIL REPLENISHMN;;8,600 KG;import;qa_ok_importar_found;true;1;12V4000M40A;1102613;224;"{""total_rows"":1,""count_ok_importar"":1,""count_ok_eliminar"":0,""count_pending"":0,""count_review_action"":0,""count_other"":0}";import;qa_ok_importar_found
X52418900022;GEAR PUMP FOR OIL MONITORING;nan;9.5 KGM;import;qa_ok_importar_found;true;8;12V4000M53, 12V4000M70, 20V4000M93;1201706, 1204845, 1901599, 1903986, 1702163, 1705903, 1709643, 1713386;223, 578, 236, 573, 258, 654, 1050, 1446;"{""total_rows"":8,""count_ok_importar"":8,""count_ok_eliminar"":0,""count_pending"":0,""count_review_action"":0,""count_other"":0}";import;qa_ok_importar_found
X52420200011;PUMP ASM WTR;;30,800 kg;import;qa_ok_importar_found;true;3;12V4000M40A, 12V4000M70;1102614, 1901898, 1904285;246, 259, 596;"{""total_rows"":3,""count_ok_importar"":3,""count_ok_eliminar"":0,""count_pending"":0,""count_review_action"":0,""count_other"":0}";import;qa_ok_importar_found
X52420200016;RETAINER;;0.078 KGM;import;qa_ok_importar_found;true;14;12V4000M53, 16V4000M73, 16V4000M73L, 20V4000M93;1202127, 1205266, 1402039, 1405208, 1408386, 1411567, 1501622, 1504829, 1507292, 1509778, 1702290, 1706030, 1709770, 1713514;251, 606, 255, 609, 964, 1318, 237, 723, 1068, 1404, 272, 668, 1064, 1460;"{""total_rows"":14,""count_ok_importar"":14,""count_ok_eliminar"":0,""count_pending"":0,""count_review_action"":0,""count_other"":0}";import;qa_ok_importar_found
X52420700001;ELBOW TO PLATE-CORE COOLE;nan;5.609 KGM;import;qa_ok_importar_found;true;6;12V4000M40A, 12V4000M70, 16V4000M61, 16V4000M90;1102615, 1902053, 1904440, 1301652, 1304564, 1601837;279, 616, 260, 760, 250;"{""total_rows"":6,""count_ok_importar"":6,""count_ok_eliminar"":0,""count_pending"":0,""count_review_action"":0,""count_other"":0}";import;qa_ok_importar_found
X52421300002;RETAINER FOR ALTERNATOR;;;import;qa_ok_importar_found;true;1;12V4000M40A;1102616;105;"{""total_rows"":1,""count_ok_importar"":1,""count_ok_eliminar"":0,""count_pending"":0,""count_review_action"":0,""count_other"":0}";import;qa_ok_importar_found
X52421300003;COUPLING;;2.701 KGM;import;qa_ok_importar_found;true;2;12V4000M53;1202343, 1205484;283, 640;"{""total_rows"":2,""count_ok_importar"":2,""count_ok_eliminar"":0,""count_pending"":0,""count_review_action"":0,""count_other"":0}";import;qa_ok_importar_found
X52421300005;RETAINER;;3.624 KGM;import;qa_ok_importar_found;true;5;12V4000M70, 16V4000M61, 16V4000M90;1900581, 1903022, 1300546, 1303469, 1600639;114, 453, 96, 603, 120;"{""total_rows"":5,""count_ok_importar"":5,""count_ok_eliminar"":0,""count_pending"":0,""count_review_action"":0,""count_other"":0}";import;qa_ok_importar_found
X52421300029;GENERATOR AVG2902 DELCO 140A;;15,650 kg;import;qa_ok_importar_found;true;2;12V4000M53;1202342, 1205483;283, 640;"{""total_rows"":2,""count_ok_importar"":2,""count_ok_eliminar"":0,""count_pending"":0,""count_review_action"":0,""count_other"":0}";import;qa_ok_importar_found
X52450700015;RETAINER F. WIRING HARNESS;HC219;1.552 KGM;import;qa_ok_importar_found;true;5;12V4000M70, 16V4000M61, 16V4000M90;1900583, 1903024, 1300548, 1303471, 1600641;114, 453, 96, 603, 120;"{""total_rows"":5,""count_ok_importar"":5,""count_ok_eliminar"":0,""count_pending"":0,""count_review_action"":0,""count_other"":0}";import;qa_ok_importar_found
X52450700016;RETAINER F. WIRING HARNESS;HC219/1;1.566 KGM;import;qa_ok_importar_found;true;1;12V4000M40A;1102618;105;"{""total_rows"":1,""count_ok_importar"":1,""count_ok_eliminar"":0,""count_pending"":0,""count_review_action"":0,""count_other"":0}";import;qa_ok_importar_found
X52499100176;BUSHING FOR ROCKER ARM;nan;115,000 g;import;qa_ok_importar_found;true;16;12V4000M53, 12V4000M70, 20V4000M93;1200520, 1200526, 1203663, 1203668, 1900447, 1900453, 1902887, 1902893, 1700528, 1700534, 1704278, 1704283, 1708018, 1708023, 1711758, 1711763;89, 90, 444, 445, 92, 93, 431, 432, 94, 489, 490, 885, 886, 1281, 1282;"{""total_rows"":16,""count_ok_importar"":16,""count_ok_eliminar"":0,""count_pending"":0,""count_review_action"":0,""count_other"":0}";import;qa_ok_importar_found
X52499100259;ADJUSTING SCREW FOR ROCKER ARM;nan;0.071 KGM;import;qa_ok_importar_found;true;16;12V4000M53, 12V4000M70, 20V4000M93;1200522, 1200528, 1203665, 1203670, 1900449, 1900455, 1902889, 1902895, 1700530, 1700536, 1704280, 1704285, 1708020, 1708025, 1711760, 1711765;89, 90, 444, 445, 92, 93, 431, 432, 94, 489, 490, 885, 886, 1281, 1282;"{""total_rows"":16,""count_ok_importar"":16,""count_ok_eliminar"":0,""count_pending"":0,""count_review_action"":0,""count_other"":0}";import;qa_ok_importar_found
X52499100586;CONNECTING PIECE;;0.869 KGM;import;qa_ok_importar_found;true;2;12V4000M70;1900529, 1902969;106, 445;"{""total_rows"":2,""count_ok_importar"":2,""count_ok_eliminar"":0,""count_pending"":0,""count_review_action"":0,""count_other"":0}";import;qa_ok_importar_found
X52499100725;4/2-WAY SOL. VALVE;;1,180 kg;import;qa_ok_importar_found;true;4;12V4000M53;1201017, 1201542, 1204156, 1204681;145, 213, 500, 568;"{""total_rows"":4,""count_ok_importar"":4,""count_ok_eliminar"":0,""count_pending"":0,""count_review_action"":0,""count_other"":0}";import;qa_ok_importar_found
X52601100004;COVER ASM OIL FILLER NECK;;4,320 KG SB;import;qa_ok_importar_found;true;3;16V4000M61, 16V4000M90;1300049, 1302971, 1600041;16, 523, 20;"{""total_rows"":3,""count_ok_importar"":3,""count_ok_eliminar"":0,""count_pending"":0,""count_review_action"":0,""count_other"":0}";import;qa_ok_importar_found
X52601100052;INSPECT PORT COVER FOR SENSOR;;4.553 KGM;import;qa_ok_importar_found;true;4;20V4000M93;1700080, 1703826, 1707566, 1711306;29, 425, 821, 1217;"{""total_rows"":4,""count_ok_importar"":4,""count_ok_eliminar"":0,""count_pending"":0,""count_review_action"":0,""count_other"":0}";import;qa_ok_importar_found
X52601100055;OIL FILLER NECK;;4.15 KGM;import;qa_ok_importar_found;true;2;12V4000M70;1900045, 1902486;28, 368;"{""total_rows"":2,""count_ok_importar"":2,""count_ok_eliminar"":0,""count_pending"":0,""count_review_action"":0,""count_other"":0}";import;qa_ok_importar_found
X52603100002;CRANKSHAFT 12V4000-03 LH;;;import;qa_ok_importar_found;true;2;12V4000M53;1200340, 1203481;56, 411;"{""total_rows"":2,""count_ok_importar"":2,""count_ok_eliminar"":0,""count_pending"":0,""count_review_action"":0,""count_other"":0}";import;qa_ok_importar_found
X52603800003/42;CONROD ASM BR4000 NORMALHUB;nan;9.500 kg EM;import;qa_ok_importar_found;true;16;12V4000M70, 16V4000M61, 16V4000M73, 16V4000M73L, 20V4000M93;1900355, 1902795, 1300340, 1303262, 1400444, 1403610, 1406779, 1409957, 1500332, 1503538, 1506001, 1508489, 1700426, 1704173, 1707913, 1711653;75, 414, 59, 566, 76, 430, 784, 1139, 63, 548, 893, 1236, 74, 470, 866, 1262;"{""total_rows"":16,""count_ok_importar"":16,""count_ok_eliminar"":0,""count_pending"":0,""count_review_action"":0,""count_other"":0}";import;qa_ok_importar_found
X52603800010/42;CONROD ASM BR4000 LANGHUB;;9,725 kg EM;import;qa_ok_importar_found;true;2;12V4000M53;1200419, 1203559;70, 425;"{""total_rows"":2,""count_ok_importar"":2,""count_ok_eliminar"":0,""count_pending"":0,""count_review_action"":0,""count_other"":0}";import;qa_ok_importar_found
X52605100017;CAMSHAFT FOR 12V;nan;49 KGM;import;qa_ok_importar_found;true;2;12V4000M70;1900406, 1902846;84, 423;"{""total_rows"":2,""count_ok_importar"":2,""count_ok_eliminar"":0,""count_pending"":0,""count_review_action"":0,""count_other"":0}";import;qa_ok_importar_found
X52605100021;CAMSHAFT FOR 12V;;62 KGM;import;qa_ok_importar_found;true;2;12V4000M53;1200477, 1203619;80, 435;"{""total_rows"":2,""count_ok_importar"":2,""count_ok_eliminar"":0,""count_pending"":0,""count_review_action"":0,""count_other"":0}";import;qa_ok_importar_found
X52607700001;ADAPTER;1MM;339.500 g EM DROSSEL-DURCHM 1,1MM;import;qa_ok_importar_found;true;2;20V4000M93L;1800560, 1804131;1204, 1577;"{""total_rows"":2,""count_ok_importar"":2,""count_ok_eliminar"":0,""count_pending"":0,""count_review_action"":0,""count_other"":0}";import;qa_ok_importar_found
X52607700009;ADAPTER JACKETED;DROSSEL-DURCHM0,62MM;325,000 g;import;qa_ok_importar_found;true;2;12V4000M53;1200596, 1203736;102, 457;"{""total_rows"":2,""count_ok_importar"":2,""count_ok_eliminar"":0,""count_pending"":0,""count_review_action"":0,""count_other"":0}";import;qa_ok_importar_found
X52608300001;BRACKET FUEL FILTER ASM;;9.275 KGM;import;qa_ok_importar_found;true;6;12V4000M40A, 12V4000M70, 16V4000M61, 16V4000M90;1102631, 1900571, 1903012, 1300539, 1303462, 1600629;105, 114, 453, 96, 603, 120;"{""total_rows"":6,""count_ok_importar"":6,""count_ok_eliminar"":0,""count_pending"":0,""count_review_action"":0,""count_other"":0}";import;qa_ok_importar_found
X52610100047;TURBINE HOUSING;nan;18.58 KGM;import;qa_ok_importar_found;true;4;12V4000M70;1900799, 1900842, 1903241, 1903284;131, 135, 470, 474;"{""total_rows"":4,""count_ok_importar"":4,""count_ok_eliminar"":0,""count_pending"":0,""count_review_action"":0,""count_other"":0}";import;qa_ok_importar_found
X52610100073;EXHAUST TURBOCHARGER LEFT SIDE;nan;nan;import;qa_ok_importar_found;true;2;12V4000M70;1900761, 1903203;129, 468;"{""total_rows"":2,""count_ok_importar"":2,""count_ok_eliminar"":0,""count_pending"":0,""count_review_action"":0,""count_other"":0}";import;qa_ok_importar_found
X52610100074;EXHAUST TURBOCHARGER RIGHT SIDE;nan;nan;import;qa_ok_importar_found;true;2;12V4000M70;1900753, 1903195;129, 468;"{""total_rows"":2,""count_ok_importar"":2,""count_ok_eliminar"":0,""count_pending"":0,""count_review_action"":0,""count_other"":0}";import;qa_ok_importar_found
X52612300008;INTAKE HOUSING;;7,560 KG EM;import;qa_ok_importar_found;true;1;12V4000M40A;1102633;135;"{""total_rows"":1,""count_ok_importar"":1,""count_ok_eliminar"":0,""count_pending"":0,""count_review_action"":0,""count_other"":0}";import;qa_ok_importar_found
X52614300011;CARRIER HOUSING LEFT;;53.25 KGM;import;qa_ok_importar_found;true;2;12V4000M70;1901217, 1903659;183, 522;"{""total_rows"":2,""count_ok_importar"":2,""count_ok_eliminar"":0,""count_pending"":0,""count_review_action"":0,""count_other"":0}";import;qa_ok_importar_found
X52614300012;CARRIER HOUSING RIGHT;;71.25 KGM;import;qa_ok_importar_found;true;2;12V4000M70;1901225, 1903667;183, 522;"{""total_rows"":2,""count_ok_importar"":2,""count_ok_eliminar"":0,""count_pending"":0,""count_review_action"":0,""count_other"":0}";import;qa_ok_importar_found
X52614300014;CARRIER HOUSNG COVER;;53,500 kg;import;qa_ok_importar_found;true;2;12V4000M70;1901237, 1903679;183, 522;"{""total_rows"":2,""count_ok_importar"":2,""count_ok_eliminar"":0,""count_pending"":0,""count_review_action"":0,""count_other"":0}";import;qa_ok_importar_found
X52617300001;STARTER AIR LEFT SIDE;;24.540 kg;import;qa_ok_importar_found;true;10;16V4000M73, 20V4000M93, 20V4000M93L;1401365, 1404534, 1407712, 1410890, 1701631, 1705371, 1709111, 1712858, 1801606, 1805265;197, 551, 906, 1261, 215, 611, 1007, 1403, 1312, 1692;"{""total_rows"":10,""count_ok_importar"":10,""count_ok_eliminar"":0,""count_pending"":0,""count_review_action"":0,""count_other"":0}";import;qa_ok_importar_found
X52617300003;SCREW-FITTING UNION FOR COMPRESSED AIR;nan;0.385 KGM;import;qa_ok_importar_found;true;26;12V4000M70, 16V4000M73, 16V4000M73L, 20V4000M93;1901346, 1903733, 1401368, 1401428, 1404537, 1404597, 1407715, 1407775, 1410893, 1410953, 1501128, 1501185, 1504335, 1504392, 1506798, 1506855, 1509284, 1509341, 1701634, 1701696, 1705374, 1705436, 1709114, 1709176, 1712861, 1712923;200, 537, 197, 551, 554, 906, 909, 1261, 1264, 187, 190, 673, 676, 1018, 1021, 1357, 1360, 215, 218, 611, 614, 1007, 1010, 1403, 1406;"{""total_rows"":26,""count_ok_importar"":26,""count_ok_eliminar"":0,""count_pending"":0,""count_review_action"":0,""count_other"":0}";import;qa_ok_importar_found
X52618200001;OIL LINE;;445.000 g SB;import;qa_ok_importar_found;true;16;12V4000M53, 12V4000M70, 16V4000M73, 16V4000M73L, 20V4000M93;1201696, 1204835, 1901595, 1903982, 1401847, 1405016, 1408194, 1411373, 1501548, 1504755, 1507218, 1509706, 1702159, 1705899, 1709639, 1713382;223, 578, 236, 573, 241, 595, 950, 1304, 229, 715, 1060, 1397, 258, 654, 1050, 1446;"{""total_rows"":16,""count_ok_importar"":16,""count_ok_eliminar"":0,""count_pending"":0,""count_review_action"":0,""count_other"":0}";import;qa_ok_importar_found
X52618500015;OIL LINE;;0.394 KGM;import;qa_ok_importar_found;true;2;16V4000M61;1301307, 1304220;210, 712;"{""total_rows"":2,""count_ok_importar"":2,""count_ok_eliminar"":0,""count_pending"":0,""count_review_action"":0,""count_other"":0}";import;qa_ok_importar_found
X52620200081;PUMP ASM WTR HI TEMP CLG CIRCUIT;;31.000 kg EM;import;qa_ok_importar_found;true;3;16V4000M61, 16V4000M90;1301535, 1304448, 1601467;238, 739, 211;"{""total_rows"":3,""count_ok_importar"":3,""count_ok_eliminar"":0,""count_pending"":0,""count_review_action"":0,""count_other"":0}";import;qa_ok_importar_found
X52620200154;FLANGE;;0.902 KGM;import;qa_ok_importar_found;true;14;12V4000M53, 16V4000M73, 16V4000M73L, 20V4000M93;1201190, 1204329, 1401249, 1404418, 1407587, 1410765, 1501023, 1504230, 1506693, 1509177, 1701583, 1705323, 1709063, 1712809;163, 518, 180, 534, 888, 1243, 169, 655, 1000, 1340, 206, 602, 998, 1394;"{""total_rows"":14,""count_ok_importar"":14,""count_ok_eliminar"":0,""count_pending"":0,""count_review_action"":0,""count_other"":0}";import;qa_ok_importar_found
X52620200183;COOLANT PUMP HIGH-TEMP CIRCUIT;;;import;qa_ok_importar_found;true;2;12V4000M53;1202058, 1205197;247, 602;"{""total_rows"":2,""count_ok_importar"":2,""count_ok_eliminar"":0,""count_pending"":0,""count_review_action"":0,""count_other"":0}";import;qa_ok_importar_found
X52620300004;FLANGE;;0.915 g;import;qa_ok_importar_found;true;2;20V4000M93L;1801475, 1805081;1294, 1671;"{""total_rows"":2,""count_ok_importar"":2,""count_ok_eliminar"":0,""count_pending"":0,""count_review_action"":0,""count_other"":0}";import;qa_ok_importar_found
X52620300034;CONDENSATE LINE F.INTERCOOLER LHS;;0.147 KGM;import;qa_ok_importar_found;true;5;12V4000M70, 16V4000M61, 16V4000M90;1900873, 1903315, 1300756, 1303667, 1600889;138, 477, 126, 630;"{""total_rows"":5,""count_ok_importar"":5,""count_ok_eliminar"":0,""count_pending"":0,""count_review_action"":0,""count_other"":0}";import;qa_ok_importar_found
X52623100018;MOUNTING BRACKET;;25.400 kg;import;qa_ok_importar_found;true;19;12V4000M53, 12V4000M70, 16V4000M61, 16V4000M73, 16V4000M73L, 16V4000M90, 20V4000M93;1202370, 1205511, 1902108, 1904495, 1301762, 1304674, 1402564, 1405733, 1408911, 1412113, 1502033, 1505240, 1507697, 1510185, 1601992, 1702974, 1706714, 1710454, 1714196;289, 646, 292, 629, 279, 778, 305, 659, 1014, 1368, 286, 772, 1114, 1449, 272, 324, 720, 1116, 1512;"{""total_rows"":19,""count_ok_importar"":19,""count_ok_eliminar"":0,""count_pending"":0,""count_review_action"":0,""count_other"":0}";import;qa_ok_importar_found
X52650200006;RETAINER TOP;;2.700 kg;import;qa_ok_importar_found;true;14;16V4000M73, 16V4000M73L, 20V4000M93, 20V4000M93L;1402782, 1405951, 1409129, 1412331, 1502330, 1505367, 1507860, 1510350, 1703363, 1707103, 1710843, 1714583, 1803145, 1806827;329, 683, 1038, 1392, 342, 804, 1147, 1482, 367, 763, 1159, 1555, 1457, 1841;"{""total_rows"":14,""count_ok_importar"":14,""count_ok_eliminar"":0,""count_pending"":0,""count_review_action"":0,""count_other"":0}";import;qa_ok_importar_found
X52699100108;PLATE GUARD G73;;0.319 KGM;import;qa_ok_importar_found;true;5;12V4000M70, 16V4000M61, 16V4000M90;1900302, 1902742, 1300290, 1303212, 1600318;65, 404, 49, 556, 60;"{""total_rows"":5,""count_ok_importar"":5,""count_ok_eliminar"":0,""count_pending"":0,""count_review_action"":0,""count_other"":0}";import;qa_ok_importar_found
X52699100329;DUAL-PURPOSE PLATE;;1.89 KGM;import;qa_ok_importar_found;true;21;16V4000M73, 16V4000M73L, 20V4000M93;1402110, 1402128, 1405279, 1405297, 1408457, 1408475, 1411636, 1411654, 1510104, 1702308, 1702313, 1702328, 1706048, 1706053, 1706068, 1709788, 1709793, 1709808, 1713532, 1713537, 1713552;267, 621, 976, 1330, 1430, 276, 672, 1068, 1464;"{""total_rows"":21,""count_ok_importar"":21,""count_ok_eliminar"":0,""count_pending"":0,""count_review_action"":0,""count_other"":0}";import;qa_ok_importar_found
X52701100015;OIL DIPSTICK;;0.21 KGM;import;qa_ok_importar_found;true;1;12V4000M40A;1102637;290;"{""total_rows"":1,""count_ok_importar"":1,""count_ok_eliminar"":0,""count_pending"":0,""count_review_action"":0,""count_other"":0}";import;qa_ok_importar_found
X52701400008;OIL PAN;;144.000 kg;import;qa_ok_importar_found;true;3;16V4000M61, 16V4000M90;1300070, 1302992, 1600065;19, 526, 23;"{""total_rows"":3,""count_ok_importar"":3,""count_ok_eliminar"":0,""count_pending"":0,""count_review_action"":0,""count_other"":0}";import;qa_ok_importar_found
X52707300005;HP PUMP;;80.000 kg EM;import;qa_ok_importar_found;true;2;20V4000M93L;1800522, 1804095;1198, 1571;"{""total_rows"":2,""count_ok_importar"":2,""count_ok_eliminar"":0,""count_pending"":0,""count_review_action"":0,""count_other"":0}";import;qa_ok_importar_found
X52710100016;EXHAUST TURBOCHARGER RIGHT ZR195;;69.300 kg EM;import;qa_ok_importar_found;true;1;16V4000M90;1600812;133;"{""total_rows"":1,""count_ok_importar"":1,""count_ok_eliminar"":0,""count_pending"":0,""count_review_action"":0,""count_other"":0}";import;qa_ok_importar_found
X52710100017;EXHAUST TURBOCHARGER LEFT ZR195;;67.700 kg EM;import;qa_ok_importar_found;true;1;16V4000M90;1600757;127;"{""total_rows"":1,""count_ok_importar"":1,""count_ok_eliminar"":0,""count_pending"":0,""count_review_action"":0,""count_other"":0}";import;qa_ok_importar_found
X52710100027;EXHAUST TURBOCHARGER LEFT SIDE;;;import;qa_ok_importar_found;true;2;16V4000M61;1300652, 1303563;115, 619;"{""total_rows"":2,""count_ok_importar"":2,""count_ok_eliminar"":0,""count_pending"":0,""count_review_action"":0,""count_other"":0}";import;qa_ok_importar_found
X52718300010;OIL FILTER AUTOMATIC;;;import;qa_ok_importar_found;true;3;16V4000M73L;1501414, 1504621, 1507084;217, 703, 1048;"{""total_rows"":3,""count_ok_importar"":3,""count_ok_eliminar"":0,""count_pending"":0,""count_review_action"":0,""count_other"":0}";import;qa_ok_importar_found
X52718300038/31;AUTOMATIC OIL FILTER;;;import;qa_ok_importar_found;true;3;16V4000M73;1401610, 1404779, 1407957;219, 573, 928;"{""total_rows"":3,""count_ok_importar"":3,""count_ok_eliminar"":0,""count_pending"":0,""count_review_action"":0,""count_other"":0}";import;qa_ok_importar_found
X52720200061;BALL COCK;;0.841 KGM;import;qa_ok_importar_found;true;1;12V4000M40A;1102638;238;"{""total_rows"":1,""count_ok_importar"":1,""count_ok_eliminar"":0,""count_pending"":0,""count_review_action"":0,""count_other"":0}";import;qa_ok_importar_found
X52723100019;ENGINE SUPPORT;;4.04 KGM;import;qa_ok_importar_found;true;14;12V4000M53, 16V4000M73, 16V4000M73L, 20V4000M93;1202364, 1205505, 1402552, 1405721, 1408899, 1412102, 1502022, 1505229, 1507686, 1510175, 1702962, 1706702, 1710442, 1714185;287, 644, 303, 657, 1012, 1366, 284, 770, 1112, 1447, 322, 718, 1114, 1510;"{""total_rows"":14,""count_ok_importar"":14,""count_ok_eliminar"":0,""count_pending"":0,""count_review_action"":0,""count_other"":0}";import;qa_ok_importar_found
X52801500001;LIFTING EYE;;3,825 KG;import;qa_ok_importar_found;true;1;12V4000M40A;1102642;24;"{""total_rows"":1,""count_ok_importar"":1,""count_ok_eliminar"":0,""count_pending"":0,""count_review_action"":0,""count_other"":0}";import;qa_ok_importar_found
X52801500002;LIFTING EYE;;9.25 KGM;import;qa_ok_importar_found;true;28;12V4000M53, 16V4000M73, 16V4000M73L, 20V4000M93, 20V4000M93L;1200112, 1200113, 1203255, 1203256, 1400120, 1400121, 1403292, 1403293, 1406461, 1406462, 1409639, 1409640, 1500079, 1503285, 1505748, 1508235, 1700120, 1700121, 1703866, 1703867, 1707606, 1707607, 1711346, 1711347, 1800118, 1800119, 1803690, 1803691;33, 388, 36, 390, 744, 1099, 25, 510, 855, 1198, 34, 430, 826, 1222, 1136, 1509;"{""total_rows"":28,""count_ok_importar"":28,""count_ok_eliminar"":0,""count_pending"":0,""count_review_action"":0,""count_other"":0}";import;qa_ok_importar_found
X52801500003;LIFTING EYE;nan;3.69 KGM;import;qa_ok_importar_found;true;10;12V4000M70, 16V4000M61, 16V4000M90;1900091, 1900092, 1900093, 1902531, 1902532, 1902533, 1300093, 1303015, 1600099, 1600100;35, 374, 23, 530, 28;"{""total_rows"":10,""count_ok_importar"":10,""count_ok_eliminar"":0,""count_pending"":0,""count_review_action"":0,""count_other"":0}";import;qa_ok_importar_found
X52803500004;IDLER GEAR F.SEC.PTO, FREE END;;14.000 kg;import;qa_ok_importar_found;true;2;20V4000M93L;1800315, 1803889;1153, 1526;"{""total_rows"":2,""count_ok_importar"":2,""count_ok_eliminar"":0,""count_pending"":0,""count_review_action"":0,""count_other"":0}";import;qa_ok_importar_found
X52810100007;SHAFT;;133.500 g;import;qa_ok_importar_found;true;2;20V4000M93L;1800811, 1804417;1235, 1612;"{""total_rows"":2,""count_ok_importar"":2,""count_ok_eliminar"":0,""count_pending"":0,""count_review_action"":0,""count_other"":0}";import;qa_ok_importar_found
X52814100016;EXHAUST PIPE TO TURBOCHARGER;;4.14 KGM;import;qa_ok_importar_found;true;16;12V4000M53, 16V4000M73, 16V4000M73L, 20V4000M93, 20V4000M93L;1201204, 1204343, 1401264, 1404433, 1407602, 1410780, 1501033, 1504240, 1506703, 1509187, 1701598, 1705338, 1709078, 1712824, 1801489, 1805095;163, 518, 180, 534, 888, 1243, 169, 655, 1000, 1340, 206, 602, 998, 1394, 1294, 1671;"{""total_rows"":16,""count_ok_importar"":16,""count_ok_eliminar"":0,""count_pending"":0,""count_review_action"":0,""count_other"":0}";import;qa_ok_importar_found
X52814100025;EXHAUST PIPE BELLOWS;;;import;qa_ok_importar_found;true;2;20V4000M93L;1801433, 1805039;1290, 1667;"{""total_rows"":2,""count_ok_importar"":2,""count_ok_eliminar"":0,""count_pending"":0,""count_review_action"":0,""count_other"":0}";import;qa_ok_importar_found
X52818100003;OIL PUMP;;37.000 kg;import;qa_ok_importar_found;true;8;16V4000M73, 16V4000M73L;1401560, 1404729, 1407907, 1411085, 1501399, 1504606, 1507069, 1509556;213, 567, 922, 1277, 214, 700, 1045, 1382;"{""total_rows"":8,""count_ok_importar"":8,""count_ok_eliminar"":0,""count_pending"":0,""count_review_action"":0,""count_other"":0}";import;qa_ok_importar_found
X52820200054;VENT LINE;;175.000 g;import;qa_ok_importar_found;true;6;20V4000M93, 20V4000M93L;1702549, 1706289, 1710029, 1713773, 1802601, 1806260;286, 682, 1078, 1474, 1395, 1775;"{""total_rows"":6,""count_ok_importar"":6,""count_ok_eliminar"":0,""count_pending"":0,""count_review_action"":0,""count_other"":0}";import;qa_ok_importar_found
X52820200161;COOLANT LINE;;1.975 g SB;import;qa_ok_importar_found;true;2;20V4000M93L;1802444, 1806103;1388, 1768;"{""total_rows"":2,""count_ok_importar"":2,""count_ok_eliminar"":0,""count_pending"":0,""count_review_action"":0,""count_other"":0}";import;qa_ok_importar_found
X52820200163;COOLANT LINE;;707.000 g SB;import;qa_ok_importar_found;true;6;20V4000M93, 20V4000M93L;1702352, 1706092, 1709832, 1713576, 1802403, 1806062;279, 675, 1071, 1467, 1387, 1767;"{""total_rows"":6,""count_ok_importar"":6,""count_ok_eliminar"":0,""count_pending"":0,""count_review_action"":0,""count_other"":0}";import;qa_ok_importar_found
X52820200164;COOLANT LINE;;797.000 g SB;import;qa_ok_importar_found;true;6;20V4000M93, 20V4000M93L;1702357, 1706097, 1709837, 1713581, 1802408, 1806067;279, 675, 1071, 1467, 1387, 1767;"{""total_rows"":6,""count_ok_importar"":6,""count_ok_eliminar"":0,""count_pending"":0,""count_review_action"":0,""count_other"":0}";import;qa_ok_importar_found
X52820200168;RETAINER;;0.666 KGM;import;qa_ok_importar_found;true;34;16V4000M73, 16V4000M73L, 20V4000M93, 20V4000M93L;1401050, 1401931, 1404219, 1405100, 1407388, 1408278, 1410566, 1411459, 1500857, 1501699, 1504064, 1504906, 1506527, 1507369, 1509011, 1509857, 1701175, 1702380, 1702387, 1704915, 1706120, 1706127, 1708655, 1709860, 1709867, 1712404, 1713604, 1713611, 1801141, 1802429, 1802439, 1804747, 1806088, 1806098;159, 252, 513, 606, 867, 961, 1222, 1315, 146, 248, 632, 734, 977, 1079, 1318, 1415, 167, 279, 563, 675, 959, 1071, 1355, 1467, 1265, 1387, 1642, 1767;"{""total_rows"":34,""count_ok_importar"":34,""count_ok_eliminar"":0,""count_pending"":0,""count_review_action"":0,""count_other"":0}";import;qa_ok_importar_found
X52820200173;THERMAL ACTUATOR;;;import;qa_ok_importar_found;true;10;16V4000M73, 16V4000M73L, 20V4000M93L;1402388, 1405557, 1408735, 1411934, 1501683, 1504890, 1507353, 1509841, 1802861, 1806520;287, 641, 996, 1350, 243, 729, 1074, 1410, 1411, 1791;"{""total_rows"":10,""count_ok_importar"":10,""count_ok_eliminar"":0,""count_pending"":0,""count_review_action"":0,""count_other"":0}";import;qa_ok_importar_found
X52820200177;FLANGE;;;import;qa_ok_importar_found;true;6;20V4000M93L;1802357, 1802362, 1802377, 1806016, 1806021, 1806036;1384, 1764;"{""total_rows"":6,""count_ok_importar"":6,""count_ok_eliminar"":0,""count_pending"":0,""count_review_action"":0,""count_other"":0}";import;qa_ok_importar_found
X52823100023;RUBBER MOUNT;;66.2 KGM;import;qa_ok_importar_found;true;2;20V4000M93L;1803026, 1806684;1431, 1811;"{""total_rows"":2,""count_ok_importar"":2,""count_ok_eliminar"":0,""count_pending"":0,""count_review_action"":0,""count_other"":0}";import;qa_ok_importar_found
X52899100016;HALF-CLAMP;;;import;qa_ok_importar_found;true;2;20V4000M93L;1802805, 1806464;1406, 1786;"{""total_rows"":2,""count_ok_importar"":2,""count_ok_eliminar"":0,""count_pending"":0,""count_review_action"":0,""count_other"":0}";import;qa_ok_importar_found
X54701800008;OIL PRESEPARATOR;;9.724 KGM;import;qa_ok_importar_found;true;4;20V4000M93;1700209, 1703953, 1707693, 1711433;40, 436, 832, 1228;"{""total_rows"":4,""count_ok_importar"":4,""count_ok_eliminar"":0,""count_pending"":0,""count_review_action"":0,""count_other"":0}";import;qa_ok_importar_found
X54701800009;GASKET;;0.058 KGM;import;qa_ok_importar_found;true;4;20V4000M93;1700207, 1703951, 1707691, 1711431;40, 436, 832, 1228;"{""total_rows"":4,""count_ok_importar"":4,""count_ok_eliminar"":0,""count_pending"":0,""count_review_action"":0,""count_other"":0}";import;qa_ok_importar_found
X54701800063;OIL SEPARATOR;;0.164 KGM;import;qa_ok_importar_found;true;2;12V4000M53;1200170, 1203312;40, 395;"{""total_rows"":2,""count_ok_importar"":2,""count_ok_eliminar"":0,""count_pending"":0,""count_review_action"":0,""count_other"":0}";import;qa_ok_importar_found
X54823100002;ENGINE SUPPORT;nan;7,765 kg;import;qa_ok_importar_found;true;2;12V4000M70;1902118, 1904505;293, 630;"{""total_rows"":2,""count_ok_importar"":2,""count_ok_eliminar"":0,""count_pending"":0,""count_review_action"":0,""count_other"":0}";import;qa_ok_importar_found
X56912300043;ACTUATING CYLINDER;;1.279 KGM;import;qa_ok_importar_found;true;21;12V4000M53, 16V4000M73, 16V4000M73L, 20V4000M93;1201081, 1201264, 1204220, 1204402, 1401064, 1401325, 1404233, 1404493, 1407402, 1407662, 1410580, 1410840, 1509025, 1701196, 1701506, 1704936, 1705245, 1708676, 1708985, 1712425, 1712731;151, 171, 506, 526, 162, 186, 516, 540, 870, 894, 1225, 1249, 1321, 170, 196, 566, 592, 962, 988, 1358, 1384;"{""total_rows"":21,""count_ok_importar"":21,""count_ok_eliminar"":0,""count_pending"":0,""count_review_action"":0,""count_other"":0}";import;qa_ok_importar_found
X57518500026;SCREW-FITTING UNION F/TURBO OIL SUPPLY;;;import;qa_ok_importar_found;true;2;12V4000M53;1202021, 1205160;242, 597;"{""total_rows"":2,""count_ok_importar"":2,""count_ok_eliminar"":0,""count_pending"":0,""count_review_action"":0,""count_other"":0}";import;qa_ok_importar_found
X58401100013/24;SAFETY VALVE CCS ACCEPTANCE;;4.123 kg;import;qa_ok_importar_found;true;12;20V4000M93;1700009, 1700014, 1700020, 1703754, 1703759, 1703765, 1707494, 1707499, 1707505, 1711234, 1711239, 1711245;21, 417, 813, 1209;"{""total_rows"":12,""count_ok_importar"":12,""count_ok_eliminar"":0,""count_pending"":0,""count_review_action"":0,""count_other"":0}";import;qa_ok_importar_found
X58401100013/31;SAFETY VALVE LR ACCEPTANCE;nan;4.330 kg;import;qa_ok_importar_found;true;14;12V4000M53, 12V4000M70, 16V4000M73;1200054, 1200060, 1203205, 1203211, 1900038, 1902478, 1400010, 1400016, 1403181, 1403187, 1406350, 1406356, 1409528, 1409534;26, 381, 27, 366, 23, 377, 731, 1086;"{""total_rows"":14,""count_ok_importar"":14,""count_ok_eliminar"":0,""count_pending"":0,""count_review_action"":0,""count_other"":0}";import;qa_ok_importar_found
X58401100013/87;SAFETY VALVE WITH TEST CERT. 3.1;;4.12 KGM;import;qa_ok_importar_found;true;4;16V4000M73L;1500011, 1503211, 1505674, 1508167;12, 497, 842, 1185;"{""total_rows"":4,""count_ok_importar"":4,""count_ok_eliminar"":0,""count_pending"":0,""count_review_action"":0,""count_other"":0}";import;qa_ok_importar_found
X59301300013;CYLINDER LINER SIZE;;;import;qa_ok_importar_found;true;4;16V4000M73;1400068, 1403240, 1406409, 1409587;28, 382, 736, 1091;"{""total_rows"":4,""count_ok_importar"":4,""count_ok_eliminar"":0,""count_pending"":0,""count_review_action"":0,""count_other"":0}";import;qa_ok_importar_found
X59301300014;CYLINDER LINER SIZE 2;;;import;qa_ok_importar_found;true;4;16V4000M73;1400069, 1403241, 1406410, 1409588;28, 382, 736, 1091;"{""total_rows"":4,""count_ok_importar"":4,""count_ok_eliminar"":0,""count_pending"":0,""count_review_action"":0,""count_other"":0}";import;qa_ok_importar_found
X59301300038;CYLINDER LINER STAGE 1;;17.1 KGM;import;qa_ok_importar_found;true;6;12V4000M53, 20V4000M93;1200037, 1203188, 1700063, 1703808, 1707548, 1711288;23, 378, 25, 421, 817, 1213;"{""total_rows"":6,""count_ok_importar"":6,""count_ok_eliminar"":0,""count_pending"":0,""count_review_action"":0,""count_other"":0}";import;qa_ok_importar_found
X59301300039;CYLINDER LINER STAGE 2;;18.7 KGM;import;qa_ok_importar_found;true;6;12V4000M53, 20V4000M93;1200038, 1203189, 1700064, 1703809, 1707549, 1711289;23, 378, 25, 421, 817, 1213;"{""total_rows"":6,""count_ok_importar"":6,""count_ok_eliminar"":0,""count_pending"":0,""count_review_action"":0,""count_other"":0}";import;qa_ok_importar_found
X59301600002;DEAD-CENTER INDICATR;;245.000 g;import;qa_ok_importar_found;true;14;12V4000M53, 16V4000M73, 16V4000M73L, 20V4000M93;1200136, 1203278, 1400144, 1403315, 1406484, 1409662, 1500101, 1503307, 1505770, 1508257, 1700144, 1703889, 1707629, 1711369;35, 390, 38, 392, 746, 1101, 27, 512, 857, 1200, 36, 432, 828, 1224;"{""total_rows"":14,""count_ok_importar"":14,""count_ok_eliminar"":0,""count_pending"":0,""count_review_action"":0,""count_other"":0}";import;qa_ok_importar_found
X59302400016/75;EQUIPMENT RACK PRIMED;;263,000 kg;import;qa_ok_importar_found;true;2;12V4000M53;1200301, 1203445;48, 403;"{""total_rows"":2,""count_ok_importar"":2,""count_ok_eliminar"":0,""count_pending"":0,""count_review_action"":0,""count_other"":0}";import;qa_ok_importar_found
X59303100024;THRUST WASHER;;8.836 KGM;import;qa_ok_importar_found;true;6;12V4000M53, 20V4000M93;1200149, 1203291, 1700158, 1703903, 1707643, 1711383;36, 391, 37, 433, 829, 1225;"{""total_rows"":6,""count_ok_importar"":6,""count_ok_eliminar"":0,""count_pending"":0,""count_review_action"":0,""count_other"":0}";import;qa_ok_importar_found
X59303700183;PISTON;;;import;qa_ok_importar_found;true;2;12V4000M53;1200418, 1203558;68, 423;"{""total_rows"":2,""count_ok_importar"":2,""count_ok_eliminar"":0,""count_pending"":0,""count_review_action"":0,""count_other"":0}";import;qa_ok_importar_found
X59305200001;IDLER GEAR FOR CAMSHAFT DRIVE;;17,400 kg;import;qa_ok_importar_found;true;4;12V4000M53, 12V4000M70;1200310, 1203453, 1900201, 1902641;49, 404, 388;"{""total_rows"":4,""count_ok_importar"":4,""count_ok_eliminar"":0,""count_pending"":0,""count_review_action"":0,""count_other"":0}";import;qa_ok_importar_found
X59305200004;IDLER GEAR FOR CAMSHAFT DRIVE;;13.92 KGM;import;qa_ok_importar_found;true;12;16V4000M73, 16V4000M73L, 20V4000M93;1400336, 1403504, 1406673, 1409851, 1500239, 1503445, 1505908, 1508395, 1700322, 1704067, 1707807, 1711547;56, 410, 764, 1119, 44, 529, 874, 1217, 53, 449, 845, 1241;"{""total_rows"":12,""count_ok_importar"":12,""count_ok_eliminar"":0,""count_pending"":0,""count_review_action"":0,""count_other"":0}";import;qa_ok_importar_found
X59308300001;FILTER HEAD;;25.600 kg;import;qa_ok_importar_found;true;2;20V4000M93L;1800696, 1804302;1223, 1600;"{""total_rows"":2,""count_ok_importar"":2,""count_ok_eliminar"":0,""count_pending"":0,""count_review_action"":0,""count_other"":0}";import;qa_ok_importar_found
X59308300011;BANJO SCREW;;79.300 g;import;qa_ok_importar_found;true;14;16V4000M73, 16V4000M73L, 20V4000M93, 20V4000M93L;1400719, 1403888, 1407057, 1410235, 1500565, 1503771, 1506234, 1508722, 1700716, 1704462, 1708202, 1711942, 1800683, 1804289;123, 477, 831, 1186, 111, 596, 941, 1284, 519, 915, 1311, 1222, 1599;"{""total_rows"":14,""count_ok_importar"":14,""count_ok_eliminar"":0,""count_pending"":0,""count_review_action"":0,""count_other"":0}";import;qa_ok_importar_found
X59308300012;VALVE WITH BAFFLE;;0.128 KGM;import;qa_ok_importar_found;true;16;12V4000M53, 16V4000M73, 16V4000M73L, 20V4000M93, 20V4000M93L;1200811, 1203950, 1400739, 1403908, 1407077, 1410255, 1500580, 1503786, 1506249, 1508737, 1700736, 1704482, 1708222, 1711963, 1800703, 1804309;122, 477, 125, 479, 833, 1188, 113, 598, 943, 1286, 521, 917, 1313, 1224, 1601;"{""total_rows"":16,""count_ok_importar"":16,""count_ok_eliminar"":0,""count_pending"":0,""count_review_action"":0,""count_other"":0}";import;qa_ok_importar_found
X59308300024;RETAINER;;9.49 KGM;import;qa_ok_importar_found;true;2;12V4000M53;1200807, 1203946;122, 477;"{""total_rows"":2,""count_ok_importar"":2,""count_ok_eliminar"":0,""count_pending"":0,""count_review_action"":0,""count_other"":0}";import;qa_ok_importar_found
X59308300031;FUEL FILTER SPIN-ON;;1,300 kg;import;qa_ok_importar_found;true;2;12V4000M53;1200834, 1203974;123, 478;"{""total_rows"":2,""count_ok_importar"":2,""count_ok_eliminar"":0,""count_pending"":0,""count_review_action"":0,""count_other"":0}";import;qa_ok_importar_found
X59308300034;FUEL FILTER;;17,300 kg EM;import;qa_ok_importar_found;true;2;12V4000M53;1200824, 1203963;122, 477;"{""total_rows"":2,""count_ok_importar"":2,""count_ok_eliminar"":0,""count_pending"":0,""count_review_action"":0,""count_other"":0}";import;qa_ok_importar_found
X59308300046;CONNECTING PIECE F.ADDIT.FUEL FILTER;;;import;qa_ok_importar_found;true;11;16V4000M73, 16V4000M73L, 20V4000M93;1400707, 1403876, 1407045, 1410223, 1500551, 1503757, 1506220, 1508708, 1700704, 1704450, 1708190;123, 477, 831, 1186, 111, 596, 941, 1284, 519, 915;"{""total_rows"":11,""count_ok_importar"":11,""count_ok_eliminar"":0,""count_pending"":0,""count_review_action"":0,""count_other"":0}";import;qa_ok_importar_found
X59308700006;LECKA-SENSORHOUSING;;0.856 KGM;import;qa_ok_importar_found;true;2;12V4000M53;1200841, 1203981;125, 480;"{""total_rows"":2,""count_ok_importar"":2,""count_ok_eliminar"":0,""count_pending"":0,""count_review_action"":0,""count_other"":0}";import;qa_ok_importar_found
X59318300009;SOCKET PIPE;;0.098 KGM;import;qa_ok_importar_found;true;14;16V4000M73, 16V4000M73L, 20V4000M93, 20V4000M93L;1401721, 1404890, 1408068, 1411246, 1501524, 1504731, 1507194, 1509682, 1701905, 1705645, 1709385, 1713130, 1802063, 1805722;227, 581, 936, 1290, 224, 710, 1055, 1392, 241, 637, 1033, 1429, 1352, 1732;"{""total_rows"":14,""count_ok_importar"":14,""count_ok_eliminar"":0,""count_pending"":0,""count_review_action"":0,""count_other"":0}";import;qa_ok_importar_found
X59318300024;OIL. DISTR. HOUSING;;54.2 KGM;import;qa_ok_importar_found;true;2;12V4000M53;1201333, 1204472;184, 539;"{""total_rows"":2,""count_ok_importar"":2,""count_ok_eliminar"":0,""count_pending"":0,""count_review_action"":0,""count_other"":0}";import;qa_ok_importar_found
X59320200040;FILTER CARTRIDGE FOR COOLANT;;0.54 KGM;import;qa_ok_importar_found;true;8;16V4000M73, 16V4000M73L;1402077, 1405246, 1408424, 1411605, 1501600, 1504807, 1507270, 1509756;260, 614, 969, 1323, 236, 722, 1067, 1403;"{""total_rows"":8,""count_ok_importar"":8,""count_ok_eliminar"":0,""count_pending"":0,""count_review_action"":0,""count_other"":0}";import;qa_ok_importar_found
X59320200098;PREHEATER 3-PHASIG, 9 KW, 400 V, 50 HZ,;;;import;qa_ok_importar_found;true;2;12V4000M53;1201730, 1204869;225, 580;"{""total_rows"":2,""count_ok_importar"":2,""count_ok_eliminar"":0,""count_pending"":0,""count_review_action"":0,""count_other"":0}";import;qa_ok_importar_found
X59320200138/75;COOLANT DISTRIB HSG PRIMED;;;import;qa_ok_importar_found;true;2;12V4000M53;1202175, 1205314;261, 616;"{""total_rows"":2,""count_ok_importar"":2,""count_ok_eliminar"":0,""count_pending"":0,""count_review_action"":0,""count_other"":0}";import;qa_ok_importar_found
X59320600011;THERMOSTAT HOUSING;;;import;qa_ok_importar_found;true;2;12V4000M53;1202199, 1205338;264, 619;"{""total_rows"":2,""count_ok_importar"":2,""count_ok_eliminar"":0,""count_pending"":0,""count_review_action"":0,""count_other"":0}";import;qa_ok_importar_found
X59401100017;INSPECT PORT COVER W/OIL FILLER NECK;;;import;qa_ok_importar_found;true;2;16V4000M73L;1503241, 1505704;503, 848;"{""total_rows"":2,""count_ok_importar"":2,""count_ok_eliminar"":0,""count_pending"":0,""count_review_action"":0,""count_other"":0}";import;qa_ok_importar_found
X59401100019;INSPECT PORT COVER W/OIL FILLER NECK;;4.969 kg SB;import;qa_ok_importar_found;true;4;16V4000M73L, 20V4000M93L;1500041, 1508197, 1800067, 1803639;18, 1191, 1128, 1501;"{""total_rows"":4,""count_ok_importar"":4,""count_ok_eliminar"":0,""count_pending"":0,""count_review_action"":0,""count_other"":0}";import;qa_ok_importar_found
X59401100038;INSPECT PORT COVER W/OIL FILLER NECK;;4.991 KGM;import;qa_ok_importar_found;true;9;12V4000M53, 16V4000M73, 20V4000M93;1203214, 1400072, 1403244, 1406413, 1409591, 1700067, 1703812, 1707552, 1711292;383, 29, 737, 1092, 26, 422, 818, 1214;"{""total_rows"":9,""count_ok_importar"":9,""count_ok_eliminar"":0,""count_pending"":0,""count_review_action"":0,""count_other"":0}";import;qa_ok_importar_found
X59401100039;INSPECT PORT COVER W/OIL FILLER NECK;;4.99 KGM;import;qa_ok_importar_found;true;1;12V4000M53;1200068;27;"{""total_rows"":1,""count_ok_importar"":1,""count_ok_eliminar"":0,""count_pending"":0,""count_review_action"":0,""count_other"":0}";import;qa_ok_importar_found
X59401100066;CRANKCASE;;1.618,000;import;qa_ok_importar_found;true;2;12V4000M53;1200033, 1203184;22, 377;"{""total_rows"":2,""count_ok_importar"":2,""count_ok_eliminar"":0,""count_pending"":0,""count_review_action"":0,""count_other"":0}";import;qa_ok_importar_found
X59401400015;OIL PAN;;116,500 kg;import;qa_ok_importar_found;true;2;12V4000M70;1900063, 1902503;31, 370;"{""total_rows"":2,""count_ok_importar"":2,""count_ok_eliminar"":0,""count_pending"":0,""count_review_action"":0,""count_other"":0}";import;qa_ok_importar_found
X59401400050;OIL PAN;;320,300 kg;import;qa_ok_importar_found;true;2;12V4000M53;1200102, 1203245;31, 386;"{""total_rows"":2,""count_ok_importar"":2,""count_ok_eliminar"":0,""count_pending"":0,""count_review_action"":0,""count_other"":0}";import;qa_ok_importar_found
X59401800045;MANIFOLD;;1.115 KGM;import;qa_ok_importar_found;true;8;16V4000M73, 16V4000M73L;1400208, 1403378, 1406547, 1409725, 1500156, 1503362, 1505825, 1508312;43, 397, 751, 1106, 32, 517, 862, 1205;"{""total_rows"":8,""count_ok_importar"":8,""count_ok_eliminar"":0,""count_pending"":0,""count_review_action"":0,""count_other"":0}";import;qa_ok_importar_found
X59402400005;EQUIPMENT RACK;;262.600 kg;import;qa_ok_importar_found;true;4;16V4000M73;1400320, 1403488, 1406657, 1409835;55, 409, 763, 1118;"{""total_rows"":4,""count_ok_importar"":4,""count_ok_eliminar"":0,""count_pending"":0,""count_review_action"":0,""count_other"":0}";import;qa_ok_importar_found
X59402400005/75;EQUIPMENT RACK PRIMED;;253.000 kg;import;qa_ok_importar_found;true;4;20V4000M93;1700306, 1704051, 1707791, 1711531;52, 448, 844, 1240;"{""total_rows"":4,""count_ok_importar"":4,""count_ok_eliminar"":0,""count_pending"":0,""count_review_action"":0,""count_other"":0}";import;qa_ok_importar_found
X59403100001;CR/SHFT ASM 12V-06CWT-STROKE210;;;import;qa_ok_importar_found;true;2;12V4000M53;1200339, 1203480;55, 410;"{""total_rows"":2,""count_ok_importar"":2,""count_ok_eliminar"":0,""count_pending"":0,""count_review_action"":0,""count_other"":0}";import;qa_ok_importar_found
X59403200001;FLYWHEEL;;120 KG;import;qa_ok_importar_found;true;4;16V4000M73L;1500291, 1503497, 1505960, 1508447;53, 538, 883, 1226;"{""total_rows"":4,""count_ok_importar"":4,""count_ok_eliminar"":0,""count_pending"":0,""count_review_action"":0,""count_other"":0}";import;qa_ok_importar_found
X59403200003/42;FLYWHEEL W/ACCEPT CERTIFICAT;;;import;qa_ok_importar_found;true;2;12V4000M53;1200368, 1203509;60, 415;"{""total_rows"":2,""count_ok_importar"":2,""count_ok_eliminar"":0,""count_pending"":0,""count_review_action"":0,""count_other"":0}";import;qa_ok_importar_found
X59403500006;VIBRATION DAMPER D44/8/2;;;import;qa_ok_importar_found;true;10;12V4000M53, 16V4000M73, 16V4000M73L;1200385, 1203525, 1400401, 1403567, 1406736, 1409914, 1500301, 1503507, 1505970, 1508457;63, 418, 68, 422, 776, 1131, 55, 540, 885, 1228;"{""total_rows"":10,""count_ok_importar"":10,""count_ok_eliminar"":0,""count_pending"":0,""count_review_action"":0,""count_other"":0}";import;qa_ok_importar_found
X59407300002;BRACKET FOR HP PUMP;;4.212 kg;import;qa_ok_importar_found;true;8;16V4000M73, 16V4000M73L;1400552, 1403721, 1406890, 1410068, 1500425, 1503631, 1506094, 1508582;100, 454, 808, 1163, 86, 571, 916, 1259;"{""total_rows"":8,""count_ok_importar"":8,""count_ok_eliminar"":0,""count_pending"":0,""count_review_action"":0,""count_other"":0}";import;qa_ok_importar_found
X59407500009;INJECTOR;;3,540 KG EM;import;qa_ok_importar_found;true;4;16V4000M73L;1500435, 1503641, 1506104, 1508592;89, 574, 919, 1262;"{""total_rows"":4,""count_ok_importar"":4,""count_ok_eliminar"":0,""count_pending"":0,""count_review_action"":0,""count_other"":0}";import;qa_ok_importar_found
X59407500022;INJECTOR;;3.527 kg EM;import;qa_ok_importar_found;true;4;20V4000M93;1700561, 1704309, 1708049, 1711789;102, 498, 894, 1290;"{""total_rows"":4,""count_ok_importar"":4,""count_ok_eliminar"":0,""count_pending"":0,""count_review_action"":0,""count_other"":0}";import;qa_ok_importar_found
X59407700014;ADAPTER;DROSSEL-DURCHM 1,1MM;0.328 KGM;import;qa_ok_importar_found;true;12;16V4000M73, 16V4000M73L, 20V4000M93;1400598, 1403768, 1406937, 1410115, 1500453, 1503659, 1506122, 1508610, 1700598, 1704345, 1708085, 1711825;107, 461, 815, 1170, 92, 577, 922, 1265, 106, 502, 898, 1294;"{""total_rows"":12,""count_ok_importar"":12,""count_ok_eliminar"":0,""count_pending"":0,""count_review_action"":0,""count_other"":0}";import;qa_ok_importar_found
X59407700023;HP FUEL LINE;;0.285 KGM;import;qa_ok_importar_found;true;14;12V4000M53, 16V4000M73, 16V4000M73L, 20V4000M93;1200595, 1203735, 1400597, 1403767, 1406936, 1410114, 1500452, 1503658, 1506121, 1508609, 1700597, 1704344, 1708084, 1711824;102, 457, 107, 461, 815, 1170, 92, 577, 922, 1265, 106, 502, 898, 1294;"{""total_rows"":14,""count_ok_importar"":14,""count_ok_eliminar"":0,""count_pending"":0,""count_review_action"":0,""count_other"":0}";import;qa_ok_importar_found
X59407700034;HP ACCUMULATOR DOUBLE-WALLED, RIGH;;16 KGM;import;qa_ok_importar_found;true;2;12V4000M53;1200594, 1203734;102, 457;"{""total_rows"":2,""count_ok_importar"":2,""count_ok_eliminar"":0,""count_pending"":0,""count_review_action"":0,""count_other"":0}";import;qa_ok_importar_found
X59407700035;HP ACCUMULATOR DOUBLE-WALLED, LEFT;;16 KGM;import;qa_ok_importar_found;true;2;12V4000M53;1200593, 1203733;102, 457;"{""total_rows"":2,""count_ok_importar"":2,""count_ok_eliminar"":0,""count_pending"":0,""count_review_action"":0,""count_other"":0}";import;qa_ok_importar_found
X59407800003;FUEL DISTRIBUTOR JACKETED;;5.100 kg EM;import;qa_ok_importar_found;true;1;20V4000M93L;1800538;1203;"{""total_rows"":1,""count_ok_importar"":1,""count_ok_eliminar"":0,""count_pending"":0,""count_review_action"":0,""count_other"":0}";import;qa_ok_importar_found
X59407800006;FUEL DISTRIBUTOR;;5.100 kg EM;import;qa_ok_importar_found;true;12;16V4000M73, 16V4000M73L, 20V4000M93;1400576, 1403746, 1406915, 1410093, 1500446, 1503652, 1506115, 1508603, 1700574, 1704322, 1708062, 1711802;106, 460, 814, 1169, 92, 577, 922, 1265, 105, 501, 897, 1293;"{""total_rows"":12,""count_ok_importar"":12,""count_ok_eliminar"":0,""count_pending"":0,""count_review_action"":0,""count_other"":0}";import;qa_ok_importar_found
X59408300026;FILTER HEAD;;25.000 kg;import;qa_ok_importar_found;true;12;16V4000M73, 16V4000M73L, 20V4000M93;1400731, 1403900, 1407069, 1410247, 1500573, 1503779, 1506242, 1508730, 1700728, 1704474, 1708214, 1711955;124, 478, 832, 1187, 112, 597, 942, 1285, 520, 916, 1312;"{""total_rows"":12,""count_ok_importar"":12,""count_ok_eliminar"":0,""count_pending"":0,""count_review_action"":0,""count_other"":0}";import;qa_ok_importar_found
X59408300033/89;FUEL PREFILTER;;;import;qa_ok_importar_found;true;4;16V4000M73;1400771, 1403940, 1407109, 1410287;128, 482, 836, 1191;"{""total_rows"":4,""count_ok_importar"":4,""count_ok_eliminar"":0,""count_pending"":0,""count_review_action"":0,""count_other"":0}";import;qa_ok_importar_found
X59410100104;EXHAUST TURBOCHARGER LEFT ZR175;;93,252 kg EM;import;qa_ok_importar_found;true;2;12V4000M53;1200853, 1203993;127, 482;"{""total_rows"":2,""count_ok_importar"":2,""count_ok_eliminar"":0,""count_pending"":0,""count_review_action"":0,""count_other"":0}";import;qa_ok_importar_found
X59410100105;EXHAUST TURBOCHARGER RIGHT ACTIVE ZR175;;96,500 kg EM;import;qa_ok_importar_found;true;2;12V4000M53;1200862, 1204002;127, 482;"{""total_rows"":2,""count_ok_importar"":2,""count_ok_eliminar"":0,""count_pending"":0,""count_review_action"":0,""count_other"":0}";import;qa_ok_importar_found
X59412300013;INTAKE HOUSING VERTICAL;;6.155 KGM;import;qa_ok_importar_found;true;12;16V4000M73, 16V4000M73L, 20V4000M93;1401055, 1404224, 1407393, 1410571, 1500861, 1504068, 1506531, 1509015, 1701182, 1704922, 1708662, 1712411;159, 513, 867, 1222, 146, 632, 977, 1318, 167, 563, 959, 1355;"{""total_rows"":12,""count_ok_importar"":12,""count_ok_eliminar"":0,""count_pending"":0,""count_review_action"":0,""count_other"":0}";import;qa_ok_importar_found
X59412300090;INTAKE HOUSING;;16,100 kg;import;qa_ok_importar_found;true;2;12V4000M53;1201067, 1204206;149, 504;"{""total_rows"":2,""count_ok_importar"":2,""count_ok_eliminar"":0,""count_pending"":0,""count_review_action"":0,""count_other"":0}";import;qa_ok_importar_found
X59412400026;CHARGE-AIR PIPE END MEMBER, RIGHT;;7.952 KGM;import;qa_ok_importar_found;true;8;12V4000M53, 12V4000M70, 20V4000M93;1201137, 1204276, 1901013, 1903455, 1701303, 1705043, 1708783, 1712530;158, 513, 161, 500, 182, 578, 974, 1370;"{""total_rows"":8,""count_ok_importar"":8,""count_ok_eliminar"":0,""count_pending"":0,""count_review_action"":0,""count_other"":0}";import;qa_ok_importar_found
X59414100023;RESTRICTOR;;0.509 kg;import;qa_ok_importar_found;true;2;20V4000M93L;1801448, 1805054;1294, 1671;"{""total_rows"":2,""count_ok_importar"":2,""count_ok_eliminar"":0,""count_pending"":0,""count_review_action"":0,""count_other"":0}";import;qa_ok_importar_found
X59414100024;EXHAUST PIPE;;1.620 kg;import;qa_ok_importar_found;true;2;20V4000M93L;1801491, 1805097;1294, 1671;"{""total_rows"":2,""count_ok_importar"":2,""count_ok_eliminar"":0,""count_pending"":0,""count_review_action"":0,""count_other"":0}";import;qa_ok_importar_found
X59414100025;EXHAUST PIPE;;1.720 kg EM;import;qa_ok_importar_found;true;2;20V4000M93L;1801493, 1805099;1295, 1672;"{""total_rows"":2,""count_ok_importar"":2,""count_ok_eliminar"":0,""count_pending"":0,""count_review_action"":0,""count_other"":0}";import;qa_ok_importar_found
X59414100027;EXHAUST LINE INNER ELEMENT;;5.734 kg;import;qa_ok_importar_found;true;16;12V4000M53, 16V4000M73, 16V4000M73L, 20V4000M93, 20V4000M93L;1201200, 1204339, 1401260, 1404429, 1407598, 1410776, 1501029, 1504236, 1506699, 1509183, 1701594, 1705334, 1709074, 1712820, 1801485, 1805091;163, 518, 180, 534, 888, 1243, 169, 655, 1000, 1340, 206, 602, 998, 1394, 1294, 1671;"{""total_rows"":16,""count_ok_importar"":16,""count_ok_eliminar"":0,""count_pending"":0,""count_review_action"":0,""count_other"":0}";import;qa_ok_importar_found
X59414100035;RETAINER FOR EXH. PIPE;;1.622 KGM;import;qa_ok_importar_found;true;16;12V4000M53, 16V4000M73, 16V4000M73L, 20V4000M93, 20V4000M93L;1201215, 1204354, 1401273, 1404442, 1407611, 1410789, 1501041, 1504248, 1506711, 1509195, 1701609, 1705349, 1709089, 1712836, 1801498, 1805104;164, 519, 181, 535, 889, 1244, 169, 655, 1000, 1340, 207, 603, 999, 1395, 1295, 1672;"{""total_rows"":16,""count_ok_importar"":16,""count_ok_eliminar"":0,""count_pending"":0,""count_review_action"":0,""count_other"":0}";import;qa_ok_importar_found
X59414100036;EXHAUST PIPE;;1.738 KGM;import;qa_ok_importar_found;true;14;12V4000M53, 16V4000M73, 16V4000M73L, 20V4000M93;1201207, 1204346, 1401267, 1404436, 1407605, 1410783, 1501036, 1504243, 1506706, 1509190, 1701602, 1705342, 1709082, 1712829;163, 518, 180, 534, 888, 1243, 169, 655, 1000, 1340, 207, 603, 999, 1395;"{""total_rows"":14,""count_ok_importar"":14,""count_ok_eliminar"":0,""count_pending"":0,""count_review_action"":0,""count_other"":0}";import;qa_ok_importar_found
X59414100037;EXHAUST PIPE;;1.593 KGM;import;qa_ok_importar_found;true;14;12V4000M53, 16V4000M73, 16V4000M73L, 20V4000M93;1201206, 1204345, 1401266, 1404435, 1407604, 1410782, 1501035, 1504242, 1506705, 1509189, 1701600, 1705340, 1709080, 1712826;163, 518, 180, 534, 888, 1243, 169, 655, 1000, 1340, 206, 602, 998, 1394;"{""total_rows"":14,""count_ok_importar"":14,""count_ok_eliminar"":0,""count_pending"":0,""count_review_action"":0,""count_other"":0}";import;qa_ok_importar_found
X59414100038;COVER PLATE;;221.600 g;import;qa_ok_importar_found;true;16;12V4000M53, 16V4000M73, 16V4000M73L, 20V4000M93, 20V4000M93L;1201218, 1204357, 1401276, 1404445, 1407614, 1410792, 1501044, 1504251, 1506714, 1509198, 1701612, 1705352, 1709092, 1712839, 1801501, 1805107;164, 519, 181, 535, 889, 1244, 169, 655, 1000, 1340, 207, 603, 999, 1395, 1295, 1672;"{""total_rows"":16,""count_ok_importar"":16,""count_ok_eliminar"":0,""count_pending"":0,""count_review_action"":0,""count_other"":0}";import;qa_ok_importar_found
X59414100047;RESTRICTOR;;513.700 g;import;qa_ok_importar_found;true;14;12V4000M53, 16V4000M73, 16V4000M73L, 20V4000M93;1201163, 1204302, 1401224, 1404393, 1407562, 1410740, 1501011, 1504218, 1506681, 1509165, 1701557, 1705297, 1709037, 1712783;163, 518, 180, 534, 888, 1243, 169, 655, 1000, 1340, 206, 602, 998, 1394;"{""total_rows"":14,""count_ok_importar"":14,""count_ok_eliminar"":0,""count_pending"":0,""count_review_action"":0,""count_other"":0}";import;qa_ok_importar_found
X59414100053;EXHAUST HOUSING;;50.5 KGM;import;qa_ok_importar_found;true;12;16V4000M73, 16V4000M73L, 20V4000M93;1401218, 1404387, 1407556, 1410734, 1501005, 1504212, 1506675, 1509159, 1701551, 1705291, 1709031, 1712777;180, 534, 888, 1243, 169, 655, 1000, 1340, 206, 602, 998, 1394;"{""total_rows"":12,""count_ok_importar"":12,""count_ok_eliminar"":0,""count_pending"":0,""count_review_action"":0,""count_other"":0}";import;qa_ok_importar_found
X59414100066;EXHAUST HOUSING;;29.76 KGM;import;qa_ok_importar_found;true;6;12V4000M53, 20V4000M93;1201179, 1204318, 1701566, 1705306, 1709046, 1712792;163, 518, 206, 602, 998, 1394;"{""total_rows"":6,""count_ok_importar"":6,""count_ok_eliminar"":0,""count_pending"":0,""count_review_action"":0,""count_other"":0}";import;qa_ok_importar_found
X59414100067;EXHAUST HOUSING;;29.7 KGM;import;qa_ok_importar_found;true;2;12V4000M53;1201184, 1204323;163, 518;"{""total_rows"":2,""count_ok_importar"":2,""count_ok_eliminar"":0,""count_pending"":0,""count_review_action"":0,""count_other"":0}";import;qa_ok_importar_found
X59414300006;CARRIER HOUSING;;42.875 kg EM;import;qa_ok_importar_found;true;14;12V4000M53, 16V4000M73, 16V4000M73L, 20V4000M93;1201250, 1204389, 1401301, 1404470, 1407639, 1410817, 1501072, 1504279, 1506742, 1509229, 1701481, 1705221, 1708961, 1712707;170, 525, 185, 539, 893, 1248, 173, 659, 1004, 1344, 195, 591, 987, 1383;"{""total_rows"":14,""count_ok_importar"":14,""count_ok_eliminar"":0,""count_pending"":0,""count_review_action"":0,""count_other"":0}";import;qa_ok_importar_found
X59414500003;INTERMEDIATE FLANGE W/TEST CONNECTION;;8.54 KGM;import;qa_ok_importar_found;true;4;16V4000M73L;1501115, 1504322, 1506785, 1509271;178, 664, 1009, 1349;"{""total_rows"":4,""count_ok_importar"":4,""count_ok_eliminar"":0,""count_pending"":0,""count_review_action"":0,""count_other"":0}";import;qa_ok_importar_found
X59414500004;EXHAUST ELBOW;;24.75 KGM;import;qa_ok_importar_found;true;4;16V4000M73L;1501001, 1504208, 1506671, 1509155;166, 652, 997, 1337;"{""total_rows"":4,""count_ok_importar"":4,""count_ok_eliminar"":0,""count_pending"":0,""count_review_action"":0,""count_other"":0}";import;qa_ok_importar_found
X59414500018;EXHAUST PIPE BELLOWS;;13,350 KG;import;qa_ok_importar_found;true;4;16V4000M73L;1501117, 1504324, 1506787, 1509273;180, 666, 1011, 1351;"{""total_rows"":4,""count_ok_importar"":4,""count_ok_eliminar"":0,""count_pending"":0,""count_review_action"":0,""count_other"":0}";import;qa_ok_importar_found
X59414500018/87;EXH PIPE BELLOWS;;14.5 KGM;import;qa_ok_importar_found;true;4;20V4000M93;1701526, 1705266, 1709006, 1712751;200, 596, 992, 1388;"{""total_rows"":4,""count_ok_importar"":4,""count_ok_eliminar"":0,""count_pending"":0,""count_review_action"":0,""count_other"":0}";import;qa_ok_importar_found
X59418100011/87;PUMP UNIT;;28.66 KGM;import;qa_ok_importar_found;true;2;12V4000M70;1901402, 1903789;206, 543;"{""total_rows"":2,""count_ok_importar"":2,""count_ok_eliminar"":0,""count_pending"":0,""count_review_action"":0,""count_other"":0}";import;qa_ok_importar_found
X59418300007;GUIDE HOUSING;;63.500 kg SB;import;qa_ok_importar_found;true;2;20V4000M93L;1802096, 1805755;1355, 1735;"{""total_rows"":2,""count_ok_importar"":2,""count_ok_eliminar"":0,""count_pending"":0,""count_review_action"":0,""count_other"":0}";import;qa_ok_importar_found
X59418300009;GUIDE HOUSING;;63.5 KGM;import;qa_ok_importar_found;true;12;16V4000M73, 16V4000M73L, 20V4000M93;1401546, 1404715, 1407893, 1411071, 1501331, 1504538, 1507001, 1509487, 1701933, 1705673, 1709413, 1713158;209, 563, 918, 1273, 204, 690, 1035, 1373, 244, 640, 1036, 1432;"{""total_rows"":12,""count_ok_importar"":12,""count_ok_eliminar"":0,""count_pending"":0,""count_review_action"":0,""count_other"":0}";import;qa_ok_importar_found
X59418400001;OIL SPRAY NOZZLE;;197.000 g EM;import;qa_ok_importar_found;true;4;20V4000M93L;1802106, 1802115, 1805765, 1805774;1358, 1738;"{""total_rows"":4,""count_ok_importar"":4,""count_ok_eliminar"":0,""count_pending"":0,""count_review_action"":0,""count_other"":0}";import;qa_ok_importar_found
X59418400002;RETAINER;;169.000 g;import;qa_ok_importar_found;true;4;20V4000M93L;1802112, 1802121, 1805771, 1805780;1358, 1738;"{""total_rows"":4,""count_ok_importar"":4,""count_ok_eliminar"":0,""count_pending"":0,""count_review_action"":0,""count_other"":0}";import;qa_ok_importar_found
X59418400003;RETAINER;;172.300 g;import;qa_ok_importar_found;true;4;20V4000M93L;1802111, 1802120, 1805770, 1805779;1358, 1738;"{""total_rows"":4,""count_ok_importar"":4,""count_ok_eliminar"":0,""count_pending"":0,""count_review_action"":0,""count_other"":0}";import;qa_ok_importar_found
X59418400005;RETAINER;;0.165 KGM;import;qa_ok_importar_found;true;20;16V4000M73, 16V4000M73L, 20V4000M93;1401755, 1401764, 1404924, 1404933, 1408102, 1408111, 1411280, 1411289, 1501322, 1504529, 1506992, 1509478, 1701959, 1701968, 1705699, 1705708, 1709439, 1709448, 1713184, 1713193;232, 586, 941, 1295, 203, 689, 1034, 1372, 248, 644, 1040, 1436;"{""total_rows"":20,""count_ok_importar"":20,""count_ok_eliminar"":0,""count_pending"":0,""count_review_action"":0,""count_other"":0}";import;qa_ok_importar_found
X59418400006;RETAINER;;0.172 KGM;import;qa_ok_importar_found;true;20;16V4000M73, 16V4000M73L, 20V4000M93;1401754, 1401763, 1404923, 1404932, 1408101, 1408110, 1411279, 1411288, 1501321, 1504528, 1506991, 1509477, 1701958, 1701967, 1705698, 1705707, 1709438, 1709447, 1713183, 1713192;232, 586, 941, 1295, 203, 689, 1034, 1372, 248, 644, 1040, 1436;"{""total_rows"":20,""count_ok_importar"":20,""count_ok_eliminar"":0,""count_pending"":0,""count_review_action"":0,""count_other"":0}";import;qa_ok_importar_found
X59418400007;OIL SPRAY NOZZLE;;125.000 g EM;import;qa_ok_importar_found;true;20;16V4000M73, 16V4000M73L, 20V4000M93;1401749, 1401758, 1404918, 1404927, 1408096, 1408105, 1411274, 1411283, 1501314, 1504521, 1506984, 1509470, 1701953, 1701962, 1705693, 1705702, 1709433, 1709442, 1713178, 1713187;232, 586, 941, 1295, 203, 689, 1034, 1372, 248, 644, 1040, 1436;"{""total_rows"":20,""count_ok_importar"":20,""count_ok_eliminar"":0,""count_pending"":0,""count_review_action"":0,""count_other"":0}";import;qa_ok_importar_found
X59418400008;OIL SPRAY NOZZLE;nan;190,000 g EM;import;qa_ok_importar_found;true;8;12V4000M53, 12V4000M70;1201505, 1201514, 1204644, 1204653, 1901377, 1901389, 1903764, 1903776;210, 565, 205, 542;"{""total_rows"":8,""count_ok_importar"":8,""count_ok_eliminar"":0,""count_pending"":0,""count_review_action"":0,""count_other"":0}";import;qa_ok_importar_found
X59418500017;RETAINER F/TURBO OIL SUPPLY;;;import;qa_ok_importar_found;true;4;16V4000M73L;1501068, 1504275, 1506738, 1509221;173, 659, 1004, 1344;"{""total_rows"":4,""count_ok_importar"":4,""count_ok_eliminar"":0,""count_pending"":0,""count_review_action"":0,""count_other"":0}";import;qa_ok_importar_found
X59418500037;RETAINER;;478.800 g;import;qa_ok_importar_found;true;6;12V4000M53, 20V4000M93;1201632, 1204771, 1702036, 1705776, 1709516, 1713260;216, 571, 252, 648, 1044, 1440;"{""total_rows"":6,""count_ok_importar"":6,""count_ok_eliminar"":0,""count_pending"":0,""count_review_action"":0,""count_other"":0}";import;qa_ok_importar_found
X59418500052;RETAINER;;0.762 KGM;import;qa_ok_importar_found;true;14;12V4000M53, 16V4000M73, 16V4000M73L, 20V4000M93;1201268, 1204406, 1401327, 1404495, 1407664, 1410842, 1501090, 1504297, 1506760, 1509227, 1701515, 1705254, 1708994, 1712740;171, 526, 186, 540, 894, 1249, 174, 660, 1005, 1344, 196, 592, 988, 1384;"{""total_rows"":14,""count_ok_importar"":14,""count_ok_eliminar"":0,""count_pending"":0,""count_review_action"":0,""count_other"":0}";import;qa_ok_importar_found
X59420200201;RETAINER;;937 G;import;qa_ok_importar_found;true;8;16V4000M73, 16V4000M73L;1401949, 1405118, 1408296, 1411477, 1501714, 1504921, 1507384, 1509872;252, 606, 961, 1315, 248, 734, 1079, 1415;"{""total_rows"":8,""count_ok_importar"":8,""count_ok_eliminar"":0,""count_pending"":0,""count_review_action"":0,""count_other"":0}";import;qa_ok_importar_found
X59420200233;RESTRICTOR;;0.007 KGM;import;qa_ok_importar_found;true;10;12V4000M53, 16V4000M73, 20V4000M93;1201236, 1204375, 1401312, 1404481, 1407650, 1410828, 1701492, 1705232, 1708972, 1712718;170, 525, 185, 539, 893, 1248, 195, 591, 987, 1383;"{""total_rows"":10,""count_ok_importar"":10,""count_ok_eliminar"":0,""count_pending"":0,""count_review_action"":0,""count_other"":0}";import;qa_ok_importar_found
X59420200234;RESTRICTOR;;0.01 KGM;import;qa_ok_importar_found;true;10;12V4000M53, 16V4000M73, 20V4000M93;1201237, 1204376, 1401313, 1404482, 1407651, 1410829, 1701493, 1705233, 1708973, 1712719;170, 525, 185, 539, 893, 1248, 195, 591, 987, 1383;"{""total_rows"":10,""count_ok_importar"":10,""count_ok_eliminar"":0,""count_pending"":0,""count_review_action"":0,""count_other"":0}";import;qa_ok_importar_found
X59420200235;RESTRICTOR;;0.012 KGM;import;qa_ok_importar_found;true;10;12V4000M53, 16V4000M73, 20V4000M93;1201238, 1204377, 1401314, 1404483, 1407652, 1410830, 1701494, 1705234, 1708974, 1712720;170, 525, 185, 539, 893, 1248, 195, 591, 987, 1383;"{""total_rows"":10,""count_ok_importar"":10,""count_ok_eliminar"":0,""count_pending"":0,""count_review_action"":0,""count_other"":0}";import;qa_ok_importar_found
X59420200238;RESTRICTOR;;0.011 KGM;import;qa_ok_importar_found;true;10;12V4000M53, 16V4000M73, 20V4000M93;1201240, 1204379, 1401293, 1404462, 1407631, 1410809, 1701473, 1705213, 1708953, 1712699;170, 525, 185, 539, 893, 1248, 195, 591, 987, 1383;"{""total_rows"":10,""count_ok_importar"":10,""count_ok_eliminar"":0,""count_pending"":0,""count_review_action"":0,""count_other"":0}";import;qa_ok_importar_found
X59420200252;SUPPORT PLATE FOR SEAWATER COOLER;;118.800 kg;import;qa_ok_importar_found;true;6;12V4000M53, 20V4000M93;1201768, 1204907, 1702735, 1706475, 1710215, 1713959;228, 583, 292, 688, 1084, 1480;"{""total_rows"":6,""count_ok_importar"":6,""count_ok_eliminar"":0,""count_pending"":0,""count_review_action"":0,""count_other"":0}";import;qa_ok_importar_found
X59420200275;COOLANT LINE;;506,000 g;import;qa_ok_importar_found;true;2;12V4000M53;1202033, 1205172;243, 598;"{""total_rows"":2,""count_ok_importar"":2,""count_ok_eliminar"":0,""count_pending"":0,""count_review_action"":0,""count_other"":0}";import;qa_ok_importar_found
X59420300001;COVER PLATE FOR SEAWATER COOLER;;;import;qa_ok_importar_found;true;6;16V4000M73L, 20V4000M93L;1501662, 1504869, 1507332, 1509820, 1802797, 1806456;242, 728, 1073, 1409, 1403, 1783;"{""total_rows"":6,""count_ok_importar"":6,""count_ok_eliminar"":0,""count_pending"":0,""count_review_action"":0,""count_other"":0}";import;qa_ok_importar_found
X59420300020;COOLANT LINE;;0.731 KGM;import;qa_ok_importar_found;true;8;16V4000M73, 16V4000M73L;1401998, 1405167, 1408345, 1411526, 1501740, 1504947, 1507410, 1509898;253, 607, 962, 1316, 249, 735, 1080, 1416;"{""total_rows"":8,""count_ok_importar"":8,""count_ok_eliminar"":0,""count_pending"":0,""count_review_action"":0,""count_other"":0}";import;qa_ok_importar_found
X59420300021;COOLANT LINE;;710.900 g;import;qa_ok_importar_found;true;8;16V4000M73, 16V4000M73L;1402006, 1405175, 1408353, 1411534, 1501743, 1504950, 1507413, 1509901;253, 607, 962, 1316, 249, 735, 1080, 1416;"{""total_rows"":8,""count_ok_importar"":8,""count_ok_eliminar"":0,""count_pending"":0,""count_review_action"":0,""count_other"":0}";import;qa_ok_importar_found
X59420300029;COOLANT ELBOW;;21.45 KGM;import;qa_ok_importar_found;true;2;12V4000M53;1202152, 1205291;257, 612;"{""total_rows"":2,""count_ok_importar"":2,""count_ok_eliminar"":0,""count_pending"":0,""count_review_action"":0,""count_other"":0}";import;qa_ok_importar_found
X59420300045;VENT LINE;;0.12 KGM;import;qa_ok_importar_found;true;2;12V4000M53;1201876, 1205015;238, 593;"{""total_rows"":2,""count_ok_importar"":2,""count_ok_eliminar"":0,""count_pending"":0,""count_review_action"":0,""count_other"":0}";import;qa_ok_importar_found
X59420300046;VENT LINE;;0.192 KGM;import;qa_ok_importar_found;true;2;12V4000M53;1201888, 1205027;238, 593;"{""total_rows"":2,""count_ok_importar"":2,""count_ok_eliminar"":0,""count_pending"":0,""count_review_action"":0,""count_other"":0}";import;qa_ok_importar_found
X59420300055;PARTITION PLATE;;7.6 KGM;import;qa_ok_importar_found;true;6;12V4000M53, 20V4000M93;1201780, 1204919, 1702755, 1706495, 1710235, 1713979;231, 586, 296, 692, 1088, 1484;"{""total_rows"":6,""count_ok_importar"":6,""count_ok_eliminar"":0,""count_pending"":0,""count_review_action"":0,""count_other"":0}";import;qa_ok_importar_found
X59420500001;BASE PLATE;;120 KG AB;import;qa_ok_importar_found;true;7;16V4000M73, 16V4000M73L, 20V4000M93L;1411865, 1501644, 1504851, 1507314, 1509801, 1802783, 1806442;1340, 238, 724, 1069, 1405, 1400, 1780;"{""total_rows"":7,""count_ok_importar"":7,""count_ok_eliminar"":0,""count_pending"":0,""count_review_action"":0,""count_other"":0}";import;qa_ok_importar_found
X59420600002;COOLANT DISTRIB HSG;;155.000 kg;import;qa_ok_importar_found;true;2;20V4000M93L;1802824, 1806483;1409, 1789;"{""total_rows"":2,""count_ok_importar"":2,""count_ok_eliminar"":0,""count_pending"":0,""count_review_action"":0,""count_other"":0}";import;qa_ok_importar_found
X59420600011;THERMOSTAT HOUSING;;;import;qa_ok_importar_found;true;8;16V4000M73, 16V4000M73L;1402379, 1405548, 1408726, 1411925, 1501672, 1504879, 1507342, 1509830;287, 641, 996, 1350, 243, 729, 1074, 1410;"{""total_rows"":8,""count_ok_importar"":8,""count_ok_eliminar"":0,""count_pending"":0,""count_review_action"":0,""count_other"":0}";import;qa_ok_importar_found
X59420700008;SEAWATER PUMP;;44.000 kg;import;qa_ok_importar_found;true;14;16V4000M73, 16V4000M73L, 20V4000M93, 20V4000M93L;1402455, 1405624, 1408802, 1412003, 1501874, 1505081, 1507544, 1510032, 1702872, 1706612, 1710352, 1714093, 1802934, 1806593;293, 647, 1002, 1356, 255, 741, 1086, 1422, 309, 705, 1101, 1497, 1418, 1798;"{""total_rows"":14,""count_ok_importar"":14,""count_ok_eliminar"":0,""count_pending"":0,""count_review_action"":0,""count_other"":0}";import;qa_ok_importar_found
X59420700010;COOLANT ELBOW FOR RAW WATER OUTLE;;;import;qa_ok_importar_found;true;2;20V4000M93L;1802901, 1806560;1416, 1796;"{""total_rows"":2,""count_ok_importar"":2,""count_ok_eliminar"":0,""count_pending"":0,""count_review_action"":0,""count_other"":0}";import;qa_ok_importar_found
X59450700030;STRIP F. WIRING HARNESS;;0.93 KGM;import;qa_ok_importar_found;true;2;12V4000M53;1202431, 1205591;304, 667;"{""total_rows"":2,""count_ok_importar"":2,""count_ok_eliminar"":0,""count_pending"":0,""count_review_action"":0,""count_other"":0}";import;qa_ok_importar_found
X59450700041;RETAINER FOR ENGINE CONTROL;;10.62 KGM;import;qa_ok_importar_found;true;2;12V4000M53;1202402, 1205562;303, 666;"{""total_rows"":2,""count_ok_importar"":2,""count_ok_eliminar"":0,""count_pending"":0,""count_review_action"":0,""count_other"":0}";import;qa_ok_importar_found
X59499100026;SPACER SLEEVE;;0.306 KGM;import;qa_ok_importar_found;true;8;16V4000M73, 16V4000M73L;1400555, 1403724, 1406893, 1410071, 1500428, 1503634, 1506097, 1508585;100, 454, 808, 1163, 86, 571, 916, 1259;"{""total_rows"":8,""count_ok_importar"":8,""count_ok_eliminar"":0,""count_pending"":0,""count_review_action"":0,""count_other"":0}";import;qa_ok_importar_found
X59499100107;RETAINER;;0.089 KGM;import;qa_ok_importar_found;true;4;12V4000M53;1200717, 1200730, 1203856, 1203869;111, 466;"{""total_rows"":4,""count_ok_importar"":4,""count_ok_eliminar"":0,""count_pending"":0,""count_review_action"":0,""count_other"":0}";import;qa_ok_importar_found
X59499100113;O-RING;194 X 4;0.014 KGM;import;qa_ok_importar_found;true;54;12V4000M53, 16V4000M73, 16V4000M73L, 20V4000M93;1201159, 1201165, 1201174, 1201183, 1201196, 1204298, 1204304, 1204313, 1204322, 1204335, 1401220, 1401226, 1401235, 1401243, 1401255, 1404389, 1404395, 1404404, 1404412, 1404424, 1407558, 1407564, 1407573, 1407581, 1407593, 1410736, 1410742, 1410751, 1410759, 1410771, 1501007, 1504214, 1506677, 1509161, 1701553, 1701559, 1701569, 1701577, 1701589, 1705293, 1705299, 1705309, 1705317, 1705329, 1709033, 1709039, 1709049, 1709057, 1709069, 1712779, 1712785, 1712795, 1712803, 1712815;163, 518, 180, 534, 888, 1243, 169, 655, 1000, 1340, 206, 602, 998, 1394;"{""total_rows"":54,""count_ok_importar"":54,""count_ok_eliminar"":0,""count_pending"":0,""count_review_action"":0,""count_other"":0}";import;qa_ok_importar_found
X59499100114;O-RING;258 X 4;0.02 KGM;import;qa_ok_importar_found;true;54;12V4000M53, 16V4000M73, 16V4000M73L, 20V4000M93;1201160, 1201166, 1201175, 1201185, 1201197, 1204299, 1204305, 1204314, 1204324, 1204336, 1401221, 1401227, 1401236, 1401244, 1401256, 1404390, 1404396, 1404405, 1404413, 1404425, 1407559, 1407565, 1407574, 1407582, 1407594, 1410737, 1410743, 1410752, 1410760, 1410772, 1501008, 1504215, 1506678, 1509162, 1701554, 1701560, 1701570, 1701578, 1701590, 1705294, 1705300, 1705310, 1705318, 1705330, 1709034, 1709040, 1709050, 1709058, 1709070, 1712780, 1712786, 1712796, 1712804, 1712816;163, 518, 180, 534, 888, 1243, 169, 655, 1000, 1340, 206, 602, 998, 1394;"{""total_rows"":54,""count_ok_importar"":54,""count_ok_eliminar"":0,""count_pending"":0,""count_review_action"":0,""count_other"":0}";import;qa_ok_importar_found
X59499100164;RETAINER F.CRANKC.VENT.RIGHT;;6.6 KGM;import;qa_ok_importar_found;true;2;12V4000M53;1200159, 1203301;40, 395;"{""total_rows"":2,""count_ok_importar"":2,""count_ok_eliminar"":0,""count_pending"":0,""count_review_action"":0,""count_other"":0}";import;qa_ok_importar_found
X59499100411;EXH PIPE BELLOWS;;6.08 KGM;import;qa_ok_importar_found;true;8;16V4000M73L, 20V4000M93;1501056, 1504263, 1506726, 1509210, 1701468, 1705208, 1708948, 1712694;171, 657, 1002, 1342, 193, 589, 985, 1381;"{""total_rows"":8,""count_ok_importar"":8,""count_ok_eliminar"":0,""count_pending"":0,""count_review_action"":0,""count_other"":0}";import;qa_ok_importar_found
X59499100411/31;EXH PIPE BELLOWS LR ACCEPTANCE;;6.08 KGM;import;qa_ok_importar_found;true;6;12V4000M53, 16V4000M73;1201230, 1204369, 1401288, 1404457, 1407626, 1410804;168, 523, 183, 537, 891, 1246;"{""total_rows"":6,""count_ok_importar"":6,""count_ok_eliminar"":0,""count_pending"":0,""count_review_action"":0,""count_other"":0}";import;qa_ok_importar_found
X59499100415;RETAINER;;0.096 KGM;import;qa_ok_importar_found;true;3;12V4000M53, 16V4000M73L;1202665, 1205825, 1510541;318, 681, 1496;"{""total_rows"":3,""count_ok_importar"":3,""count_ok_eliminar"":0,""count_pending"":0,""count_review_action"":0,""count_other"":0}";import;qa_ok_importar_found
X59499100442;RETAINER;;760,000 g;import;qa_ok_importar_found;true;2;12V4000M53;1201524, 1204663;213, 568;"{""total_rows"":2,""count_ok_importar"":2,""count_ok_eliminar"":0,""count_pending"":0,""count_review_action"":0,""count_other"":0}";import;qa_ok_importar_found
X59499100480;FLANGE F.VIB.DAMPER HOUSIN;;20 KGM;import;qa_ok_importar_found;true;2;12V4000M53;1200394, 1203534;63, 418;"{""total_rows"":2,""count_ok_importar"":2,""count_ok_eliminar"":0,""count_pending"":0,""count_review_action"":0,""count_other"":0}";import;qa_ok_importar_found
X59499100575;EXH PIPE BELLOWS;;;import;qa_ok_importar_found;true;2;16V4000M73;1407699, 1410877;902, 1257;"{""total_rows"":2,""count_ok_importar"":2,""count_ok_eliminar"":0,""count_pending"":0,""count_review_action"":0,""count_other"":0}";import;qa_ok_importar_found
X59499100575/87;EXH PIPE BELLOWS WITH TEST CERT. 3.1;;;import;qa_ok_importar_found;true;2;12V4000M53;1201292, 1204431;176, 531;"{""total_rows"":2,""count_ok_importar"":2,""count_ok_eliminar"":0,""count_pending"":0,""count_review_action"":0,""count_other"":0}";import;qa_ok_importar_found
X59499100582;SHAFT;;595,500 g;import;qa_ok_importar_found;true;2;12V4000M53;1201088, 1204227;151, 506;"{""total_rows"":2,""count_ok_importar"":2,""count_ok_eliminar"":0,""count_pending"":0,""count_review_action"":0,""count_other"":0}";import;qa_ok_importar_found
X59499100642;LEVER;;200,000 g;import;qa_ok_importar_found;true;2;12V4000M53;1201107, 1204246;152, 507;"{""total_rows"":2,""count_ok_importar"":2,""count_ok_eliminar"":0,""count_pending"":0,""count_review_action"":0,""count_other"":0}";import;qa_ok_importar_found
X59499100956;RETAINER FOR SOLENOID VALVE;;3.2 KGM;import;qa_ok_importar_found;true;2;12V4000M53;1201559, 1204698;213, 568;"{""total_rows"":2,""count_ok_importar"":2,""count_ok_eliminar"":0,""count_pending"":0,""count_review_action"":0,""count_other"":0}";import;qa_ok_importar_found
X59501100005;CRANKCASE;;2083.000 k EM;import;qa_ok_importar_found;true;4;16V4000M73;1400053, 1403225, 1406394, 1409572;26, 380, 734, 1089;"{""total_rows"":4,""count_ok_importar"":4,""count_ok_eliminar"":0,""count_pending"":0,""count_review_action"":0,""count_other"":0}";import;qa_ok_importar_found
X59501100012;COVER FOR CAMSHAFT CHAMBE;;36.238 KGM;import;qa_ok_importar_found;true;8;16V4000M73, 16V4000M73L;1400035, 1403207, 1406376, 1409554, 1500025, 1503225, 1505688, 1508181;26, 380, 734, 1089, 15, 500, 845, 1188;"{""total_rows"":8,""count_ok_importar"":8,""count_ok_eliminar"":0,""count_pending"":0,""count_review_action"":0,""count_other"":0}";import;qa_ok_importar_found
X59501400006;OIL PAN;;144.000 kg;import;qa_ok_importar_found;true;8;16V4000M73, 16V4000M73L;1400108, 1403280, 1406449, 1409627, 1500072, 1503278, 1505741, 1508228;33, 387, 741, 1096, 22, 507, 852, 1195;"{""total_rows"":8,""count_ok_importar"":8,""count_ok_eliminar"":0,""count_pending"":0,""count_review_action"":0,""count_other"":0}";import;qa_ok_importar_found
X59501800028;RETAINER;;6.969 KGM;import;qa_ok_importar_found;true;8;16V4000M73, 16V4000M73L;1400173, 1403344, 1406513, 1409691, 1500122, 1503328, 1505791, 1508278;43, 397, 751, 1106, 32, 517, 862, 1205;"{""total_rows"":8,""count_ok_importar"":8,""count_ok_eliminar"":0,""count_pending"":0,""count_review_action"":0,""count_other"":0}";import;qa_ok_importar_found
X59507300003;HP PUMP;;80.000 kg EM;import;qa_ok_importar_found;true;12;16V4000M73, 16V4000M73L, 20V4000M93;1400558, 1403727, 1406896, 1410074, 1500433, 1503639, 1506102, 1508590, 1700550, 1704298, 1708038, 1711778;101, 455, 809, 1164, 87, 572, 917, 1260, 98, 494, 890, 1286;"{""total_rows"":12,""count_ok_importar"":12,""count_ok_eliminar"":0,""count_pending"":0,""count_review_action"":0,""count_other"":0}";import;qa_ok_importar_found
X59507300003/87;HP PUMP W/ACCEPT CERTIFICAT;;;import;qa_ok_importar_found;true;4;16V4000M73;1400560, 1403729, 1406898, 1410076;101, 455, 809, 1164;"{""total_rows"":4,""count_ok_importar"":4,""count_ok_eliminar"":0,""count_pending"":0,""count_review_action"":0,""count_other"":0}";import;qa_ok_importar_found
X59507700002;HP FUEL LINE;;4.956 kg EM;import;qa_ok_importar_found;true;14;12V4000M53, 16V4000M73, 16V4000M73L, 20V4000M93;1200570, 1203711, 1400571, 1403741, 1406910, 1410088, 1500442, 1503648, 1506111, 1508599, 1700569, 1704317, 1708057, 1711797;101, 456, 106, 460, 814, 1169, 92, 577, 922, 1265, 105, 501, 897, 1293;"{""total_rows"":14,""count_ok_importar"":14,""count_ok_eliminar"":0,""count_pending"":0,""count_review_action"":0,""count_other"":0}";import;qa_ok_importar_found
X59507700003;HP FUEL LINE;;3.330 kg EM;import;qa_ok_importar_found;true;14;12V4000M53, 16V4000M73, 16V4000M73L, 20V4000M93;1200557, 1203698, 1400588, 1403758, 1406927, 1410105, 1500458, 1503664, 1506127, 1508615, 1700585, 1704333, 1708073, 1711813;101, 456, 106, 460, 814, 1169, 92, 577, 922, 1265, 105, 501, 897, 1293;"{""total_rows"":14,""count_ok_importar"":14,""count_ok_eliminar"":0,""count_pending"":0,""count_review_action"":0,""count_other"":0}";import;qa_ok_importar_found
X59507700004;HP FUEL LINE;;6.070 kg EM;import;qa_ok_importar_found;true;14;12V4000M53, 16V4000M73, 16V4000M73L, 20V4000M93;1200558, 1203699, 1400589, 1403759, 1406928, 1410106, 1500459, 1503665, 1506128, 1508616, 1700586, 1704334, 1708074, 1711814;101, 456, 106, 460, 814, 1169, 92, 577, 922, 1265, 105, 501, 897, 1293;"{""total_rows"":14,""count_ok_importar"":14,""count_ok_eliminar"":0,""count_pending"":0,""count_review_action"":0,""count_other"":0}";import;qa_ok_importar_found
X59508200014;RETAINER;;;import;qa_ok_importar_found;true;2;20V4000M93L;1800615, 1804187;1215, 1588;"{""total_rows"":2,""count_ok_importar"":2,""count_ok_eliminar"":0,""count_pending"":0,""count_review_action"":0,""count_other"":0}";import;qa_ok_importar_found
X59508200015;RETAINER;;1.200 kg SB;import;qa_ok_importar_found;true;4;20V4000M93;1700637, 1704383, 1708123, 1711863;115, 511, 907, 1303;"{""total_rows"":4,""count_ok_importar"":4,""count_ok_eliminar"":0,""count_pending"":0,""count_review_action"":0,""count_other"":0}";import;qa_ok_importar_found
X59510100008;BEARING HOUSING;;15.28 KGM;import;qa_ok_importar_found;true;16;16V4000M73, 16V4000M73L;1400867, 1400937, 1404036, 1404106, 1407205, 1407275, 1410383, 1410453, 1500680, 1500748, 1503886, 1503954, 1506349, 1506417, 1508837, 1508904;140, 147, 494, 501, 848, 855, 1203, 1210, 126, 133, 611, 618, 956, 963, 1299, 1305;"{""total_rows"":16,""count_ok_importar"":16,""count_ok_eliminar"":0,""count_pending"":0,""count_review_action"":0,""count_other"":0}";import;qa_ok_importar_found
X59510100079;EXHAUST TURBOCHARGER LEFT ZR205;;114.000 kg EM;import;qa_ok_importar_found;true;8;16V4000M73, 16V4000M73L;1400855, 1404024, 1407193, 1410371, 1500667, 1503873, 1506336, 1508824;138, 492, 846, 1201, 123, 608, 953, 1296;"{""total_rows"":8,""count_ok_importar"":8,""count_ok_eliminar"":0,""count_pending"":0,""count_review_action"":0,""count_other"":0}";import;qa_ok_importar_found
X59510100080;EXHAUST TURBOCHARGER RIGHT;;107 KG EM;import;qa_ok_importar_found;true;4;16V4000M73L;1500671, 1503877, 1506340, 1508828;123, 608, 953, 1296;"{""total_rows"":4,""count_ok_importar"":4,""count_ok_eliminar"":0,""count_pending"":0,""count_review_action"":0,""count_other"":0}";import;qa_ok_importar_found
X59511400003/31;INTERCOOLER;;585.000 kg EM;import;qa_ok_importar_found;true;4;16V4000M73;1401000, 1404169, 1407338, 1410516;151, 505, 859, 1214;"{""total_rows"":4,""count_ok_importar"":4,""count_ok_eliminar"":0,""count_pending"":0,""count_review_action"":0,""count_other"":0}";import;qa_ok_importar_found
X59511400008;HEAT SHIELD;;3.971 kg;import;qa_ok_importar_found;true;8;16V4000M73, 16V4000M73L;1401004, 1404173, 1407342, 1410520, 1500813, 1504019, 1506482, 1508967;151, 505, 859, 1214, 136, 621, 966, 1308;"{""total_rows"":8,""count_ok_importar"":8,""count_ok_eliminar"":0,""count_pending"":0,""count_review_action"":0,""count_other"":0}";import;qa_ok_importar_found
X59511400012/31;INTERCOOLER LR ACCEPTANCE;;490,000 kg EM;import;qa_ok_importar_found;true;2;12V4000M53;1200979, 1204119;138, 493;"{""total_rows"":2,""count_ok_importar"":2,""count_ok_eliminar"":0,""count_pending"":0,""count_review_action"":0,""count_other"":0}";import;qa_ok_importar_found
X59512300029;REDUCER;;1.27 KGM;import;qa_ok_importar_found;true;4;12V4000M53;1201050, 1201071, 1204189, 1204210;149, 504;"{""total_rows"":4,""count_ok_importar"":4,""count_ok_eliminar"":0,""count_pending"":0,""count_review_action"":0,""count_other"":0}";import;qa_ok_importar_found
X59512500033;AIR LINE F/AIR TRANSFER VALV;;;import;qa_ok_importar_found;true;2;12V4000M53;1201021, 1204160;145, 500;"{""total_rows"":2,""count_ok_importar"":2,""count_ok_eliminar"":0,""count_pending"":0,""count_review_action"":0,""count_other"":0}";import;qa_ok_importar_found
X59518500011;RETAINER;;519.000 g;import;qa_ok_importar_found;true;8;16V4000M73, 16V4000M73L;1401771, 1404940, 1408118, 1411296, 1501212, 1504419, 1506882, 1509368;234, 588, 943, 1297, 195, 681, 1026, 1364;"{""total_rows"":8,""count_ok_importar"":8,""count_ok_eliminar"":0,""count_pending"":0,""count_review_action"":0,""count_other"":0}";import;qa_ok_importar_found
X59518500041;OIL RETURN LINE;;288,900 g EM;import;qa_ok_importar_found;true;2;12V4000M53;1201626, 1204765;216, 571;"{""total_rows"":2,""count_ok_importar"":2,""count_ok_eliminar"":0,""count_pending"":0,""count_review_action"":0,""count_other"":0}";import;qa_ok_importar_found
X59518500043;OIL RETURN LINE;;622,500 g SB EM;import;qa_ok_importar_found;true;2;12V4000M53;1201629, 1204768;216, 571;"{""total_rows"":2,""count_ok_importar"":2,""count_ok_eliminar"":0,""count_pending"":0,""count_review_action"":0,""count_other"":0}";import;qa_ok_importar_found
X59518500044;OIL RETURN LINE;;670,000 g SB EM;import;qa_ok_importar_found;true;2;12V4000M53;1201657, 1204796;217, 572;"{""total_rows"":2,""count_ok_importar"":2,""count_ok_eliminar"":0,""count_pending"":0,""count_review_action"":0,""count_other"":0}";import;qa_ok_importar_found
X59520200024;COOLANT LINE 4000-03;;10,040 KG;import;qa_ok_importar_found;true;8;16V4000M73, 16V4000M73L;1402118, 1405287, 1408465, 1411644, 1501934, 1505141, 1507604, 1510093;267, 621, 976, 1330, 263, 749, 1094, 1430;"{""total_rows"":8,""count_ok_importar"":8,""count_ok_eliminar"":0,""count_pending"":0,""count_review_action"":0,""count_other"":0}";import;qa_ok_importar_found
X59520200039;PLUG-IN PIPE;;2.505 kg SB;import;qa_ok_importar_found;true;8;16V4000M73, 16V4000M73L;1402111, 1405280, 1408458, 1411637, 1501931, 1505138, 1507601, 1510090;267, 621, 976, 1330, 263, 749, 1094, 1430;"{""total_rows"":8,""count_ok_importar"":8,""count_ok_eliminar"":0,""count_pending"":0,""count_review_action"":0,""count_other"":0}";import;qa_ok_importar_found
X59520200040;PLUG-IN PIPE;;3.027 kg SB;import;qa_ok_importar_found;true;8;16V4000M73, 16V4000M73L;1402129, 1405298, 1408476, 1411655, 1501945, 1505152, 1507615, 1510105;267, 621, 976, 1330, 263, 749, 1094, 1430;"{""total_rows"":8,""count_ok_importar"":8,""count_ok_eliminar"":0,""count_pending"":0,""count_review_action"":0,""count_other"":0}";import;qa_ok_importar_found
X59520200167;PREHEATER 3-PHASIG, 12 KW, 400 V, 50 HZ,;;;import;qa_ok_importar_found;true;4;16V4000M73;1402092, 1405261, 1408439, 1411620;264, 618, 973, 1327;"{""total_rows"":4,""count_ok_importar"":4,""count_ok_eliminar"":0,""count_pending"":0,""count_review_action"":0,""count_other"":0}";import;qa_ok_importar_found
X59520300007;COOLANT LINE;;20.545 kg SB;import;qa_ok_importar_found;true;14;16V4000M73, 16V4000M73L, 20V4000M93, 20V4000M93L;1402123, 1405292, 1408470, 1411649, 1501940, 1505147, 1507610, 1510099, 1702323, 1706063, 1709803, 1713547, 1802372, 1806031;267, 621, 976, 1330, 263, 749, 1094, 1430, 276, 672, 1068, 1464, 1384, 1764;"{""total_rows"":14,""count_ok_importar"":14,""count_ok_eliminar"":0,""count_pending"":0,""count_review_action"":0,""count_other"":0}";import;qa_ok_importar_found
X59520500001;SEAWATER ELBOW;;13.88 KGM;import;qa_ok_importar_found;true;12;16V4000M73, 16V4000M73L, 20V4000M93;1402426, 1405595, 1408773, 1411974, 1501984, 1505191, 1507654, 1510143, 1702843, 1706583, 1710323, 1714064;291, 645, 1000, 1354, 273, 759, 1103, 1438, 307, 703, 1099, 1495;"{""total_rows"":12,""count_ok_importar"":12,""count_ok_eliminar"":0,""count_pending"":0,""count_review_action"":0,""count_other"":0}";import;qa_ok_importar_found
X59525100013/31;STEEL-SPRING COUPLG LR ACCEPTANCE;;168.000 kg;import;qa_ok_importar_found;true;4;16V4000M73;1402581, 1405750, 1408928, 1412130;310, 664, 1019, 1373;"{""total_rows"":4,""count_ok_importar"":4,""count_ok_eliminar"":0,""count_pending"":0,""count_review_action"":0,""count_other"":0}";import;qa_ok_importar_found
X59541200002;FILTER ELEMENT;;;import;qa_ok_importar_found;true;1;12V4000M53;1206359;750;"{""total_rows"":1,""count_ok_importar"":1,""count_ok_eliminar"":0,""count_pending"":0,""count_review_action"":0,""count_other"":0}";import;qa_ok_importar_found
X59599100030;RETAINER;;2.668 KGM;import;qa_ok_importar_found;true;8;16V4000M73, 16V4000M73L;1401978, 1405147, 1408325, 1411506, 1501729, 1504936, 1507399, 1509887;253, 607, 962, 1316, 249, 735, 1080, 1416;"{""total_rows"":8,""count_ok_importar"":8,""count_ok_eliminar"":0,""count_pending"":0,""count_review_action"":0,""count_other"":0}";import;qa_ok_importar_found
X59599100037;RETAINER;;1.008 KGM;import;qa_ok_importar_found;true;8;16V4000M73, 16V4000M73L;1401991, 1405160, 1408338, 1411519, 1501736, 1504943, 1507406, 1509894;253, 607, 962, 1316, 249, 735, 1080, 1416;"{""total_rows"":8,""count_ok_importar"":8,""count_ok_eliminar"":0,""count_pending"":0,""count_review_action"":0,""count_other"":0}";import;qa_ok_importar_found
X59599100055;PIPE;;0,128 KG SB;import;qa_ok_importar_found;true;2;16V4000M73L;1507724, 1510213;1121, 1456;"{""total_rows"":2,""count_ok_importar"":2,""count_ok_eliminar"":0,""count_pending"":0,""count_review_action"":0,""count_other"":0}";import;qa_ok_importar_found
X59599100058;WASHER;;0.007 KGM;import;qa_ok_importar_found;true;42;12V4000M53, 12V4000M70, 16V4000M61, 16V4000M73, 16V4000M73L, 20V4000M93;1200891, 1200945, 1204031, 1204085, 1900770, 1900813, 1903212, 1903255, 1300725, 1303636, 1400875, 1400945, 1404041, 1404111, 1407210, 1407280, 1410388, 1410458, 1500685, 1500753, 1503891, 1503959, 1506354, 1506422, 1508842, 1508909, 1700870, 1700940, 1701001, 1701062, 1704613, 1704683, 1704742, 1704801, 1708353, 1708423, 1708482, 1708541, 1712099, 1712169, 1712229, 1712289;128, 134, 483, 489, 130, 469, 473, 122, 626, 140, 147, 494, 501, 848, 855, 1203, 1210, 126, 133, 611, 618, 956, 963, 1299, 1305, 150, 153, 536, 543, 546, 549, 932, 939, 942, 945, 1328, 1335, 1338, 1341;"{""total_rows"":42,""count_ok_importar"":42,""count_ok_eliminar"":0,""count_pending"":0,""count_review_action"":0,""count_other"":0}";import;qa_ok_importar_found
X59599100072;RETAINER;;0.211 KGM;import;qa_ok_importar_found;true;2;12V4000M53;1201948, 1205087;239, 594;"{""total_rows"":2,""count_ok_importar"":2,""count_ok_eliminar"":0,""count_pending"":0,""count_review_action"":0,""count_other"":0}";import;qa_ok_importar_found
X59601100009;INSPECT PORT COVER FOR SENSOR;;4.900 kg;import;qa_ok_importar_found;true;26;16V4000M73, 16V4000M73L, 20V4000M93, 20V4000M93L;1400019, 1400079, 1403190, 1403251, 1406359, 1406420, 1409537, 1409598, 1500014, 1500049, 1503214, 1505677, 1508170, 1508205, 1700074, 1700079, 1703819, 1703825, 1707559, 1707565, 1711299, 1711305, 1800074, 1800080, 1803646, 1803652;24, 29, 378, 383, 732, 737, 1087, 1092, 13, 18, 498, 843, 1186, 1191, 26, 422, 425, 818, 821, 1214, 1217, 1128, 1131, 1501, 1504;"{""total_rows"":26,""count_ok_importar"":26,""count_ok_eliminar"":0,""count_pending"":0,""count_review_action"":0,""count_other"":0}";import;qa_ok_importar_found
X59601100011;COVER;;44.000 kg;import;qa_ok_importar_found;true;2;20V4000M93L;1800031, 1803604;1125, 1498;"{""total_rows"":2,""count_ok_importar"":2,""count_ok_eliminar"":0,""count_pending"":0,""count_review_action"":0,""count_other"":0}";import;qa_ok_importar_found
X59601100018;COVER FOR CAMSHAFT CHAMBE;;44.000 kg;import;qa_ok_importar_found;true;4;20V4000M93;1700029, 1703773, 1707513, 1711253;23, 419, 815, 1211;"{""total_rows"":4,""count_ok_importar"":4,""count_ok_eliminar"":0,""count_pending"":0,""count_review_action"":0,""count_other"":0}";import;qa_ok_importar_found
X59601400003;OIL PAN;;480.000 kg;import;qa_ok_importar_found;true;4;20V4000M93;1700118, 1703864, 1707604, 1711344;32, 428, 824, 1220;"{""total_rows"":4,""count_ok_importar"":4,""count_ok_eliminar"":0,""count_pending"":0,""count_review_action"":0,""count_other"":0}";import;qa_ok_importar_found
X59601800005;SUPPORT F OIL SEPARATOR;;;import;qa_ok_importar_found;true;6;20V4000M93, 20V4000M93L;1700205, 1703949, 1707689, 1711429, 1800202, 1803773;40, 436, 832, 1228, 1142, 1515;"{""total_rows"":6,""count_ok_importar"":6,""count_ok_eliminar"":0,""count_pending"":0,""count_review_action"":0,""count_other"":0}";import;qa_ok_importar_found
X59601800008;GASKET;;52.500 g;import;qa_ok_importar_found;true;2;20V4000M93L;1800204, 1803775;1142, 1515;"{""total_rows"":2,""count_ok_importar"":2,""count_ok_eliminar"":0,""count_pending"":0,""count_review_action"":0,""count_other"":0}";import;qa_ok_importar_found
X59601800014;COVER F/CRANKCASE VENTILA;nan;0.67 KGM;import;qa_ok_importar_found;true;2;12V4000M70;1900164, 1902604;43, 382;"{""total_rows"":2,""count_ok_importar"":2,""count_ok_eliminar"":0,""count_pending"":0,""count_review_action"":0,""count_other"":0}";import;qa_ok_importar_found
X59601800047;OIL PRESEPARATOR;;;import;qa_ok_importar_found;true;1;20V4000M93L;1803778;1515;"{""total_rows"":1,""count_ok_importar"":1,""count_ok_eliminar"":0,""count_pending"":0,""count_review_action"":0,""count_other"":0}";import;qa_ok_importar_found
X59601800098;VENT PIPE;;3.300 kg;import;qa_ok_importar_found;true;6;20V4000M93, 20V4000M93L;1700246, 1703990, 1707730, 1711470, 1800243, 1803815;41, 437, 833, 1229, 1143, 1516;"{""total_rows"":6,""count_ok_importar"":6,""count_ok_eliminar"":0,""count_pending"":0,""count_review_action"":0,""count_other"":0}";import;qa_ok_importar_found
X59601800099;CONNECTING PIPE VENT;;1.776 KGM;import;qa_ok_importar_found;true;6;20V4000M93, 20V4000M93L;1700166, 1703911, 1707651, 1711391, 1800164, 1803735;40, 436, 832, 1228, 1142, 1515;"{""total_rows"":6,""count_ok_importar"":6,""count_ok_eliminar"":0,""count_pending"":0,""count_review_action"":0,""count_other"":0}";import;qa_ok_importar_found
X59602400009;EQUIPMENT RACK;;;import;qa_ok_importar_found;true;2;20V4000M93L;1800296, 1803870;1152, 1525;"{""total_rows"":2,""count_ok_importar"":2,""count_ok_eliminar"":0,""count_pending"":0,""count_review_action"":0,""count_other"":0}";import;qa_ok_importar_found
X59603100002;CRANKSHAFT 20V-20CWT-STROKE190;;820.000;import;qa_ok_importar_found;true;6;20V4000M93, 20V4000M93L;1700343, 1704087, 1707827, 1711567, 1800337, 1803911;57, 453, 849, 1245, 1158, 1531;"{""total_rows"":6,""count_ok_importar"":6,""count_ok_eliminar"":0,""count_pending"":0,""count_review_action"":0,""count_other"":0}";import;qa_ok_importar_found
X59605300002;THRUST BEARING FLANG FOR CAMSHAFT;;1.642 KGM;import;qa_ok_importar_found;true;12;16V4000M73, 16V4000M73L, 20V4000M93;1400504, 1403673, 1406842, 1410020, 1500380, 1503586, 1506049, 1508537, 1700493, 1704243, 1707983, 1711723;87, 441, 795, 1150, 74, 559, 904, 1247, 84, 480, 876, 1272;"{""total_rows"":12,""count_ok_importar"":12,""count_ok_eliminar"":0,""count_pending"":0,""count_review_action"":0,""count_other"":0}";import;qa_ok_importar_found
X59607700001;HP ACCUMULATOR DOUBLE-WALLED, RIGH;;41 KGM;import;qa_ok_importar_found;true;4;20V4000M93;1700596, 1704343, 1708083, 1711823;106, 502, 898, 1294;"{""total_rows"":4,""count_ok_importar"":4,""count_ok_eliminar"":0,""count_pending"":0,""count_review_action"":0,""count_other"":0}";import;qa_ok_importar_found
X59607700002;HP ACCUMULATOR DOUBLE-WALLED, LEFT;;41 KGM;import;qa_ok_importar_found;true;4;20V4000M93;1700595, 1704342, 1708082, 1711822;106, 502, 898, 1294;"{""total_rows"":4,""count_ok_importar"":4,""count_ok_eliminar"":0,""count_pending"":0,""count_review_action"":0,""count_other"":0}";import;qa_ok_importar_found
X59608200024;RETAINER;;3,400 KG SB;import;qa_ok_importar_found;true;8;16V4000M73, 16V4000M73L;1400639, 1403808, 1406977, 1410155, 1500518, 1503724, 1506187, 1508675;115, 469, 823, 1178, 105, 590, 935, 1278;"{""total_rows"":8,""count_ok_importar"":8,""count_ok_eliminar"":0,""count_pending"":0,""count_review_action"":0,""count_other"":0}";import;qa_ok_importar_found
X59608300021;PLUG-IN PIPE;;0.373 KGM;import;qa_ok_importar_found;true;14;16V4000M73, 16V4000M73L, 20V4000M93, 20V4000M93L;1400704, 1403873, 1407042, 1410220, 1500550, 1503756, 1506219, 1508707, 1700701, 1704447, 1708187, 1711927, 1800668, 1804274;123, 477, 831, 1186, 111, 596, 941, 1284, 519, 915, 1311, 1222, 1599;"{""total_rows"":14,""count_ok_importar"":14,""count_ok_eliminar"":0,""count_pending"":0,""count_review_action"":0,""count_other"":0}";import;qa_ok_importar_found
X59608300022;PLUG-IN PIPE FOR FUEL FILTER;;0.399 KGM;import;qa_ok_importar_found;true;14;16V4000M73, 16V4000M73L, 20V4000M93, 20V4000M93L;1400701, 1403870, 1407039, 1410217, 1500547, 1503753, 1506216, 1508704, 1700698, 1704444, 1708184, 1711924, 1800665, 1804271;123, 477, 831, 1186, 111, 596, 941, 1284, 519, 915, 1311, 1222, 1599;"{""total_rows"":14,""count_ok_importar"":14,""count_ok_eliminar"":0,""count_pending"":0,""count_review_action"":0,""count_other"":0}";import;qa_ok_importar_found
X59608300026;COLLECTING TROUGH;;2,900 kg;import;qa_ok_importar_found;true;2;12V4000M53;1200828, 1203967;122, 477;"{""total_rows"":2,""count_ok_importar"":2,""count_ok_eliminar"":0,""count_pending"":0,""count_review_action"":0,""count_other"":0}";import;qa_ok_importar_found
X59610100058;COMPRESSOR HOUSING A/R=1.91CM;;37.900 kg;import;qa_ok_importar_found;true;16;20V4000M93;1700891, 1700961, 1701022, 1701083, 1704634, 1704704, 1704763, 1704822, 1708374, 1708444, 1708503, 1708562, 1712121, 1712191, 1712251, 1712311;140, 147, 150, 153, 536, 543, 546, 549, 932, 939, 942, 945, 1328, 1335, 1338, 1341;"{""total_rows"":16,""count_ok_importar"":16,""count_ok_eliminar"":0,""count_pending"":0,""count_review_action"":0,""count_other"":0}";import;qa_ok_importar_found
X59610100113;EXHAUST TURBOCHARGER LEFT ZR175;;92.000 kg EM;import;qa_ok_importar_found;true;2;20V4000M93L;1800804, 1804410;1235, 1612;"{""total_rows"":2,""count_ok_importar"":2,""count_ok_eliminar"":0,""count_pending"":0,""count_review_action"":0,""count_other"":0}";import;qa_ok_importar_found
X59610100114;EXHAUST TURBOCHARGER RIGHT ZR175;;95.500 kg EM;import;qa_ok_importar_found;true;2;20V4000M93L;1800807, 1804413;1235, 1612;"{""total_rows"":2,""count_ok_importar"":2,""count_ok_eliminar"":0,""count_pending"":0,""count_review_action"":0,""count_other"":0}";import;qa_ok_importar_found
X59610100115;EXHAUST TURBOCHARGER LEFT ZR175;;96.700 kg EM;import;qa_ok_importar_found;true;2;20V4000M93L;1800808, 1804414;1235, 1612;"{""total_rows"":2,""count_ok_importar"":2,""count_ok_eliminar"":0,""count_pending"":0,""count_review_action"":0,""count_other"":0}";import;qa_ok_importar_found
X59610100121;EXHAUST FLAP;;;import;qa_ok_importar_found;true;6;20V4000M93L;1800930, 1800990, 1801053, 1804536, 1804596, 1804659;1245, 1248, 1251, 1622, 1625, 1628;"{""total_rows"":6,""count_ok_importar"":6,""count_ok_eliminar"":0,""count_pending"":0,""count_review_action"":0,""count_other"":0}";import;qa_ok_importar_found
X59610100122;SHAFT;;;import;qa_ok_importar_found;true;14;12V4000M53, 16V4000M73, 16V4000M73L, 20V4000M93;1200970, 1204110, 1400999, 1404168, 1407337, 1410515, 1500679, 1503885, 1506348, 1508836, 1700861, 1704607, 1708347, 1712090;136, 491, 149, 503, 857, 1212, 124, 609, 954, 1297, 138, 534, 930, 1326;"{""total_rows"":14,""count_ok_importar"":14,""count_ok_eliminar"":0,""count_pending"":0,""count_review_action"":0,""count_other"":0}";import;qa_ok_importar_found
X59610100123;SHAFT;;0.132 KGM;import;qa_ok_importar_found;true;14;12V4000M53, 16V4000M73, 16V4000M73L, 20V4000M93;1200867, 1204007, 1400860, 1404029, 1407198, 1410376, 1500672, 1503878, 1506341, 1508829, 1700838, 1704584, 1708324, 1712067;127, 482, 138, 492, 846, 1201, 123, 608, 953, 1296, 137, 533, 929, 1325;"{""total_rows"":14,""count_ok_importar"":14,""count_ok_eliminar"":0,""count_pending"":0,""count_review_action"":0,""count_other"":0}";import;qa_ok_importar_found
X59610100163;EXHAUST FLAP;;0.745 KGM;import;qa_ok_importar_found;true;22;12V4000M53, 16V4000M73, 16V4000M73L, 20V4000M93;1200964, 1204104, 1400981, 1404150, 1407316, 1410494, 1500790, 1503996, 1506459, 1508946, 1700976, 1701037, 1701098, 1704719, 1704778, 1704837, 1708459, 1708518, 1708577, 1712206, 1712266, 1712326;135, 490, 147, 501, 855, 1210, 133, 618, 963, 1305, 150, 153, 543, 546, 549, 939, 942, 945, 1335, 1338, 1341;"{""total_rows"":22,""count_ok_importar"":22,""count_ok_eliminar"":0,""count_pending"":0,""count_review_action"":0,""count_other"":0}";import;qa_ok_importar_found
X59610100194;EXHAUST TURBOCHARGER LEFT INACTIVE ZR175;;104.000 kg EM;import;qa_ok_importar_found;true;4;20V4000M93;1700847, 1704593, 1708333, 1712076;137, 533, 929, 1325;"{""total_rows"":4,""count_ok_importar"":4,""count_ok_eliminar"":0,""count_pending"":0,""count_review_action"":0,""count_other"":0}";import;qa_ok_importar_found
X59610100195;EXHAUST TURBOCHARGER RIGHT ACTIVE ZR175;;101.500 kg EM;import;qa_ok_importar_found;true;4;20V4000M93;1700857, 1704603, 1708343, 1712086;137, 533, 929, 1325;"{""total_rows"":4,""count_ok_importar"":4,""count_ok_eliminar"":0,""count_pending"":0,""count_review_action"":0,""count_other"":0}";import;qa_ok_importar_found
X59610100196;EXHAUST TURBOCHARGER LEFT ACTIVE ZR175;;97.000 kg EM;import;qa_ok_importar_found;true;4;20V4000M93;1700858, 1704604, 1708344, 1712087;137, 533, 929, 1325;"{""total_rows"":4,""count_ok_importar"":4,""count_ok_eliminar"":0,""count_pending"":0,""count_review_action"":0,""count_other"":0}";import;qa_ok_importar_found
X59610100197;EXHAUST TURBOCHARGER RIGHT ACTIVE ZR175;;112.500 kg EM;import;qa_ok_importar_found;true;4;20V4000M93;1700859, 1704605, 1708345, 1712088;137, 533, 929, 1325;"{""total_rows"":4,""count_ok_importar"":4,""count_ok_eliminar"":0,""count_pending"":0,""count_review_action"":0,""count_other"":0}";import;qa_ok_importar_found
X59611100003;BRACKET LEFT;;35.222 kg;import;qa_ok_importar_found;true;14;16V4000M73, 16V4000M73L, 20V4000M93, 20V4000M93L;1401017, 1404186, 1407355, 1410533, 1500827, 1504033, 1506496, 1508981, 1701133, 1704873, 1708613, 1712362, 1801091, 1804697;151, 505, 859, 1214, 136, 621, 966, 1308, 156, 552, 948, 1344, 1254, 1631;"{""total_rows"":14,""count_ok_importar"":14,""count_ok_eliminar"":0,""count_pending"":0,""count_review_action"":0,""count_other"":0}";import;qa_ok_importar_found
X59611300003;BRACKET RIGHT;;36.388 kg;import;qa_ok_importar_found;true;11;16V4000M73, 16V4000M73L, 20V4000M93, 20V4000M93L;1401018, 1404187, 1407356, 1410534, 1500828, 1504034, 1506497, 1508982, 1712363, 1801092, 1804698;151, 505, 859, 1214, 136, 621, 966, 1308, 1344, 1254, 1631;"{""total_rows"":11,""count_ok_importar"":11,""count_ok_eliminar"":0,""count_pending"":0,""count_review_action"":0,""count_other"":0}";import;qa_ok_importar_found
X59611400005/87;INTERCOOLER WITH TEST CERT. 3.1;;;import;qa_ok_importar_found;true;2;20V4000M93L;1801074, 1804680;1254, 1631;"{""total_rows"":2,""count_ok_importar"":2,""count_ok_eliminar"":0,""count_pending"":0,""count_review_action"":0,""count_other"":0}";import;qa_ok_importar_found
X59611400009;SUPPORT FOR INTERCOOLER;;;import;qa_ok_importar_found;true;2;20V4000M93L;1801076, 1804682;1254, 1631;"{""total_rows"":2,""count_ok_importar"":2,""count_ok_eliminar"":0,""count_pending"":0,""count_review_action"":0,""count_other"":0}";import;qa_ok_importar_found
X59611400013;HEAT SHIELD FOR INTERCOOLER;;;import;qa_ok_importar_found;true;2;20V4000M93L;1801078, 1804684;1254, 1631;"{""total_rows"":2,""count_ok_importar"":2,""count_ok_eliminar"":0,""count_pending"":0,""count_review_action"":0,""count_other"":0}";import;qa_ok_importar_found
X59611400014;SUPPORT FOR INTERCOOLER;;35.500 kg;import;qa_ok_importar_found;true;14;12V4000M53, 16V4000M73, 16V4000M73L, 20V4000M93;1200991, 1204130, 1401002, 1404171, 1407340, 1410518, 1500811, 1504017, 1506480, 1508965, 1701117, 1704857, 1708597, 1712346;138, 493, 151, 505, 859, 1214, 136, 621, 966, 1308, 156, 552, 948, 1344;"{""total_rows"":14,""count_ok_importar"":14,""count_ok_eliminar"":0,""count_pending"":0,""count_review_action"":0,""count_other"":0}";import;qa_ok_importar_found
X59611400019;HEAT SHIELD;;47.300 kg;import;qa_ok_importar_found;true;4;20V4000M93;1701119, 1704859, 1708599, 1712348;156, 552, 948, 1344;"{""total_rows"":4,""count_ok_importar"":4,""count_ok_eliminar"":0,""count_pending"":0,""count_review_action"":0,""count_other"":0}";import;qa_ok_importar_found
X59611400024/87;INTERCOOLER WITH TEST CERT. 3.1;;937.000 kg EM;import;qa_ok_importar_found;true;4;20V4000M93;1701115, 1704855, 1708595, 1712344;156, 552, 948, 1344;"{""total_rows"":4,""count_ok_importar"":4,""count_ok_eliminar"":0,""count_pending"":0,""count_review_action"":0,""count_other"":0}";import;qa_ok_importar_found
X59612300001;LEVER;;;import;qa_ok_importar_found;true;2;20V4000M93L;1801192, 1804798;1267, 1644;"{""total_rows"":2,""count_ok_importar"":2,""count_ok_eliminar"":0,""count_pending"":0,""count_review_action"":0,""count_other"":0}";import;qa_ok_importar_found
X59612300016;INTAKE HOUSING;;14.860 kg;import;qa_ok_importar_found;true;14;16V4000M73, 16V4000M73L, 20V4000M93, 20V4000M93L;1401051, 1404220, 1407389, 1410567, 1500858, 1504065, 1506528, 1509012, 1701172, 1704912, 1708652, 1712401, 1801138, 1804744;159, 513, 867, 1222, 146, 632, 977, 1318, 167, 563, 959, 1355, 1265, 1642;"{""total_rows"":14,""count_ok_importar"":14,""count_ok_eliminar"":0,""count_pending"":0,""count_review_action"":0,""count_other"":0}";import;qa_ok_importar_found
X59612300019;INTAKE HOUSING VERTIKAL;;6.270 kg;import;qa_ok_importar_found;true;2;20V4000M93L;1801148, 1804754;1265, 1642;"{""total_rows"":2,""count_ok_importar"":2,""count_ok_eliminar"":0,""count_pending"":0,""count_review_action"":0,""count_other"":0}";import;qa_ok_importar_found
X59612300026;LEVER;;255.900 g;import;qa_ok_importar_found;true;12;16V4000M73, 16V4000M73L, 20V4000M93;1401096, 1404265, 1407434, 1410612, 1500903, 1504110, 1506573, 1509057, 1701229, 1704969, 1708709, 1712459;162, 516, 870, 1225, 149, 635, 980, 1321, 170, 566, 962, 1358;"{""total_rows"":12,""count_ok_importar"":12,""count_ok_eliminar"":0,""count_pending"":0,""count_review_action"":0,""count_other"":0}";import;qa_ok_importar_found
X59614100003;SPACER;;0.027 KGM;import;qa_ok_importar_found;true;16;12V4000M53, 16V4000M73, 16V4000M73L, 20V4000M93, 20V4000M93L;1201211, 1204350, 1401270, 1404439, 1407608, 1410786, 1501038, 1504245, 1506708, 1509192, 1701605, 1705345, 1709085, 1712832, 1801495, 1805101;164, 519, 181, 535, 889, 1244, 169, 655, 1000, 1340, 207, 603, 999, 1395, 1295, 1672;"{""total_rows"":16,""count_ok_importar"":16,""count_ok_eliminar"":0,""count_pending"":0,""count_review_action"":0,""count_other"":0}";import;qa_ok_importar_found
X59614500003/89;EXHAUST PIPE BELLOWS;;;import;qa_ok_importar_found;true;2;20V4000M93L;1801593, 1805252;1308, 1688;"{""total_rows"":2,""count_ok_importar"":2,""count_ok_eliminar"":0,""count_pending"":0,""count_review_action"":0,""count_other"":0}";import;qa_ok_importar_found
X59614500004;FLANGE;;4.4 KGM;import;qa_ok_importar_found;true;2;20V4000M93L;1801590, 1805249;1307, 1687;"{""total_rows"":2,""count_ok_importar"":2,""count_ok_eliminar"":0,""count_pending"":0,""count_review_action"":0,""count_other"":0}";import;qa_ok_importar_found
X59618100018;VALVE HOLDER;;5.300 kg;import;qa_ok_importar_found;true;2;20V4000M93L;1801866, 1805525;1334, 1714;"{""total_rows"":2,""count_ok_importar"":2,""count_ok_eliminar"":0,""count_pending"":0,""count_review_action"":0,""count_other"":0}";import;qa_ok_importar_found
X59618300008/30;AUTOMATIC OIL FILTER GL ACCEPTANCE;;145.000 kg;import;qa_ok_importar_found;true;2;20V4000M93L;1801943, 1805602;1346, 1726;"{""total_rows"":2,""count_ok_importar"":2,""count_ok_eliminar"":0,""count_pending"":0,""count_review_action"":0,""count_other"":0}";import;qa_ok_importar_found
X59618300029/87;OIL COOLER;;209.200 kg KANAELE: 50 OEL / 51 KM;import;qa_ok_importar_found;true;4;20V4000M93;1701928, 1705668, 1709408, 1713153;244, 640, 1036, 1432;"{""total_rows"":4,""count_ok_importar"":4,""count_ok_eliminar"":0,""count_pending"":0,""count_review_action"":0,""count_other"":0}";import;qa_ok_importar_found
X59618300033/24;AUTOMATIC OIL FILTER;;138.000 kg;import;qa_ok_importar_found;true;4;20V4000M93;1701785, 1705525, 1709265, 1713010;236, 632, 1028, 1424;"{""total_rows"":4,""count_ok_importar"":4,""count_ok_eliminar"":0,""count_pending"":0,""count_review_action"":0,""count_other"":0}";import;qa_ok_importar_found
X59618500011;OIL RETURN LINE F/TURBO OIL SUPPLY;;;import;qa_ok_importar_found;true;2;20V4000M93L;1801720, 1805379;1331, 1711;"{""total_rows"":2,""count_ok_importar"":2,""count_ok_eliminar"":0,""count_pending"":0,""count_review_action"":0,""count_other"":0}";import;qa_ok_importar_found
X59618500012;OIL LINE F/TURBO OIL SUPPLY;;0.299 KGM;import;qa_ok_importar_found;true;2;20V4000M93L;1801717, 1805376;1331, 1711;"{""total_rows"":2,""count_ok_importar"":2,""count_ok_eliminar"":0,""count_pending"":0,""count_review_action"":0,""count_other"":0}";import;qa_ok_importar_found
X59618500013;OIL LINE F/TURBO OIL SUPPLY;;287.000 g;import;qa_ok_importar_found;true;2;20V4000M93L;1801746, 1805405;1331, 1711;"{""total_rows"":2,""count_ok_importar"":2,""count_ok_eliminar"":0,""count_pending"":0,""count_review_action"":0,""count_other"":0}";import;qa_ok_importar_found
X59618500014;OIL RETURN LINE F/TURBO OIL SUPPLY;;655.200 g;import;qa_ok_importar_found;true;2;20V4000M93L;1801795, 1805454;1332, 1712;"{""total_rows"":2,""count_ok_importar"":2,""count_ok_eliminar"":0,""count_pending"":0,""count_review_action"":0,""count_other"":0}";import;qa_ok_importar_found
X59618500015;OIL LINE F/TURBO OIL SUPPLY;;267.000 g;import;qa_ok_importar_found;true;2;20V4000M93L;1801792, 1805451;1332, 1712;"{""total_rows"":2,""count_ok_importar"":2,""count_ok_eliminar"":0,""count_pending"":0,""count_review_action"":0,""count_other"":0}";import;qa_ok_importar_found
X59618500016;OIL LINE F/TURBO OIL SUPPLY;;277.000 g;import;qa_ok_importar_found;true;2;20V4000M93L;1801829, 1805488;1333, 1713;"{""total_rows"":2,""count_ok_importar"":2,""count_ok_eliminar"":0,""count_pending"":0,""count_review_action"":0,""count_other"":0}";import;qa_ok_importar_found
X59618500020;OIL RETURN LINE FROM T/CHARGER, RT;;638.100 g SB EM;import;qa_ok_importar_found;true;2;20V4000M93L;1801832, 1805491;1333, 1713;"{""total_rows"":2,""count_ok_importar"":2,""count_ok_eliminar"":0,""count_pending"":0,""count_review_action"":0,""count_other"":0}";import;qa_ok_importar_found
X59618500021;OIL RETURN LINE;;625.100 g;import;qa_ok_importar_found;true;2;20V4000M93L;1801749, 1805408;1331, 1711;"{""total_rows"":2,""count_ok_importar"":2,""count_ok_eliminar"":0,""count_pending"":0,""count_review_action"":0,""count_other"":0}";import;qa_ok_importar_found
X59618500028;RETAINER;;0.515 kg;import;qa_ok_importar_found;true;2;20V4000M93L;1801741, 1805400;1331, 1711;"{""total_rows"":2,""count_ok_importar"":2,""count_ok_eliminar"":0,""count_pending"":0,""count_review_action"":0,""count_other"":0}";import;qa_ok_importar_found
X59618500034;RETAINER;;398.000 g;import;qa_ok_importar_found;true;2;20V4000M93L;1801550, 1805156;1298, 1675;"{""total_rows"":2,""count_ok_importar"":2,""count_ok_eliminar"":0,""count_pending"":0,""count_review_action"":0,""count_other"":0}";import;qa_ok_importar_found
X59618500045;OIL RETURN LINE F/TURBO OIL SUPPLY;;0.647 KGM;import;qa_ok_importar_found;true;4;20V4000M93;1702087, 1705827, 1709567, 1713311;252, 648, 1044, 1440;"{""total_rows"":4,""count_ok_importar"":4,""count_ok_eliminar"":0,""count_pending"":0,""count_review_action"":0,""count_other"":0}";import;qa_ok_importar_found
X59618500046;OIL RETURN LINE F/TURBO OIL SUPPLY;;0.6 KGM;import;qa_ok_importar_found;true;4;20V4000M93;1702043, 1705783, 1709523, 1713267;252, 648, 1044, 1440;"{""total_rows"":4,""count_ok_importar"":4,""count_ok_eliminar"":0,""count_pending"":0,""count_review_action"":0,""count_other"":0}";import;qa_ok_importar_found
X59618500047;OIL RETURN LINE F/TURBO OIL SUPPLY;;625.000 g;import;qa_ok_importar_found;true;4;20V4000M93;1702128, 1705868, 1709608, 1713351;253, 649, 1045, 1441;"{""total_rows"":4,""count_ok_importar"":4,""count_ok_eliminar"":0,""count_pending"":0,""count_review_action"":0,""count_other"":0}";import;qa_ok_importar_found
X59618500048;OIL RETURN LINE F/TURBO OIL SUPPLY;;613.000 g;import;qa_ok_importar_found;true;4;20V4000M93;1701995, 1705735, 1709475, 1713220;251, 647, 1043, 1439;"{""total_rows"":4,""count_ok_importar"":4,""count_ok_eliminar"":0,""count_pending"":0,""count_review_action"":0,""count_other"":0}";import;qa_ok_importar_found
X59618500051;OIL LINE F/TURBO OIL SUPPLY;;278.100 g;import;qa_ok_importar_found;true;4;20V4000M93;1702125, 1705865, 1709605, 1713348;253, 649, 1045, 1441;"{""total_rows"":4,""count_ok_importar"":4,""count_ok_eliminar"":0,""count_pending"":0,""count_review_action"":0,""count_other"":0}";import;qa_ok_importar_found
X59618500052;OIL LINE F/TURBO OIL SUPPLY;;0.28 KGM;import;qa_ok_importar_found;true;4;20V4000M93;1702040, 1705780, 1709520, 1713264;252, 648, 1044, 1440;"{""total_rows"":4,""count_ok_importar"":4,""count_ok_eliminar"":0,""count_pending"":0,""count_review_action"":0,""count_other"":0}";import;qa_ok_importar_found
X59618500053;OIL LINE F/TURBO OIL SUPPLY;;266.500 g;import;qa_ok_importar_found;true;4;20V4000M93;1702084, 1705824, 1709564, 1713308;252, 648, 1044, 1440;"{""total_rows"":4,""count_ok_importar"":4,""count_ok_eliminar"":0,""count_pending"":0,""count_review_action"":0,""count_other"":0}";import;qa_ok_importar_found
X59618500054;OIL LINE F/TURBO OIL SUPPLY;;0.300 kg;import;qa_ok_importar_found;true;4;20V4000M93;1701992, 1705732, 1709472, 1713217;251, 647, 1043, 1439;"{""total_rows"":4,""count_ok_importar"":4,""count_ok_eliminar"":0,""count_pending"":0,""count_review_action"":0,""count_other"":0}";import;qa_ok_importar_found
X59620200081;VENT LINE;;0.120 kg;import;qa_ok_importar_found;true;6;20V4000M93, 20V4000M93L;1702654, 1706394, 1710134, 1713878, 1802706, 1806365;288, 684, 1080, 1476, 1397, 1777;"{""total_rows"":6,""count_ok_importar"":6,""count_ok_eliminar"":0,""count_pending"":0,""count_review_action"":0,""count_other"":0}";import;qa_ok_importar_found
X59620200102;RETAINER;;4.860 kg;import;qa_ok_importar_found;true;2;20V4000M93L;1802380, 1806039;1385, 1765;"{""total_rows"":2,""count_ok_importar"":2,""count_ok_eliminar"":0,""count_pending"":0,""count_review_action"":0,""count_other"":0}";import;qa_ok_importar_found
X59620200103;COVER PLATE FOR SEAWATER COOLER;;45.467 kg;import;qa_ok_importar_found;true;5;16V4000M73L, 20V4000M93L;1501645, 1504852, 1507315, 1802784, 1806443;238, 724, 1069, 1400, 1780;"{""total_rows"":5,""count_ok_importar"":5,""count_ok_eliminar"":0,""count_pending"":0,""count_review_action"":0,""count_other"":0}";import;qa_ok_importar_found
X59620200109;RETAINER;;4.600 kg;import;qa_ok_importar_found;true;12;16V4000M73, 16V4000M73L, 20V4000M93;1402115, 1405284, 1408462, 1411641, 1501932, 1505139, 1507602, 1510091, 1702331, 1706071, 1709811, 1713555;267, 621, 976, 1330, 263, 749, 1094, 1430, 277, 673, 1069, 1465;"{""total_rows"":12,""count_ok_importar"":12,""count_ok_eliminar"":0,""count_pending"":0,""count_review_action"":0,""count_other"":0}";import;qa_ok_importar_found
X59620200110;COVER PLATE BR 4000;;46.000 kg;import;qa_ok_importar_found;true;10;12V4000M53, 16V4000M73, 20V4000M93;1201769, 1204908, 1402321, 1405490, 1408668, 1411866, 1702736, 1706476, 1710216, 1713960;228, 583, 277, 631, 986, 1340, 292, 688, 1084, 1480;"{""total_rows"":10,""count_ok_importar"":10,""count_ok_eliminar"":0,""count_pending"":0,""count_review_action"":0,""count_other"":0}";import;qa_ok_importar_found
X59620200112;COOLANT LINE;;580.000 g SB;import;qa_ok_importar_found;true;4;20V4000M93;1702392, 1706132, 1709872, 1713616;280, 676, 1072, 1468;"{""total_rows"":4,""count_ok_importar"":4,""count_ok_eliminar"":0,""count_pending"":0,""count_review_action"":0,""count_other"":0}";import;qa_ok_importar_found
X59620200127;COOLANT DISTRIB HSG;;147.000 kg;import;qa_ok_importar_found;true;12;16V4000M73, 16V4000M73L, 20V4000M93;1402363, 1405532, 1408710, 1411909, 1501975, 1505182, 1507645, 1510134, 1702777, 1706517, 1710257, 1714000;286, 640, 995, 1349, 268, 754, 1099, 1435, 301, 697, 1093, 1489;"{""total_rows"":12,""count_ok_importar"":12,""count_ok_eliminar"":0,""count_pending"":0,""count_review_action"":0,""count_other"":0}";import;qa_ok_importar_found
X59620200128;COOLANT DISTRIBUTION HOUSING;;156.000 kg;import;qa_ok_importar_found;true;12;16V4000M73, 16V4000M73L, 20V4000M93;1402352, 1405521, 1408699, 1411898, 1501963, 1505170, 1507633, 1510122, 1702765, 1706505, 1710245, 1713988;285, 639, 994, 1348, 267, 753, 1098, 1434, 300, 696, 1092, 1488;"{""total_rows"":12,""count_ok_importar"":12,""count_ok_eliminar"":0,""count_pending"":0,""count_review_action"":0,""count_other"":0}";import;qa_ok_importar_found
X59620300015;VENT LINE;;190.000 g;import;qa_ok_importar_found;true;6;20V4000M93, 20V4000M93L;1702636, 1706376, 1710116, 1713860, 1802688, 1806347;288, 684, 1080, 1476, 1397, 1777;"{""total_rows"":6,""count_ok_importar"":6,""count_ok_eliminar"":0,""count_pending"":0,""count_review_action"":0,""count_other"":0}";import;qa_ok_importar_found
X59620600002;THERMOSTAT HOUSING;;;import;qa_ok_importar_found;true;2;20V4000M93L;1802852, 1806511;1411, 1791;"{""total_rows"":2,""count_ok_importar"":2,""count_ok_eliminar"":0,""count_pending"":0,""count_review_action"":0,""count_other"":0}";import;qa_ok_importar_found
X59620600003;THERMOSTAT HOUSING;;;import;qa_ok_importar_found;true;4;20V4000M93;1702793, 1706533, 1710273, 1714016;302, 698, 1094, 1490;"{""total_rows"":4,""count_ok_importar"":4,""count_ok_eliminar"":0,""count_pending"":0,""count_review_action"":0,""count_other"":0}";import;qa_ok_importar_found
X59620600004;THERMAL ACTUATOR;;;import;qa_ok_importar_found;true;4;20V4000M93;1702802, 1706542, 1710282, 1714025;302, 698, 1094, 1490;"{""total_rows"":4,""count_ok_importar"":4,""count_ok_eliminar"":0,""count_pending"":0,""count_review_action"":0,""count_other"":0}";import;qa_ok_importar_found
X59623100003;ENGINE SUPPORT;;3.569 kg;import;qa_ok_importar_found;true;14;12V4000M53, 16V4000M73, 16V4000M73L, 20V4000M93;1202366, 1205507, 1402554, 1405723, 1408901, 1412104, 1502024, 1505231, 1507688, 1510177, 1702964, 1706704, 1710444, 1714187;288, 645, 304, 658, 1013, 1367, 285, 771, 1113, 1448, 323, 719, 1115, 1511;"{""total_rows"":14,""count_ok_importar"":14,""count_ok_eliminar"":0,""count_pending"":0,""count_review_action"":0,""count_other"":0}";import;qa_ok_importar_found
X59623100004;ENGINE SUPPORT MAIN PTO END;;8.3 KGM;import;qa_ok_importar_found;true;16;12V4000M53, 16V4000M73, 16V4000M73L, 20V4000M93, 20V4000M93L;1202361, 1205502, 1402549, 1405718, 1408896, 1412099, 1502018, 1505225, 1507682, 1510171, 1702959, 1706699, 1710439, 1714182, 1803053, 1806711;287, 644, 303, 657, 1012, 1366, 284, 770, 1112, 1447, 322, 718, 1114, 1510, 1434, 1814;"{""total_rows"":16,""count_ok_importar"":16,""count_ok_eliminar"":0,""count_pending"":0,""count_review_action"":0,""count_other"":0}";import;qa_ok_importar_found
X59623100008;MOUNTING BRACKET;;46.400 kg;import;qa_ok_importar_found;true;2;20V4000M93L;1803063, 1806721;1436, 1816;"{""total_rows"":2,""count_ok_importar"":2,""count_ok_eliminar"":0,""count_pending"":0,""count_review_action"":0,""count_other"":0}";import;qa_ok_importar_found
X59625100006/30;STEEL-SPRING COUPLG GL ACCEPTANCE;;170.000 kg;import;qa_ok_importar_found;true;2;20V4000M93L;1803064, 1806722;1438, 1818;"{""total_rows"":2,""count_ok_importar"":2,""count_ok_eliminar"":0,""count_pending"":0,""count_review_action"":0,""count_other"":0}";import;qa_ok_importar_found
X59625100029/24;STEEL-SPRING COUPLG CCS ACCEPTANCE;;201.000 kg;import;qa_ok_importar_found;true;4;20V4000M93;1702991, 1706731, 1710471, 1714213;329, 725, 1121, 1517;"{""total_rows"":4,""count_ok_importar"":4,""count_ok_eliminar"":0,""count_pending"":0,""count_review_action"":0,""count_other"":0}";import;qa_ok_importar_found
X59699100017;RETAINER;;2.124 kg;import;qa_ok_importar_found;true;6;20V4000M93, 20V4000M93L;1702359, 1706099, 1709839, 1713583, 1802410, 1806069;279, 675, 1071, 1467, 1387, 1767;"{""total_rows"":6,""count_ok_importar"":6,""count_ok_eliminar"":0,""count_pending"":0,""count_review_action"":0,""count_other"":0}";import;qa_ok_importar_found
X59699100019;RETAINER;;1.400 kg;import;qa_ok_importar_found;true;2;20V4000M93L;1802389, 1806048;1387, 1767;"{""total_rows"":2,""count_ok_importar"":2,""count_ok_eliminar"":0,""count_pending"":0,""count_review_action"":0,""count_other"":0}";import;qa_ok_importar_found
X59699100024;RETAINER;;246.000 g;import;qa_ok_importar_found;true;2;20V4000M93L;1801232, 1804838;1273, 1650;"{""total_rows"":2,""count_ok_importar"":2,""count_ok_eliminar"":0,""count_pending"":0,""count_review_action"":0,""count_other"":0}";import;qa_ok_importar_found
X59699100031;RETAINER;;213.500 g;import;qa_ok_importar_found;true;2;20V4000M93L;1801713, 1805372;1331, 1711;"{""total_rows"":2,""count_ok_importar"":2,""count_ok_eliminar"":0,""count_pending"":0,""count_review_action"":0,""count_other"":0}";import;qa_ok_importar_found
X59699100034;SPACER SLEEVE;10,5 X 22 X 18,5;0.042 KGM;import;qa_ok_importar_found;true;16;12V4000M53, 16V4000M73, 16V4000M73L, 20V4000M93, 20V4000M93L;1200265, 1203409, 1400265, 1403434, 1406603, 1409781, 1500175, 1503381, 1505844, 1508331, 1700228, 1703972, 1707712, 1711452, 1800225, 1803797;42, 397, 44, 398, 752, 1107, 33, 518, 863, 1206, 41, 437, 833, 1229, 1143, 1516;"{""total_rows"":16,""count_ok_importar"":16,""count_ok_eliminar"":0,""count_pending"":0,""count_review_action"":0,""count_other"":0}";import;qa_ok_importar_found
X59699100041;PLUG FOR HEAT SHIELD;;;import;qa_ok_importar_found;true;8;20V4000M93L;1800847, 1800917, 1800978, 1801040, 1804453, 1804523, 1804584, 1804646;1238, 1245, 1248, 1251, 1615, 1622, 1625, 1628;"{""total_rows"":8,""count_ok_importar"":8,""count_ok_eliminar"":0,""count_pending"":0,""count_review_action"":0,""count_other"":0}";import;qa_ok_importar_found
X59699100051;RETAINER F. WIRING HARNESS;;;import;qa_ok_importar_found;true;10;16V4000M73, 16V4000M73L, 20V4000M93L;1402992, 1406161, 1409339, 1412542, 1502442, 1505479, 1507972, 1510462, 1803179, 1806861;340, 694, 1049, 1403, 348, 810, 1153, 1488, 1458, 1842;"{""total_rows"":10,""count_ok_importar"":10,""count_ok_eliminar"":0,""count_pending"":0,""count_review_action"":0,""count_other"":0}";import;qa_ok_importar_found
X59699100056;RETAINER;;379.000 g;import;qa_ok_importar_found;true;2;20V4000M93L;1802183, 1805842;1364, 1744;"{""total_rows"":2,""count_ok_importar"":2,""count_ok_eliminar"":0,""count_pending"":0,""count_review_action"":0,""count_other"":0}";import;qa_ok_importar_found
X59699100058;PLUG;;0.217 KGM;import;qa_ok_importar_found;true;16;12V4000M53, 16V4000M73, 16V4000M73L, 20V4000M93, 20V4000M93L;1202404, 1205564, 1402940, 1406109, 1409287, 1412490, 1502415, 1505452, 1507945, 1510435, 1703450, 1707190, 1710930, 1714670, 1803180, 1806862;303, 666, 332, 686, 1041, 1395, 344, 806, 1149, 1484, 369, 765, 1161, 1557, 1458, 1842;"{""total_rows"":16,""count_ok_importar"":16,""count_ok_eliminar"":0,""count_pending"":0,""count_review_action"":0,""count_other"":0}";import;qa_ok_importar_found
X59699100064;PLUG;;0.095 KGM;import;qa_ok_importar_found;true;2;16V4000M73L;1507727, 1510216;1121, 1456;"{""total_rows"":2,""count_ok_importar"":2,""count_ok_eliminar"":0,""count_pending"":0,""count_review_action"":0,""count_other"":0}";import;qa_ok_importar_found
X59699100256;RETAINER;;234.100 g;import;qa_ok_importar_found;true;4;20V4000M93;1701988, 1705728, 1709468, 1713213;251, 647, 1043, 1439;"{""total_rows"":4,""count_ok_importar"":4,""count_ok_eliminar"":0,""count_pending"":0,""count_review_action"":0,""count_other"":0}";import;qa_ok_importar_found
X59699100274;RETAINER;;1.25 KGM;import;qa_ok_importar_found;true;4;20V4000M93;1702337, 1706077, 1709817, 1713561;279, 675, 1071, 1467;"{""total_rows"":4,""count_ok_importar"":4,""count_ok_eliminar"":0,""count_pending"":0,""count_review_action"":0,""count_other"":0}";import;qa_ok_importar_found
X59699100281;SHAFT;;0.584 KGM;import;qa_ok_importar_found;true;6;12V4000M70, 20V4000M93;1900964, 1903406, 1701215, 1704955, 1708695, 1712444;154, 493, 170, 566, 962, 1358;"{""total_rows"":6,""count_ok_importar"":6,""count_ok_eliminar"":0,""count_pending"":0,""count_review_action"":0,""count_other"":0}";import;qa_ok_importar_found
X59699100656;RETAINER;;250.500 g;import;qa_ok_importar_found;true;4;20V4000M93;1701268, 1705008, 1708748, 1712496;175, 571, 967, 1363;"{""total_rows"":4,""count_ok_importar"":4,""count_ok_eliminar"":0,""count_pending"":0,""count_review_action"":0,""count_other"":0}";import;qa_ok_importar_found
XP51566400020;GOVERNOR;;1.160 kg;import;qa_ok_importar_found;true;2;20V4000M93L;1807260, 1807279;1874, 1877;"{""total_rows"":2,""count_ok_importar"":2,""count_ok_eliminar"":0,""count_pending"":0,""count_review_action"":0,""count_other"":0}";import;qa_ok_importar_found
XP51699100033;NUT;;0.009 KGM;import;qa_ok_importar_found;true;2;12V4000M40A, 16V4000M90;1102646, 1601037;145, 155;"{""total_rows"":2,""count_ok_importar"":2,""count_ok_eliminar"":0,""count_pending"":0,""count_review_action"":0,""count_other"":0}";import;qa_ok_importar_found
XP52418900013;GEAR PUMP;;;import;qa_ok_importar_found;true;3;12V4000M40A, 16V4000M61;1102647, 1301343, 1304256;226, 215, 717;"{""total_rows"":3,""count_ok_importar"":3,""count_ok_eliminar"":0,""count_pending"":0,""count_review_action"":0,""count_other"":0}";import;qa_ok_importar_found
XP52499100226;V-BAND CLAMP;nan;0.5 KGM;import;qa_ok_importar_found;true;4;12V4000M53, 12V4000M70;1201447, 1204586, 1901491, 1903878;198, 553, 217, 554;"{""total_rows"":4,""count_ok_importar"":4,""count_ok_eliminar"":0,""count_pending"":0,""count_review_action"":0,""count_other"":0}";import;qa_ok_importar_found
XP52607300003;CONTROL BLOCK;;;import;qa_ok_importar_found;true;2;12V4000M53;1200538, 1203679;94, 449;"{""total_rows"":2,""count_ok_importar"":2,""count_ok_eliminar"":0,""count_pending"":0,""count_review_action"":0,""count_other"":0}";import;qa_ok_importar_found
XP52611400008;GASKET;1.30 M;0.065 KGM;import;qa_ok_importar_found;true;2;20V4000M93L;1801114, 1804720;1258, 1635;"{""total_rows"":2,""count_ok_importar"":2,""count_ok_eliminar"":0,""count_pending"":0,""count_review_action"":0,""count_other"":0}";import;qa_ok_importar_found
XP52618100009;GEAR PUMP;;5.57 KGM;import;qa_ok_importar_found;true;2;12V4000M70;1901411, 1903798;207, 544;"{""total_rows"":2,""count_ok_importar"":2,""count_ok_eliminar"":0,""count_pending"":0,""count_review_action"":0,""count_other"":0}";import;qa_ok_importar_found
XP52618300032;OIL FILTER ELEMENT;RUND ÜBERLAPPTE AUSFÜHRUNG;0.032 KGM;import;qa_ok_importar_found;true;4;20V4000M93;1701871, 1705611, 1709351, 1713096;239, 635, 1031, 1427;"{""total_rows"":4,""count_ok_importar"":4,""count_ok_eliminar"":0,""count_pending"":0,""count_review_action"":0,""count_other"":0}";import;qa_ok_importar_found
XP52699100008;FLANGE;;;import;qa_ok_importar_found;true;1;12V4000M40A;1102653;111;"{""total_rows"":1,""count_ok_importar"":1,""count_ok_eliminar"":0,""count_pending"":0,""count_review_action"":0,""count_other"":0}";import;qa_ok_importar_found
XP52699100011;SEAL RING;70X35X2;0.009 KGM;import;qa_ok_importar_found;true;1;12V4000M40A;1102654;111;"{""total_rows"":1,""count_ok_importar"":1,""count_ok_eliminar"":0,""count_pending"":0,""count_review_action"":0,""count_other"":0}";import;qa_ok_importar_found
XP52699100014;STRAINER;;0.017 KGM;import;qa_ok_importar_found;true;1;12V4000M40A;1102655;111;"{""total_rows"":1,""count_ok_importar"":1,""count_ok_eliminar"":0,""count_pending"":0,""count_review_action"":0,""count_other"":0}";import;qa_ok_importar_found
XP52699100128;ANGLE CONNECTION;;0.064 KGM;import;qa_ok_importar_found;true;5;16V4000M73L, 16V4000M90;1500197, 1503403, 1505866, 1508353, 1600165;35, 520, 865, 1208;"{""total_rows"":5,""count_ok_importar"":5,""count_ok_eliminar"":0,""count_pending"":0,""count_review_action"":0,""count_other"":0}";import;qa_ok_importar_found
XP52699100170;SHAFT SEAL RING;;0.028 KGM;import;qa_ok_importar_found;true;3;16V4000M73L, 20V4000M93L;1502084, 1510722, 1806791;299, 1549, 1831;"{""total_rows"":3,""count_ok_importar"":3,""count_ok_eliminar"":0,""count_pending"":0,""count_review_action"":0,""count_other"":0}";import;qa_ok_importar_found
XP52700600008;MAINTENANCE KIT;;1.246 KGM;import;qa_ok_importar_found;true;5;16V4000M73, 16V4000M73L;1411155, 1501433, 1504640, 1507103, 1509591;1285, 219, 705, 1050, 1387;"{""total_rows"":5,""count_ok_importar"":5,""count_ok_eliminar"":0,""count_pending"":0,""count_review_action"":0,""count_other"":0}";import;qa_ok_importar_found
XP52707300006;CONTROL BLOCK;;5.240 kg;import;qa_ok_importar_found;true;4;20V4000M93;1700552, 1704300, 1708040, 1711780;99, 495, 891, 1287;"{""total_rows"":4,""count_ok_importar"":4,""count_ok_eliminar"":0,""count_pending"":0,""count_review_action"":0,""count_other"":0}";import;qa_ok_importar_found
XP52711400022;INTERCOOLER;LADELUFTKUEHLER;EM;import;qa_ok_importar_found;true;4;16V4000M73L;1500845, 1504051, 1506514, 1508999;138, 623, 968, 1310;"{""total_rows"":4,""count_ok_importar"":4,""count_ok_eliminar"":0,""count_pending"":0,""count_review_action"":0,""count_other"":0}";import;qa_ok_importar_found
XP52711400023;INTERCOOLER;;440.000 kg;import;qa_ok_importar_found;true;4;16V4000M73;1401026, 1404195, 1407364, 1410542;152, 506, 860, 1215;"{""total_rows"":4,""count_ok_importar"":4,""count_ok_eliminar"":0,""count_pending"":0,""count_review_action"":0,""count_other"":0}";import;qa_ok_importar_found
XP52717300063;O-RING;;0.001 KGM;import;qa_ok_importar_found;true;15;12V4000M70, 16V4000M73, 16V4000M73L, 20V4000M93, 20V4000M93L;1901314, 1401394, 1404563, 1407741, 1410919, 1501154, 1504361, 1506824, 1509310, 1701662, 1705402, 1709142, 1712889, 1801634, 1805293;198, 552, 907, 1262, 188, 674, 1019, 1358, 216, 612, 1008, 1404, 1313, 1693;"{""total_rows"":15,""count_ok_importar"":15,""count_ok_eliminar"":0,""count_pending"":0,""count_review_action"":0,""count_other"":0}";import;qa_ok_importar_found
XP52725100022;O-RING;3 X 215;0.01 KGM;import;qa_ok_importar_found;true;2;20V4000M93L;1803083, 1806741;1440, 1820;"{""total_rows"":2,""count_ok_importar"":2,""count_ok_eliminar"":0,""count_pending"":0,""count_review_action"":0,""count_other"":0}";import;qa_ok_importar_found
XP52725100023;O-RING;;0.010 kg;import;qa_ok_importar_found;true;2;20V4000M93L;1803084, 1806742;1440, 1820;"{""total_rows"":2,""count_ok_importar"":2,""count_ok_eliminar"":0,""count_pending"":0,""count_review_action"":0,""count_other"":0}";import;qa_ok_importar_found
XP52725100024;O-RING;;0.010 kg;import;qa_ok_importar_found;true;2;20V4000M93L;1803085, 1806743;1440, 1820;"{""total_rows"":2,""count_ok_importar"":2,""count_ok_eliminar"":0,""count_pending"":0,""count_review_action"":0,""count_other"":0}";import;qa_ok_importar_found
XP52725100036;O-RING;;100.000 g;import;qa_ok_importar_found;true;2;20V4000M93L;1803081, 1806739;1440, 1820;"{""total_rows"":2,""count_ok_importar"":2,""count_ok_eliminar"":0,""count_pending"":0,""count_review_action"":0,""count_other"":0}";import;qa_ok_importar_found
XP52725100046;O-RING;;999.000 kg;import;qa_ok_importar_found;true;4;16V4000M73;1402598, 1405767, 1408945, 1412147;312, 666, 1021, 1375;"{""total_rows"":4,""count_ok_importar"":4,""count_ok_eliminar"":0,""count_pending"":0,""count_review_action"":0,""count_other"":0}";import;qa_ok_importar_found
XP52725100047;O-RING;;2.000 kg;import;qa_ok_importar_found;true;4;16V4000M73;1402600, 1405769, 1408947, 1412149;312, 666, 1021, 1375;"{""total_rows"":4,""count_ok_importar"":4,""count_ok_eliminar"":0,""count_pending"":0,""count_review_action"":0,""count_other"":0}";import;qa_ok_importar_found
XP52725100048;O-RING;;0.070 kg;import;qa_ok_importar_found;true;4;16V4000M73;1402601, 1405770, 1408948, 1412150;312, 666, 1021, 1375;"{""total_rows"":4,""count_ok_importar"":4,""count_ok_eliminar"":0,""count_pending"":0,""count_review_action"":0,""count_other"":0}";import;qa_ok_importar_found
XP52899100585;VALVE;nan;nan;import;qa_ok_importar_found;true;6;12V4000M70, 16V4000M73L;1901352, 1903739, 1501191, 1504398, 1506861, 1509347;201, 538, 191, 677, 1022, 1361;"{""total_rows"":6,""count_ok_importar"":6,""count_ok_eliminar"":0,""count_pending"":0,""count_review_action"":0,""count_other"":0}";import;qa_ok_importar_found
XP52899100586;SCREW;nan;nan;import;qa_ok_importar_found;true;6;12V4000M70, 16V4000M73L;1901363, 1903750, 1501201, 1504408, 1506871, 1509357;201, 538, 191, 677, 1022, 1361;"{""total_rows"":6,""count_ok_importar"":6,""count_ok_eliminar"":0,""count_pending"":0,""count_review_action"":0,""count_other"":0}";import;qa_ok_importar_found
XP52899100590;UNION END;nan;0.021 KGM;import;qa_ok_importar_found;true;6;12V4000M70, 16V4000M73L;1901365, 1903752, 1501203, 1504410, 1506873, 1509359;201, 538, 191, 677, 1022, 1361;"{""total_rows"":6,""count_ok_importar"":6,""count_ok_eliminar"":0,""count_pending"":0,""count_review_action"":0,""count_other"":0}";import;qa_ok_importar_found
XP52899100595;O-RING;nan;0.001 KGM;import;qa_ok_importar_found;true;6;12V4000M70, 16V4000M73L;1901350, 1903737, 1501189, 1504396, 1506859, 1509345;201, 538, 191, 677, 1022, 1361;"{""total_rows"":6,""count_ok_importar"":6,""count_ok_eliminar"":0,""count_pending"":0,""count_review_action"":0,""count_other"":0}";import;qa_ok_importar_found
XP52899100596;RING;nan;0.006 KGM;import;qa_ok_importar_found;true;6;12V4000M70, 16V4000M73L;1901351, 1903738, 1501190, 1504397, 1506860, 1509346;201, 538, 191, 677, 1022, 1361;"{""total_rows"":6,""count_ok_importar"":6,""count_ok_eliminar"":0,""count_pending"":0,""count_review_action"":0,""count_other"":0}";import;qa_ok_importar_found
XP52899100597;PISTON RING, COMP.;nan;nan;import;qa_ok_importar_found;true;6;12V4000M70, 16V4000M73L;1901358, 1903745, 1501196, 1504403, 1506866, 1509352;201, 538, 191, 677, 1022, 1361;"{""total_rows"":6,""count_ok_importar"":6,""count_ok_eliminar"":0,""count_pending"":0,""count_review_action"":0,""count_other"":0}";import;qa_ok_importar_found
XP52899100601;PRESSURE SPRING;nan;nan;import;qa_ok_importar_found;true;6;12V4000M70, 16V4000M73L;1901357, 1903744, 1501195, 1504402, 1506865, 1509351;201, 538, 191, 677, 1022, 1361;"{""total_rows"":6,""count_ok_importar"":6,""count_ok_eliminar"":0,""count_pending"":0,""count_review_action"":0,""count_other"":0}";import;qa_ok_importar_found
XP52899100602;RING;nan;nan;import;qa_ok_importar_found;true;6;12V4000M70, 16V4000M73L;1901356, 1903743, 1501194, 1504401, 1506864, 1509350;201, 538, 191, 677, 1022, 1361;"{""total_rows"":6,""count_ok_importar"":6,""count_ok_eliminar"":0,""count_pending"":0,""count_review_action"":0,""count_other"":0}";import;qa_ok_importar_found
XP53208800001;SWITCHGEAR CABINET;;;import;qa_ok_importar_found;true;3;12V4000M53, 16V4000M73L;1206366, 1502117, 1510755;750, 302, 1552;"{""total_rows"":3,""count_ok_importar"":3,""count_ok_eliminar"":0,""count_pending"":0,""count_review_action"":0,""count_other"":0}";import;qa_ok_importar_found
XP53208800003;DIFF-PRESSURE GAUGE WITH SWITCH;0-2,5 BAR, 2 KONTAKTE;3.704 KGM;import;qa_ok_importar_found;true;3;12V4000M53, 16V4000M73L;1206367, 1502118, 1510756;750, 302, 1552;"{""total_rows"":3,""count_ok_importar"":3,""count_ok_eliminar"":0,""count_pending"":0,""count_review_action"":0,""count_other"":0}";import;qa_ok_importar_found
XP53208800004;LEVEL PROBE;;0.18 KGM;import;qa_ok_importar_found;true;3;12V4000M53, 16V4000M73L;1206369, 1502119, 1510757;750, 302, 1552;"{""total_rows"":3,""count_ok_importar"":3,""count_ok_eliminar"":0,""count_pending"":0,""count_review_action"":0,""count_other"":0}";import;qa_ok_importar_found
XP53208800006;NON-RETURN VALVE;;;import;qa_ok_importar_found;true;1;12V4000M53;1206371;750;"{""total_rows"":1,""count_ok_importar"":1,""count_ok_eliminar"":0,""count_pending"":0,""count_review_action"":0,""count_other"":0}";import;qa_ok_importar_found
XP53208800007;MANOMETER;NG 63, 0-6 BAR;0.212 KGM;import;qa_ok_importar_found;true;3;12V4000M53, 16V4000M73L;1206353, 1502098, 1510736;750, 302, 1552;"{""total_rows"":3,""count_ok_importar"":3,""count_ok_eliminar"":0,""count_pending"":0,""count_review_action"":0,""count_other"":0}";import;qa_ok_importar_found
XP53208800064;GASKET;92X49X2;0.019 KGM;import;qa_ok_importar_found;true;8;12V4000M53, 16V4000M61, 16V4000M73L, 16V4000M90, 20V4000M93L;1206400, 1301829, 1502077, 1502106, 1510715, 1510744, 1602086, 1806785;755, 298, 299, 302, 1549, 1552, 289, 1831;"{""total_rows"":8,""count_ok_importar"":8,""count_ok_eliminar"":0,""count_pending"":0,""count_review_action"":0,""count_other"":0}";import;qa_ok_importar_found
XP53517300040;WASHER;;0.02 KGM;import;qa_ok_importar_found;true;3;12V4000M40A, 16V4000M61;1102663, 1301096, 1304007;177, 180, 683;"{""total_rows"":3,""count_ok_importar"":3,""count_ok_eliminar"":0,""count_pending"":0,""count_review_action"":0,""count_other"":0}";import;qa_ok_importar_found
XP53517300055;SEALING RING 4;;;import;qa_ok_importar_found;true;3;12V4000M40A, 16V4000M61;1102674, 1301091, 1304002;177, 180, 683;"{""total_rows"":3,""count_ok_importar"":3,""count_ok_eliminar"":0,""count_pending"":0,""count_review_action"":0,""count_other"":0}";import;qa_ok_importar_found
XP53522400013;FILLISTER SCREW;M 10X 50;0.038 KGM;import;qa_ok_importar_found;true;4;16V4000M73L;1500839, 1504045, 1506508, 1508993;138, 623, 968, 1310;"{""total_rows"":4,""count_ok_importar"":4,""count_ok_eliminar"":0,""count_pending"":0,""count_review_action"":0,""count_other"":0}";import;qa_ok_importar_found
XP55825100001;DISHED WASHER;;6.800 g;import;qa_ok_importar_found;true;3;16V4000M90;1602027, 1602028, 1602052;280;"{""total_rows"":3,""count_ok_importar"":3,""count_ok_eliminar"":0,""count_pending"":0,""count_review_action"":0,""count_other"":0}";import;qa_ok_importar_found
XP55829300003;COUPLING;;0.368 KGM;import;qa_ok_importar_found;true;2;12V4000M70;1901407, 1903794;207, 544;"{""total_rows"":2,""count_ok_importar"":2,""count_ok_eliminar"":0,""count_pending"":0,""count_review_action"":0,""count_other"":0}";import;qa_ok_importar_found
XP56918100021;COVER;;1.39 KGM;import;qa_ok_importar_found;true;2;12V4000M70;1901419, 1903806;208, 545;"{""total_rows"":2,""count_ok_importar"":2,""count_ok_eliminar"":0,""count_pending"":0,""count_review_action"":0,""count_other"":0}";import;qa_ok_importar_found
XP56918100022;GEARCASE;;0,400 kg;import;qa_ok_importar_found;true;2;12V4000M70;1901423, 1903810;208, 545;"{""total_rows"":2,""count_ok_importar"":2,""count_ok_eliminar"":0,""count_pending"":0,""count_review_action"":0,""count_other"":0}";import;qa_ok_importar_found
XP56918100023;PR. LIM VV;;1.269 KGM;import;qa_ok_importar_found;true;2;12V4000M70;1901424, 1903811;208, 545;"{""total_rows"":2,""count_ok_importar"":2,""count_ok_eliminar"":0,""count_pending"":0,""count_review_action"":0,""count_other"":0}";import;qa_ok_importar_found
XP56918100024;OUTPUT SHAFT;;0.374 KGM;import;qa_ok_importar_found;true;2;12V4000M70;1901425, 1903812;208, 545;"{""total_rows"":2,""count_ok_importar"":2,""count_ok_eliminar"":0,""count_pending"":0,""count_review_action"":0,""count_other"":0}";import;qa_ok_importar_found
XP56918100025;IMPELLER SHAFT;;255,000 g;import;qa_ok_importar_found;true;2;12V4000M70;1901414, 1903801;208, 545;"{""total_rows"":2,""count_ok_importar"":2,""count_ok_eliminar"":0,""count_pending"":0,""count_review_action"":0,""count_other"":0}";import;qa_ok_importar_found
XP56918300032;O-RING;40,8 X 3,53;0.003 KGM;import;qa_ok_importar_found;true;10;16V4000M73L, 20V4000M93, 20V4000M93L;1501502, 1504709, 1507172, 1509660, 1701890, 1705630, 1709370, 1713115, 1802048, 1805707;222, 708, 1053, 1390, 240, 636, 1032, 1428, 1351, 1731;"{""total_rows"":10,""count_ok_importar"":10,""count_ok_eliminar"":0,""count_pending"":0,""count_review_action"":0,""count_other"":0}";import;qa_ok_importar_found
XP56918300033;O-RING;47,2 X 3,53;0.003 KGM;import;qa_ok_importar_found;true;10;16V4000M73L, 20V4000M93, 20V4000M93L;1501499, 1504706, 1507169, 1509657, 1701886, 1705626, 1709366, 1713111, 1802044, 1805703;222, 708, 1053, 1390, 240, 636, 1032, 1428, 1351, 1731;"{""total_rows"":10,""count_ok_importar"":10,""count_ok_eliminar"":0,""count_pending"":0,""count_review_action"":0,""count_other"":0}";import;qa_ok_importar_found
XP56918300035;O-RING;;;import;qa_ok_importar_found;true;6;20V4000M93, 20V4000M93L;1701888, 1705628, 1709368, 1713113, 1802046, 1805705;240, 636, 1032, 1428, 1351, 1731;"{""total_rows"":6,""count_ok_importar"":6,""count_ok_eliminar"":0,""count_pending"":0,""count_review_action"":0,""count_other"":0}";import;qa_ok_importar_found
XP56918300038;INDICATOR BUSHING;;0.006 KGM;import;qa_ok_importar_found;true;5;16V4000M73, 16V4000M73L;1411182, 1501458, 1504665, 1507128, 1509616;1285, 219, 705, 1050, 1387;"{""total_rows"":5,""count_ok_importar"":5,""count_ok_eliminar"":0,""count_pending"":0,""count_review_action"":0,""count_other"":0}";import;qa_ok_importar_found
XP58320300006;PUMP;200 / 440V 50 / 60HZ IP55;10.55 KGM;import;qa_ok_importar_found;true;4;16V4000M73L;1502170, 1505311, 1507804, 1510293;315, 794, 1137, 1472;"{""total_rows"":4,""count_ok_importar"":4,""count_ok_eliminar"":0,""count_pending"":0,""count_review_action"":0,""count_other"":0}";import;qa_ok_importar_found
XP59320200147;HEATING ELEMENT;9 KW;;import;qa_ok_importar_found;true;2;12V4000M53;1201731, 1204870;226, 581;"{""total_rows"":2,""count_ok_importar"":2,""count_ok_eliminar"":0,""count_pending"":0,""count_review_action"":0,""count_other"":0}";import;qa_ok_importar_found
XP59408300034;FILTER CARTRIDGE FBO 60 356 10 MIC.;ERSATZ FUER X;1.460 kg;import;qa_ok_importar_found;true;8;16V4000M73;1400772, 1400774, 1403941, 1403943, 1407110, 1407112, 1410288, 1410290;128, 129, 482, 483, 836, 837, 1191, 1192;"{""total_rows"":8,""count_ok_importar"":8,""count_ok_eliminar"":0,""count_pending"":0,""count_review_action"":0,""count_other"":0}";import;qa_ok_importar_found
XP59408300055;MANOMETER;-0,3 - 10 BAR;107.200 g;import;qa_ok_importar_found;true;4;16V4000M73;1400781, 1403950, 1407119, 1410297;129, 483, 837, 1192;"{""total_rows"":4,""count_ok_importar"":4,""count_ok_eliminar"":0,""count_pending"":0,""count_review_action"":0,""count_other"":0}";import;qa_ok_importar_found
XP59499100189;FLANGE FOR PUMP;;1.065 KGM;import;qa_ok_importar_found;true;5;12V4000M53, 16V4000M73;1201737, 1204876, 1402101, 1405270, 1408448;226, 581, 265, 619, 974;"{""total_rows"":5,""count_ok_importar"":5,""count_ok_eliminar"":0,""count_pending"":0,""count_review_action"":0,""count_other"":0}";import;qa_ok_importar_found
XT3499100004;BUSHING;;330,000 g;import;qa_ok_importar_found;true;2;12V4000M53;1200965, 1204105;135, 490;"{""total_rows"":2,""count_ok_importar"":2,""count_ok_eliminar"":0,""count_pending"":0,""count_review_action"":0,""count_other"":0}";import;qa_ok_importar_found
XT3499100005;BUSHING;;0.201 KGM;import;qa_ok_importar_found;true;2;12V4000M53;1200968, 1204108;135, 490;"{""total_rows"":2,""count_ok_importar"":2,""count_ok_eliminar"":0,""count_pending"":0,""count_review_action"":0,""count_other"":0}";import;qa_ok_importar_found
Z=2.201 031;PIN;nan;0.183 KGM;import;qa_ok_importar_found;true;8;12V4000M70, 20V4000M93, 20V4000M93L;1902180, 1904567, 1702999, 1706739, 1710479, 1714221, 1803107, 1806768;306, 643, 332, 728, 1124, 1520, 1448, 1828;"{""total_rows"":8,""count_ok_importar"":8,""count_ok_eliminar"":0,""count_pending"":0,""count_review_action"":0,""count_other"":0}";import;qa_ok_importar_found
Z=2.201 033;VALVE SEAT;nan;nan;import;qa_ok_importar_found;true;8;12V4000M70, 20V4000M93, 20V4000M93L;1902183, 1904570, 1703002, 1706742, 1710482, 1714224, 1803110, 1806771;306, 643, 332, 728, 1124, 1520, 1448, 1828;"{""total_rows"":8,""count_ok_importar"":8,""count_ok_eliminar"":0,""count_pending"":0,""count_review_action"":0,""count_other"":0}";import;qa_ok_importar_found
Z=7.4560.2.00;BASE COMPLETE;nan;nan;import;qa_ok_importar_found;true;17;12V4000M40A, 12V4000M53, 12V4000M70, 16V4000M61, 16V4000M73, 20V4000M93, 20V4000M93L;1102735, 1202325, 1205466, 1902104, 1904491, 1301759, 1304671, 1402543, 1405712, 1408890, 1412093, 1702953, 1706693, 1710433, 1714176, 1803018, 1806676;288, 279, 636, 625, 276, 775, 301, 655, 1010, 1364, 320, 716, 1112, 1508, 1429, 1809;"{""total_rows"":17,""count_ok_importar"":17,""count_ok_eliminar"":0,""count_pending"":0,""count_review_action"":0,""count_other"":0}";import;qa_ok_importar_found
Z=9-91224;BALL BEARING;;;import;qa_ok_importar_found;true;15;12V4000M70, 16V4000M73, 16V4000M73L, 20V4000M93, 20V4000M93L;1901313, 1401393, 1404562, 1407740, 1410918, 1501153, 1504360, 1506823, 1509309, 1701661, 1705401, 1709141, 1712888, 1801633, 1805292;198, 552, 907, 1262, 188, 674, 1019, 1358, 216, 612, 1008, 1404, 1313, 1693;"{""total_rows"":15,""count_ok_importar"":15,""count_ok_eliminar"":0,""count_pending"":0,""count_review_action"":0,""count_other"":0}";import;qa_ok_importar_found
Z=40X19X2;DISC WASHER (VULKAN);;14,700 G;import;qa_ok_importar_found;true;10;12V4000M40A, 12V4000M53, 16V4000M61, 16V4000M73, 16V4000M90;1102718, 1200402, 1203542, 1300285, 1303207, 1400417, 1403583, 1406752, 1409930, 1600311;52, 64, 419, 47, 554, 69, 423, 777, 1132, 58;"{""total_rows"":10,""count_ok_importar"":10,""count_ok_eliminar"":0,""count_pending"":0,""count_review_action"":0,""count_other"":0}";import;qa_ok_importar_found
Z=0300 412;O-RING;;;import;qa_ok_importar_found;true;1;12V4000M40A;1102691;175;"{""total_rows"":1,""count_ok_importar"":1,""count_ok_eliminar"":0,""count_pending"":0,""count_review_action"":0,""count_other"":0}";import;qa_ok_importar_found
Z=0300 415;O-RING;;;import;qa_ok_importar_found;true;1;12V4000M40A;1102692;175;"{""total_rows"":1,""count_ok_importar"":1,""count_ok_eliminar"":0,""count_pending"":0,""count_review_action"":0,""count_other"":0}";import;qa_ok_importar_found
Z=0300 615;O-RING;;;import;qa_ok_importar_found;true;4;12V4000M40A, 16V4000M61;1102693, 1102694, 1301078, 1303989;175, 176, 179, 682;"{""total_rows"":4,""count_ok_importar"":4,""count_ok_eliminar"":0,""count_pending"":0,""count_review_action"":0,""count_other"":0}";import;qa_ok_importar_found
Z=0304 125;O-RING;;;import;qa_ok_importar_found;true;3;12V4000M40A, 16V4000M61;1102698, 1301075, 1303986;176, 179, 682;"{""total_rows"":3,""count_ok_importar"":3,""count_ok_eliminar"":0,""count_pending"":0,""count_review_action"":0,""count_other"":0}";import;qa_ok_importar_found
Z=5125 065;PRESSURE SPRING;;0.006 KGM;import;qa_ok_importar_found;true;3;12V4000M40A, 16V4000M61;1102725, 1301034, 1303945;172, 175, 678;"{""total_rows"":3,""count_ok_importar"":3,""count_ok_eliminar"":0,""count_pending"":0,""count_review_action"":0,""count_other"":0}";import;qa_ok_importar_found
Z=30467;BALL COCK;;7.829 KGM;import;qa_ok_importar_found;true;2;12V4000M70;1900692, 1903134;121, 460;"{""total_rows"":2,""count_ok_importar"":2,""count_ok_eliminar"":0,""count_pending"":0,""count_review_action"":0,""count_other"":0}";import;qa_ok_importar_found
Z=30560;SCREW;;;import;qa_ok_importar_found;true;2;12V4000M70;1900711, 1903153;121, 460;"{""total_rows"":2,""count_ok_importar"":2,""count_ok_eliminar"":0,""count_pending"":0,""count_review_action"":0,""count_other"":0}";import;qa_ok_importar_found
Z=150500;HOUSING;nan;;import;qa_ok_importar_found;true;2;12V4000M70;1900671, 1903113;118, 457;"{""total_rows"":2,""count_ok_importar"":2,""count_ok_eliminar"":0,""count_pending"":0,""count_review_action"":0,""count_other"":0}";import;qa_ok_importar_found
Z=150501;HOUSING;nan;;import;qa_ok_importar_found;true;2;12V4000M70;1900673, 1903115;118, 457;"{""total_rows"":2,""count_ok_importar"":2,""count_ok_eliminar"":0,""count_pending"":0,""count_review_action"":0,""count_other"":0}";import;qa_ok_importar_found
Z=150519;LEVER;nan;1,000 g;import;qa_ok_importar_found;true;2;12V4000M70;1900679, 1903121;118, 457;"{""total_rows"":2,""count_ok_importar"":2,""count_ok_eliminar"":0,""count_pending"":0,""count_review_action"":0,""count_other"":0}";import;qa_ok_importar_found
Z=150520;PIN;nan;75,000 g;import;qa_ok_importar_found;true;2;12V4000M70;1900678, 1903120;118, 457;"{""total_rows"":2,""count_ok_importar"":2,""count_ok_eliminar"":0,""count_pending"":0,""count_review_action"":0,""count_other"":0}";import;qa_ok_importar_found
Z=151009;COMPRESSION GLAND;GROESSE 0-2;0.025 KGM;import;qa_ok_importar_found;true;13;12V4000M70, 16V4000M73L, 16V4000M90, 20V4000M93, 20V4000M93L;1902174, 1904561, 1502059, 1505266, 1507763, 1510252, 1602058, 1702994, 1706734, 1710474, 1714216, 1803102, 1806763;306, 643, 296, 782, 1127, 1462, 285, 332, 728, 1124, 1520, 1448, 1828;"{""total_rows"":13,""count_ok_importar"":13,""count_ok_eliminar"":0,""count_pending"":0,""count_review_action"":0,""count_other"":0}";import;qa_ok_importar_found
Z=152003;VANE;nan;0.999 g AC;import;qa_ok_importar_found;true;13;12V4000M70, 16V4000M73L, 16V4000M90, 20V4000M93, 20V4000M93L;1902179, 1904566, 1502062, 1505269, 1507766, 1510255, 1602061, 1702998, 1706738, 1710478, 1714220, 1803106, 1806767;306, 643, 296, 782, 1127, 1462, 285, 332, 728, 1124, 1520, 1448, 1828;"{""total_rows"":13,""count_ok_importar"":13,""count_ok_eliminar"":0,""count_pending"":0,""count_review_action"":0,""count_other"":0}";import;qa_ok_importar_found
Z=152007;SCREW;nan;nan;import;qa_ok_importar_found;true;22;12V4000M70, 16V4000M73L, 16V4000M90, 20V4000M93, 20V4000M93L;1902189, 1902190, 1904576, 1904577, 1502071, 1505278, 1507775, 1510264, 1602067, 1602068, 1703008, 1703009, 1706748, 1706749, 1710488, 1710489, 1714230, 1714231, 1803116, 1803117, 1806777, 1806778;306, 643, 296, 782, 1127, 1462, 285, 332, 728, 1124, 1520, 1448, 1828;"{""total_rows"":22,""count_ok_importar"":22,""count_ok_eliminar"":0,""count_pending"":0,""count_review_action"":0,""count_other"":0}";import;qa_ok_importar_found
Z=166806-0;AXLE;;AC;import;qa_ok_importar_found;true;11;12V4000M40A, 16V4000M61, 16V4000M73L, 16V4000M90, 20V4000M93L;1102704, 1301120, 1304033, 1501380, 1504587, 1507050, 1509537, 1600745, 1601236, 1801885, 1805544;192, 187, 689, 212, 698, 1043, 1380, 122, 182, 1339, 1719;"{""total_rows"":11,""count_ok_importar"":11,""count_ok_eliminar"":0,""count_pending"":0,""count_review_action"":0,""count_other"":0}";import;qa_ok_importar_found
Z=166933-2;SHAFT;;AC;import;qa_ok_importar_found;true;10;12V4000M40A, 16V4000M61, 16V4000M73L, 16V4000M90, 20V4000M93L;1102705, 1301118, 1304031, 1501378, 1504585, 1507048, 1509535, 1601235, 1801884, 1805543;192, 187, 689, 212, 698, 1043, 1380, 182, 1339, 1719;"{""total_rows"":10,""count_ok_importar"":10,""count_ok_eliminar"":0,""count_pending"":0,""count_review_action"":0,""count_other"":0}";import;qa_ok_importar_found
Z=182004-2;VALVE;;AC;import;qa_ok_importar_found;true;10;12V4000M40A, 16V4000M61, 16V4000M73L, 16V4000M90, 20V4000M93L;1102707, 1301117, 1304030, 1501377, 1504584, 1507047, 1509534, 1601234, 1801883, 1805542;192, 187, 689, 212, 698, 1043, 1380, 182, 1339, 1719;"{""total_rows"":10,""count_ok_importar"":10,""count_ok_eliminar"":0,""count_pending"":0,""count_review_action"":0,""count_other"":0}";import;qa_ok_importar_found
Z=185194-8;HOUSING;;;import;qa_ok_importar_found;true;10;12V4000M40A, 16V4000M61, 16V4000M73L, 16V4000M90, 20V4000M93L;1102708, 1301116, 1304029, 1501376, 1504583, 1507046, 1509533, 1601233, 1801882, 1805541;192, 187, 689, 212, 698, 1043, 1380, 182, 1339, 1719;"{""total_rows"":10,""count_ok_importar"":10,""count_ok_eliminar"":0,""count_pending"":0,""count_review_action"":0,""count_other"":0}";import;qa_ok_importar_found
Z=185800-0;COVER;;;import;qa_ok_importar_found;true;10;12V4000M40A, 16V4000M61, 16V4000M73L, 16V4000M90, 20V4000M93L;1102709, 1301125, 1304038, 1501385, 1504592, 1507055, 1509542, 1601241, 1801890, 1805549;192, 187, 689, 212, 698, 1043, 1380, 182, 1339, 1719;"{""total_rows"":10,""count_ok_importar"":10,""count_ok_eliminar"":0,""count_pending"":0,""count_review_action"":0,""count_other"":0}";import;qa_ok_importar_found
Z=255719-7;PRESSURE SPRING;;0.014 KGM;import;qa_ok_importar_found;true;12;12V4000M40A, 12V4000M70, 16V4000M61, 16V4000M73L, 16V4000M90, 20V4000M93L;1102711, 1901431, 1903818, 1301133, 1304046, 1501393, 1504600, 1507063, 1509550, 1601249, 1801898, 1805557;193, 209, 546, 188, 690, 213, 699, 1044, 1381, 183, 1340, 1720;"{""total_rows"":12,""count_ok_importar"":12,""count_ok_eliminar"":0,""count_pending"":0,""count_review_action"":0,""count_other"":0}";import;qa_ok_importar_found
Z=400608;SCREW;nan;;import;qa_ok_importar_found;true;2;12V4000M70;1900688, 1903130;118, 457;"{""total_rows"":2,""count_ok_importar"":2,""count_ok_eliminar"":0,""count_pending"":0,""count_review_action"":0,""count_other"":0}";import;qa_ok_importar_found
Z=5209684;CLAMPING RING;;AB AUTOMATIKÖLFILTER;import;qa_ok_importar_found;true;2;16V4000M73;1411183, 1411209;1285, 1286;"{""total_rows"":2,""count_ok_importar"":2,""count_ok_eliminar"":0,""count_pending"":0,""count_review_action"":0,""count_other"":0}";import;qa_ok_importar_found
Z=EN 24017 M16X16;HEX SCREW;nan;54,600 g;import;qa_ok_importar_found;true;7;12V4000M40A, 12V4000M70, 16V4000M90;1102744, 1902164, 1902166, 1904551, 1904553, 1602047, 1602048;308, 303, 640, 280;"{""total_rows"":7,""count_ok_importar"":7,""count_ok_eliminar"":0,""count_pending"":0,""count_review_action"":0,""count_other"":0}";import;qa_ok_importar_found
Z=G4 11661A;RING 2;;;import;qa_ok_importar_found;true;1;12V4000M40A;1102755;53;"{""total_rows"":1,""count_ok_importar"":1,""count_ok_eliminar"":0,""count_pending"":0,""count_review_action"":0,""count_other"":0}";import;qa_ok_importar_found
Z=G4 11897;FELT INSERT 2;;;import;qa_ok_importar_found;true;1;12V4000M40A;1102756;53;"{""total_rows"":1,""count_ok_importar"":1,""count_ok_eliminar"":0,""count_pending"":0,""count_review_action"":0,""count_other"":0}";import;qa_ok_importar_found
Z=M6X10DIN86;RD-HD SCRW;AC M6 X 10;AC;import;qa_ok_importar_found;true;3;12V4000M40A, 12V4000M70;1102757, 1902105, 1904492;288, 625;"{""total_rows"":3,""count_ok_importar"":3,""count_ok_eliminar"":0,""count_pending"":0,""count_review_action"":0,""count_other"":0}";import;qa_ok_importar_found
