sku;designation_final;measurement_final;weight_final;decision;reason;qa_validated;occurrences;engines;source_ids;source_pages;qa_summary_json;import_decision;import_reason
5 5621531140;RETAINER CABLING AND PIPEWO SCREW WASHER NUT HEX;;;pending_review;qa_pending_or_review_found;false;2;12V4000M53;1202622, 1205782;311, 674;"{""total_rows"":2,""count_ok_importar"":0,""count_ok_eliminar"":0,""count_pending"":2,""count_review_action"":2,""count_other"":2}";pending_review;qa_pending_or_review_found
10 5240981407;MANIFOLD INTAKE CHRG AIR O-RING HEX SCREW WASHER THREADED BUSHI COPPER SEALING THREAD PLUG COPPER SEALING THREAD PLUG COPPER SEALING;;;pending_review;qa_pending_or_review_found;false;2;20V4000M93L;1801271, 1804877;1279, 1656;"{""total_rows"":2,""count_ok_importar"":0,""count_ok_eliminar"":0,""count_pending"":2,""count_review_action"":2,""count_other"":2}";pending_review;qa_pending_or_review_found
10 5275305512;PLUG-IN BOARD PLATE SOFTWARE PLATE SOFTWARE;;;pending_review;qa_pending_or_review_found;false;2;16V4000M61;1302328, 1305099;370, 839;"{""total_rows"":2,""count_ok_importar"":0,""count_ok_eliminar"":0,""count_pending"":2,""count_review_action"":2,""count_other"":2}";pending_review;qa_pending_or_review_found
10 5275308412;PLUG-IN BOARD PLATE PLATE;;;pending_review;qa_pending_or_review_found;false;2;16V4000M61;1302308, 1305079;364, 833;"{""total_rows"":2,""count_ok_importar"":0,""count_ok_eliminar"":0,""count_pending"":2,""count_review_action"":2,""count_other"":2}";pending_review;qa_pending_or_review_found
10 C/SHAFT ASM 16V-12CWT-STROKE190 1 PC 583.000 kg EM;;;;pending_review;qa_pending_or_review_found;false;1;16V4000M90;1600235;48;"{""total_rows"":1,""count_ok_importar"":0,""count_ok_eliminar"":0,""count_pending"":1,""count_review_action"":1,""count_other"":1}";pending_review;qa_pending_or_review_found
10 INJECTOR 12 pc 3,500 kg EM;;;;pending_review;qa_pending_or_review_found;false;2;12V4000M53;1200549, 1203690;97, 452;"{""total_rows"":2,""count_ok_importar"":0,""count_ok_eliminar"":0,""count_pending"":2,""count_review_action"":2,""count_other"":2}";pending_review;qa_pending_or_review_found
10 X00E50206571 PLUG-IN BOARD MPU29-05 1 PC 155.000 g MPU29-05;;;;pending_review;qa_pending_or_review_found;false;1;16V4000M90;1602514;338;"{""total_rows"":1,""count_ok_importar"":0,""count_ok_eliminar"":0,""count_pending"":1,""count_review_action"":1,""count_other"":1}";pending_review;qa_pending_or_review_found
10 X00E50206653 HOUSING EMU7-03 1 pc 3,320 kg EMU7-03;;;;pending_review;qa_pending_or_review_found;false;2;12V4000M53;1203105, 1206265;357, 720;"{""total_rows"":2,""count_ok_importar"":0,""count_ok_eliminar"":0,""count_pending"":2,""count_review_action"":2,""count_other"":2}";pending_review;qa_pending_or_review_found
10 X52810100041BEARING HOUSING ZR175 1 pc 16.050 kg;;;;pending_review;qa_pending_or_review_found;false;7;20V4000M93;1700865, 1700935, 1700996, 1701057, 1704641, 1708399, 1712093;140, 147, 150, 153, 536, 932, 1328;"{""total_rows"":7,""count_ok_importar"":0,""count_ok_eliminar"":0,""count_pending"":7,""count_review_action"":7,""count_other"":7}";pending_review;qa_pending_or_review_found
10 X59434200185 MARINE GEARBOX ZF5356 1;;;;pending_review;qa_pending_or_review_found;false;2;12V4000M53;1206317, 1206339;734, 744;"{""total_rows"":2,""count_ok_importar"":0,""count_ok_eliminar"":0,""count_pending"":2,""count_review_action"":2,""count_other"":2}";pending_review;qa_pending_or_review_found
10 X59510100008BEARING HOUSING ZR205 1 pc 15.600 kg;;;;pending_review;qa_pending_or_review_found;false;8;16V4000M73;1400870, 1400940, 1404067, 1404137, 1407255, 1407325, 1410436, 1410506;140, 147, 494, 501, 848, 855, 1203, 1210;"{""total_rows"":8,""count_ok_importar"":0,""count_ok_eliminar"":0,""count_pending"":8,""count_review_action"":8,""count_other"":8}";pending_review;qa_pending_or_review_found
10 XP52418900013 GEAR PUMP 1 pc;;;;pending_review;qa_pending_or_review_found;false;2;20V4000M93L;1802200, 1805859;1365, 1745;"{""total_rows"":2,""count_ok_importar"":0,""count_ok_eliminar"":0,""count_pending"":2,""count_review_action"":2,""count_other"":2}";pending_review;qa_pending_or_review_found
10 XP52607300003 CONTROL BLOCK 1 pc 5,230 kg;;;;pending_review;qa_pending_or_review_found;false;2;12V4000M53;1200540, 1203681;94, 449;"{""total_rows"":2,""count_ok_importar"":0,""count_ok_eliminar"":0,""count_pending"":2,""count_review_action"":2,""count_other"":2}";pending_review;qa_pending_or_review_found
10 XP52700600009 GASKET KIT BR 4000 1 pc 95.000 g;;;;pending_review;qa_pending_or_review_found;false;4;16V4000M73;1401693, 1404863, 1408041, 1411217;224, 578, 933, 1287;"{""total_rows"":4,""count_ok_importar"":0,""count_ok_eliminar"":0,""count_pending"":4,""count_review_action"":4,""count_other"":4}";pending_review;qa_pending_or_review_found
10 XP52711400023 INTERCOOLER BR 4000 1 pc 440.000 kg EM EINSCHUBLADELUFTKUEHLER;;;;pending_review;qa_pending_or_review_found;false;4;16V4000M73;1401027, 1404199, 1407370, 1410549;152, 506, 860, 1215;"{""total_rows"":4,""count_ok_importar"":0,""count_ok_eliminar"":0,""count_pending"":4,""count_review_action"":4,""count_other"":4}";pending_review;qa_pending_or_review_found
10 XP52811400009 COOLER CORE 1 pc;;;;pending_review;qa_pending_or_review_found;false;2;20V4000M93L;1801103, 1804709;1257, 1634;"{""total_rows"":2,""count_ok_importar"":0,""count_ok_eliminar"":0,""count_pending"":2,""count_review_action"":2,""count_other"":2}";pending_review;qa_pending_or_review_found
10 XP59325100002 PARTS KIT FÜR DÄMPFER D 44/1/3 1 PC 0.780 kg ET-KIT D 44/KIT 2;;;;pending_review;qa_pending_or_review_found;false;1;16V4000M90;1600310;57;"{""total_rows"":1,""count_ok_importar"":0,""count_ok_eliminar"":0,""count_pending"":1,""count_review_action"":1,""count_other"":1}";pending_review;qa_pending_or_review_found
10 XP59611400054 COOLER CORE 1 pc;;;;pending_review;qa_pending_or_review_found;false;4;20V4000M93;1701142, 1704885, 1708627, 1712371;158, 554, 950, 1346;"{""total_rows"":4,""count_ok_importar"":0,""count_ok_eliminar"":0,""count_pending"":4,""count_review_action"":4,""count_other"":4}";pending_review;qa_pending_or_review_found
14 MTU Frie;drichshafen Gm;e: 207 / 2;4-04;pending_review;qa_pending_or_review_found;false;7;12V4000M70;1901480, 1901730, 1901784, 1903867, 1904117, 1904171, 1905341;214, 251, 252, 551, 588, 589, 799;"{""total_rows"":7,""count_ok_importar"":0,""count_ok_eliminar"":0,""count_pending"":7,""count_review_action"":7,""count_other"":7}";pending_review;qa_pending_or_review_found
15 5240336101;CRANKSHAFT BEARING SIZE 2-3 Busine;;;pending_review;qa_pending_or_review_found;false;4;16V4000M73;1400390, 1403557, 1406726, 1409904;64, 418, 772, 1127;"{""total_rows"":4,""count_ok_importar"":0,""count_ok_eliminar"":0,""count_pending"":4,""count_review_action"":4,""count_other"":4}";pending_review;qa_pending_or_review_found
"20 X00E50201981 PLUG-IN BOARD IDB 3-01; ZB 1 PC 405.000 g IDB 3-01";;;;pending_review;qa_pending_or_review_found;false;1;16V4000M90;1602656;383;"{""total_rows"":1,""count_ok_importar"":0,""count_ok_eliminar"":0,""count_pending"":1,""count_review_action"":1,""count_other"":1}";pending_review;qa_pending_or_review_found
"20 X00E50203604 DISPLAY DIS 13-03 1 PC 1.920 kg 360X270X65; DIS 13-03;";;;;pending_review;qa_pending_or_review_found;false;1;16V4000M90;1602815;404;"{""total_rows"":1,""count_ok_importar"":0,""count_ok_eliminar"":0,""count_pending"":1,""count_review_action"":1,""count_other"":1}";pending_review;qa_pending_or_review_found
20 XP52700600008 MAINTENANCE KIT BR 4000 1 pc 1.380 kg;;;;pending_review;qa_pending_or_review_found;false;1;16V4000M73;1411145;1285;"{""total_rows"":1,""count_ok_importar"":0,""count_ok_eliminar"":0,""count_pending"":1,""count_review_action"":1,""count_other"":1}";pending_review;qa_pending_or_review_found
20 XP52707300006 CONTROL BLOCK 1 pc 5.240 kg;;;;pending_review;qa_pending_or_review_found;false;4;20V4000M93;1700556, 1704302, 1708044, 1711784;99, 495, 891, 1287;"{""total_rows"":4,""count_ok_importar"":0,""count_ok_eliminar"":0,""count_pending"":4,""count_review_action"":4,""count_other"":4}";pending_review;qa_pending_or_review_found
20 XP59600600003 GASKET KIT 1 pc 0.130 kg;;;;pending_review;qa_pending_or_review_found;false;6;20V4000M93, 20V4000M93L;1701872, 1705613, 1709353, 1713097, 1802030, 1805689;239, 635, 1031, 1427, 1350, 1730;"{""total_rows"":6,""count_ok_importar"":0,""count_ok_eliminar"":0,""count_pending"":6,""count_review_action"":6,""count_other"":6}";pending_review;qa_pending_or_review_found
25 INJECTOR 16 pc 3.600 kg EM;;;;pending_review;qa_pending_or_review_found;false;4;16V4000M73;1400566, 1403733, 1406904, 1410082;103, 457, 811, 1166;"{""total_rows"":4,""count_ok_importar"":0,""count_ok_eliminar"":0,""count_pending"":4,""count_review_action"":4,""count_other"":4}";pending_review;qa_pending_or_review_found
25 INJECTOR 20 pc 3.600 kg EM;;;;pending_review;qa_pending_or_review_found;false;2;20V4000M93L;1800526, 1804097;1200, 1573;"{""total_rows"":2,""count_ok_importar"":0,""count_ok_eliminar"":0,""count_pending"":2,""count_review_action"":2,""count_other"":2}";pending_review;qa_pending_or_review_found
30 X00E50207656 CABLE W/MALE CONNECTOR F33 DIN 72585 1 pc 880.000 g L=15M;;;;pending_review;qa_pending_or_review_found;false;2;20V4000M93;1703198, 1706939;350, 746;"{""total_rows"":2,""count_ok_importar"":0,""count_ok_eliminar"":0,""count_pending"":2,""count_review_action"":2,""count_other"":2}";pending_review;qa_pending_or_review_found
30 X00E50207657 CABLE W/MALE CONNECTOR F33 DIN 72585 1 pc 1.000 kg L=25M;;;;pending_review;qa_pending_or_review_found;false;2;20V4000M93;1710679, 1714419;1142, 1538;"{""total_rows"":2,""count_ok_importar"":0,""count_ok_eliminar"":0,""count_pending"":2,""count_review_action"":2,""count_other"":2}";pending_review;qa_pending_or_review_found
30 XP53208800001SWITCHGEAR CABINET 1 pc 27.000 kg;;;;pending_review;qa_pending_or_review_found;false;1;20V4000M93L;1804240;1596;"{""total_rows"":1,""count_ok_importar"":0,""count_ok_eliminar"":0,""count_pending"":1,""count_review_action"":1,""count_other"":1}";pending_review;qa_pending_or_review_found
30 XP59600600001MAINTENANCE KIT 1 pc 2.900 kg;;;;pending_review;qa_pending_or_review_found;false;2;20V4000M93L;1801952, 1805614;1348, 1728;"{""total_rows"":2,""count_ok_importar"":0,""count_ok_eliminar"":0,""count_pending"":2,""count_review_action"":2,""count_other"":2}";pending_review;qa_pending_or_review_found
40 X00E50206654 ENGINE MONITORING EMU8-02 / URL 1 pc 4,627 kg EMU8-02 MIT URLADER 25MHZ;;;;pending_review;qa_pending_or_review_found;false;2;12V4000M53;1203101, 1206262;356, 719;"{""total_rows"":2,""count_ok_importar"":0,""count_ok_eliminar"":0,""count_pending"":2,""count_review_action"":2,""count_other"":2}";pending_review;qa_pending_or_review_found
40 X00E50206654 ENGINE MONITORING EMU8-02 / URL 1 pc 4.627 kg EMU8-02 MIT URLADER 25MHZ;;;;pending_review;qa_pending_or_review_found;false;4;20V4000M93;1703314, 1707055, 1710797, 1714535;361, 757, 1153, 1549;"{""total_rows"":4,""count_ok_importar"":0,""count_ok_eliminar"":0,""count_pending"":4,""count_review_action"":4,""count_other"":4}";pending_review;qa_pending_or_review_found
40 XP52600600001MAINTENANCE KIT BR 4000 1 pc 1.200 kg;;;;pending_review;qa_pending_or_review_found;false;3;16V4000M73;1401625, 1404803, 1407984;221, 575, 930;"{""total_rows"":3,""count_ok_importar"":0,""count_ok_eliminar"":0,""count_pending"":3,""count_review_action"":3,""count_other"":3}";pending_review;qa_pending_or_review_found
40 XP52866400002 PARTS KIT 1 pc 1.000 kg;ss Portal Online Prin;;;pending_review;qa_pending_or_review_found;false;1;20V4000M93L;1807256;1873;"{""total_rows"":1,""count_ok_importar"":0,""count_ok_eliminar"":0,""count_pending"":1,""count_review_action"":1,""count_other"":1}";pending_review;qa_pending_or_review_found
50 B00E50201528/S0002 MONITOR WITH SOFTWARE EIM 2-02 1 pc 3,938 kg;;;;pending_review;qa_pending_or_review_found;false;2;12V4000M53;1203114, 1206274;361, 724;"{""total_rows"":2,""count_ok_importar"":0,""count_ok_eliminar"":0,""count_pending"":2,""count_review_action"":2,""count_other"":2}";pending_review;qa_pending_or_review_found
50 B00E50201528/S0002 MONITOR WITH SOFTWARE EIM 2-02 1 pc 3.938 kg;;;;pending_review;qa_pending_or_review_found;false;4;20V4000M93;1703680, 1707420, 1711160, 1714901;396, 792, 1188, 1584;"{""total_rows"":4,""count_ok_importar"":0,""count_ok_eliminar"":0,""count_pending"":4,""count_review_action"":4,""count_other"":4}";pending_review;qa_pending_or_review_found
50 X00E50200632 JUNCTION BOX IN ENGINE ROOM CB 1 PC 3.800 kg;;;;pending_review;qa_pending_or_review_found;false;1;16V4000M90;1602101;298;"{""total_rows"":1,""count_ok_importar"":0,""count_ok_eliminar"":0,""count_pending"":1,""count_review_action"":1,""count_other"":1}";pending_review;qa_pending_or_review_found
50 X00E50205802 CONTROL UNIT FOR OIL PRIMING PUM PPC 5-02 1 pc 4,000 kg KF 3X440VAC/50HZ / RAL9006;;;;pending_review;qa_pending_or_review_found;false;1;12V4000M53;1206405;761;"{""total_rows"":1,""count_ok_importar"":0,""count_ok_eliminar"":0,""count_pending"":1,""count_review_action"":1,""count_other"":1}";pending_review;qa_pending_or_review_found
50 XP53208800001 SWITCHGEAR CABINET 1 pc 27,000 kg;;;;pending_review;qa_pending_or_review_found;false;1;12V4000M53;1206368;750;"{""total_rows"":1,""count_ok_importar"":0,""count_ok_eliminar"":0,""count_pending"":1,""count_review_action"":1,""count_other"":1}";pending_review;qa_pending_or_review_found
50 XP53208800001SWITCHGEAR CABINET 1 PC 27.000 kg;;;;pending_review;qa_pending_or_review_found;false;1;16V4000M90;1600558;113;"{""total_rows"":1,""count_ok_importar"":0,""count_ok_eliminar"":0,""count_pending"":1,""count_review_action"":1,""count_other"":1}";pending_review;qa_pending_or_review_found
60 5282000258;BRACKET WASHER HEX SCREW CLAMP HALF TU GROMMET HEX SCREW VENT LINE CLAMP HALF TU GROMMET VENT LINE CLAMP HALF TU GROMMET WASHER HEX SCREW VENT LINE CLAMP HALF TU GROMMET HEX SCREW;;53.000 g;pending_review;qa_pending_or_review_found;false;6;20V4000M93, 20V4000M93L;1702499, 1706239, 1709979, 1713723, 1802551, 1806210;285, 681, 1077, 1473, 1394, 1774;"{""total_rows"":6,""count_ok_importar"":0,""count_ok_eliminar"":0,""count_pending"":6,""count_review_action"":6,""count_other"":6}";pending_review;qa_pending_or_review_found
60 CRANKCASE 20V4000M93L 1 pc 2547.000 k EM;;;;pending_review;qa_pending_or_review_found;false;6;20V4000M93, 20V4000M93L;1700028, 1703784, 1707532, 1711273, 1800051, 1803600;23, 419, 815, 1211, 1125, 1498;"{""total_rows"":6,""count_ok_importar"":0,""count_ok_eliminar"":0,""count_pending"":6,""count_review_action"":6,""count_other"":6}";pending_review;qa_pending_or_review_found
60 X00E50200882 CONTROL UNIT FOR OIL PRIMING PUM PPC 5-02 1 PC 3.760 kg 3X400VAC / 50HZ / 2A;;;;pending_review;qa_pending_or_review_found;false;1;16V4000M90;1602534;346;"{""total_rows"":1,""count_ok_importar"":0,""count_ok_eliminar"":0,""count_pending"":1,""count_review_action"":1,""count_other"":1}";pending_review;qa_pending_or_review_found
60 X00E50205800 CONTROL UNIT FOR OIL PRIMING PUM PPC 5-02 1 pc 3,590 kg 3X440VAC/50HZ / RAL 9006;;;;pending_review;qa_pending_or_review_found;false;1;12V4000M53;1206404;760;"{""total_rows"":1,""count_ok_importar"":0,""count_ok_eliminar"":0,""count_pending"":1,""count_review_action"":1,""count_other"":1}";pending_review;qa_pending_or_review_found
65 X00010351/S0002 CONTROL CONSOLE IN ENGINE ROOM LOP 8-04 1 PC 9.577 kg 360 X 270 X 180;;;;pending_review;qa_pending_or_review_found;false;1;16V4000M90;1602737;399;"{""total_rows"":1,""count_ok_importar"":0,""count_ok_eliminar"":0,""count_pending"":1,""count_review_action"":1,""count_other"":1}";pending_review;qa_pending_or_review_found
70 X00E50201022 GOVERNOR ECU 7-04 1 pc 5.500 kg KF EM ECU7-04, 360X314X95 (LXBXH);;;;pending_review;qa_pending_or_review_found;false;2;20V4000M93L;1803544, 1807226;1480, 1864;"{""total_rows"":2,""count_ok_importar"":0,""count_ok_eliminar"":0,""count_pending"":2,""count_review_action"":2,""count_other"":2}";pending_review;qa_pending_or_review_found
70 X00E50203600/S0002 DISPLAY BRIDGE CONTROL STAN DIS 10-02 1 PC 2.200 kg 220X224X98, DIS 10-02;;;;pending_review;qa_pending_or_review_found;false;1;16V4000M90;1602638;381;"{""total_rows"":1,""count_ok_importar"":0,""count_ok_eliminar"":0,""count_pending"":1,""count_review_action"":1,""count_other"":1}";pending_review;qa_pending_or_review_found
70 X00E50205261 GOVERNOR ECU 7-05 1 pc 5.500 kg EM ECU7-05, 360X314X95 (LXBXH);GOVERNOR ECU 7-05 1;;;pending_review;qa_pending_or_review_found;false;4;16V4000M73;1403153, 1406322, 1409500, 1412704;361, 715, 1070, 1424;"{""total_rows"":4,""count_ok_importar"":0,""count_ok_eliminar"":0,""count_pending"":4,""count_review_action"":4,""count_other"":4}";pending_review;qa_pending_or_review_found
"70 X00E50209366 GOVERNOR ECU7-05/C 1 pc 5,500 kg EM ECU7-05/C; 360X314X95 (LXBXH)";;;;pending_review;qa_pending_or_review_found;false;2;12V4000M53;1203080, 1206240;353, 716;"{""total_rows"":2,""count_ok_importar"":0,""count_ok_eliminar"":0,""count_pending"":2,""count_review_action"":2,""count_other"":2}";pending_review;qa_pending_or_review_found
75 B00E50205356 CONTROL CONSOLE WITH DISPLAY LOP 14-01 1 pc 17,500 kg RAL 9003 / OHNE BESCHRIFTUNG;;;;pending_review;qa_pending_or_review_found;false;1;12V4000M53;1206643;825;"{""total_rows"":1,""count_ok_importar"":0,""count_ok_eliminar"":0,""count_pending"":1,""count_review_action"":1,""count_other"":1}";pending_review;qa_pending_or_review_found
80 X00E50203600 DISPLAY BRIDGE CONTROL STAN DIS 10-02 1 PC 2.220 kg 220X224X98;;;;pending_review;qa_pending_or_review_found;false;1;16V4000M90;1602644;382;"{""total_rows"":1,""count_ok_importar"":0,""count_ok_eliminar"":0,""count_pending"":1,""count_review_action"":1,""count_other"":1}";pending_review;qa_pending_or_review_found
90 0035337089;IDENTIFICATION PLAT E;47X135MM, BED 47X25MM;1,400 g;pending_review;qa_pending_or_review_found;false;2;12V4000M53;1206473, 1206608;783, 815;"{""total_rows"":2,""count_ok_importar"":0,""count_ok_eliminar"":0,""count_pending"":2,""count_review_action"":2,""count_other"":2}";pending_review;qa_pending_or_review_found
90 X00E50201986PLUG-IN BOARD IDB 4-01 1 PC 498.000 g IDB 4-01;;;;pending_review;qa_pending_or_review_found;false;1;16V4000M90;1602831;405;"{""total_rows"":1,""count_ok_importar"":0,""count_ok_eliminar"":0,""count_pending"":1,""count_review_action"":1,""count_other"":1}";pending_review;qa_pending_or_review_found
100 B00E50203183 CONNECTING CABLE FOR SYSTEM BUS -W301._ / 4M 1 pc 342,000 g L=4M;;;;pending_review;qa_pending_or_review_found;false;1;12V4000M53;1206471;782;"{""total_rows"":1,""count_ok_importar"":0,""count_ok_eliminar"":0,""count_pending"":1,""count_review_action"":1,""count_other"":1}";pending_review;qa_pending_or_review_found
100 B00E50203203 CONNECTING CABLE FOR SYSTEM BUS -W302._ / 4M 1 pc 379,000 g L=4M;;;;pending_review;qa_pending_or_review_found;false;1;12V4000M53;1206475;784;"{""total_rows"":1,""count_ok_importar"":0,""count_ok_eliminar"":0,""count_pending"":1,""count_review_action"":1,""count_other"":1}";pending_review;qa_pending_or_review_found
100 B00E50203206 CONNECTING CABLE FOR SYSTEM BUS -W302._ / 6M 1 pc 470,000 g L=6M;;;;pending_review;qa_pending_or_review_found;false;1;12V4000M53;1206480;786;"{""total_rows"":1,""count_ok_importar"":0,""count_ok_eliminar"":0,""count_pending"":1,""count_review_action"":1,""count_other"":1}";pending_review;qa_pending_or_review_found
100 B00E50203209 CONNECTING CABLE FOR SYSTEM BUS -W302._ / 10M 1 pc 775,000 g L=10M;;;;pending_review;qa_pending_or_review_found;false;1;12V4000M53;1206484;788;"{""total_rows"":1,""count_ok_importar"":0,""count_ok_eliminar"":0,""count_pending"":1,""count_review_action"":1,""count_other"":1}";pending_review;qa_pending_or_review_found
100 B00E50203221 CONNECTING CABLE FOR SYSTEM BUS -W302._ / 30M 1 pc 2,085 kg L=30M;;;;pending_review;qa_pending_or_review_found;false;1;12V4000M53;1206489;790;"{""total_rows"":1,""count_ok_importar"":0,""count_ok_eliminar"":0,""count_pending"":1,""count_review_action"":1,""count_other"":1}";pending_review;qa_pending_or_review_found
100 B00E50203234 CONNECTING CABLE FOR SYSTEM BUS -W302._ / 40M 1 pc 2,740 kg L=40M;;;;pending_review;qa_pending_or_review_found;false;1;12V4000M53;1206493;792;"{""total_rows"":1,""count_ok_importar"":0,""count_ok_eliminar"":0,""count_pending"":1,""count_review_action"":1,""count_other"":1}";pending_review;qa_pending_or_review_found
100 B00E50203236 CONNECTING CABLE FOR SYSTEM BUS -W302._ / 60M 1 pc 4,078 kg L=60M;;;;pending_review;qa_pending_or_review_found;false;1;12V4000M53;1206496;794;"{""total_rows"":1,""count_ok_importar"":0,""count_ok_eliminar"":0,""count_pending"":1,""count_review_action"":1,""count_other"":1}";pending_review;qa_pending_or_review_found
100 B00E50203244 CONNECTING CABLE FOR GEARBOX -W601 / 10M 1 pc 5,034 kg L=10M;;;;pending_review;qa_pending_or_review_found;false;1;12V4000M53;1206530;798;"{""total_rows"":1,""count_ok_importar"":0,""count_ok_eliminar"":0,""count_pending"":1,""count_review_action"":1,""count_other"":1}";pending_review;qa_pending_or_review_found
100 B00E50203284 CONNECTING CABLE F.WAT.LEV.FUEL PREF -W701.1+2 / 10M 1 pc 1,764 kg L=10M;;;;pending_review;qa_pending_or_review_found;false;1;12V4000M53;1206451;777;"{""total_rows"":1,""count_ok_importar"":0,""count_ok_eliminar"":0,""count_pending"":1,""count_review_action"":1,""count_other"":1}";pending_review;qa_pending_or_review_found
100 B00E50203327 CONNECTING CABLE FOR EIM -W511 / 10M 1 pc 4,4;;;;pending_review;qa_pending_or_review_found;false;1;12V4000M53;1206500;796;"{""total_rows"":1,""count_ok_importar"":0,""count_ok_eliminar"":0,""count_pending"":1,""count_review_action"":1,""count_other"":1}";pending_review;qa_pending_or_review_found
100 B00E50203687 CONNECTING CABLE FOR SYSTEM BUS -W301._ / 30M 1 pc 2,096 kg L=30M;;;;pending_review;qa_pending_or_review_found;false;1;12V4000M53;1206606;814;"{""total_rows"":1,""count_ok_importar"":0,""count_ok_eliminar"":0,""count_pending"":1,""count_review_action"":1,""count_other"":1}";pending_review;qa_pending_or_review_found
100 B00E50203697 CONNECTING CABLE FOR CONTROL PANEL -W304._ / 10M 1 pc 681,000 g L=10M;;;;pending_review;qa_pending_or_review_found;false;1;12V4000M53;1206460;780;"{""total_rows"":1,""count_ok_importar"":0,""count_ok_eliminar"":0,""count_pending"":1,""count_review_action"":1,""count_other"":1}";pending_review;qa_pending_or_review_found
100 X00E50200133/S0002 ENGINE MONITORING EMU7-02 / URL 1 pc 3.440 kg EMU7-02 MIT URLADER 25MHZ;;;;pending_review;qa_pending_or_review_found;false;2;20V4000M93L;1803539, 1807221;1478, 1862;"{""total_rows"":2,""count_ok_importar"":0,""count_ok_eliminar"":0,""count_pending"":2,""count_review_action"":2,""count_other"":2}";pending_review;qa_pending_or_review_found
100 X00E50206653/S0002 ENGINE MONITORING EMU7-03 / URL 1 pc 3.400 kg EMU7-03 MIT URLADER 25MHZ;;;;pending_review;qa_pending_or_review_found;false;4;16V4000M73;1403150, 1406319, 1409497, 1412699;359, 713, 1068, 1422;"{""total_rows"":4,""count_ok_importar"":0,""count_ok_eliminar"":0,""count_pending"":4,""count_review_action"":4,""count_other"":4}";pending_review;qa_pending_or_review_found
100 X00E50208264 CONNECTING CABLE FOR CONTROL STAND -W904 / 40M 1 pc 10,360 kg L=40M;;;;pending_review;qa_pending_or_review_found;false;1;12V4000M53;1206568;802;"{""total_rows"":1,""count_ok_importar"":0,""count_ok_eliminar"":0,""count_pending"":1,""count_review_action"":1,""count_other"":1}";pending_review;qa_pending_or_review_found
100 X00E50208271 CONNECTING CABLE FOR CONTROL LEVER -W218 / 3M 1 pc 256,000 g L=3M;;;;pending_review;qa_pending_or_review_found;false;1;12V4000M53;1206594;812;"{""total_rows"":1,""count_ok_importar"":0,""count_ok_eliminar"":0,""count_pending"":1,""count_review_action"":1,""count_other"":1}";pending_review;qa_pending_or_review_found
100 X00E50208275 CONNECTING CABLE FOR DISP./CONT. UNI -W111.1+2+3 / 3M 1 pc 692,000 g L=3M;;;;pending_review;qa_pending_or_review_found;false;1;12V4000M53;1206581;807;"{""total_rows"":1,""count_ok_importar"":0,""count_ok_eliminar"":0,""count_pending"":1,""count_review_action"":1,""count_other"":1}";pending_review;qa_pending_or_review_found
100 X00E50209299 CONNECTING CABLE FOR OIL PRIMING PUM -W014 / 10M 1 pc 1,796 kg KE L=10M;;;;pending_review;qa_pending_or_review_found;false;1;12V4000M53;1206609;816;"{""total_rows"":1,""count_ok_importar"":0,""count_ok_eliminar"":0,""count_pending"":1,""count_review_action"":1,""count_other"":1}";pending_review;qa_pending_or_review_found
100 X00E50700472 WIRING HARNESS F.ENGINE INTERFACE S400M23-63 1 pc 1,965 kg M. LIMA _ M. EMU;;;;pending_review;qa_pending_or_review_found;false;2;12V4000M53;1202707, 1205867;327, 690;"{""total_rows"":2,""count_ok_importar"":0,""count_ok_eliminar"":0,""count_pending"":2,""count_review_action"":2,""count_other"":2}";pending_review;qa_pending_or_review_found
100 X00E50700711 WIRING HARNESS F.ENGINE INTERFACE S4000M73-93 1 pc 1.980 kg M. LIMA _ M. EMU;;;;pending_review;qa_pending_or_review_found;false;4;20V4000M93;1703214, 1706954, 1710695, 1714436;352, 748, 1144, 1540;"{""total_rows"":4,""count_ok_importar"":0,""count_ok_eliminar"":0,""count_pending"":4,""count_review_action"":4,""count_other"":4}";pending_review;qa_pending_or_review_found
100 X52710100016;EXHAUST TURBOCHARGER RIGHT ZR195 STUD NUT HEX WASHER O-RING RING SEAL G7 KI KA HEX SCREW HEX SCREW SPACER;;;pending_review;qa_pending_or_review_found;false;1;16V4000M90;1600813;133;"{""total_rows"":1,""count_ok_importar"":0,""count_ok_eliminar"":0,""count_pending"":1,""count_review_action"":1,""count_other"":1}";pending_review;qa_pending_or_review_found
100 X52710100017;EXHAUST TURBOCHARGER LE STUD NUT HEX WASHER O-RING RING SEAL G7 KI KA HEX SCREW HEX SCREW SPACER;;;pending_review;qa_pending_or_review_found;false;1;16V4000M90;1600758;127;"{""total_rows"":1,""count_ok_importar"":0,""count_ok_eliminar"":0,""count_pending"":1,""count_review_action"":1,""count_other"":1}";pending_review;qa_pending_or_review_found
110 X00E50205185 CONNECTING CABLE FOR ELECTRIC START 12V4000M23-M63 1 pc 855,100 g ELEKTR.ANLASSUNG;;;;pending_review;qa_pending_or_review_found;false;2;12V4000M53;1202706, 1205866;327, 690;"{""total_rows"":2,""count_ok_importar"":0,""count_ok_eliminar"":0,""count_pending"":2,""count_review_action"":2,""count_other"":2}";pending_review;qa_pending_or_review_found
110 X00E50207938 CONNECTING CABLE FOR AIR START 20V4000M73-M93 1 pc 224.500 g PNEUM.ANLASSUNG;;;;pending_review;qa_pending_or_review_found;false;4;20V4000M93;1703213, 1706953, 1710694, 1714435;352, 748, 1144, 1540;"{""total_rows"":4,""count_ok_importar"":0,""count_ok_eliminar"":0,""count_pending"":4,""count_review_action"":4,""count_other"":4}";pending_review;qa_pending_or_review_found
120 X00E50206357 CONNECTING CABLE FOR AIR START BR4000M23-M63 1 pc 700.000 g 10M, EINSEITIG STECKER;;;;pending_review;qa_pending_or_review_found;false;4;20V4000M93;1703726, 1707466, 1711206, 1714940;402, 798, 1194, 1590;"{""total_rows"":4,""count_ok_importar"":0,""count_ok_eliminar"":0,""count_pending"":4,""count_review_action"":4,""count_other"":4}";pending_review;qa_pending_or_review_found
120 X00E50700638 CONNECTING CABLE FOR GENERATOR LIMA G03 1 pc 590,200 g XG03-G3 920MM;;;;pending_review;qa_pending_or_review_found;false;2;12V4000M53;1202708, 1205868;327, 690;"{""total_rows"":2,""count_ok_importar"":0,""count_ok_eliminar"":0,""count_pending"":2,""count_review_action"":2,""count_other"":2}";pending_review;qa_pending_or_review_found
"130 B00E51000202 NETWORK SWITCH FOR COPPER CABLES SMCS 8GT, MEM PLUG 1 pc 695,500 g HW05;FW3.90;VAR01_ED1_00";;;;pending_review;qa_pending_or_review_found;false;1;12V4000M53;1206626;818;"{""total_rows"":1,""count_ok_importar"":0,""count_ok_eliminar"":0,""count_pending"":1,""count_review_action"":1,""count_other"":1}";pending_review;qa_pending_or_review_found
130 X00E50209553PLUG-IN BOARD IDB4-01/B 1 pc 505,000 g IDB4-01/B;;;;pending_review;qa_pending_or_review_found;false;1;12V4000M53;1206699;827;"{""total_rows"":1,""count_ok_importar"":0,""count_ok_eliminar"":0,""count_pending"":1,""count_review_action"":1,""count_other"":1}";pending_review;qa_pending_or_review_found
130 XP52818300023MAINTENANCE KIT 1 pc 1.720 kg;;;;pending_review;qa_pending_or_review_found;false;4;20V4000M93;1701798, 1705568, 1709324, 1713017;237, 633, 1029, 1425;"{""total_rows"":4,""count_ok_importar"":0,""count_ok_eliminar"":0,""count_pending"":4,""count_review_action"":4,""count_other"":4}";pending_review;qa_pending_or_review_found
130 XP53199100001 MAINTENANCE KIT EMERGENCY KIT AREP 1 pc;Business P;;;pending_review;qa_pending_or_review_found;false;1;20V4000M93L;1807268;1876;"{""total_rows"":1,""count_ok_importar"":0,""count_ok_eliminar"":0,""count_pending"":1,""count_review_action"":1,""count_other"":1}";pending_review;qa_pending_or_review_found
140 B00E50205351DISPLAY WITH FRONT PLATE LOS 4-01 1 pc 4,000 kg LOP 14 / RAL 9003;;;;pending_review;qa_pending_or_review_found;false;1;12V4000M53;1206667;826;"{""total_rows"":1,""count_ok_importar"":0,""count_ok_eliminar"":0,""count_pending"":1,""count_review_action"":1,""count_other"":1}";pending_review;qa_pending_or_review_found
150 B00E50204146 PANEL ENGLISH PAN 9-01 1 pc 540,000 g FAHRSTANDS-PAN;;;;pending_review;qa_pending_or_review_found;false;1;12V4000M53;1206708;831;"{""total_rows"":1,""count_ok_importar"":0,""count_ok_eliminar"":0,""count_pending"":1,""count_review_action"":1,""count_other"":1}";pending_review;qa_pending_or_review_found
150 B00E50204393 PANEL ENGLISH PAN 9-01 1 pc 565,000 g START/STOP-PAN;;;;pending_review;qa_pending_or_review_found;false;1;12V4000M53;1206630;820;"{""total_rows"":1,""count_ok_importar"":0,""count_ok_eliminar"":0,""count_pending"":1,""count_review_action"":1,""count_other"":1}";pending_review;qa_pending_or_review_found
160 B00E50204185LABELLING KIT FOR DISPLAY PANEL PAN 9-01 1 pc 10,000 g FAHRSTANDS-PAN;;;;pending_review;qa_pending_or_review_found;false;1;12V4000M53;1206725;832;"{""total_rows"":1,""count_ok_importar"":0,""count_ok_eliminar"":0,""count_pending"":1,""count_review_action"":1,""count_other"":1}";pending_review;qa_pending_or_review_found
180 B00E50205356/S0001 CONTROL CONSOLE WITH DISPLAY LOP 14-01 1 pc 17,500 kg RAL 9003, MIT BESCHRIFTUNG;;;;pending_review;qa_pending_or_review_found;false;1;12V4000M53;1206636;824;"{""total_rows"":1,""count_ok_importar"":0,""count_ok_eliminar"":0,""count_pending"":1,""count_review_action"":1,""count_other"":1}";pending_review;qa_pending_or_review_found
190 X59610100101THRUST BEARING 1 pc 355.700 g;;;;pending_review;qa_pending_or_review_found;false;15;16V4000M73, 20V4000M93;1400871, 1400941, 1404068, 1404138, 1407256, 1407326, 1410437, 1410507, 1700866, 1700936, 1700997, 1701058, 1704642, 1708400, 1712094;140, 147, 494, 501, 848, 855, 1203, 1210, 150, 153, 536, 932, 1328;"{""total_rows"":15,""count_ok_importar"":0,""count_ok_eliminar"":0,""count_pending"":15,""count_review_action"":15,""count_other"":15}";pending_review;qa_pending_or_review_found
200 X00E50205179 CONNECTING CABLE FOR AIR START BR4000M23-M63 1 pc 400.000 g 5M XY1.X-Y01;;;;pending_review;qa_pending_or_review_found;false;4;20V4000M93;1703725, 1707465, 1711205, 1714939;402, 798, 1194, 1590;"{""total_rows"":4,""count_ok_importar"":0,""count_ok_eliminar"":0,""count_pending"":4,""count_review_action"":4,""count_other"":4}";pending_review;qa_pending_or_review_found
235 X00E50200518 PROGRAMMING CONNECTR 1 PC 4.000 g;;;;pending_review;qa_pending_or_review_found;false;2;16V4000M90;1602584, 1602905;357, 421;"{""total_rows"":2,""count_ok_importar"":0,""count_ok_eliminar"":0,""count_pending"":2,""count_review_action"":2,""count_other"":2}";pending_review;qa_pending_or_review_found
305 X00E50206571/S0001PLUG-IN BOARD MPU29-05 1 PC 159.000 g MPU29-05 MIT URLADER;;;;pending_review;qa_pending_or_review_found;false;1;16V4000M90;1602498;336;"{""total_rows"":1,""count_ok_importar"":0,""count_ok_eliminar"":0,""count_pending"":1,""count_review_action"":1,""count_other"":1}";pending_review;qa_pending_or_review_found
320 X00E50200515 PROGRAMMING CONNECTR 1 PC 11.400 g;;;;pending_review;qa_pending_or_review_found;false;1;16V4000M90;1602591;358;"{""total_rows"":1,""count_ok_importar"":0,""count_ok_eliminar"":0,""count_pending"":1,""count_review_action"":1,""count_other"":1}";pending_review;qa_pending_or_review_found
325 X00E50203604/S0002DISPLAY UNLABELLED DIS 13-03 1 PC 1.880 kg 360X270X65, DIS13-03,;;;;pending_review;qa_pending_or_review_found;false;1;16V4000M90;1602781;403;"{""total_rows"":1,""count_ok_importar"":0,""count_ok_eliminar"":0,""count_pending"":1,""count_review_action"":1,""count_other"":1}";pending_review;qa_pending_or_review_found
360 X59510100035COMPRESSOR HOUSING A/R=2.65CM 1 pc 46.700 kg EM;;;;pending_review;qa_pending_or_review_found;false;8;16V4000M73;1400872, 1400942, 1404069, 1404139, 1407257, 1407327, 1410438, 1410508;140, 147, 494, 501, 848, 855, 1203, 1210;"{""total_rows"":8,""count_ok_importar"":0,""count_ok_eliminar"":0,""count_pending"":8,""count_review_action"":8,""count_other"":8}";pending_review;qa_pending_or_review_found
360 X59610100058COMPRESSOR HOUSING A/R=1.91CM 1 pc 37.900 kg EM;;;;pending_review;qa_pending_or_review_found;false;7;20V4000M93;1700867, 1700937, 1700998, 1701059, 1704643, 1708401, 1712095;140, 147, 150, 153, 536, 932, 1328;"{""total_rows"":7,""count_ok_importar"":0,""count_ok_eliminar"":0,""count_pending"":7,""count_review_action"":7,""count_other"":7}";pending_review;qa_pending_or_review_found
425 635H22706/2 SWITCH 2 PC 148.900 g;;;;pending_review;qa_pending_or_review_found;false;1;16V4000M90;1602156;303;"{""total_rows"":1,""count_ok_importar"":0,""count_ok_eliminar"":0,""count_pending"":1,""count_review_action"":1,""count_other"":1}";pending_review;qa_pending_or_review_found
425 X00E50200228 PLUG-IN BOARD PSB 4-02 1 PC 290.000 g PSB 4-02;;;;pending_review;qa_pending_or_review_found;false;1;16V4000M90;1602784;403;"{""total_rows"":1,""count_ok_importar"":0,""count_ok_eliminar"":0,""count_pending"":1,""count_review_action"":1,""count_other"":1}";pending_review;qa_pending_or_review_found
445 X00E50203435 PLUG-IN BOARD LRB 2-03 1 PC 55.000 g LRB 2-03;;;;pending_review;qa_pending_or_review_found;false;1;16V4000M90;1602785;403;"{""total_rows"":1,""count_ok_importar"":0,""count_ok_eliminar"":0,""count_pending"":1,""count_review_action"":1,""count_other"":1}";pending_review;qa_pending_or_review_found
535D01022/1 SIGH;;;260.300 g;pending_review;qa_pending_or_review_found;false;3;20V4000M93, 20V4000M93L;1714140, 1802982, 1806640;1506, 1427, 1807;"{""total_rows"":3,""count_ok_importar"":0,""count_ok_eliminar"":0,""count_pending"":3,""count_review_action"":3,""count_other"":3}";pending_review;qa_pending_or_review_found
535D01023/1 GAS;;;6.700 g;pending_review;qa_pending_or_review_found;false;3;20V4000M93, 20V4000M93L;1714142, 1802984, 1806642;1506, 1427, 1807;"{""total_rows"":3,""count_ok_importar"":0,""count_ok_eliminar"":0,""count_pending"":3,""count_review_action"":3,""count_other"":3}";pending_review;qa_pending_or_review_found
535D01508/1 COO;;;464.600 g;pending_review;qa_pending_or_review_found;false;3;20V4000M93, 20V4000M93L;1714141, 1802983, 1806641;1506, 1427, 1807;"{""total_rows"":3,""count_ok_importar"":0,""count_ok_eliminar"":0,""count_pending"":3,""count_review_action"":3,""count_other"":3}";pending_review;qa_pending_or_review_found
580 X00E50206571/S0001PLUG-IN BOARD MPU29-05 1 PC 159.000 g MPU29-05 MIT URLADER;;;;pending_review;qa_pending_or_review_found;false;1;16V4000M90;1602772;403;"{""total_rows"":1,""count_ok_importar"":0,""count_ok_eliminar"":0,""count_pending"":1,""count_review_action"":1,""count_other"":1}";pending_review;qa_pending_or_review_found
600 5240981853;TUBE FLOATING 84 ID TURBO/CAC;ge: 106 / 1;;pending_review;qa_pending_or_review_found;false;2;16V4000M90;1600770, 1600825;127, 133;"{""total_rows"":2,""count_ok_importar"":0,""count_ok_eliminar"":0,""count_pending"":2,""count_review_action"":2,""count_other"":2}";pending_review;qa_pending_or_review_found
635D16007/1 THREADED BUSHIN;;;180.600 g;pending_review;qa_pending_or_review_found;false;8;16V4000M73;1402162, 1402190, 1405331, 1405359, 1408509, 1408537, 1411687, 1411715;271, 625, 980, 1334;"{""total_rows"":8,""count_ok_importar"":0,""count_ok_eliminar"":0,""count_pending"":8,""count_review_action"":8,""count_other"":8}";pending_review;qa_pending_or_review_found
635H22706/2 SELF MONITORI;;;148,900 g;pending_review;qa_pending_or_review_found;false;11;12V4000M53, 16V4000M73, 20V4000M93, 20V4000M93L;1202875, 1202878, 1206035, 1206038, 1412197, 1703059, 1706799, 1710539, 1714287, 1803346, 1807028;338, 701, 1383, 342, 738, 1134, 1530, 1466, 1850;"{""total_rows"":11,""count_ok_importar"":0,""count_ok_eliminar"":0,""count_pending"":11,""count_review_action"":11,""count_other"":11}";pending_review;qa_pending_or_review_found
635H22706/2 SELF MONITORING C;;;;pending_review;qa_pending_or_review_found;false;3;16V4000M73;1402645, 1405814, 1408992;320, 674, 1029;"{""total_rows"":3,""count_ok_importar"":0,""count_ok_eliminar"":0,""count_pending"":3,""count_review_action"":3,""count_other"":3}";pending_review;qa_pending_or_review_found
635H22706/2 SWITCH;;;148.900 g;pending_review;qa_pending_or_review_found;false;1;16V4000M90;1602163;303;"{""total_rows"":1,""count_ok_importar"":0,""count_ok_eliminar"":0,""count_pending"":1,""count_review_action"":1,""count_other"":1}";pending_review;qa_pending_or_review_found
710 5569970674;FITTING TEE VENT LINE CLAMP HALF TUBE GROMMET HEX SCREW RETAINER WASHER HEX SCREW RETAINER WASHER HEX SCREW CLAMP HALF TUBE GROMMET HEX SCREW RETAINER WASHER HEX SCREW RETAINER WASHER HEX SCREW VENT LINE VENT LINE CLAMP HALF TUBE GROMMET;;;pending_review;qa_pending_or_review_found;false;6;20V4000M93, 20V4000M93L;1702554, 1706294, 1710034, 1713778, 1802606, 1806265;286, 682, 1078, 1474, 1395, 1775;"{""total_rows"":6,""count_ok_importar"":0,""count_ok_eliminar"":0,""count_pending"":6,""count_review_action"":6,""count_other"":6}";pending_review;qa_pending_or_review_found
1240 X59308300034;FUEL FILTER MOUNTING PL WASHER HEX SCREW COLLECTING T WASHER HEX SCREW COPPER SEAL THREAD PLUG;;;pending_review;qa_pending_or_review_found;false;2;12V4000M53;1200806, 1203972;122, 477;"{""total_rows"":2,""count_ok_importar"":0,""count_ok_eliminar"":0,""count_pending"":2,""count_review_action"":2,""count_other"":2}";pending_review;qa_pending_or_review_found
1370 X56912300043;ACTUATING CYLINDER HEX SCREW CLEVIS ARTICULATED BEARING FOR FLAP CONTROL LEVER F/EXH FLAP CONTROL SCREW HEX SCREW PIN SPRING NUT RETAINER SPACER WASHER HEX SCREW WASHER HEX SCREW;;;pending_review;qa_pending_or_review_found;false;3;20V4000M93;1701505, 1705260, 1709000;196, 592, 988;"{""total_rows"":3,""count_ok_importar"":0,""count_ok_eliminar"":0,""count_pending"":3,""count_review_action"":3,""count_other"":3}";pending_review;qa_pending_or_review_found
1800 X56912300043;ACTUATING CYLINDER HEX SCREW RETAINER SPACER WASHER HEX SCREW WASHER HEX SCREW CLEVIS ARTICULATED BEARING FOR FLAP CONTROL LEVER F/EXH FLAP CONTROL SCREW HEX SCREW NUT PIN SPRING;;;pending_review;qa_pending_or_review_found;false;4;16V4000M73;1401318, 1404508, 1407677, 1410855;186, 540, 894, 1249;"{""total_rows"":4,""count_ok_importar"":0,""count_ok_eliminar"":0,""count_pending"":4,""count_review_action"":4,""count_other"":4}";pending_review;qa_pending_or_review_found
2300 X56912300043;ACTUATING CYLINDER RING SEALING A13 SCREW-FITTING UNION HEX SCREW RETAINER SPACER WASHER HEX SCREW WASHER HEX SCREW CLEVIS ARTICULATED BEARING FOR FLAP CONTROL LEVER F/EXH FLAP CONTROL SCREW HEX SCREW NUT PIN SPRING;;;pending_review;qa_pending_or_review_found;false;2;12V4000M53;1201260, 1204419;171, 526;"{""total_rows"":2,""count_ok_importar"":0,""count_ok_eliminar"":0,""count_pending"":2,""count_review_action"":2,""count_other"":2}";pending_review;qa_pending_or_review_found
2350 X52450700024RETAINER F. WIRING HARNESS 2 PC 140.100 g HC003/1;;;;pending_review;qa_pending_or_review_found;false;1;16V4000M90;1602295;318;"{""total_rows"":1,""count_ok_importar"":0,""count_ok_eliminar"":0,""count_pending"":1,""count_review_action"":1,""count_other"":1}";pending_review;qa_pending_or_review_found
2950 X52450700029RETAINER F. WIRING HARNESS 1 PC 0.047 kg HC013;;;;pending_review;qa_pending_or_review_found;false;1;16V4000M90;1602297;318;"{""total_rows"":1,""count_ok_importar"":0,""count_ok_eliminar"":0,""count_pending"":1,""count_review_action"":1,""count_other"":1}";pending_review;qa_pending_or_review_found
3150 X52450700032RETAINER F. WIRING HARNESS 1 PC 73.300 g HC073;;;;pending_review;qa_pending_or_review_found;false;1;16V4000M90;1602299;318;"{""total_rows"":1,""count_ok_importar"":0,""count_ok_eliminar"":0,""count_pending"":1,""count_review_action"":1,""count_other"":1}";pending_review;qa_pending_or_review_found
3300 X59420200182DISTRIBUTOR 1 pc 1,500 kg;;;;pending_review;qa_pending_or_review_found;false;2;12V4000M53;1201950, 1205141;240, 595;"{""total_rows"":2,""count_ok_importar"":0,""count_ok_eliminar"":0,""count_pending"":2,""count_review_action"":2,""count_other"":2}";pending_review;qa_pending_or_review_found
4200 X52450700030RETAINER F. WIRING HARNESS 1 PC 66.500 g HC029;;;;pending_review;qa_pending_or_review_found;false;1;16V4000M90;1602298;318;"{""total_rows"":1,""count_ok_importar"":0,""count_ok_eliminar"":0,""count_pending"":1,""count_review_action"":1,""count_other"":1}";pending_review;qa_pending_or_review_found
6200 X52450700028RETAINER F. WIRING HARNESS 2 PC 0.097 kg HC008;;;;pending_review;qa_pending_or_review_found;false;1;16V4000M90;1602334;319;"{""total_rows"":1,""count_ok_importar"":0,""count_ok_eliminar"":0,""count_pending"":1,""count_review_action"":1,""count_other"":1}";pending_review;qa_pending_or_review_found
6350 X52450700027RETAINER F. WIRING HARNESS 2 PC 129.200 g HC007;;;;pending_review;qa_pending_or_review_found;false;1;16V4000M90;1602333;319;"{""total_rows"":1,""count_ok_importar"":0,""count_ok_eliminar"":0,""count_pending"":1,""count_review_action"":1,""count_other"":1}";pending_review;qa_pending_or_review_found
6700 X52450700025RETAINER F. WIRING HARNESS 1 PC 125.200 g HC005;;;;pending_review;qa_pending_or_review_found;false;1;16V4000M90;1602332;319;"{""total_rows"":1,""count_ok_importar"":0,""count_ok_eliminar"":0,""count_pending"":1,""count_review_action"":1,""count_other"":1}";pending_review;qa_pending_or_review_found
7000 X52450700026RETAINER F. WIRING HARNESS 1 PC 195.100 g HC006;;;;pending_review;qa_pending_or_review_found;false;1;16V4000M90;1602389;320;"{""total_rows"":1,""count_ok_importar"":0,""count_ok_eliminar"":0,""count_pending"":1,""count_review_action"":1,""count_other"":1}";pending_review;qa_pending_or_review_found
00012500;WASHER;;1,500 g;pending_review;qa_pending_or_review_found;false;2;12V4000M70;1902062, 1904449;280, 617;"{""total_rows"":2,""count_ok_importar"":0,""count_ok_eliminar"":0,""count_pending"":2,""count_review_action"":2,""count_other"":2}";pending_review;qa_pending_or_review_found
00012501;WASHER;;5,500 g;pending_review;qa_pending_or_review_found;false;2;12V4000M70;1902064, 1904451;280, 617;"{""total_rows"":2,""count_ok_importar"":0,""count_ok_eliminar"":0,""count_pending"":2,""count_review_action"":2,""count_other"":2}";pending_review;qa_pending_or_review_found
40033;SEALANT PIPE THREAD LOCTITE 586;1 KAR = 12 ST À 50 ML;0.08 KGM;pending_review;qa_pending_or_review_found;false;1;12V4000M40A;1100082;271;"{""total_rows"":1,""count_ok_importar"":0,""count_ok_eliminar"":0,""count_pending"":1,""count_review_action"":1,""count_other"":1}";pending_review;qa_pending_or_review_found
40201;HYLOMAR M UNIVERSAL SEALANT;1 ST = 80 ML;0.105 KGM;pending_review;qa_pending_or_review_found;false;8;12V4000M70, 20V4000M93, 20V4000M93L;1902176, 1904563, 1702995, 1706735, 1710475, 1714217, 1803103, 1806764;306, 643, 332, 728, 1124, 1520, 1448, 1828;"{""total_rows"":8,""count_ok_importar"":0,""count_ok_eliminar"":0,""count_pending"":8,""count_review_action"":8,""count_other"":8}";pending_review;qa_pending_or_review_found
41458;LEAD SEAL;0,5 - 0,3;1 KG;pending_review;qa_pending_or_review_found;false;5;12V4000M40A, 12V4000M70, 16V4000M61;1100083, 1902418, 1904805, 1302298, 1305069;404, 343, 680, 363, 832;"{""total_rows"":5,""count_ok_importar"":0,""count_ok_eliminar"":0,""count_pending"":5,""count_review_action"":5,""count_other"":5}";pending_review;qa_pending_or_review_found
46531;UNION;H PG 13,5 - PG 9;0.01 KGM;pending_review;qa_pending_or_review_found;false;10;12V4000M53, 16V4000M61, 16V4000M73, 20V4000M93L;1203042, 1206202, 1302122, 1304893, 1402720, 1405889, 1409067, 1412270, 1803420, 1807102;348, 711, 346, 815, 323, 677, 1032, 1386, 1470, 1854;"{""total_rows"":10,""count_ok_importar"":0,""count_ok_eliminar"":0,""count_pending"":10,""count_review_action"":10,""count_other"":10}";pending_review;qa_pending_or_review_found
00047208;RING SNAP;;22,000 g;pending_review;qa_pending_or_review_found;false;2;12V4000M70;1902055, 1904442;280, 617;"{""total_rows"":2,""count_ok_importar"":0,""count_ok_eliminar"":0,""count_pending"":2,""count_review_action"":2,""count_other"":2}";pending_review;qa_pending_or_review_found
50010;SHRINKABLE HOSE;3/8 IN;0.025 KGM;pending_review;qa_pending_or_review_found;false;4;20V4000M93;1700583, 1704331, 1708071, 1711811;105, 501, 897, 1293;"{""total_rows"":4,""count_ok_importar"":0,""count_ok_eliminar"":0,""count_pending"":4,""count_review_action"":4,""count_other"":4}";pending_review;qa_pending_or_review_found
50155 TAPE SEALING PTFE;;MTS5034;;pending_review;qa_pending_or_review_found;false;1;20V4000M93;1712862;1403;"{""total_rows"":1,""count_ok_importar"":0,""count_ok_eliminar"":0,""count_pending"":1,""count_review_action"":1,""count_other"":1}";pending_review;qa_pending_or_review_found
50667 GREASE;;MTH5120;1.000 kg;pending_review;qa_pending_or_review_found;false;1;16V4000M90;1601146;168;"{""total_rows"":1,""count_ok_importar"":0,""count_ok_eliminar"":0,""count_pending"":1,""count_review_action"":1,""count_other"":1}";pending_review;qa_pending_or_review_found
00053301;SCREW;M 3X8 AEHNLIC;400,000;pending_review;qa_pending_or_review_found;false;1;12V4000M70;1905261;796;"{""total_rows"":1,""count_ok_importar"":0,""count_ok_eliminar"":0,""count_pending"":1,""count_review_action"":1,""count_other"":1}";pending_review;qa_pending_or_review_found
00053303;SCREW;M 4X12 AEHNLIC;1,800 g;pending_review;qa_pending_or_review_found;false;1;12V4000M70;1905259;796;"{""total_rows"":1,""count_ok_importar"":0,""count_ok_eliminar"":0,""count_pending"":1,""count_review_action"":1,""count_other"":1}";pending_review;qa_pending_or_review_found
00093100;BOLT HEX;;32,100 g;pending_review;qa_pending_or_review_found;false;2;12V4000M70;1902061, 1904448;280, 617;"{""total_rows"":2,""count_ok_importar"":0,""count_ok_eliminar"":0,""count_pending"":2,""count_review_action"":2,""count_other"":2}";pending_review;qa_pending_or_review_found
00093301;BOLT HEX S2000;;53,200 g MN;pending_review;qa_pending_or_review_found;false;4;12V4000M70;1902063, 1902065, 1904450, 1904452;280, 617;"{""total_rows"":4,""count_ok_importar"":0,""count_ok_eliminar"":0,""count_pending"":4,""count_review_action"":4,""count_other"":4}";pending_review;qa_pending_or_review_found
00120101;ROTARY SEAL;;136,700 g;pending_review;qa_pending_or_review_found;false;2;12V4000M70;1902058, 1904445;280, 617;"{""total_rows"":2,""count_ok_importar"":0,""count_ok_eliminar"":0,""count_pending"":2,""count_review_action"":2,""count_other"":2}";pending_review;qa_pending_or_review_found
00153327;CAP;723;4,000 g;pending_review;qa_pending_or_review_found;false;1;12V4000M70;1905263;796;"{""total_rows"":1,""count_ok_importar"":0,""count_ok_eliminar"":0,""count_pending"":1,""count_review_action"":1,""count_other"":1}";pending_review;qa_pending_or_review_found
000533704;;;;pending_review;qa_pending_or_review_found;false;4;20V4000M93;1703224, 1706964, 1710704, 1714446;353, 749, 1145, 1541;"{""total_rows"":4,""count_ok_importar"":0,""count_ok_eliminar"":0,""count_pending"":4,""count_review_action"":4,""count_other"":4}";pending_review;qa_pending_or_review_found
0000982118 700429070000 000125010524 000931010336;ACTUATING C O-RING WASHER BOLT HEX;nan;nan;pending_review;qa_pending_or_review_found;false;2;12V4000M70;1900912, 1903354;144, 483;"{""total_rows"":2,""count_ok_importar"":0,""count_ok_eliminar"":0,""count_pending"":2,""count_review_action"":2,""count_other"":2}";pending_review;qa_pending_or_review_found
001237731;;;;pending_review;qa_pending_or_review_found;false;2;16V4000M61;1301775, 1304687;281, 780;"{""total_rows"":2,""count_ok_importar"":0,""count_ok_eliminar"":0,""count_pending"":2,""count_review_action"":2,""count_other"":2}";pending_review;qa_pending_or_review_found
01653151;BAYONET COUP;GR.6;97,500 g;pending_review;qa_pending_or_review_found;false;1;12V4000M70;1905271;796;"{""total_rows"":1,""count_ok_importar"":0,""count_ok_eliminar"":0,""count_pending"":1,""count_review_action"":1,""count_other"":1}";pending_review;qa_pending_or_review_found
01653152;BAYONET COUP;GR.10 EMV;117,500;pending_review;qa_pending_or_review_found;false;2;12V4000M70;1905256, 1905260;796;"{""total_rows"":2,""count_ok_importar"":0,""count_ok_eliminar"":0,""count_pending"":2,""count_review_action"":2,""count_other"":2}";pending_review;qa_pending_or_review_found
01653198;MODULE;2-P. 40A LP-ADA;30,000 g;pending_review;qa_pending_or_review_found;false;1;12V4000M70;1905275;796;"{""total_rows"":1,""count_ok_importar"":0,""count_ok_eliminar"":0,""count_pending"":1,""count_review_action"":1,""count_other"":1}";pending_review;qa_pending_or_review_found
01753100;FRAME;F. 2 MODULE UN;3,000 g;pending_review;qa_pending_or_review_found;false;1;12V4000M70;1905274;796;"{""total_rows"":1,""count_ok_importar"":0,""count_ok_eliminar"":0,""count_pending"":1,""count_review_action"":1,""count_other"":1}";pending_review;qa_pending_or_review_found
01753109;BAYONET COUP;GR.24 EMV;157,800;pending_review;qa_pending_or_review_found;false;1;12V4000M70;1905268;796;"{""total_rows"":1,""count_ok_importar"":0,""count_ok_eliminar"":0,""count_pending"":1,""count_review_action"":1,""count_other"":1}";pending_review;qa_pending_or_review_found
01753119;SEPARABLE CO PROTECTIVE CA;24-POL. 10A GR. LP-ANSCHL.;6,000 g;pending_review;qa_pending_or_review_found;false;1;12V4000M70;1905266;796;"{""total_rows"":1,""count_ok_importar"":0,""count_ok_eliminar"":0,""count_pending"":1,""count_review_action"":1,""count_other"":1}";pending_review;qa_pending_or_review_found
01753120;SEPARABLE CO;LP-ANSCHL.;3,000 g;pending_review;qa_pending_or_review_found;false;1;12V4000M70;1905258;796;"{""total_rows"":1,""count_ok_importar"":0,""count_ok_eliminar"":0,""count_pending"":1,""count_review_action"":1,""count_other"":1}";pending_review;qa_pending_or_review_found
01753121;SEPARABLE CO;6-POL. 16A GR.6;5,000 g;pending_review;qa_pending_or_review_found;false;1;12V4000M70;1905273;796;"{""total_rows"":1,""count_ok_importar"":0,""count_ok_eliminar"":0,""count_pending"":1,""count_review_action"":1,""count_other"":1}";pending_review;qa_pending_or_review_found
01753122;SEPARABLE CO;24-POL. 10A GR.;4,000 g;pending_review;qa_pending_or_review_found;false;1;12V4000M70;1905272;796;"{""total_rows"":1,""count_ok_importar"":0,""count_ok_eliminar"":0,""count_pending"":1,""count_review_action"":1,""count_other"":1}";pending_review;qa_pending_or_review_found
01753125;PROTECTIVE CA CONNECTOR;GR. 6 F. ANBAU;3,000 g;pending_review;qa_pending_or_review_found;false;1;12V4000M70;1905269;796;"{""total_rows"":1,""count_ok_importar"":0,""count_ok_eliminar"":0,""count_pending"":1,""count_review_action"":1,""count_other"":1}";pending_review;qa_pending_or_review_found
01753127;PROTECTIVE CA CONNECTOR;24. 16 F. ANBAU;78,440 g;pending_review;qa_pending_or_review_found;false;1;12V4000M70;1905267;796;"{""total_rows"":1,""count_ok_importar"":0,""count_ok_eliminar"":0,""count_pending"":1,""count_review_action"":1,""count_other"":1}";pending_review;qa_pending_or_review_found
01753131;PROTECTIVE CA;LP-ADAPTER 24-POL. 10A GR.;80,000 g;pending_review;qa_pending_or_review_found;false;1;12V4000M70;1905265;796;"{""total_rows"":1,""count_ok_importar"":0,""count_ok_eliminar"":0,""count_pending"":1,""count_review_action"":1,""count_other"":1}";pending_review;qa_pending_or_review_found
01753197;TRANSPORT PR;GR.6 F. ANBAUG;3,000 g;pending_review;qa_pending_or_review_found;false;1;12V4000M70;1905257;796;"{""total_rows"":1,""count_ok_importar"":0,""count_ok_eliminar"":0,""count_pending"":1,""count_review_action"":1,""count_other"":1}";pending_review;qa_pending_or_review_found
01753198;TRANSPORT PR;GR.10 F. ANBAU;3,000 g;pending_review;qa_pending_or_review_found;false;1;12V4000M70;1905255;796;"{""total_rows"":1,""count_ok_importar"":0,""count_ok_eliminar"":0,""count_pending"":1,""count_review_action"":1,""count_other"":1}";pending_review;qa_pending_or_review_found
01853100;TRANSPORT PR;GR.24 F. ANBAU;2,000 g;pending_review;qa_pending_or_review_found;false;1;12V4000M70;1905264;796;"{""total_rows"":1,""count_ok_importar"":0,""count_ok_eliminar"":0,""count_pending"":1,""count_review_action"":1,""count_other"":1}";pending_review;qa_pending_or_review_found
0002034480 8692030147;;nan;nan;pending_review;qa_pending_or_review_found;false;2;12V4000M70;1902004, 1904391;271, 608;"{""total_rows"":2,""count_ok_importar"":0,""count_ok_eliminar"":0,""count_pending"":2,""count_review_action"":2,""count_other"":2}";pending_review;qa_pending_or_review_found
0002035183;RUBBER BELLOWS;STD EL 120MM, DN 50 MM;4.594 KGM;pending_review;qa_pending_or_review_found;false;2;20V4000M93L;1802965, 1806624;1421, 1801;"{""total_rows"":2,""count_ok_importar"":0,""count_ok_eliminar"":0,""count_pending"":2,""count_review_action"":2,""count_other"":2}";pending_review;qa_pending_or_review_found
0002351530 304017016023 206796016000 304017016029 000934016019;BASE PLATE BOLT HEX A3C CONICAL SPR BOLT NUT HEX 8;nan;nan;pending_review;qa_pending_or_review_found;false;2;12V4000M70;1902128, 1904515;294, 631;"{""total_rows"":2,""count_ok_importar"":0,""count_ok_eliminar"":0,""count_pending"":2,""count_review_action"":2,""count_other"":2}";pending_review;qa_pending_or_review_found
5132155;SEAL RING;;20.000 g;pending_review;qa_pending_or_review_found;false;2;12V4000M40A, 16V4000M90;1100124, 1601818;267, 242;"{""total_rows"":2,""count_ok_importar"":0,""count_ok_eliminar"":0,""count_pending"":2,""count_review_action"":2,""count_other"":2}";pending_review;qa_pending_or_review_found
05132155;SEALING RING;;0.019 KGM;pending_review;qa_pending_or_review_found;false;7;12V4000M53, 12V4000M70, 16V4000M61, 20V4000M93L;1202210, 1205349, 1901994, 1904381, 1301637, 1304549, 1807271;264, 619, 269, 606, 251, 752, 1876;"{""total_rows"":7,""count_ok_importar"":0,""count_ok_eliminar"":0,""count_pending"":7,""count_review_action"":7,""count_other"":7}";pending_review;qa_pending_or_review_found
0005327956 TRANSFORMER X00009977 2-COMP. SILIC.RUBBER;;;2.000 g 400.000 g;pending_review;qa_pending_or_review_found;false;6;12V4000M53, 20V4000M93;1203150, 1206310, 1703716, 1707456, 1711196, 1714935;364, 727, 399, 795, 1191, 1587;"{""total_rows"":6,""count_ok_importar"":0,""count_ok_eliminar"":0,""count_pending"":6,""count_review_action"":6,""count_other"":6}";pending_review;qa_pending_or_review_found
0005335043 0005334943;BRACKET BRACKET CABLING AND PIPEWOR;;;pending_review;qa_pending_or_review_found;false;4;12V4000M53;1202599, 1203077, 1205759, 1206237;307, 350, 670, 713;"{""total_rows"":4,""count_ok_importar"":0,""count_ok_eliminar"":0,""count_pending"":4,""count_review_action"":4,""count_other"":4}";pending_review;qa_pending_or_review_found
0005335683 0005312976;APPLIANCE CONNECTOR CABLE ENTRY;;0,600 g 31,000 g;pending_review;qa_pending_or_review_found;false;1;12V4000M53;1206611;817;"{""total_rows"":1,""count_ok_importar"":0,""count_ok_eliminar"":0,""count_pending"":1,""count_review_action"":1,""count_other"":1}";pending_review;qa_pending_or_review_found
0005356430 TEMPERATURE 0005356430 TEMPERATURE;;;50,000 g 50,000 g;pending_review;qa_pending_or_review_found;false;3;12V4000M53, 20V4000M93;1202859, 1206014, 1714293;338, 701, 1531;"{""total_rows"":3,""count_ok_importar"":0,""count_ok_eliminar"":0,""count_pending"":3,""count_review_action"":3,""count_other"":3}";pending_review;qa_pending_or_review_found
0005356430 TEMPERATURE 0005359960 THERMOCOUPL;;;50.000 g 173.800 g;pending_review;qa_pending_or_review_found;false;1;20V4000M93;1714294;1531;"{""total_rows"":1,""count_ok_importar"":0,""count_ok_eliminar"":0,""count_pending"":1,""count_review_action"":1,""count_other"":1}";pending_review;qa_pending_or_review_found
0005356430 TEMPERATURE SENS 0005356430 TEMPERATURE SENS;;;;pending_review;qa_pending_or_review_found;false;3;20V4000M93;1703066, 1706806, 1710546;343, 739, 1135;"{""total_rows"":3,""count_ok_importar"":0,""count_ok_eliminar"":0,""count_pending"":3,""count_review_action"":3,""count_other"":3}";pending_review;qa_pending_or_review_found
0005356430 TEMPERATURE SENS 0005359960 THERMOCOUPLE;;;;pending_review;qa_pending_or_review_found;false;3;20V4000M93;1703069, 1706809, 1710549;343, 739, 1135;"{""total_rows"":3,""count_ok_importar"":0,""count_ok_eliminar"":0,""count_pending"":3,""count_review_action"":3,""count_other"":3}";pending_review;qa_pending_or_review_found
0005356430 TEMPERATURE X00E50201370TEMPERATURE;;;50.000 g 197.100 g;pending_review;qa_pending_or_review_found;false;2;20V4000M93L;1803339, 1807021;1466, 1850;"{""total_rows"":2,""count_ok_importar"":0,""count_ok_eliminar"":0,""count_pending"":2,""count_review_action"":2,""count_other"":2}";pending_review;qa_pending_or_review_found
0005359960 THERMOCOUPLE 0005359960 THERMOCOUPLE;;;173,800 g 173,800 g;pending_review;qa_pending_or_review_found;false;6;12V4000M53;1202882, 1202888, 1202891, 1206042, 1206048, 1206051;339, 702;"{""total_rows"":6,""count_ok_importar"":0,""count_ok_eliminar"":0,""count_pending"":6,""count_review_action"":6,""count_other"":6}";pending_review;qa_pending_or_review_found
0005384275 5285332040 0005334332 0005334432 0015345101;;nan;nan;pending_review;qa_pending_or_review_found;false;1;12V4000M70;1904955;721;"{""total_rows"":1,""count_ok_importar"":0,""count_ok_eliminar"":0,""count_pending"":1,""count_review_action"":1,""count_other"":1}";pending_review;qa_pending_or_review_found
009531648;;;;pending_review;qa_pending_or_review_found;false;3;16V4000M61, 16V4000M73L;1302461, 1502240, 1510814;396, 331, 1565;"{""total_rows"":3,""count_ok_importar"":0,""count_ok_eliminar"":0,""count_pending"":3,""count_review_action"":3,""count_other"":3}";pending_review;qa_pending_or_review_found
009531908;;;;pending_review;qa_pending_or_review_found;false;4;20V4000M93;1703223, 1706963, 1710703, 1714445;353, 749, 1145, 1541;"{""total_rows"":4,""count_ok_importar"":0,""count_ok_eliminar"":0,""count_pending"":4,""count_review_action"":4,""count_other"":4}";pending_review;qa_pending_or_review_found
10201520;;;;pending_review;qa_pending_or_review_found;false;6;20V4000M93, 20V4000M93L;1702439, 1706179, 1709919, 1713663, 1802491, 1806150;282, 678, 1074, 1470, 1391, 1771;"{""total_rows"":6,""count_ok_importar"":0,""count_ok_eliminar"":0,""count_pending"":6,""count_review_action"":6,""count_other"":6}";pending_review;qa_pending_or_review_found
10520550;0 540;;;pending_review;qa_pending_or_review_found;false;2;20V4000M93L;1803363, 1807045;1468, 1852;"{""total_rows"":2,""count_ok_importar"":0,""count_ok_eliminar"":0,""count_pending"":2,""count_review_action"":2,""count_other"":2}";pending_review;qa_pending_or_review_found
10901590;;;;pending_review;qa_pending_or_review_found;false;6;20V4000M93, 20V4000M93L;1702437, 1706177, 1709917, 1713661, 1802489, 1806148;282, 678, 1074, 1470, 1391, 1771;"{""total_rows"":6,""count_ok_importar"":0,""count_ok_eliminar"":0,""count_pending"":6,""count_review_action"":6,""count_other"":6}";pending_review;qa_pending_or_review_found
11001140;;;;pending_review;qa_pending_or_review_found;false;2;20V4000M93L;1802385, 1806044;1386, 1766;"{""total_rows"":2,""count_ok_importar"":0,""count_ok_eliminar"":0,""count_pending"":2,""count_review_action"":2,""count_other"":2}";pending_review;qa_pending_or_review_found
11012013;BAYONET COUPLING;;;pending_review;qa_pending_or_review_found;false;2;16V4000M61, 16V4000M73L;1302804, 1503053;473, 452;"{""total_rows"":2,""count_ok_importar"":0,""count_ok_eliminar"":0,""count_pending"":2,""count_review_action"":2,""count_other"":2}";pending_review;qa_pending_or_review_found
11050604;APPLIANCE CONNECTOR;;;pending_review;qa_pending_or_review_found;false;2;16V4000M73L;1503035, 1511264;448, 1645;"{""total_rows"":2,""count_ok_importar"":0,""count_ok_eliminar"":0,""count_pending"":2,""count_review_action"":2,""count_other"":2}";pending_review;qa_pending_or_review_found
11809501;OIL PRELUBE PMP 3 PHASE 26 L/MIN 50/60;;17,380 KGP;pending_review;qa_pending_or_review_found;false;1;12V4000M40A;1100238;190;"{""total_rows"":1,""count_ok_importar"":0,""count_ok_eliminar"":0,""count_pending"":1,""count_review_action"":1,""count_other"":1}";pending_review;qa_pending_or_review_found
12301525;155 1540 1420 0 1540 1340;;;pending_review;qa_pending_or_review_found;false;4;16V4000M73;1402134, 1405303, 1408481, 1411659;269, 623, 978, 1332;"{""total_rows"":4,""count_ok_importar"":0,""count_ok_eliminar"":0,""count_pending"":4,""count_review_action"":4,""count_other"":4}";pending_review;qa_pending_or_review_found
13001375;;;;pending_review;qa_pending_or_review_found;false;1;16V4000M90;1601731;232;"{""total_rows"":1,""count_ok_importar"":0,""count_ok_eliminar"":0,""count_pending"":1,""count_review_action"":1,""count_other"":1}";pending_review;qa_pending_or_review_found
13251225;;;;pending_review;qa_pending_or_review_found;false;2;16V4000M61;1301359, 1304272;218, 720;"{""total_rows"":2,""count_ok_importar"":0,""count_ok_eliminar"":0,""count_pending"":2,""count_review_action"":2,""count_other"":2}";pending_review;qa_pending_or_review_found
14601680;;;;pending_review;qa_pending_or_review_found;false;6;20V4000M93, 20V4000M93L;1702438, 1706178, 1709918, 1713662, 1802490, 1806149;282, 678, 1074, 1470, 1391, 1771;"{""total_rows"":6,""count_ok_importar"":0,""count_ok_eliminar"":0,""count_pending"":6,""count_review_action"":6,""count_other"":6}";pending_review;qa_pending_or_review_found
0015317686 5295300413/78;;nan;nan;pending_review;qa_pending_or_review_found;false;1;12V4000M70;1905039;745;"{""total_rows"":1,""count_ok_importar"":0,""count_ok_eliminar"":0,""count_pending"":1,""count_review_action"":1,""count_other"":1}";pending_review;qa_pending_or_review_found
0015330031 0025318583 0005316082 0005450583 0005313076 0175311083 0175310183 0175313683 0035337089 0095319880;;nan;nan;pending_review;qa_pending_or_review_found;false;1;12V4000M70;1905086;757;"{""total_rows"":1,""count_ok_importar"":0,""count_ok_eliminar"":0,""count_pending"":1,""count_review_action"":1,""count_other"":1}";pending_review;qa_pending_or_review_found
0015332731 0185310083;CAP TRANSPORT PROTECTION;723 GR.24 F.;4.000 g 2.000 g;pending_review;qa_pending_or_review_found;false;1;16V4000M90;1602756;402;"{""total_rows"":1,""count_ok_importar"":0,""count_ok_eliminar"":0,""count_pending"":1,""count_review_action"":1,""count_other"":1}";pending_review;qa_pending_or_review_found
16001675;;;;pending_review;qa_pending_or_review_found;false;1;16V4000M90;1601732;232;"{""total_rows"":1,""count_ok_importar"":0,""count_ok_eliminar"":0,""count_pending"":1,""count_review_action"":1,""count_other"":1}";pending_review;qa_pending_or_review_found
16020070;;;;pending_review;qa_pending_or_review_found;false;4;20V4000M93;1700600, 1704347, 1708087, 1711827;107, 503, 899, 1295;"{""total_rows"":4,""count_ok_importar"":0,""count_ok_eliminar"":0,""count_pending"":4,""count_review_action"":4,""count_other"":4}";pending_review;qa_pending_or_review_found
016531408;;;;pending_review;qa_pending_or_review_found;false;4;20V4000M93;1703210, 1706950, 1710690, 1714432;351, 747, 1143, 1539;"{""total_rows"":4,""count_ok_importar"":0,""count_ok_eliminar"":0,""count_pending"":4,""count_review_action"":4,""count_other"":4}";pending_review;qa_pending_or_review_found
016531438;;;;pending_review;qa_pending_or_review_found;false;4;20V4000M93;1703221, 1706961, 1710701, 1714443;353, 749, 1145, 1541;"{""total_rows"":4,""count_ok_importar"":0,""count_ok_eliminar"":0,""count_pending"":4,""count_review_action"":4,""count_other"":4}";pending_review;qa_pending_or_review_found
20062810;BEARING ANGUL;;750,000 g;pending_review;qa_pending_or_review_found;false;2;12V4000M70;1902072, 1904459;280, 617;"{""total_rows"":2,""count_ok_importar"":0,""count_ok_eliminar"":0,""count_pending"":2,""count_review_action"":2,""count_other"":2}";pending_review;qa_pending_or_review_found
20303025;BUTTON CAPS ROT;;;pending_review;qa_pending_or_review_found;false;1;16V4000M90;1602724;394;"{""total_rows"":1,""count_ok_importar"":0,""count_ok_eliminar"":0,""count_pending"":1,""count_review_action"":1,""count_other"":1}";pending_review;qa_pending_or_review_found
23024025;;"HD-SERIE NW22; 90&#x00B0; F.";;pending_review;qa_pending_or_review_found;false;1;12V4000M53;1206569;803;"{""total_rows"":1,""count_ok_importar"":0,""count_ok_eliminar"":0,""count_pending"":1,""count_review_action"":1,""count_other"":1}";pending_review;qa_pending_or_review_found
23503825;THERMOSTAT;;0.212 KGM;pending_review;qa_pending_or_review_found;false;1;20V4000M93L;1807272;1876;"{""total_rows"":1,""count_ok_importar"":0,""count_ok_eliminar"":0,""count_pending"":1,""count_review_action"":1,""count_other"":1}";pending_review;qa_pending_or_review_found
23511991;GASKET;;;pending_review;qa_pending_or_review_found;false;1;20V4000M93L;1807269;1876;"{""total_rows"":1,""count_ok_importar"":0,""count_ok_eliminar"":0,""count_pending"":1,""count_review_action"":1,""count_other"":1}";pending_review;qa_pending_or_review_found
23522269;GASKET;;;pending_review;qa_pending_or_review_found;false;1;20V4000M93L;1807270;1876;"{""total_rows"":1,""count_ok_importar"":0,""count_ok_eliminar"":0,""count_pending"":1,""count_review_action"":1,""count_other"":1}";pending_review;qa_pending_or_review_found
23523779;HOSE;;203.600 g;pending_review;qa_pending_or_review_found;false;6;20V4000M93, 20V4000M93L;1700241, 1703985, 1707725, 1711465, 1800238, 1803810;41, 437, 833, 1229, 1143, 1516;"{""total_rows"":6,""count_ok_importar"":0,""count_ok_eliminar"":0,""count_pending"":6,""count_review_action"":6,""count_other"":6}";pending_review;qa_pending_or_review_found
23529480;PUMP ASM;SEPARATE CIRC;;pending_review;qa_pending_or_review_found;false;1;20V4000M93L;1807274;1876;"{""total_rows"":1,""count_ok_importar"":0,""count_ok_eliminar"":0,""count_pending"":1,""count_review_action"":1,""count_other"":1}";pending_review;qa_pending_or_review_found
23530573;ELEMENT , OIL FILTER;;1.2 KGM;pending_review;qa_pending_or_review_found;false;1;20V4000M93L;1807273;1876;"{""total_rows"":1,""count_ok_importar"":0,""count_ok_eliminar"":0,""count_pending"":1,""count_review_action"":1,""count_other"":1}";pending_review;qa_pending_or_review_found
23530707;SECONDARY FUEL FILTER;2.3320;0.54 KGM;pending_review;qa_pending_or_review_found;false;1;20V4000M93L;1807264;1876;"{""total_rows"":1,""count_ok_importar"":0,""count_ok_eliminar"":0,""count_pending"":1,""count_review_action"":1,""count_other"":1}";pending_review;qa_pending_or_review_found
23540304;GASKET KIT;nan;71,400 g;pending_review;qa_pending_or_review_found;false;8;12V4000M40A, 12V4000M53, 12V4000M70, 16V4000M61, 16V4000M90;1100334, 1201445, 1204584, 1901489, 1903876, 1301250, 1304163, 1601379;203, 198, 553, 217, 554, 200, 702, 195;"{""total_rows"":8,""count_ok_importar"":0,""count_ok_eliminar"":0,""count_pending"":8,""count_review_action"":8,""count_other"":8}";pending_review;qa_pending_or_review_found
23540432;FILTER 4 LITER CENTRIFUGAL SPINNER OIL;;;pending_review;qa_pending_or_review_found;false;14;16V4000M73, 16V4000M73L, 20V4000M93, 20V4000M93L;1401708, 1404877, 1408055, 1411233, 1501511, 1504718, 1507181, 1509669, 1701892, 1705632, 1709372, 1713117, 1802050, 1805709;227, 581, 936, 1290, 224, 710, 1055, 1392, 241, 637, 1033, 1429, 1352, 1732;"{""total_rows"":14,""count_ok_importar"":0,""count_ok_eliminar"":0,""count_pending"":14,""count_review_action"":14,""count_other"":14}";pending_review;qa_pending_or_review_found
23540434;ROTOR DISASSEMBLY;;1.73 KGM;pending_review;qa_pending_or_review_found;false;14;16V4000M73, 16V4000M73L, 20V4000M93, 20V4000M93L;1401731, 1404900, 1408078, 1411256, 1501534, 1504741, 1507204, 1509692, 1701915, 1705655, 1709395, 1713140, 1802073, 1805732;228, 582, 937, 1291, 225, 711, 1056, 1393, 242, 638, 1034, 1430, 1353, 1733;"{""total_rows"":14,""count_ok_importar"":0,""count_ok_eliminar"":0,""count_pending"":14,""count_review_action"":14,""count_other"":14}";pending_review;qa_pending_or_review_found
23540454;BODY ASSEMBLY;;10.58 KGM;pending_review;qa_pending_or_review_found;false;14;16V4000M73, 16V4000M73L, 20V4000M93, 20V4000M93L;1401732, 1404901, 1408079, 1411257, 1501535, 1504742, 1507205, 1509693, 1701916, 1705656, 1709396, 1713141, 1802074, 1805733;228, 582, 937, 1291, 225, 711, 1056, 1393, 242, 638, 1034, 1430, 1353, 1733;"{""total_rows"":14,""count_ok_importar"":0,""count_ok_eliminar"":0,""count_pending"":14,""count_review_action"":14,""count_other"":14}";pending_review;qa_pending_or_review_found
23540455;CENTRIFUGAL OIL FILTER ASM;;8.7 KGM;pending_review;qa_pending_or_review_found;false;14;16V4000M73, 16V4000M73L, 20V4000M93, 20V4000M93L;1401724, 1404893, 1408071, 1411249, 1501527, 1504734, 1507197, 1509685, 1701908, 1705648, 1709388, 1713133, 1802066, 1805725;228, 582, 937, 1291, 225, 711, 1056, 1393, 242, 638, 1034, 1430, 1353, 1733;"{""total_rows"":14,""count_ok_importar"":0,""count_ok_eliminar"":0,""count_pending"":14,""count_review_action"":14,""count_other"":14}";pending_review;qa_pending_or_review_found
23540456;ROTOR COVER;;1.32 KGM;pending_review;qa_pending_or_review_found;false;12;16V4000M73, 16V4000M73L, 20V4000M93;1401734, 1404903, 1408081, 1411259, 1501537, 1504744, 1507207, 1509695, 1701918, 1705658, 1709398, 1713143;229, 583, 938, 1292, 226, 712, 1057, 1394, 243, 639, 1035, 1431;"{""total_rows"":12,""count_ok_importar"":0,""count_ok_eliminar"":0,""count_pending"":12,""count_review_action"":12,""count_other"":12}";pending_review;qa_pending_or_review_found
23540457;ROTOR TUBE;;2.600 kg;pending_review;qa_pending_or_review_found;false;14;16V4000M73, 16V4000M73L, 20V4000M93, 20V4000M93L;1401736, 1404905, 1408083, 1411261, 1501539, 1504746, 1507209, 1509697, 1701920, 1705660, 1709400, 1713145, 1802078, 1805737;229, 583, 938, 1292, 226, 712, 1057, 1394, 243, 639, 1035, 1431, 1354, 1734;"{""total_rows"":14,""count_ok_importar"":0,""count_ok_eliminar"":0,""count_pending"":14,""count_review_action"":14,""count_other"":14}";pending_review;qa_pending_or_review_found
23540458;ROTOR BASE;;1.54 KGM;pending_review;qa_pending_or_review_found;false;14;16V4000M73, 16V4000M73L, 20V4000M93, 20V4000M93L;1401737, 1404906, 1408084, 1411262, 1501540, 1504747, 1507210, 1509698, 1701921, 1705661, 1709401, 1713146, 1802079, 1805738;229, 583, 938, 1292, 226, 712, 1057, 1394, 243, 639, 1035, 1431, 1354, 1734;"{""total_rows"":14,""count_ok_importar"":0,""count_ok_eliminar"":0,""count_pending"":14,""count_review_action"":14,""count_other"":14}";pending_review;qa_pending_or_review_found
23540459;NOZZLE;;0.012 KGM;pending_review;qa_pending_or_review_found;false;14;16V4000M73, 16V4000M73L, 20V4000M93, 20V4000M93L;1401738, 1404907, 1408085, 1411263, 1501541, 1504748, 1507211, 1509699, 1701922, 1705662, 1709402, 1713147, 1802080, 1805739;229, 583, 938, 1292, 226, 712, 1057, 1394, 243, 639, 1035, 1431, 1354, 1734;"{""total_rows"":14,""count_ok_importar"":0,""count_ok_eliminar"":0,""count_pending"":14,""count_review_action"":14,""count_other"":14}";pending_review;qa_pending_or_review_found
23540460;CIRCLIP KIT;;0.017 KGM;pending_review;qa_pending_or_review_found;false;14;16V4000M73, 16V4000M73L, 20V4000M93, 20V4000M93L;1401730, 1404899, 1408077, 1411255, 1501533, 1504740, 1507203, 1509691, 1701914, 1705654, 1709394, 1713139, 1802072, 1805731;228, 582, 937, 1291, 225, 711, 1056, 1393, 242, 638, 1034, 1430, 1353, 1733;"{""total_rows"":14,""count_ok_importar"":0,""count_ok_eliminar"":0,""count_pending"":14,""count_review_action"":14,""count_other"":14}";pending_review;qa_pending_or_review_found
23540461;ROTOR COVER NUT;;0.435 KGM;pending_review;qa_pending_or_review_found;false;14;16V4000M73, 16V4000M73L, 20V4000M93, 20V4000M93L;1401735, 1404904, 1408082, 1411260, 1501538, 1504745, 1507208, 1509696, 1701919, 1705659, 1709399, 1713144, 1802077, 1805736;229, 583, 938, 1292, 226, 712, 1057, 1394, 243, 639, 1035, 1431, 1354, 1734;"{""total_rows"":14,""count_ok_importar"":0,""count_ok_eliminar"":0,""count_pending"":14,""count_review_action"":14,""count_other"":14}";pending_review;qa_pending_or_review_found
23540463;BEARING TUBE;;1.500 kg;pending_review;qa_pending_or_review_found;false;14;16V4000M73, 16V4000M73L, 20V4000M93, 20V4000M93L;1401733, 1404902, 1408080, 1411258, 1501536, 1504743, 1507206, 1509694, 1701917, 1705657, 1709397, 1713142, 1802075, 1805734;229, 583, 938, 1292, 226, 712, 1057, 1394, 243, 639, 1035, 1431, 1354, 1734;"{""total_rows"":14,""count_ok_importar"":0,""count_ok_eliminar"":0,""count_pending"":14,""count_review_action"":14,""count_other"":14}";pending_review;qa_pending_or_review_found
23540464;SEPARATION CONE;;195.000 g;pending_review;qa_pending_or_review_found;false;14;16V4000M73, 16V4000M73L, 20V4000M93, 20V4000M93L;1401739, 1404908, 1408086, 1411264, 1501542, 1504749, 1507212, 1509700, 1701923, 1705663, 1709403, 1713148, 1802081, 1805740;229, 583, 938, 1292, 226, 712, 1057, 1394, 243, 639, 1035, 1431, 1354, 1734;"{""total_rows"":14,""count_ok_importar"":0,""count_ok_eliminar"":0,""count_pending"":14,""count_review_action"":14,""count_other"":14}";pending_review;qa_pending_or_review_found
23540465;PAPER ELEMENT;;0.002 kg 1 ST. GLEICH 1 PAPIERSTREIFEN;pending_review;qa_pending_or_review_found;false;14;16V4000M73, 16V4000M73L, 20V4000M93, 20V4000M93L;1401740, 1404909, 1408087, 1411265, 1501543, 1504750, 1507213, 1509701, 1701924, 1705664, 1709404, 1713149, 1802082, 1805741;229, 583, 938, 1292, 226, 712, 1057, 1394, 243, 639, 1035, 1431, 1354, 1734;"{""total_rows"":14,""count_ok_importar"":0,""count_ok_eliminar"":0,""count_pending"":14,""count_review_action"":14,""count_other"":14}";pending_review;qa_pending_or_review_found
23540466;COVER ASSEMBLY;;4.74 KGM;pending_review;qa_pending_or_review_found;false;14;16V4000M73, 16V4000M73L, 20V4000M93, 20V4000M93L;1401725, 1404894, 1408072, 1411250, 1501528, 1504735, 1507198, 1509686, 1701909, 1705649, 1709389, 1713134, 1802067, 1805726;228, 582, 937, 1291, 225, 711, 1056, 1393, 242, 638, 1034, 1430, 1353, 1733;"{""total_rows"":14,""count_ok_importar"":0,""count_ok_eliminar"":0,""count_pending"":14,""count_review_action"":14,""count_other"":14}";pending_review;qa_pending_or_review_found
23540468;COVER NUT FIXING KIT;;0.346 KGM;pending_review;qa_pending_or_review_found;false;14;16V4000M73, 16V4000M73L, 20V4000M93, 20V4000M93L;1401727, 1404896, 1408074, 1411252, 1501530, 1504737, 1507200, 1509688, 1701911, 1705651, 1709391, 1713136, 1802069, 1805728;228, 582, 937, 1291, 225, 711, 1056, 1393, 242, 638, 1034, 1430, 1353, 1733;"{""total_rows"":14,""count_ok_importar"":0,""count_ok_eliminar"":0,""count_pending"":14,""count_review_action"":14,""count_other"":14}";pending_review;qa_pending_or_review_found
23540469;BAND CLAMP;;1.083 KGM;pending_review;qa_pending_or_review_found;false;14;16V4000M73, 16V4000M73L, 20V4000M93, 20V4000M93L;1401726, 1404895, 1408073, 1411251, 1501529, 1504736, 1507199, 1509687, 1701910, 1705650, 1709390, 1713135, 1802068, 1805727;228, 582, 937, 1291, 225, 711, 1056, 1393, 242, 638, 1034, 1430, 1353, 1733;"{""total_rows"":14,""count_ok_importar"":0,""count_ok_eliminar"":0,""count_pending"":14,""count_review_action"":14,""count_other"":14}";pending_review;qa_pending_or_review_found
23540470;SUPPL. FEED VALVE;;0.455 KGM;pending_review;qa_pending_or_review_found;false;14;16V4000M73, 16V4000M73L, 20V4000M93, 20V4000M93L;1401728, 1404897, 1408075, 1411253, 1501531, 1504738, 1507201, 1509689, 1701912, 1705652, 1709392, 1713137, 1802070, 1805729;228, 582, 937, 1291, 225, 711, 1056, 1393, 242, 638, 1034, 1430, 1353, 1733;"{""total_rows"":14,""count_ok_importar"":0,""count_ok_eliminar"":0,""count_pending"":14,""count_review_action"":14,""count_other"":14}";pending_review;qa_pending_or_review_found
23540471;SEALS KIT;;0.102 KGM;pending_review;qa_pending_or_review_found;false;14;16V4000M73, 16V4000M73L, 20V4000M93, 20V4000M93L;1401729, 1404898, 1408076, 1411254, 1501532, 1504739, 1507202, 1509690, 1701913, 1705653, 1709393, 1713138, 1802071, 1805730;228, 582, 937, 1291, 225, 711, 1056, 1393, 242, 638, 1034, 1430, 1353, 1733;"{""total_rows"":14,""count_ok_importar"":0,""count_ok_eliminar"":0,""count_pending"":14,""count_review_action"":14,""count_other"":14}";pending_review;qa_pending_or_review_found
23822310;;;;pending_review;qa_pending_or_review_found;false;6;20V4000M93, 20V4000M93L;1702443, 1706183, 1709923, 1713667, 1802495, 1806154;284, 680, 1076, 1472, 1393, 1773;"{""total_rows"":6,""count_ok_importar"":0,""count_ok_eliminar"":0,""count_pending"":6,""count_review_action"":6,""count_other"":6}";pending_review;qa_pending_or_review_found
25002640;;;;pending_review;qa_pending_or_review_found;false;6;20V4000M93, 20V4000M93L;1702442, 1706182, 1709922, 1713666, 1802494, 1806153;284, 680, 1076, 1472, 1393, 1773;"{""total_rows"":6,""count_ok_importar"":0,""count_ok_eliminar"":0,""count_pending"":6,""count_review_action"":6,""count_other"":6}";pending_review;qa_pending_or_review_found
25220225;;;;pending_review;qa_pending_or_review_found;false;1;16V4000M90;1601125;167;"{""total_rows"":1,""count_ok_importar"":0,""count_ok_eliminar"":0,""count_pending"":1,""count_review_action"":1,""count_other"":1}";pending_review;qa_pending_or_review_found
0025315581;1 TERMINAL;ORANGE;;pending_review;qa_pending_or_review_found;false;1;12V4000M53;1206599;813;"{""total_rows"":1,""count_ok_importar"":0,""count_ok_eliminar"":0,""count_pending"":1,""count_review_action"":1,""count_other"":1}";pending_review;qa_pending_or_review_found
0025318185 0025318685;BLADE CONNECTOR BLADE CONNECTOR;;;pending_review;qa_pending_or_review_found;false;2;12V4000M53;1203084, 1206244;354, 717;"{""total_rows"":2,""count_ok_importar"":0,""count_ok_eliminar"":0,""count_pending"":2,""count_review_action"":2,""count_other"":2}";pending_review;qa_pending_or_review_found
0025318885 0025319385;BLADE CONNECTOR BLADE CONNECTOR;90GRD 0,5-1,0MM²/MCP1,5 AG;111.000 g 0.400 g;pending_review;qa_pending_or_review_found;false;2;20V4000M93L;1803423, 1807105;1470, 1854;"{""total_rows"":2,""count_ok_importar"":0,""count_ok_eliminar"":0,""count_pending"":2,""count_review_action"":2,""count_other"":2}";pending_review;qa_pending_or_review_found
25640456;ROTOR COVER;;;pending_review;qa_pending_or_review_found;false;2;20V4000M93L;1802076, 1805735;1354, 1734;"{""total_rows"":2,""count_ok_importar"":0,""count_ok_eliminar"":0,""count_pending"":2,""count_review_action"":2,""count_other"":2}";pending_review;qa_pending_or_review_found
25702550;;;;pending_review;qa_pending_or_review_found;false;6;20V4000M93, 20V4000M93L;1702444, 1706184, 1709924, 1713668, 1802496, 1806155;284, 680, 1076, 1472, 1393, 1773;"{""total_rows"":6,""count_ok_importar"":0,""count_ok_eliminar"":0,""count_pending"":6,""count_review_action"":6,""count_other"":6}";pending_review;qa_pending_or_review_found
26502760;;;;pending_review;qa_pending_or_review_found;false;6;20V4000M93, 20V4000M93L;1702441, 1706181, 1709921, 1713665, 1802493, 1806152;284, 680, 1076, 1472, 1393, 1773;"{""total_rows"":6,""count_ok_importar"":0,""count_ok_eliminar"":0,""count_pending"":6,""count_review_action"":6,""count_other"":6}";pending_review;qa_pending_or_review_found
26802386;;;;pending_review;qa_pending_or_review_found;false;6;20V4000M93, 20V4000M93L;1702440, 1706180, 1709920, 1713664, 1802492, 1806151;284, 680, 1076, 1472, 1393, 1773;"{""total_rows"":6,""count_ok_importar"":0,""count_ok_eliminar"":0,""count_pending"":6,""count_review_action"":6,""count_other"":6}";pending_review;qa_pending_or_review_found
30120130;;;;pending_review;qa_pending_or_review_found;false;2;12V4000M53;1202379, 1205520;291, 648;"{""total_rows"":2,""count_ok_importar"":0,""count_ok_eliminar"":0,""count_pending"":2,""count_review_action"":2,""count_other"":2}";pending_review;qa_pending_or_review_found
33008700;;;;pending_review;qa_pending_or_review_found;false;2;12V4000M53;1202399, 1205559;300, 663;"{""total_rows"":2,""count_ok_importar"":0,""count_ok_eliminar"":0,""count_pending"":2,""count_review_action"":2,""count_other"":2}";pending_review;qa_pending_or_review_found
0035311185 0005311575;BLADE CONNECT SHRINKABLE HO;;0.900 g 0.200 g;pending_review;qa_pending_or_review_found;false;4;16V4000M73;1402742, 1405911, 1409089, 1412292;325, 679, 1034, 1388;"{""total_rows"":4,""count_ok_importar"":0,""count_ok_eliminar"":0,""count_pending"":4,""count_review_action"":4,""count_other"":4}";pending_review;qa_pending_or_review_found
0035337089 IDENTIFICATIO X00E50200336SEPARABLE C;;47X25MM 62(6+56)POL/NW26/ CODE-A/;1,400 g 87,400 g;pending_review;qa_pending_or_review_found;false;2;12V4000M53;1202803, 1205963;332, 695;"{""total_rows"":2,""count_ok_importar"":0,""count_ok_eliminar"":0,""count_pending"":2,""count_review_action"":2,""count_other"":2}";pending_review;qa_pending_or_review_found
0035352231 PRESSURE SEN X00E50201372TEMPERATURE;;;131,600 g 175,000 g;pending_review;qa_pending_or_review_found;false;2;12V4000M53;1202854, 1206009;338, 701;"{""total_rows"":2,""count_ok_importar"":0,""count_ok_eliminar"":0,""count_pending"":2,""count_review_action"":2,""count_other"":2}";pending_review;qa_pending_or_review_found
0035352931;PRESSURE SEN SOR;;163,200 G;pending_review;qa_pending_or_review_found;false;7;16V4000M73L, 20V4000M93L;1502303, 1505340, 1507833, 1510314, 1510347, 1803335, 1807017;337, 799, 1142, 1477, 1466, 1850;"{""total_rows"":7,""count_ok_importar"":0,""count_ok_eliminar"":0,""count_pending"":7,""count_review_action"":7,""count_other"":7}";pending_review;qa_pending_or_review_found
36003900;;;;pending_review;qa_pending_or_review_found;false;4;20V4000M93;1701978, 1705718, 1709458, 1713203;250, 646, 1042, 1438;"{""total_rows"":4,""count_ok_importar"":0,""count_ok_eliminar"":0,""count_pending"":4,""count_review_action"":4,""count_other"":4}";pending_review;qa_pending_or_review_found
37303170;0 150 4100 370 0;;;pending_review;qa_pending_or_review_found;false;2;12V4000M53;1201516, 1204655;212, 567;"{""total_rows"":2,""count_ok_importar"":0,""count_ok_eliminar"":0,""count_pending"":2,""count_review_action"":2,""count_other"":2}";pending_review;qa_pending_or_review_found
37504150;;;;pending_review;qa_pending_or_review_found;false;4;20V4000M93;1701977, 1705717, 1709457, 1713202;250, 646, 1042, 1438;"{""total_rows"":4,""count_ok_importar"":0,""count_ok_eliminar"":0,""count_pending"":4,""count_review_action"":4,""count_other"":4}";pending_review;qa_pending_or_review_found
40530500;4 390 00;;;pending_review;qa_pending_or_review_found;false;4;20V4000M93L;1800889, 1801012, 1804495, 1804618;1244, 1250, 1621, 1627;"{""total_rows"":4,""count_ok_importar"":0,""count_ok_eliminar"":0,""count_pending"":4,""count_review_action"":4,""count_other"":4}";pending_review;qa_pending_or_review_found
40601020;SEALING STRIP;;;pending_review;qa_pending_or_review_found;false;8;16V4000M73, 16V4000M73L;1401037, 1404206, 1407375, 1410553, 1500841, 1504047, 1506510, 1508995;153, 507, 861, 1216, 138, 623, 968, 1310;"{""total_rows"":8,""count_ok_importar"":0,""count_ok_eliminar"":0,""count_pending"":8,""count_review_action"":8,""count_other"":8}";pending_review;qa_pending_or_review_found
45505400;;;;pending_review;qa_pending_or_review_found;false;2;12V4000M53;1202401, 1205561;300, 663;"{""total_rows"":2,""count_ok_importar"":0,""count_ok_eliminar"":0,""count_pending"":2,""count_review_action"":2,""count_other"":2}";pending_review;qa_pending_or_review_found
50005000;330 5050 6720 96 98 40 20;;;pending_review;qa_pending_or_review_found;false;2;12V4000M53;1202398, 1205558;300, 663;"{""total_rows"":2,""count_ok_importar"":0,""count_ok_eliminar"":0,""count_pending"":2,""count_review_action"":2,""count_other"":2}";pending_review;qa_pending_or_review_found
51040210;;;;pending_review;qa_pending_or_review_found;false;2;20V4000M93L;1801950, 1805609;1347, 1727;"{""total_rows"":2,""count_ok_importar"":0,""count_ok_eliminar"":0,""count_pending"":2,""count_review_action"":2,""count_other"":2}";pending_review;qa_pending_or_review_found
52418801;COPPER SEALING RING;MBN15005;6,200 g;pending_review;qa_pending_or_review_found;false;2;12V4000M70;1901589, 1903976;233, 570;"{""total_rows"":2,""count_ok_importar"":0,""count_ok_eliminar"":0,""count_pending"":2,""count_review_action"":2,""count_other"":2}";pending_review;qa_pending_or_review_found
52720101;SEAL CARRIER F;;172,800 g;pending_review;qa_pending_or_review_found;false;6;12V4000M70;1902067, 1902068, 1902070, 1904454, 1904455, 1904457;280, 617;"{""total_rows"":6,""count_ok_importar"":0,""count_ok_eliminar"":0,""count_pending"":6,""count_review_action"":6,""count_other"":6}";pending_review;qa_pending_or_review_found
52720104;SPIRAL HOUSING;;17,076 kg;pending_review;qa_pending_or_review_found;false;2;12V4000M70;1902069, 1904456;280, 617;"{""total_rows"":2,""count_ok_importar"":0,""count_ok_eliminar"":0,""count_pending"":2,""count_review_action"":2,""count_other"":2}";pending_review;qa_pending_or_review_found
52720105;SHAFT WAT PUM;;1,904 kg;pending_review;qa_pending_or_review_found;false;2;12V4000M70;1902054, 1904441;280, 617;"{""total_rows"":2,""count_ok_importar"":0,""count_ok_eliminar"":0,""count_pending"":2,""count_review_action"":2,""count_other"":2}";pending_review;qa_pending_or_review_found
57001800;;;;pending_review;qa_pending_or_review_found;false;4;20V4000M93;1701970, 1705710, 1709450, 1713195;250, 646, 1042, 1438;"{""total_rows"":4,""count_ok_importar"":0,""count_ok_eliminar"":0,""count_pending"":4,""count_review_action"":4,""count_other"":4}";pending_review;qa_pending_or_review_found
60062059;0 550 540;;;pending_review;qa_pending_or_review_found;false;2;20V4000M93L;1803361, 1807043;1468, 1852;"{""total_rows"":2,""count_ok_importar"":0,""count_ok_eliminar"":0,""count_pending"":2,""count_review_action"":2,""count_other"":2}";pending_review;qa_pending_or_review_found
60305011;;;;pending_review;qa_pending_or_review_found;false;4;16V4000M73;1400600, 1403770, 1406939, 1410117;108, 462, 816, 1171;"{""total_rows"":4,""count_ok_importar"":0,""count_ok_eliminar"":0,""count_pending"":4,""count_review_action"":4,""count_other"":4}";pending_review;qa_pending_or_review_found
62060054;0;;;pending_review;qa_pending_or_review_found;false;2;20V4000M93L;1802384, 1806043;1386, 1766;"{""total_rows"":2,""count_ok_importar"":0,""count_ok_eliminar"":0,""count_pending"":2,""count_review_action"":2,""count_other"":2}";pending_review;qa_pending_or_review_found
0065315725 0005327956;CAPACITOR TRANSFORMER;;;pending_review;qa_pending_or_review_found;false;2;12V4000M53;1203097, 1206257;354, 717;"{""total_rows"":2,""count_ok_importar"":0,""count_ok_eliminar"":0,""count_pending"":2,""count_review_action"":2,""count_other"":2}";pending_review;qa_pending_or_review_found
67068069;0 590 l Online Print 25-12-2604023;;;pending_review;qa_pending_or_review_found;false;2;20V4000M93L;1803362, 1807044;1468, 1852;"{""total_rows"":2,""count_ok_importar"":0,""count_ok_eliminar"":0,""count_pending"":2,""count_review_action"":2,""count_other"":2}";pending_review;qa_pending_or_review_found
67503800;;;;pending_review;qa_pending_or_review_found;false;4;20V4000M93;1701976, 1705716, 1709456, 1713201;250, 646, 1042, 1438;"{""total_rows"":4,""count_ok_importar"":0,""count_ok_eliminar"":0,""count_pending"":4,""count_review_action"":4,""count_other"":4}";pending_review;qa_pending_or_review_found
70038604;SEAL OIL 48 X 72;;31,200 g;pending_review;qa_pending_or_review_found;false;2;12V4000M70;1902057, 1904444;280, 617;"{""total_rows"":2,""count_ok_importar"":0,""count_ok_eliminar"":0,""count_pending"":2,""count_review_action"":2,""count_other"":2}";pending_review;qa_pending_or_review_found
70042913;O-RING;;18,600 g;pending_review;qa_pending_or_review_found;false;2;12V4000M70;1902060, 1904447;280, 617;"{""total_rows"":2,""count_ok_importar"":0,""count_ok_eliminar"":0,""count_pending"":2,""count_review_action"":2,""count_other"":2}";pending_review;qa_pending_or_review_found
70042919;O-RING;;25,800 g;pending_review;qa_pending_or_review_found;false;2;12V4000M70;1902059, 1904446;280, 617;"{""total_rows"":2,""count_ok_importar"":0,""count_ok_eliminar"":0,""count_pending"":2,""count_review_action"":2,""count_other"":2}";pending_review;qa_pending_or_review_found
70073086;0;;;pending_review;qa_pending_or_review_found;false;2;20V4000M93L;1802386, 1806045;1386, 1766;"{""total_rows"":2,""count_ok_importar"":0,""count_ok_eliminar"":0,""count_pending"":2,""count_review_action"":2,""count_other"":2}";pending_review;qa_pending_or_review_found
70510050;BEARING CYLIND;;623,000 g;pending_review;qa_pending_or_review_found;false;2;12V4000M70;1902073, 1904460;280, 617;"{""total_rows"":2,""count_ok_importar"":0,""count_ok_eliminar"":0,""count_pending"":2,""count_review_action"":2,""count_other"":2}";pending_review;qa_pending_or_review_found
70809010;IDENTIFICATION PLATE ELAT;;;pending_review;qa_pending_or_review_found;false;8;20V4000M93;1703731, 1703738, 1707471, 1707478, 1711211, 1711218, 1714952, 1714959;403, 404, 799, 800, 1195, 1196, 1591, 1592;"{""total_rows"":8,""count_ok_importar"":0,""count_ok_eliminar"":0,""count_pending"":8,""count_review_action"":8,""count_other"":8}";pending_review;qa_pending_or_review_found
79007800;;;;pending_review;qa_pending_or_review_found;false;4;20V4000M93;1701972, 1705712, 1709452, 1713197;250, 646, 1042, 1438;"{""total_rows"":4,""count_ok_importar"":0,""count_ok_eliminar"":0,""count_pending"":4,""count_review_action"":4,""count_other"":4}";pending_review;qa_pending_or_review_found
79505250;;;;pending_review;qa_pending_or_review_found;false;2;12V4000M53;1202400, 1205560;300, 663;"{""total_rows"":2,""count_ok_importar"":0,""count_ok_eliminar"":0,""count_pending"":2,""count_review_action"":2,""count_other"":2}";pending_review;qa_pending_or_review_found
80007950;;;;pending_review;qa_pending_or_review_found;false;4;20V4000M93;1701975, 1705715, 1709455, 1713200;250, 646, 1042, 1438;"{""total_rows"":4,""count_ok_importar"":0,""count_ok_eliminar"":0,""count_pending"":4,""count_review_action"":4,""count_other"":4}";pending_review;qa_pending_or_review_found
90100110;;;;pending_review;qa_pending_or_review_found;false;3;16V4000M61, 16V4000M73L;1302768, 1503025, 1511254;465, 444, 1641;"{""total_rows"":3,""count_ok_importar"":0,""count_ok_eliminar"":0,""count_pending"":3,""count_review_action"":3,""count_other"":3}";pending_review;qa_pending_or_review_found
90104030;;;;pending_review;qa_pending_or_review_found;false;4;16V4000M73;1401695, 1404864, 1408042, 1411219;225, 579, 934, 1288;"{""total_rows"":4,""count_ok_importar"":0,""count_ok_eliminar"":0,""count_pending"":4,""count_review_action"":4,""count_other"":4}";pending_review;qa_pending_or_review_found
91000100;RIVET;AK 3,2X 7,49;0,900 g;pending_review;qa_pending_or_review_found;false;1;12V4000M70;1905262;796;"{""total_rows"":1,""count_ok_importar"":0,""count_ok_eliminar"":0,""count_pending"":1,""count_review_action"":1,""count_other"":1}";pending_review;qa_pending_or_review_found
0095317880;CABLE NI /;;120,000 gAB;pending_review;qa_pending_or_review_found;false;4;12V4000M53, 20V4000M93L;1202951, 1206111, 1803499, 1807181;345, 708, 1475, 1859;"{""total_rows"":4,""count_ok_importar"":0,""count_ok_eliminar"":0,""count_pending"":4,""count_review_action"":4,""count_other"":4}";pending_review;qa_pending_or_review_found
0095318880 0035311185;CABLE BLADE CONNECT;;11.200 g 0.900 g;pending_review;qa_pending_or_review_found;false;6;20V4000M93, 20V4000M93L;1703155, 1706895, 1710635, 1714377, 1803443, 1807125;348, 744, 1140, 1536, 1472, 1856;"{""total_rows"":6,""count_ok_importar"":0,""count_ok_eliminar"":0,""count_pending"":6,""count_review_action"":6,""count_other"":6}";pending_review;qa_pending_or_review_found
0095318980 0095319080;CABLE CABLE;;16,900 g 20,900 g;pending_review;qa_pending_or_review_found;false;4;12V4000M53, 20V4000M93L;1202997, 1206157, 1803379, 1807061;347, 710, 1469, 1853;"{""total_rows"":4,""count_ok_importar"":0,""count_ok_eliminar"":0,""count_pending"":4,""count_review_action"":4,""count_other"":4}";pending_review;qa_pending_or_review_found
000137020203;SPRING WASHER;B 20;0.007 KGM;pending_review;qa_pending_or_review_found;false;6;20V4000M93L;1802817, 1803123, 1803128, 1806476, 1806805, 1806810;1407, 1451, 1787, 1835;"{""total_rows"":6,""count_ok_importar"":0,""count_ok_eliminar"":0,""count_pending"":6,""count_review_action"":6,""count_other"":6}";pending_review;qa_pending_or_review_found
0165313283 0165313883;MALE CONNECT FEMALE CONNE;;11,500 g 13,300 g;pending_review;qa_pending_or_review_found;false;2;12V4000M53;1202962, 1206122;345, 708;"{""total_rows"":2,""count_ok_importar"":0,""count_ok_eliminar"":0,""count_pending"":2,""count_review_action"":2,""count_other"":2}";pending_review;qa_pending_or_review_found
0165313283 CRIMP CONTAC FEMALE CONTA;;;11.500 g;pending_review;qa_pending_or_review_found;false;2;20V4000M93L;1803353, 1807035;1466, 1850;"{""total_rows"":2,""count_ok_importar"":0,""count_ok_eliminar"":0,""count_pending"":2,""count_review_action"":2,""count_other"":2}";pending_review;qa_pending_or_review_found
0165313283 CRIMP CONTAC FEMALE CONTA 0165313383;;;;pending_review;qa_pending_or_review_found;false;1;16V4000M73;1412206;1383;"{""total_rows"":1,""count_ok_importar"":0,""count_ok_eliminar"":0,""count_pending"":1,""count_review_action"":1,""count_other"":1}";pending_review;qa_pending_or_review_found
0165313283 CRIMP CONTACT FEMALE CONTACT FO 0165313383;;;;pending_review;qa_pending_or_review_found;false;3;16V4000M73;1402655, 1405824, 1409002;320, 674, 1029;"{""total_rows"":3,""count_ok_importar"":0,""count_ok_eliminar"":0,""count_pending"":3,""count_review_action"":3,""count_other"":3}";pending_review;qa_pending_or_review_found
0165313383 0165313583;HOUSING BLANKING PLU;;0.500 g 0.100 g;pending_review;qa_pending_or_review_found;false;1;16V4000M90;1602198;306;"{""total_rows"":1,""count_ok_importar"":0,""count_ok_eliminar"":0,""count_pending"":1,""count_review_action"":1,""count_other"":1}";pending_review;qa_pending_or_review_found
0165313383 0165313983;BUSH HOUSING PIN CONTACT F.CONNECTOR H;;0,500 g 0,300 g;pending_review;qa_pending_or_review_found;false;4;12V4000M53, 20V4000M93L;1203024, 1206184, 1803403, 1807085;347, 710, 1469, 1853;"{""total_rows"":4,""count_ok_importar"":0,""count_ok_eliminar"":0,""count_pending"":4,""count_review_action"":4,""count_other"":4}";pending_review;qa_pending_or_review_found
0165313783 0165314383;CORRUGATED PIPE DUST CAP F.CONNECTOR HOUSING HOUSING FOR;72585 2-7POL.;4.300 g 7.000 g;pending_review;qa_pending_or_review_found;false;2;20V4000M93L;1803413, 1807095;1470, 1854;"{""total_rows"":2,""count_ok_importar"":0,""count_ok_eliminar"":0,""count_pending"":2,""count_review_action"":2,""count_other"":2}";pending_review;qa_pending_or_review_found
0165314683 0165313683;F.CONNECTOR HOUSI ADAPTER FOR;;2.800 g 5.600 g;pending_review;qa_pending_or_review_found;false;2;20V4000M93L;1803524, 1807206;1475, 1859;"{""total_rows"":2,""count_ok_importar"":0,""count_ok_eliminar"":0,""count_pending"":2,""count_review_action"":2,""count_other"":2}";pending_review;qa_pending_or_review_found
0165315183 0175312283 0125312283 0175319783 0125312183 0175312583 0175311983 0175310083 0165319883 0165315283 0185318983 0175319883 0185315083 X00010658 X00010664 X00011517 0185314483 200923003001 X00019097 0005331384 0005330370 0005330170;;nan;nan;pending_review;qa_pending_or_review_found;false;1;12V4000M70;1904994;736;"{""total_rows"":1,""count_ok_importar"":0,""count_ok_eliminar"":0,""count_pending"":1,""count_review_action"":1,""count_other"":1}";pending_review;qa_pending_or_review_found
0175312583 0165315183 0175312283 0175312183 0175310083 0165319883 0175319883 0165315283 0175319783 0175312083 0005330370 0165315283 0005330170 910001003100 0015332731 0185310083 0175313183 0175311983 0175312783 0175310983;PROTECTIVE CA CONNECTOR BAYONET COUP SEPARABLE CO SEPARABLE CO FRAME MODULE TRANSPORT PR BAYONET COUP TRANSPORT PR SEPARABLE CO SCREW BAYONET COUP SCREW RIVET CAP TRANSPORT PR PROTECTIVE CA SEPARABLE CO PROTECTIVE CA CONNECTOR BAYONET COUP;nan;nan;pending_review;qa_pending_or_review_found;false;1;12V4000M70;1905270;796;"{""total_rows"":1,""count_ok_importar"":0,""count_ok_eliminar"":0,""count_pending"":1,""count_review_action"":1,""count_other"":1}";pending_review;qa_pending_or_review_found
0185312183 0005319984;CONTACT SLEEV CONTACT SLEEV;;1,400 g 5,000 g;pending_review;qa_pending_or_review_found;false;1;12V4000M53;1206562;801;"{""total_rows"":1,""count_ok_importar"":0,""count_ok_eliminar"":0,""count_pending"":1,""count_review_action"":1,""count_other"":1}";pending_review;qa_pending_or_review_found
0185317083 0025319085;CONNECTOR BLADE CONNECT;;0.050 g 10.800 g;pending_review;qa_pending_or_review_found;false;6;20V4000M93, 20V4000M93L;1703186, 1706926, 1710666, 1714408, 1803474, 1807156;348, 744, 1140, 1536, 1472, 1856;"{""total_rows"":6,""count_ok_importar"":0,""count_ok_eliminar"":0,""count_pending"":6,""count_review_action"":6,""count_other"":6}";pending_review;qa_pending_or_review_found
00760303310;;;4.600 g;pending_review;qa_pending_or_review_found;false;2;20V4000M93L;1802025, 1805684;1349, 1729;"{""total_rows"":2,""count_ok_importar"":0,""count_ok_eliminar"":0,""count_pending"":2,""count_review_action"":2,""count_other"":2}";pending_review;qa_pending_or_review_found
000908038000 007603038101 5249970020 5370160233;nan;nan;nan;pending_review;qa_pending_or_review_found;false;2;12V4000M70;1902001, 1904388;270, 607;"{""total_rows"":2,""count_ok_importar"":0,""count_ok_eliminar"":0,""count_pending"":2,""count_review_action"":2,""count_other"":2}";pending_review;qa_pending_or_review_found
000908038003 007603038101 5249970032;PLUG COPPER SEAL PLUG WITH O-;nan;nan;pending_review;qa_pending_or_review_found;false;2;12V4000M70;1902075, 1904462;281, 618;"{""total_rows"":2,""count_ok_importar"":0,""count_ok_eliminar"":0,""count_pending"":2,""count_review_action"":2,""count_other"":2}";pending_review;qa_pending_or_review_found
000912016003;SCREW;M 16 X 40;0.093 KGM;pending_review;qa_pending_or_review_found;false;4;20V4000M93L;1803035, 1803044, 1806693, 1806702;1432, 1433, 1812, 1813;"{""total_rows"":4,""count_ok_importar"":0,""count_ok_eliminar"":0,""count_pending"":4,""count_review_action"":4,""count_other"":4}";pending_review;qa_pending_or_review_found
000931024029;HEX SCREW;M 24 X100;0.435 KGM;pending_review;qa_pending_or_review_found;false;2;20V4000M93L;1806755, 1806759;1823;"{""total_rows"":2,""count_ok_importar"":0,""count_ok_eliminar"":0,""count_pending"":2,""count_review_action"":2,""count_other"":2}";pending_review;qa_pending_or_review_found
5105304434 CONNECTING;nan;W010.2, L=10M, S;nan;pending_review;qa_pending_or_review_found;false;1;12V4000M70;1905191;779;"{""total_rows"":1,""count_ok_importar"":0,""count_ok_eliminar"":0,""count_pending"":1,""count_review_action"":1,""count_other"":1}";pending_review;qa_pending_or_review_found
5105306662/S0002;PANEL PANEL FOR CONTROL;;524 G;pending_review;qa_pending_or_review_found;false;1;12V4000M40A;1102403;357;"{""total_rows"":1,""count_ok_importar"":0,""count_ok_eliminar"":0,""count_pending"":1,""count_review_action"":1,""count_other"":1}";pending_review;qa_pending_or_review_found
5105380080/S0017;SOFTWARE Busine;VAR_1\ED_7.01;1.000 g KE KF;pending_review;qa_pending_or_review_found;false;1;16V4000M90;1602814;404;"{""total_rows"":1,""count_ok_importar"":0,""count_ok_eliminar"":0,""count_pending"":1,""count_review_action"":1,""count_other"":1}";pending_review;qa_pending_or_review_found
5110250612 005401303000;;nan;nan;pending_review;qa_pending_or_review_found;false;2;12V4000M70;1900809, 1903251;133, 472;"{""total_rows"":2,""count_ok_importar"":0,""count_ok_eliminar"":0,""count_pending"":2,""count_review_action"":2,""count_other"":2}";pending_review;qa_pending_or_review_found
5240530930 VALVE G 5240531030 VALVE G;;;130.000 gEM 140.000 gEM;pending_review;qa_pending_or_review_found;false;1;16V4000M90;1600392;75;"{""total_rows"":1,""count_ok_importar"":0,""count_ok_eliminar"":0,""count_pending"":1,""count_review_action"":1,""count_other"":1}";pending_review;qa_pending_or_review_found
5240901617 0049978190 5240981039 304017008083 007349008002 5240983439 700429016000 304017008085 000125008427 0009973375 5249970316 007603026104;;nan;nan;pending_review;qa_pending_or_review_found;false;2;12V4000M70;1900922, 1903364;151, 490;"{""total_rows"":2,""count_ok_importar"":0,""count_ok_eliminar"":0,""count_pending"":2,""count_review_action"":2,""count_other"":2}";pending_review;qa_pending_or_review_found
5240981407 5240980907 700429140000 5240980680 000931010345 000125010524 000908052003 007603052101 X59412400026 5240980907 700429140000 5240980680 000931010345 000125010524 000908052003 007603052101 700354014003 007603022102 000908014001 007603014102 735210014000 5240981140 700429095004 000931008227 000125008427;MANIFOLD CHARG MANIFOLD INTAKE O-RING GASKET BOLT HEX WASHER THREAD PLUG COPPER SEALING CHARGE-AIR PIPE MANIFOLD INTAKE O-RING GASKET BOLT HEX WASHER THREAD PLUG COPPER SEALING THREADED BUSHI COPPER SEALING THREAD PLUG COPPER SEALING THREAD PLUG FLANGE O-RING BOLT HEX WASHER;nan;nan;pending_review;qa_pending_or_review_found;false;2;12V4000M70;1900993, 1903435;161, 500;"{""total_rows"":2,""count_ok_importar"":0,""count_ok_eliminar"":0,""count_pending"":2,""count_review_action"":2,""count_other"":2}";pending_review;qa_pending_or_review_found
5241421504 CROSSOV LINER EX 5241421604;;;4.700 kg 5.400 kg;pending_review;qa_pending_or_review_found;false;1;16V4000M90;1601131;168;"{""total_rows"":1,""count_ok_importar"":0,""count_ok_eliminar"":0,""count_pending"":1,""count_review_action"":1,""count_other"":1}";pending_review;qa_pending_or_review_found
5241531340 0015331840 000084005196 000125005322 000934005004 0015331940 000933006207 000125006431 000934006006;;nan;nan;pending_review;qa_pending_or_review_found;false;2;12V4000M70;1902304, 1904691;328, 665;"{""total_rows"":2,""count_ok_importar"":0,""count_ok_eliminar"":0,""count_pending"":2,""count_review_action"":2,""count_other"":2}";pending_review;qa_pending_or_review_found
5241531740 0015331940 0005334743 000933006207 000125006431 000934006006;nan;nan;nan;pending_review;qa_pending_or_review_found;false;2;12V4000M70;1902289, 1904676;326, 663;"{""total_rows"":2,""count_ok_importar"":0,""count_ok_eliminar"":0,""count_pending"":2,""count_review_action"":2,""count_other"":2}";pending_review;qa_pending_or_review_found
5241533040 0015331840 000084005196 000125005322 000934005004 0015331940 000933006207 000125006431 000934006006;;nan;nan;pending_review;qa_pending_or_review_found;false;2;12V4000M70;1902268, 1904655;324, 661;"{""total_rows"":2,""count_ok_importar"":0,""count_ok_eliminar"":0,""count_pending"":2,""count_review_action"":2,""count_other"":2}";pending_review;qa_pending_or_review_found
5241880080 5241880102 000000003925;;nan;nan;pending_review;qa_pending_or_review_found;false;4;12V4000M70;1900172, 1900176, 1902612, 1902616;46, 47, 385, 386;"{""total_rows"":4,""count_ok_importar"":0,""count_ok_eliminar"":0,""count_pending"":4,""count_review_action"":4,""count_other"":4}";pending_review;qa_pending_or_review_found
5242000585 5242030044 000933010095 000931010322 000125013012 000931012148 5242000753 5242008251 915013025001 007603030101 735078025012 700429028002 5242031540 000934012008 000933012035 000125013012 700325028100 304017008086 304017008087;;nan;nan;pending_review;qa_pending_or_review_found;false;2;12V4000M70;1902091, 1904478;286, 623;"{""total_rows"":2,""count_ok_importar"":0,""count_ok_eliminar"":0,""count_pending"":2,""count_review_action"":2,""count_other"":2}";pending_review;qa_pending_or_review_found
5242032122 000908018002 007603018101 000908030002 007603030101;ELBOW PLUG COPPER SEAL THREAD PLUG COPPER SEAL;nan;nan;pending_review;qa_pending_or_review_found;false;2;12V4000M70;1901932, 1904319;261, 598;"{""total_rows"":2,""count_ok_importar"":0,""count_ok_eliminar"":0,""count_pending"":2,""count_review_action"":2,""count_other"":2}";pending_review;qa_pending_or_review_found
5242370435 000912016045 000125017014 5242370940 000933010144 000934010007;;nan;nan;pending_review;qa_pending_or_review_found;false;2;12V4000M70;1900335, 1902775;70, 409;"{""total_rows"":2,""count_ok_importar"":0,""count_ok_eliminar"":0,""count_pending"":2,""count_review_action"":2,""count_other"":2}";pending_review;qa_pending_or_review_found
5271401418 5261420004 5261400318 200931012006 8379902540 0299976748 700429244000 000933012040 000125013012 000934012008 5261400121 5261400221 000908014001 007603014102 735210014000 735221011000 915006006002 007603014102 0299976748 700429244000 000933012051 000125013012 700429024000 000933010092 000931010336;EXHAUST MANIF LINER EXHAUST EXHAUST MANIF BOLT AH HEX WASHER O-RING O-RING BOLT HEX WASHER NUT HEX MANIFOLD CVR EXH COVER THREAD PLUG COPPER SEALIN THREAD PLUG O-RING UNION COPPER SEALIN O-RING O-RING BOLT HEX S2000/ WASHER O-RING BOLT HEX BOLT HEX;nan;nan;pending_review;qa_pending_or_review_found;false;2;12V4000M70;1901201, 1903643;180, 519;"{""total_rows"":2,""count_ok_importar"":0,""count_ok_eliminar"":0,""count_pending"":2,""count_review_action"":2,""count_other"":2}";pending_review;qa_pending_or_review_found
5272010505 X00012168 5272010110 5272010158 5272010401 5272010153 X00021750 200628103006 705100502035 000472080000 700386048001 0012010119 700429190001 700429135000 000931008241 000125008427 000933012051 000125013012 000933012071;SHAFT WAT PUM IMPELLER FOR S BEARING HOUSI SEAL CARRIER F SPIRAL HOUSING SPACER SLEEVE GEAR BEARING ANGUL BEARING CYLIND RING SNAP SEAL OIL 48 X 72 ROTARY SEAL O-RING O-RING BOLT HEX WASHER BOLT HEX S2000 WASHER BOLT HEX;nan;nan;pending_review;qa_pending_or_review_found;false;2;12V4000M70;1902056, 1904443;280, 617;"{""total_rows"":2,""count_ok_importar"":0,""count_ok_eliminar"":0,""count_pending"":2,""count_review_action"":2,""count_other"":2}";pending_review;qa_pending_or_review_found
5275308412 5275334889;;nan;nan;pending_review;qa_pending_or_review_found;false;2;12V4000M70;1902428, 1904815;344, 681;"{""total_rows"":2,""count_ok_importar"":0,""count_ok_eliminar"":0,""count_pending"":2,""count_review_action"":2,""count_other"":2}";pending_review;qa_pending_or_review_found
5275335689;IDENTIFICATION PLATE FOR ELECTRONICS PROGRAMMING;16X37 (HXB);1.000 g 16X37 (HXB) ELECTRONICS;pending_review;qa_pending_or_review_found;false;1;16V4000M90;1602908;421;"{""total_rows"":1,""count_ok_importar"":0,""count_ok_eliminar"":0,""count_pending"":1,""count_review_action"":1,""count_other"":1}";pending_review;qa_pending_or_review_found
5319972445 5319970345;;nan;nan;pending_review;qa_pending_or_review_found;false;2;12V4000M70;1900480, 1902920;99, 438;"{""total_rows"":2,""count_ok_importar"":0,""count_ok_eliminar"":0,""count_pending"":2,""count_review_action"":2,""count_other"":2}";pending_review;qa_pending_or_review_found
5319972945 5319970745;;nan;nan;pending_review;qa_pending_or_review_found;false;2;12V4000M70;1900483, 1902923;100, 439;"{""total_rows"":2,""count_ok_importar"":0,""count_ok_eliminar"":0,""count_pending"":2,""count_review_action"":2,""count_other"":2}";pending_review;qa_pending_or_review_found
5360980032 5360980018 5269930101 5360980090 0009963401 5360980176 000934010005;;nan;nan;pending_review;qa_pending_or_review_found;false;2;12V4000M70;1900990, 1903432;158, 497;"{""total_rows"":2,""count_ok_importar"":0,""count_ok_eliminar"":0,""count_pending"":2,""count_review_action"":2,""count_other"":2}";pending_review;qa_pending_or_review_found
5361531040 0015331840 000084005196 000125005322 000934005004;;nan;nan;pending_review;qa_pending_or_review_found;false;2;12V4000M70;1902317, 1904704;330, 667;"{""total_rows"":2,""count_ok_importar"":0,""count_ok_eliminar"":0,""count_pending"":2,""count_review_action"":2,""count_other"":2}";pending_review;qa_pending_or_review_found
5361531040 0015331840 000084005196 000125005322 000934005004 0015331940 000933006207 000125006431 000934006006;;nan;nan;pending_review;qa_pending_or_review_found;false;2;12V4000M70;1902327, 1904714;331, 668;"{""total_rows"":2,""count_ok_importar"":0,""count_ok_eliminar"":0,""count_pending"":2,""count_review_action"":2,""count_other"":2}";pending_review;qa_pending_or_review_found
5500784541 0015331840 0015331940 000084005196 000125005322 000934005004;;nan;nan;pending_review;qa_pending_or_review_found;false;2;12V4000M70;1902311, 1904698;329, 666;"{""total_rows"":2,""count_ok_importar"":0,""count_ok_eliminar"":0,""count_pending"":2,""count_review_action"":2,""count_other"":2}";pending_review;qa_pending_or_review_found
007603045101 915013040002 X00041623 735189042001 915001040002;;nan;nan;pending_review;qa_pending_or_review_found;false;2;12V4000M70;1901975, 1904362;267, 604;"{""total_rows"":2,""count_ok_importar"":0,""count_ok_eliminar"":0,""count_pending"":2,""count_review_action"":2,""count_other"":2}";pending_review;qa_pending_or_review_found
8499970035 8699970154;nan;nan;nan;pending_review;qa_pending_or_review_found;false;2;12V4000M70;1901526, 1903913;224, 561;"{""total_rows"":2,""count_ok_importar"":0,""count_ok_eliminar"":0,""count_pending"":2,""count_review_action"":2,""count_other"":2}";pending_review;qa_pending_or_review_found
8499970065 8499970066 8699970154;nan;nan;nan;pending_review;qa_pending_or_review_found;false;2;12V4000M70;1901697, 1904084;244, 581;"{""total_rows"":2,""count_ok_importar"":0,""count_ok_eliminar"":0,""count_pending"":2,""count_review_action"":2,""count_other"":2}";pending_review;qa_pending_or_review_found
8499970065 8699970154;nan;nan;nan;pending_review;qa_pending_or_review_found;false;4;12V4000M70;1901687, 1901693, 1904074, 1904080;241, 243, 578, 580;"{""total_rows"":4,""count_ok_importar"":0,""count_ok_eliminar"":0,""count_pending"":4,""count_review_action"":4,""count_other"":4}";pending_review;qa_pending_or_review_found
8499970066 8699970154;nan;nan;nan;pending_review;qa_pending_or_review_found;false;4;12V4000M70;1901690, 1901704, 1904077, 1904091;242, 246, 579, 583;"{""total_rows"":4,""count_ok_importar"":0,""count_ok_eliminar"":0,""count_pending"":4,""count_review_action"":4,""count_other"":4}";pending_review;qa_pending_or_review_found
8699970274 8699970273 8699970272 8699970287 700429122001;;nan;nan;pending_review;qa_pending_or_review_found;false;2;12V4000M70;1901511, 1903898;221, 558;"{""total_rows"":2,""count_ok_importar"":0,""count_ok_eliminar"":0,""count_pending"":2,""count_review_action"":2,""count_other"":2}";pending_review;qa_pending_or_review_found
8699970397 8690740388 8690740074;;nan;nan;pending_review;qa_pending_or_review_found;false;2;12V4000M70;1900534, 1902974;107, 446;"{""total_rows"":2,""count_ok_importar"":0,""count_ok_eliminar"":0,""count_pending"":2,""count_review_action"":2,""count_other"":2}";pending_review;qa_pending_or_review_found
14015013010;;;;pending_review;qa_pending_or_review_found;false;2;20V4000M93L;1800563, 1804134;1205, 1578;"{""total_rows"":2,""count_ok_importar"":0,""count_ok_eliminar"":0,""count_pending"":2,""count_review_action"":2,""count_other"":2}";pending_review;qa_pending_or_review_found
60301605011;;;;pending_review;qa_pending_or_review_found;false;2;20V4000M93L;1800562, 1804133;1205, 1578;"{""total_rows"":2,""count_ok_importar"":0,""count_ok_eliminar"":0,""count_pending"":2,""count_review_action"":2,""count_other"":2}";pending_review;qa_pending_or_review_found
69002900275;;;;pending_review;qa_pending_or_review_found;false;4;20V4000M93;1701973, 1705713, 1709453, 1713198;250, 646, 1042, 1438;"{""total_rows"":4,""count_ok_importar"":0,""count_ok_eliminar"":0,""count_pending"":4,""count_review_action"":4,""count_other"":4}";pending_review;qa_pending_or_review_found
90804050607;;;;pending_review;qa_pending_or_review_found;false;1;16V4000M61;1302710;451;"{""total_rows"":1,""count_ok_importar"":0,""count_ok_eliminar"":0,""count_pending"":1,""count_review_action"":1,""count_other"":1}";pending_review;qa_pending_or_review_found
200084005107 007349005002 000934005004 0015331840 0005334743;;nan;nan;pending_review;qa_pending_or_review_found;false;2;12V4000M70;1902253, 1904640;322, 659;"{""total_rows"":2,""count_ok_importar"":0,""count_ok_eliminar"":0,""count_pending"":2,""count_review_action"":2,""count_other"":2}";pending_review;qa_pending_or_review_found
204032010003;HEX NUT;M 10;0.009 KGM;pending_review;qa_pending_or_review_found;false;4;20V4000M93L;1801591, 1801601, 1805250, 1805260;1308, 1688;"{""total_rows"":4,""count_ok_importar"":0,""count_ok_eliminar"":0,""count_pending"":4,""count_review_action"":4,""count_other"":4}";pending_review;qa_pending_or_review_found
700368042004 900288054005;;nan;nan;pending_review;qa_pending_or_review_found;false;2;12V4000M70;1902079, 1904466;284, 621;"{""total_rows"":2,""count_ok_importar"":0,""count_ok_eliminar"":0,""count_pending"":2,""count_review_action"":2,""count_other"":2}";pending_review;qa_pending_or_review_found
735038006102 718363206002;;nan;nan;pending_review;qa_pending_or_review_found;false;2;12V4000M70;1902021, 1904408;276, 613;"{""total_rows"":2,""count_ok_importar"":0,""count_ok_eliminar"":0,""count_pending"":2,""count_review_action"":2,""count_other"":2}";pending_review;qa_pending_or_review_found
735038020104 718363220003;;nan;nan;pending_review;qa_pending_or_review_found;false;2;12V4000M70;1904828, 1904845;689, 699;"{""total_rows"":2,""count_ok_importar"":0,""count_ok_eliminar"":0,""count_pending"":2,""count_review_action"":2,""count_other"":2}";pending_review;qa_pending_or_review_found
ADAPTER FOR 0165313683;;;;pending_review;qa_pending_or_review_found;false;4;16V4000M73;1402659, 1405828, 1409006, 1412209;320, 674, 1029, 1383;"{""total_rows"":4,""count_ok_importar"":0,""count_ok_eliminar"":0,""count_pending"":4,""count_review_action"":4,""count_other"":4}";pending_review;qa_pending_or_review_found
B00E50200605/S0001;PART DUST CAP FOR;;;pending_review;qa_pending_or_review_found;false;1;20V4000M93;1714904;1585;"{""total_rows"":1,""count_ok_importar"":0,""count_ok_eliminar"":0,""count_pending"":1,""count_review_action"":1,""count_other"":1}";pending_review;qa_pending_or_review_found
B00E50201524;PART PLUG-IN BOARD;;;pending_review;qa_pending_or_review_found;false;1;20V4000M93;1714903;1585;"{""total_rows"":1,""count_ok_importar"":0,""count_ok_eliminar"":0,""count_pending"":1,""count_review_action"":1,""count_other"":1}";pending_review;qa_pending_or_review_found
B00E50202634CONTROL U;;;;pending_review;qa_pending_or_review_found;false;1;12V4000M53;1206709;832;"{""total_rows"":1,""count_ok_importar"":0,""count_ok_eliminar"":0,""count_pending"":1,""count_review_action"":1,""count_other"":1}";pending_review;qa_pending_or_review_found
B00E50202636FRONT PAN;;;;pending_review;qa_pending_or_review_found;false;1;12V4000M53;1206718;832;"{""total_rows"":1,""count_ok_importar"":0,""count_ok_eliminar"":0,""count_pending"":1,""count_review_action"":1,""count_other"":1}";pending_review;qa_pending_or_review_found
B00E50202643CONTACT BL;;;;pending_review;qa_pending_or_review_found;false;3;12V4000M53;1206715, 1206716, 1206717;832;"{""total_rows"":3,""count_ok_importar"":0,""count_ok_eliminar"":0,""count_pending"":3,""count_review_action"":3,""count_other"":3}";pending_review;qa_pending_or_review_found
B00E50202646CAP FOR DIS;;;;pending_review;qa_pending_or_review_found;false;1;12V4000M53;1206720;832;"{""total_rows"":1,""count_ok_importar"":0,""count_ok_eliminar"":0,""count_pending"":1,""count_review_action"":1,""count_other"":1}";pending_review;qa_pending_or_review_found
B00E50202658 UNI;;;;pending_review;qa_pending_or_review_found;false;1;12V4000M53;1206721;832;"{""total_rows"":1,""count_ok_importar"":0,""count_ok_eliminar"":0,""count_pending"":1,""count_review_action"":1,""count_other"":1}";pending_review;qa_pending_or_review_found
B00E50202856 INSTALLATION MATL. FOR BUS COUPLER;INSTALLATION;;;pending_review;qa_pending_or_review_found;false;1;12V4000M53;1206433;770;"{""total_rows"":1,""count_ok_importar"":0,""count_ok_eliminar"":0,""count_pending"":1,""count_review_action"":1,""count_other"":1}";pending_review;qa_pending_or_review_found
B00E50202966RETAINING LABELLING;;;62,000 g;pending_review;qa_pending_or_review_found;false;1;12V4000M53;1206695;827;"{""total_rows"":1,""count_ok_importar"":0,""count_ok_eliminar"":0,""count_pending"":1,""count_review_action"":1,""count_other"":1}";pending_review;qa_pending_or_review_found
B00E50203040CONTACT BL;;;;pending_review;qa_pending_or_review_found;false;3;12V4000M53;1206711, 1206713, 1206714;832;"{""total_rows"":3,""count_ok_importar"":0,""count_ok_eliminar"":0,""count_pending"":3,""count_review_action"":3,""count_other"":3}";pending_review;qa_pending_or_review_found
B00E50203040CONTACT BL B00E50203040CONTACT BL;;;;pending_review;qa_pending_or_review_found;false;1;12V4000M53;1206712;832;"{""total_rows"":1,""count_ok_importar"":0,""count_ok_eliminar"":0,""count_pending"":1,""count_review_action"":1,""count_other"":1}";pending_review;qa_pending_or_review_found
B00E50203132CUT-OUT TE;;;;pending_review;qa_pending_or_review_found;false;1;12V4000M53;1206723;832;"{""total_rows"":1,""count_ok_importar"":0,""count_ok_eliminar"":0,""count_pending"":1,""count_review_action"":1,""count_other"":1}";pending_review;qa_pending_or_review_found
B00E50203183 CONNECTING CABLE FOR SYSTEM BUS -W301._ / 4M 1;;;;pending_review;qa_pending_or_review_found;false;1;12V4000M53;1206470;782;"{""total_rows"":1,""count_ok_importar"":0,""count_ok_eliminar"":0,""count_pending"":1,""count_review_action"":1,""count_other"":1}";pending_review;qa_pending_or_review_found
B00E50203203 CONNECTING CABLE FOR SYSTEM BUS -W302._ / 4M 1;;;;pending_review;qa_pending_or_review_found;false;1;12V4000M53;1206474;784;"{""total_rows"":1,""count_ok_importar"":0,""count_ok_eliminar"":0,""count_pending"":1,""count_review_action"":1,""count_other"":1}";pending_review;qa_pending_or_review_found
B00E50203206 CONNECTING CABLE FOR SYSTEM BUS -W302._ / 6M 1;;;;pending_review;qa_pending_or_review_found;false;1;12V4000M53;1206479;786;"{""total_rows"":1,""count_ok_importar"":0,""count_ok_eliminar"":0,""count_pending"":1,""count_review_action"":1,""count_other"":1}";pending_review;qa_pending_or_review_found
B00E50203221 CONNECTING CABLE FOR SYSTEM BUS -W302._ / 30M 1 pc;;;;pending_review;qa_pending_or_review_found;false;1;12V4000M53;1206488;790;"{""total_rows"":1,""count_ok_importar"":0,""count_ok_eliminar"":0,""count_pending"":1,""count_review_action"":1,""count_other"":1}";pending_review;qa_pending_or_review_found
B00E50203236 CONNECTING CABLE FOR SYSTEM BUS -W302._ / 60M 1 pc;;;;pending_review;qa_pending_or_review_found;false;1;12V4000M53;1206495;794;"{""total_rows"":1,""count_ok_importar"":0,""count_ok_eliminar"":0,""count_pending"":1,""count_review_action"":1,""count_other"":1}";pending_review;qa_pending_or_review_found
B00E50203529OVAL-HEAD;;;;pending_review;qa_pending_or_review_found;false;1;12V4000M53;1206719;832;"{""total_rows"":1,""count_ok_importar"":0,""count_ok_eliminar"":0,""count_pending"":1,""count_review_action"":1,""count_other"":1}";pending_review;qa_pending_or_review_found
B00E50204185LABELLING K;;;;pending_review;qa_pending_or_review_found;false;1;12V4000M53;1206710;832;"{""total_rows"":1,""count_ok_importar"":0,""count_ok_eliminar"":0,""count_pending"":1,""count_review_action"":1,""count_other"":1}";pending_review;qa_pending_or_review_found
B00E50204401IDENTIFICATION PLATE;;;3,000 kg;pending_review;qa_pending_or_review_found;false;1;12V4000M53;1206650;826;"{""total_rows"":1,""count_ok_importar"":0,""count_ok_eliminar"":0,""count_pending"":1,""count_review_action"":1,""count_other"":1}";pending_review;qa_pending_or_review_found
B00E50205323COVER F/M;;;;pending_review;qa_pending_or_review_found;false;1;12V4000M53;1206700;827;"{""total_rows"":1,""count_ok_importar"":0,""count_ok_eliminar"":0,""count_pending"":1,""count_review_action"":1,""count_other"":1}";pending_review;qa_pending_or_review_found
"B00E50205348HSNG; BOTTOM SECTION";;;3,000 kg;pending_review;qa_pending_or_review_found;false;1;12V4000M53;1206646;826;"{""total_rows"":1,""count_ok_importar"":0,""count_ok_eliminar"":0,""count_pending"":1,""count_review_action"":1,""count_other"":1}";pending_review;qa_pending_or_review_found
B00E50205351DISPLAY WITH FRONT PLATE;;;4,000 kg;pending_review;qa_pending_or_review_found;false;1;12V4000M53;1206645;826;"{""total_rows"":1,""count_ok_importar"":0,""count_ok_eliminar"":0,""count_pending"":1,""count_review_action"":1,""count_other"":1}";pending_review;qa_pending_or_review_found
B00E50205356;CONTROL CONSOLE W;RAL 9003 / OHNE;;pending_review;qa_pending_or_review_found;false;1;12V4000M53;1206644;825;"{""total_rows"":1,""count_ok_importar"":0,""count_ok_eliminar"":0,""count_pending"":1,""count_review_action"":1,""count_other"":1}";pending_review;qa_pending_or_review_found
B599001-201686/87;PREHEATER CSM 380V 50 HZ;;23.000 kg;pending_review;qa_pending_or_review_found;false;4;20V4000M93;1702194, 1705934, 1709674, 1713418;261, 657, 1053, 1449;"{""total_rows"":4,""count_ok_importar"":0,""count_ok_eliminar"":0,""count_pending"":4,""count_review_action"":4,""count_other"":4}";pending_review;qa_pending_or_review_found
BUSH HOUSING FOR 0165313283 CRIMP CONTACT;;;;pending_review;qa_pending_or_review_found;false;3;16V4000M73;1402654, 1405823, 1409001;320, 674, 1029;"{""total_rows"":3,""count_ok_importar"":0,""count_ok_eliminar"":0,""count_pending"":3,""count_review_action"":3,""count_other"":3}";pending_review;qa_pending_or_review_found
BYPASS V;;;0.500 kg KE;pending_review;qa_pending_or_review_found;false;2;20V4000M93L;1802024, 1805683;1349, 1729;"{""total_rows"":2,""count_ok_importar"":0,""count_ok_eliminar"":0,""count_pending"":2,""count_review_action"":2,""count_other"":2}";pending_review;qa_pending_or_review_found
chshafen GmbH;49619 2;;;pending_review;qa_pending_or_review_found;false;10;12V4000M53, 16V4000M73, 20V4000M93, 20V4000M93L;1201448, 1204587, 1403627, 1406796, 1409974, 1704190, 1707930, 1711670, 1800368, 1800430;198, 553, 431, 785, 1140, 471, 867, 1263, 1161, 1175;"{""total_rows"":10,""count_ok_importar"":0,""count_ok_eliminar"":0,""count_pending"":10,""count_review_action"":10,""count_other"":10}";pending_review;qa_pending_or_review_found
CLAMP FOR CO X59610100201;;;459.100 g;pending_review;qa_pending_or_review_found;false;8;16V4000M73;1400894, 1400964, 1404060, 1404130, 1407229, 1407299, 1410407, 1410477;140, 147, 494, 501, 848, 855, 1203, 1210;"{""total_rows"":8,""count_ok_importar"":0,""count_ok_eliminar"":0,""count_pending"":8,""count_review_action"":8,""count_other"":8}";pending_review;qa_pending_or_review_found
CONNECTING C X00E50700482 ON-ENGINE SEN;;;190.000 g;pending_review;qa_pending_or_review_found;false;1;20V4000M93;1714247;1530;"{""total_rows"":1,""count_ok_importar"":0,""count_ok_eliminar"":0,""count_pending"":1,""count_review_action"":1,""count_other"":1}";pending_review;qa_pending_or_review_found
CONNECTING P;;;;pending_review;qa_pending_or_review_found;false;2;20V4000M93L;1802003, 1805662;1348, 1728;"{""total_rows"":2,""count_ok_importar"":0,""count_ok_eliminar"":0,""count_pending"":2,""count_review_action"":2,""count_other"":2}";pending_review;qa_pending_or_review_found
CYLINDER HEAD W/VALVE 10 X52404100177 1 pc 46.588 kg EM GUIDES;;;;pending_review;qa_pending_or_review_found;false;8;16V4000M73, 20V4000M93;1400481, 1403647, 1406818, 1409998, 1700466, 1704212, 1707955, 1711698;81, 435, 789, 1144, 78, 474, 870, 1266;"{""total_rows"":8,""count_ok_importar"":0,""count_ok_eliminar"":0,""count_pending"":8,""count_review_action"":8,""count_other"":8}";pending_review;qa_pending_or_review_found
CYLINDER HEAD W/VALVE 10 X52404100208 1 pc 50,000 kg EM GUIDES;;;;pending_review;qa_pending_or_review_found;false;2;12V4000M53;1200459, 1203597;74, 429;"{""total_rows"":2,""count_ok_importar"":0,""count_ok_eliminar"":0,""count_pending"":2,""count_review_action"":2,""count_other"":2}";pending_review;qa_pending_or_review_found
drichshafen Gmb;H;Page;15-07;pending_review;qa_pending_or_review_found;false;38;12V4000M53, 16V4000M73, 16V4000M90, 20V4000M93, 20V4000M93L;1201306, 1204445, 1400607, 1400699, 1402558, 1403720, 1403868, 1405727, 1406889, 1407037, 1408905, 1410067, 1410215, 1412035, 1412167, 1601197, 1601455, 1601903, 1601910, 1601991, 1700696, 1701735, 1702968, 1704442, 1705475, 1706708, 1708182, 1709215, 1710448, 1711922, 1714126, 1714131, 1714242, 1800659, 1802973, 1804153, 1804231, 1806632;180, 535, 111, 122, 304, 452, 476, 658, 806, 830, 1013, 1161, 1185, 1360, 1378, 176, 209, 256, 260, 269, 228, 323, 518, 624, 719, 914, 1020, 1115, 1310, 1500, 1503, 1523, 1219, 1424, 1582, 1592, 1804;"{""total_rows"":38,""count_ok_importar"":0,""count_ok_eliminar"":0,""count_pending"":38,""count_review_action"":38,""count_other"":38}";pending_review;qa_pending_or_review_found
edrichshafen Gm;bH;Page:;-07;pending_review;qa_pending_or_review_found;false;13;12V4000M53, 16V4000M73, 20V4000M93, 20V4000M93L;1200513, 1203656, 1206402, 1400529, 1403697, 1406866, 1410044, 1411409, 1700521, 1704271, 1708011, 1711751, 1800495;87, 442, 755, 93, 447, 801, 1156, 1306, 91, 487, 883, 1279, 1191;"{""total_rows"":13,""count_ok_importar"":0,""count_ok_eliminar"":0,""count_pending"":13,""count_review_action"":13,""count_other"":13}";pending_review;qa_pending_or_review_found
en GmbH;;;;pending_review;qa_pending_or_review_found;false;9;12V4000M53, 16V4000M73, 20V4000M93;1201120, 1204259, 1401103, 1404272, 1407441, 1410619, 1701236, 1704976, 1708716;154, 509, 164, 518, 872, 1227, 172, 568, 964;"{""total_rows"":9,""count_ok_importar"":0,""count_ok_eliminar"":0,""count_pending"":9,""count_review_action"":9,""count_other"":9}";pending_review;qa_pending_or_review_found
EX00008369 RX00008369;nan;nan;nan;pending_review;qa_pending_or_review_found;false;2;12V4000M70;1900342, 1902782;72, 411;"{""total_rows"":2,""count_ok_importar"":0,""count_ok_eliminar"":0,""count_pending"":2,""count_review_action"":2,""count_other"":2}";pending_review;qa_pending_or_review_found
EX59601100004;CRANKCASE 20;;;pending_review;qa_pending_or_review_found;false;4;20V4000M93;1700049, 1703794, 1707534, 1711274;24, 420, 816, 1212;"{""total_rows"":4,""count_ok_importar"":0,""count_ok_eliminar"":0,""count_pending"":4,""count_review_action"":4,""count_other"":4}";pending_review;qa_pending_or_review_found
FEMALE CONTACT FO 0165313383 BUSH HOUSING;;;;pending_review;qa_pending_or_review_found;false;3;16V4000M73;1402656, 1405825, 1409003;320, 674, 1029;"{""total_rows"":3,""count_ok_importar"":0,""count_ok_eliminar"":0,""count_pending"":3,""count_review_action"":3,""count_other"":3}";pending_review;qa_pending_or_review_found
FILTER HOUSING;;;;pending_review;qa_pending_or_review_found;false;1;20V4000M93L;1804251;1596;"{""total_rows"":1,""count_ok_importar"":0,""count_ok_eliminar"":0,""count_pending"":1,""count_review_action"":1,""count_other"":1}";pending_review;qa_pending_or_review_found
FLANGE FOR G;;;;pending_review;qa_pending_or_review_found;false;2;20V4000M93L;1801957, 1805616;1348, 1728;"{""total_rows"":2,""count_ok_importar"":0,""count_ok_eliminar"":0,""count_pending"":2,""count_review_action"":2,""count_other"":2}";pending_review;qa_pending_or_review_found
FRAME;;;;pending_review;qa_pending_or_review_found;false;1;20V4000M93L;1804250;1596;"{""total_rows"":1,""count_ok_importar"":0,""count_ok_eliminar"":0,""count_pending"":1,""count_review_action"":1,""count_other"":1}";pending_review;qa_pending_or_review_found
Friedrichshafen Gmb;H 6179;nan;;pending_review;qa_pending_or_review_found;false;2;12V4000M70;1901126, 1903568;174, 513;"{""total_rows"":2,""count_ok_importar"":0,""count_ok_eliminar"":0,""count_pending"":2,""count_review_action"":2,""count_other"":2}";pending_review;qa_pending_or_review_found
GEAR PUMP FOR OIL 20 X52418900008 1 pc 8.600 kg REPLENISHMN;;;;pending_review;qa_pending_or_review_found;false;2;20V4000M93L;1802143, 1805807;1363, 1743;"{""total_rows"":2,""count_ok_importar"":0,""count_ok_eliminar"":0,""count_pending"":2,""count_review_action"":2,""count_other"":2}";pending_review;qa_pending_or_review_found
GmbH;49619 2015-08;;;pending_review;qa_pending_or_review_found;false;6;12V4000M53, 16V4000M73;1201745, 1204884, 1402109, 1405278, 1408456, 1411635;227, 582, 266, 620, 975, 1329;"{""total_rows"":6,""count_ok_importar"":0,""count_ok_eliminar"":0,""count_pending"":6,""count_review_action"":6,""count_other"":6}";pending_review;qa_pending_or_review_found
hafen GmbH;;;;pending_review;qa_pending_or_review_found;false;7;12V4000M53, 20V4000M93, 20V4000M93L;1201781, 1204920, 1702756, 1706496, 1710236, 1802292, 1805951;231, 586, 296, 692, 1088, 1376, 1756;"{""total_rows"":7,""count_ok_importar"":0,""count_ok_eliminar"":0,""count_pending"":7,""count_review_action"":7,""count_other"":7}";pending_review;qa_pending_or_review_found
hshafen GmbH;69032;;;pending_review;qa_pending_or_review_found;false;4;16V4000M90, 20V4000M93, 20V4000M93L;1601382, 1712163, 1800888, 1804494;195, 1333, 1243, 1620;"{""total_rows"":4,""count_ok_importar"":0,""count_ok_eliminar"":0,""count_pending"":4,""count_review_action"":4,""count_other"":4}";pending_review;qa_pending_or_review_found
iedrichshafen Gm;bH;;2014-12;pending_review;qa_pending_or_review_found;false;4;12V4000M53, 20V4000M93;1200603, 1200604, 1700601, 1700602;104, 105, 107, 108;"{""total_rows"":4,""count_ok_importar"":0,""count_ok_eliminar"":0,""count_pending"":4,""count_review_action"":4,""count_other"":4}";pending_review;qa_pending_or_review_found
INJEKTOR / RADOX - 140 5275305222 WIRING HARNESS TO IN JECTOR 16V4000 M 1 PC 3.000 kg LEITUNGEN;;;;pending_review;qa_pending_or_review_found;false;1;16V4000M90;1602147;302;"{""total_rows"":1,""count_ok_importar"":0,""count_ok_eliminar"":0,""count_pending"":1,""count_review_action"":1,""count_other"":1}";pending_review;qa_pending_or_review_found
LINER EX 5241421604 CARRIER;;;5.400 kg;pending_review;qa_pending_or_review_found;false;1;16V4000M90;1601132;168;"{""total_rows"":1,""count_ok_importar"":0,""count_ok_eliminar"":0,""count_pending"":1,""count_review_action"":1,""count_other"":1}";pending_review;qa_pending_or_review_found
M14X1,5,110MM, 421 X00E50201372TEMPERATURE SENSOR PT100 ABGAS 1 pc 175,000 gEM KABEL=1M,STECKER,;;;;pending_review;qa_pending_or_review_found;false;2;12V4000M53;1202842, 1206022;338, 701;"{""total_rows"":2,""count_ok_importar"":0,""count_ok_eliminar"":0,""count_pending"":2,""count_review_action"":2,""count_other"":2}";pending_review;qa_pending_or_review_found
MALE CONNECTOR F. DATA X00E50208295;;"RJ45; 4-POL; PU";100,000 gAB;pending_review;qa_pending_or_review_found;false;2;12V4000M53;1206477, 1206482;785, 787;"{""total_rows"":2,""count_ok_importar"":0,""count_ok_eliminar"":0,""count_pending"":2,""count_review_action"":2,""count_other"":2}";pending_review;qa_pending_or_review_found
MPU29-05 MIT 85 X00E50206571/S0001PLUG-IN BOARD MPU29-05 1 PC 159.000 g URLADER;;;;pending_review;qa_pending_or_review_found;false;2;16V4000M90;1602581, 1602903;357, 421;"{""total_rows"":2,""count_ok_importar"":0,""count_ok_eliminar"":0,""count_pending"":2,""count_review_action"":2,""count_other"":2}";pending_review;qa_pending_or_review_found
MTU Friedric;hshafen Gmb;age: 276 /;;pending_review;qa_pending_or_review_found;false;7;12V4000M53, 16V4000M73, 16V4000M90;1202939, 1206099, 1403106, 1406275, 1409453, 1412656, 1602202;345, 708, 355, 709, 1064, 1418, 306;"{""total_rows"":7,""count_ok_importar"":0,""count_ok_eliminar"":0,""count_pending"":7,""count_review_action"":7,""count_other"":7}";pending_review;qa_pending_or_review_found
MTU Friedrichshafe;;1047 / 4;;pending_review;qa_pending_or_review_found;false;1;16V4000M73;1411793;1336;"{""total_rows"":1,""count_ok_importar"":0,""count_ok_eliminar"":0,""count_pending"":1,""count_review_action"":1,""count_other"":1}";pending_review;qa_pending_or_review_found
nan;CLAMP HALF TUBE;nan;1,700 g;pending_review;qa_pending_or_review_found;false;228;12V4000M70;1900287, 1900288, 1900289, 1900290, 1900291, 1900292, 1900293, 1900294, 1900295, 1900296, 1900297, 1900298, 1900299, 1901500, 1901501, 1901502, 1901503, 1901504, 1901505, 1901785, 1901786, 1901787, 1901788, 1901789, 1901790, 1901791, 1901792, 1901793, 1901794, 1901795, 1901796, 1901797, 1901798, 1901799, 1901800, 1901801, 1901802, 1901803, 1901804, 1901805, 1901806, 1901807, 1901808, 1901809, 1901810, 1901811, 1901812, 1901813, 1901814, 1901815, 1901816, 1901817, 1901818, 1901819, 1901820, 1901821, 1901822, 1901823, 1901824, 1901825, 1901826, 1901827, 1901828, 1901829, 1901830, 1901831, 1901832, 1901833, 1901834, 1901835, 1901836, 1901837, 1901838, 1901839, 1901840, 1901841, 1901842, 1901843, 1901844, 1901845, 1901846, 1901847, 1901848, 1901849, 1901850, 1901851, 1901852, 1901853, 1901854, 1901855, 1901856, 1901857, 1901858, 1901859, 1901860, 1901861, 1901862, 1901863, 1901864, 1901865, 1901866, 1901867, 1901868, 1901869, 1901870, 1901871, 1901872, 1901873, 1901874, 1901875, 1902241, 1902430, 1902727, 1902728, 1902729, 1902730, 1902731, 1902732, 1902733, 1902734, 1902735, 1902736, 1902737, 1902738, 1902739, 1903887, 1903888, 1903889, 1903890, 1903891, 1903892, 1904172, 1904173, 1904174, 1904175, 1904176, 1904177, 1904178, 1904179, 1904180, 1904181, 1904182, 1904183, 1904184, 1904185, 1904186, 1904187, 1904188, 1904189, 1904190, 1904191, 1904192, 1904193, 1904194, 1904195, 1904196, 1904197, 1904198, 1904199, 1904200, 1904201, 1904202, 1904203, 1904204, 1904205, 1904206, 1904207, 1904208, 1904209, 1904210, 1904211, 1904212, 1904213, 1904214, 1904215, 1904216, 1904217, 1904218, 1904219, 1904220, 1904221, 1904222, 1904223, 1904224, 1904225, 1904226, 1904227, 1904228, 1904229, 1904230, 1904231, 1904232, 1904233, 1904234, 1904235, 1904236, 1904237, 1904238, 1904239, 1904240, 1904241, 1904242, 1904243, 1904244, 1904245, 1904246, 1904247, 1904248, 1904249, 1904250, 1904251, 1904252, 1904253, 1904254, 1904255, 1904256, 1904257, 1904258, 1904259, 1904260, 1904261, 1904262, 1904628, 1904817, 1904917, 1905009, 1905218, 1905342;63, 220, 253, 254, 317, 345, 402, 557, 590, 591, 654, 682, 714, 737, 784, 800;"{""total_rows"":228,""count_ok_importar"":0,""count_ok_eliminar"":0,""count_pending"":228,""count_review_action"":228,""count_other"":228}";pending_review;qa_pending_or_review_found
"OIL PRELUBE PMP 3 PHASE 26 IN(A)=3,4/1,95; 3~ 230/400V 50/60HZ 15 0011809501 1 pc 18.000 kg P L/MIN 50/60 IA(A)=14,3/8,2 P(KW)0,75";;;;pending_review;qa_pending_or_review_found;false;2;20V4000M93L;1801869, 1805528;1337, 1717;"{""total_rows"":2,""count_ok_importar"":0,""count_ok_eliminar"":0,""count_pending"":2,""count_review_action"":2,""count_other"":2}";pending_review;qa_pending_or_review_found
"OIL PRELUBE PMP 3 PHASE 26 L/MIN IN(A)=3,4/1,95; 3~ 230/400V 50/60HZ 15 0011809501 1 PC 18.000 kg P 50/60 IA(A)=14,3/8,2 P(KW)0,75";;;;pending_review;qa_pending_or_review_found;false;1;16V4000M90;1601222;180;"{""total_rows"":1,""count_ok_importar"":0,""count_ok_eliminar"":0,""count_pending"":1,""count_review_action"":1,""count_other"":1}";pending_review;qa_pending_or_review_found
ON-ENGINE SEN WIRING HARNE X00E50700740;;;4.125 kg;pending_review;qa_pending_or_review_found;false;4;16V4000M73;1402618, 1405787, 1408965, 1412168;319, 673, 1028, 1382;"{""total_rows"":4,""count_ok_importar"":0,""count_ok_eliminar"":0,""count_pending"":4,""count_review_action"":4,""count_other"":4}";pending_review;qa_pending_or_review_found
PIPE;;WELLROHR NW10;23,000 g;pending_review;qa_pending_or_review_found;false;2;12V4000M53;1202745, 1205905;331, 694;"{""total_rows"":2,""count_ok_importar"":0,""count_ok_eliminar"":0,""count_pending"":2,""count_review_action"":2,""count_other"":2}";pending_review;qa_pending_or_review_found
PLATE;PLATE;;;pending_review;qa_pending_or_review_found;false;1;12V4000M53;1206410;762;"{""total_rows"":1,""count_ok_importar"":0,""count_ok_eliminar"":0,""count_pending"":1,""count_review_action"":1,""count_other"":1}";pending_review;qa_pending_or_review_found
PLUG-IN BOARD LOWER 150 B00E50200605/S0001 CIB 5-01 1 pc 1,715 kg PART;;;;pending_review;qa_pending_or_review_found;false;2;12V4000M53;1203130, 1206299;362, 725;"{""total_rows"":2,""count_ok_importar"":0,""count_ok_eliminar"":0,""count_pending"":2,""count_review_action"":2,""count_other"":2}";pending_review;qa_pending_or_review_found
PLUG-IN BOARD LOWER 150 B00E50200605/S0001 CIB 5-01 1 pc 1.715 kg PART;;;;pending_review;qa_pending_or_review_found;false;4;20V4000M93;1703697, 1707445, 1711185, 1714902;397, 793, 1189, 1585;"{""total_rows"":4,""count_ok_importar"":0,""count_ok_eliminar"":0,""count_pending"":4,""count_review_action"":4,""count_other"":4}";pending_review;qa_pending_or_review_found
PROGRAMMING CONNECTR FOR 225 5275303737 PIM4 1 PC 5.000 g MONITOR SYSTEM;;;;pending_review;qa_pending_or_review_found;false;2;16V4000M90;1602583, 1602904;357, 421;"{""total_rows"":2,""count_ok_importar"":0,""count_ok_eliminar"":0,""count_pending"":2,""count_review_action"":2,""count_other"":2}";pending_review;qa_pending_or_review_found
PROGRAMMING CONNECTR FOR 340 X00036282 PIM4-03 1 PC 5.800 g MONITOR SYSTEM;;;;pending_review;qa_pending_or_review_found;false;2;16V4000M90;1602592, 1602906;358, 421;"{""total_rows"":2,""count_ok_importar"":0,""count_ok_eliminar"":0,""count_pending"":2,""count_review_action"":2,""count_other"":2}";pending_review;qa_pending_or_review_found
richshafen GmbH;69262 2015-;;;pending_review;qa_pending_or_review_found;false;3;20V4000M93;1704023, 1707763, 1711503;439, 835, 1231;"{""total_rows"":3,""count_ok_importar"":0,""count_ok_eliminar"":0,""count_pending"":3,""count_review_action"":3,""count_other"":3}";pending_review;qa_pending_or_review_found
RIVET;RIVET;;;pending_review;qa_pending_or_review_found;false;1;12V4000M40A;1102435;388;"{""total_rows"":1,""count_ok_importar"":0,""count_ok_eliminar"":0,""count_pending"":1,""count_review_action"":1,""count_other"":1}";pending_review;qa_pending_or_review_found
SWITCH E-STOP 45MM 635H22706/2;;;;pending_review;qa_pending_or_review_found;false;3;20V4000M93;1703075, 1706815, 1710555;343, 739, 1135;"{""total_rows"":3,""count_ok_importar"":0,""count_ok_eliminar"":0,""count_pending"":3,""count_review_action"":3,""count_other"":3}";pending_review;qa_pending_or_review_found
SWITCH E-STOP 45MM W/ 701 635H22706/2 1 pc 148,900 g SELF MONITORING CO;;;;pending_review;qa_pending_or_review_found;false;2;12V4000M53;1202841, 1206021;338, 701;"{""total_rows"":2,""count_ok_importar"":0,""count_ok_eliminar"":0,""count_pending"":2,""count_review_action"":2,""count_other"":2}";pending_review;qa_pending_or_review_found
SWITCH E-STOP 635H22706/2;;;148.900 g;pending_review;qa_pending_or_review_found;false;1;20V4000M93;1714298;1531;"{""total_rows"":1,""count_ok_importar"":0,""count_ok_eliminar"":0,""count_pending"":1,""count_review_action"":1,""count_other"":1}";pending_review;qa_pending_or_review_found
TERMINAL BOX MECHANICAL;TERMINAL BOX MECHANICAL;;;pending_review;qa_pending_or_review_found;false;1;12V4000M53;1206406;762;"{""total_rows"":1,""count_ok_importar"":0,""count_ok_eliminar"":0,""count_pending"":1,""count_review_action"":1,""count_other"":1}";pending_review;qa_pending_or_review_found
TU Friedric;hshafen Gmb;ge: 50 /;;pending_review;qa_pending_or_review_found;false;1;16V4000M90;1600317;60;"{""total_rows"":1,""count_ok_importar"":0,""count_ok_eliminar"":0,""count_pending"":1,""count_review_action"":1,""count_other"":1}";pending_review;qa_pending_or_review_found
TU Friedrich;shafen Gmb;e: 131 / 1;;pending_review;qa_pending_or_review_found;false;8;16V4000M73, 16V4000M90, 20V4000M93, 20V4000M93L;1403196, 1406365, 1409543, 1601060, 1703824, 1707564, 1711304, 1800079;378, 732, 1087, 162, 425, 821, 1217, 1131;"{""total_rows"":8,""count_ok_importar"":0,""count_ok_eliminar"":0,""count_pending"":8,""count_review_action"":8,""count_other"":8}";pending_review;qa_pending_or_review_found
TU Friedrichshafen;;1016 /;;pending_review;qa_pending_or_review_found;false;3;20V4000M93;1712171, 1712231, 1712291;1335, 1338, 1341;"{""total_rows"":3,""count_ok_importar"":0,""count_ok_eliminar"":0,""count_pending"":3,""count_review_action"":3,""count_other"":3}";pending_review;qa_pending_or_review_found
TU Friedrichshafen G;;1111 / 2;15-07;pending_review;qa_pending_or_review_found;false;4;20V4000M93L;1802005, 1802166, 1805664, 1805825;1349, 1364, 1729, 1744;"{""total_rows"":4,""count_ok_importar"":0,""count_ok_eliminar"":0,""count_pending"":4,""count_review_action"":4,""count_other"":4}";pending_review;qa_pending_or_review_found
TU Friedrichshafen Gmb;;/ 1;8;pending_review;qa_pending_or_review_found;false;5;16V4000M73, 20V4000M93, 20V4000M93L;1412171, 1412190, 1712101, 1803328, 1807010;1382, 1383, 1328, 1466, 1850;"{""total_rows"":5,""count_ok_importar"":0,""count_ok_eliminar"":0,""count_pending"":5,""count_review_action"":5,""count_other"":5}";pending_review;qa_pending_or_review_found
TU Friedrichshafen GmbH;;1088 /;;pending_review;qa_pending_or_review_found;false;5;20V4000M93, 20V4000M93L;1712148, 1801871, 1801958, 1805530, 1805617;1329, 1337, 1348, 1717, 1728;"{""total_rows"":5,""count_ok_importar"":0,""count_ok_eliminar"":0,""count_pending"":5,""count_review_action"":5,""count_other"":5}";pending_review;qa_pending_or_review_found
U Friedrichshafen Gm;bH Busines;;;pending_review;qa_pending_or_review_found;false;1;16V4000M73L;1508488;1236;"{""total_rows"":1,""count_ok_importar"":0,""count_ok_eliminar"":0,""count_pending"":1,""count_review_action"":1,""count_other"":1}";pending_review;qa_pending_or_review_found
WASHER A 007603033100;;;4.600 g;pending_review;qa_pending_or_review_found;false;3;16V4000M73;1401671, 1404840, 1408018;222, 576, 931;"{""total_rows"":3,""count_ok_importar"":0,""count_ok_eliminar"":0,""count_pending"":3,""count_review_action"":3,""count_other"":3}";pending_review;qa_pending_or_review_found
WELDING-NECK FLANGE;;;;pending_review;qa_pending_or_review_found;false;1;20V4000M93L;1804243;1596;"{""total_rows"":1,""count_ok_importar"":0,""count_ok_eliminar"":0,""count_pending"":1,""count_review_action"":1,""count_other"":1}";pending_review;qa_pending_or_review_found
WIRING HARNE X00E50700386 ON-ENGINE SEN;;;;pending_review;qa_pending_or_review_found;false;2;20V4000M93L;1803326, 1807008;1466, 1850;"{""total_rows"":2,""count_ok_importar"":0,""count_ok_eliminar"":0,""count_pending"":2,""count_review_action"":2,""count_other"":2}";pending_review;qa_pending_or_review_found
WIRING HARNE X00E50700428;;;;pending_review;qa_pending_or_review_found;false;4;16V4000M73;1402638, 1405807, 1408985, 1412189;319, 673, 1028, 1382;"{""total_rows"":4,""count_ok_importar"":0,""count_ok_eliminar"":0,""count_pending"":4,""count_review_action"":4,""count_other"":4}";pending_review;qa_pending_or_review_found
WIRING HARNE X00E50700781 ON-ENGINE SEN;;;4.945 kg;pending_review;qa_pending_or_review_found;false;1;20V4000M93;1714249;1530;"{""total_rows"":1,""count_ok_importar"":0,""count_ok_eliminar"":0,""count_pending"":1,""count_review_action"":1,""count_other"":1}";pending_review;qa_pending_or_review_found
WIRING HARNESS FOR 120 X00E50700628 12V4000M23-M63 1 pc 4,130 kg ECU7 X2 ON-ENGINE SENSO;;;;pending_review;qa_pending_or_review_found;false;2;12V4000M53;1202845, 1206025;338, 701;"{""total_rows"":2,""count_ok_importar"":0,""count_ok_eliminar"":0,""count_pending"":2,""count_review_action"":2,""count_other"":2}";pending_review;qa_pending_or_review_found
WIRING HARNESS FOR 140 X00E50700444 12V4000M23-M63 1 pc 2,405 kg EMU7 X12 M.EA ON-ENGINE SENSO;;;;pending_review;qa_pending_or_review_found;false;2;12V4000M53;1202844, 1206024;338, 701;"{""total_rows"":2,""count_ok_importar"":0,""count_ok_eliminar"":0,""count_pending"":2,""count_review_action"":2,""count_other"":2}";pending_review;qa_pending_or_review_found
WIRING HARNESS FOR ON-ENGINE 175 5275302925 S4000 M 1 PC 480.000 g SENSO;;;;pending_review;qa_pending_or_review_found;false;1;16V4000M90;1602146;302;"{""total_rows"":1,""count_ok_importar"":0,""count_ok_eliminar"":0,""count_pending"":1,""count_review_action"":1,""count_other"":1}";pending_review;qa_pending_or_review_found
WIRING HARNESS TO 90 X00E50700435 12V4000M23-M63 1 pc 1,925 kg ECU7 X4 INJECTOR;;;;pending_review;qa_pending_or_review_found;false;2;12V4000M53;1202843, 1206023;338, 701;"{""total_rows"":2,""count_ok_importar"":0,""count_ok_eliminar"":0,""count_pending"":2,""count_review_action"":2,""count_other"":2}";pending_review;qa_pending_or_review_found
X00E50200124CONNECTOR HOUSING;;CODE C KONTAKTVERR. 4-POL.;0,010 kg;pending_review;qa_pending_or_review_found;false;1;12V4000M53;1206467;781;"{""total_rows"":1,""count_ok_importar"":0,""count_ok_eliminar"":0,""count_pending"":1,""count_review_action"":1,""count_other"":1}";pending_review;qa_pending_or_review_found
X00E50200309PIN CONTACT;;;0,500 g;pending_review;qa_pending_or_review_found;false;2;12V4000M53;1202768, 1205928;331, 694;"{""total_rows"":2,""count_ok_importar"":0,""count_ok_eliminar"":0,""count_pending"":2,""count_review_action"":2,""count_other"":2}";pending_review;qa_pending_or_review_found
X00E50200311FEMALE CONNE;;7POL. CODE 1 0 5-1 0 MM² D=2 5M;14,000 g;pending_review;qa_pending_or_review_found;false;2;12V4000M53;1202759, 1205919;331, 694;"{""total_rows"":2,""count_ok_importar"":0,""count_ok_eliminar"":0,""count_pending"":2,""count_review_action"":2,""count_other"":2}";pending_review;qa_pending_or_review_found
X00E50200336SEPARABLE C;;90GRD;87.400 g;pending_review;qa_pending_or_review_found;false;6;12V4000M53, 20V4000M93;1202804, 1205964, 1703303, 1707043, 1710783, 1714524;332, 695, 357, 753, 1149, 1545;"{""total_rows"":6,""count_ok_importar"":0,""count_ok_eliminar"":0,""count_pending"":6,""count_review_action"":6,""count_other"":6}";pending_review;qa_pending_or_review_found
X00E50200337SEPARABLE C;;62POL / NW26;13.000 g;pending_review;qa_pending_or_review_found;false;6;12V4000M53, 20V4000M93;1202810, 1205970, 1703310, 1707050, 1710790, 1714531;332, 695, 357, 753, 1149, 1545;"{""total_rows"":6,""count_ok_importar"":0,""count_ok_eliminar"":0,""count_pending"":6,""count_review_action"":6,""count_other"":6}";pending_review;qa_pending_or_review_found
X00E50200606;PRESSURE SEN;;112 G;pending_review;qa_pending_or_review_found;false;4;16V4000M73L;1502298, 1505335, 1507828, 1510318;337, 799, 1142, 1477;"{""total_rows"":4,""count_ok_importar"":0,""count_ok_eliminar"":0,""count_pending"":4,""count_review_action"":4,""count_other"":4}";pending_review;qa_pending_or_review_found
X00E50200606PRESSURE SEN;;;92.700 g;pending_review;qa_pending_or_review_found;false;2;20V4000M93L;1803330, 1807012;1466, 1850;"{""total_rows"":2,""count_ok_importar"":0,""count_ok_eliminar"":0,""count_pending"":2,""count_review_action"":2,""count_other"":2}";pending_review;qa_pending_or_review_found
X00E50200860 X00E50200861;SINGLE CONDUCTOR SINGLE CONDUCTOR;FEINDRÄHTIG 1X1,5QMM / BK /;10.000 g 10.000 g;pending_review;qa_pending_or_review_found;false;4;20V4000M93;1703252, 1706992, 1710732, 1714473;356, 752, 1148, 1544;"{""total_rows"":4,""count_ok_importar"":0,""count_ok_eliminar"":0,""count_pending"":4,""count_review_action"":4,""count_other"":4}";pending_review;qa_pending_or_review_found
X00E50200860SINGLE C;;;;pending_review;qa_pending_or_review_found;false;4;20V4000M93;1703251, 1706991, 1710731, 1714472;356, 752, 1148, 1544;"{""total_rows"":4,""count_ok_importar"":0,""count_ok_eliminar"":0,""count_pending"":4,""count_review_action"":4,""count_other"":4}";pending_review;qa_pending_or_review_found
X00E50200860SINGLE CONDUC;;1X1,5QMM / RD / FEIN;;pending_review;qa_pending_or_review_found;false;2;12V4000M53;1202751, 1205911;331, 694;"{""total_rows"":2,""count_ok_importar"":0,""count_ok_eliminar"":0,""count_pending"":2,""count_review_action"":2,""count_other"":2}";pending_review;qa_pending_or_review_found
X00E50200861SINGLE C;;;;pending_review;qa_pending_or_review_found;false;4;20V4000M93;1703253, 1706993, 1710733, 1714474;356, 752, 1148, 1544;"{""total_rows"":4,""count_ok_importar"":0,""count_ok_eliminar"":0,""count_pending"":4,""count_review_action"":4,""count_other"":4}";pending_review;qa_pending_or_review_found
X00E50200861SINGLE CONDUC;;1X1,5QMM / BK / FEIN;;pending_review;qa_pending_or_review_found;false;2;12V4000M53;1202752, 1205912;331, 694;"{""total_rows"":2,""count_ok_importar"":0,""count_ok_eliminar"":0,""count_pending"":2,""count_review_action"":2,""count_other"":2}";pending_review;qa_pending_or_review_found
X00E50201022 GOVERNO;;;;pending_review;qa_pending_or_review_found;false;2;20V4000M93L;1803545, 1807227;1480, 1864;"{""total_rows"":2,""count_ok_importar"":0,""count_ok_eliminar"":0,""count_pending"":2,""count_review_action"":2,""count_other"":2}";pending_review;qa_pending_or_review_found
X00E50201023FOIL FOR SCREEN;;;;pending_review;qa_pending_or_review_found;false;1;16V4000M90;1602840;406;"{""total_rows"":1,""count_ok_importar"":0,""count_ok_eliminar"":0,""count_pending"":1,""count_review_action"":1,""count_other"":1}";pending_review;qa_pending_or_review_found
X00E50201047GROUND/EARTH LI;;;;pending_review;qa_pending_or_review_found;false;1;20V4000M93;1714553;1555;"{""total_rows"":1,""count_ok_importar"":0,""count_ok_eliminar"":0,""count_pending"":1,""count_review_action"":1,""count_other"":1}";pending_review;qa_pending_or_review_found
X00E50201047GROUND/EARTH LIN;;;;pending_review;qa_pending_or_review_found;false;3;20V4000M93;1703333, 1707073, 1710813;367, 763, 1159;"{""total_rows"":3,""count_ok_importar"":0,""count_ok_eliminar"":0,""count_pending"":3,""count_review_action"":3,""count_other"":3}";pending_review;qa_pending_or_review_found
X00E50201048GROUND/EARTH LIN;;;;pending_review;qa_pending_or_review_found;false;2;12V4000M53;1202429, 1205589;304, 667;"{""total_rows"":2,""count_ok_importar"":0,""count_ok_eliminar"":0,""count_pending"":2,""count_review_action"":2,""count_other"":2}";pending_review;qa_pending_or_review_found
X00E50201370TEMPERATURE;;;197.100 g;pending_review;qa_pending_or_review_found;false;12;12V4000M53, 16V4000M73, 20V4000M93, 20V4000M93L;1202862, 1206017, 1402631, 1405800, 1408978, 1412182, 1703045, 1706785, 1710525, 1714273, 1803340, 1807022;338, 701, 319, 673, 1028, 1382, 342, 738, 1134, 1530, 1466, 1850;"{""total_rows"":12,""count_ok_importar"":0,""count_ok_eliminar"":0,""count_pending"":12,""count_review_action"":12,""count_other"":12}";pending_review;qa_pending_or_review_found
X00E50201372TEMPERATURE;;;175.000 g;pending_review;qa_pending_or_review_found;false;15;12V4000M53, 16V4000M73, 20V4000M93, 20V4000M93L;1202856, 1206011, 1402629, 1405798, 1408976, 1412180, 1703037, 1706777, 1710517, 1714262, 1714263, 1714265, 1714266, 1803337, 1807019;338, 701, 319, 673, 1028, 1382, 342, 738, 1134, 1530, 1466, 1850;"{""total_rows"":15,""count_ok_importar"":0,""count_ok_eliminar"":0,""count_pending"":15,""count_review_action"":15,""count_other"":15}";pending_review;qa_pending_or_review_found
X00E50201372TEMPERATURE 0005356430 TEMPERATURE;;;175.000 g 50.000 g;pending_review;qa_pending_or_review_found;false;4;20V4000M93;1703040, 1706780, 1710520, 1714267;342, 738, 1134, 1530;"{""total_rows"":4,""count_ok_importar"":0,""count_ok_eliminar"":0,""count_pending"":4,""count_review_action"":4,""count_other"":4}";pending_review;qa_pending_or_review_found
X00E50201372TEMPERATURE SE;;;;pending_review;qa_pending_or_review_found;false;5;12V4000M53, 20V4000M93;1202855, 1206010, 1703038, 1706778, 1710518;338, 701, 342, 738, 1134;"{""total_rows"":5,""count_ok_importar"":0,""count_ok_eliminar"":0,""count_pending"":5,""count_review_action"":5,""count_other"":5}";pending_review;qa_pending_or_review_found
X00E50201372TEMPERATURE SENSOR;;;175.000 g;pending_review;qa_pending_or_review_found;false;1;16V4000M90;1602162;303;"{""total_rows"":1,""count_ok_importar"":0,""count_ok_eliminar"":0,""count_pending"":1,""count_review_action"":1,""count_other"":1}";pending_review;qa_pending_or_review_found
X00E50201372TEMPERATURE X00E50201372TEMPERATURE;;;175.000 g 175.000 g;pending_review;qa_pending_or_review_found;false;4;20V4000M93;1703039, 1706779, 1710519, 1714264;342, 738, 1134, 1530;"{""total_rows"":4,""count_ok_importar"":0,""count_ok_eliminar"":0,""count_pending"":4,""count_review_action"":4,""count_other"":4}";pending_review;qa_pending_or_review_found
X00E50201863SPACER;;;5,800 g;pending_review;qa_pending_or_review_found;false;1;12V4000M53;1206685;827;"{""total_rows"":1,""count_ok_importar"":0,""count_ok_eliminar"":0,""count_pending"":1,""count_review_action"":1,""count_other"":1}";pending_review;qa_pending_or_review_found
X00E50201864SPACER;;;1,000 g;pending_review;qa_pending_or_review_found;false;1;12V4000M53;1206686;827;"{""total_rows"":1,""count_ok_importar"":0,""count_ok_eliminar"":0,""count_pending"":1,""count_review_action"":1,""count_other"":1}";pending_review;qa_pending_or_review_found
X00E50202542INTEGRATED CIRCUIT;;"DIL-128; RECHNER KOMPLETT;";0.400 g AB;pending_review;qa_pending_or_review_found;false;1;16V4000M90;1602677;384;"{""total_rows"":1,""count_ok_importar"":0,""count_ok_eliminar"":0,""count_pending"":1,""count_review_action"":1,""count_other"":1}";pending_review;qa_pending_or_review_found
X00E50202551BRANCH F. WIRI;;T-TYP / NW26-17-26 /;;pending_review;qa_pending_or_review_found;false;2;12V4000M53;1202782, 1205942;331, 694;"{""total_rows"":2,""count_ok_importar"":0,""count_ok_eliminar"":0,""count_pending"":2,""count_review_action"":2,""count_other"":2}";pending_review;qa_pending_or_review_found
X00E50202782MALE CRIMP;;12-POL.;;pending_review;qa_pending_or_review_found;false;1;12V4000M53;1206459;778;"{""total_rows"":1,""count_ok_importar"":0,""count_ok_eliminar"":0,""count_pending"":1,""count_review_action"":1,""count_other"":1}";pending_review;qa_pending_or_review_found
X00E50203036LED YELLOW;;D=5MM,L=9MM,LEUCHTFARBE=GELB,;0.200 g;pending_review;qa_pending_or_review_found;false;1;16V4000M90;1602675;384;"{""total_rows"":1,""count_ok_importar"":0,""count_ok_eliminar"":0,""count_pending"":1,""count_review_action"":1,""count_other"":1}";pending_review;qa_pending_or_review_found
X00E50203659LEVEL MONITOR;;;86.600 g;pending_review;qa_pending_or_review_found;false;6;12V4000M53, 16V4000M73;1202871, 1206031, 1402641, 1405810, 1408988, 1412193;338, 701, 320, 674, 1029, 1383;"{""total_rows"":6,""count_ok_importar"":0,""count_ok_eliminar"":0,""count_pending"":6,""count_review_action"":6,""count_other"":6}";pending_review;qa_pending_or_review_found
X00E50203667LEVEL MONITOR;;;97.000 g;pending_review;qa_pending_or_review_found;false;12;12V4000M53, 16V4000M73, 20V4000M93, 20V4000M93L;1202873, 1206033, 1402643, 1405812, 1408990, 1412195, 1703057, 1706797, 1710537, 1714285, 1803344, 1807026;338, 701, 320, 674, 1029, 1383, 342, 738, 1134, 1530, 1466, 1850;"{""total_rows"":12,""count_ok_importar"":0,""count_ok_eliminar"":0,""count_pending"":12,""count_review_action"":12,""count_other"":12}";pending_review;qa_pending_or_review_found
X00E50203785TEMPERATURE;;;220.000 g;pending_review;qa_pending_or_review_found;false;13;16V4000M73, 20V4000M93, 20V4000M93L;1412205, 1714308, 1714309, 1714310, 1714311, 1714312, 1714313, 1714314, 1714315, 1714316, 1714317, 1803352, 1807034;1383, 1531, 1466, 1850;"{""total_rows"":13,""count_ok_importar"":0,""count_ok_eliminar"":0,""count_pending"":13,""count_review_action"":13,""count_other"":13}";pending_review;qa_pending_or_review_found
X00E50203785TEMPERATURE SENS;;;;pending_review;qa_pending_or_review_found;false;33;16V4000M73, 20V4000M93;1402653, 1405822, 1409000, 1703085, 1703086, 1703087, 1703088, 1703089, 1703090, 1703091, 1703092, 1703093, 1703094, 1706825, 1706826, 1706827, 1706828, 1706829, 1706830, 1706831, 1706832, 1706833, 1706834, 1710565, 1710566, 1710567, 1710568, 1710569, 1710570, 1710571, 1710572, 1710573, 1710574;320, 674, 1029, 343, 739, 1135;"{""total_rows"":33,""count_ok_importar"":0,""count_ok_eliminar"":0,""count_pending"":33,""count_review_action"":33,""count_other"":33}";pending_review;qa_pending_or_review_found
X00E50203786TEMPERATURE;;;152.000 g;pending_review;qa_pending_or_review_found;false;4;16V4000M73, 20V4000M93, 20V4000M93L;1412204, 1714307, 1803351, 1807033;1383, 1531, 1466, 1850;"{""total_rows"":4,""count_ok_importar"":0,""count_ok_eliminar"":0,""count_pending"":4,""count_review_action"":4,""count_other"":4}";pending_review;qa_pending_or_review_found
X00E50203786TEMPERATURE SENS;;;;pending_review;qa_pending_or_review_found;false;6;16V4000M73, 20V4000M93;1402652, 1405821, 1408999, 1703084, 1706824, 1710564;320, 674, 1029, 343, 739, 1135;"{""total_rows"":6,""count_ok_importar"":0,""count_ok_eliminar"":0,""count_pending"":6,""count_review_action"":6,""count_other"":6}";pending_review;qa_pending_or_review_found
X00E50203856CABLE F. DATA TRANSM;;"CAT5E; 2X2XAW";68,000 g AB;pending_review;qa_pending_or_review_found;false;2;12V4000M53;1206476, 1206481;785, 787;"{""total_rows"":2,""count_ok_importar"":0,""count_ok_eliminar"":0,""count_pending"":2,""count_review_action"":2,""count_other"":2}";pending_review;qa_pending_or_review_found
X00E50203856CABLE F. DATA TRANSM MALE CONNECTOR F. DATA;;"CAT5E; 2X2XAW GN";68,000 g AB;pending_review;qa_pending_or_review_found;false;3;12V4000M53;1206485, 1206490, 1206497;789, 791, 795;"{""total_rows"":3,""count_ok_importar"":0,""count_ok_eliminar"":0,""count_pending"":3,""count_review_action"":3,""count_other"":3}";pending_review;qa_pending_or_review_found
X00E50205157;HOUSING FOR GE;250X270X184/RAL9003;2,990 KG;pending_review;qa_pending_or_review_found;false;1;16V4000M61;1302449;393;"{""total_rows"":1,""count_ok_importar"":0,""count_ok_eliminar"":0,""count_pending"":1,""count_review_action"":1,""count_other"":1}";pending_review;qa_pending_or_review_found
X00E50205163;HOUSING FOR CONTR;360X270X160 RAL 9003 GLAT;;pending_review;qa_pending_or_review_found;false;1;16V4000M61;1301914;328;"{""total_rows"":1,""count_ok_importar"":0,""count_ok_eliminar"":0,""count_pending"":1,""count_review_action"":1,""count_other"":1}";pending_review;qa_pending_or_review_found
X00E50205261 GOVERNOR ECU 7-05;;;;pending_review;qa_pending_or_review_found;false;3;16V4000M73;1403154, 1406323, 1409501;361, 715, 1070;"{""total_rows"":3,""count_ok_importar"":0,""count_ok_eliminar"":0,""count_pending"":3,""count_review_action"":3,""count_other"":3}";pending_review;qa_pending_or_review_found
X00E50205261/76GOVERNOR NOT ADJUSTED;;;;pending_review;qa_pending_or_review_found;false;4;16V4000M73;1403170, 1406339, 1409517, 1412719;363, 717, 1072, 1426;"{""total_rows"":4,""count_ok_importar"":0,""count_ok_eliminar"":0,""count_pending"":4,""count_review_action"":4,""count_other"":4}";pending_review;qa_pending_or_review_found
X00E50205261/77GOVERNOR ADJUSTED;;;;pending_review;qa_pending_or_review_found;false;4;16V4000M73;1403171, 1406340, 1409518, 1412720;363, 717, 1072, 1426;"{""total_rows"":4,""count_ok_importar"":0,""count_ok_eliminar"":0,""count_pending"":4,""count_review_action"":4,""count_other"":4}";pending_review;qa_pending_or_review_found
X00E50205335BRANCH FOR CA;;T-TYP / NW26-26-10 /;;pending_review;qa_pending_or_review_found;false;2;12V4000M53;1202781, 1205941;331, 694;"{""total_rows"":2,""count_ok_importar"":0,""count_ok_eliminar"":0,""count_pending"":2,""count_review_action"":2,""count_other"":2}";pending_review;qa_pending_or_review_found
X00E50205963MALE;;CODE B KONTAKTVERR. FÜR BUCHS;14,000 g;pending_review;qa_pending_or_review_found;false;1;12V4000M53;1206458;778;"{""total_rows"":1,""count_ok_importar"":0,""count_ok_eliminar"":0,""count_pending"":1,""count_review_action"":1,""count_other"":1}";pending_review;qa_pending_or_review_found
X00E50206373FUSE HO;;;24,300 g;pending_review;qa_pending_or_review_found;false;2;12V4000M53;1202733, 1205893;329, 692;"{""total_rows"":2,""count_ok_importar"":0,""count_ok_eliminar"":0,""count_pending"":2,""count_review_action"":2,""count_other"":2}";pending_review;qa_pending_or_review_found
X00E50206373FUSE HO X00E50206374FUSE;;;24,300 g 1,100 g;pending_review;qa_pending_or_review_found;false;2;12V4000M53;1202734, 1205894;329, 692;"{""total_rows"":2,""count_ok_importar"":0,""count_ok_eliminar"":0,""count_pending"":2,""count_review_action"":2,""count_other"":2}";pending_review;qa_pending_or_review_found
X00E50206374FUSE;;;1,100 g;pending_review;qa_pending_or_review_found;false;2;12V4000M53;1202735, 1205895;329, 692;"{""total_rows"":2,""count_ok_importar"":0,""count_ok_eliminar"":0,""count_pending"":2,""count_review_action"":2,""count_other"":2}";pending_review;qa_pending_or_review_found
X00E50206571/S0001PLUG-IN;;;159.000 g;pending_review;qa_pending_or_review_found;false;1;16V4000M90;1602502;336;"{""total_rows"":1,""count_ok_importar"":0,""count_ok_eliminar"":0,""count_pending"":1,""count_review_action"":1,""count_other"":1}";pending_review;qa_pending_or_review_found
X00E50207196PRESSURE SEN;;;104.100 g;pending_review;qa_pending_or_review_found;false;12;16V4000M73, 20V4000M93;1402624, 1405793, 1408971, 1412175, 1703029, 1703032, 1706769, 1706772, 1710509, 1710512, 1714254, 1714257;319, 673, 1028, 1382, 342, 738, 1134, 1530;"{""total_rows"":12,""count_ok_importar"":0,""count_ok_eliminar"":0,""count_pending"":12,""count_review_action"":12,""count_other"":12}";pending_review;qa_pending_or_review_found
X00E50207201PRESSURE SEN;;;;pending_review;qa_pending_or_review_found;false;4;12V4000M53;1202847, 1202848, 1206002, 1206003;338, 701;"{""total_rows"":4,""count_ok_importar"":0,""count_ok_eliminar"":0,""count_pending"":4,""count_review_action"":4,""count_other"":4}";pending_review;qa_pending_or_review_found
X00E50207217PRESSURE SEN;;;156.000 g;pending_review;qa_pending_or_review_found;false;10;12V4000M53, 16V4000M73, 20V4000M93;1202852, 1206007, 1402627, 1405796, 1408974, 1412178, 1703035, 1706775, 1710515, 1714260;338, 701, 319, 673, 1028, 1382, 342, 738, 1134, 1530;"{""total_rows"":10,""count_ok_importar"":0,""count_ok_eliminar"":0,""count_pending"":10,""count_review_action"":10,""count_other"":10}";pending_review;qa_pending_or_review_found
X00E50207306GROUND STRAP;;;17,600 g;pending_review;qa_pending_or_review_found;false;1;12V4000M53;1206658;826;"{""total_rows"":1,""count_ok_importar"":0,""count_ok_eliminar"":0,""count_pending"":1,""count_review_action"":1,""count_other"":1}";pending_review;qa_pending_or_review_found
X00E50207411 CONNECT.;;;3,000 g;pending_review;qa_pending_or_review_found;false;1;12V4000M53;1206697;827;"{""total_rows"":1,""count_ok_importar"":0,""count_ok_eliminar"":0,""count_pending"":1,""count_review_action"":1,""count_other"":1}";pending_review;qa_pending_or_review_found
X00E50207411PLATE FOR GROUND CONNECT.;;;3,000 g;pending_review;qa_pending_or_review_found;false;1;12V4000M53;1206663;826;"{""total_rows"":1,""count_ok_importar"":0,""count_ok_eliminar"":0,""count_pending"":1,""count_review_action"":1,""count_other"":1}";pending_review;qa_pending_or_review_found
X00E50208295 TRANSM;;"RJ45; 4-POL; PU 47X135MM, BED";100,000 gAB;pending_review;qa_pending_or_review_found;false;3;12V4000M53;1206486, 1206491, 1206498;789, 791, 795;"{""total_rows"":3,""count_ok_importar"":0,""count_ok_eliminar"":0,""count_pending"":3,""count_review_action"":3,""count_other"":3}";pending_review;qa_pending_or_review_found
X00E50208301;BLADE CONNECT CRIMP CONTACT;K;100,000 kg;pending_review;qa_pending_or_review_found;false;1;12V4000M53;1206565;801;"{""total_rows"":1,""count_ok_importar"":0,""count_ok_eliminar"":0,""count_pending"":1,""count_review_action"":1,""count_other"":1}";pending_review;qa_pending_or_review_found
X00E50208308 F/SEPARABLE CONNECT BLANKING PLUG FOR X00023503;;B-CRIMP EINZELADERABDICHTUNG;0,500 g 0,200 g;pending_review;qa_pending_or_review_found;false;1;12V4000M53;1206469;781;"{""total_rows"":1,""count_ok_importar"":0,""count_ok_eliminar"":0,""count_pending"":1,""count_review_action"":1,""count_other"":1}";pending_review;qa_pending_or_review_found
X00E50208317 0035337089;CONNECTOR IDENTIFICATION PLATE;;1,000 g 1,400 g;pending_review;qa_pending_or_review_found;false;1;12V4000M53;1206514;797;"{""total_rows"":1,""count_ok_importar"":0,""count_ok_eliminar"":0,""count_pending"":1,""count_review_action"":1,""count_other"":1}";pending_review;qa_pending_or_review_found
X00E50208317 X00E50208318;CONNECTOR BLANKING PLUG CONNECTOR;UND;1,000 g 1,000 g;pending_review;qa_pending_or_review_found;false;1;12V4000M53;1206548;801;"{""total_rows"":1,""count_ok_importar"":0,""count_ok_eliminar"":0,""count_pending"":1,""count_review_action"":1,""count_other"":1}";pending_review;qa_pending_or_review_found
X00E50208320MALE CONNECTOR CRIMP CONTACT;;"BUCHSE 0,75-1,5QMM; BUCHSE";;pending_review;qa_pending_or_review_found;false;1;12V4000M53;1206468;781;"{""total_rows"":1,""count_ok_importar"":0,""count_ok_eliminar"":0,""count_pending"":1,""count_review_action"":1,""count_other"":1}";pending_review;qa_pending_or_review_found
X00E50208386PRESSURE SEN;;;125.000 g;pending_review;qa_pending_or_review_found;false;1;20V4000M93;1714302;1531;"{""total_rows"":1,""count_ok_importar"":0,""count_ok_eliminar"":0,""count_pending"":1,""count_review_action"":1,""count_other"":1}";pending_review;qa_pending_or_review_found
X00E50208386PRESSURE SENSOR;;;125,000 g;pending_review;qa_pending_or_review_found;false;5;12V4000M53, 20V4000M93;1202899, 1206059, 1703079, 1706819, 1710559;339, 702, 343, 739, 1135;"{""total_rows"":5,""count_ok_importar"":0,""count_ok_eliminar"":0,""count_pending"":5,""count_review_action"":5,""count_other"":5}";pending_review;qa_pending_or_review_found
X00E50208388PRESSURE SEN;;;105.300 g;pending_review;qa_pending_or_review_found;false;10;12V4000M53, 16V4000M73, 20V4000M93;1202840, 1206000, 1402622, 1405791, 1408969, 1412173, 1703027, 1706767, 1710507, 1714252;338, 701, 319, 673, 1028, 1382, 342, 738, 1134, 1530;"{""total_rows"":10,""count_ok_importar"":0,""count_ok_eliminar"":0,""count_pending"":10,""count_review_action"":10,""count_other"":10}";pending_review;qa_pending_or_review_found
X00E50208471BLIND PLUG;;;66,000 g;pending_review;qa_pending_or_review_found;false;1;12V4000M53;1206654;826;"{""total_rows"":1,""count_ok_importar"":0,""count_ok_eliminar"":0,""count_pending"":1,""count_review_action"":1,""count_other"":1}";pending_review;qa_pending_or_review_found
X00E50208575BLIND PLUG;;;12,000 g;pending_review;qa_pending_or_review_found;false;1;12V4000M53;1206655;826;"{""total_rows"":1,""count_ok_importar"":0,""count_ok_eliminar"":0,""count_pending"":1,""count_review_action"":1,""count_other"":1}";pending_review;qa_pending_or_review_found
X00E50208729DUMMY PLUG;;;9,000 g;pending_review;qa_pending_or_review_found;false;1;12V4000M53;1206661;826;"{""total_rows"":1,""count_ok_importar"":0,""count_ok_eliminar"":0,""count_pending"":1,""count_review_action"":1,""count_other"":1}";pending_review;qa_pending_or_review_found
X00E50208755MALE CONNECTOR RETAINING PLATE FOR 0005335783;;BUCHSENGEHAEUSE 15X11,5X19MM, 2 LOE;;pending_review;qa_pending_or_review_found;false;1;12V4000M53;1206580;804;"{""total_rows"":1,""count_ok_importar"":0,""count_ok_eliminar"":0,""count_pending"":1,""count_review_action"":1,""count_other"":1}";pending_review;qa_pending_or_review_found
X00E50208942DISPLAY;;;206,400 g;pending_review;qa_pending_or_review_found;false;1;12V4000M53;1206679;827;"{""total_rows"":1,""count_ok_importar"":0,""count_ok_eliminar"":0,""count_pending"":1,""count_review_action"":1,""count_other"":1}";pending_review;qa_pending_or_review_found
X00E50209021;CONNECTION CRIMP BARREL F.SHIELD;ING;1,000 g;pending_review;qa_pending_or_review_found;false;2;12V4000M53;1206555, 1206619;801, 817;"{""total_rows"":2,""count_ok_importar"":0,""count_ok_eliminar"":0,""count_pending"":2,""count_review_action"":2,""count_other"":2}";pending_review;qa_pending_or_review_found
X00E50209121CABLE CLAMP;;;403,100 g;pending_review;qa_pending_or_review_found;false;1;12V4000M53;1206664;826;"{""total_rows"":1,""count_ok_importar"":0,""count_ok_eliminar"":0,""count_pending"":1,""count_review_action"":1,""count_other"":1}";pending_review;qa_pending_or_review_found
X00E50209122HOOD FOR CONNECTOR;;;510,600 g;pending_review;qa_pending_or_review_found;false;1;12V4000M53;1206651;826;"{""total_rows"":1,""count_ok_importar"":0,""count_ok_eliminar"":0,""count_pending"":1,""count_review_action"":1,""count_other"":1}";pending_review;qa_pending_or_review_found
X00E50209130FAIRING FO;;;;pending_review;qa_pending_or_review_found;false;1;12V4000M53;1206690;827;"{""total_rows"":1,""count_ok_importar"":0,""count_ok_eliminar"":0,""count_pending"":1,""count_review_action"":1,""count_other"":1}";pending_review;qa_pending_or_review_found
X00E50209139 PANEL;;;10,000 kg;pending_review;qa_pending_or_review_found;false;1;12V4000M53;1206649;826;"{""total_rows"":1,""count_ok_importar"":0,""count_ok_eliminar"":0,""count_pending"":1,""count_review_action"":1,""count_other"":1}";pending_review;qa_pending_or_review_found
X00E50209177;CRIMP CONTACT F/SEPARABLE CONNECT Busin;"1,0-2,5QMM; BUC";0,500 g;pending_review;qa_pending_or_review_found;false;1;12V4000M53;1206593;809;"{""total_rows"":1,""count_ok_importar"":0,""count_ok_eliminar"":0,""count_pending"":1,""count_review_action"":1,""count_other"":1}";pending_review;qa_pending_or_review_found
X00E50209213MALE CONNECTOR;;;12,000 g;pending_review;qa_pending_or_review_found;false;1;12V4000M53;1206656;826;"{""total_rows"":1,""count_ok_importar"":0,""count_ok_eliminar"":0,""count_pending"":1,""count_review_action"":1,""count_other"":1}";pending_review;qa_pending_or_review_found
X00E50209275 DEVICES PLATE FOR;;;1,000 g;pending_review;qa_pending_or_review_found;false;1;12V4000M53;1206696;827;"{""total_rows"":1,""count_ok_importar"":0,""count_ok_eliminar"":0,""count_pending"":1,""count_review_action"":1,""count_other"":1}";pending_review;qa_pending_or_review_found
X00E50209290CONNECTOR KIT WITH MARKING;;;60,000 g;pending_review;qa_pending_or_review_found;false;1;12V4000M53;1206657;826;"{""total_rows"":1,""count_ok_importar"":0,""count_ok_eliminar"":0,""count_pending"":1,""count_review_action"":1,""count_other"":1}";pending_review;qa_pending_or_review_found
X00E50209300SYMBOLS P;;;1,000 g;pending_review;qa_pending_or_review_found;false;1;12V4000M53;1206698;827;"{""total_rows"":1,""count_ok_importar"":0,""count_ok_eliminar"":0,""count_pending"":1,""count_review_action"":1,""count_other"":1}";pending_review;qa_pending_or_review_found
X00E50209351/S0001;ENGINE MONITORING EMU1-01/;EMU1-01/D;3,289 kg;pending_review;qa_pending_or_review_found;false;2;12V4000M70;1902433, 1904820;346, 683;"{""total_rows"":2,""count_ok_importar"":0,""count_ok_eliminar"":0,""count_pending"":2,""count_review_action"":2,""count_other"":2}";pending_review;qa_pending_or_review_found
X00E50209351/S0001 X00E50201048 200912006001;;nan;nan;pending_review;qa_pending_or_review_found;false;2;12V4000M70;1902434, 1904821;346, 683;"{""total_rows"":2,""count_ok_importar"":0,""count_ok_eliminar"":0,""count_pending"":2,""count_review_action"":2,""count_other"":2}";pending_review;qa_pending_or_review_found
X00E50209366 GOVERNOR ECU7-05/C 1 pc 5.500 kg EM ECU7-05/C;;;;pending_review;qa_pending_or_review_found;false;4;20V4000M93;1703313, 1707053, 1710793, 1714534;360, 756, 1152, 1548;"{""total_rows"":4,""count_ok_importar"":0,""count_ok_eliminar"":0,""count_pending"":4,""count_review_action"":4,""count_other"":4}";pending_review;qa_pending_or_review_found
X00E50209366/76GOVERNOR NOT ADJUSTED;;;;pending_review;qa_pending_or_review_found;false;2;12V4000M53;1203099, 1206259;355, 718;"{""total_rows"":2,""count_ok_importar"":0,""count_ok_eliminar"":0,""count_pending"":2,""count_review_action"":2,""count_other"":2}";pending_review;qa_pending_or_review_found
X00E50209366/77GOVERNOR ADJUSTED;;;;pending_review;qa_pending_or_review_found;false;2;12V4000M53;1203100, 1206260;355, 718;"{""total_rows"":2,""count_ok_importar"":0,""count_ok_eliminar"":0,""count_pending"":2,""count_review_action"":2,""count_other"":2}";pending_review;qa_pending_or_review_found
X00E50209553PLUG-IN BO;;;;pending_review;qa_pending_or_review_found;false;1;12V4000M53;1206671;827;"{""total_rows"":1,""count_ok_importar"":0,""count_ok_eliminar"":0,""count_pending"":1,""count_review_action"":1,""count_other"":1}";pending_review;qa_pending_or_review_found
X00E50210309 BUS COUPLER FOR SYSTEM BUS;BUS COUPLER;;;pending_review;qa_pending_or_review_found;false;1;12V4000M53;1206432;770;"{""total_rows"":1,""count_ok_importar"":0,""count_ok_eliminar"":0,""count_pending"":1,""count_review_action"":1,""count_other"":1}";pending_review;qa_pending_or_review_found
X00E50700336 ON-ENGINE SEN WIRING HARNE;;;3.665 kg;pending_review;qa_pending_or_review_found;false;2;20V4000M93L;1803325, 1807007;1466, 1850;"{""total_rows"":2,""count_ok_importar"":0,""count_ok_eliminar"":0,""count_pending"":2,""count_review_action"":2,""count_other"":2}";pending_review;qa_pending_or_review_found
X00E50700383 INJECTOR WIRING HARNE;;;3.330 kg;pending_review;qa_pending_or_review_found;false;2;20V4000M93L;1803324, 1807006;1466, 1850;"{""total_rows"":2,""count_ok_importar"":0,""count_ok_eliminar"":0,""count_pending"":2,""count_review_action"":2,""count_other"":2}";pending_review;qa_pending_or_review_found
X00E50700386 ON-ENGINE SEN 0035352531 PRESSURE SEN;;;4.880 kg 75.000 g;pending_review;qa_pending_or_review_found;false;2;20V4000M93L;1803327, 1807009;1466, 1850;"{""total_rows"":2,""count_ok_importar"":0,""count_ok_eliminar"":0,""count_pending"":2,""count_review_action"":2,""count_other"":2}";pending_review;qa_pending_or_review_found
X00E50700427;WIRING HARNE;;2,560 KG;pending_review;qa_pending_or_review_found;false;4;16V4000M73L;1502318, 1505355, 1507848, 1510337;337, 799, 1142, 1477;"{""total_rows"":4,""count_ok_importar"":0,""count_ok_eliminar"":0,""count_pending"":4,""count_review_action"":4,""count_other"":4}";pending_review;qa_pending_or_review_found
X00E50700435 INJECTOR WIRING HARNES;;;;pending_review;qa_pending_or_review_found;false;2;12V4000M53;1202880, 1206040;338, 701;"{""total_rows"":2,""count_ok_importar"":0,""count_ok_eliminar"":0,""count_pending"":2,""count_review_action"":2,""count_other"":2}";pending_review;qa_pending_or_review_found
X00E50700444 ON-ENGINE SEN 0035352531 PRESSURE SEN;;;2,405 kg 75,000 g;pending_review;qa_pending_or_review_found;false;2;12V4000M53;1202835, 1205995;338, 701;"{""total_rows"":2,""count_ok_importar"":0,""count_ok_eliminar"":0,""count_pending"":2,""count_review_action"":2,""count_other"":2}";pending_review;qa_pending_or_review_found
X00E50700444 ON-ENGINE SENSO;;;;pending_review;qa_pending_or_review_found;false;2;12V4000M53;1202834, 1205994;338, 701;"{""total_rows"":2,""count_ok_importar"":0,""count_ok_eliminar"":0,""count_pending"":2,""count_review_action"":2,""count_other"":2}";pending_review;qa_pending_or_review_found
X00E50700482 ON-ENGINE SEN WIRING HARNE X00E50700781;;;;pending_review;qa_pending_or_review_found;false;4;20V4000M93;1703024, 1706764, 1710504, 1714248;342, 738, 1134, 1530;"{""total_rows"":4,""count_ok_importar"":0,""count_ok_eliminar"":0,""count_pending"":4,""count_review_action"":4,""count_other"":4}";pending_review;qa_pending_or_review_found
X00E50700628 ON-ENGINE SEN WIRING HARNES;;;;pending_review;qa_pending_or_review_found;false;2;12V4000M53;1202833, 1205993;338, 701;"{""total_rows"":2,""count_ok_importar"":0,""count_ok_eliminar"":0,""count_pending"":2,""count_review_action"":2,""count_other"":2}";pending_review;qa_pending_or_review_found
X00E50700736 ON-ENGINE SEN;;;;pending_review;qa_pending_or_review_found;false;4;16V4000M73;1402619, 1405788, 1408966, 1412169;319, 673, 1028, 1382;"{""total_rows"":4,""count_ok_importar"":0,""count_ok_eliminar"":0,""count_pending"":4,""count_review_action"":4,""count_other"":4}";pending_review;qa_pending_or_review_found
X00E50700736 ON-ENGINE SEN 0035352531 PRESSURE SEN;;;3.000 kg 75.000 g;pending_review;qa_pending_or_review_found;false;4;16V4000M73;1402620, 1405789, 1408967, 1412170;319, 673, 1028, 1382;"{""total_rows"":4,""count_ok_importar"":0,""count_ok_eliminar"":0,""count_pending"":4,""count_review_action"":4,""count_other"":4}";pending_review;qa_pending_or_review_found
X00E50700741 INJECTOR WIRING HARNE;;;;pending_review;qa_pending_or_review_found;false;4;20V4000M93;1703022, 1706762, 1710502, 1714245;342, 738, 1134, 1530;"{""total_rows"":4,""count_ok_importar"":0,""count_ok_eliminar"":0,""count_pending"":4,""count_review_action"":4,""count_other"":4}";pending_review;qa_pending_or_review_found
X00E50700858 ON-ENGINE SEN CONNECTING C;;;;pending_review;qa_pending_or_review_found;false;4;20V4000M93;1703023, 1706763, 1710503, 1714246;342, 738, 1134, 1530;"{""total_rows"":4,""count_ok_importar"":0,""count_ok_eliminar"":0,""count_pending"":4,""count_review_action"":4,""count_other"":4}";pending_review;qa_pending_or_review_found
X00011292 304017006069;;nan;nan;pending_review;qa_pending_or_review_found;false;2;12V4000M70;1900333, 1902773;68, 407;"{""total_rows"":2,""count_ok_importar"":0,""count_ok_eliminar"":0,""count_pending"":2,""count_review_action"":2,""count_other"":2}";pending_review;qa_pending_or_review_found
X00012158 000000003643 B00E50202738;;nan;nan;pending_review;qa_pending_or_review_found;false;1;12V4000M70;1905019;741;"{""total_rows"":1,""count_ok_importar"":0,""count_ok_eliminar"":0,""count_pending"":1,""count_review_action"":1,""count_other"":1}";pending_review;qa_pending_or_review_found
X00012916 001481004000;;nan;nan;pending_review;qa_pending_or_review_found;false;2;12V4000M70;1900806, 1903248;132, 471;"{""total_rows"":2,""count_ok_importar"":0,""count_ok_eliminar"":0,""count_pending"":2,""count_review_action"":2,""count_other"":2}";pending_review;qa_pending_or_review_found
X00013978;TERMINAL FOR CYLINDER HEAD Busin;;25.000 g;pending_review;qa_pending_or_review_found;false;6;16V4000M73, 20V4000M93L;1402778, 1405947, 1409125, 1412328, 1803482, 1807164;326, 680, 1035, 1389, 1473, 1857;"{""total_rows"":6,""count_ok_importar"":0,""count_ok_eliminar"":0,""count_pending"":6,""count_review_action"":6,""count_other"":6}";pending_review;qa_pending_or_review_found
X00014368 735073004100 5582540367;;nan;nan;pending_review;qa_pending_or_review_found;false;2;12V4000M70;1900330, 1902770;67, 406;"{""total_rows"":2,""count_ok_importar"":0,""count_ok_eliminar"":0,""count_pending"":2,""count_review_action"":2,""count_other"":2}";pending_review;qa_pending_or_review_found
X00014469 0095316480;;nan;nan;pending_review;qa_pending_or_review_found;false;1;12V4000M70;1905016;739;"{""total_rows"":1,""count_ok_importar"":0,""count_ok_eliminar"":0,""count_pending"":1,""count_review_action"":1,""count_other"":1}";pending_review;qa_pending_or_review_found
X00026992;HP ACCUMULATOR DOUBLE-WA LLED, LEFT;;26.400 kg EM;pending_review;qa_pending_or_review_found;false;2;20V4000M93L;1800544, 1804114;1203, 1576;"{""total_rows"":2,""count_ok_importar"":0,""count_ok_eliminar"":0,""count_pending"":2,""count_review_action"":2,""count_other"":2}";pending_review;qa_pending_or_review_found
X00026993;HP ACCUMULATOR DOUBLE -WALLED, RIGH B;;26.400 kg EM;pending_review;qa_pending_or_review_found;false;2;20V4000M93L;1800545, 1804115;1203, 1576;"{""total_rows"":2,""count_ok_importar"":0,""count_ok_eliminar"":0,""count_pending"":2,""count_review_action"":2,""count_other"":2}";pending_review;qa_pending_or_review_found
X00040055/42 X00040056 5240380471 5240382550;nan;nan;nan;pending_review;qa_pending_or_review_found;false;2;12V4000M70;1900371, 1902811;76, 415;"{""total_rows"":2,""count_ok_importar"":0,""count_ok_eliminar"":0,""count_pending"":2,""count_review_action"":2,""count_other"":2}";pending_review;qa_pending_or_review_found
X00044892;PARTITION PLAT E;;7.660 kg;pending_review;qa_pending_or_review_found;false;10;16V4000M73, 16V4000M73L, 20V4000M93L;1402332, 1405501, 1408679, 1411878, 1501655, 1504862, 1507325, 1509813, 1802804, 1806463;279, 633, 988, 1342, 240, 726, 1071, 1407, 1404, 1784;"{""total_rows"":10,""count_ok_importar"":0,""count_ok_eliminar"":0,""count_pending"":10,""count_review_action"":10,""count_other"":10}";pending_review;qa_pending_or_review_found
X00052928 ELASTOSIL RT 778 ELASTOMER PRODUCTS;;;;pending_review;qa_pending_or_review_found;false;4;16V4000M73;1403168, 1406337, 1409515, 1412717;363, 717, 1072, 1426;"{""total_rows"":4,""count_ok_importar"":0,""count_ok_eliminar"":0,""count_pending"":4,""count_review_action"":4,""count_other"":4}";pending_review;qa_pending_or_review_found
X599001-101383;DRIVE SHAFT;;;pending_review;qa_pending_or_review_found;false;2;16V4000M73L;1507720, 1510209;1119, 1454;"{""total_rows"":2,""count_ok_importar"":0,""count_ok_eliminar"":0,""count_pending"":2,""count_review_action"":2,""count_other"":2}";pending_review;qa_pending_or_review_found
X599001-747562;EXHAUST SILENCER;;;pending_review;qa_pending_or_review_found;false;4;16V4000M73L;1500998, 1504205, 1506668, 1509152;165, 651, 996, 1336;"{""total_rows"":4,""count_ok_importar"":0,""count_ok_eliminar"":0,""count_pending"":4,""count_review_action"":4,""count_other"":4}";pending_review;qa_pending_or_review_found
X599001-748478;GEARBOX ZF 7550 A;I=2,964;10;pending_review;qa_pending_or_review_found;false;1;16V4000M90;1602100;295;"{""total_rows"":1,""count_ok_importar"":0,""count_ok_eliminar"":0,""count_pending"":1,""count_review_action"":1,""count_other"":1}";pending_review;qa_pending_or_review_found
X599002-101383;COUPLING;;;pending_review;qa_pending_or_review_found;false;1;16V4000M73L;1502146;308;"{""total_rows"":1,""count_ok_importar"":0,""count_ok_eliminar"":0,""count_pending"":1,""count_review_action"":1,""count_other"":1}";pending_review;qa_pending_or_review_found
X599003-101383;COUPLING;;;pending_review;qa_pending_or_review_found;false;1;16V4000M73L;1505288;787;"{""total_rows"":1,""count_ok_importar"":0,""count_ok_eliminar"":0,""count_pending"":1,""count_review_action"":1,""count_other"":1}";pending_review;qa_pending_or_review_found
X5241890000;;;;pending_review;qa_pending_or_review_found;false;2;20V4000M93L;1802154, 1805813;1363, 1743;"{""total_rows"":2,""count_ok_importar"":0,""count_ok_eliminar"":0,""count_pending"":2,""count_review_action"":2,""count_other"":2}";pending_review;qa_pending_or_review_found
X52402400009;EQUIPMENT R;;201,000 kg;pending_review;qa_pending_or_review_found;false;2;12V4000M70;1900206, 1902646;49, 388;"{""total_rows"":2,""count_ok_importar"":0,""count_ok_eliminar"":0,""count_pending"":2,""count_review_action"":2,""count_other"":2}";pending_review;qa_pending_or_review_found
X52402400009 5240332630 X59305200001 5240150417 700429024000 700429083000 000933010093 5241800015 700429048000 700429040000 000472048000 000908052003 007603052101 000908038000 007603038101 000908026005 007603026104 735210014000 5240150271 700429015000 0001800015;EQUIPMENT R CRANKSHAFT IDLER GEAR AXLE O-RING O-RING HEX BOLT PRESSURE VA O-RING O-RING RING SNAP THREAD PLUG COPPER SEAL THREAD PLUG COPPER SEAL THREAD PLUG COPPER SEAL THREAD PLUG PLUG DRAIN O-RING PRESSURE RE;nan;nan;pending_review;qa_pending_or_review_found;false;2;12V4000M70;1900208, 1902648;49, 388;"{""total_rows"":2,""count_ok_importar"":0,""count_ok_eliminar"":0,""count_pending"":2,""count_review_action"":2,""count_other"":2}";pending_review;qa_pending_or_review_found
X52404100144 5240530805 X00042197 5240530122 5240530120 5240530125 0000530926 0000534335 000910014004 007603014102;CYLINDER HEAD EXHAUST VALVE INLET VALVE VALVE SPRING IN VALVE SPRING O RETAINER VALVE VALVE KEEPER W VALVE ROTATOR PLUG COPPER SEALIN;nan;nan;pending_review;qa_pending_or_review_found;false;2;12V4000M70;1900389, 1902829;79, 418;"{""total_rows"":2,""count_ok_importar"":0,""count_ok_eliminar"":0,""count_pending"":2,""count_review_action"":2,""count_other"":2}";pending_review;qa_pending_or_review_found
X52405500098 X52499100176 X52405200015 X52499100259 000000000403;ROCKER ARM BUSHING FOR THRUST MEMB ADJUSTING SC NUT ADEC;nan;nan;pending_review;qa_pending_or_review_found;false;2;12V4000M70;1900446, 1902886;92, 431;"{""total_rows"":2,""count_ok_importar"":0,""count_ok_eliminar"":0,""count_pending"":2,""count_review_action"":2,""count_other"":2}";pending_review;qa_pending_or_review_found
X52405500099 X52499100176 X52405200015 X52499100259 000000000403;ROCKER ARM BUSHING FOR THRUST MEMB ADJUSTING SC NUT ADEC;nan;nan;pending_review;qa_pending_or_review_found;false;2;12V4000M70;1900452, 1902892;93, 432;"{""total_rows"":2,""count_ok_importar"":0,""count_ok_eliminar"":0,""count_pending"":2,""count_review_action"":2,""count_other"":2}";pending_review;qa_pending_or_review_found
X52405500142 X52405500097 001474006000 X52418300025;;nan;nan;pending_review;qa_pending_or_review_found;false;2;12V4000M70;1900441, 1902881;91, 430;"{""total_rows"":2,""count_ok_importar"":0,""count_ok_eliminar"":0,""count_pending"":2,""count_review_action"":2,""count_other"":2}";pending_review;qa_pending_or_review_found
X52405500145 X52405500135 X52405500139 000933010194;;nan;nan;pending_review;qa_pending_or_review_found;false;2;12V4000M70;1900416, 1902856;86, 425;"{""total_rows"":2,""count_ok_importar"":0,""count_ok_eliminar"":0,""count_pending"":2,""count_review_action"":2,""count_other"":2}";pending_review;qa_pending_or_review_found
X52405500146 X52405500124 X52405500123 200988045000 000471045000 700521016200 200933016002;nan;nan;nan;pending_review;qa_pending_or_review_found;false;2;12V4000M70;1900433, 1902873;90, 429;"{""total_rows"":2,""count_ok_importar"":0,""count_ok_eliminar"":0,""count_pending"":2,""count_review_action"":2,""count_other"":2}";pending_review;qa_pending_or_review_found
X52601100055 0000181802 5240111380 000933010035;;nan;nan;pending_review;qa_pending_or_review_found;false;2;12V4000M70;1900046, 1902487;28, 368;"{""total_rows"":2,""count_ok_importar"":0,""count_ok_eliminar"":0,""count_pending"":2,""count_review_action"":2,""count_other"":2}";pending_review;qa_pending_or_review_found
X52610100112 X52610100097 X52610100124 X52612500027 X52612500028 200929008000 200929006000 X52610100098 200125006400 000000002701;nan;nan;nan;pending_review;qa_pending_or_review_found;false;2;12V4000M70;1901104, 1903546;168, 507;"{""total_rows"":2,""count_ok_importar"":0,""count_ok_eliminar"":0,""count_pending"":2,""count_review_action"":2,""count_other"":2}";pending_review;qa_pending_or_review_found
X52612600004 304017008089 007349008002;nan;nan;nan;pending_review;qa_pending_or_review_found;false;2;12V4000M70;1900910, 1903352;142, 481;"{""total_rows"":2,""count_ok_importar"":0,""count_ok_eliminar"":0,""count_pending"":2,""count_review_action"":2,""count_other"":2}";pending_review;qa_pending_or_review_found
X52614300010 5550160233 5370160233;nan;nan;nan;pending_review;qa_pending_or_review_found;false;2;12V4000M70;1901257, 1903699;187, 526;"{""total_rows"":2,""count_ok_importar"":0,""count_ok_eliminar"":0,""count_pending"":2,""count_review_action"":2,""count_other"":2}";pending_review;qa_pending_or_review_found
X52617300002;STARTER AIR RI;;24,540 kg;pending_review;qa_pending_or_review_found;false;1;12V4000M70;1903731;536;"{""total_rows"":1,""count_ok_importar"":0,""count_ok_eliminar"":0,""count_pending"":1,""count_review_action"":1,""count_other"":1}";pending_review;qa_pending_or_review_found
X52699100339 X52699100340 700327012000 000912008019 735233000102 735233000200 735233000100 735233000101 735233000102 735233000101 735233000104 735233000500 735233000104 735233000103 735233000200 735233000100;;nan;nan;pending_review;qa_pending_or_review_found;false;2;12V4000M70;1901579, 1903966;231, 568;"{""total_rows"":2,""count_ok_importar"":0,""count_ok_eliminar"":0,""count_pending"":2,""count_review_action"":2,""count_other"":2}";pending_review;qa_pending_or_review_found
X52710100028;EXHAUST TURBO CHARGER RIGHT SIDE;;;pending_review;qa_pending_or_review_found;false;2;16V4000M61;1300703, 1303614;121, 625;"{""total_rows"":2,""count_ok_importar"":0,""count_ok_eliminar"":0,""count_pending"":2,""count_review_action"":2,""count_other"":2}";pending_review;qa_pending_or_review_found
X52812500014;GUIDE TUBE Business Por;;5.880 kg;pending_review;qa_pending_or_review_found;false;2;20V4000M93L;1801299, 1804905;1282, 1659;"{""total_rows"":2,""count_ok_importar"":0,""count_ok_eliminar"":0,""count_pending"":2,""count_review_action"":2,""count_other"":2}";pending_review;qa_pending_or_review_found
X53166400008/31/97;GENSET LR ACCEPTANCE;;;pending_review;qa_pending_or_review_found;false;1;16V4000M61;1302922;508;"{""total_rows"":1,""count_ok_importar"":0,""count_ok_eliminar"":0,""count_pending"":1,""count_review_action"":1,""count_other"":1}";pending_review;qa_pending_or_review_found
X53514600003/30/97;SOOT FILTER GL ACCEPTANCE;;2450.000 k EM;pending_review;qa_pending_or_review_found;false;1;20V4000M93L;1805195;1683;"{""total_rows"":1,""count_ok_importar"":0,""count_ok_eliminar"":0,""count_pending"":1,""count_review_action"":1,""count_other"":1}";pending_review;qa_pending_or_review_found
X53566400071/30/97;GENSET GL ACCEPTANCE GENSET GL ACCEPTANCE 1 ss Portal Online Print 25-12-2023;;1000.000 k;pending_review;qa_pending_or_review_found;false;1;20V4000M93L;1807255;1872;"{""total_rows"":1,""count_ok_importar"":0,""count_ok_eliminar"":0,""count_pending"":1,""count_review_action"":1,""count_other"":1}";pending_review;qa_pending_or_review_found
X53566400082/31/97;GENSET LR ACCEPTANCE;;;pending_review;qa_pending_or_review_found;false;1;16V4000M61;1302921;507;"{""total_rows"":1,""count_ok_importar"":0,""count_ok_eliminar"":0,""count_pending"":1,""count_review_action"":1,""count_other"":1}";pending_review;qa_pending_or_review_found
X54823100002 304017020007 000934020000 000912016004;;nan;nan;pending_review;qa_pending_or_review_found;false;2;12V4000M70;1902119, 1904506;293, 630;"{""total_rows"":2,""count_ok_importar"":0,""count_ok_eliminar"":0,""count_pending"":2,""count_review_action"":2,""count_other"":2}";pending_review;qa_pending_or_review_found
X59308200003;CONNECTING PIEC E;;;pending_review;qa_pending_or_review_found;false;2;12V4000M53;1200651, 1203791;108, 463;"{""total_rows"":2,""count_ok_importar"":0,""count_ok_eliminar"":0,""count_pending"":2,""count_review_action"":2,""count_other"":2}";pending_review;qa_pending_or_review_found
X59308300010;CONNECTING PIEC E Busin;;;pending_review;qa_pending_or_review_found;false;2;20V4000M93L;1800671, 1804277;1222, 1599;"{""total_rows"":2,""count_ok_importar"":0,""count_ok_eliminar"":0,""count_pending"":2,""count_review_action"":2,""count_other"":2}";pending_review;qa_pending_or_review_found
X59401400015 5269870535 700209010208 5240140253 000931010105 735151010100 700209010208 5240140253 000931010105 735151010100 700209010208 5240140153 000908012003 007603012111 000931012176 007349013002 5241800155 304017008087 007349008002 5241871053 700429070000 5241870087 700429075002 304017008087 000125008427;OIL PAN SEAL RUBBER STRI STRESS BOLT SPACER SLEEVE BOLT HEX SPACER STRESS BOLT SPACER SLEEVE BOLT HEX SPACER STRESS BOLT SPACER SLEEVE THREAD PLUG COPPER SEALING R BOLT HEX WASHER BASKET OIL PICKUP BOLT HEX WASHER TUBE ASM FLOATIN O-RING TUBE CONNECTOR O-RING BOLT HEX WASHER;nan;nan;pending_review;qa_pending_or_review_found;false;2;12V4000M70;1900064, 1902504;31, 370;"{""total_rows"":2,""count_ok_importar"":0,""count_ok_eliminar"":0,""count_pending"":2,""count_review_action"":2,""count_other"":2}";pending_review;qa_pending_or_review_found
X59403100001/31;CRANKSHAFT LR ACCEPTANCE 12V-06CWT-STROKE210;;;pending_review;qa_pending_or_review_found;false;1;12V4000M53;1200336;54;"{""total_rows"":1,""count_ok_importar"":0,""count_ok_eliminar"":0,""count_pending"":1,""count_review_action"":1,""count_other"":1}";pending_review;qa_pending_or_review_found
X59407300006/87;HP PUMP W/ACCEPT CERTIFICAT Busine;;45,000 kg EM;pending_review;qa_pending_or_review_found;false;2;12V4000M53;1200535, 1203676;93, 448;"{""total_rows"":2,""count_ok_importar"":0,""count_ok_eliminar"":0,""count_pending"":2,""count_review_action"":2,""count_other"":2}";pending_review;qa_pending_or_review_found
X59410100113;THREADED SLE EVE;;369.000 g;pending_review;qa_pending_or_review_found;false;8;16V4000M73, 16V4000M73L;1402503, 1405672, 1408850, 1412051, 1501758, 1504965, 1507428, 1509916;298, 652, 1007, 1361, 250, 736, 1081, 1417;"{""total_rows"":8,""count_ok_importar"":0,""count_ok_eliminar"":0,""count_pending"":8,""count_review_action"":8,""count_other"":8}";pending_review;qa_pending_or_review_found
X59414100003;EXHAUST HOU SING;;;pending_review;qa_pending_or_review_found;false;2;20V4000M93L;1801442, 1805048;1294, 1671;"{""total_rows"":2,""count_ok_importar"":0,""count_ok_eliminar"":0,""count_pending"":2,""count_review_action"":2,""count_other"":2}";pending_review;qa_pending_or_review_found
X59414100005;EXHAUST HOU SING F OR 1 CYLINDER;;;pending_review;qa_pending_or_review_found;false;2;20V4000M93L;1801457, 1805063;1294, 1671;"{""total_rows"":2,""count_ok_importar"":0,""count_ok_eliminar"":0,""count_pending"":2,""count_review_action"":2,""count_other"":2}";pending_review;qa_pending_or_review_found
X59602400008;EQUIPMENT R ACK;;208.000 kg;pending_review;qa_pending_or_review_found;false;2;20V4000M93L;1800320, 1803894;1153, 1526;"{""total_rows"":2,""count_ok_importar"":0,""count_ok_eliminar"":0,""count_pending"":2,""count_review_action"":2,""count_other"":2}";pending_review;qa_pending_or_review_found
X59610100116;EXHAUST TURBOCHARGER RIGHT Busines;;93.400 kg EM;pending_review;qa_pending_or_review_found;false;2;20V4000M93L;1800809, 1804415;1235, 1612;"{""total_rows"":2,""count_ok_importar"":0,""count_ok_eliminar"":0,""count_pending"":2,""count_review_action"":2,""count_other"":2}";pending_review;qa_pending_or_review_found
X59612300023;RETAINER F/INTAKE AIR SYSTEM B;;349.400 g;pending_review;qa_pending_or_review_found;false;6;20V4000M93, 20V4000M93L;1701171, 1704911, 1708651, 1712400, 1801137, 1804743;167, 563, 959, 1355, 1265, 1642;"{""total_rows"":6,""count_ok_importar"":0,""count_ok_eliminar"":0,""count_pending"":6,""count_review_action"":6,""count_other"":6}";pending_review;qa_pending_or_review_found
X59614300003;CARRIER HOUS ING;;40.000 kg EM;pending_review;qa_pending_or_review_found;false;2;20V4000M93L;1801517, 1805123;1297, 1674;"{""total_rows"":2,""count_ok_importar"":0,""count_ok_eliminar"":0,""count_pending"":2,""count_review_action"":2,""count_other"":2}";pending_review;qa_pending_or_review_found
X59634200024/30;GEARBOX GEARBOX 1 s Portal Online Print 25-12-2023;;6900.000 k;pending_review;qa_pending_or_review_found;false;2;20V4000M93L;1803129, 1806811;1453, 1837;"{""total_rows"":2,""count_ok_importar"":0,""count_ok_eliminar"":0,""count_pending"":2,""count_review_action"":2,""count_other"":2}";pending_review;qa_pending_or_review_found
X82566400001/30/97;EMERGENCY ALTERNATOR GL ACCEPTANCE;;3050.000 k;pending_review;qa_pending_or_review_found;false;1;20V4000M93L;1807263;1875;"{""total_rows"":1,""count_ok_importar"":0,""count_ok_eliminar"":0,""count_pending"":1,""count_review_action"":1,""count_other"":1}";pending_review;qa_pending_or_review_found
XP51566400025;SPARE PARTS KIT ss Portal Online Prin;;;pending_review;qa_pending_or_review_found;false;1;20V4000M93L;1807258;1873;"{""total_rows"":1,""count_ok_importar"":0,""count_ok_eliminar"":0,""count_pending"":1,""count_review_action"":1,""count_other"":1}";pending_review;qa_pending_or_review_found
XP52618300035COVER;;;;pending_review;qa_pending_or_review_found;false;9;16V4000M73, 20V4000M93, 20V4000M93L;1401683, 1404852, 1408030, 1701854, 1705594, 1709334, 1713079, 1802015, 1805674;222, 576, 931, 238, 634, 1030, 1426, 1349, 1729;"{""total_rows"":9,""count_ok_importar"":0,""count_ok_eliminar"":0,""count_pending"":9,""count_review_action"":9,""count_other"":9}";pending_review;qa_pending_or_review_found
XP52699100138REMOVAL;;;65.000 g;pending_review;qa_pending_or_review_found;false;5;16V4000M73, 20V4000M93L;1401682, 1404851, 1408029, 1802014, 1805673;222, 576, 931, 1349, 1729;"{""total_rows"":5,""count_ok_importar"":0,""count_ok_eliminar"":0,""count_pending"":5,""count_review_action"":5,""count_other"":5}";pending_review;qa_pending_or_review_found
XP52699100138REMOVAL TOOL;;;65.000 g;pending_review;qa_pending_or_review_found;false;4;20V4000M93;1701853, 1705593, 1709333, 1713078;238, 634, 1030, 1426;"{""total_rows"":4,""count_ok_importar"":0,""count_ok_eliminar"":0,""count_pending"":4,""count_review_action"":4,""count_other"":4}";pending_review;qa_pending_or_review_found
XP52699100164;NON-RETURN V;"DN40/PN16; 5MB";;pending_review;qa_pending_or_review_found;false;2;16V4000M73L;1502079, 1510717;299, 1549;"{""total_rows"":2,""count_ok_importar"":0,""count_ok_eliminar"":0,""count_pending"":2,""count_review_action"":2,""count_other"":2}";pending_review;qa_pending_or_review_found
XP52708800015GASKET;;;145.000 g;pending_review;qa_pending_or_review_found;false;1;20V4000M93L;1804246;1596;"{""total_rows"":1,""count_ok_importar"":0,""count_ok_eliminar"":0,""count_pending"":1,""count_review_action"":1,""count_other"":1}";pending_review;qa_pending_or_review_found
XP52711400030;HEAT SHIELD Bu;;;pending_review;qa_pending_or_review_found;false;4;16V4000M73;1401033, 1404202, 1407371, 1410548;152, 506, 860, 1215;"{""total_rows"":4,""count_ok_importar"":0,""count_ok_eliminar"":0,""count_pending"":4,""count_review_action"":4,""count_other"":4}";pending_review;qa_pending_or_review_found
XP52718300011STUD;;;;pending_review;qa_pending_or_review_found;false;3;16V4000M73;1401640, 1404809, 1407987;222, 576, 931;"{""total_rows"":3,""count_ok_importar"":0,""count_ok_eliminar"":0,""count_pending"":3,""count_review_action"":3,""count_other"":3}";pending_review;qa_pending_or_review_found
XP52725100096;HEX SCREW Business Port;;;pending_review;qa_pending_or_review_found;false;6;12V4000M53, 16V4000M73;1200406, 1203546, 1400421, 1403587, 1406756, 1409934;64, 419, 69, 423, 777, 1132;"{""total_rows"":6,""count_ok_importar"":0,""count_ok_eliminar"":0,""count_pending"":6,""count_review_action"":6,""count_other"":6}";pending_review;qa_pending_or_review_found
XP52814500041;EDGE PROTECTOR Busine;;;pending_review;qa_pending_or_review_found;false;2;20V4000M93L;1801579, 1805185;1304, 1681;"{""total_rows"":2,""count_ok_importar"":0,""count_ok_eliminar"":0,""count_pending"":2,""count_review_action"":2,""count_other"":2}";pending_review;qa_pending_or_review_found
XP52818300006OIL DISTRIBUTO;;;;pending_review;qa_pending_or_review_found;false;6;20V4000M93, 20V4000M93L;1701795, 1705535, 1709275, 1713021, 1802002, 1805661;237, 633, 1029, 1425, 1348, 1728;"{""total_rows"":6,""count_ok_importar"":0,""count_ok_eliminar"":0,""count_pending"":6,""count_review_action"":6,""count_other"":6}";pending_review;qa_pending_or_review_found
XP52818300008STRAINER BOT;;;;pending_review;qa_pending_or_review_found;false;6;20V4000M93, 20V4000M93L;1701799, 1705538, 1709278, 1713024, 1802004, 1805663;237, 633, 1029, 1425, 1348, 1728;"{""total_rows"":6,""count_ok_importar"":0,""count_ok_eliminar"":0,""count_pending"":6,""count_review_action"":6,""count_other"":6}";pending_review;qa_pending_or_review_found
XP52818300009STRAINER TOP;;;;pending_review;qa_pending_or_review_found;false;6;20V4000M93, 20V4000M93L;1701800, 1705539, 1709279, 1713025, 1801951, 1805610;237, 633, 1029, 1425, 1348, 1728;"{""total_rows"":6,""count_ok_importar"":0,""count_ok_eliminar"":0,""count_pending"":6,""count_review_action"":6,""count_other"":6}";pending_review;qa_pending_or_review_found
XP52818300010FILTER HOUSIN;;;;pending_review;qa_pending_or_review_found;false;6;20V4000M93, 20V4000M93L;1701793, 1705533, 1709273, 1713019, 1801984, 1805643;237, 633, 1029, 1425, 1348, 1728;"{""total_rows"":6,""count_ok_importar"":0,""count_ok_eliminar"":0,""count_pending"":6,""count_review_action"":6,""count_other"":6}";pending_review;qa_pending_or_review_found
XP52818300011OIL DISTRIBUTO;;;;pending_review;qa_pending_or_review_found;false;6;20V4000M93, 20V4000M93L;1701802, 1705541, 1709281, 1713027, 1801955, 1805613;237, 633, 1029, 1425, 1348, 1728;"{""total_rows"":6,""count_ok_importar"":0,""count_ok_eliminar"":0,""count_pending"":6,""count_review_action"":6,""count_other"":6}";pending_review;qa_pending_or_review_found
XP52818300012DISTRIBUTOR S;;;;pending_review;qa_pending_or_review_found;false;6;20V4000M93, 20V4000M93L;1701804, 1705543, 1709283, 1713029, 1801956, 1805615;237, 633, 1029, 1425, 1348, 1728;"{""total_rows"":6,""count_ok_importar"":0,""count_ok_eliminar"":0,""count_pending"":6,""count_review_action"":6,""count_other"":6}";pending_review;qa_pending_or_review_found
XP52818300022FLANGE FOR G;;;;pending_review;qa_pending_or_review_found;false;4;20V4000M93;1701805, 1705544, 1709284, 1713030;237, 633, 1029, 1425;"{""total_rows"":4,""count_ok_importar"":0,""count_ok_eliminar"":0,""count_pending"":4,""count_review_action"":4,""count_other"":4}";pending_review;qa_pending_or_review_found
XP52818300023MAINTENANCE;;;;pending_review;qa_pending_or_review_found;false;4;20V4000M93;1701792, 1705532, 1709272, 1713018;237, 633, 1029, 1425;"{""total_rows"":4,""count_ok_importar"":0,""count_ok_eliminar"":0,""count_pending"":4,""count_review_action"":4,""count_other"":4}";pending_review;qa_pending_or_review_found
XP52840500011;TENSION SPRIN;;;pending_review;qa_pending_or_review_found;false;4;20V4000M93L;1803133, 1803134, 1806815, 1806816;1454, 1838;"{""total_rows"":4,""count_ok_importar"":0,""count_ok_eliminar"":0,""count_pending"":4,""count_review_action"":4,""count_other"":4}";pending_review;qa_pending_or_review_found
XP52840500014;VALVE ess Portal ess Portal;;;pending_review;qa_pending_or_review_found;false;2;20V4000M93L;1803137, 1806819;1454, 1838;"{""total_rows"":2,""count_ok_importar"":0,""count_ok_eliminar"":0,""count_pending"":2,""count_review_action"":2,""count_other"":2}";pending_review;qa_pending_or_review_found
XP52899100081GROOVED BAL;;;;pending_review;qa_pending_or_review_found;false;6;20V4000M93, 20V4000M93L;1701813, 1705552, 1709292, 1713038, 1801966, 1805625;237, 633, 1029, 1425, 1348, 1728;"{""total_rows"":6,""count_ok_importar"":0,""count_ok_eliminar"":0,""count_pending"":6,""count_review_action"":6,""count_other"":6}";pending_review;qa_pending_or_review_found
XP52899100091SCREW;;;;pending_review;qa_pending_or_review_found;false;11;16V4000M73, 20V4000M93;1401669, 1404838, 1408016, 1701855, 1701865, 1705595, 1705605, 1709335, 1709345, 1713080, 1713090;222, 576, 931, 238, 634, 1030, 1426;"{""total_rows"":11,""count_ok_importar"":0,""count_ok_eliminar"":0,""count_pending"":11,""count_review_action"":11,""count_other"":11}";pending_review;qa_pending_or_review_found
XP52899100092SLOTTED;;;;pending_review;qa_pending_or_review_found;false;3;16V4000M73;1401662, 1404831, 1408009;222, 576, 931;"{""total_rows"":3,""count_ok_importar"":0,""count_ok_eliminar"":0,""count_pending"":3,""count_review_action"":3,""count_other"":3}";pending_review;qa_pending_or_review_found
XP52899100092SLOTTED SPRI;;;;pending_review;qa_pending_or_review_found;false;4;20V4000M93;1701837, 1705577, 1709316, 1713062;237, 633, 1029, 1425;"{""total_rows"":4,""count_ok_importar"":0,""count_ok_eliminar"":0,""count_pending"":4,""count_review_action"":4,""count_other"":4}";pending_review;qa_pending_or_review_found
XP52899100093SCREW;;;;pending_review;qa_pending_or_review_found;false;4;20V4000M93;1701821, 1705560, 1709300, 1713046;237, 633, 1029, 1425;"{""total_rows"":4,""count_ok_importar"":0,""count_ok_eliminar"":0,""count_pending"":4,""count_review_action"":4,""count_other"":4}";pending_review;qa_pending_or_review_found
XP52899100094SCREW;;;;pending_review;qa_pending_or_review_found;false;7;16V4000M73, 20V4000M93;1401647, 1404816, 1407994, 1701825, 1705564, 1709304, 1713050;222, 576, 931, 237, 633, 1029, 1425;"{""total_rows"":7,""count_ok_importar"":0,""count_ok_eliminar"":0,""count_pending"":7,""count_review_action"":7,""count_other"":7}";pending_review;qa_pending_or_review_found
XP52899100585 XP52899100586 XP52899100588 XP52899100590 XP52899100592 XP52899100593 XP52899100594 XP52899100595 XP52899100596 XP52803700019 XP52899100603 XP52899100602 XP52899100601 XP52899100597 XP52899100600 XP52899100598 XP52899100599 XP52800600016;;nan;nan;pending_review;qa_pending_or_review_found;false;2;12V4000M70;1901354, 1903741;201, 538;"{""total_rows"":2,""count_ok_importar"":0,""count_ok_eliminar"":0,""count_pending"":2,""count_review_action"":2,""count_other"":2}";pending_review;qa_pending_or_review_found
XP53199100001;MAINTENANCE KIT Business P;;;pending_review;qa_pending_or_review_found;false;1;20V4000M93L;1807267;1876;"{""total_rows"":1,""count_ok_importar"":0,""count_ok_eliminar"":0,""count_pending"":1,""count_review_action"":1,""count_other"":1}";pending_review;qa_pending_or_review_found
XP53208800001SWITCHGEAR CABINET;;;27.000 kg;pending_review;qa_pending_or_review_found;false;1;20V4000M93L;1804249;1596;"{""total_rows"":1,""count_ok_importar"":0,""count_ok_eliminar"":0,""count_pending"":1,""count_review_action"":1,""count_other"":1}";pending_review;qa_pending_or_review_found
XP53208800003 SWITCH;;;4.150 kg;pending_review;qa_pending_or_review_found;false;1;20V4000M93L;1804252;1596;"{""total_rows"":1,""count_ok_importar"":0,""count_ok_eliminar"":0,""count_pending"":1,""count_review_action"":1,""count_other"":1}";pending_review;qa_pending_or_review_found
XP53208800004LEVEL PROBE;;;155.000 g;pending_review;qa_pending_or_review_found;false;1;20V4000M93L;1804253;1596;"{""total_rows"":1,""count_ok_importar"":0,""count_ok_eliminar"":0,""count_pending"":1,""count_review_action"":1,""count_other"":1}";pending_review;qa_pending_or_review_found
XP53208800005SOLENOID VALVE;;;465.000 g;pending_review;qa_pending_or_review_found;false;1;20V4000M93L;1804254;1596;"{""total_rows"":1,""count_ok_importar"":0,""count_ok_eliminar"":0,""count_pending"":1,""count_review_action"":1,""count_other"":1}";pending_review;qa_pending_or_review_found
XP53208800007PRESSURE GAUGE;;;215.000 g;pending_review;qa_pending_or_review_found;false;1;20V4000M93L;1804237;1596;"{""total_rows"":1,""count_ok_importar"":0,""count_ok_eliminar"":0,""count_pending"":1,""count_review_action"":1,""count_other"":1}";pending_review;qa_pending_or_review_found
XP53208800011BALL COCK;;;210.000 g;pending_review;qa_pending_or_review_found;false;2;20V4000M93L;1804238, 1804241;1596;"{""total_rows"":2,""count_ok_importar"":0,""count_ok_eliminar"":0,""count_pending"":2,""count_review_action"":2,""count_other"":2}";pending_review;qa_pending_or_review_found
XP53208800015END COVER;;;183.000 g;pending_review;qa_pending_or_review_found;false;1;20V4000M93L;1804245;1596;"{""total_rows"":1,""count_ok_importar"":0,""count_ok_eliminar"":0,""count_pending"":1,""count_review_action"":1,""count_other"":1}";pending_review;qa_pending_or_review_found
XP53208800064GASKET;;;20.000 g;pending_review;qa_pending_or_review_found;false;1;20V4000M93L;1804244;1596;"{""total_rows"":1,""count_ok_importar"":0,""count_ok_eliminar"":0,""count_pending"":1,""count_review_action"":1,""count_other"":1}";pending_review;qa_pending_or_review_found
XP53208800070BALL COCK;;;6.600 kg;pending_review;qa_pending_or_review_found;false;1;20V4000M93L;1804239;1596;"{""total_rows"":1,""count_ok_importar"":0,""count_ok_eliminar"":0,""count_pending"":1,""count_review_action"":1,""count_other"":1}";pending_review;qa_pending_or_review_found
XP53208800071SPLASH GUARD;;;;pending_review;qa_pending_or_review_found;false;1;20V4000M93L;1804242;1596;"{""total_rows"":1,""count_ok_importar"":0,""count_ok_eliminar"":0,""count_pending"":1,""count_review_action"":1,""count_other"":1}";pending_review;qa_pending_or_review_found
XP53208800074NON-RETURN VALVE;;;0.673 kg;pending_review;qa_pending_or_review_found;false;1;20V4000M93L;1804255;1596;"{""total_rows"":1,""count_ok_importar"":0,""count_ok_eliminar"":0,""count_pending"":1,""count_review_action"":1,""count_other"":1}";pending_review;qa_pending_or_review_found
XP53208800077WASHER;;KUNSTSTOFF;0.368 kg;pending_review;qa_pending_or_review_found;false;1;20V4000M93L;1804248;1596;"{""total_rows"":1,""count_ok_importar"":0,""count_ok_eliminar"":0,""count_pending"":1,""count_review_action"":1,""count_other"":1}";pending_review;qa_pending_or_review_found
XP56918300037PRESSURE SPR;;;100.000 g;pending_review;qa_pending_or_review_found;false;2;20V4000M93L;1801990, 1805649;1348, 1728;"{""total_rows"":2,""count_ok_importar"":0,""count_ok_eliminar"":0,""count_pending"":2,""count_review_action"":2,""count_other"":2}";pending_review;qa_pending_or_review_found
XP56918300038INDICATOR BUS;;;0.100 kg;pending_review;qa_pending_or_review_found;false;2;20V4000M93L;1801991, 1805650;1348, 1728;"{""total_rows"":2,""count_ok_importar"":0,""count_ok_eliminar"":0,""count_pending"":2,""count_review_action"":2,""count_other"":2}";pending_review;qa_pending_or_review_found
XP56918300055OVERFLOW VA;;;;pending_review;qa_pending_or_review_found;false;4;20V4000M93;1701811, 1705550, 1709290, 1713036;237, 633, 1029, 1425;"{""total_rows"":4,""count_ok_importar"":0,""count_ok_eliminar"":0,""count_pending"":4,""count_review_action"":4,""count_other"":4}";pending_review;qa_pending_or_review_found
XP57518300057RETAINER;RETAINER;;3,000 g;pending_review;qa_pending_or_review_found;false;4;12V4000M53;1200172, 1200176, 1203314, 1203318;40, 395;"{""total_rows"":4,""count_ok_importar"":0,""count_ok_eliminar"":0,""count_pending"":4,""count_review_action"":4,""count_other"":4}";pending_review;qa_pending_or_review_found
XP59320200148 THERMOS;;;50.000 g;pending_review;qa_pending_or_review_found;false;1;16V4000M73;1411627;1328;"{""total_rows"":1,""count_ok_importar"":0,""count_ok_eliminar"":0,""count_pending"":1,""count_review_action"":1,""count_other"":1}";pending_review;qa_pending_or_review_found
XP59499100189 FLANGE F;;;;pending_review;qa_pending_or_review_found;false;1;16V4000M73;1411629;1328;"{""total_rows"":1,""count_ok_importar"":0,""count_ok_eliminar"":0,""count_pending"":1,""count_review_action"":1,""count_other"":1}";pending_review;qa_pending_or_review_found
XP59499100193 PUMP;;;3.000 kg;pending_review;qa_pending_or_review_found;false;1;16V4000M73;1411628;1328;"{""total_rows"":1,""count_ok_importar"":0,""count_ok_eliminar"":0,""count_pending"":1,""count_review_action"":1,""count_other"":1}";pending_review;qa_pending_or_review_found
XP59499100194 FUSE;;2 AMP;1.000 kg;pending_review;qa_pending_or_review_found;false;1;16V4000M73;1411634;1328;"{""total_rows"":1,""count_ok_importar"":0,""count_ok_eliminar"":0,""count_pending"":1,""count_review_action"":1,""count_other"":1}";pending_review;qa_pending_or_review_found
XP59499100195 FUSE;;2 AMP;0.039 kg;pending_review;qa_pending_or_review_found;false;1;16V4000M73;1411624;1328;"{""total_rows"":1,""count_ok_importar"":0,""count_ok_eliminar"":0,""count_pending"":1,""count_review_action"":1,""count_other"":1}";pending_review;qa_pending_or_review_found
XP59499100196 RELAY;;;17.000 g;pending_review;qa_pending_or_review_found;false;1;16V4000M73;1411632;1328;"{""total_rows"":1,""count_ok_importar"":0,""count_ok_eliminar"":0,""count_pending"":1,""count_review_action"":1,""count_other"":1}";pending_review;qa_pending_or_review_found
XP59499100200 SOLENOI;;;0.440 kg;pending_review;qa_pending_or_review_found;false;1;16V4000M73;1411631;1328;"{""total_rows"":1,""count_ok_importar"":0,""count_ok_eliminar"":0,""count_pending"":1,""count_review_action"":1,""count_other"":1}";pending_review;qa_pending_or_review_found
XP59499100202 TRANSFO;;;3.000 kg;pending_review;qa_pending_or_review_found;false;1;16V4000M73;1411630;1328;"{""total_rows"":1,""count_ok_importar"":0,""count_ok_eliminar"":0,""count_pending"":1,""count_review_action"":1,""count_other"":1}";pending_review;qa_pending_or_review_found
XP59499100384 HOLDER;;;;pending_review;qa_pending_or_review_found;false;1;16V4000M73;1411633;1328;"{""total_rows"":1,""count_ok_importar"":0,""count_ok_eliminar"":0,""count_pending"":1,""count_review_action"":1,""count_other"":1}";pending_review;qa_pending_or_review_found
XP59520200249 SWITCH;;;0.080 kg;pending_review;qa_pending_or_review_found;false;1;16V4000M73;1411625;1328;"{""total_rows"":1,""count_ok_importar"":0,""count_ok_eliminar"":0,""count_pending"":1,""count_review_action"":1,""count_other"":1}";pending_review;qa_pending_or_review_found
XP59520200253 HEATING;;12 KW;2.000 kg;pending_review;qa_pending_or_review_found;false;1;16V4000M73;1411623;1328;"{""total_rows"":1,""count_ok_importar"":0,""count_ok_eliminar"":0,""count_pending"":1,""count_review_action"":1,""count_other"":1}";pending_review;qa_pending_or_review_found
XP59600600001MAINTENANCE;;;;pending_review;qa_pending_or_review_found;false;2;20V4000M93L;1801973, 1805632;1348, 1728;"{""total_rows"":2,""count_ok_importar"":0,""count_ok_eliminar"":0,""count_pending"":2,""count_review_action"":2,""count_other"":2}";pending_review;qa_pending_or_review_found
XP59618300009COVER;;;;pending_review;qa_pending_or_review_found;false;6;20V4000M93, 20V4000M93L;1701794, 1705534, 1709274, 1713020, 1801995, 1805654;237, 633, 1029, 1425, 1348, 1728;"{""total_rows"":6,""count_ok_importar"":0,""count_ok_eliminar"":0,""count_pending"":6,""count_review_action"":6,""count_other"":6}";pending_review;qa_pending_or_review_found
XP59618300010STRAINER;;;;pending_review;qa_pending_or_review_found;false;6;20V4000M93, 20V4000M93L;1701801, 1705540, 1709280, 1713026, 1801953, 1805611;237, 633, 1029, 1425, 1348, 1728;"{""total_rows"":6,""count_ok_importar"":0,""count_ok_eliminar"":0,""count_pending"":6,""count_review_action"":6,""count_other"":6}";pending_review;qa_pending_or_review_found
XP59618300011WASHER;;;;pending_review;qa_pending_or_review_found;false;6;20V4000M93, 20V4000M93L;1701840, 1705580, 1709319, 1713065, 1801996, 1805655;237, 633, 1029, 1425, 1348, 1728;"{""total_rows"":6,""count_ok_importar"":0,""count_ok_eliminar"":0,""count_pending"":6,""count_review_action"":6,""count_other"":6}";pending_review;qa_pending_or_review_found
XP59618300012NUT;;;;pending_review;qa_pending_or_review_found;false;6;20V4000M93, 20V4000M93L;1701841, 1705581, 1709320, 1713066, 1801997, 1805656;237, 633, 1029, 1425, 1348, 1728;"{""total_rows"":6,""count_ok_importar"":0,""count_ok_eliminar"":0,""count_pending"":6,""count_review_action"":6,""count_other"":6}";pending_review;qa_pending_or_review_found
XP59618300014WASHER;;;;pending_review;qa_pending_or_review_found;false;6;20V4000M93, 20V4000M93L;1701844, 1705584, 1709323, 1713069, 1802000, 1805659;237, 633, 1029, 1425, 1348, 1728;"{""total_rows"":6,""count_ok_importar"":0,""count_ok_eliminar"":0,""count_pending"":6,""count_review_action"":6,""count_other"":6}";pending_review;qa_pending_or_review_found
XP59618300015NOZZLE;;;130.000 g;pending_review;qa_pending_or_review_found;false;6;20V4000M93, 20V4000M93L;1701850, 1705590, 1709330, 1713075, 1802011, 1805670;238, 634, 1030, 1426, 1349, 1729;"{""total_rows"":6,""count_ok_importar"":0,""count_ok_eliminar"":0,""count_pending"":6,""count_review_action"":6,""count_other"":6}";pending_review;qa_pending_or_review_found
XP59618300018FILTER HO;;;;pending_review;qa_pending_or_review_found;false;2;20V4000M93L;1802020, 1805679;1349, 1729;"{""total_rows"":2,""count_ok_importar"":0,""count_ok_eliminar"":0,""count_pending"":2,""count_review_action"":2,""count_other"":2}";pending_review;qa_pending_or_review_found
XP59618300018FILTER HOUSING;;;;pending_review;qa_pending_or_review_found;false;4;20V4000M93;1701863, 1705603, 1709343, 1713088;238, 634, 1030, 1426;"{""total_rows"":4,""count_ok_importar"":0,""count_ok_eliminar"":0,""count_pending"":4,""count_review_action"":4,""count_other"":4}";pending_review;qa_pending_or_review_found
XP59618300034CONNECTING P;;;;pending_review;qa_pending_or_review_found;false;4;20V4000M93;1701797, 1705537, 1709277, 1713023;237, 633, 1029, 1425;"{""total_rows"":4,""count_ok_importar"":0,""count_ok_eliminar"":0,""count_pending"":4,""count_review_action"":4,""count_other"":4}";pending_review;qa_pending_or_review_found
XP59618300036VALVE HO;;;;pending_review;qa_pending_or_review_found;false;3;16V4000M73;1401688, 1404857, 1408035;222, 576, 931;"{""total_rows"":3,""count_ok_importar"":0,""count_ok_eliminar"":0,""count_pending"":3,""count_review_action"":3,""count_other"":3}";pending_review;qa_pending_or_review_found
XP59618300036VALVE HOUSING;;;;pending_review;qa_pending_or_review_found;false;4;20V4000M93;1701859, 1705599, 1709339, 1713084;238, 634, 1030, 1426;"{""total_rows"":4,""count_ok_importar"":0,""count_ok_eliminar"":0,""count_pending"":4,""count_review_action"":4,""count_other"":4}";pending_review;qa_pending_or_review_found
XP59618300037PLUG;;;;pending_review;qa_pending_or_review_found;false;7;16V4000M73, 20V4000M93;1401689, 1404858, 1408036, 1701860, 1705600, 1709340, 1713085;222, 576, 931, 238, 634, 1030, 1426;"{""total_rows"":7,""count_ok_importar"":0,""count_ok_eliminar"":0,""count_pending"":7,""count_review_action"":7,""count_other"":7}";pending_review;qa_pending_or_review_found
XP59618300038BALL;;;;pending_review;qa_pending_or_review_found;false;7;16V4000M73, 20V4000M93;1401690, 1404859, 1408037, 1701861, 1705601, 1709341, 1713086;223, 577, 932, 238, 634, 1030, 1426;"{""total_rows"":7,""count_ok_importar"":0,""count_ok_eliminar"":0,""count_pending"":7,""count_review_action"":7,""count_other"":7}";pending_review;qa_pending_or_review_found
XP59618300039PRESSURE SPRING;;;;pending_review;qa_pending_or_review_found;false;7;16V4000M73, 20V4000M93;1401691, 1404860, 1408038, 1701862, 1705602, 1709342, 1713087;223, 577, 932, 238, 634, 1030, 1426;"{""total_rows"":7,""count_ok_importar"":0,""count_ok_eliminar"":0,""count_pending"":7,""count_review_action"":7,""count_other"":7}";pending_review;qa_pending_or_review_found
XP59699100499BUSHING;;;;pending_review;qa_pending_or_review_found;false;3;16V4000M73;1401661, 1404830, 1408008;222, 576, 931;"{""total_rows"":3,""count_ok_importar"":0,""count_ok_eliminar"":0,""count_pending"":3,""count_review_action"":3,""count_other"":3}";pending_review;qa_pending_or_review_found
XP59699100499BUSHING COMP;;;;pending_review;qa_pending_or_review_found;false;4;20V4000M93;1701836, 1705576, 1709315, 1713061;237, 633, 1029, 1425;"{""total_rows"":4,""count_ok_importar"":0,""count_ok_eliminar"":0,""count_pending"":4,""count_review_action"":4,""count_other"":4}";pending_review;qa_pending_or_review_found
XT3499100004BUSHING;;;325.800 g;pending_review;qa_pending_or_review_found;false;9;20V4000M93;1704722, 1704781, 1704840, 1708462, 1708521, 1708580, 1712209, 1712269, 1712329;543, 546, 549, 939, 942, 945, 1335, 1338, 1341;"{""total_rows"":9,""count_ok_importar"":0,""count_ok_eliminar"":0,""count_pending"":9,""count_review_action"":9,""count_other"":9}";pending_review;qa_pending_or_review_found
XT3499100005BUSHING;;;204.000 g;pending_review;qa_pending_or_review_found;false;9;20V4000M93;1704721, 1704780, 1704839, 1708461, 1708520, 1708579, 1712208, 1712268, 1712328;543, 546, 549, 939, 942, 945, 1335, 1338, 1341;"{""total_rows"":9,""count_ok_importar"":0,""count_ok_eliminar"":0,""count_pending"":9,""count_review_action"":9,""count_other"":9}";pending_review;qa_pending_or_review_found
Z=30022 NUT;;;4.600 g;pending_review;qa_pending_or_review_found;false;9;16V4000M73, 20V4000M93, 20V4000M93L;1401658, 1404827, 1408005, 1701833, 1705573, 1709312, 1713058, 1801987, 1805646;222, 576, 931, 237, 633, 1029, 1425, 1348, 1728;"{""total_rows"":9,""count_ok_importar"":0,""count_ok_eliminar"":0,""count_pending"":9,""count_review_action"":9,""count_other"":9}";pending_review;qa_pending_or_review_found
Z=169651-7 8490910009 Z=161901-4 8490910011 Z=255719-7 8490910022 000910999015 007603014102 007603021100;;nan;nan;pending_review;qa_pending_or_review_found;false;2;12V4000M70;1901427, 1903814;209, 546;"{""total_rows"":2,""count_ok_importar"":0,""count_ok_eliminar"":0,""count_pending"":2,""count_review_action"":2,""count_other"":2}";pending_review;qa_pending_or_review_found
